case_id,feature,observed_value,pred_mean,pred_median,pred_std,pred_ci50_low,pred_ci50_high,pred_ci90_low,pred_ci90_high,pred_width50,pred_width90,covered50,covered90,err_mean,err_median,abs_err_median,sq_err_median,true_beta,true_gamma,true_R0,beta_ref,gamma_ref,R0_ref,beta_seir,gamma_seir,sigma_seir,sigma,severity,reference_mode,reference_window_days,projection_loss
0,peak_time,46.0,25.26,24.5,16.298738874185602,11.0,41.0,1.0,48.0,30.0,47.0,0.0,1.0,-20.74,-21.5,21.5,462.25,0.10217909600598511,0.15803588296898685,0.6465563015586584,0.10217909600598511,0.15803588296898685,0.6465563015586584,0.26104133230789256,0.33796092457181953,0.46681710028587126,0.46681710028587126,mild,full_curve,50,1.06204428280101e-06
0,peak_height,0.06376466900110245,0.06052573747932911,0.051395686343312263,0.0333722627330586,0.04299330897629261,0.0624035969376564,0.03539754021912813,0.11496475525200366,0.019410287961363792,0.07956721503287553,0.0,1.0,-0.0032389315217733403,-0.012368982657790184,0.012368982657790184,0.00015299173198871432,0.10217909600598511,0.15803588296898685,0.6465563015586584,0.10217909600598511,0.15803588296898685,0.6465563015586584,0.26104133230789256,0.33796092457181953,0.46681710028587126,0.46681710028587126,mild,full_curve,50,1.06204428280101e-06
0,cumulative_infected,0.6338964029200724,0.7918571673139013,0.501730585237965,0.7811668404573294,0.4021591694399831,0.7240854618285084,0.33176592778836494,1.9864390225862723,0.3219262923885253,1.6546730947979074,1.0,1.0,0.1579607643938289,-0.13216581768210744,0.13216581768210744,0.017467803363580066,0.10217909600598511,0.15803588296898685,0.6465563015586584,0.10217909600598511,0.15803588296898685,0.6465563015586584,0.26104133230789256,0.33796092457181953,0.46681710028587126,0.46681710028587126,mild,full_curve,50,1.06204428280101e-06
0,early_growth_slope,-0.0024769834874729998,-0.0007550923532662193,-0.0007313194551638188,0.0023005030847568757,-0.002677642916318116,0.0008079213016788432,-0.004425114914851115,0.0025633918406951805,0.003485564217996959,0.006988506755546296,1.0,1.0,0.0017218911342067804,0.001745664032309181,0.001745664032309181,3.0473429136979494e-06,0.10217909600598511,0.15803588296898685,0.6465563015586584,0.10217909600598511,0.15803588296898685,0.6465563015586584,0.26104133230789256,0.33796092457181953,0.46681710028587126,0.46681710028587126,mild,full_curve,50,1.06204428280101e-06
1,peak_time,28.0,29.3,29.0,2.3159525823376357,28.0,31.0,26.0,33.0,3.0,7.0,1.0,1.0,1.3000000000000007,1.0,1.0,1.0,0.27590492829114316,0.08590623256536731,3.2116986166423147,0.27590492829114316,0.08590623256536731,3.2116986166423147,0.38426463760700225,0.09375293050568131,0.47392413548110607,0.47392413548110607,mild,full_curve,50,0.003999193077305436
1,peak_height,0.35589128732681274,0.37351367816329,0.3718061298131943,0.03865343276782186,0.3521478697657585,0.3966477960348129,0.31598984748125075,0.4393936306238174,0.04449992626905441,0.12340378314256667,1.0,1.0,0.017622390836477264,0.01591484248638153,0.01591484248638153,0.00025328221136633466,0.27590492829114316,0.08590623256536731,3.2116986166423147,0.27590492829114316,0.08590623256536731,3.2116986166423147,0.38426463760700225,0.09375293050568131,0.47392413548110607,0.47392413548110607,mild,full_curve,50,0.003999193077305436
1,cumulative_infected,9.002991596236825,9.742917101011335,9.694599972106516,0.9606758916754993,9.103074115992058,10.424344756131177,8.32390467161822,11.326046895002946,1.3212706401391188,3.002142223384727,0.0,1.0,0.7399255047745097,0.6916083758696914,0.6916083758696914,0.4783221455731123,0.27590492829114316,0.08590623256536731,3.2116986166423147,0.27590492829114316,0.08590623256536731,3.2116986166423147,0.38426463760700225,0.09375293050568131,0.47392413548110607,0.47392413548110607,mild,full_curve,50,0.003999193077305436
1,early_growth_slope,0.005650129116561617,0.0036153225851410843,0.0035631345880184585,0.0027582360750046933,0.0016896885385254542,0.005602132868564997,-0.0005563441476191461,0.00808972729580654,0.003912444330039543,0.008646071443425687,0.0,1.0,-0.002034806531420533,-0.002086994528543159,0.002086994528543159,4.355546162169082e-06,0.27590492829114316,0.08590623256536731,3.2116986166423147,0.27590492829114316,0.08590623256536731,3.2116986166423147,0.38426463760700225,0.09375293050568131,0.47392413548110607,0.47392413548110607,mild,full_curve,50,0.003999193077305436
2,peak_time,4.0,20.81,19.0,14.84580340661558,7.75,32.0,1.0,45.0,24.25,44.0,0.0,1.0,16.81,15.0,15.0,225.0,0.28273312132289574,0.26971211118984095,1.0482774395098993,0.28273312132289574,0.26971211118984095,1.0482774395098993,0.13019504140257454,0.13768807731046862,0.5576761679005158,0.5576761679005158,mild,full_curve,50,1.4625714096311901e-05
2,peak_height,0.06627098470926285,0.051338702514767645,0.04896967671811581,0.014594580641376117,0.042025135830044746,0.055071668699383736,0.035650011338293555,0.0704452384263277,0.01304653286933899,0.03479522708803415,0.0,1.0,-0.014932282194495203,-0.01730130799114704,0.01730130799114704,0.00029933525820452847,0.28273312132289574,0.26971211118984095,1.0482774395098993,0.28273312132289574,0.26971211118984095,1.0482774395098993,0.13019504140257454,0.13768807731046862,0.5576761679005158,0.5576761679005158,mild,full_curve,50,1.4625714096311901e-05
2,cumulative_infected,0.5286487601988483,0.5892184820934108,0.4750625827291515,0.373554896718926,0.41905363828118425,0.5997214125818573,0.3518098574102623,1.1423826343729155,0.18066777430067305,0.7905727769626532,1.0,1.0,0.060569721894562445,-0.05358617746969685,0.05358617746969685,0.0028714784158138463,0.28273312132289574,0.26971211118984095,1.0482774395098993,0.28273312132289574,0.26971211118984095,1.0482774395098993,0.13019504140257454,0.13768807731046862,0.5576761679005158,0.5576761679005158,mild,full_curve,50,1.4625714096311901e-05
2,early_growth_slope,0.004194205837501654,-0.0002842985735662202,-0.00042608221771106786,0.0020831761281825453,-0.001648211765010879,0.0011431922199941862,-0.003638468811377172,0.002988203805649563,0.002791403985005065,0.006626672617026735,0.0,0.0,-0.0044785044110678745,-0.004620288055212722,0.004620288055212722,2.1347061713141356e-05,0.28273312132289574,0.26971211118984095,1.0482774395098993,0.28273312132289574,0.26971211118984095,1.0482774395098993,0.13019504140257454,0.13768807731046862,0.5576761679005158,0.5576761679005158,mild,full_curve,50,1.4625714096311901e-05
3,peak_time,44.0,30.65,31.0,8.562751139132041,26.0,35.25,16.8,43.05,9.25,26.249999999999996,0.0,0.0,-13.350000000000001,-13.0,13.0,169.0,0.28004145296767047,0.19391164818898185,1.4441703506885182,0.28004145296767047,0.19391164818898185,1.4441703506885182,0.41698839604645543,0.25440669602818106,0.4381399177847519,0.4381399177847519,mild,full_curve,50,0.00010167869545293193
3,peak_height,0.08868054300546646,0.11874819293618202,0.10907605662941933,0.0581281317793012,0.07902096398174763,0.13892145082354546,0.0570876145735383,0.2077410638332366,0.05990048684179783,0.15065344925969829,1.0,1.0,0.030067649930715562,0.020395513623952866,0.020395513623952866,0.00041597697598484695,0.28004145296767047,0.19391164818898185,1.4441703506885182,0.28004145296767047,0.19391164818898185,1.4441703506885182,0.41698839604645543,0.25440669602818106,0.4381399177847519,0.4381399177847519,mild,full_curve,50,0.00010167869545293193
3,cumulative_infected,1.8815453462302685,2.675663857662157,2.4118415192933753,1.6611171823830495,1.4078150276618544,3.3921043941227254,0.850063568004407,5.359943519884834,1.984289366460871,4.509879951880428,1.0,1.0,0.7941185114318885,0.5302961730631068,0.5302961730631068,0.2812140311653766,0.28004145296767047,0.19391164818898185,1.4441703506885182,0.28004145296767047,0.19391164818898185,1.4441703506885182,0.41698839604645543,0.25440669602818106,0.4381399177847519,0.4381399177847519,mild,full_curve,50,0.00010167869545293193
3,early_growth_slope,0.0005497790268799737,0.0013381014968328084,0.0011704527693966946,0.0027397932546649817,-0.0007041286666034939,0.0034710319889113416,-0.002577775172522662,0.006042694554309404,0.004175160655514836,0.008620469726832065,1.0,1.0,0.0007883224699528346,0.0006206737425167208,0.0006206737425167208,3.8523589464971266e-07,0.28004145296767047,0.19391164818898185,1.4441703506885182,0.28004145296767047,0.19391164818898185,1.4441703506885182,0.41698839604645543,0.25440669602818106,0.4381399177847519,0.4381399177847519,mild,full_curve,50,0.00010167869545293193
4,peak_time,20.0,17.87,18.0,1.7035613320691487,17.0,19.0,15.0,21.0,2.0,6.0,0.0,1.0,-2.129999999999999,-2.0,2.0,4.0,0.47431440619496995,0.20108706555465689,2.3587514437424018,0.47431440619496995,0.20108706555465689,2.3587514437424018,0.917557242696752,0.24002109931769794,0.37292814594527823,0.37292814594527823,mild,full_curve,50,0.005385389471481629
4,peak_height,0.2532157003879547,0.226728353202343,0.2261352762579918,0.01693340878409417,0.21550661697983742,0.23691512271761894,0.19945817664265633,0.252351938188076,0.021408505737781525,0.052893761545419665,0.0,0.0,-0.026487347185611715,-0.02708042412996292,0.02708042412996292,0.000733349371058678,0.47431440619496995,0.20108706555465689,2.3587514437424018,0.47431440619496995,0.20108706555465689,2.3587514437424018,0.917557242696752,0.24002109931769794,0.37292814594527823,0.37292814594527823,mild,full_curve,50,0.005385389471481629
4,cumulative_infected,4.283740822749678,4.155159621892271,4.1317932094680145,0.2103327056382757,4.030571294031688,4.310104905511253,3.8351230637868867,4.457094000387587,0.27953361147956457,0.6219709366007007,1.0,1.0,-0.12858120085740676,-0.1519476132816635,0.1519476132816635,0.023088077181993964,0.47431440619496995,0.20108706555465689,2.3587514437424018,0.47431440619496995,0.20108706555465689,2.3587514437424018,0.917557242696752,0.24002109931769794,0.37292814594527823,0.37292814594527823,mild,full_curve,50,0.005385389471481629
4,early_growth_slope,0.011303103520601453,0.005922712294522214,0.005858783923377771,0.002684777810775304,0.004290847821504854,0.00789722798868925,0.0020050285923172775,0.009894075412913,0.003606380167184396,0.007889046820595722,0.0,0.0,-0.005380391226079239,-0.0054443195972236815,0.0054443195972236815,2.964061587671383e-05,0.47431440619496995,0.20108706555465689,2.3587514437424018,0.47431440619496995,0.20108706555465689,2.3587514437424018,0.917557242696752,0.24002109931769794,0.37292814594527823,0.37292814594527823,mild,full_curve,50,0.005385389471481629
5,peak_time,22.0,19.45,19.0,2.1432298858112127,18.0,21.0,16.0,22.049999999999997,3.0,6.049999999999997,0.0,1.0,-2.5500000000000007,-3.0,3.0,9.0,0.46007280569080267,0.23607974627710615,1.948802525188999,0.46007280569080267,0.23607974627710615,1.948802525188999,0.8360565185976389,0.2979746339392359,0.4036728828346258,0.4036728828346258,mild,full_curve,50,0.002826421231573174
5,peak_height,0.183195561170578,0.1721403993666172,0.17279772460460663,0.016853359959714903,0.1610778570175171,0.18397387489676476,0.14222238436341286,0.20136971101164816,0.022896017879247665,0.0591473266482353,1.0,1.0,-0.011055161803960795,-0.010397836565971375,0.010397836565971375,0.00010811500525265139,0.46007280569080267,0.23607974627710615,1.948802525188999,0.46007280569080267,0.23607974627710615,1.948802525188999,0.8360565185976389,0.2979746339392359,0.4036728828346258,0.4036728828346258,mild,full_curve,50,0.002826421231573174
5,cumulative_infected,3.249891626648605,3.2903569134180906,3.2797316913492978,0.2638112832510511,3.111835745861754,3.4655590602196753,2.866683794936398,3.6958399398485198,0.3537233143579215,0.8291561449121216,1.0,1.0,0.04046528676948569,0.029840064700692892,0.029840064700692892,0.000890429461341538,0.46007280569080267,0.23607974627710615,1.948802525188999,0.46007280569080267,0.23607974627710615,1.948802525188999,0.8360565185976389,0.2979746339392359,0.4036728828346258,0.4036728828346258,mild,full_curve,50,0.002826421231573174
5,early_growth_slope,0.005050676863729244,0.00398432043007233,0.0038448050992363797,0.002531280144156149,0.002251678165824463,0.005947443822930965,-0.0005331006316867238,0.007501222503404796,0.0036957656571065018,0.00803432313509152,1.0,1.0,-0.0010663564336569143,-0.0012058717644928643,0.0012058717644928643,1.454126712401134e-06,0.46007280569080267,0.23607974627710615,1.948802525188999,0.46007280569080267,0.23607974627710615,1.948802525188999,0.8360565185976389,0.2979746339392359,0.4036728828346258,0.4036728828346258,mild,full_curve,50,0.002826421231573174
6,peak_time,47.0,21.53,22.5,13.587319548949031,9.0,30.5,2.0,43.05,21.5,41.05,0.0,0.0,-25.47,-24.5,24.5,600.25,0.3690202955526559,0.29394629792471444,1.25540038489333,0.3690202955526559,0.29394629792471444,1.25540038489333,0.7221485915160983,0.4838620984718143,0.3977731728102294,0.3977731728102294,mild,full_curve,50,0.0002570717424174374
6,peak_height,0.06914778798818588,0.07332845892757177,0.05820940248668194,0.04303168860354347,0.0481854472309351,0.08136331662535667,0.039684193395078185,0.15878568068146698,0.03317786939442158,0.1191014872863888,1.0,1.0,0.004180670939385886,-0.010938385501503944,0.010938385501503944,0.0001196482773795117,0.3690202955526559,0.29394629792471444,1.25540038489333,0.3690202955526559,0.29394629792471444,1.25540038489333,0.7221485915160983,0.4838620984718143,0.3977731728102294,0.3977731728102294,mild,full_curve,50,0.0002570717424174374
6,cumulative_infected,1.1910330062964931,1.28885813687255,0.8361828814959154,1.2084935173644733,0.5786658567594714,1.3645540369616356,0.3827054933135514,4.047900504549033,0.7858881802021642,3.6651950112354816,1.0,1.0,0.0978251305760569,-0.35485012480057776,0.35485012480057776,0.12591861107098562,0.3690202955526559,0.29394629792471444,1.25540038489333,0.3690202955526559,0.29394629792471444,1.25540038489333,0.7221485915160983,0.4838620984718143,0.3977731728102294,0.3977731728102294,mild,full_curve,50,0.0002570717424174374
6,early_growth_slope,0.0026167676551267496,0.0004916712399504578,0.00023187214364519507,0.0027387528601362306,-0.001386034496438999,0.0020418503097191978,-0.003411375149430349,0.005499341177554534,0.0034278848061581966,0.008910716326984883,0.0,1.0,-0.0021250964151762917,-0.0023848955114815548,0.0023848955114815548,5.6877266006848665e-06,0.3690202955526559,0.29394629792471444,1.25540038489333,0.3690202955526559,0.29394629792471444,1.25540038489333,0.7221485915160983,0.4838620984718143,0.3977731728102294,0.3977731728102294,mild,full_curve,50,0.0002570717424174374
7,peak_time,24.0,23.75,24.0,2.815451593753243,22.0,26.0,19.95,28.049999999999997,4.0,8.099999999999998,1.0,1.0,-0.25,0.0,0.0,0.0,0.3642153143195829,0.17485184619834984,2.08299381584122,0.3642153143195829,0.17485184619834984,2.08299381584122,0.5203767225037499,0.2023453575170162,0.5385730693611461,0.5385730693611461,mild,full_curve,50,0.001880246022804055
7,peak_height,0.21686312556266785,0.20337315037846565,0.20558663457632065,0.018153290728496953,0.18930867686867714,0.21686122938990593,0.1729199171066284,0.23029118552803993,0.02755255252122879,0.05737126842141152,0.0,1.0,-0.013489975184202196,-0.011276490986347198,0.011276490986347198,0.0001271592489651696,0.3642153143195829,0.17485184619834984,2.08299381584122,0.3642153143195829,0.17485184619834984,2.08299381584122,0.5203767225037499,0.2023453575170162,0.5385730693611461,0.5385730693611461,mild,full_curve,50,0.001880246022804055
7,cumulative_infected,4.352959826588631,4.53176702839446,4.529026289121248,0.32142058213486413,4.314648544881493,4.7088736722798785,3.958215463696979,5.065335970249725,0.39422512739838567,1.107120506552746,1.0,1.0,0.17880720180582976,0.17606646253261715,0.17606646253261715,0.030999399228749478,0.3642153143195829,0.17485184619834984,2.08299381584122,0.3642153143195829,0.17485184619834984,2.08299381584122,0.5203767225037499,0.2023453575170162,0.5385730693611461,0.5385730693611461,mild,full_curve,50,0.001880246022804055
7,early_growth_slope,0.0047825095928904675,0.0029099506646733586,0.002619731485971162,0.0026234464985313644,0.000926313600367785,0.004634202962604051,-0.0008336758120484376,0.007429105232170381,0.003707889362236266,0.008262781044218818,0.0,1.0,-0.001872558928217109,-0.0021627781069193056,0.0021627781069193056,4.677609139769455e-06,0.3642153143195829,0.17485184619834984,2.08299381584122,0.3642153143195829,0.17485184619834984,2.08299381584122,0.5203767225037499,0.2023453575170162,0.5385730693611461,0.5385730693611461,mild,full_curve,50,0.001880246022804055
8,peak_time,26.0,25.38,25.0,1.9836707123284083,24.0,27.0,22.0,28.049999999999997,3.0,6.049999999999997,1.0,1.0,-0.620000000000001,-1.0,1.0,1.0,0.3308475517545663,0.11690296657408757,2.8301039866673596,0.3308475517545663,0.11690296657408757,2.8301039866673596,0.4925504189295422,0.12980289857070007,0.4568901362400161,0.4568901362400161,mild,full_curve,50,0.005692089734889983
8,peak_height,0.3153233528137207,0.3021727031469345,0.30297061800956726,0.02184407539055158,0.28958312422037125,0.3158053979277611,0.26753439009189606,0.3386409029364586,0.02622227370738983,0.07110651284456254,1.0,1.0,-0.013150649666786196,-0.012352734804153442,0.012352734804153442,0.00015259005714174378,0.3308475517545663,0.11690296657408757,2.8301039866673596,0.3308475517545663,0.11690296657408757,2.8301039866673596,0.4925504189295422,0.12980289857070007,0.4568901362400161,0.4568901362400161,mild,full_curve,50,0.005692089734889983
8,cumulative_infected,7.1217989777214825,7.345117049851687,7.342773939366452,0.5070233613809831,7.043960688402876,7.624190228059888,6.443573875376023,8.18621808886528,0.5802295396570116,1.7426442134892568,1.0,1.0,0.22331807213020483,0.22097496164496988,0.22097496164496988,0.04882993367399591,0.3308475517545663,0.11690296657408757,2.8301039866673596,0.3308475517545663,0.11690296657408757,2.8301039866673596,0.4925504189295422,0.12980289857070007,0.4568901362400161,0.4568901362400161,mild,full_curve,50,0.005692089734889983
8,early_growth_slope,0.004810339072719215,0.0043003032268301425,0.004705754867505414,0.002735823826339236,0.00250671413682756,0.006111454800009682,-0.0006091268184328715,0.008510476420633493,0.0036047406631821224,0.009119603239066364,1.0,1.0,-0.0005100358458890722,-0.0001045842052138004,0.0001045842052138004,1.0937855980202313e-08,0.3308475517545663,0.11690296657408757,2.8301039866673596,0.3308475517545663,0.11690296657408757,2.8301039866673596,0.4925504189295422,0.12980289857070007,0.4568901362400161,0.4568901362400161,mild,full_curve,50,0.005692089734889983
9,peak_time,20.0,19.26,19.0,1.9777550787484155,18.0,21.0,16.0,22.0,3.0,6.0,1.0,1.0,-0.7399999999999984,-1.0,1.0,1.0,0.442442660158169,0.19249874844423548,2.2984183727632868,0.442442660158169,0.19249874844423548,2.2984183727632868,0.8213335072767307,0.23056740893602845,0.3735101333799725,0.3735101333799725,mild,full_curve,50,0.005177520171668684
9,peak_height,0.2417287826538086,0.21701149836182596,0.21587571501731873,0.016134102154963383,0.20599403977394104,0.22630640119314194,0.19336371049284934,0.2470884695649147,0.020312361419200897,0.053724759072065364,0.0,1.0,-0.02471728429198264,-0.025853067636489868,0.025853067636489868,0.0006683811062169198,0.442442660158169,0.19249874844423548,2.2984183727632868,0.442442660158169,0.19249874844423548,2.2984183727632868,0.8213335072767307,0.23056740893602845,0.3735101333799725,0.3735101333799725,mild,full_curve,50,0.005177520171668684
9,cumulative_infected,4.2887310571968555,4.165365001185274,4.172560966340825,0.2479642999255804,3.995872830506414,4.31969853217015,3.751369131577667,4.5295586552354505,0.32382570166373625,0.7781895236577836,1.0,1.0,-0.1233660560115819,-0.11617009085603058,0.11617009085603058,0.013495490009498401,0.442442660158169,0.19249874844423548,2.2984183727632868,0.442442660158169,0.19249874844423548,2.2984183727632868,0.8213335072767307,0.23056740893602845,0.3735101333799725,0.3735101333799725,mild,full_curve,50,0.005177520171668684
9,early_growth_slope,0.003276151871042591,0.00488104701641313,0.005427002312249638,0.0029064071145004427,0.0027129247637709517,0.006513800965400322,0.00038793555397118805,0.00936220412591605,0.0038008762016293707,0.008974268571944864,1.0,1.0,0.0016048951453705388,0.0021508504412070467,0.0021508504412070467,4.626157620440548e-06,0.442442660158169,0.19249874844423548,2.2984183727632868,0.442442660158169,0.19249874844423548,2.2984183727632868,0.8213335072767307,0.23056740893602845,0.3735101333799725,0.3735101333799725,mild,full_curve,50,0.005177520171668684
10,peak_time,1.0,21.25,19.0,16.61773118987637,4.0,37.0,0.0,48.0,33.0,48.0,0.0,1.0,20.25,18.0,18.0,324.0,0.1,0.13837662980473844,0.7226653817274548,0.1,0.13837662980473844,0.7226653817274548,0.388590108705298,0.42157454286836554,0.3517868432095504,0.3517868432095504,mild,full_curve,50,3.5041445823970445e-05
10,peak_height,0.040596555918455124,0.054142507519572974,0.050271445885300636,0.018520256254482385,0.04254860244691372,0.057527524419128895,0.03430358972400427,0.08826450332999229,0.014978921972215176,0.05396091360598802,0.0,1.0,0.01354595160111785,0.009674889966845512,0.009674889966845512,9.360349587056796e-05,0.1,0.13837662980473844,0.7226653817274548,0.1,0.13837662980473844,0.7226653817274548,0.388590108705298,0.42157454286836554,0.3517868432095504,0.3517868432095504,mild,full_curve,50,3.5041445823970445e-05
10,cumulative_infected,0.36910004634410143,0.6196441842616014,0.48409805704432074,0.44967464980405314,0.41226963236249503,0.580666472638768,0.32030003291329195,1.5848549807909869,0.168396840276273,1.264554947877695,0.0,1.0,0.25054413791749996,0.11499801070021931,0.11499801070021931,0.013224542465007755,0.1,0.13837662980473844,0.7226653817274548,0.1,0.13837662980473844,0.7226653817274548,0.388590108705298,0.42157454286836554,0.3517868432095504,0.3517868432095504,mild,full_curve,50,3.5041445823970445e-05
10,early_growth_slope,-0.003890048102697442,-0.000701068924316218,-0.0005248494257795656,0.0020716703544605107,-0.002131080324033974,0.0004911749842687557,-0.003993795640096883,0.002476047219880412,0.00262225530830273,0.006469842859977295,0.0,1.0,0.0031889791783812236,0.003365198676917876,0.003365198676917876,1.1324562135129823e-05,0.1,0.13837662980473844,0.7226653817274548,0.1,0.13837662980473844,0.7226653817274548,0.388590108705298,0.42157454286836554,0.3517868432095504,0.3517868432095504,mild,full_curve,50,3.5041445823970445e-05
11,peak_time,1.0,23.94,23.0,15.618442866552272,10.0,37.25,1.0,48.0,27.25,47.0,0.0,1.0,22.94,22.0,22.0,484.0,0.17246937873528356,0.4092860306561772,0.42139082650530857,0.17246937873528356,0.4092860306561772,0.42139082650530857,0.11489960090513164,0.46824899449326457,0.4107842968704941,0.4107842968704941,mild,full_curve,50,8.925376094210067e-08
11,peak_height,0.049773991107940674,0.056516020726412534,0.04752509295940399,0.033365069272991564,0.04099275637418032,0.057450875639915466,0.03461426869034767,0.103919642791152,0.01645811926573515,0.06930537410080433,1.0,1.0,0.006742029618471861,-0.002248898148536682,0.002248898148536682,5.057542882491717e-06,0.17246937873528356,0.4092860306561772,0.42139082650530857,0.17246937873528356,0.4092860306561772,0.42139082650530857,0.11489960090513164,0.46824899449326457,0.4107842968704941,0.4107842968704941,mild,full_curve,50,8.925376094210067e-08
11,cumulative_infected,0.5269848795142025,0.7143521631907452,0.45426948272506706,0.8244702067335208,0.400745918523171,0.6333540347277449,0.29570620215017696,1.867747012275503,0.2326081162045739,1.5720408101253263,1.0,1.0,0.18736728367654276,-0.07271539678913541,0.07271539678913541,0.005287528930201404,0.17246937873528356,0.4092860306561772,0.42139082650530857,0.17246937873528356,0.4092860306561772,0.42139082650530857,0.11489960090513164,0.46824899449326457,0.4107842968704941,0.4107842968704941,mild,full_curve,50,8.925376094210067e-08
11,early_growth_slope,-0.006085447767483334,-0.0003394571194989798,-0.00031352634756504256,0.002146180574197869,-0.0015664308485568075,0.0009992960604861202,-0.0044872931127125995,0.0027749739120259786,0.0025657269090429277,0.007262267024738579,0.0,0.0,0.005745990647984354,0.005771921419918291,0.005771921419918291,3.331507687771158e-05,0.17246937873528356,0.4092860306561772,0.42139082650530857,0.17246937873528356,0.4092860306561772,0.42139082650530857,0.11489960090513164,0.46824899449326457,0.4107842968704941,0.4107842968704941,mild,full_curve,50,8.925376094210067e-08
12,peak_time,25.0,21.43,20.5,14.448973260506376,9.0,32.25,1.9500000000000002,47.0,23.25,45.05,1.0,1.0,-3.5700000000000003,-4.5,4.5,20.25,0.10697063271422168,0.10892655338483616,0.9820436742939599,0.10697063271422168,0.10892655338483616,0.9820436742939599,0.4408165153540289,0.398979304211287,0.4123385370934392,0.4123385370934392,mild,full_curve,50,2.6208970757921206e-05
12,peak_height,0.06032516807317734,0.060146754533052446,0.055427124723792076,0.024346334728408827,0.04706917516887188,0.06529001705348492,0.03626823369413614,0.10277773216366767,0.018220841884613037,0.06650949846953153,1.0,1.0,-0.00017841354012489152,-0.0048980433493852615,0.0048980433493852615,2.399082865245719e-05,0.10697063271422168,0.10892655338483616,0.9820436742939599,0.10697063271422168,0.10892655338483616,0.9820436742939599,0.4408165153540289,0.398979304211287,0.4123385370934392,0.4123385370934392,mild,full_curve,50,2.6208970757921206e-05
12,cumulative_infected,0.8853072957863333,0.8400780829610085,0.6351832881773589,0.6826883519587962,0.486787161531538,0.867878449964337,0.36440013349092626,1.8807071034039826,0.38109128843279905,1.5163069699130562,0.0,1.0,-0.04522921282532477,-0.25012400760897435,0.25012400760897435,0.06256201918237426,0.10697063271422168,0.10892655338483616,0.9820436742939599,0.10697063271422168,0.10892655338483616,0.9820436742939599,0.4408165153540289,0.398979304211287,0.4123385370934392,0.4123385370934392,mild,full_curve,50,2.6208970757921206e-05
12,early_growth_slope,0.0010660892086369644,0.00022458775666087843,0.00021306465801206373,0.0023020766244754116,-0.0012947349698931361,0.0017793172391109343,-0.0037471236825998224,0.003561158556649821,0.0030740522090040704,0.007308282239249644,1.0,1.0,-0.0008415014519760859,-0.0008530245506249007,0.0008530245506249007,7.276508839688138e-07,0.10697063271422168,0.10892655338483616,0.9820436742939599,0.10697063271422168,0.10892655338483616,0.9820436742939599,0.4408165153540289,0.398979304211287,0.4123385370934392,0.4123385370934392,mild,full_curve,50,2.6208970757921206e-05
13,peak_time,16.0,15.96,16.0,1.2706476516113565,15.0,17.0,14.0,18.0,2.0,4.0,1.0,1.0,-0.03999999999999915,0.0,0.0,0.0,0.4878908724115997,0.10992426412340878,4.438427460054304,0.4878908724115997,0.10992426412340878,4.438427460054304,0.8857494005908546,0.11499398706729289,0.4794584985976301,0.4794584985976301,mild,full_curve,50,0.009834554909983823
13,peak_height,0.48360249400138855,0.44828351140022277,0.4508964270353317,0.02230242820821673,0.4340997189283371,0.4620409831404686,0.4136482685804367,0.48719633668661116,0.0279412642121315,0.07354806810617448,0.0,1.0,-0.03531898260116578,-0.032706066966056824,0.032706066966056824,0.0010696868163881934,0.4878908724115997,0.10992426412340878,4.438427460054304,0.4878908724115997,0.10992426412340878,4.438427460054304,0.8857494005908546,0.11499398706729289,0.4794584985976301,0.4794584985976301,mild,full_curve,50,0.009834554909983823
13,cumulative_infected,8.529487604741007,8.55288806091994,8.532641333760694,0.4685551762935601,8.218287416733801,8.864690807822626,7.903285730885545,9.220636559906415,0.6464033910888247,1.31735082902087,1.0,1.0,0.023400456178933382,0.0031537290196865797,0.0031537290196865797,9.946006729613275e-06,0.4878908724115997,0.10992426412340878,4.438427460054304,0.4878908724115997,0.10992426412340878,4.438427460054304,0.8857494005908546,0.11499398706729289,0.4794584985976301,0.4794584985976301,mild,full_curve,50,0.009834554909983823
13,early_growth_slope,0.0073156319014656,0.014237637847405232,0.014135521531681572,0.0031336291985734604,0.012245095844957088,0.016271104815781912,0.00941696686821247,0.019583614611266443,0.004026008970824824,0.010166647743053973,0.0,0.0,0.006922005945939632,0.006819889630215972,0.006819889630215972,4.651089456832735e-05,0.4878908724115997,0.10992426412340878,4.438427460054304,0.4878908724115997,0.10992426412340878,4.438427460054304,0.8857494005908546,0.11499398706729289,0.4794584985976301,0.4794584985976301,mild,full_curve,50,0.009834554909983823
14,peak_time,20.0,21.02,20.0,8.297474363207204,16.0,24.0,11.75,35.099999999999994,8.0,23.349999999999994,1.0,1.0,1.0199999999999996,0.0,0.0,0.0,0.47746594034313034,0.33802977443851856,1.412496698363986,0.47746594034313034,0.33802977443851856,1.412496698363986,0.8037411183808738,0.47230043301312946,0.5297191505163585,0.5297191505163585,mild,full_curve,50,0.0004063592034174981
14,peak_height,0.07941675186157227,0.07871563356369733,0.07491673529148102,0.01642620226207775,0.06790621764957905,0.08574948459863663,0.059297833032906054,0.11074699349701404,0.01784326694905758,0.05144916046410799,1.0,1.0,-0.0007011182978749336,-0.0045000165700912476,0.0045000165700912476,2.0250149131095796e-05,0.47746594034313034,0.33802977443851856,1.412496698363986,0.47746594034313034,0.33802977443851856,1.412496698363986,0.8037411183808738,0.47230043301312946,0.5297191505163585,0.5297191505163585,mild,full_curve,50,0.0004063592034174981
14,cumulative_infected,1.345600706175901,1.3073485982384592,1.288715179078281,0.2964367793839365,1.104152700805571,1.4648930387338623,0.9341600216925144,1.669628461857792,0.3607403379282914,0.7354684401652775,1.0,1.0,-0.038252107937441826,-0.05688552709762007,0.05688552709762007,0.003235963193174067,0.47746594034313034,0.33802977443851856,1.412496698363986,0.47746594034313034,0.33802977443851856,1.412496698363986,0.8037411183808738,0.47230043301312946,0.5297191505163585,0.5297191505163585,mild,full_curve,50,0.0004063592034174981
14,early_growth_slope,0.0032912328440163805,0.0013421068988845085,0.0016139297298477253,0.0027122815996444014,-0.0001721809026743614,0.003435927277591656,-0.003735490916975925,0.0052570675472712255,0.0036081081802660175,0.00899255846424715,1.0,1.0,-0.001949125945131872,-0.0016773031141686552,0.0016773031141686552,2.813345736799869e-06,0.47746594034313034,0.33802977443851856,1.412496698363986,0.47746594034313034,0.33802977443851856,1.412496698363986,0.8037411183808738,0.47230043301312946,0.5297191505163585,0.5297191505163585,mild,full_curve,50,0.0004063592034174981
15,peak_time,25.0,25.53,27.0,16.3054523941465,9.0,41.0,1.0,48.0,32.0,47.0,1.0,1.0,0.5300000000000011,2.0,2.0,4.0,0.2096174454769769,0.18686973572321203,1.1217303040844364,0.2096174454769769,0.18686973572321203,1.1217303040844364,0.223239646774186,0.19625577667810645,0.5012704136745629,0.5012704136745629,mild,full_curve,50,1.348047730788788e-06
15,peak_height,0.051904093474149704,0.06310625318437815,0.04972590506076813,0.037844031330414606,0.04222685378044844,0.06820648722350597,0.03452570512890816,0.15745602324604982,0.025979633443057537,0.12293031811714167,1.0,1.0,0.011202159710228449,-0.0021781884133815765,0.0021781884133815765,4.74450476418975e-06,0.2096174454769769,0.18686973572321203,1.1217303040844364,0.2096174454769769,0.18686973572321203,1.1217303040844364,0.223239646774186,0.19625577667810645,0.5012704136745629,0.5012704136745629,mild,full_curve,50,1.348047730788788e-06
15,cumulative_infected,0.6043292789254338,0.8693804940869291,0.5205192368885037,0.8632933257063165,0.4367076215585257,0.7723049194610212,0.34117333344183864,2.86274948468781,0.3355972979024955,2.5215761512459713,1.0,1.0,0.2650512151614953,-0.0838100420369301,0.0838100420369301,0.00702412314623199,0.2096174454769769,0.18686973572321203,1.1217303040844364,0.2096174454769769,0.18686973572321203,1.1217303040844364,0.223239646774186,0.19625577667810645,0.5012704136745629,0.5012704136745629,mild,full_curve,50,1.348047730788788e-06
15,early_growth_slope,0.00038251275241020174,-0.0001628796519781596,-7.787325774275107e-06,0.0024159900003317032,-0.0018710479669694206,0.0015100087901893332,-0.0037011130221625966,0.0036099353954168255,0.0033810567571587536,0.007311048417579422,1.0,1.0,-0.0005453924043883614,-0.00039030007818447685,0.00039030007818447685,1.5233415103080874e-07,0.2096174454769769,0.18686973572321203,1.1217303040844364,0.2096174454769769,0.18686973572321203,1.1217303040844364,0.223239646774186,0.19625577667810645,0.5012704136745629,0.5012704136745629,mild,full_curve,50,1.348047730788788e-06
16,peak_time,18.0,17.27,17.0,1.4344604447933613,16.0,18.0,15.0,19.049999999999997,2.0,4.049999999999997,1.0,1.0,-0.7300000000000004,-1.0,1.0,1.0,0.48309534719991537,0.17958852656653632,2.6900123100065185,0.48309534719991537,0.17958852656653632,2.6900123100065185,0.8042367176125458,0.20320599440074216,0.5082286846071968,0.5082286846071968,mild,full_curve,50,0.006238988625647408
16,peak_height,0.31026431918144226,0.2771118439733982,0.27734678983688354,0.019249637155272947,0.26450318843126297,0.290245957672596,0.24743487164378167,0.30327359586954117,0.025742769241333008,0.0558387242257595,0.0,0.0,-0.03315247520804404,-0.032917529344558716,0.032917529344558716,0.0010835637381498842,0.48309534719991537,0.17958852656653632,2.6900123100065185,0.48309534719991537,0.17958852656653632,2.6900123100065185,0.8042367176125458,0.20320599440074216,0.5082286846071968,0.5082286846071968,mild,full_curve,50,0.006238988625647408
16,cumulative_infected,5.045632852939889,4.9559901294679,4.953353108838201,0.27892491489659443,4.793089133803733,5.138920354482252,4.478251072969579,5.405204421069357,0.34583122067851946,0.9269533480997776,1.0,1.0,-0.08964272347198854,-0.09227974410168827,0.09227974410168827,0.00851555117147307,0.48309534719991537,0.17958852656653632,2.6900123100065185,0.48309534719991537,0.17958852656653632,2.6900123100065185,0.8042367176125458,0.20320599440074216,0.5082286846071968,0.5082286846071968,mild,full_curve,50,0.006238988625647408
16,early_growth_slope,0.008283772852293966,0.007685799921782743,0.00783458408633513,0.0026790945034938893,0.0056168943909662115,0.009616481968329198,0.00315694662387527,0.011952514803159004,0.003999587577362986,0.008795568179283734,1.0,1.0,-0.0005979729305112232,-0.00044918876595883596,0.00044918876595883596,2.017705474636219e-07,0.48309534719991537,0.17958852656653632,2.6900123100065185,0.48309534719991537,0.17958852656653632,2.6900123100065185,0.8042367176125458,0.20320599440074216,0.5082286846071968,0.5082286846071968,mild,full_curve,50,0.006238988625647408
17,peak_time,28.0,27.94,28.0,2.299846283840059,26.0,29.0,24.95,32.0,3.0,7.050000000000001,1.0,1.0,-0.05999999999999872,0.0,0.0,0.0,0.28772799934334864,0.08732861987893197,3.2947732340467577,0.28772799934334864,0.08732861987893197,3.2947732340467577,0.40089247552210316,0.09472465032987573,0.4910207613441365,0.4910207613441365,mild,full_curve,50,0.00465278461007539
17,peak_height,0.3609699010848999,0.36175518333911894,0.3659493774175644,0.03452135586958379,0.33924650400877,0.38446731865406036,0.30018169432878494,0.4150663837790489,0.045220814645290375,0.11488468945026398,1.0,1.0,0.000785282254219033,0.00497947633266449,0.00497947633266449,2.4795184547565796e-05,0.28772799934334864,0.08732861987893197,3.2947732340467577,0.28772799934334864,0.08732861987893197,3.2947732340467577,0.40089247552210316,0.09472465032987573,0.4910207613441365,0.4910207613441365,mild,full_curve,50,0.00465278461007539
17,cumulative_infected,8.988756875507534,9.351586786738261,9.50480040628463,0.9007194667414656,8.834138635895215,9.936176089104265,7.892127268039621,10.64702662299387,1.10203745320905,2.754899354954249,1.0,1.0,0.36282991123072783,0.5160435307770967,0.5160435307770967,0.2663009256568924,0.28772799934334864,0.08732861987893197,3.2947732340467577,0.28772799934334864,0.08732861987893197,3.2947732340467577,0.40089247552210316,0.09472465032987573,0.4910207613441365,0.4910207613441365,mild,full_curve,50,0.00465278461007539
17,early_growth_slope,0.005661797909332173,0.0032128246800909566,0.0031646003321622544,0.0028515441592201927,0.001138375660437826,0.005319177111578893,-0.0013352660359703856,0.0075678124476412645,0.004180801451141067,0.00890307848361165,0.0,1.0,-0.002448973229241216,-0.0024971975771699182,0.0024971975771699182,6.23599573942331e-06,0.28772799934334864,0.08732861987893197,3.2947732340467577,0.28772799934334864,0.08732861987893197,3.2947732340467577,0.40089247552210316,0.09472465032987573,0.4910207613441365,0.4910207613441365,mild,full_curve,50,0.00465278461007539
18,peak_time,16.0,21.97,22.0,6.357140262982431,18.0,25.0,12.95,35.05,7.0,22.099999999999998,0.0,1.0,5.969999999999999,6.0,6.0,36.0,0.47496131162272764,0.3199020639958265,1.4847084938749382,0.47496131162272764,0.3199020639958265,1.4847084938749382,0.7709307275198969,0.4292053339236153,0.548099998929187,0.548099998929187,mild,full_curve,50,0.0004928006623202741
18,peak_height,0.090834841132164,0.08890003979206085,0.08786684274673462,0.016994109545955816,0.0750392135232687,0.09992836229503155,0.06572358570992946,0.11680885404348373,0.024889148771762848,0.05108526833355427,1.0,1.0,-0.0019348013401031539,-0.0029679983854293823,0.0029679983854293823,8.80901441591142e-06,0.47496131162272764,0.3199020639958265,1.4847084938749382,0.47496131162272764,0.3199020639958265,1.4847084938749382,0.7709307275198969,0.4292053339236153,0.548099998929187,0.548099998929187,mild,full_curve,50,0.0004928006623202741
18,cumulative_infected,1.7027539289556444,1.6178256385273562,1.5797504860529443,0.31902944744550227,1.38536904216744,1.7932039177976549,1.212711564300116,2.1366886941796106,0.4078348756302148,0.9239771298794945,1.0,1.0,-0.0849282904282882,-0.12300344290270004,0.12300344290270004,0.015129846965917789,0.47496131162272764,0.3199020639958265,1.4847084938749382,0.47496131162272764,0.3199020639958265,1.4847084938749382,0.7709307275198969,0.4292053339236153,0.548099998929187,0.548099998929187,mild,full_curve,50,0.0004928006623202741
18,early_growth_slope,1.3082975610381525e-06,0.0016897693237273247,0.0012527872860941679,0.00252587822561605,-0.00026339908037611645,0.0034976870987780515,-0.0019295991617365742,0.006031128155466699,0.003761086179154168,0.007960727317203273,1.0,1.0,0.0016884610261662866,0.0012514789885331298,0.0012514789885331298,1.5661996587399057e-06,0.47496131162272764,0.3199020639958265,1.4847084938749382,0.47496131162272764,0.3199020639958265,1.4847084938749382,0.7709307275198969,0.4292053339236153,0.548099998929187,0.548099998929187,mild,full_curve,50,0.0004928006623202741
19,peak_time,28.0,26.96,27.0,2.510261767508349,25.0,29.0,23.0,31.0,4.0,8.0,1.0,1.0,-1.0399999999999991,-1.0,1.0,1.0,0.30783775149413356,0.11261523065766949,2.7335356833740034,0.30783775149413356,0.11261523065766949,2.7335356833740034,0.4720703531499616,0.12699829420329395,0.3995374148181529,0.3995374148181529,mild,full_curve,50,0.005258151229724931
19,peak_height,0.2994093596935272,0.29580666542053224,0.2930730730295181,0.026338157566584117,0.2756350710988045,0.31291890889406204,0.25626914352178576,0.337087681889534,0.03728383779525757,0.08081853836774822,1.0,1.0,-0.0036026942729949774,-0.006336286664009094,0.006336286664009094,4.0148528688499496e-05,0.30783775149413356,0.11261523065766949,2.7335356833740034,0.30783775149413356,0.11261523065766949,2.7335356833740034,0.4720703531499616,0.12699829420329395,0.3995374148181529,0.3995374148181529,mild,full_curve,50,0.005258151229724931
19,cumulative_infected,7.0695309694856405,7.3370069219061405,7.322282543987967,0.618839796174601,6.884203554611304,7.753336267080158,6.389498693030328,8.318080667313188,0.8691327124688542,1.92858197428286,1.0,1.0,0.26747595242049993,0.25275157450232655,0.25275157450232655,0.06388335841340513,0.30783775149413356,0.11261523065766949,2.7335356833740034,0.30783775149413356,0.11261523065766949,2.7335356833740034,0.4720703531499616,0.12699829420329395,0.3995374148181529,0.3995374148181529,mild,full_curve,50,0.005258151229724931
19,early_growth_slope,0.0022325061394699993,0.0030331127518097452,0.0032054963078172434,0.0024793486764608085,0.0013253062802721712,0.005083738699990395,-0.000905342945147172,0.006665229232748969,0.0037584324197182236,0.007570572177896142,1.0,1.0,0.0008006066123397459,0.0009729901683472441,0.0009729901683472441,9.467098677003984e-07,0.30783775149413356,0.11261523065766949,2.7335356833740034,0.30783775149413356,0.11261523065766949,2.7335356833740034,0.4720703531499616,0.12699829420329395,0.3995374148181529,0.3995374148181529,mild,full_curve,50,0.005258151229724931
20,peak_time,38.0,23.94,25.0,13.4763691420399,14.75,35.0,1.0,44.0,20.25,43.0,0.0,1.0,-14.059999999999999,-13.0,13.0,169.0,0.3785049833565391,0.30330783403624556,1.2479235314156356,0.3785049833565391,0.30330783403624556,1.2479235314156356,0.6499290594563397,0.45730464610530314,0.48625764204817207,0.48625764204817207,mild,full_curve,50,0.00014120460605899902
20,peak_height,0.06496304273605347,0.07493103915825486,0.06231493316590786,0.0434791214539936,0.051738066598773,0.07833262160420418,0.040183027647435664,0.1636897712945938,0.026594555005431175,0.12350674364715813,1.0,1.0,0.009967996422201392,-0.002648109570145607,0.002648109570145607,7.0124842954967515e-06,0.3785049833565391,0.30330783403624556,1.2479235314156356,0.3785049833565391,0.30330783403624556,1.2479235314156356,0.6499290594563397,0.45730464610530314,0.48625764204817207,0.48625764204817207,mild,full_curve,50,0.00014120460605899902
20,cumulative_infected,1.1630677236244082,1.2850920351786135,0.7876196093857288,1.2665761265091786,0.5252622671941936,1.4569779475568794,0.35820790527995994,3.662441089446656,0.9317156803626858,3.304233184166696,1.0,1.0,0.12202431155420523,-0.3754481142386794,0.3754481142386794,0.14096128648538048,0.3785049833565391,0.30330783403624556,1.2479235314156356,0.3785049833565391,0.30330783403624556,1.2479235314156356,0.6499290594563397,0.45730464610530314,0.48625764204817207,0.48625764204817207,mild,full_curve,50,0.00014120460605899902
20,early_growth_slope,-0.0015485957431207798,0.0001614115872403746,0.00014599932113751074,0.0023777895476035167,-0.0014377910147664967,0.0015239225633974585,-0.0033827396115243768,0.004450444466506485,0.0029617135781639554,0.007833184078030861,0.0,1.0,0.0017100073303611544,0.0016945950642582907,0.0016945950642582907,2.87165243180856e-06,0.3785049833565391,0.30330783403624556,1.2479235314156356,0.3785049833565391,0.30330783403624556,1.2479235314156356,0.6499290594563397,0.45730464610530314,0.48625764204817207,0.48625764204817207,mild,full_curve,50,0.00014120460605899902
21,peak_time,17.0,21.23,19.0,15.156993252107902,7.75,31.5,1.0,46.05,23.75,45.05,1.0,1.0,4.23,2.0,2.0,4.0,0.23294116033784007,0.4429046416750186,0.5259397586281354,0.23294116033784007,0.4429046416750186,0.5259397586281354,0.1863113171088373,0.4910119493814975,0.37527020712550957,0.37527020712550957,mild,full_curve,50,1.5226335129335625e-06
21,peak_height,0.038255978375673294,0.05280413508415222,0.048937808722257614,0.018422296193083623,0.0421703327447176,0.05747397895902395,0.03538656365126371,0.07823880054056644,0.015303646214306355,0.042852236889302724,0.0,1.0,0.014548156708478928,0.01068183034658432,0.01068183034658432,0.0001141014995532097,0.23294116033784007,0.4429046416750186,0.5259397586281354,0.23294116033784007,0.4429046416750186,0.5259397586281354,0.1863113171088373,0.4910119493814975,0.37527020712550957,0.37527020712550957,mild,full_curve,50,1.5226335129335625e-06
21,cumulative_infected,0.30996967235114425,0.584617890069663,0.49758725444007723,0.3801096601509866,0.4277120656115585,0.5861262043181341,0.3305674461123999,1.1886188693577422,0.1584141387065756,0.8580514232453422,0.0,0.0,0.2746482177185188,0.18761758208893298,0.18761758208893298,0.035200357108897504,0.23294116033784007,0.4429046416750186,0.5259397586281354,0.23294116033784007,0.4429046416750186,0.5259397586281354,0.1863113171088373,0.4910119493814975,0.37527020712550957,0.37527020712550957,mild,full_curve,50,1.5226335129335625e-06
21,early_growth_slope,-0.003163045893112817,-0.0004285620222054553,-0.0004341976046340434,0.00226675452185997,-0.0019781736300501494,0.0008910100704746411,-0.0040799258386306,0.003202450512686655,0.0028691837005247905,0.007282376351317255,0.0,1.0,0.0027344838709073616,0.0027288482884787737,0.0027288482884787737,7.446612981533533e-06,0.23294116033784007,0.4429046416750186,0.5259397586281354,0.23294116033784007,0.4429046416750186,0.5259397586281354,0.1863113171088373,0.4910119493814975,0.37527020712550957,0.37527020712550957,mild,full_curve,50,1.5226335129335625e-06
22,peak_time,15.0,15.45,15.0,1.2421470496399742,15.0,16.0,13.95,17.049999999999997,1.0,3.099999999999998,1.0,1.0,0.4499999999999993,0.0,0.0,0.0,0.5238572059014717,0.1577931542466263,3.3198981819116025,0.5238572059014717,0.1577931542466263,3.3198981819116025,0.9252126089336355,0.17198195208524397,0.5084908413636068,0.5084908413636068,mild,full_curve,50,0.00848892658254314
22,peak_height,0.3860713839530945,0.34698395371437074,0.34661027789115906,0.016754045661334854,0.33718714863061905,0.3564561828970909,0.32251950204372404,0.3803851842880249,0.019269034266471863,0.05786568224430089,0.0,0.0,-0.03908743023872374,-0.039461106061935425,0.039461106061935425,0.0015571788916313167,0.5238572059014717,0.1577931542466263,3.3198981819116025,0.5238572059014717,0.1577931542466263,3.3198981819116025,0.9252126089336355,0.17198195208524397,0.5084908413636068,0.5084908413636068,mild,full_curve,50,0.00848892658254314
22,cumulative_infected,6.01880873425398,5.9099257176396165,5.919391181902029,0.2565467552919746,5.702738402120303,6.076400309131714,5.53393087205477,6.2844503676285965,0.3736619070114102,0.7505194955738261,1.0,1.0,-0.10888301661436373,-0.0994175523519516,0.0994175523519516,0.009883849715653037,0.5238572059014717,0.1577931542466263,3.3198981819116025,0.5238572059014717,0.1577931542466263,3.3198981819116025,0.9252126089336355,0.17198195208524397,0.5084908413636068,0.5084908413636068,mild,full_curve,50,0.00848892658254314
22,early_growth_slope,0.0056532236090528635,0.012789874012268703,0.01283963645497958,0.002975423280793931,0.010160039249707813,0.01507000672877655,0.007941143247964128,0.01726124133454591,0.004909967479068737,0.00932009808658178,0.0,0.0,0.00713665040321584,0.007186412845926716,0.007186412845926716,5.164452959210053e-05,0.5238572059014717,0.1577931542466263,3.3198981819116025,0.5238572059014717,0.1577931542466263,3.3198981819116025,0.9252126089336355,0.17198195208524397,0.5084908413636068,0.5084908413636068,mild,full_curve,50,0.00848892658254314
23,peak_time,49.0,28.45,29.0,9.933490948515654,22.75,35.25,11.95,43.099999999999994,12.5,31.149999999999995,0.0,0.0,-20.55,-20.0,20.0,400.0,0.16626905506813158,0.11027888169947009,1.5077143738294776,0.16626905506813158,0.11027888169947009,1.5077143738294776,0.21507551470748892,0.13235491601133975,0.37960648581245215,0.37960648581245215,mild,full_curve,50,3.838051806451544e-08
23,peak_height,0.08229400217533112,0.10390515323728323,0.08579256758093834,0.05165278978276021,0.06221106927841902,0.1357531100511551,0.049090640433132646,0.20215450674295424,0.07354204077273607,0.1530638663098216,1.0,1.0,0.02161115106195212,0.0034985654056072235,0.0034985654056072235,1.2239959897311636e-05,0.16626905506813158,0.11027888169947009,1.5077143738294776,0.16626905506813158,0.11027888169947009,1.5077143738294776,0.21507551470748892,0.13235491601133975,0.37960648581245215,0.37960648581245215,mild,full_curve,50,3.838051806451544e-08
23,cumulative_infected,1.7685118834488094,2.210156287306272,1.7262344754417427,1.537162499648992,0.9417715941526694,3.0674624637467787,0.5562477562780259,5.351862160954624,2.1256908695941092,4.7956144046765985,1.0,1.0,0.44164440385746273,-0.0422774080070667,0.0422774080070667,0.0017873792277959873,0.16626905506813158,0.11027888169947009,1.5077143738294776,0.16626905506813158,0.11027888169947009,1.5077143738294776,0.21507551470748892,0.13235491601133975,0.37960648581245215,0.37960648581245215,mild,full_curve,50,3.838051806451544e-08
23,early_growth_slope,-0.0011930338763964485,0.00038399352891917664,0.0002856387686084161,0.002379917373287391,-0.0013179178742869482,0.0022921237610890317,-0.0033568533583699395,0.004141092626737406,0.0036100416353759797,0.007497945985107345,1.0,1.0,0.0015770274053156252,0.0014786726450048645,0.0014786726450048645,2.186472791085682e-06,0.16626905506813158,0.11027888169947009,1.5077143738294776,0.16626905506813158,0.11027888169947009,1.5077143738294776,0.21507551470748892,0.13235491601133975,0.37960648581245215,0.37960648581245215,mild,full_curve,50,3.838051806451544e-08
24,peak_time,20.0,19.74,19.5,3.10951618569367,18.0,21.0,15.0,26.049999999999997,3.0,11.049999999999997,1.0,1.0,-0.26000000000000156,-0.5,0.5,0.25,0.46618350801571934,0.29362866771907414,1.5876634650051782,0.46618350801571934,0.29362866771907414,1.5876634650051782,0.7255901579361533,0.3765224536314298,0.5713609744914636,0.5713609744914636,mild,full_curve,50,0.000640521471575986
24,peak_height,0.13212713599205017,0.11901093691587449,0.11934202536940575,0.013546586410239656,0.11035983078181744,0.12869727611541748,0.09763438999652863,0.14037885218858717,0.018337445333600044,0.04274446219205855,0.0,1.0,-0.013116199076175686,-0.012785110622644424,0.012785110622644424,0.0001634590536332553,0.46618350801571934,0.29362866771907414,1.5876634650051782,0.46618350801571934,0.29362866771907414,1.5876634650051782,0.7255901579361533,0.3765224536314298,0.5713609744914636,0.5713609744914636,mild,full_curve,50,0.000640521471575986
24,cumulative_infected,2.181290166801773,2.191060770598451,2.2004312760273024,0.24583713098204898,2.0469292862690054,2.3456752015918028,1.7354888894242322,2.6191721670125845,0.2987459153227974,0.8836832775883523,1.0,1.0,0.009770603796678046,0.019141109225529362,0.019141109225529362,0.0003663820623836453,0.46618350801571934,0.29362866771907414,1.5876634650051782,0.46618350801571934,0.29362866771907414,1.5876634650051782,0.7255901579361533,0.3765224536314298,0.5713609744914636,0.5713609744914636,mild,full_curve,50,0.000640521471575986
24,early_growth_slope,-0.00019939791499858677,0.0024589537565935598,0.0023283235939396997,0.0027824191197284164,0.0005598852245990813,0.004138089396292343,-0.0016871879563301001,0.007204638203949711,0.003578204171693262,0.00889182616027981,0.0,1.0,0.0026583516715921467,0.0025277215089382866,0.0025277215089382866,6.389376026749248e-06,0.46618350801571934,0.29362866771907414,1.5876634650051782,0.46618350801571934,0.29362866771907414,1.5876634650051782,0.7255901579361533,0.3765224536314298,0.5713609744914636,0.5713609744914636,mild,full_curve,50,0.000640521471575986
25,peak_time,23.0,19.74,19.0,3.6725022433312047,17.0,22.0,14.95,26.049999999999997,5.0,11.099999999999998,0.0,1.0,-3.2600000000000016,-4.0,4.0,16.0,0.4747209028499267,0.28229493943409,1.6816486466303238,0.4747209028499267,0.28229493943409,1.6816486466303238,0.7241602925207351,0.3521885800426382,0.5994865504034591,0.5994865504034591,mild,full_curve,50,0.0008240482586602837
25,peak_height,0.1338549107313156,0.12769630119204523,0.12547634541988373,0.017216302319239554,0.11572316847741604,0.14047940075397491,0.10124534331262111,0.15303823798894883,0.024756232276558876,0.05179289467632772,1.0,1.0,-0.006158609539270388,-0.008378565311431885,0.008378565311431885,7.020035667792968e-05,0.4747209028499267,0.28229493943409,1.6816486466303238,0.4747209028499267,0.28229493943409,1.6816486466303238,0.7241602925207351,0.3521885800426382,0.5994865504034591,0.5994865504034591,mild,full_curve,50,0.0008240482586602837
25,cumulative_infected,2.336511265253648,2.36391078794461,2.367108190432191,0.24226886311950102,2.1862483725708444,2.530891952017555,1.9836618563672572,2.75723701545503,0.34464357944671065,0.7735751590877729,1.0,1.0,0.02739952269096202,0.030596925178542733,0.030596925178542733,0.0009361718303813422,0.4747209028499267,0.28229493943409,1.6816486466303238,0.4747209028499267,0.28229493943409,1.6816486466303238,0.7241602925207351,0.3521885800426382,0.5994865504034591,0.5994865504034591,mild,full_curve,50,0.0008240482586602837
25,early_growth_slope,0.005788413131432163,0.0028238991185048695,0.002914424206773262,0.0025911365706554348,0.0009570204808066305,0.004912311080954082,-0.0015860347077943414,0.005972993264662188,0.003955290600147451,0.00755902797245653,0.0,1.0,-0.0029645140129272935,-0.002873988924658901,0.002873988924658901,8.259812339062027e-06,0.4747209028499267,0.28229493943409,1.6816486466303238,0.4747209028499267,0.28229493943409,1.6816486466303238,0.7241602925207351,0.3521885800426382,0.5994865504034591,0.5994865504034591,mild,full_curve,50,0.0008240482586602837
26,peak_time,19.0,22.04,21.5,4.4922379745737,19.0,25.0,16.0,30.0,6.0,14.0,1.0,1.0,3.039999999999999,2.5,2.5,6.25,0.42579263954736496,0.266511919032879,1.5976495201133418,0.42579263954736496,0.266511919032879,1.5976495201133418,0.664046959829155,0.3416518139936517,0.5217818689185924,0.5217818689185924,mild,full_curve,50,0.0006847851715096857
26,peak_height,0.12010826915502548,0.11477857701480389,0.11182219907641411,0.017087098224158465,0.10422243364155293,0.12270617857575417,0.0917104933410883,0.14809644892811774,0.01848374493420124,0.05638595558702944,1.0,1.0,-0.005329692140221595,-0.008286070078611374,0.008286070078611374,6.86589573476587e-05,0.42579263954736496,0.266511919032879,1.5976495201133418,0.42579263954736496,0.266511919032879,1.5976495201133418,0.664046959829155,0.3416518139936517,0.5217818689185924,0.5217818689185924,mild,full_curve,50,0.0006847851715096857
26,cumulative_infected,2.2840234766481444,2.274113397104898,2.2437055562086243,0.3060905325140186,2.0589512717851903,2.4367826693342067,1.8328403402448914,2.8248275386635213,0.3778313975490164,0.9919871984186299,1.0,1.0,-0.009910079543246297,-0.040317920439520094,0.040317920439520094,0.0016255347085674722,0.42579263954736496,0.266511919032879,1.5976495201133418,0.42579263954736496,0.266511919032879,1.5976495201133418,0.664046959829155,0.3416518139936517,0.5217818689185924,0.5217818689185924,mild,full_curve,50,0.0006847851715096857
26,early_growth_slope,0.00490731493309362,0.002060849562525756,0.001899112997177456,0.0024950195008926887,5.9153610025186745e-05,0.004066922644380524,-0.0014736857189182899,0.005902813802961082,0.004007769034355338,0.007376499521879372,0.0,1.0,-0.002846465370567864,-0.0030082019359161643,0.0030082019359161643,9.049278887249758e-06,0.42579263954736496,0.266511919032879,1.5976495201133418,0.42579263954736496,0.266511919032879,1.5976495201133418,0.664046959829155,0.3416518139936517,0.5217818689185924,0.5217818689185924,mild,full_curve,50,0.0006847851715096857
27,peak_time,26.0,31.01,31.0,4.377386794825784,28.0,34.0,24.0,38.05,6.0,14.049999999999997,0.0,1.0,5.010000000000002,5.0,5.0,25.0,0.2808045443582939,0.16805428720627802,1.670915684606253,0.2808045443582939,0.16805428720627802,1.670915684606253,0.38430782761335813,0.20172222890674602,0.4994892938550607,0.4994892938550607,mild,full_curve,50,0.00015368126383678637
27,peak_height,0.13725757598876953,0.17376280434429645,0.17000319808721542,0.04012564003731375,0.14662636071443558,0.1908465512096882,0.12063901536166668,0.24607315585017203,0.04422019049525261,0.12543414048850535,0.0,1.0,0.036505228355526914,0.03274562209844589,0.03274562209844589,0.001072275766614228,0.2808045443582939,0.16805428720627802,1.670915684606253,0.2808045443582939,0.16805428720627802,1.670915684606253,0.38430782761335813,0.20172222890674602,0.4994892938550607,0.4994892938550607,mild,full_curve,50,0.00015368126383678637
27,cumulative_infected,3.229178047273308,4.304310566713866,4.279779396718368,1.034944523403389,3.5897268657572567,4.888518533378374,2.733091882802546,6.0537404587492345,1.298791667621117,3.3206485759466884,0.0,1.0,1.075132519440558,1.05060134944506,1.05060134944506,1.103763195455781,0.2808045443582939,0.16805428720627802,1.670915684606253,0.2808045443582939,0.16805428720627802,1.670915684606253,0.38430782761335813,0.20172222890674602,0.4994892938550607,0.4994892938550607,mild,full_curve,50,0.00015368126383678637
27,early_growth_slope,-0.0015639472043230396,0.002472596981759645,0.0024480980369151533,0.0023980672643053465,0.00075175401919599,0.0039416585403463,-0.0013655163685879874,0.006860348301762269,0.0031899045211503095,0.008225864670350257,0.0,0.0,0.004036544186082684,0.004012045241238193,0.004012045241238193,1.609650701774203e-05,0.2808045443582939,0.16805428720627802,1.670915684606253,0.2808045443582939,0.16805428720627802,1.670915684606253,0.38430782761335813,0.20172222890674602,0.4994892938550607,0.4994892938550607,mild,full_curve,50,0.00015368126383678637
28,peak_time,49.0,23.24,22.0,15.175818084882758,9.75,36.0,1.0,48.0,26.25,47.0,0.0,0.0,-25.76,-27.0,27.0,729.0,0.2368020079471684,0.3356405068299395,0.7055227337835893,0.2368020079471684,0.3356405068299395,0.7055227337835893,0.21291136386148155,0.3607346660973756,0.3958113618203719,0.3958113618203719,mild,full_curve,50,1.7724744343883904e-06
28,peak_height,0.05887191742658615,0.05409401865676045,0.04892632178962231,0.01963158918484788,0.04219639301300049,0.0593304093927145,0.03466680571436882,0.10450753904879093,0.017134016379714012,0.0698407333344221,1.0,1.0,-0.004777898769825699,-0.009945595636963844,0.009945595636963844,9.891487257399426e-05,0.2368020079471684,0.3356405068299395,0.7055227337835893,0.2368020079471684,0.3356405068299395,0.7055227337835893,0.21291136386148155,0.3607346660973756,0.3958113618203719,0.3958113618203719,mild,full_curve,50,1.7724744343883904e-06
28,cumulative_infected,0.40123660559765995,0.6196729764098018,0.45394351315917447,0.4482467118314115,0.3905642567842733,0.5709551114778151,0.2999711948519689,1.7428784886811626,0.18039085469354177,1.4429072938291938,1.0,1.0,0.21843637081214184,0.05270690756151453,0.05270690756151453,0.0027780181046980373,0.2368020079471684,0.3356405068299395,0.7055227337835893,0.2368020079471684,0.3356405068299395,0.7055227337835893,0.21291136386148155,0.3607346660973756,0.3958113618203719,0.3958113618203719,mild,full_curve,50,1.7724744343883904e-06
28,early_growth_slope,-0.0035516968983713352,-0.00045598779921506466,-0.00029533648783052743,0.0018461977721279446,-0.0015662595258271739,0.0009923987027139532,-0.0036045228166455764,0.002076762751052488,0.002558658228541127,0.005681285567698064,0.0,1.0,0.0030957090991562707,0.0032563604105408078,0.0032563604105408078,1.0603883123337498e-05,0.2368020079471684,0.3356405068299395,0.7055227337835893,0.2368020079471684,0.3356405068299395,0.7055227337835893,0.21291136386148155,0.3607346660973756,0.3958113618203719,0.3958113618203719,mild,full_curve,50,1.7724744343883904e-06
29,peak_time,34.0,34.82,34.5,2.9520751133308707,33.0,37.0,31.0,40.0,4.0,9.0,1.0,1.0,0.8200000000000003,0.5,0.5,0.25,0.21276829025825655,0.056266739565132604,3.781422060397914,0.21276829025825655,0.056266739565132604,3.781422060397914,0.2644606877936243,0.060421512310077086,0.5659922803833748,0.5659922803833748,mild,full_curve,50,0.0006631723337189482
29,peak_height,0.426753968000412,0.4433524620532989,0.45397356152534485,0.04469509056091586,0.43094583600759506,0.46853261440992355,0.36256813406944277,0.48340083211660384,0.03758677840232849,0.12083269804716107,0.0,1.0,0.016598494052886936,0.02721959352493286,0.02721959352493286,0.000740906271662567,0.21276829025825655,0.056266739565132604,3.781422060397914,0.21276829025825655,0.056266739565132604,3.781422060397914,0.2644606877936243,0.060421512310077086,0.5659922803833748,0.5659922803833748,mild,full_curve,50,0.0006631723337189482
29,cumulative_infected,10.598376031033695,11.6589513776499,11.935751227661967,1.2858595375806259,11.28608923999127,12.414518571924418,9.105614619981498,13.125197952776215,1.1284293319331482,4.019583332794717,0.0,1.0,1.060575346616206,1.3373751966282725,1.3373751966282725,1.7885724165565107,0.21276829025825655,0.056266739565132604,3.781422060397914,0.21276829025825655,0.056266739565132604,3.781422060397914,0.2644606877936243,0.060421512310077086,0.5659922803833748,0.5659922803833748,mild,full_curve,50,0.0006631723337189482
29,early_growth_slope,0.0005772597200813759,0.002755025030097126,0.0028126046309764545,0.002539626889158401,0.0008482506630008133,0.004427878518721886,-0.0014022599207237354,0.006596532146449175,0.003579627855721073,0.00799879206717291,0.0,1.0,0.00217776531001575,0.0022353449108950783,0.0022353449108950783,4.996766870664526e-06,0.21276829025825655,0.056266739565132604,3.781422060397914,0.21276829025825655,0.056266739565132604,3.781422060397914,0.2644606877936243,0.060421512310077086,0.5659922803833748,0.5659922803833748,mild,full_curve,50,0.0006631723337189482
30,peak_time,17.0,17.46,17.0,2.409660691148164,16.0,19.0,14.0,21.049999999999997,3.0,7.049999999999997,1.0,1.0,0.46000000000000085,0.0,0.0,0.0,0.4921025858440696,0.2326189608921694,2.1154878517069116,0.4921025858440696,0.2326189608921694,2.1154878517069116,0.9313846928970714,0.28726239813804616,0.3999570257947226,0.3999570257947226,mild,full_curve,50,0.003760702424402301
30,peak_height,0.19336086511611938,0.17099033236503602,0.1692153736948967,0.014852795256596713,0.16198135912418365,0.17941446602344513,0.15059638693928717,0.20396244674921035,0.017433106899261475,0.05336605980992318,0.0,1.0,-0.02237053275108336,-0.024145491421222687,0.024145491421222687,0.0005830047559723384,0.4921025858440696,0.2326189608921694,2.1154878517069116,0.4921025858440696,0.2326189608921694,2.1154878517069116,0.9313846928970714,0.28726239813804616,0.3999570257947226,0.3999570257947226,mild,full_curve,50,0.003760702424402301
30,cumulative_infected,3.0774258240126073,3.0956509349875705,3.101401281684957,0.21293811198494222,2.9499021123046987,3.2407931255875155,2.7707233102148168,3.456217861571349,0.29089101328281686,0.6854945513565323,1.0,1.0,0.018225110974963155,0.023975457672349876,0.023975457672349876,0.0005748225705986405,0.4921025858440696,0.2326189608921694,2.1154878517069116,0.4921025858440696,0.2326189608921694,2.1154878517069116,0.9313846928970714,0.28726239813804616,0.3999570257947226,0.3999570257947226,mild,full_curve,50,0.003760702424402301
30,early_growth_slope,0.00645931495264882,0.004928812771267118,0.004827592089506132,0.002985578795838751,0.0030333155910262756,0.007133774207128833,0.0005639925144524094,0.00932882409487363,0.004100458616102557,0.00876483158042122,1.0,1.0,-0.0015305021813817017,-0.001631722863142688,0.001631722863142688,2.662519502102571e-06,0.4921025858440696,0.2326189608921694,2.1154878517069116,0.4921025858440696,0.2326189608921694,2.1154878517069116,0.9313846928970714,0.28726239813804616,0.3999570257947226,0.3999570257947226,mild,full_curve,50,0.003760702424402301
31,peak_time,23.0,20.48,20.0,3.0300848406297374,19.0,22.0,16.0,25.049999999999997,3.0,9.049999999999997,0.0,1.0,-2.5199999999999996,-3.0,3.0,9.0,0.44212241377963213,0.28360187596316905,1.5589544754529405,0.44212241377963213,0.28360187596316905,1.5589544754529405,0.7498135529285523,0.3816684833302549,0.4629368537853469,0.4629368537853469,mild,full_curve,50,0.000816065548209014
31,peak_height,0.10759419202804565,0.12222805008292198,0.12135587632656097,0.017170961854552764,0.11202938482165337,0.1330091580748558,0.09668709598481655,0.15167128220200538,0.02097977325320244,0.05498418621718883,0.0,1.0,0.014633858054876325,0.01376168429851532,0.01376168429851532,0.0001893839547320031,0.44212241377963213,0.28360187596316905,1.5589544754529405,0.44212241377963213,0.28360187596316905,1.5589544754529405,0.7498135529285523,0.3816684833302549,0.4629368537853469,0.4629368537853469,mild,full_curve,50,0.000816065548209014
31,cumulative_infected,2.3129001709166914,2.3616181261916065,2.335910604451783,0.29698412270658703,2.1400504940538667,2.5484582335848245,1.853665156319039,2.828355411218945,0.40840773953095777,0.9746902548999059,1.0,1.0,0.04871795527491507,0.02301043353509158,0.02301043353509158,0.0005294800514728671,0.44212241377963213,0.28360187596316905,1.5589544754529405,0.44212241377963213,0.28360187596316905,1.5589544754529405,0.7498135529285523,0.3816684833302549,0.4629368537853469,0.4629368537853469,mild,full_curve,50,0.000816065548209014
31,early_growth_slope,0.0007625506980167257,0.002722232097012238,0.002261270387645623,0.002707569043200869,0.001187084254481653,0.0046340173271129876,-0.0016592754017827752,0.00737056069746835,0.0034469330726313347,0.009029836099251126,0.0,1.0,0.0019596813989955124,0.0014987196896288975,0.0014987196896288975,2.246160708081339e-06,0.44212241377963213,0.28360187596316905,1.5589544754529405,0.44212241377963213,0.28360187596316905,1.5589544754529405,0.7498135529285523,0.3816684833302549,0.4629368537853469,0.4629368537853469,mild,full_curve,50,0.000816065548209014
32,peak_time,16.0,16.73,17.0,1.06225413079161,16.0,17.0,15.0,18.049999999999997,1.0,3.049999999999997,1.0,1.0,0.7300000000000004,1.0,1.0,1.0,0.4875071245775964,0.17129968823660427,2.8459311840908716,0.4875071245775964,0.17129968823660427,2.8459311840908716,0.9657326361519409,0.1940338120294599,0.3774178420169471,0.3774178420169471,mild,full_curve,50,0.0076245992519543455
32,peak_height,0.32991302013397217,0.2958079358935356,0.2963516265153885,0.01912122450690946,0.281202994287014,0.30802538245916367,0.2669762849807739,0.32829369604587555,0.026822388172149658,0.061317411065101635,0.0,0.0,-0.03410508424043657,-0.03356139361858368,0.03356139361858368,0.0011263671416215093,0.4875071245775964,0.17129968823660427,2.8459311840908716,0.4875071245775964,0.17129968823660427,2.8459311840908716,0.9657326361519409,0.1940338120294599,0.3774178420169471,0.3774178420169471,mild,full_curve,50,0.0076245992519543455
32,cumulative_infected,5.479669603286311,5.30056723227377,5.331037727650255,0.27496146623480267,5.049050273490138,5.484787556342781,4.9224657239217775,5.668412842345424,0.43573728285264224,0.7459471184236461,1.0,1.0,-0.179102371012541,-0.14863187563605607,0.14863187563605607,0.022091434455092037,0.4875071245775964,0.17129968823660427,2.8459311840908716,0.4875071245775964,0.17129968823660427,2.8459311840908716,0.9657326361519409,0.1940338120294599,0.3774178420169471,0.3774178420169471,mild,full_curve,50,0.0076245992519543455
32,early_growth_slope,0.0040996575096089935,0.008318598941845091,0.008366824792964116,0.0030482012791109418,0.006857895810667071,0.010637197661535104,0.0023022802527217813,0.012443823532001776,0.003779301850868033,0.010141543279279994,0.0,1.0,0.004218941432236098,0.004267167283355123,0.004267167283355123,1.820871662413634e-05,0.4875071245775964,0.17129968823660427,2.8459311840908716,0.4875071245775964,0.17129968823660427,2.8459311840908716,0.9657326361519409,0.1940338120294599,0.3774178420169471,0.3774178420169471,mild,full_curve,50,0.0076245992519543455
33,peak_time,0.0,22.31,20.0,15.805442739829221,9.75,37.5,0.9500000000000002,47.099999999999994,27.75,46.14999999999999,0.0,0.0,22.31,20.0,20.0,400.0,0.1,0.1755729103861561,0.5695639479920872,0.1,0.1755729103861561,0.5695639479920872,0.3214611151840776,0.42169168380630556,0.38107316188413115,0.38107316188413115,mild,full_curve,50,1.2316573611069403e-05
33,peak_height,0.054773230105638504,0.05329607658088207,0.04909975826740265,0.018971884107896315,0.04253540560603142,0.05612627509981394,0.03578594792634249,0.09161268174648285,0.01359086949378252,0.05582673382014036,1.0,1.0,-0.0014771535247564346,-0.005673471838235855,0.005673471838235855,3.218828269925533e-05,0.1,0.1755729103861561,0.5695639479920872,0.1,0.1755729103861561,0.5695639479920872,0.3214611151840776,0.42169168380630556,0.38107316188413115,0.38107316188413115,mild,full_curve,50,1.2316573611069403e-05
33,cumulative_infected,0.45408109373238403,0.6230293721767884,0.47336958124651574,0.46348390818150453,0.38594364357413724,0.6572301852720557,0.3275582174755982,1.6866103173641023,0.27128654169791844,1.359052099888504,1.0,1.0,0.1689482784444044,0.019288487514131702,0.019288487514131702,0.0003720457505828146,0.1,0.1755729103861561,0.5695639479920872,0.1,0.1755729103861561,0.5695639479920872,0.3214611151840776,0.42169168380630556,0.38107316188413115,0.38107316188413115,mild,full_curve,50,1.2316573611069403e-05
33,early_growth_slope,-0.0032651585171974817,-0.0004367108615825333,-0.00041192555051695976,0.002025644233996253,-0.0017731380009666136,0.000812919214478738,-0.003658997398798373,0.002726532829443125,0.0025860572154453518,0.006385530228241498,0.0,1.0,0.002828447655614948,0.002853232966680522,0.002853232966680522,8.140938362152532e-06,0.1,0.1755729103861561,0.5695639479920872,0.1,0.1755729103861561,0.5695639479920872,0.3214611151840776,0.42169168380630556,0.38107316188413115,0.38107316188413115,mild,full_curve,50,1.2316573611069403e-05
34,peak_time,19.0,25.53,27.5,16.35184788618489,7.0,40.0,1.0,47.0,33.0,46.0,1.0,1.0,6.530000000000001,8.5,8.5,72.25,0.2873559770867659,0.4575328094085801,0.6280554556474549,0.2873559770867659,0.4575328094085801,0.6280554556474549,0.1614080473523189,0.42202464202913326,0.5422934315553718,0.5422934315553718,mild,full_curve,50,6.870409021377502e-08
34,peak_height,0.054948341101408005,0.05445010811090469,0.049723073840141296,0.0208229380035663,0.043469810858368874,0.05715308617800474,0.03662798870354891,0.09176955409348007,0.013683275319635868,0.05514156538993117,1.0,1.0,-0.0004982329905033125,-0.005225267261266708,0.005225267261266708,2.7303417951665687e-05,0.2873559770867659,0.4575328094085801,0.6280554556474549,0.2873559770867659,0.4575328094085801,0.6280554556474549,0.1614080473523189,0.42202464202913326,0.5422934315553718,0.5422934315553718,mild,full_curve,50,6.870409021377502e-08
34,cumulative_infected,0.5392962094483664,0.6514438776282395,0.5119330870802514,0.5061553902100251,0.4338001993019134,0.6285984970309073,0.3458879042234912,1.7968279071035795,0.19479829772899393,1.4509400028800883,1.0,1.0,0.1121476681798731,-0.027363122368115,0.027363122368115,0.0007487404657324355,0.2873559770867659,0.4575328094085801,0.6280554556474549,0.2873559770867659,0.4575328094085801,0.6280554556474549,0.1614080473523189,0.42202464202913326,0.5422934315553718,0.5422934315553718,mild,full_curve,50,6.870409021377502e-08
34,early_growth_slope,0.001484133081075491,-0.0002895586186271724,-0.0006109402380562159,0.0023691757355255917,-0.0018765894651767748,0.0012014652118176898,-0.0038406258984607445,0.004304477742213444,0.0030780546769944646,0.008145103640674188,0.0,1.0,-0.0017736916997026634,-0.002095073319131707,0.002095073319131707,4.3893322125375475e-06,0.2873559770867659,0.4575328094085801,0.6280554556474549,0.2873559770867659,0.4575328094085801,0.6280554556474549,0.1614080473523189,0.42202464202913326,0.5422934315553718,0.5422934315553718,mild,full_curve,50,6.870409021377502e-08
35,peak_time,27.0,19.54,19.5,4.125358876338622,17.0,22.0,13.95,26.0,5.0,12.05,0.0,0.0,-7.460000000000001,-7.5,7.5,56.25,0.4620606482475224,0.3043809780220252,1.5180339167386716,0.4620606482475224,0.3043809780220252,1.5180339167386716,0.778454592282307,0.4126702474791653,0.4936788081074407,0.4936788081074407,mild,full_curve,50,0.0006675985636451828
35,peak_height,0.10338057577610016,0.09884955912828446,0.09850839897990227,0.013255717120652748,0.08926412835717201,0.10830650106072426,0.07762738838791847,0.12093741074204445,0.019042372703552246,0.04331002235412598,1.0,1.0,-0.004531016647815703,-0.004872176796197891,0.004872176796197891,2.3738106733409148e-05,0.4620606482475224,0.3043809780220252,1.5180339167386716,0.4620606482475224,0.3043809780220252,1.5180339167386716,0.778454592282307,0.4126702474791653,0.4936788081074407,0.4936788081074407,mild,full_curve,50,0.0006675985636451828
35,cumulative_infected,1.8557427908526734,1.8018469384855416,1.7975540130282752,0.23290379535603212,1.6285151439224137,1.9448074195242953,1.4098137816828966,2.168572756717913,0.31629227560188156,0.7587589750350163,1.0,1.0,-0.05389585236713179,-0.05818877782439813,0.05818877782439813,0.0033859338646971674,0.4620606482475224,0.3043809780220252,1.5180339167386716,0.4620606482475224,0.3043809780220252,1.5180339167386716,0.778454592282307,0.4126702474791653,0.4936788081074407,0.4936788081074407,mild,full_curve,50,0.0006675985636451828
35,early_growth_slope,0.0014642613740371803,0.0022496220703448807,0.002179300969666136,0.002461301443803889,0.0005665402720859726,0.003896297823216409,-0.0013727632038007015,0.006587324384322743,0.0033297575511304365,0.007960087588123445,1.0,1.0,0.0007853606963077004,0.0007150395956289557,0.0007150395956289557,5.112816233172204e-07,0.4620606482475224,0.3043809780220252,1.5180339167386716,0.4620606482475224,0.3043809780220252,1.5180339167386716,0.778454592282307,0.4126702474791653,0.4936788081074407,0.4936788081074407,mild,full_curve,50,0.0006675985636451828
36,peak_time,5.0,21.13,19.5,14.132600752883526,10.75,31.0,1.0,46.05,20.25,45.05,0.0,1.0,16.13,14.5,14.5,210.25,0.1,0.14647692252576217,0.6827013994809464,0.1,0.14647692252576217,0.6827013994809464,0.41521110410780404,0.4651707984700952,0.527918312164942,0.527918312164942,mild,full_curve,50,8.105106747789032e-06
36,peak_height,0.049473512917757034,0.051786932833492755,0.04747338034212589,0.01812420927069068,0.04158493410795927,0.05603473912924528,0.03527141846716404,0.08657718375325203,0.01444980502128601,0.05130576528608799,1.0,1.0,0.0023134199157357205,-0.0020001325756311417,0.0020001325756311417,4.000530320100865e-06,0.1,0.14647692252576217,0.6827013994809464,0.1,0.14647692252576217,0.6827013994809464,0.41521110410780404,0.4651707984700952,0.527918312164942,0.527918312164942,mild,full_curve,50,8.105106747789032e-06
36,cumulative_infected,0.5238838596123969,0.6107585068210879,0.4643159438855946,0.4388620816746888,0.4032843626828253,0.6256176411770866,0.3368473614784307,1.4981361538608322,0.22233327849426132,1.1612887923824016,1.0,1.0,0.08687464720869098,-0.05956791572680231,0.05956791572680231,0.003548336584035422,0.1,0.14647692252576217,0.6827013994809464,0.1,0.14647692252576217,0.6827013994809464,0.41521110410780404,0.4651707984700952,0.527918312164942,0.527918312164942,mild,full_curve,50,8.105106747789032e-06
36,early_growth_slope,0.0010802101543439294,-0.00030869726332249546,-0.000584293273277579,0.002114143493838188,-0.0018820878606112218,0.0011593378750105678,-0.0035064763792823713,0.00383692815334403,0.0030414257356217896,0.007343404532626401,1.0,1.0,-0.0013889074176664249,-0.0016645034276215084,0.0016645034276215084,2.7705716605637503e-06,0.1,0.14647692252576217,0.6827013994809464,0.1,0.14647692252576217,0.6827013994809464,0.41521110410780404,0.4651707984700952,0.527918312164942,0.527918312164942,mild,full_curve,50,8.105106747789032e-06
37,peak_time,10.0,20.67,20.0,14.90918976316082,7.75,32.5,0.0,46.0,24.75,46.0,1.0,1.0,10.670000000000002,10.0,10.0,100.0,0.3122455822155413,0.4444913778437101,0.7024783781640226,0.3122455822155413,0.4444913778437101,0.7024783781640226,0.28687128303669307,0.48516385087271297,0.5675884410249498,0.5675884410249498,mild,full_curve,50,7.821413553345763e-07
37,peak_height,0.04120068997144699,0.051538379285484555,0.05043734237551689,0.01374140103401461,0.043539281003177166,0.05550575256347656,0.03448726236820221,0.08229296170175075,0.011966471560299397,0.04780569933354854,0.0,1.0,0.010337689314037564,0.0092366524040699,0.0092366524040699,8.531574763361027e-05,0.3122455822155413,0.4444913778437101,0.7024783781640226,0.3122455822155413,0.4444913778437101,0.7024783781640226,0.28687128303669307,0.48516385087271297,0.5675884410249498,0.5675884410249498,mild,full_curve,50,7.821413553345763e-07
37,cumulative_infected,0.41602122905896977,0.573752176977087,0.4929096468404168,0.28779711352423637,0.41606327194313053,0.6428016034769826,0.3003578701981041,1.0067023607611179,0.22673833153385203,0.7063444905630137,0.0,1.0,0.15773094791811726,0.07688841778144706,0.07688841778144706,0.005911828788934344,0.3122455822155413,0.4444913778437101,0.7024783781640226,0.3122455822155413,0.4444913778437101,0.7024783781640226,0.28687128303669307,0.48516385087271297,0.5675884410249498,0.5675884410249498,mild,full_curve,50,7.821413553345763e-07
37,early_growth_slope,-0.001613679023215635,-0.0007633758068302423,-0.0007401597408932582,0.0023565427497190855,-0.002314546180146166,0.0008622213750814332,-0.004357116058374575,0.002926143537652456,0.003176767555227599,0.007283259596027032,1.0,1.0,0.0008503032163853926,0.0008735192823223767,0.0008735192823223767,7.630359365890001e-07,0.3122455822155413,0.4444913778437101,0.7024783781640226,0.3122455822155413,0.4444913778437101,0.7024783781640226,0.28687128303669307,0.48516385087271297,0.5675884410249498,0.5675884410249498,mild,full_curve,50,7.821413553345763e-07
38,peak_time,19.0,16.29,16.0,2.0611607987694307,15.0,18.0,13.0,20.0,3.0,7.0,0.0,1.0,-2.710000000000001,-3.0,3.0,9.0,0.5129472499176003,0.23408314791029836,2.191303622224714,0.5129472499176003,0.23408314791029836,2.191303622224714,0.8188433244119744,0.27584126322365227,0.5786504943765698,0.5786504943765698,mild,full_curve,50,0.0030548673636308673
38,peak_height,0.2077932506799698,0.1965838612616062,0.19672886282205582,0.016878996383612784,0.1888267956674099,0.20504731312394142,0.16639061346650125,0.21631093248724936,0.016220517456531525,0.049920319020748116,0.0,1.0,-0.01120938941836358,-0.011064387857913971,0.011064387857913971,0.0001224206786703541,0.5129472499176003,0.23408314791029836,2.191303622224714,0.5129472499176003,0.23408314791029836,2.191303622224714,0.8188433244119744,0.27584126322365227,0.5786504943765698,0.5786504943765698,mild,full_curve,50,0.0030548673636308673
38,cumulative_infected,3.4881889378884807,3.3763607398465685,3.40979097354284,0.22269247077012672,3.2115925770194735,3.517561903252499,3.0202633520937523,3.700215378613211,0.30596932623302564,0.6799520265194587,1.0,1.0,-0.11182819804191224,-0.0783979643456405,0.0783979643456405,0.006146240813540319,0.5129472499176003,0.23408314791029836,2.191303622224714,0.5129472499176003,0.23408314791029836,2.191303622224714,0.8188433244119744,0.27584126322365227,0.5786504943765698,0.5786504943765698,mild,full_curve,50,0.0030548673636308673
38,early_growth_slope,0.00748870469674113,0.0063148893020670135,0.006598008924075179,0.002680113927945932,0.004601224780171401,0.008133489166669146,0.0016516618591378507,0.010727883025676765,0.0035322643864977455,0.009076221166538914,1.0,1.0,-0.0011738153946741162,-0.0008906957726659507,0.0008906957726659507,7.93338959444995e-07,0.5129472499176003,0.23408314791029836,2.191303622224714,0.5129472499176003,0.23408314791029836,2.191303622224714,0.8188433244119744,0.27584126322365227,0.5786504943765698,0.5786504943765698,mild,full_curve,50,0.0030548673636308673
39,peak_time,14.0,24.07,24.5,14.164441893043797,13.0,37.0,1.0,45.05,24.0,44.05,1.0,1.0,10.07,10.5,10.5,110.25,0.15291734947940738,0.1420411573581949,1.0765707089656082,0.15291734947940738,0.1420411573581949,1.0765707089656082,0.34310243473030666,0.30067154646677735,0.4111864682038803,0.4111864682038803,mild,full_curve,50,1.2004706734534956e-05
39,peak_height,0.05758769437670708,0.054213915821164846,0.05079854279756546,0.018369766086855758,0.04330820590257645,0.060385349206626415,0.036611772142350674,0.0772945463657379,0.01707714330404997,0.04068277422338723,1.0,1.0,-0.003373778555542231,-0.006789151579141617,0.006789151579141617,4.609257916456111e-05,0.15291734947940738,0.1420411573581949,1.0765707089656082,0.15291734947940738,0.1420411573581949,1.0765707089656082,0.34310243473030666,0.30067154646677735,0.4111864682038803,0.4111864682038803,mild,full_curve,50,1.2004706734534956e-05
39,cumulative_infected,0.6776254095602781,0.6605908865361471,0.5361269986560728,0.4555974157233054,0.44824981364945415,0.7411019774444867,0.35639611078004235,1.1980150601360944,0.29285216379503254,0.841618949356052,1.0,1.0,-0.017034523024131,-0.14149841090420523,0.14149841090420523,0.020021800288415305,0.15291734947940738,0.1420411573581949,1.0765707089656082,0.15291734947940738,0.1420411573581949,1.0765707089656082,0.34310243473030666,0.30067154646677735,0.4111864682038803,0.4111864682038803,mild,full_curve,50,1.2004706734534956e-05
39,early_growth_slope,-0.0012343376764051965,-0.00038811676234694196,-0.00022420091998009468,0.0024859113233604772,-0.002411389690158622,0.0014744240879302937,-0.004742767473327967,0.0031595433830045212,0.0038858137780889155,0.007902310856332488,1.0,1.0,0.0008462209140582545,0.0010101367564251018,0.0010101367564251018,1.0203762666810256e-06,0.15291734947940738,0.1420411573581949,1.0765707089656082,0.15291734947940738,0.1420411573581949,1.0765707089656082,0.34310243473030666,0.30067154646677735,0.4111864682038803,0.4111864682038803,mild,full_curve,50,1.2004706734534956e-05
40,peak_time,21.0,24.46,24.0,1.6417531895365804,23.0,25.25,22.0,27.0,2.25,5.0,0.0,0.0,3.460000000000001,3.0,3.0,9.0,0.3265346052136021,0.06354053743658701,5.13899659000337,0.3265346052136021,0.06354053743658701,5.13899659000337,0.49437727735218284,0.06625782067035502,0.4790028264690779,0.4790028264690779,mild,full_curve,50,0.00936933052703699
40,peak_height,0.5244538187980652,0.503441224694252,0.5020401477813721,0.029951519927541557,0.4836682379245758,0.5251825600862503,0.460378834605217,0.5486095905303955,0.0415143221616745,0.08823075592517848,1.0,1.0,-0.021012594103813176,-0.022413671016693115,0.022413671016693115,0.000502372648444549,0.3265346052136021,0.06354053743658701,5.13899659000337,0.3265346052136021,0.06354053743658701,5.13899659000337,0.49437727735218284,0.06625782067035502,0.4790028264690779,0.4790028264690779,mild,full_curve,50,0.00936933052703699
40,cumulative_infected,13.102512105833739,13.155622274792986,13.260891957907006,0.8316369306454351,12.683910391642712,13.725565828499384,11.713539069285616,14.384080177405849,1.0416554368566722,2.670541108120233,1.0,1.0,0.053110168959246806,0.1583798520732671,0.1583798520732671,0.02508417754274997,0.3265346052136021,0.06354053743658701,5.13899659000337,0.3265346052136021,0.06354053743658701,5.13899659000337,0.49437727735218284,0.06625782067035502,0.4790028264690779,0.4790028264690779,mild,full_curve,50,0.00936933052703699
40,early_growth_slope,0.001473452574351715,0.00651438199164875,0.0065123236469974335,0.0029009485271437006,0.004503231007783186,0.008481404078858237,0.00176219172980858,0.011315344965745072,0.003978173071075051,0.009553153235936493,0.0,0.0,0.005040929417297035,0.005038871072645719,0.005038871072645719,2.5390221686745816e-05,0.3265346052136021,0.06354053743658701,5.13899659000337,0.3265346052136021,0.06354053743658701,5.13899659000337,0.49437727735218284,0.06625782067035502,0.4790028264690779,0.4790028264690779,mild,full_curve,50,0.00936933052703699
41,peak_time,39.0,31.36,30.5,5.861223370077223,27.0,35.0,21.95,40.19999999999999,8.0,18.24999999999999,0.0,1.0,-7.640000000000001,-8.5,8.5,72.25,0.3069981585071183,0.19255193643738816,1.5943654693233609,0.3069981585071183,0.19255193643738816,1.5943654693233609,0.43115345857382337,0.23601286905335017,0.5047389647038623,0.5047389647038623,mild,full_curve,50,0.00019502631826380488
41,peak_height,0.11387953162193298,0.14205193914473058,0.1369062289595604,0.041209132882879786,0.1160881370306015,0.15925835445523262,0.09037314020097256,0.21079938188195227,0.04317021742463112,0.1204262416809797,0.0,1.0,0.028172407522797593,0.02302669733762741,0.02302669733762741,0.0005302287902786973,0.3069981585071183,0.19255193643738816,1.5943654693233609,0.3069981585071183,0.19255193643738816,1.5943654693233609,0.43115345857382337,0.23601286905335017,0.5047389647038623,0.5047389647038623,mild,full_curve,50,0.00019502631826380488
41,cumulative_infected,2.5019597094506025,3.3898063601213653,3.224463344202377,1.1689121075201738,2.7121869338443503,3.899320681579411,1.8344903294811956,5.217735795304178,1.1871337477350608,3.3832454658229825,0.0,1.0,0.8878466506707627,0.7225036347517744,0.7225036347517744,0.5220115022295254,0.3069981585071183,0.19255193643738816,1.5943654693233609,0.3069981585071183,0.19255193643738816,1.5943654693233609,0.43115345857382337,0.23601286905335017,0.5047389647038623,0.5047389647038623,mild,full_curve,50,0.00019502631826380488
41,early_growth_slope,-0.0006763946398028296,0.0018144919579641458,0.0016114345967902666,0.002497064414444716,0.00014173684273070347,0.003249687084462493,-0.0016271196260710145,0.0062992409010240325,0.0031079502417317895,0.007926360527095047,0.0,1.0,0.0024908865977669756,0.002287829236593096,0.002287829236593096,5.234162615810149e-06,0.3069981585071183,0.19255193643738816,1.5943654693233609,0.3069981585071183,0.19255193643738816,1.5943654693233609,0.43115345857382337,0.23601286905335017,0.5047389647038623,0.5047389647038623,mild,full_curve,50,0.00019502631826380488
42,peak_time,18.0,18.32,18.0,2.347919775615699,17.0,20.0,14.95,22.0,3.0,7.050000000000001,1.0,1.0,0.3200000000000003,0.0,0.0,0.0,0.4975263625738843,0.2597356404493423,1.9155105618665362,0.4975263625738843,0.2597356404493423,1.9155105618665362,0.8286125751942053,0.32178977205888054,0.5151210030490867,0.5151210030490867,mild,full_curve,50,0.0020762690397162793
42,peak_height,0.19340139627456665,0.1549668838083744,0.15342458337545395,0.015881629531585513,0.14521179348230362,0.16359692439436913,0.12988486364483834,0.18289339318871498,0.018385130912065506,0.05300852954387664,0.0,0.0,-0.038434512466192255,-0.0399768128991127,0.0399768128991127,0.0015981455695706637,0.4975263625738843,0.2597356404493423,1.9155105618665362,0.4975263625738843,0.2597356404493423,1.9155105618665362,0.8286125751942053,0.32178977205888054,0.5151210030490867,0.5151210030490867,mild,full_curve,50,0.0020762690397162793
42,cumulative_infected,2.833728603902273,2.81565643601272,2.814294218260329,0.21409858306727955,2.662900908937445,2.9482247041305527,2.4972614439324388,3.142891181935556,0.2853237951931078,0.6456297380031173,1.0,1.0,-0.018072167889553015,-0.019434385641943663,0.019434385641943663,0.00037769534527978604,0.4975263625738843,0.2597356404493423,1.9155105618665362,0.4975263625738843,0.2597356404493423,1.9155105618665362,0.8286125751942053,0.32178977205888054,0.5151210030490867,0.5151210030490867,mild,full_curve,50,0.0020762690397162793
42,early_growth_slope,-0.002927267261492529,0.004019902333950864,0.00410851105836974,0.0026887373513981372,0.0022477034189727243,0.0062596213548593875,-0.0003756555354422205,0.007724266897171866,0.004011917935886664,0.008099922432614086,0.0,0.0,0.006947169595443393,0.007035778319862269,0.007035778319862269,4.9502176566243934e-05,0.4975263625738843,0.2597356404493423,1.9155105618665362,0.4975263625738843,0.2597356404493423,1.9155105618665362,0.8286125751942053,0.32178977205888054,0.5151210030490867,0.5151210030490867,mild,full_curve,50,0.0020762690397162793
43,peak_time,20.0,24.66,24.5,13.184180909811056,13.75,35.25,3.95,46.05,21.5,42.099999999999994,1.0,1.0,4.66,4.5,4.5,20.25,0.3206694843388249,0.2666033724432995,1.2027960539284777,0.3206694843388249,0.2666033724432995,1.2027960539284777,0.598133022984479,0.43901229003884185,0.43018163776385343,0.43018163776385343,mild,full_curve,50,0.00011508287840505753
43,peak_height,0.07263629883527756,0.06387077827006578,0.055746011435985565,0.0354856087547006,0.04768980294466019,0.06774851121008396,0.038721741549670695,0.11150316409766672,0.020058708265423775,0.07278142254799602,0.0,1.0,-0.008765520565211779,-0.016890287399291992,0.016890287399291992,0.00028528180843068185,0.3206694843388249,0.2666033724432995,1.2027960539284777,0.3206694843388249,0.2666033724432995,1.2027960539284777,0.598133022984479,0.43901229003884185,0.43018163776385343,0.43018163776385343,mild,full_curve,50,0.00011508287840505753
43,cumulative_infected,0.8656802172772586,0.9218939964394667,0.6150531571474858,0.973464411220986,0.4527242656695307,0.926729684084421,0.3539211905546836,2.1430085570784265,0.4740054184148903,1.789087366523743,1.0,1.0,0.056213779162208044,-0.25062706012977287,0.25062706012977287,0.06281392326929279,0.3206694843388249,0.2666033724432995,1.2027960539284777,0.3206694843388249,0.2666033724432995,1.2027960539284777,0.598133022984479,0.43901229003884185,0.43018163776385343,0.43018163776385343,mild,full_curve,50,0.00011508287840505753
43,early_growth_slope,0.001872994072203125,-5.73380348669155e-05,-0.00021459284471347885,0.002306695023764495,-0.0014214083764402718,0.0014476131812313853,-0.0034426929130512715,0.004035559061282713,0.0028690215576716574,0.007478251974333984,0.0,1.0,-0.0019303321070700404,-0.002087586916916604,0.002087586916916604,4.358019135681372e-06,0.3206694843388249,0.2666033724432995,1.2027960539284777,0.3206694843388249,0.2666033724432995,1.2027960539284777,0.598133022984479,0.43901229003884185,0.43018163776385343,0.43018163776385343,mild,full_curve,50,0.00011508287840505753
44,peak_time,25.0,24.44,26.0,15.137964849938706,10.0,38.0,1.9500000000000002,47.0,28.0,45.05,1.0,1.0,-0.5599999999999987,1.0,1.0,1.0,0.18725246963762995,0.3114639669401323,0.6012010682238003,0.18725246963762995,0.3114639669401323,0.6012010682238003,0.15736231199119458,0.34243928144379016,0.35003234438292563,0.35003234438292563,mild,full_curve,50,7.669702857190415e-07
44,peak_height,0.044671431183815,0.057521380074322226,0.051437778398394585,0.02248987469917762,0.045493352226912975,0.061310638673603535,0.038296295516192916,0.1010054353624582,0.01581728644669056,0.06270913984626529,0.0,1.0,0.012849948890507223,0.006766347214579582,0.006766347214579582,4.578345462824887e-05,0.18725246963762995,0.3114639669401323,0.6012010682238003,0.18725246963762995,0.3114639669401323,0.6012010682238003,0.15736231199119458,0.34243928144379016,0.35003234438292563,0.35003234438292563,mild,full_curve,50,7.669702857190415e-07
44,cumulative_infected,0.424898491386557,0.68627354057895,0.4943410253836191,0.5481689374467884,0.42398197768852697,0.6420264470871189,0.3598862097103847,2.0456963084405286,0.2180444693985919,1.6858100987301439,1.0,1.0,0.26137504919239296,0.06944253399706213,0.06944253399706213,0.0048222655279331296,0.18725246963762995,0.3114639669401323,0.6012010682238003,0.18725246963762995,0.3114639669401323,0.6012010682238003,0.15736231199119458,0.34243928144379016,0.35003234438292563,0.35003234438292563,mild,full_curve,50,7.669702857190415e-07
44,early_growth_slope,0.002007525303356704,-0.000530790127569551,-0.0008274836921676367,0.0024278508153642068,-0.0025373483298435093,0.0008432135800831016,-0.003902976657818291,0.003618246467695349,0.003380561909926611,0.00752122312551364,0.0,1.0,-0.002538315430926255,-0.002835008995524341,0.002835008995524341,8.037276004703933e-06,0.18725246963762995,0.3114639669401323,0.6012010682238003,0.18725246963762995,0.3114639669401323,0.6012010682238003,0.15736231199119458,0.34243928144379016,0.35003234438292563,0.35003234438292563,mild,full_curve,50,7.669702857190415e-07
45,peak_time,17.0,17.17,17.0,1.2637526289075351,16.0,18.0,15.0,19.0,2.0,4.0,1.0,1.0,0.1700000000000017,0.0,0.0,0.0,0.4572864045685474,0.08179915509223139,5.590356086843943,0.4572864045685474,0.08179915509223139,5.590356086843943,0.7333566372847715,0.08386691201008276,0.5947356769848505,0.5947356769848505,mild,full_curve,50,0.008989165194968314
45,peak_height,0.5540326237678528,0.5256986516714096,0.5240267217159271,0.022420422821623986,0.5094921439886093,0.5420385748147964,0.4937549829483032,0.5591902405023574,0.032546430826187134,0.06543525755405422,0.0,1.0,-0.028333972096443172,-0.03000590205192566,0.03000590205192566,0.0009003541579497565,0.4572864045685474,0.08179915509223139,5.590356086843943,0.4572864045685474,0.08179915509223139,5.590356086843943,0.7333566372847715,0.08386691201008276,0.5947356769848505,0.5947356769848505,mild,full_curve,50,0.008989165194968314
45,cumulative_infected,11.365364091936499,11.4388305200779,11.52387164440006,0.5411439585680716,11.058651494327933,11.832290838938206,10.558541068388148,12.156494615337579,0.7736393446102738,1.5979535469494301,1.0,1.0,0.07346642814140125,0.1585075524635613,0.1585075524635613,0.025124644187988637,0.4572864045685474,0.08179915509223139,5.590356086843943,0.4572864045685474,0.08179915509223139,5.590356086843943,0.7333566372847715,0.08386691201008276,0.5947356769848505,0.5947356769848505,mild,full_curve,50,0.008989165194968314
45,early_growth_slope,0.011509151763415762,0.013238355317627704,0.013228828614089813,0.0029709074374627965,0.010816269252072309,0.015159362326119745,0.008792653664048496,0.018155610224043595,0.004343093074047436,0.0093629565599951,1.0,1.0,0.0017292035542119423,0.0017196768506740519,0.0017196768506740519,2.957288470744225e-06,0.4572864045685474,0.08179915509223139,5.590356086843943,0.4572864045685474,0.08179915509223139,5.590356086843943,0.7333566372847715,0.08386691201008276,0.5947356769848505,0.5947356769848505,mild,full_curve,50,0.008989165194968314
46,peak_time,17.0,17.34,17.0,1.1566234381931648,16.75,18.0,16.0,19.0,1.25,3.0,1.0,1.0,0.33999999999999986,0.0,0.0,0.0,0.44882972082330125,0.08409461315597021,5.3371994231171165,0.44882972082330125,0.08409461315597021,5.3371994231171165,0.8776878200248025,0.08662539624802407,0.40678567176420555,0.40678567176420555,mild,full_curve,50,0.008675653927311353
46,peak_height,0.5510672330856323,0.5101076114177704,0.5113596320152283,0.022258203235165714,0.494109608232975,0.5269315987825394,0.47168269455432893,0.5453468888998032,0.03282199054956436,0.07366419434547428,0.0,0.0,-0.040959621667861934,-0.03970760107040405,0.03970760107040405,0.001576693582766353,0.44882972082330125,0.08409461315597021,5.3371994231171165,0.44882972082330125,0.08409461315597021,5.3371994231171165,0.8776878200248025,0.08662539624802407,0.40678567176420555,0.40678567176420555,mild,full_curve,50,0.008675653927311353
46,cumulative_infected,10.935228327289224,10.988572614188016,11.060798896942288,0.5421975069937198,10.644177674781531,11.416868026484735,10.103206321946345,11.742659541405738,0.7726903517032042,1.6394532194593925,1.0,1.0,0.05334428689879189,0.125570569653064,0.125570569653064,0.015767967962995,0.44882972082330125,0.08409461315597021,5.3371994231171165,0.44882972082330125,0.08409461315597021,5.3371994231171165,0.8776878200248025,0.08662539624802407,0.40678567176420555,0.40678567176420555,mild,full_curve,50,0.008675653927311353
46,early_growth_slope,0.009009837527715024,0.012294202596796732,0.012275759346916205,0.0032128592246274622,0.009885333973215893,0.014417411109510184,0.006870829256859864,0.018033931713129968,0.004532077136294291,0.011163102456270103,0.0,1.0,0.0032843650690817083,0.0032659218192011806,0.0032659218192011806,1.066624532913435e-05,0.44882972082330125,0.08409461315597021,5.3371994231171165,0.44882972082330125,0.08409461315597021,5.3371994231171165,0.8776878200248025,0.08662539624802407,0.40678567176420555,0.40678567176420555,mild,full_curve,50,0.008675653927311353
47,peak_time,31.0,29.18,29.0,2.221929273620044,28.0,31.0,26.0,33.0,3.0,7.0,1.0,1.0,-1.8200000000000003,-2.0,2.0,4.0,0.26566275863403405,0.06423198975819606,4.135988307915297,0.26566275863403405,0.06423198975819606,4.135988307915297,0.407590816443254,0.06955601600984852,0.3747607973227539,0.3747607973227539,mild,full_curve,50,0.007133383768433644
47,peak_height,0.48028072714805603,0.4456680288910866,0.4495699256658554,0.03639117254469108,0.4238669201731682,0.4738801047205925,0.3717863127589226,0.49911697655916215,0.050013184547424316,0.12733066380023955,0.0,1.0,-0.03461269825696944,-0.030710801482200623,0.030710801482200623,0.000943153327679136,0.26566275863403405,0.06423198975819606,4.135988307915297,0.26566275863403405,0.06423198975819606,4.135988307915297,0.407590816443254,0.06955601600984852,0.3747607973227539,0.3747607973227539,mild,full_curve,50,0.007133383768433644
47,cumulative_infected,11.475816322490573,11.915480688999814,12.061003740876913,1.0415997705457496,11.354217443993548,12.678756969165988,9.942560622023302,13.42659607634705,1.3245395251724403,3.484035454323747,1.0,1.0,0.43966436650924123,0.5851874183863401,0.5851874183863401,0.3424443146376695,0.26566275863403405,0.06423198975819606,4.135988307915297,0.26566275863403405,0.06423198975819606,4.135988307915297,0.407590816443254,0.06955601600984852,0.3747607973227539,0.3747607973227539,mild,full_curve,50,0.007133383768433644
47,early_growth_slope,0.004066056993213438,0.003779257538548596,0.003892889723093026,0.0026796792951456223,0.0022839050895224018,0.0053969185779957725,0.0002641296298298563,0.00808973299353965,0.0031130134884733707,0.007825603363709794,1.0,1.0,-0.0002867994546648417,-0.00017316727012041183,0.00017316727012041183,2.998690344095567e-08,0.26566275863403405,0.06423198975819606,4.135988307915297,0.26566275863403405,0.06423198975819606,4.135988307915297,0.407590816443254,0.06955601600984852,0.3747607973227539,0.3747607973227539,mild,full_curve,50,0.007133383768433644
48,peak_time,44.0,37.21,38.0,6.992485143698804,35.0,41.0,29.0,45.0,6.0,16.0,0.0,1.0,-6.789999999999999,-6.0,6.0,36.0,0.2261575917116815,0.13140330983607648,1.7210950926107529,0.2261575917116815,0.13140330983607648,1.7210950926107529,0.31386946992361775,0.1603284248507834,0.4177217144622285,0.4177217144622285,mild,full_curve,50,6.338554016046965e-05
48,peak_height,0.15161064267158508,0.2316117776557803,0.23966442793607712,0.09365566412534938,0.161874458193779,0.29896169155836105,0.0640153806656599,0.37388444393873216,0.13708723336458206,0.3098690632730723,0.0,1.0,0.08000113498419523,0.08805378526449203,0.08805378526449203,0.007753469099405275,0.2261575917116815,0.13140330983607648,1.7210950926107529,0.2261575917116815,0.13140330983607648,1.7210950926107529,0.31386946992361775,0.1603284248507834,0.4177217144622285,0.4177217144622285,mild,full_curve,50,6.338554016046965e-05
48,cumulative_infected,3.2066540538799018,5.630626711130171,5.923773956252262,2.443553348175358,3.8444504123181105,7.521017825289164,1.1211448786780238,8.889757552114315,3.6765674129710533,7.768612673436291,0.0,1.0,2.4239726572502693,2.7171199023723602,2.7171199023723602,7.382740563867984,0.2261575917116815,0.13140330983607648,1.7210950926107529,0.2261575917116815,0.13140330983607648,1.7210950926107529,0.31386946992361775,0.1603284248507834,0.4177217144622285,0.4177217144622285,mild,full_curve,50,6.338554016046965e-05
48,early_growth_slope,-0.003393510827750319,0.0011419869713061178,0.0011678558103518479,0.002819449715976662,-0.0006993527950682964,0.0029536447979071883,-0.003957759005416368,0.005917521438372894,0.0036529975929754845,0.009875280443789262,0.0,1.0,0.004535497799056437,0.004561366638102167,0.004561366638102167,2.0806065607191467e-05,0.2261575917116815,0.13140330983607648,1.7210950926107529,0.2261575917116815,0.13140330983607648,1.7210950926107529,0.31386946992361775,0.1603284248507834,0.4177217144622285,0.4177217144622285,mild,full_curve,50,6.338554016046965e-05
49,peak_time,38.0,30.46,30.0,6.930273217463137,27.0,34.0,18.95,42.099999999999994,7.0,23.149999999999995,0.0,1.0,-7.539999999999999,-8.0,8.0,64.0,0.3146242582168499,0.20762497902273677,1.5153487778674057,0.3146242582168499,0.20762497902273677,1.5153487778674057,0.48260016424335217,0.27115351763469103,0.43289909469751975,0.43289909469751975,mild,full_curve,50,0.00027853345153008245
49,peak_height,0.09903092682361603,0.12075273506343365,0.122576043009758,0.03689657644271505,0.0974830612540245,0.14082038030028343,0.06481742560863495,0.16958797946572304,0.043337319046258926,0.1047705538570881,1.0,1.0,0.02172180823981762,0.023545116186141968,0.023545116186141968,0.0005543724962189245,0.3146242582168499,0.20762497902273677,1.5153487778674057,0.3146242582168499,0.20762497902273677,1.5153487778674057,0.48260016424335217,0.27115351763469103,0.43289909469751975,0.43289909469751975,mild,full_curve,50,0.00027853345153008245
49,cumulative_infected,2.21111071924679,2.832694039215512,2.917613997589797,1.0713278207847496,2.2244527480070246,3.496775892097503,1.1191461958398576,4.286726687572082,1.2723231440904783,3.167580491732224,0.0,1.0,0.6215833199687224,0.706503278343007,0.706503278343007,0.4991468823094164,0.3146242582168499,0.20762497902273677,1.5153487778674057,0.3146242582168499,0.20762497902273677,1.5153487778674057,0.48260016424335217,0.27115351763469103,0.43289909469751975,0.43289909469751975,mild,full_curve,50,0.00027853345153008245
49,early_growth_slope,-0.00014922384261375362,0.0012197952605215727,0.0011351460097579367,0.002571370543331489,-0.0004371451137731555,0.003133406599296168,-0.0031909547432275856,0.005186497867301414,0.003570551713069323,0.008377452610529,1.0,1.0,0.0013690191031353264,0.0012843698523716904,0.0012843698523716904,1.649605917681278e-06,0.3146242582168499,0.20762497902273677,1.5153487778674057,0.3146242582168499,0.20762497902273677,1.5153487778674057,0.48260016424335217,0.27115351763469103,0.43289909469751975,0.43289909469751975,mild,full_curve,50,0.00027853345153008245
50,peak_time,31.0,23.92,21.5,16.05337058286225,9.0,39.25,0.0,48.0,30.25,48.0,1.0,1.0,-7.079999999999998,-9.5,9.5,90.25,0.31541206063407373,0.4411559603085969,0.7149672429075583,0.31541206063407373,0.4411559603085969,0.7149672429075583,0.2932621956429153,0.48033082051759707,0.4940549643317324,0.4940549643317324,mild,full_curve,50,2.420863284420396e-06
50,peak_height,0.04138034209609032,0.05859152426943183,0.051247550174593925,0.030771403992984784,0.044404471293091774,0.06065216660499573,0.03511906620115042,0.12335453703999517,0.016247695311903954,0.08823547083884475,0.0,1.0,0.017211182173341513,0.009867208078503609,0.009867208078503609,9.736179526448688e-05,0.31541206063407373,0.4411559603085969,0.7149672429075583,0.31541206063407373,0.4411559603085969,0.7149672429075583,0.2932621956429153,0.48033082051759707,0.4940549643317324,0.4940549643317324,mild,full_curve,50,2.420863284420396e-06
50,cumulative_infected,0.47103517001960427,0.7376847650636773,0.48627410088738543,0.7207883700787682,0.4198757190015385,0.6231234664828662,0.3307363591695321,2.443919070999254,0.20324774748132768,2.113182711829722,1.0,1.0,0.26664959504407304,0.015238930867781164,0.015238930867781164,0.00023222501399301358,0.31541206063407373,0.4411559603085969,0.7149672429075583,0.31541206063407373,0.4411559603085969,0.7149672429075583,0.2932621956429153,0.48033082051759707,0.4940549643317324,0.4940549643317324,mild,full_curve,50,2.420863284420396e-06
50,early_growth_slope,0.0023887693920793636,-0.0002442539450116559,-0.00030074672481749125,0.002107370872640852,-0.0015291240193792393,0.0008017852503274175,-0.0033726878491939865,0.002925171775166831,0.0023309092697066567,0.006297859624360818,0.0,1.0,-0.0026330233370910196,-0.002689516116896855,0.002689516116896855,7.233496943047937e-06,0.31541206063407373,0.4411559603085969,0.7149672429075583,0.31541206063407373,0.4411559603085969,0.7149672429075583,0.2932621956429153,0.48033082051759707,0.4940549643317324,0.4940549643317324,mild,full_curve,50,2.420863284420396e-06
51,peak_time,46.0,41.85,43.0,6.122280884794754,40.0,46.0,31.95,48.05,6.0,16.099999999999998,1.0,1.0,-4.149999999999999,-3.0,3.0,9.0,0.15248434140764605,0.07522598423699654,2.0270169005333325,0.15248434140764605,0.07522598423699654,2.0270169005333325,0.18618740126411512,0.08349356449692624,0.4044955262008251,0.4044955262008251,mild,full_curve,50,1.3969163983834264e-05
51,peak_height,0.1653597503900528,0.2702327908203006,0.292990118265152,0.09724113281781563,0.21613756194710732,0.3456095680594444,0.07319658435881138,0.3851599618792534,0.1294720061123371,0.311963377520442,0.0,1.0,0.10487304043024781,0.12763036787509918,0.12763036787509918,0.01628951080393315,0.15248434140764605,0.07522598423699654,2.0270169005333325,0.15248434140764605,0.07522598423699654,2.0270169005333325,0.18618740126411512,0.08349356449692624,0.4044955262008251,0.4044955262008251,mild,full_curve,50,1.3969163983834264e-05
51,cumulative_infected,3.4251323929056525,6.053413350752144,6.495172314113006,2.378957544744502,4.889930279459804,7.930810297548305,1.3910655387007864,9.19812653947156,3.040880018088501,7.807061000770773,0.0,1.0,2.628280957846491,3.0700399212073535,3.0700399212073535,9.425145117806853,0.15248434140764605,0.07522598423699654,2.0270169005333325,0.15248434140764605,0.07522598423699654,2.0270169005333325,0.18618740126411512,0.08349356449692624,0.4044955262008251,0.4044955262008251,mild,full_curve,50,1.3969163983834264e-05
51,early_growth_slope,0.0026501339192951225,0.0010495202905812702,0.0011991886865525031,0.0029267167491360433,-0.0004871121879356598,0.002648097785866065,-0.004066662739136342,0.005638621981017334,0.0031352099738017245,0.009705284720153676,0.0,1.0,-0.0016006136287138523,-0.0014509452327426194,0.0014509452327426194,2.1052420684185337e-06,0.15248434140764605,0.07522598423699654,2.0270169005333325,0.15248434140764605,0.07522598423699654,2.0270169005333325,0.18618740126411512,0.08349356449692624,0.4044955262008251,0.4044955262008251,mild,full_curve,50,1.3969163983834264e-05
52,peak_time,3.0,23.34,24.0,15.120539245367775,9.0,37.25,2.0,47.0,28.25,45.0,0.0,1.0,20.34,21.0,21.0,441.0,0.3242447505160187,0.42905859970759264,0.755712041984462,0.3242447505160187,0.42905859970759264,0.755712041984462,0.30395043904078545,0.4588385124655646,0.4437873872462622,0.4437873872462622,mild,full_curve,50,5.2523141815372046e-06
52,peak_height,0.051863010972738266,0.053190890476107595,0.04915964417159557,0.017219454416664205,0.04267010651528835,0.05736495088785887,0.036968782916665076,0.08125675320625303,0.014694844372570515,0.044287970289587954,1.0,1.0,0.0013278795033693294,-0.0027033668011426926,0.0027033668011426926,7.308192061520474e-06,0.3242447505160187,0.42905859970759264,0.755712041984462,0.3242447505160187,0.42905859970759264,0.755712041984462,0.30395043904078545,0.4588385124655646,0.4437873872462622,0.4437873872462622,mild,full_curve,50,5.2523141815372046e-06
52,cumulative_infected,0.41583055365481414,0.6168238551815375,0.4861418063810561,0.4352157893828725,0.40927714678036864,0.607434125697182,0.3163772218802478,1.5010319225562851,0.1981569789168134,1.1846547006760373,1.0,1.0,0.20099330152672334,0.07031125272624195,0.07031125272624195,0.004943672259933466,0.3242447505160187,0.42905859970759264,0.755712041984462,0.3242447505160187,0.42905859970759264,0.755712041984462,0.30395043904078545,0.4588385124655646,0.4437873872462622,0.4437873872462622,mild,full_curve,50,5.2523141815372046e-06
52,early_growth_slope,0.0007234922155649181,-5.392293576776452e-05,7.275497496483243e-06,0.0021281782622836524,-0.00129914583106126,0.0012353246600555609,-0.0031900586870809377,0.0031969317142543957,0.002534470491116821,0.006386990401335333,1.0,1.0,-0.0007774151513326825,-0.0007162167180684349,0.0007162167180684349,5.129663872407199e-07,0.3242447505160187,0.42905859970759264,0.755712041984462,0.3242447505160187,0.42905859970759264,0.755712041984462,0.30395043904078545,0.4588385124655646,0.4437873872462622,0.4437873872462622,mild,full_curve,50,5.2523141815372046e-06
53,peak_time,29.0,27.1,27.0,2.120129593904461,26.0,28.0,23.95,30.049999999999997,2.0,6.099999999999998,0.0,1.0,-1.8999999999999986,-2.0,2.0,4.0,0.2899963819035058,0.07451487357047722,3.8917919068764593,0.2899963819035058,0.07451487357047722,3.8917919068764593,0.4227805256307632,0.07996117699117526,0.4501032282288707,0.4501032282288707,mild,full_curve,50,0.006997487960496622
53,peak_height,0.4317462742328644,0.4140868756175041,0.40810365974903107,0.033791066604064016,0.39205362647771835,0.43620405346155167,0.3639513418078423,0.4742886111140251,0.04415042698383331,0.11033726930618282,1.0,1.0,-0.017659398615360256,-0.023642614483833313,0.023642614483833313,0.0005589732196311648,0.2899963819035058,0.07451487357047722,3.8917919068764593,0.2899963819035058,0.07451487357047722,3.8917919068764593,0.4227805256307632,0.07996117699117526,0.4501032282288707,0.4501032282288707,mild,full_curve,50,0.006997487960496622
53,cumulative_infected,10.513581200502813,10.73872253549729,10.611005004728213,0.8724975406234502,10.179518500692211,11.484230604371987,9.496246721496572,12.068394376407378,1.3047121036797762,2.5721476549108058,1.0,1.0,0.2251413349944773,0.09742380422540009,0.09742380422540009,0.009491397629749085,0.2899963819035058,0.07451487357047722,3.8917919068764593,0.2899963819035058,0.07451487357047722,3.8917919068764593,0.4227805256307632,0.07996117699117526,0.4501032282288707,0.4501032282288707,mild,full_curve,50,0.006997487960496622
53,early_growth_slope,0.0007497046054119151,0.0036207086622051144,0.0034859563678591725,0.0027516076053331964,0.0018975593543256672,0.005543714925893472,-0.0003643578386843372,0.007680967467327022,0.003646155571567805,0.00804532530601136,0.0,1.0,0.0028710040567931994,0.0027362517624472575,0.0027362517624472575,7.487073707495723e-06,0.2899963819035058,0.07451487357047722,3.8917919068764593,0.2899963819035058,0.07451487357047722,3.8917919068764593,0.4227805256307632,0.07996117699117526,0.4501032282288707,0.4501032282288707,mild,full_curve,50,0.006997487960496622
54,peak_time,37.0,23.68,24.5,12.233320947892334,15.0,32.25,2.95,44.0,17.25,41.05,0.0,1.0,-13.32,-12.5,12.5,156.25,0.3291022813410171,0.26537724551627784,1.240129991931921,0.3291022813410171,0.26537724551627784,1.240129991931921,0.5201635448425348,0.37992071656800674,0.5065700241382297,0.5065700241382297,mild,full_curve,50,6.288501406253463e-05
54,peak_height,0.054960135370492935,0.07015324763953686,0.06258411146700382,0.030233217240047513,0.05154966842383146,0.07665976695716381,0.042684007436037064,0.11291066184639927,0.025110098533332348,0.0702266544103622,1.0,1.0,0.01519311226904392,0.007623976096510887,0.007623976096510887,5.8125011520169384e-05,0.3291022813410171,0.26537724551627784,1.240129991931921,0.3291022813410171,0.26537724551627784,1.240129991931921,0.5201635448425348,0.37992071656800674,0.5065700241382297,0.5065700241382297,mild,full_curve,50,6.288501406253463e-05
54,cumulative_infected,1.100326098385267,1.1527378528032022,0.8844395961496048,0.8757265060220475,0.5650530572602293,1.4673722398874816,0.3985383143815852,2.7957774462163796,0.9023191826272523,2.3972391318347945,1.0,1.0,0.05241175441793522,-0.2158865022356622,0.2158865022356622,0.04660698184754858,0.3291022813410171,0.26537724551627784,1.240129991931921,0.3291022813410171,0.26537724551627784,1.240129991931921,0.5201635448425348,0.37992071656800674,0.5065700241382297,0.5065700241382297,mild,full_curve,50,6.288501406253463e-05
54,early_growth_slope,-0.0001285216948460963,-0.0001597736509349828,-0.0005084225535288813,0.0024185300373054143,-0.0019308042676476303,0.0011328632111447705,-0.0031917756561943822,0.003958189366537787,0.0030636674787924006,0.00714996502273217,1.0,1.0,-3.125195608888649e-05,-0.000379900858682785,0.000379900858682785,1.4432466242791737e-07,0.3291022813410171,0.26537724551627784,1.240129991931921,0.3291022813410171,0.26537724551627784,1.240129991931921,0.5201635448425348,0.37992071656800674,0.5065700241382297,0.5065700241382297,mild,full_curve,50,6.288501406253463e-05
55,peak_time,21.0,19.62,20.0,2.286455507522241,18.0,21.0,16.0,24.0,3.0,8.0,1.0,1.0,-1.379999999999999,-1.0,1.0,1.0,0.44930369337529763,0.21878294342485619,2.0536504644367617,0.44930369337529763,0.21878294342485619,2.0536504644367617,0.8218833670743898,0.2713781269278947,0.38865389184161914,0.38865389184161914,mild,full_curve,50,0.0035274499238611193
55,peak_height,0.20400792360305786,0.17454740509390831,0.17387255281209946,0.01509455366005109,0.16556524112820625,0.18419359251856804,0.14887018129229546,0.1980497859418392,0.018628351390361786,0.04917960464954374,0.0,0.0,-0.029460518509149547,-0.030135370790958405,0.030135370790958405,0.000908140572708549,0.44930369337529763,0.21878294342485619,2.0536504644367617,0.44930369337529763,0.21878294342485619,2.0536504644367617,0.8218833670743898,0.2713781269278947,0.38865389184161914,0.38865389184161914,mild,full_curve,50,0.0035274499238611193
55,cumulative_infected,3.4021191522479057,3.3452726094085663,3.340364324278198,0.22864566077957624,3.194616123175365,3.493112371666939,2.9660960499371867,3.7246028037887298,0.2984962484915741,0.7585067538515431,1.0,1.0,-0.05684654283933943,-0.06175482796970755,0.06175482796970755,0.0038136587775681736,0.44930369337529763,0.21878294342485619,2.0536504644367617,0.44930369337529763,0.21878294342485619,2.0536504644367617,0.8218833670743898,0.2713781269278947,0.38865389184161914,0.38865389184161914,mild,full_curve,50,0.0035274499238611193
55,early_growth_slope,0.00481343249391232,0.004131263296633603,0.004276707079649591,0.002853784124555673,0.002180504953555231,0.005622453260695605,-0.0007921323263352444,0.008400722633710497,0.003441948307140374,0.009192854960045741,1.0,1.0,-0.0006821691972787175,-0.0005367254142627292,0.0005367254142627292,2.880741703154983e-07,0.44930369337529763,0.21878294342485619,2.0536504644367617,0.44930369337529763,0.21878294342485619,2.0536504644367617,0.8218833670743898,0.2713781269278947,0.38865389184161914,0.38865389184161914,mild,full_curve,50,0.0035274499238611193
56,peak_time,47.0,24.53,25.5,14.100974248167207,13.0,37.25,1.0,45.0,24.25,44.0,0.0,0.0,-22.47,-21.5,21.5,462.25,0.27728256058789824,0.22910852920132765,1.2102672980115812,0.27728256058789824,0.22910852920132765,1.2102672980115812,0.5800072632402468,0.4150367311473699,0.3581035174325697,0.3581035174325697,mild,full_curve,50,0.00014974619828923995
56,peak_height,0.06443161517381668,0.06571705561131239,0.053728966042399406,0.03695859751096821,0.04692741762846708,0.06720034219324589,0.03763220049440861,0.13472976908087725,0.020272924564778805,0.09709756858646865,1.0,1.0,0.0012854404374957051,-0.010702649131417274,0.010702649131417274,0.00011454669843022694,0.27728256058789824,0.22910852920132765,1.2102672980115812,0.27728256058789824,0.22910852920132765,1.2102672980115812,0.5800072632402468,0.4150367311473699,0.3581035174325697,0.3581035174325697,mild,full_curve,50,0.00014974619828923995
56,cumulative_infected,0.9755348372273147,0.9763736543171398,0.5651924558187602,0.9962652875743752,0.4646515181957511,0.9442368636664469,0.3588538092735689,3.3249045488657414,0.47958534547069576,2.9660507395921725,0.0,1.0,0.000838817089825139,-0.4103423814085545,0.4103423814085545,0.16838086998004362,0.27728256058789824,0.22910852920132765,1.2102672980115812,0.27728256058789824,0.22910852920132765,1.2102672980115812,0.5800072632402468,0.4150367311473699,0.3581035174325697,0.3581035174325697,mild,full_curve,50,0.00014974619828923995
56,early_growth_slope,0.0006580426235727615,0.00045805819455424783,0.00059416875176664,0.0024147625804926,-0.000843888411985799,0.001895945316867992,-0.0034271897093969416,0.004397537194364259,0.002739833728853791,0.0078247269037612,1.0,1.0,-0.0001999844290185137,-6.387387180612153e-05,6.387387180612153e-05,4.0798714995048476e-09,0.27728256058789824,0.22910852920132765,1.2102672980115812,0.27728256058789824,0.22910852920132765,1.2102672980115812,0.5800072632402468,0.4150367311473699,0.3581035174325697,0.3581035174325697,mild,full_curve,50,0.00014974619828923995
57,peak_time,27.0,25.59,26.0,13.743755239409936,15.75,35.0,1.0,48.0,19.25,47.0,1.0,1.0,-1.4100000000000001,-1.0,1.0,1.0,0.2856943210902944,0.2409322118369311,1.185787151133031,0.2856943210902944,0.2409322118369311,1.185787151133031,0.4448034813728572,0.3486659864476568,0.5104898596167102,0.5104898596167102,mild,full_curve,50,2.4644937378706655e-05
57,peak_height,0.06817329674959183,0.06692053634673358,0.05878918245434761,0.029859564765790412,0.04827116057276726,0.07547044195234776,0.03917343523353338,0.13464944437146187,0.027199281379580498,0.09547600913792849,1.0,1.0,-0.0012527604028582523,-0.009384114295244217,0.009384114295244217,8.806160110620687e-05,0.2856943210902944,0.2409322118369311,1.185787151133031,0.2856943210902944,0.2409322118369311,1.185787151133031,0.4448034813728572,0.3486659864476568,0.5104898596167102,0.5104898596167102,mild,full_curve,50,2.4644937378706655e-05
57,cumulative_infected,0.9722472595749423,1.0502333683821508,0.7444153322139755,0.8823330361048755,0.5336868339893499,1.1482450181501918,0.4227612460934324,2.7314311993541196,0.6145581841608418,2.3086699532606874,1.0,1.0,0.07798610880720847,-0.2278319273609668,0.2278319273609668,0.051907387125012854,0.2856943210902944,0.2409322118369311,1.185787151133031,0.2856943210902944,0.2409322118369311,1.185787151133031,0.4448034813728572,0.3486659864476568,0.5104898596167102,0.5104898596167102,mild,full_curve,50,2.4644937378706655e-05
57,early_growth_slope,-0.00017532384178290718,0.00032872759614790693,0.00039848522023281285,0.0022248969016695616,-0.0011412317537525208,0.0015342094300736095,-0.0030124806194743586,0.00413172782254627,0.0026754411838261303,0.007144208442020628,1.0,1.0,0.0005040514379308142,0.00057380906201572,0.00057380906201572,3.2925683965136044e-07,0.2856943210902944,0.2409322118369311,1.185787151133031,0.2856943210902944,0.2409322118369311,1.185787151133031,0.4448034813728572,0.3486659864476568,0.5104898596167102,0.5104898596167102,mild,full_curve,50,2.4644937378706655e-05
58,peak_time,49.0,20.74,17.5,14.585602420873743,8.75,31.0,1.0,47.05,22.25,46.05,0.0,0.0,-28.26,-31.5,31.5,992.25,0.1,0.11185027171779884,0.894052365400619,0.1,0.11185027171779884,0.894052365400619,0.3912593620261985,0.3752454692992487,0.3632850449803394,0.3632850449803394,mild,full_curve,50,3.283462735641804e-05
58,peak_height,0.06468870490789413,0.06028905019164085,0.05346718616783619,0.028935497319319787,0.045353369787335396,0.06414970941841602,0.03600968178361654,0.11008539088070388,0.018796339631080627,0.07407570909708733,0.0,1.0,-0.004399654716253282,-0.011221518740057945,0.011221518740057945,0.00012592248283347166,0.1,0.11185027171779884,0.894052365400619,0.1,0.11185027171779884,0.894052365400619,0.3912593620261985,0.3752454692992487,0.3632850449803394,0.3632850449803394,mild,full_curve,50,3.283462735641804e-05
58,cumulative_infected,0.7446557083894731,0.8366199288091503,0.5701461130811367,0.7848032828236251,0.4210608258290449,0.8535047827899689,0.3313870677302475,2.629784590564668,0.43244395696092397,2.2983975228344207,1.0,1.0,0.09196422041967711,-0.17450959530833643,0.17450959530833643,0.030453598854679357,0.1,0.11185027171779884,0.894052365400619,0.1,0.11185027171779884,0.894052365400619,0.3912593620261985,0.3752454692992487,0.3632850449803394,0.3632850449803394,mild,full_curve,50,3.283462735641804e-05
58,early_growth_slope,0.0004558548819096326,0.0003452056921889299,0.0007849769428416738,0.0024204357586350973,-0.0013274156822479274,0.0019099127142302068,-0.0035814395874261924,0.003898820653280596,0.0032373283964781344,0.0074802602407067886,1.0,1.0,-0.00011064918972070273,0.0003291220609320412,0.0003291220609320412,1.0832133099215424e-07,0.1,0.11185027171779884,0.894052365400619,0.1,0.11185027171779884,0.894052365400619,0.3912593620261985,0.3752454692992487,0.3632850449803394,0.3632850449803394,mild,full_curve,50,3.283462735641804e-05
59,peak_time,2.0,23.88,23.0,14.89510800310768,10.75,37.25,2.0,48.0,26.5,46.0,0.0,1.0,21.88,21.0,21.0,441.0,0.2575336685644586,0.3405606173534424,0.7562050790423123,0.2575336685644586,0.3405606173534424,0.7562050790423123,0.23686468080494658,0.36241666492370095,0.4446172496291396,0.4446172496291396,mild,full_curve,50,1.4358122018637868e-06
59,peak_height,0.06848683208227158,0.05880327500402927,0.05143256485462189,0.026122212462933708,0.0453956201672554,0.05998453311622143,0.03913449924439192,0.10572818517684936,0.014588912948966026,0.06659368593245743,0.0,1.0,-0.009683557078242304,-0.01705426722764969,0.01705426722764969,0.0002908480306720862,0.2575336685644586,0.3405606173534424,0.7562050790423123,0.2575336685644586,0.3405606173534424,0.7562050790423123,0.23686468080494658,0.36241666492370095,0.4446172496291396,0.4446172496291396,mild,full_curve,50,1.4358122018637868e-06
59,cumulative_infected,0.6185273184673861,0.7563881496129625,0.4958735370055365,0.6710439912342391,0.41086339974572184,0.6812753796984907,0.3255898554547457,2.106687402335228,0.2704119799527689,1.7810975468804826,1.0,1.0,0.13786083114557646,-0.12265378146184958,0.12265378146184958,0.015043950106891154,0.2575336685644586,0.3405606173534424,0.7562050790423123,0.2575336685644586,0.3405606173534424,0.7562050790423123,0.23686468080494658,0.36241666492370095,0.4446172496291396,0.4446172496291396,mild,full_curve,50,1.4358122018637868e-06
59,early_growth_slope,-0.005193427809336708,-7.193647342882239e-05,7.535675762309935e-05,0.0025244251644661667,-0.0018686135909298327,0.0015751020816553917,-0.003928190430936711,0.0036774197447812166,0.0034437156725852245,0.007605610175717927,0.0,0.0,0.005121491335907886,0.0052687845669598075,0.0052687845669598075,2.7760090813033846e-05,0.2575336685644586,0.3405606173534424,0.7562050790423123,0.2575336685644586,0.3405606173534424,0.7562050790423123,0.23686468080494658,0.36241666492370095,0.4446172496291396,0.4446172496291396,mild,full_curve,50,1.4358122018637868e-06
60,peak_time,43.0,37.72,38.0,3.7391729221064574,35.0,40.0,32.0,44.0,5.0,12.0,0.0,1.0,-5.280000000000001,-5.0,5.0,25.0,0.2015515492675368,0.07049763648174937,2.8589830712936743,0.2015515492675368,0.07049763648174937,2.8589830712936743,0.2649135619547513,0.07916602140917442,0.4449772582611009,0.4449772582611009,mild,full_curve,50,0.00030058686074417346
60,peak_height,0.3010868430137634,0.3793920537084341,0.402939110994339,0.07114396298086245,0.350867360830307,0.42191530019044876,0.2247038923203945,0.44908909052610396,0.07104793936014175,0.22438519820570946,0.0,1.0,0.07830521069467067,0.10185226798057556,0.10185226798057556,0.010373884492786978,0.2015515492675368,0.07049763648174937,2.8589830712936743,0.2015515492675368,0.07049763648174937,2.8589830712936743,0.2649135619547513,0.07916602140917442,0.4449772582611009,0.4449772582611009,mild,full_curve,50,0.00030058686074417346
60,cumulative_infected,7.426472340710461,9.562460721851386,10.099348347401246,2.008361515494662,8.909425296122208,10.926105690537952,5.191627877448627,11.627968821371905,2.0166803944157436,6.436340943923278,0.0,1.0,2.1359883811409244,2.6728760066907853,2.6728760066907853,7.144266147143279,0.2015515492675368,0.07049763648174937,2.8589830712936743,0.2015515492675368,0.07049763648174937,2.8589830712936743,0.2649135619547513,0.07916602140917442,0.4449772582611009,0.4449772582611009,mild,full_curve,50,0.00030058686074417346
60,early_growth_slope,0.005268104219188292,0.0019910845741954596,0.0020259384653486673,0.0025780473439670037,-7.31851656122926e-05,0.0037557528481730034,-0.0022016304388498154,0.006227224080690313,0.003828938013785296,0.00842885451954013,0.0,1.0,-0.003277019644992832,-0.0032421657538396244,0.0032421657538396244,1.051163877537046e-05,0.2015515492675368,0.07049763648174937,2.8589830712936743,0.2015515492675368,0.07049763648174937,2.8589830712936743,0.2649135619547513,0.07916602140917442,0.4449772582611009,0.4449772582611009,mild,full_curve,50,0.00030058686074417346
61,peak_time,27.0,21.96,22.0,2.8986935406186425,19.0,24.0,18.0,27.0,5.0,9.0,0.0,1.0,-5.039999999999999,-5.0,5.0,25.0,0.42356281579900185,0.23642950950539013,1.7914972487363954,0.42356281579900185,0.23642950950539013,1.7914972487363954,0.7003569837557189,0.29900085689179645,0.45012292783094754,0.45012292783094754,mild,full_curve,50,0.0016498576146772635
61,peak_height,0.15446311235427856,0.1538226943463087,0.15446578711271286,0.01637824076787591,0.14216327667236328,0.16443369910120964,0.12699443399906157,0.18031161576509475,0.02227042242884636,0.05331718176603317,1.0,1.0,-0.0006404180079698507,2.6747584342956543e-06,2.6747584342956543e-06,7.15433268183574e-12,0.42356281579900185,0.23642950950539013,1.7914972487363954,0.42356281579900185,0.23642950950539013,1.7914972487363954,0.7003569837557189,0.29900085689179645,0.45012292783094754,0.45012292783094754,mild,full_curve,50,0.0016498576146772635
61,cumulative_infected,3.1518552261404693,3.187198963441042,3.2146810383419506,0.26856367444665613,2.982094601378776,3.3820561376633123,2.760346095112618,3.565013811225071,0.3999615362845361,0.8046677161124531,1.0,1.0,0.03534373730057272,0.06282581220148131,0.06282581220148131,0.003947082678775798,0.42356281579900185,0.23642950950539013,1.7914972487363954,0.42356281579900185,0.23642950950539013,1.7914972487363954,0.7003569837557189,0.29900085689179645,0.45012292783094754,0.45012292783094754,mild,full_curve,50,0.0016498576146772635
61,early_growth_slope,0.0016563358672318008,0.003322728072802138,0.0035821851426070294,0.002700885855774238,0.0014050379270754225,0.005362351171372989,-0.0010207165581440274,0.007594331760109135,0.003957313244297567,0.008615048318253162,1.0,1.0,0.0016663922055703373,0.0019258492753752286,0.0019258492753752286,3.708895431463293e-06,0.42356281579900185,0.23642950950539013,1.7914972487363954,0.42356281579900185,0.23642950950539013,1.7914972487363954,0.7003569837557189,0.29900085689179645,0.45012292783094754,0.45012292783094754,mild,full_curve,50,0.0016498576146772635
62,peak_time,30.0,25.13,24.0,15.162856664303803,13.0,39.0,1.0,48.0,26.0,47.0,1.0,1.0,-4.870000000000001,-6.0,6.0,36.0,0.29021748890195265,0.3928115277102296,0.7388212117747246,0.29021748890195265,0.3928115277102296,0.7388212117747246,0.2646825586056971,0.41973841346390484,0.516820950630306,0.516820950630306,mild,full_curve,50,9.099353434002235e-07
62,peak_height,0.05564337968826294,0.053257112447172406,0.04780871979892254,0.021509802533115484,0.043082887306809425,0.059183296747505665,0.035873961821198466,0.07516020052134988,0.01610040944069624,0.03928623870015141,1.0,1.0,-0.002386267241090534,-0.0078346598893404,0.0078346598893404,6.138189558163934e-05,0.29021748890195265,0.3928115277102296,0.7388212117747246,0.29021748890195265,0.3928115277102296,0.7388212117747246,0.2646825586056971,0.41973841346390484,0.516820950630306,0.516820950630306,mild,full_curve,50,9.099353434002235e-07
62,cumulative_infected,0.3539046720979968,0.6045437741669275,0.4795017640990409,0.5240927973175287,0.41857388174685184,0.5945783073329949,0.32609020314266673,1.2904482124664352,0.17600442558614304,0.9643580093237685,0.0,1.0,0.2506391020689307,0.12559709200104408,0.12559709200104408,0.01577462951911873,0.29021748890195265,0.3928115277102296,0.7388212117747246,0.29021748890195265,0.3928115277102296,0.7388212117747246,0.2646825586056971,0.41973841346390484,0.516820950630306,0.516820950630306,mild,full_curve,50,9.099353434002235e-07
62,early_growth_slope,8.710555820947733e-05,-0.0005922060996299254,-0.0006415311114064274,0.002188917830741628,-0.0019495216180248876,0.0008599213548829236,-0.004091743691450182,0.0027967521177439843,0.0028094429729078113,0.006888495809194166,1.0,1.0,-0.0006793116578394027,-0.0007286366696159047,0.0007286366696159047,5.30911396308957e-07,0.29021748890195265,0.3928115277102296,0.7388212117747246,0.29021748890195265,0.3928115277102296,0.7388212117747246,0.2646825586056971,0.41973841346390484,0.516820950630306,0.516820950630306,mild,full_curve,50,9.099353434002235e-07
63,peak_time,18.0,22.37,23.0,15.311351173148461,7.75,34.5,1.0,47.05,26.75,46.05,1.0,1.0,4.370000000000001,5.0,5.0,25.0,0.22754614077130797,0.4423961740664434,0.5143492509886237,0.22754614077130797,0.4423961740664434,0.5143492509886237,0.18023012285830156,0.4911684495659578,0.36453251252382723,0.36453251252382723,mild,full_curve,50,1.5639746387590708e-06
63,peak_height,0.035265397280454636,0.05672789480537176,0.051225561648607254,0.029114573413761575,0.042597862891852856,0.057796575129032135,0.03548196367919445,0.12083616554737091,0.01519871223717928,0.08535420186817647,0.0,0.0,0.021462497524917128,0.01596016436815262,0.01596016436815262,0.00025472684665844847,0.22754614077130797,0.4423961740664434,0.5143492509886237,0.22754614077130797,0.4423961740664434,0.5143492509886237,0.18023012285830156,0.4911684495659578,0.36453251252382723,0.36453251252382723,mild,full_curve,50,1.5639746387590708e-06
63,cumulative_infected,0.45211485936306417,0.6937645352082472,0.494126201600011,0.6028686731465753,0.4092250493413303,0.6554289850464556,0.303850294824224,2.1480690653988854,0.24620393570512533,1.8442187705746615,1.0,1.0,0.24164967584518304,0.0420113422369468,0.0420113422369468,0.0017649528765498704,0.22754614077130797,0.4423961740664434,0.5143492509886237,0.22754614077130797,0.4423961740664434,0.5143492509886237,0.18023012285830156,0.4911684495659578,0.36453251252382723,0.36453251252382723,mild,full_curve,50,1.5639746387590708e-06
63,early_growth_slope,-0.0014946054600711372,2.0224229208127665e-05,2.1392515572231224e-05,0.0020626630869268036,-0.0014635651923959978,0.0014138770715189392,-0.0033201048804801826,0.0036029258400612015,0.002877442263914937,0.006923030720541384,0.0,1.0,0.0015148296892792648,0.0015159979756433684,0.0015159979756433684,2.298249862154791e-06,0.22754614077130797,0.4423961740664434,0.5143492509886237,0.22754614077130797,0.4423961740664434,0.5143492509886237,0.18023012285830156,0.4911684495659578,0.36453251252382723,0.36453251252382723,mild,full_curve,50,1.5639746387590708e-06
64,peak_time,43.0,23.42,25.0,15.259492822899498,10.0,36.25,0.0,47.05,26.25,47.05,0.0,1.0,-19.58,-18.0,18.0,324.0,0.2494227890242187,0.4318767558231669,0.577532329909289,0.2494227890242187,0.4318767558231669,0.577532329909289,0.20604497676663075,0.476769940406168,0.45813920688659315,0.45813920688659315,mild,full_curve,50,6.668593926055885e-07
64,peak_height,0.06132219731807709,0.05647061962634325,0.04926363192498684,0.022360924226976733,0.043287986889481544,0.05842022784054279,0.035468668676912785,0.10433341860771178,0.015132240951061249,0.068864749930799,0.0,1.0,-0.00485157769173384,-0.012058565393090248,0.012058565393090248,0.00014540899933943377,0.2494227890242187,0.4318767558231669,0.577532329909289,0.2494227890242187,0.4318767558231669,0.577532329909289,0.20604497676663075,0.476769940406168,0.45813920688659315,0.45813920688659315,mild,full_curve,50,6.668593926055885e-07
64,cumulative_infected,0.4813577509485185,0.7029313460238882,0.4907845019042725,0.5462636638014312,0.4281770138331922,0.6182803262709058,0.34802605615113863,2.051227159472182,0.1901033124377136,1.7032011033210435,1.0,1.0,0.22157359507536967,0.00942675095575396,0.00942675095575396,8.88636335818082e-05,0.2494227890242187,0.4318767558231669,0.577532329909289,0.2494227890242187,0.4318767558231669,0.577532329909289,0.20604497676663075,0.476769940406168,0.45813920688659315,0.45813920688659315,mild,full_curve,50,6.668593926055885e-07
64,early_growth_slope,0.0023103798739612107,-0.000687036240924498,-0.0007414607415349951,0.002088490747744495,-0.0017528075692271584,0.000790016653592743,-0.004838508297689256,0.0023887255079379026,0.0025428242228199014,0.007227233805627158,0.0,1.0,-0.0029974161148857087,-0.0030518406154962058,0.0030518406154962058,9.31373114239226e-06,0.2494227890242187,0.4318767558231669,0.577532329909289,0.2494227890242187,0.4318767558231669,0.577532329909289,0.20604497676663075,0.476769940406168,0.45813920688659315,0.45813920688659315,mild,full_curve,50,6.668593926055885e-07
65,peak_time,32.0,31.05,32.0,8.543855964813238,26.0,36.0,17.85,45.05,10.0,27.199999999999996,1.0,1.0,-0.9499999999999993,0.0,0.0,0.0,0.27576562262572013,0.19563641450571742,1.4095822770134696,0.27576562262572013,0.19563641450571742,1.4095822770134696,0.45506193698004505,0.2771052478890465,0.37076923520779165,0.37076923520779165,mild,full_curve,50,0.0001730040519622729
65,peak_height,0.08414316177368164,0.10710079003125429,0.0954333171248436,0.052018774985086995,0.07218842953443527,0.13246531784534454,0.04822192471474409,0.22187989726662635,0.06027688831090927,0.17365797255188226,1.0,1.0,0.02295762825757265,0.011290155351161957,0.011290155351161957,0.00012746760785337097,0.27576562262572013,0.19563641450571742,1.4095822770134696,0.27576562262572013,0.19563641450571742,1.4095822770134696,0.45506193698004505,0.2771052478890465,0.37076923520779165,0.37076923520779165,mild,full_curve,50,0.0001730040519622729
65,cumulative_infected,1.8126631965860724,2.362817097885272,2.0065312499646097,1.4820321774099305,1.3658015476466971,3.0467270200424537,0.5592828404125612,5.705995149957015,1.6809254723957565,5.146712309544454,1.0,1.0,0.5501539012991996,0.1938680533785373,0.1938680533785373,0.03758482212078339,0.27576562262572013,0.19563641450571742,1.4095822770134696,0.27576562262572013,0.19563641450571742,1.4095822770134696,0.45506193698004505,0.2771052478890465,0.37076923520779165,0.37076923520779165,mild,full_curve,50,0.0001730040519622729
65,early_growth_slope,0.000757122257103523,0.0008870788951991844,0.0007659841087713307,0.0023243538666292544,-0.0004314122641170836,0.0022322030764328126,-0.003010134179134006,0.004416536089653769,0.0026636153405498963,0.007426670268787775,1.0,1.0,0.00012995663809566146,8.861851667807765e-06,8.861851667807765e-06,7.853241498222727e-11,0.27576562262572013,0.19563641450571742,1.4095822770134696,0.27576562262572013,0.19563641450571742,1.4095822770134696,0.45506193698004505,0.2771052478890465,0.37076923520779165,0.37076923520779165,mild,full_curve,50,0.0001730040519622729
66,peak_time,13.0,15.64,16.0,1.1850925889754123,15.0,16.0,14.0,18.0,1.0,4.0,0.0,0.0,2.6400000000000006,3.0,3.0,9.0,0.5265006594603919,0.053949323028283654,9.759170827488733,0.5265006594603919,0.053949323028283654,9.759170827488733,0.9749752366163381,0.054277529618968326,0.5752872277919926,0.5752872277919926,mild,full_curve,50,0.004461961282961451
66,peak_height,0.6858565211296082,0.6603584128618241,0.6629229784011841,0.01996063290409749,0.6450194269418716,0.6747374385595322,0.627576145529747,0.6908183068037033,0.029718011617660522,0.06324216127395621,0.0,1.0,-0.025498108267784092,-0.022933542728424072,0.022933542728424072,0.0005259473820764526,0.5265006594603919,0.053949323028283654,9.759170827488733,0.5265006594603919,0.053949323028283654,9.759170827488733,0.9749752366163381,0.054277529618968326,0.5752872277919926,0.5752872277919926,mild,full_curve,50,0.004461961282961451
66,cumulative_infected,16.49566711485386,15.767384993528285,15.794051271630451,0.6457806133656684,15.454721651156433,16.272770340554416,14.612061699078186,16.514682528097183,0.8180486893979833,1.9026208290189963,0.0,1.0,-0.7282821213255737,-0.7016158432234079,0.7016158432234079,0.4922647914620936,0.5265006594603919,0.053949323028283654,9.759170827488733,0.5265006594603919,0.053949323028283654,9.759170827488733,0.9749752366163381,0.054277529618968326,0.5752872277919926,0.5752872277919926,mild,full_curve,50,0.004461961282961451
66,early_growth_slope,0.02072357206738421,0.022519735478660236,0.022798357733596012,0.0037918257502948865,0.02049974001212311,0.02480770498126124,0.016176040933489618,0.02816272379118128,0.004307964969138128,0.011986682857691663,1.0,1.0,0.001796163411276027,0.0020747856662118036,0.0020747856662118036,4.304735560717958e-06,0.5265006594603919,0.053949323028283654,9.759170827488733,0.5265006594603919,0.053949323028283654,9.759170827488733,0.9749752366163381,0.054277529618968326,0.5752872277919926,0.5752872277919926,mild,full_curve,50,0.004461961282961451
67,peak_time,34.0,33.05,33.0,2.7279881216602084,31.0,35.0,29.0,37.05,4.0,8.049999999999997,1.0,1.0,-0.9500000000000028,-1.0,1.0,1.0,0.24794111648436112,0.0874298407617842,2.835886630057055,0.24794111648436112,0.0874298407617842,2.835886630057055,0.33036949836942814,0.09654702655141985,0.4904210343777238,0.4904210343777238,mild,full_curve,50,0.0014605210216930855
67,peak_height,0.328653484582901,0.3617562186717987,0.36609186232089996,0.037064965371843304,0.33612319827079773,0.3884582221508026,0.3005578130483627,0.41665033549070357,0.05233502388000488,0.11609252244234086,0.0,1.0,0.03310273408889769,0.03743837773799896,0.03743837773799896,0.0014016321276530963,0.24794111648436112,0.0874298407617842,2.835886630057055,0.24794111648436112,0.0874298407617842,2.835886630057055,0.33036949836942814,0.09654702655141985,0.4904210343777238,0.4904210343777238,mild,full_curve,50,0.0014605210216930855
67,cumulative_infected,7.782318900804967,9.460596232244388,9.635117869824171,1.0167482323792099,8.884460344706895,10.119497214909643,7.66255185760092,10.87917041524779,1.235036870202748,3.2166185576468704,0.0,1.0,1.6782773314394213,1.8527989690192044,1.8527989690192044,3.4328640195986266,0.24794111648436112,0.0874298407617842,2.835886630057055,0.24794111648436112,0.0874298407617842,2.835886630057055,0.33036949836942814,0.09654702655141985,0.4904210343777238,0.4904210343777238,mild,full_curve,50,0.0014605210216930855
67,early_growth_slope,0.002896123355077137,0.0027535513104885467,0.0026460038387172277,0.002551234284072839,0.001037212171857913,0.004952769090388236,-0.0012647501896329522,0.006847874509375762,0.003915556918530324,0.008112624699008714,1.0,1.0,-0.0001425720445885903,-0.0002501195163599093,0.0002501195163599093,6.255977246411493e-08,0.24794111648436112,0.0874298407617842,2.835886630057055,0.24794111648436112,0.0874298407617842,2.835886630057055,0.33036949836942814,0.09654702655141985,0.4904210343777238,0.4904210343777238,mild,full_curve,50,0.0014605210216930855
68,peak_time,15.0,16.22,16.0,1.4183501583590603,15.0,17.0,14.0,19.0,2.0,5.0,1.0,1.0,1.2199999999999989,1.0,1.0,1.0,0.49411018802983453,0.14951706296568043,3.3047076917451936,0.49411018802983453,0.14951706296568043,3.3047076917451936,0.9420416073172487,0.16360637129088174,0.4192428373079955,0.4192428373079955,mild,full_curve,50,0.008994133412324896
68,peak_height,0.36751794815063477,0.33893120020627976,0.3382648378610611,0.020974498523643432,0.323263518512249,0.35341547429561615,0.30878485888242724,0.37210767567157743,0.030151955783367157,0.0633228167891502,0.0,1.0,-0.028586747944355007,-0.02925311028957367,0.02925311028957367,0.0008557444616139609,0.49411018802983453,0.14951706296568043,3.3047076917451936,0.49411018802983453,0.14951706296568043,3.3047076917451936,0.9420416073172487,0.16360637129088174,0.4192428373079955,0.4192428373079955,mild,full_curve,50,0.008994133412324896
68,cumulative_infected,6.16929280385375,6.024544374241668,6.034194097912405,0.32995611951781467,5.790662990591954,6.287267177540343,5.497839953319636,6.489942227245774,0.4966041869483888,0.9921022739261387,1.0,1.0,-0.14474842961208179,-0.13509870594134554,0.13509870594134554,0.018251660347026154,0.49411018802983453,0.14951706296568043,3.3047076917451936,0.49411018802983453,0.14951706296568043,3.3047076917451936,0.9420416073172487,0.16360637129088174,0.4192428373079955,0.4192428373079955,mild,full_curve,50,0.008994133412324896
68,early_growth_slope,0.004764573144105574,0.010345067595684494,0.010721824548497913,0.0030864034895052815,0.00849900146879788,0.012421404144593645,0.00492249447076271,0.014508652220857102,0.003922402675795765,0.00958615775009439,0.0,0.0,0.00558049445157892,0.005957251404392339,0.005957251404392339,3.54888442951345e-05,0.49411018802983453,0.14951706296568043,3.3047076917451936,0.49411018802983453,0.14951706296568043,3.3047076917451936,0.9420416073172487,0.16360637129088174,0.4192428373079955,0.4192428373079955,mild,full_curve,50,0.008994133412324896
69,peak_time,22.0,21.93,22.0,2.0511391267224455,21.0,23.0,19.0,25.0,2.0,6.0,1.0,1.0,-0.07000000000000028,0.0,0.0,0.0,0.3685161946708943,0.14258877274655501,2.584468521416584,0.3685161946708943,0.14258877274655501,2.584468521416584,0.6258234853518522,0.16388664367898156,0.3742834365899277,0.3742834365899277,mild,full_curve,50,0.006728569505696903
69,peak_height,0.2912931740283966,0.27412100940942763,0.27420665323734283,0.02000976170643519,0.2604989781975746,0.28783251345157623,0.23873353451490403,0.3020962059497833,0.027333535254001617,0.06336267143487928,0.0,1.0,-0.017172164618968977,-0.017086520791053772,0.017086520791053772,0.0002919491927431128,0.3685161946708943,0.14258877274655501,2.584468521416584,0.3685161946708943,0.14258877274655501,2.584468521416584,0.6258234853518522,0.16388664367898156,0.3742834365899277,0.3742834365899277,mild,full_curve,50,0.006728569505696903
69,cumulative_infected,6.001543649472296,6.061227429768624,6.07002643449232,0.34224448681093456,5.843574548372999,6.299678866053,5.548250552895479,6.513221442652866,0.45610431768000126,0.964970889757387,1.0,1.0,0.059683780296327704,0.06848278502002358,0.06848278502002358,0.004689891844098766,0.3685161946708943,0.14258877274655501,2.584468521416584,0.3685161946708943,0.14258877274655501,2.584468521416584,0.6258234853518522,0.16388664367898156,0.3742834365899277,0.3742834365899277,mild,full_curve,50,0.006728569505696903
69,early_growth_slope,0.0035577221840087853,0.004483540070476963,0.004688241419249346,0.0027487336661584432,0.002523794565128074,0.00628103580536498,-0.00010016643930049175,0.009500982028077398,0.0037572412402369065,0.00960114846737789,1.0,1.0,0.0009258178864681777,0.001130519235240561,0.001130519235240561,1.2780737412489028e-06,0.3685161946708943,0.14258877274655501,2.584468521416584,0.3685161946708943,0.14258877274655501,2.584468521416584,0.6258234853518522,0.16388664367898156,0.3742834365899277,0.3742834365899277,mild,full_curve,50,0.006728569505696903
70,peak_time,20.0,22.23,23.0,4.017273310155141,20.0,25.0,15.95,28.0,5.0,12.05,1.0,1.0,2.2300000000000004,3.0,3.0,9.0,0.45248020064861394,0.2823029644058465,1.6028177444077985,0.45248020064861394,0.2823029644058465,1.6028177444077985,0.8754213937783283,0.3963770931325158,0.3726625546454496,0.3726625546454496,mild,full_curve,50,0.0013308039337660536
70,peak_height,0.12244679033756256,0.1174207167327404,0.11708907410502434,0.016849423980462193,0.10555219650268555,0.12852302193641663,0.08857413232326508,0.14485943466424941,0.02297082543373108,0.05628530234098433,1.0,1.0,-0.005026073604822157,-0.005357716232538223,0.005357716232538223,2.8705123228403573e-05,0.45248020064861394,0.2823029644058465,1.6028177444077985,0.45248020064861394,0.2823029644058465,1.6028177444077985,0.8754213937783283,0.3963770931325158,0.3726625546454496,0.3726625546454496,mild,full_curve,50,0.0013308039337660536
70,cumulative_infected,2.21139623853378,2.2966177817425706,2.292672694544308,0.3145874167015751,2.0748691417802547,2.49813430121867,1.8574719571217428,2.876056299515767,0.42326515943841514,1.0185843423940242,1.0,1.0,0.0852215432087906,0.08127645601052791,0.08127645601052791,0.006605862301631279,0.45248020064861394,0.2823029644058465,1.6028177444077985,0.45248020064861394,0.2823029644058465,1.6028177444077985,0.8754213937783283,0.3963770931325158,0.3726625546454496,0.3726625546454496,mild,full_curve,50,0.0013308039337660536
70,early_growth_slope,0.004387812198339296,0.00212972909422249,0.0022806850694386026,0.002502339602370157,0.0006095092782440292,0.004048225561356437,-0.0022806428723838286,0.005470534111650304,0.0034387162831124077,0.007751176984034132,0.0,1.0,-0.002258083104116806,-0.0021071271289006934,0.0021071271289006934,4.439984737349279e-06,0.45248020064861394,0.2823029644058465,1.6028177444077985,0.45248020064861394,0.2823029644058465,1.6028177444077985,0.8754213937783283,0.3963770931325158,0.3726625546454496,0.3726625546454496,mild,full_curve,50,0.0013308039337660536
71,peak_time,34.0,32.91,33.0,3.042111839568763,30.0,35.0,29.0,38.0,5.0,9.0,1.0,1.0,-1.0900000000000034,-1.0,1.0,1.0,0.2453903187212059,0.060140143794154874,4.080308147601333,0.2453903187212059,0.060140143794154874,4.080308147601333,0.3543213304237225,0.06538853020727937,0.4063178148687029,0.4063178148687029,mild,full_curve,50,0.004654621796862923
71,peak_height,0.44243839383125305,0.4421325160562992,0.4493356794118881,0.05423879439119914,0.4200758561491966,0.4771459698677063,0.36860147267580035,0.5002085357904434,0.057070113718509674,0.1316070631146431,1.0,1.0,-0.0003058777749538333,0.006897285580635071,0.006897285580635071,4.7572548380836466e-05,0.2453903187212059,0.060140143794154874,4.080308147601333,0.2453903187212059,0.060140143794154874,4.080308147601333,0.3543213304237225,0.06538853020727937,0.4063178148687029,0.4063178148687029,mild,full_curve,50,0.004654621796862923
71,cumulative_infected,11.515149015933275,11.795142431149143,12.10300581541378,1.5618413938765365,11.226949255447835,12.791588611435145,9.578598773735576,13.500816883001244,1.5646393559873104,3.9222181092656676,1.0,1.0,0.27999341521586807,0.5878567994805053,0.5878567994805053,0.345575616695463,0.2453903187212059,0.060140143794154874,4.080308147601333,0.2453903187212059,0.060140143794154874,4.080308147601333,0.3543213304237225,0.06538853020727937,0.4063178148687029,0.4063178148687029,mild,full_curve,50,0.004654621796862923
71,early_growth_slope,-0.0008015378178762527,0.003412309276366483,0.003574190847021306,0.0025721442142649644,0.001530365340018069,0.00507964859328543,-0.0005302393719570577,0.007752856319504121,0.0035492832532673614,0.008283095691461179,0.0,0.0,0.004213847094242736,0.004375728664897559,0.004375728664897559,1.914700134880617e-05,0.2453903187212059,0.060140143794154874,4.080308147601333,0.2453903187212059,0.060140143794154874,4.080308147601333,0.3543213304237225,0.06538853020727937,0.4063178148687029,0.4063178148687029,mild,full_curve,50,0.004654621796862923
72,peak_time,24.0,19.95,20.0,6.200969295361831,15.0,23.0,11.8,31.049999999999997,8.0,19.249999999999996,0.0,1.0,-4.050000000000001,-4.0,4.0,16.0,0.48438763045895394,0.34147620308402254,1.4185106490122448,0.48438763045895394,0.34147620308402254,1.4185106490122448,0.7786284762138673,0.4637892547863957,0.5815363581663697,0.5815363581663697,mild,full_curve,50,0.00033892996473738863
72,peak_height,0.08161961287260056,0.07843805141746998,0.07609140872955322,0.017255845044263137,0.06713219173252583,0.08874507807195187,0.05321601796895266,0.11189281456172465,0.02161288633942604,0.05867679659277199,1.0,1.0,-0.0031815614551305715,-0.005528204143047333,0.005528204143047333,3.0561041047205695e-05,0.48438763045895394,0.34147620308402254,1.4185106490122448,0.48438763045895394,0.34147620308402254,1.4185106490122448,0.7786284762138673,0.4637892547863957,0.5815363581663697,0.5815363581663697,mild,full_curve,50,0.00033892996473738863
72,cumulative_infected,1.2827682010829449,1.2690110399902006,1.209359584714548,0.3639482732620228,1.0538849943841342,1.448946740187239,0.724599490491164,1.9398382577783193,0.3950617458031047,1.2152387672871554,1.0,1.0,-0.013757161092744274,-0.0734086163683969,0.0734086163683969,0.00538882495712247,0.48438763045895394,0.34147620308402254,1.4185106490122448,0.48438763045895394,0.34147620308402254,1.4185106490122448,0.7786284762138673,0.4637892547863957,0.5815363581663697,0.5815363581663697,mild,full_curve,50,0.00033892996473738863
72,early_growth_slope,0.0008330521218123906,0.0014605359782667833,0.0014067729325255465,0.0027391980330924064,-0.00041274493421605195,0.003350838105515799,-0.0027446734254702996,0.006098939291024135,0.0037635830397318507,0.008843612716494434,1.0,1.0,0.0006274838564543927,0.0005737208107131559,0.0005737208107131559,3.2915556864536084e-07,0.48438763045895394,0.34147620308402254,1.4185106490122448,0.48438763045895394,0.34147620308402254,1.4185106490122448,0.7786284762138673,0.4637892547863957,0.5815363581663697,0.5815363581663697,mild,full_curve,50,0.00033892996473738863
73,peak_time,0.0,23.82,22.5,16.184154864770314,8.75,40.0,1.0,47.05,31.25,46.05,0.0,0.0,23.82,22.5,22.5,506.25,0.2390606507977601,0.2849089897377812,0.8390772471510355,0.2390606507977601,0.2849089897377812,0.8390772471510355,0.2265160777470478,0.2981741593656002,0.48870795466430295,0.48870795466430295,mild,full_curve,50,7.51688675562319e-08
73,peak_height,0.030158521607518196,0.05453702466562391,0.04768016375601292,0.025373213884534614,0.04103128891438246,0.05664215236902237,0.034100959450006484,0.10177118927240371,0.015610863454639912,0.06767022982239723,0.0,0.0,0.02437850305810571,0.01752164214849472,0.01752164214849472,0.0003070079435799067,0.2390606507977601,0.2849089897377812,0.8390772471510355,0.2390606507977601,0.2849089897377812,0.8390772471510355,0.2265160777470478,0.2981741593656002,0.48870795466430295,0.48870795466430295,mild,full_curve,50,7.51688675562319e-08
73,cumulative_infected,0.2897781284773373,0.6392061819603009,0.4541181792737916,0.5967736628404947,0.37238556889087704,0.5773824423413316,0.2684515623768675,2.0014365814859043,0.2049968734504546,1.7329850191090368,0.0,1.0,0.3494280534829636,0.1643400507964543,0.1643400507964543,0.02700765229578118,0.2390606507977601,0.2849089897377812,0.8390772471510355,0.2390606507977601,0.2849089897377812,0.8390772471510355,0.2265160777470478,0.2981741593656002,0.48870795466430295,0.48870795466430295,mild,full_curve,50,7.51688675562319e-08
73,early_growth_slope,-0.002944617415778337,5.100142640653165e-05,9.535846904674123e-05,0.001993719246615955,-0.0013294596572536854,0.0013594464482074345,-0.0032675405914363038,0.002757863421339564,0.00268890610546112,0.006025404012775868,0.0,1.0,0.002995618842184869,0.0030399758848250785,0.0030399758848250785,9.24145338031802e-06,0.2390606507977601,0.2849089897377812,0.8390772471510355,0.2390606507977601,0.2849089897377812,0.8390772471510355,0.2265160777470478,0.2981741593656002,0.48870795466430295,0.48870795466430295,mild,full_curve,50,7.51688675562319e-08
74,peak_time,34.0,21.96,20.5,15.096939284423705,10.0,33.5,0.0,47.05,23.5,47.05,0.0,1.0,-12.04,-13.5,13.5,182.25,0.38482897732217475,0.4357015513642662,0.883239860214407,0.38482897732217475,0.4357015513642662,0.883239860214407,0.1339396253054035,0.22905440706409586,0.5796467124758881,0.5796467124758881,mild,full_curve,50,4.902691121195908e-06
74,peak_height,0.0643569827079773,0.05309425681829452,0.04822784662246704,0.017534812957313156,0.042780873365700245,0.06123414356261492,0.034661274217069146,0.07781337350606916,0.018453270196914673,0.04315209928900002,0.0,1.0,-0.011262725889682773,-0.016129136085510254,0.016129136085510254,0.00026014903086490904,0.38482897732217475,0.4357015513642662,0.883239860214407,0.38482897732217475,0.4357015513642662,0.883239860214407,0.1339396253054035,0.22905440706409586,0.5796467124758881,0.5796467124758881,mild,full_curve,50,4.902691121195908e-06
74,cumulative_infected,0.4509141585294856,0.5952070042121613,0.4811306999072258,0.3790685192787225,0.4077449239848647,0.6216960240562912,0.30879225061871696,1.3319776640651977,0.21395110007142648,1.0231854134464808,1.0,1.0,0.14429284568267575,0.030216541377740214,0.030216541377740214,0.0009130393728326864,0.38482897732217475,0.4357015513642662,0.883239860214407,0.38482897732217475,0.4357015513642662,0.883239860214407,0.1339396253054035,0.22905440706409586,0.5796467124758881,0.5796467124758881,mild,full_curve,50,4.902691121195908e-06
74,early_growth_slope,-0.0017588807802115167,-0.0004552621644908557,-0.0005386325591687283,0.002088397929417328,-0.0014372460011925,0.0010666467680407335,-0.004286783893448521,0.0030732326029378554,0.0025038927692332333,0.007360016496386376,0.0,1.0,0.001303618615720661,0.0012202482210427884,0.0012202482210427884,1.4890057209580898e-06,0.38482897732217475,0.4357015513642662,0.883239860214407,0.38482897732217475,0.4357015513642662,0.883239860214407,0.1339396253054035,0.22905440706409586,0.5796467124758881,0.5796467124758881,mild,full_curve,50,4.902691121195908e-06
75,peak_time,15.0,17.28,17.0,1.837213524703521,16.0,19.0,14.0,20.0,3.0,6.0,0.0,1.0,2.280000000000001,2.0,2.0,4.0,0.5322046787207161,0.2769332969405432,1.9217793042596063,0.5322046787207161,0.2769332969405432,1.9217793042596063,0.8837552333949886,0.3423941073268198,0.5539077925856569,0.5539077925856569,mild,full_curve,50,0.001966301313305174
75,peak_height,0.18552306294441223,0.16275266334414482,0.1608106642961502,0.014875348225782802,0.1521502584218979,0.17380424588918686,0.13935845866799354,0.18902773559093475,0.02165398746728897,0.04966927692294121,0.0,1.0,-0.022770399600267416,-0.024712398648262024,0.024712398648262024,0.0006107026469506227,0.5322046787207161,0.2769332969405432,1.9217793042596063,0.5322046787207161,0.2769332969405432,1.9217793042596063,0.8837552333949886,0.3423941073268198,0.5539077925856569,0.5539077925856569,mild,full_curve,50,0.001966301313305174
75,cumulative_infected,2.785868035047315,2.763498348775611,2.761853131116368,0.1797806783782047,2.633429643261479,2.890707486978499,2.499894740228774,3.0828066803864203,0.25727784371702,0.5829119401576461,1.0,1.0,-0.022369686271704214,-0.024014903930947185,0.024014903930947185,0.0005767156108126226,0.5322046787207161,0.2769332969405432,1.9217793042596063,0.5322046787207161,0.2769332969405432,1.9217793042596063,0.8837552333949886,0.3423941073268198,0.5539077925856569,0.5539077925856569,mild,full_curve,50,0.001966301313305174
75,early_growth_slope,0.0034751808159940293,0.0048737920953109476,0.005304831572132006,0.0027030305358282324,0.003199182739037843,0.006548927316630613,3.4921094664329584e-05,0.008700947866253996,0.0033497445775927696,0.008666026771589667,1.0,1.0,0.0013986112793169182,0.0018296507561379768,0.0018296507561379768,3.3476218894362703e-06,0.5322046787207161,0.2769332969405432,1.9217793042596063,0.5322046787207161,0.2769332969405432,1.9217793042596063,0.8837552333949886,0.3423941073268198,0.5539077925856569,0.5539077925856569,mild,full_curve,50,0.001966301313305174
76,peak_time,16.0,23.05,21.0,16.21532820163899,9.0,40.0,1.0,48.0,31.0,47.0,1.0,1.0,7.050000000000001,5.0,5.0,25.0,0.1,0.15411522628164065,0.6488651537730166,0.1,0.15411522628164065,0.6488651537730166,0.34589702627104435,0.41156801759521217,0.3947563047361954,0.3947563047361954,mild,full_curve,50,1.5479011032695098e-05
76,peak_height,0.04846358671784401,0.053728424590080974,0.04878206178545952,0.019087157825679518,0.04324722941964865,0.059316350147128105,0.03658095747232437,0.07698831558227537,0.016069120727479458,0.040407358109951,1.0,1.0,0.005264837872236965,0.00031847506761550903,0.00031847506761550903,1.0142636869270305e-07,0.1,0.15411522628164065,0.6488651537730166,0.1,0.15411522628164065,0.6488651537730166,0.34589702627104435,0.41156801759521217,0.3947563047361954,0.3947563047361954,mild,full_curve,50,1.5479011032695098e-05
76,cumulative_infected,0.3961756523931399,0.6050014381590222,0.49550882919720607,0.44406417645265545,0.40343329466850264,0.5870702261599945,0.32647902294875164,1.3945814945036539,0.18363693149149185,1.0681024715549023,0.0,1.0,0.2088257857658823,0.09933317680406617,0.09933317680406617,0.00986708001398787,0.1,0.15411522628164065,0.6488651537730166,0.1,0.15411522628164065,0.6488651537730166,0.34589702627104435,0.41156801759521217,0.3947563047361954,0.3947563047361954,mild,full_curve,50,1.5479011032695098e-05
76,early_growth_slope,-0.0003243112559652043,-0.0003564460433872653,-0.0003673052510532119,0.0021802259244012817,-0.0019593806270374126,0.001036435380228796,-0.0035911282665827948,0.0031981766337550997,0.0029958160072662086,0.006789304900337894,1.0,1.0,-3.2134787422061e-05,-4.299399508800761e-05,4.299399508800761e-05,1.8484836136276227e-09,0.1,0.15411522628164065,0.6488651537730166,0.1,0.15411522628164065,0.6488651537730166,0.34589702627104435,0.41156801759521217,0.3947563047361954,0.3947563047361954,mild,full_curve,50,1.5479011032695098e-05
77,peak_time,35.0,33.3,33.0,3.0863007833412035,31.0,36.0,29.0,38.0,5.0,9.0,1.0,1.0,-1.7000000000000028,-2.0,2.0,4.0,0.25467107640623,0.1045755046384882,2.435284221545131,0.25467107640623,0.1045755046384882,2.435284221545131,0.33715686116769167,0.11698283539278781,0.5040119755367443,0.5040119755367443,mild,full_curve,50,0.0008619218708960678
77,peak_height,0.2694929540157318,0.3017653653025627,0.2975613921880722,0.040530278852510176,0.27466362714767456,0.3285922557115555,0.2338470473885536,0.3668665960431099,0.05392862856388092,0.13301954865455629,0.0,1.0,0.03227241128683089,0.028068438172340393,0.028068438172340393,0.0007878372214344953,0.25467107640623,0.1045755046384882,2.435284221545131,0.25467107640623,0.1045755046384882,2.435284221545131,0.33715686116769167,0.11698283539278781,0.5040119755367443,0.5040119755367443,mild,full_curve,50,0.0008619218708960678
77,cumulative_infected,6.341260279150447,7.858505583381702,7.780380543787032,1.0852132656688491,7.229306645109318,8.491691876086406,6.028838039329275,9.48640941939666,1.2623852309770882,3.4575713800673844,0.0,1.0,1.5172453042312553,1.4391202646365855,1.4391202646365855,2.071067136087676,0.25467107640623,0.1045755046384882,2.435284221545131,0.25467107640623,0.1045755046384882,2.435284221545131,0.33715686116769167,0.11698283539278781,0.5040119755367443,0.5040119755367443,mild,full_curve,50,0.0008619218708960678
77,early_growth_slope,0.003682618249080232,0.0023530205442429657,0.002151713878404172,0.0025612571593267293,0.0005472835036925957,0.0038059383181722035,-0.001571840365483821,0.007026048077248212,0.0032586548144796076,0.008597888442732033,1.0,1.0,-0.0013295977048372663,-0.0015309043706760602,0.0015309043706760602,2.3436681921550637e-06,0.25467107640623,0.1045755046384882,2.435284221545131,0.25467107640623,0.1045755046384882,2.435284221545131,0.33715686116769167,0.11698283539278781,0.5040119755367443,0.5040119755367443,mild,full_curve,50,0.0008619218708960678
78,peak_time,16.0,16.39,16.0,1.179753441113092,16.0,17.0,15.0,19.0,1.0,4.0,1.0,1.0,0.39000000000000057,0.0,0.0,0.0,0.47730228153576654,0.12244955147195975,3.897950427732404,0.47730228153576654,0.12244955147195975,3.897950427732404,0.848939365224746,0.13017671114676466,0.4729091651676613,0.4729091651676613,mild,full_curve,50,0.01008644285121071
78,peak_height,0.4469188451766968,0.4136013117432594,0.4160560667514801,0.02040808374738781,0.39898255467414856,0.4276174306869507,0.37638467103242873,0.4446927845478058,0.028634876012802124,0.06830811351537708,0.0,0.0,-0.03331753343343735,-0.030862778425216675,0.030862778425216675,0.0009525110921240199,0.47730228153576654,0.12244955147195975,3.897950427732404,0.47730228153576654,0.12244955147195975,3.897950427732404,0.848939365224746,0.13017671114676466,0.4729091651676613,0.4729091651676613,mild,full_curve,50,0.01008644285121071
78,cumulative_infected,7.788472883403301,7.791395884206286,7.780531738535501,0.32431328558977573,7.591139170224778,8.020206895191222,7.307259133318439,8.354093697207281,0.4290677249664441,1.0468345638888419,1.0,1.0,0.0029230008029843546,-0.007941144867800176,0.007941144867800176,6.306178181138908e-05,0.47730228153576654,0.12244955147195975,3.897950427732404,0.47730228153576654,0.12244955147195975,3.897950427732404,0.848939365224746,0.13017671114676466,0.4729091651676613,0.4729091651676613,mild,full_curve,50,0.01008644285121071
78,early_growth_slope,0.010709877125918863,0.012372323969009029,0.012467908501137222,0.002956796663860402,0.010198638533308567,0.014397874006092368,0.007463343741948759,0.017053866928853533,0.004199235472783801,0.009590523186904773,1.0,1.0,0.001662446843090165,0.0017580313752183583,0.0017580313752183583,3.0906743162521523e-06,0.47730228153576654,0.12244955147195975,3.897950427732404,0.47730228153576654,0.12244955147195975,3.897950427732404,0.848939365224746,0.13017671114676466,0.4729091651676613,0.4729091651676613,mild,full_curve,50,0.01008644285121071
79,peak_time,20.0,20.42,20.0,11.896166940606873,10.0,28.0,4.95,44.0,18.0,39.05,1.0,1.0,0.4200000000000017,0.0,0.0,0.0,0.2045364992530773,0.18351885693414136,1.1145257913549367,0.2045364992530773,0.18351885693414136,1.1145257913549367,0.36451722413475474,0.3089766931012173,0.4466295052950584,0.4466295052950584,mild,full_curve,50,1.2519210430409991e-05
79,peak_height,0.06580466032028198,0.06646420441567898,0.05791482888162136,0.03437677094753193,0.046433040872216225,0.07338544726371765,0.03806379921734333,0.1286869592964649,0.026952406391501427,0.09062316007912156,1.0,1.0,0.0006595440953969939,-0.007889831438660622,0.007889831438660622,6.224944013047753e-05,0.2045364992530773,0.18351885693414136,1.1145257913549367,0.2045364992530773,0.18351885693414136,1.1145257913549367,0.36451722413475474,0.3089766931012173,0.4466295052950584,0.4466295052950584,mild,full_curve,50,1.2519210430409991e-05
79,cumulative_infected,1.0401427697506733,1.0205326368030727,0.7508554820087738,0.8934465059318024,0.5304675197548931,1.167751556436997,0.4404501647921279,2.287370930286124,0.6372840366821038,1.8469207654939959,1.0,1.0,-0.01961013294760061,-0.2892872877418995,0.2892872877418995,0.08368713484906455,0.2045364992530773,0.18351885693414136,1.1145257913549367,0.2045364992530773,0.18351885693414136,1.1145257913549367,0.36451722413475474,0.3089766931012173,0.4466295052950584,0.4466295052950584,mild,full_curve,50,1.2519210430409991e-05
79,early_growth_slope,0.0035853609442710876,0.000642082055143571,0.0004724200255060136,0.0028177219823827776,-0.001515613674807051,0.0022426016249006532,-0.003146349352374227,0.005811303246965896,0.0037582152997077045,0.008957652599340123,0.0,1.0,-0.0029432788891275165,-0.0031129409187650742,0.0031129409187650742,9.690401163721945e-06,0.2045364992530773,0.18351885693414136,1.1145257913549367,0.2045364992530773,0.18351885693414136,1.1145257913549367,0.36451722413475474,0.3089766931012173,0.4466295052950584,0.4466295052950584,mild,full_curve,50,1.2519210430409991e-05
80,peak_time,31.0,24.29,21.5,15.519485959413874,11.0,39.25,0.9500000000000002,47.0,28.25,46.05,1.0,1.0,-6.710000000000001,-9.5,9.5,90.25,0.27096707846237233,0.41059688028029917,0.6599345768954533,0.27096707846237233,0.41059688028029917,0.6599345768954533,0.2471041151882863,0.4512701366403208,0.3981726710895626,0.3981726710895626,mild,full_curve,50,3.309828167467882e-06
80,peak_height,0.04252253845334053,0.05477154051885009,0.05253879725933075,0.0187390672099886,0.04221232049167156,0.061568946577608585,0.033582395687699315,0.0939624011516571,0.019356626085937023,0.06038000546395779,1.0,1.0,0.012249002065509558,0.010016258805990219,0.010016258805990219,0.00010032544046857661,0.27096707846237233,0.41059688028029917,0.6599345768954533,0.27096707846237233,0.41059688028029917,0.6599345768954533,0.2471041151882863,0.4512701366403208,0.3981726710895626,0.3981726710895626,mild,full_curve,50,3.309828167467882e-06
80,cumulative_infected,0.3429405804054113,0.6311169795926344,0.49037625143682817,0.43615272468919797,0.40957186949890456,0.6556065510667395,0.3033496996111353,1.656893330908496,0.24603468156783492,1.3535436312973608,0.0,1.0,0.28817639918722304,0.14743567103141686,0.14743567103141686,0.021737277092484172,0.27096707846237233,0.41059688028029917,0.6599345768954533,0.27096707846237233,0.41059688028029917,0.6599345768954533,0.2471041151882863,0.4512701366403208,0.3981726710895626,0.3981726710895626,mild,full_curve,50,3.309828167467882e-06
80,early_growth_slope,-0.0026064995798237957,-0.0003962273074839245,-0.0004250412279188389,0.00204413943040334,-0.0015550234193575465,0.0008811295958280208,-0.004194952727093115,0.002751816625961854,0.002436153015185567,0.006946769353054969,0.0,1.0,0.0022102722723398712,0.002181458351904957,0.002181458351904957,4.758760541095891e-06,0.27096707846237233,0.41059688028029917,0.6599345768954533,0.27096707846237233,0.41059688028029917,0.6599345768954533,0.2471041151882863,0.4512701366403208,0.3981726710895626,0.3981726710895626,mild,full_curve,50,3.309828167467882e-06
81,peak_time,16.0,22.42,19.5,17.096387473570687,5.75,39.75,1.0,48.0,34.0,47.0,1.0,1.0,6.420000000000002,3.5,3.5,12.25,0.1,0.18600524769506271,0.5376192405277734,0.1,0.18600524769506271,0.5376192405277734,0.37747002616762304,0.48810615927015416,0.3866811452582335,0.3866811452582335,mild,full_curve,50,1.760526776781753e-05
81,peak_height,0.031024720519781113,0.054378487169742584,0.04883058741688728,0.024203295252317163,0.04189727548509836,0.05822864826768637,0.03540102355182171,0.08514647632837291,0.016331372782588005,0.0497454527765512,0.0,0.0,0.02335376664996147,0.01780586689710617,0.01780586689710617,0.00031704889595746133,0.1,0.18600524769506271,0.5376192405277734,0.1,0.18600524769506271,0.5376192405277734,0.37747002616762304,0.48810615927015416,0.3866811452582335,0.3866811452582335,mild,full_curve,50,1.760526776781753e-05
81,cumulative_infected,0.42191883723717183,0.605783444801641,0.4629231019735016,0.533162233212514,0.38782633771188557,0.5518665550698643,0.31723977416113486,1.6511467172647813,0.1640402173579787,1.3339069431036465,1.0,1.0,0.1838646075644692,0.04100426473632979,0.04100426473632979,0.0016813497265670185,0.1,0.18600524769506271,0.5376192405277734,0.1,0.18600524769506271,0.5376192405277734,0.37747002616762304,0.48810615927015416,0.3866811452582335,0.3866811452582335,mild,full_curve,50,1.760526776781753e-05
81,early_growth_slope,1.532318890981802e-05,-0.00042014601908747453,-0.00031316619632499535,0.0022499149475677504,-0.001850523742004518,0.0013439541063624864,-0.003947502842527768,0.0028629213566004866,0.0031944778483670045,0.0068104241991282545,1.0,1.0,-0.0004354692079972925,-0.0003284893852348134,0.0003284893852348134,1.0790527621194565e-07,0.1,0.18600524769506271,0.5376192405277734,0.1,0.18600524769506271,0.5376192405277734,0.37747002616762304,0.48810615927015416,0.3866811452582335,0.3866811452582335,mild,full_curve,50,1.760526776781753e-05
82,peak_time,32.0,23.87,25.0,15.059917367340072,10.75,36.0,1.0,47.05,25.25,46.05,1.0,1.0,-8.129999999999999,-7.0,7.0,49.0,0.2367547492720687,0.3337014928777407,0.7094806416068665,0.2367547492720687,0.3337014928777407,0.7094806416068665,0.22265528697835635,0.3661446511953632,0.37180961309192173,0.37180961309192173,mild,full_curve,50,3.3130423995207453e-06
82,peak_height,0.05018758773803711,0.05755588140338659,0.05105282925069332,0.022775581072316954,0.04474444594234228,0.06103881634771824,0.03635641690343618,0.10361427143216133,0.016294370405375957,0.06725785452872515,1.0,1.0,0.007368293665349482,0.0008652415126562119,0.0008652415126562119,7.486428752236096e-07,0.2367547492720687,0.3337014928777407,0.7094806416068665,0.2367547492720687,0.3337014928777407,0.7094806416068665,0.22265528697835635,0.3661446511953632,0.37180961309192173,0.37180961309192173,mild,full_curve,50,3.3130423995207453e-06
82,cumulative_infected,0.47854481849935837,0.7179627558391439,0.5042819963418879,0.6195197881400011,0.42853931624813413,0.7103567894664593,0.3463274018286029,1.7293817339173982,0.2818174732183252,1.3830543320887954,1.0,1.0,0.23941793733978556,0.02573717784252949,0.02573717784252949,0.000662402323297991,0.2367547492720687,0.3337014928777407,0.7094806416068665,0.2367547492720687,0.3337014928777407,0.7094806416068665,0.22265528697835635,0.3661446511953632,0.37180961309192173,0.37180961309192173,mild,full_curve,50,3.3130423995207453e-06
82,early_growth_slope,-0.0046161546460574574,-0.0003228116402542141,-0.00012325399577440231,0.0023228663794080022,-0.001988700801684032,0.0011255022365644217,-0.004365498831923881,0.0031270016657626454,0.0031142030382484537,0.007492500497686527,0.0,0.0,0.004293343005803243,0.004492900650283055,0.004492900650283055,2.01861562533139e-05,0.2367547492720687,0.3337014928777407,0.7094806416068665,0.2367547492720687,0.3337014928777407,0.7094806416068665,0.22265528697835635,0.3661446511953632,0.37180961309192173,0.37180961309192173,mild,full_curve,50,3.3130423995207453e-06
83,peak_time,27.0,25.17,25.0,4.438251999163725,22.0,28.0,18.0,33.05,6.0,15.049999999999997,1.0,1.0,-1.8299999999999983,-2.0,2.0,4.0,0.3495573859653817,0.21146505900681248,1.6530266872794361,0.3495573859653817,0.21146505900681248,1.6530266872794361,0.55610471173518,0.27181820527559114,0.41889092722720583,0.41889092722720583,mild,full_curve,50,0.0008101266341922343
83,peak_height,0.12683753669261932,0.12253684617578983,0.11827943474054337,0.018818951058210426,0.11028546467423439,0.13686248660087585,0.0940730843693018,0.15434586480259893,0.026577021926641464,0.06027278043329713,1.0,1.0,-0.004300690516829492,-0.008558101952075958,0.008558101952075958,7.324110902212633e-05,0.3495573859653817,0.21146505900681248,1.6530266872794361,0.3495573859653817,0.21146505900681248,1.6530266872794361,0.55610471173518,0.27181820527559114,0.41889092722720583,0.41889092722720583,mild,full_curve,50,0.0008101266341922343
83,cumulative_infected,2.5830790845211595,2.6388109072743102,2.599343310808763,0.3881450012976053,2.301505490351701,2.9346781163476408,2.129781194862153,3.276846816693433,0.6331726259959396,1.1470656218312798,1.0,1.0,0.055731822753150695,0.01626422628760338,0.01626422628760338,0.00026452505673436877,0.3495573859653817,0.21146505900681248,1.6530266872794361,0.3495573859653817,0.21146505900681248,1.6530266872794361,0.55610471173518,0.27181820527559114,0.41889092722720583,0.41889092722720583,mild,full_curve,50,0.0008101266341922343
83,early_growth_slope,-0.0036145737727305703,0.0020756013498993567,0.002151184998746473,0.0024091896204632684,0.0004173539645784156,0.003989986458258325,-0.0020500463914469844,0.00547796044321287,0.003572632493679909,0.007528006834659854,0.0,0.0,0.0056901751226299275,0.005765758771477043,0.005765758771477043,3.324397421086446e-05,0.3495573859653817,0.21146505900681248,1.6530266872794361,0.3495573859653817,0.21146505900681248,1.6530266872794361,0.55610471173518,0.27181820527559114,0.41889092722720583,0.41889092722720583,mild,full_curve,50,0.0008101266341922343
84,peak_time,13.0,19.8,20.0,3.7819347301388344,18.0,22.0,12.0,26.0,4.0,14.0,0.0,1.0,6.800000000000001,7.0,7.0,49.0,0.4976482319124858,0.3242264081144135,1.5348787743929697,0.4976482319124858,0.3242264081144135,1.5348787743929697,0.8241617904022283,0.43372598947273916,0.5445027306205081,0.5445027306205081,mild,full_curve,50,0.0006470992023952173
84,peak_height,0.10563979297876358,0.09993021793663502,0.10085839405655861,0.014524729691794278,0.08921179175376892,0.10885636694729328,0.07665656395256519,0.12274076640605926,0.01964457519352436,0.046084202453494066,1.0,1.0,-0.005709575042128559,-0.004781398922204971,0.004781398922204971,2.286177565326286e-05,0.4976482319124858,0.3242264081144135,1.5348787743929697,0.4976482319124858,0.3242264081144135,1.5348787743929697,0.8241617904022283,0.43372598947273916,0.5445027306205081,0.5445027306205081,mild,full_curve,50,0.0006470992023952173
84,cumulative_infected,1.8272375240921974,1.8098155592979117,1.7662441715656314,0.2819974212029761,1.643256662893691,1.9433068372891285,1.3999398256069981,2.377878453720206,0.30005017439543735,0.9779386281132076,1.0,1.0,-0.017421964794285705,-0.060993352526566014,0.060993352526566014,0.0037201890524299567,0.4976482319124858,0.3242264081144135,1.5348787743929697,0.4976482319124858,0.3242264081144135,1.5348787743929697,0.8241617904022283,0.43372598947273916,0.5445027306205081,0.5445027306205081,mild,full_curve,50,0.0006470992023952173
84,early_growth_slope,0.005028416366604643,0.002155271662229227,0.0022935344341454933,0.0025128075086273023,0.0006866134665740131,0.0038337690334412306,-0.0021935638578032064,0.005878319019532118,0.0031471555668672177,0.008071882877335325,0.0,1.0,-0.0028731447043754163,-0.00273488193245915,0.00273488193245915,7.4795791844914945e-06,0.4976482319124858,0.3242264081144135,1.5348787743929697,0.4976482319124858,0.3242264081144135,1.5348787743929697,0.8241617904022283,0.43372598947273916,0.5445027306205081,0.5445027306205081,mild,full_curve,50,0.0006470992023952173
85,peak_time,47.0,37.32,40.0,11.311815580054853,34.0,45.0,10.8,49.0,11.0,38.2,0.0,1.0,-9.68,-7.0,7.0,49.0,0.13011637350989844,0.071178719405908,1.8280235243892076,0.13011637350989844,0.071178719405908,1.8280235243892076,0.12892762339478486,0.060850653317652666,0.3855724955318754,0.3855724955318754,mild,full_curve,50,4.028371815657972e-05
85,peak_height,0.11536460369825363,0.17419189453125,0.16553109139204025,0.09120173428339497,0.08952176757156849,0.24989936500787735,0.05225411038845777,0.33107268512248994,0.16037759743630886,0.27881857473403215,1.0,1.0,0.05882729083299637,0.05016648769378662,0.05016648769378662,0.0025166764875308445,0.13011637350989844,0.071178719405908,1.8280235243892076,0.13011637350989844,0.071178719405908,1.8280235243892076,0.12892762339478486,0.060850653317652666,0.3855724955318754,0.3855724955318754,mild,full_curve,50,4.028371815657972e-05
85,cumulative_infected,2.2416855922492687,3.8561101427271205,3.813351588207297,2.338938347264092,1.7741823961077898,5.797300359772635,0.6536484762749751,7.851409830211196,4.023117963664845,7.197761353936221,1.0,1.0,1.6144245504778518,1.5716659959580284,1.5716659959580284,2.4701340028507413,0.13011637350989844,0.071178719405908,1.8280235243892076,0.13011637350989844,0.071178719405908,1.8280235243892076,0.12892762339478486,0.060850653317652666,0.3855724955318754,0.3855724955318754,mild,full_curve,50,4.028371815657972e-05
85,early_growth_slope,-0.003918868035682297,0.0011111027578880614,0.001286175539938822,0.0026860236189261604,-0.000941465784091547,0.003030367764863296,-0.0029539627528200564,0.005129274432658259,0.003971833548954843,0.008083237185478315,0.0,0.0,0.005029970793570359,0.00520504357562112,0.00520504357562112,2.709247862411469e-05,0.13011637350989844,0.071178719405908,1.8280235243892076,0.13011637350989844,0.071178719405908,1.8280235243892076,0.12892762339478486,0.060850653317652666,0.3855724955318754,0.3855724955318754,mild,full_curve,50,4.028371815657972e-05
86,peak_time,32.0,32.63,32.0,5.904381184486413,29.0,36.0,24.95,42.0,7.0,17.05,1.0,1.0,0.6300000000000026,0.0,0.0,0.0,0.24886637857290891,0.15895421475991153,1.5656481896299699,0.24886637857290891,0.15895421475991153,1.5656481896299699,0.3267542325742204,0.18949655560763778,0.513571443304526,0.513571443304526,mild,full_curve,50,1.8261467973009895e-05
86,peak_height,0.14384686946868896,0.15985534198582171,0.1551634967327118,0.05528561583445723,0.1213585864752531,0.18853919208049774,0.08036357872188091,0.2651411294937134,0.06718060560524464,0.18477755077183247,1.0,1.0,0.01600847251713275,0.011316627264022827,0.011316627264022827,0.00012806605263282478,0.24886637857290891,0.15895421475991153,1.5656481896299699,0.24886637857290891,0.15895421475991153,1.5656481896299699,0.3267542325742204,0.18949655560763778,0.513571443304526,0.513571443304526,mild,full_curve,50,1.8261467973009895e-05
86,cumulative_infected,2.7934152190573514,3.8930969265358817,3.6835935757262632,1.5617725720757603,2.926553537225118,4.850353971938603,1.544676362531027,6.701866846205666,1.9238004347134847,5.15719048367464,0.0,1.0,1.0996817074785303,0.8901783566689119,0.8901783566689119,0.7924175066817645,0.24886637857290891,0.15895421475991153,1.5656481896299699,0.24886637857290891,0.15895421475991153,1.5656481896299699,0.3267542325742204,0.18949655560763778,0.513571443304526,0.513571443304526,mild,full_curve,50,1.8261467973009895e-05
86,early_growth_slope,0.001576214208311978,0.001759468930189585,0.001845999850913705,0.0026023015964765765,2.3204234561749706e-05,0.003367261342299614,-0.002402285174355796,0.0055241600191774974,0.0033440571077378643,0.007926445193533294,1.0,1.0,0.00018325472187760705,0.00026978564260172707,0.00026978564260172707,7.278429295402681e-08,0.24886637857290891,0.15895421475991153,1.5656481896299699,0.24886637857290891,0.15895421475991153,1.5656481896299699,0.3267542325742204,0.18949655560763778,0.513571443304526,0.513571443304526,mild,full_curve,50,1.8261467973009895e-05
87,peak_time,36.0,23.25,22.5,15.826314233649672,7.0,38.0,0.9500000000000002,48.0,31.0,47.05,1.0,1.0,-12.75,-13.5,13.5,182.25,0.1,0.1591836533093677,0.6282052077649808,0.1,0.1591836533093677,0.6282052077649808,0.40963989331542316,0.47829060014172187,0.4210594067565895,0.4210594067565895,mild,full_curve,50,2.0135610053669832e-05
87,peak_height,0.04758191108703613,0.05299061797559261,0.04941363073885441,0.01517345197561524,0.04395709093660116,0.060190243646502495,0.03609270397573709,0.07837205827236175,0.016233152709901333,0.04227935429662466,1.0,1.0,0.005408706888556478,0.0018317196518182755,0.0018317196518182755,3.3551968828572643e-06,0.1,0.1591836533093677,0.6282052077649808,0.1,0.1591836533093677,0.6282052077649808,0.40963989331542316,0.47829060014172187,0.4210594067565895,0.4210594067565895,mild,full_curve,50,2.0135610053669832e-05
87,cumulative_infected,0.5412204925087281,0.5879933128828543,0.4900951739982702,0.32945890955141344,0.42207861840870464,0.6043751666584285,0.3284124950892874,1.2948075741878708,0.18229654824972386,0.9663950790985835,1.0,1.0,0.04677282037412622,-0.05112531851045787,0.05112531851045787,0.0026137981927957664,0.1,0.1591836533093677,0.6282052077649808,0.1,0.1591836533093677,0.6282052077649808,0.40963989331542316,0.47829060014172187,0.4210594067565895,0.4210594067565895,mild,full_curve,50,2.0135610053669832e-05
87,early_growth_slope,-0.0016303665359460164,1.9455611082300375e-05,-0.00010445874206544305,0.0019799265133760542,-0.0013077830607515,0.00113876658308852,-0.0033472013185798567,0.003457981268972313,0.00244654964384002,0.00680518258755217,0.0,1.0,0.0016498221470283168,0.0015259077938805732,0.0015259077938805732,2.3283945954254778e-06,0.1,0.1591836533093677,0.6282052077649808,0.1,0.1591836533093677,0.6282052077649808,0.40963989331542316,0.47829060014172187,0.4210594067565895,0.4210594067565895,mild,full_curve,50,2.0135610053669832e-05
88,peak_time,17.0,16.9,17.0,1.3889898953170714,16.0,18.0,15.0,19.0,2.0,4.0,1.0,1.0,-0.10000000000000142,0.0,0.0,0.0,0.4782078191670968,0.14349394727810705,3.3325992366791435,0.4782078191670968,0.14349394727810705,3.3325992366791435,0.899878572013166,0.15673887788559965,0.41560351290018493,0.41560351290018493,mild,full_curve,50,0.009335092380248931
88,peak_height,0.3734435439109802,0.34502202093601225,0.34447233378887177,0.01867604985064306,0.33256852626800537,0.355290912091732,0.31952445209026337,0.37686230838298795,0.022722385823726654,0.05733785629272459,0.0,1.0,-0.028421522974967972,-0.02897121012210846,0.02897121012210846,0.0008393310159393597,0.4782078191670968,0.14349394727810705,3.3325992366791435,0.4782078191670968,0.14349394727810705,3.3325992366791435,0.899878572013166,0.15673887788559965,0.41560351290018493,0.41560351290018493,mild,full_curve,50,0.009335092380248931
88,cumulative_infected,6.416314581409097,6.336423299405032,6.345074624288827,0.24725897009283604,6.161678369215224,6.480533457142883,5.954523205896839,6.738778462796472,0.31885508792765904,0.784255256899633,1.0,1.0,-0.07989128200406448,-0.07123995712026954,0.07123995712026954,0.005075131490497842,0.4782078191670968,0.14349394727810705,3.3325992366791435,0.4782078191670968,0.14349394727810705,3.3325992366791435,0.899878572013166,0.15673887788559965,0.41560351290018493,0.41560351290018493,mild,full_curve,50,0.009335092380248931
88,early_growth_slope,0.008922939399434695,0.010179526834586531,0.010067634653144825,0.0026721292820807256,0.008547405717850084,0.01207659066338757,0.005657623269196068,0.014257171547450563,0.0035291849455374863,0.008599548278254494,1.0,1.0,0.0012565874351518364,0.0011446952537101304,0.0011446952537101304,1.3103272238664998e-06,0.4782078191670968,0.14349394727810705,3.3325992366791435,0.4782078191670968,0.14349394727810705,3.3325992366791435,0.899878572013166,0.15673887788559965,0.41560351290018493,0.41560351290018493,mild,full_curve,50,0.009335092380248931
89,peak_time,17.0,23.43,23.0,5.905407554423183,20.0,27.0,16.0,33.0,7.0,17.0,0.0,1.0,6.43,6.0,6.0,36.0,0.3884226592832343,0.26620557779642934,1.459107891346536,0.3884226592832343,0.26620557779642934,1.459107891346536,0.58915324177052,0.34710120487652285,0.5277900998459553,0.5277900998459553,mild,full_curve,50,0.00028382560327561054
89,peak_height,0.08851861953735352,0.10121666058897973,0.1007039025425911,0.020110859682393716,0.08451764285564423,0.11361941881477833,0.07239459753036499,0.1367283098399639,0.029101775959134102,0.0643337123095989,1.0,1.0,0.01269804105162621,0.01218528300523758,0.01218528300523758,0.00014848112191773177,0.3884226592832343,0.26620557779642934,1.459107891346536,0.3884226592832343,0.26620557779642934,1.459107891346536,0.58915324177052,0.34710120487652285,0.5277900998459553,0.5277900998459553,mild,full_curve,50,0.00028382560327561054
89,cumulative_infected,1.9271540245972574,1.9966682444921753,1.932875927654095,0.4450202604302279,1.7253950921876822,2.1460588703048415,1.3569874268840068,2.8969186703936427,0.4206637781171594,1.539931243509636,1.0,1.0,0.0695142198949179,0.005721903056837618,0.005721903056837618,3.274017459184768e-05,0.3884226592832343,0.26620557779642934,1.459107891346536,0.3884226592832343,0.26620557779642934,1.459107891346536,0.58915324177052,0.34710120487652285,0.5277900998459553,0.5277900998459553,mild,full_curve,50,0.00028382560327561054
89,early_growth_slope,0.0031531450818181915,0.0015086628245314518,0.0016400117286442155,0.002517686154070557,-0.0002050354412945345,0.0033751792898761945,-0.00226654369533727,0.005690669808315022,0.003580214731170729,0.007957213503652293,1.0,1.0,-0.0016444822572867397,-0.001513133353173976,0.001513133353173976,2.2895725444875204e-06,0.3884226592832343,0.26620557779642934,1.459107891346536,0.3884226592832343,0.26620557779642934,1.459107891346536,0.58915324177052,0.34710120487652285,0.5277900998459553,0.5277900998459553,mild,full_curve,50,0.00028382560327561054
90,peak_time,18.0,21.99,18.5,15.714302177611735,8.0,37.0,1.0,47.0,29.0,46.0,1.0,1.0,3.9899999999999984,0.5,0.5,0.25,0.1,0.13979345184905567,0.7153410884222008,0.1,0.13979345184905567,0.7153410884222008,0.38728839918604385,0.4241504682376977,0.3755023875899687,0.3755023875899687,mild,full_curve,50,2.8003597510008257e-05
90,peak_height,0.04928899183869362,0.05239673361182213,0.04840703308582306,0.016266701135894422,0.04303517658263445,0.05854910518974066,0.035719729214906695,0.07286351174116135,0.015513928607106209,0.03714378252625465,1.0,1.0,0.00310774177312851,-0.0008819587528705597,0.0008819587528705597,7.77851241764993e-07,0.1,0.13979345184905567,0.7153410884222008,0.1,0.13979345184905567,0.7153410884222008,0.38728839918604385,0.4241504682376977,0.3755023875899687,0.3755023875899687,mild,full_curve,50,2.8003597510008257e-05
90,cumulative_infected,0.5271772240521386,0.5763212882308835,0.47363689097983297,0.38263301717593495,0.41610154938462074,0.6021432625275338,0.3395055963890627,0.989262400747975,0.18604171314291307,0.6497568043589124,1.0,1.0,0.04914406417874484,-0.05354033307230566,0.05354033307230566,0.0028665672654934267,0.1,0.13979345184905567,0.7153410884222008,0.1,0.13979345184905567,0.7153410884222008,0.38728839918604385,0.4241504682376977,0.3755023875899687,0.3755023875899687,mild,full_curve,50,2.8003597510008257e-05
90,early_growth_slope,-0.0023661409255250213,-0.0003652847370748135,-0.0005952678821770289,0.0021086885476581606,-0.001784517852467529,0.0008639875699632933,-0.0035103715881372637,0.0031685597638161614,0.0026485054224308223,0.0066789313519534255,0.0,1.0,0.0020008561884502078,0.0017708730433479924,0.0017708730433479924,3.1359913356565803e-06,0.1,0.13979345184905567,0.7153410884222008,0.1,0.13979345184905567,0.7153410884222008,0.38728839918604385,0.4241504682376977,0.3755023875899687,0.3755023875899687,mild,full_curve,50,2.8003597510008257e-05
91,peak_time,31.0,23.99,24.0,8.219826978443983,20.0,28.0,10.95,38.0,8.0,27.05,0.0,1.0,-7.010000000000002,-7.0,7.0,49.0,0.4293769662052484,0.3123085315436446,1.3748486603390908,0.4293769662052484,0.3123085315436446,1.3748486603390908,0.7184621970435587,0.4407208288929976,0.49681877994715073,0.49681877994715073,mild,full_curve,50,0.00032192606016640457
91,peak_height,0.07873900979757309,0.08247583493590355,0.07789844274520874,0.021586931835580078,0.06750328652560711,0.09520185552537441,0.0547581635415554,0.11871099807322022,0.027698568999767303,0.06395283453166481,1.0,1.0,0.0037368251383304574,-0.0008405670523643494,0.0008405670523643494,7.065529695204908e-07,0.4293769662052484,0.3123085315436446,1.3748486603390908,0.4293769662052484,0.3123085315436446,1.3748486603390908,0.7184621970435587,0.4407208288929976,0.49681877994715073,0.49681877994715073,mild,full_curve,50,0.00032192606016640457
91,cumulative_infected,1.603532558074221,1.4576034691066935,1.3543985052965581,0.4906768616037617,1.1559285846343528,1.6962582262349315,0.868091962239123,2.2859702591784297,0.5403296416005787,1.4178782969393067,1.0,1.0,-0.14592908896752754,-0.24913405277766287,0.24913405277766287,0.06206777625342331,0.4293769662052484,0.3123085315436446,1.3748486603390908,0.4293769662052484,0.3123085315436446,1.3748486603390908,0.7184621970435587,0.4407208288929976,0.49681877994715073,0.49681877994715073,mild,full_curve,50,0.00032192606016640457
91,early_growth_slope,-0.005287549918561814,0.0008164666632650816,0.0010181608820511484,0.0022936349381554944,-0.0003442082084975901,0.002203166900341914,-0.002866086297269377,0.004309873141547929,0.0025473751088395044,0.007175959438817306,0.0,0.0,0.006104016581826896,0.006305710800612962,0.006305710800612962,3.9761988700966964e-05,0.4293769662052484,0.3123085315436446,1.3748486603390908,0.4293769662052484,0.3123085315436446,1.3748486603390908,0.7184621970435587,0.4407208288929976,0.49681877994715073,0.49681877994715073,mild,full_curve,50,0.00032192606016640457
92,peak_time,46.0,21.61,18.5,16.299529025853676,5.0,36.25,1.0,47.05,31.25,46.05,0.0,1.0,-24.39,-27.5,27.5,756.25,0.313682535604903,0.4516237327258848,0.6945661019884757,0.313682535604903,0.4516237327258848,0.6945661019884757,0.11774742704872394,0.3336572639632555,0.4591475006212539,0.4591475006212539,mild,full_curve,50,3.3910310797959933e-07
92,peak_height,0.05631669610738754,0.05434018526226282,0.04995771497488022,0.02224493866570508,0.04355786647647619,0.05884632654488087,0.03330893516540527,0.08945365659892555,0.015288460068404675,0.056144721433520284,1.0,1.0,-0.001976510845124721,-0.006358981132507324,0.006358981132507324,4.043664104358413e-05,0.313682535604903,0.4516237327258848,0.6945661019884757,0.313682535604903,0.4516237327258848,0.6945661019884757,0.11774742704872394,0.3336572639632555,0.4591475006212539,0.4591475006212539,mild,full_curve,50,3.3910310797959933e-07
92,cumulative_infected,0.47354277467820793,0.6531602092021057,0.4771599136147415,0.5790119284811371,0.3887628844822757,0.5881808068224927,0.2961538369563641,1.680229666730155,0.19941792234021705,1.384075829773791,1.0,1.0,0.17961743452389778,0.0036171389365335926,0.0036171389365335926,1.308369408618737e-05,0.313682535604903,0.4516237327258848,0.6945661019884757,0.313682535604903,0.4516237327258848,0.6945661019884757,0.11774742704872394,0.3336572639632555,0.4591475006212539,0.4591475006212539,mild,full_curve,50,3.3910310797959933e-07
92,early_growth_slope,-0.0018393956235654297,-0.00027131197558836464,-0.0004230518270993509,0.002271296455350438,-0.0019386654464705335,0.0011284248633143892,-0.003872466622938406,0.0036434406411856224,0.0030670903097849227,0.007515907264124029,1.0,1.0,0.001568083647977065,0.0014163437964660789,0.0014163437964660789,2.0060297497879454e-06,0.313682535604903,0.4516237327258848,0.6945661019884757,0.313682535604903,0.4516237327258848,0.6945661019884757,0.11774742704872394,0.3336572639632555,0.4591475006212539,0.4591475006212539,mild,full_curve,50,3.3910310797959933e-07
93,peak_time,25.0,22.41,22.0,10.210011921361474,16.0,29.0,4.0,41.0,13.0,37.0,1.0,1.0,-2.59,-3.0,3.0,9.0,0.3875837758644538,0.28763968608348983,1.3474627967434034,0.3875837758644538,0.28763968608348983,1.3474627967434034,0.7686899783962201,0.4547035399574996,0.3602098712944759,0.3602098712944759,mild,full_curve,50,0.000494159908000708
93,peak_height,0.07740931957960129,0.07213626265525817,0.06660047918558121,0.0216979700801468,0.05570513475686312,0.08156281523406506,0.049056296981871125,0.11921172924339771,0.02585768047720194,0.07015543226152658,1.0,1.0,-0.005273056924343114,-0.01080884039402008,0.01080884039402008,0.00011683103066340017,0.3875837758644538,0.28763968608348983,1.3474627967434034,0.3875837758644538,0.28763968608348983,1.3474627967434034,0.7686899783962201,0.4547035399574996,0.3602098712944759,0.3602098712944759,mild,full_curve,50,0.000494159908000708
93,cumulative_infected,1.4246662117075175,1.2448251787280606,1.0856741752213566,0.5492870567063419,0.8916053226930671,1.5213899204973131,0.5819840760465013,2.4810866157233247,0.629784597804246,1.8991025396768233,1.0,1.0,-0.17984103297945686,-0.33899203648616094,0.33899203648616094,0.11491560080103468,0.3875837758644538,0.28763968608348983,1.3474627967434034,0.3875837758644538,0.28763968608348983,1.3474627967434034,0.7686899783962201,0.4547035399574996,0.3602098712944759,0.3602098712944759,mild,full_curve,50,0.000494159908000708
93,early_growth_slope,-0.0017377611338382651,0.0004106579058827185,0.0004177421575323468,0.002878444841309784,-0.0015261264336350858,0.002213144144445236,-0.0033876323827522936,0.005573253422543139,0.0037392705780803217,0.008960885805295433,0.0,1.0,0.002148419039720984,0.002155503291370612,0.002155503291370612,4.646194439109542e-06,0.3875837758644538,0.28763968608348983,1.3474627967434034,0.3875837758644538,0.28763968608348983,1.3474627967434034,0.7686899783962201,0.4547035399574996,0.3602098712944759,0.3602098712944759,mild,full_curve,50,0.000494159908000708
94,peak_time,37.0,23.99,23.5,14.072320420605909,12.0,35.0,1.0,47.0,23.0,46.0,0.0,1.0,-13.010000000000002,-13.5,13.5,182.25,0.2722297184390954,0.222634948286269,1.2227627357455861,0.2722297184390954,0.222634948286269,1.2227627357455861,0.38523031434417165,0.2957753045440793,0.5320586057193186,0.5320586057193186,mild,full_curve,50,1.026448001247858e-05
94,peak_height,0.0771949514746666,0.07038493108004332,0.05831350199878216,0.04561379158189969,0.04939152766019106,0.07376277260482311,0.038276996649801734,0.15079380124807357,0.024371244944632053,0.11251680459827183,0.0,1.0,-0.0068100203946232785,-0.018881449475884438,0.018881449475884438,0.0003565091343103767,0.2722297184390954,0.222634948286269,1.2227627357455861,0.2722297184390954,0.222634948286269,1.2227627357455861,0.38523031434417165,0.2957753045440793,0.5320586057193186,0.5320586057193186,mild,full_curve,50,1.026448001247858e-05
94,cumulative_infected,1.1818339196033776,1.156864302449685,0.7401489891199162,1.3090397060034336,0.5624945108575048,1.128704585127707,0.34030779613676715,3.1304789931979027,0.5662100742702023,2.7901711970611354,0.0,1.0,-0.024969617153692614,-0.44168493048346136,0.44168493048346136,0.1950855778161801,0.2722297184390954,0.222634948286269,1.2227627357455861,0.2722297184390954,0.222634948286269,1.2227627357455861,0.38523031434417165,0.2957753045440793,0.5320586057193186,0.5320586057193186,mild,full_curve,50,1.026448001247858e-05
94,early_growth_slope,0.0013191610563635127,4.725808374392534e-05,2.5693658417800342e-05,0.002278490412572721,-0.0016118996337311162,0.0014686183061539421,-0.003610117349307983,0.003316903228066317,0.0030805179398850583,0.0069270205773743,1.0,1.0,-0.0012719029726195874,-0.0012934673979457124,0.0012934673979457124,1.673057909548452e-06,0.2722297184390954,0.222634948286269,1.2227627357455861,0.2722297184390954,0.222634948286269,1.2227627357455861,0.38523031434417165,0.2957753045440793,0.5320586057193186,0.5320586057193186,mild,full_curve,50,1.026448001247858e-05
95,peak_time,29.0,23.9,23.0,7.32161598324172,20.75,28.0,12.95,36.05,7.25,23.099999999999998,0.0,1.0,-5.100000000000001,-6.0,6.0,36.0,0.42687033403262975,0.3032214365315864,1.4077841557490376,0.42687033403262975,0.3032214365315864,1.4077841557490376,0.7743966339701682,0.443106078906533,0.42440778021882297,0.42440778021882297,mild,full_curve,50,0.0005286526904930343
95,peak_height,0.08899866044521332,0.08409322202205657,0.08436842262744904,0.016873887826107995,0.07204865850508213,0.09705100581049919,0.05706504974514246,0.10850061774253845,0.02500234730541706,0.051435567997395994,1.0,1.0,-0.004905438423156744,-0.004630237817764282,0.004630237817764282,2.1439102249054542e-05,0.42687033403262975,0.3032214365315864,1.4077841557490376,0.42687033403262975,0.3032214365315864,1.4077841557490376,0.7743966339701682,0.443106078906533,0.42440778021882297,0.42440778021882297,mild,full_curve,50,0.0005286526904930343
95,cumulative_infected,1.6248895235476084,1.5227268695965903,1.4892582533648238,0.4388830275489654,1.189843724201637,1.8032233018893749,0.8363127005359274,2.2686283872229978,0.6133795776877378,1.4323156866870703,1.0,1.0,-0.10216265395101809,-0.13563127018278465,0.13563127018278465,0.018395841451395528,0.42687033403262975,0.3032214365315864,1.4077841557490376,0.42687033403262975,0.3032214365315864,1.4077841557490376,0.7743966339701682,0.443106078906533,0.42440778021882297,0.42440778021882297,mild,full_curve,50,0.0005286526904930343
95,early_growth_slope,0.0006533421262810449,0.0009815111809590845,0.0007626467087816102,0.0028148868955364227,-0.0009892042334762481,0.00281748930934728,-0.0032229793649527125,0.005010234652850373,0.003806693542823528,0.008233214017803086,1.0,1.0,0.00032816905467803967,0.00010930458250056532,0.00010930458250056532,1.1947491755622889e-08,0.42687033403262975,0.3032214365315864,1.4077841557490376,0.42687033403262975,0.3032214365315864,1.4077841557490376,0.7743966339701682,0.443106078906533,0.42440778021882297,0.42440778021882297,mild,full_curve,50,0.0005286526904930343
96,peak_time,15.0,23.15,24.0,13.162062869850569,14.75,33.25,2.0,43.05,18.5,41.05,1.0,1.0,8.149999999999999,9.0,9.0,81.0,0.36822968611533136,0.3098818776745442,1.1882904830661551,0.36822968611533136,0.3098818776745442,1.1882904830661551,0.6665034631630168,0.4981811559115042,0.4902911818403338,0.4902911818403338,mild,full_curve,50,0.00010794872674094867
96,peak_height,0.05216504633426666,0.061149442829191686,0.05512619577348232,0.01995121090018218,0.047929730266332626,0.06785090826451778,0.04009366910904646,0.10157936066389084,0.019921177998185158,0.06148569155484438,1.0,1.0,0.008984396494925023,0.00296114943921566,0.00296114943921566,8.768406001367218e-06,0.36822968611533136,0.3098818776745442,1.1882904830661551,0.36822968611533136,0.3098818776745442,1.1882904830661551,0.6665034631630168,0.4981811559115042,0.4902911818403338,0.4902911818403338,mild,full_curve,50,0.00010794872674094867
96,cumulative_infected,0.8824357846751809,0.8120074052262248,0.6344641864998266,0.5312599461055181,0.5086596633482259,0.8568930720211938,0.40178481067414396,1.836744764947798,0.3482334086729679,1.434959954273654,0.0,1.0,-0.07042837944895608,-0.2479715981753543,0.2479715981753543,0.061489913501639376,0.36822968611533136,0.3098818776745442,1.1882904830661551,0.36822968611533136,0.3098818776745442,1.1882904830661551,0.6665034631630168,0.4981811559115042,0.4902911818403338,0.4902911818403338,mild,full_curve,50,0.00010794872674094867
96,early_growth_slope,-4.226133404743057e-05,0.00019967120776830962,7.584230791378309e-05,0.0025815112269684344,-0.0014457318209765832,0.0016669068292165844,-0.004091818018129002,0.004851464098014513,0.0031126386501931676,0.008943282116143515,1.0,1.0,0.00024193254181574018,0.00011810364196121367,0.00011810364196121367,1.394847024450255e-08,0.36822968611533136,0.3098818776745442,1.1882904830661551,0.36822968611533136,0.3098818776745442,1.1882904830661551,0.6665034631630168,0.4981811559115042,0.4902911818403338,0.4902911818403338,mild,full_curve,50,0.00010794872674094867
97,peak_time,35.0,26.51,27.0,10.368459359757818,19.75,33.0,8.95,43.0,13.25,34.05,0.0,1.0,-8.489999999999998,-8.0,8.0,64.0,0.3017955032881967,0.22943379292779817,1.3153925558959418,0.3017955032881967,0.22943379292779817,1.3153925558959418,0.5365577147396963,0.3497709896979925,0.3764838837786336,0.3764838837786336,mild,full_curve,50,0.00018659852119451333
97,peak_height,0.0685720443725586,0.08967291612178087,0.07891455292701721,0.037419969765039154,0.06523618288338184,0.1043184008449316,0.048669136688113214,0.16696599721908567,0.03908221796154976,0.11829686053097246,1.0,1.0,0.021100871749222275,0.010342508554458618,0.010342508554458618,0.0001069674831990497,0.3017955032881967,0.22943379292779817,1.3153925558959418,0.3017955032881967,0.22943379292779817,1.3153925558959418,0.5365577147396963,0.3497709896979925,0.3764838837786336,0.3764838837786336,mild,full_curve,50,0.00018659852119451333
97,cumulative_infected,1.6524966876022518,1.7536727575366058,1.4632328549487283,1.0809259365127217,0.9688587680429919,2.179527708358364,0.5761497127139592,3.8235055077355344,1.2106689403153723,3.2473557950215755,1.0,1.0,0.10117606993435402,-0.18926383265352342,0.18926383265352342,0.03582079835070092,0.3017955032881967,0.22943379292779817,1.3153925558959418,0.3017955032881967,0.22943379292779817,1.3153925558959418,0.5365577147396963,0.3497709896979925,0.3764838837786336,0.3764838837786336,mild,full_curve,50,0.00018659852119451333
97,early_growth_slope,0.0016978895180814325,0.0010986395200147643,0.001157893103525221,0.0026258843784347547,-0.00028265676883165703,0.0028422038466531024,-0.0038617604624743645,0.005540679333942187,0.0031248606154847597,0.009402439796416551,1.0,1.0,-0.0005992499980666682,-0.0005399964145562115,0.0005399964145562115,2.915961277335638e-07,0.3017955032881967,0.22943379292779817,1.3153925558959418,0.3017955032881967,0.22943379292779817,1.3153925558959418,0.5365577147396963,0.3497709896979925,0.3764838837786336,0.3764838837786336,mild,full_curve,50,0.00018659852119451333
98,peak_time,23.0,21.89,21.5,15.942380466840419,5.75,36.25,0.0,45.0,30.5,45.0,1.0,1.0,-1.1099999999999994,-1.5,1.5,2.25,0.2194018791117297,0.472739687873882,0.4641071709009166,0.2194018791117297,0.472739687873882,0.4641071709009166,0.10216172727658843,0.48463060815737175,0.5119582381333204,0.5119582381333204,mild,full_curve,50,6.874321350878262e-08
98,peak_height,0.038418181240558624,0.05436348609626293,0.05081034079194069,0.01774535371692662,0.043422249145805836,0.05939124897122383,0.036335503309965135,0.08073941841721534,0.015968999825417995,0.044403915107250204,0.0,1.0,0.015945304855704306,0.012392159551382065,0.012392159551382065,0.00015356561834690974,0.2194018791117297,0.472739687873882,0.4641071709009166,0.2194018791117297,0.472739687873882,0.4641071709009166,0.10216172727658843,0.48463060815737175,0.5119582381333204,0.5119582381333204,mild,full_curve,50,6.874321350878262e-08
98,cumulative_infected,0.3274877656949684,0.565712188066608,0.46268578445597086,0.39385441814642314,0.40484841190846055,0.5559797290770803,0.3223869025379827,0.9467683098395352,0.15113131716861972,0.6243814073015526,0.0,1.0,0.23822442237163954,0.13519801876100246,0.13519801876100246,0.01827850427690037,0.2194018791117297,0.472739687873882,0.4641071709009166,0.2194018791117297,0.472739687873882,0.4641071709009166,0.10216172727658843,0.48463060815737175,0.5119582381333204,0.5119582381333204,mild,full_curve,50,6.874321350878262e-08
98,early_growth_slope,-0.0006650238813433262,-0.0008429944253718218,-0.0007628272336053963,0.002321163461124884,-0.0029209336952633388,0.000947634649318866,-0.004285433531566965,0.002487037302662862,0.003868568344582205,0.006772470834229827,1.0,1.0,-0.0001779705440284956,-9.780335226207014e-05,9.780335226207014e-05,9.56549571369858e-09,0.2194018791117297,0.472739687873882,0.4641071709009166,0.2194018791117297,0.472739687873882,0.4641071709009166,0.10216172727658843,0.48463060815737175,0.5119582381333204,0.5119582381333204,mild,full_curve,50,6.874321350878262e-08
99,peak_time,17.0,15.29,15.0,1.165973820244241,15.0,16.0,13.0,17.0,1.0,4.0,0.0,1.0,-1.7100000000000009,-2.0,2.0,4.0,0.5212026612172268,0.14903352893112096,3.497217471500066,0.5212026612172268,0.14903352893112096,3.497217471500066,0.9546303427099266,0.16117649279323928,0.47896736018058655,0.47896736018058655,mild,full_curve,50,0.008969481701722992
99,peak_height,0.40015843510627747,0.3448387795686722,0.34495097398757935,0.01954108899174867,0.3320562168955803,0.35757336765527725,0.312677726149559,0.3782595634460449,0.02551715075969696,0.06558183729648587,0.0,0.0,-0.05531965553760526,-0.05520746111869812,0.05520746111869812,0.0030478637631725647,0.5212026612172268,0.14903352893112096,3.497217471500066,0.5212026612172268,0.14903352893112096,3.497217471500066,0.9546303427099266,0.16117649279323928,0.47896736018058655,0.47896736018058655,mild,full_curve,50,0.008969481701722992
99,cumulative_infected,6.0922739441739395,5.851299662985903,5.8809242628049105,0.25064851664551435,5.711313374340534,6.01083906047279,5.4472278819856,6.224346993444487,0.29952568613225594,0.7771191114588873,0.0,1.0,-0.24097428118803688,-0.21134968136902899,0.21134968136902899,0.04466868781479008,0.5212026612172268,0.14903352893112096,3.497217471500066,0.5212026612172268,0.14903352893112096,3.497217471500066,0.9546303427099266,0.16117649279323928,0.47896736018058655,0.47896736018058655,mild,full_curve,50,0.008969481701722992
99,early_growth_slope,0.016208088988648905,0.012256231899565526,0.011866155615453386,0.002797382125291473,0.010135993760611329,0.014168913059014203,0.008479176050916847,0.017364462839239935,0.004032919298402875,0.008885286788323088,0.0,1.0,-0.003951857089083379,-0.004341933373195519,0.004341933373195519,1.8852385417269018e-05,0.5212026612172268,0.14903352893112096,3.497217471500066,0.5212026612172268,0.14903352893112096,3.497217471500066,0.9546303427099266,0.16117649279323928,0.47896736018058655,0.47896736018058655,mild,full_curve,50,0.008969481701722992
