case_id,feature,observed_value,pred_mean,pred_median,pred_std,pred_ci50_low,pred_ci50_high,pred_ci90_low,pred_ci90_high,pred_width50,pred_width90,covered50,covered90,err_mean,err_median,abs_err_median,sq_err_median,true_beta,true_gamma,true_R0,rho0,tau,eta,severity
0,peak_time,23.0,23.86,23.0,7.491436188182888,20.0,28.25,14.0,39.0,8.25,25.0,1.0,1.0,0.8599999999999994,0.0,0.0,0.0,0.4480770837070597,0.31665052577402086,1.4150523913130402,1.0,14,0.9977389342385036,mild
0,peak_height,0.09760671854019165,0.08512750871479512,0.08261684328317642,0.017639473212006644,0.07302154041826725,0.0941486768424511,0.06304001584649085,0.11936078071594239,0.021127136424183846,0.056320764869451534,0.0,1.0,-0.012479209825396534,-0.014989875257015228,0.014989875257015228,0.00022469636022087736,0.4480770837070597,0.31665052577402086,1.4150523913130402,1.0,14,0.9977389342385036,mild
0,cumulative_infected,1.747299479553476,1.5825198567305778,1.5203733292873949,0.4355331393711848,1.2478460473648738,1.884256782126613,0.9191629032757191,2.2852839437226065,0.6364107347617391,1.3661210404468873,1.0,1.0,-0.16477962282289815,-0.2269261502660811,0.2269261502660811,0.05149547767458402,0.4480770837070597,0.31665052577402086,1.4150523913130402,1.0,14,0.9977389342385036,mild
0,early_growth_slope,0.003596071988188972,0.001372954354845292,0.0011819320049350304,0.0025072898944637273,-0.00027787886834370696,0.003319712913556334,-0.002792394166906541,0.005540057996040558,0.003597591781900041,0.008332452162947099,0.0,1.0,-0.0022231176333436797,-0.0024141399832539414,0.0024141399832539414,5.82807185874534e-06,0.4480770837070597,0.31665052577402086,1.4150523913130402,1.0,14,0.9977389342385036,mild
1,peak_time,8.0,21.15,18.0,15.607803668470956,7.0,34.5,1.0,49.0,27.5,48.0,1.0,1.0,13.149999999999999,10.0,10.0,100.0,0.1866456667520135,0.38828976758558686,0.48068654477451056,1.0,25,0.9751659956038624,mild
1,peak_height,0.046858932822942734,0.052330645006150006,0.0496985949575901,0.01614620702664368,0.043311732821166515,0.055690265260636806,0.03212916702032089,0.08433787450194358,0.012378532439470291,0.052208707481622686,1.0,1.0,0.005471712183207272,0.0028396621346473694,0.0028396621346473694,8.063681038950055e-06,0.1866456667520135,0.38828976758558686,0.48068654477451056,1.0,25,0.9751659956038624,mild
1,cumulative_infected,0.41252107406035066,0.5874017690617666,0.45923570618833764,0.39412524667886006,0.3978776859512436,0.567512508467189,0.301189852153766,1.4756878626736574,0.16963482251594542,1.1744980105198914,1.0,1.0,0.1748806950014159,0.04671463212798699,0.04671463212798699,0.002182256854853154,0.1866456667520135,0.38828976758558686,0.48068654477451056,1.0,25,0.9751659956038624,mild
1,early_growth_slope,0.0010769966944021037,-0.0005166738432189083,-0.0006088664397663827,0.002568205575362778,-0.0023078408488626787,0.0011321342525271966,-0.004093382855977064,0.00436971467954988,0.0034399751013898753,0.008463097535526945,1.0,1.0,-0.001593670537621012,-0.0016858631341684863,0.0016858631341684863,2.842134507148392e-06,0.1866456667520135,0.38828976758558686,0.48068654477451056,1.0,25,0.9751659956038624,mild
2,peak_time,18.0,20.49,21.0,2.488336428584001,19.0,22.0,16.0,24.0,3.0,8.0,0.0,1.0,2.4899999999999984,3.0,3.0,9.0,0.4046595524780089,0.19856560441531607,2.037913633982805,1.0,19,0.8513157970326464,mild
2,peak_height,0.18001534044742584,0.17202599063515664,0.17275311052799225,0.014596642658075202,0.1601168029010296,0.1833808682858944,0.15006869956851004,0.1955641031265259,0.023264065384864807,0.045495403558015846,1.0,1.0,-0.007989349812269203,-0.007262229919433594,0.007262229919433594,5.273998340271646e-05,0.4046595524780089,0.19856560441531607,2.037913633982805,1.0,19,0.8513157970326464,mild
2,cumulative_infected,3.5570370657369494,3.469676918373825,3.4848208389012143,0.20386655581578955,3.3507245325890835,3.611382514645811,3.1466821547597648,3.7536586620379238,0.26065798205672763,0.606976507278159,1.0,1.0,-0.08736014736312425,-0.07221622683573514,0.07221622683573514,0.005215183418390353,0.4046595524780089,0.19856560441531607,2.037913633982805,1.0,19,0.8513157970326464,mild
2,early_growth_slope,0.0005373686352478624,0.0037708805551245027,0.0036881956080573475,0.0030376355372157752,0.001777592641744941,0.006073652453605539,-0.0013470195916375997,0.008756805881386664,0.004296059811860598,0.010103825473024264,0.0,1.0,0.0032335119198766402,0.003150826972809485,0.003150826972809485,9.927710612583784e-06,0.4046595524780089,0.19856560441531607,2.037913633982805,1.0,19,0.8513157970326464,mild
3,peak_time,11.0,10.23,10.0,0.8859737552261324,10.0,11.0,9.0,11.049999999999997,1.0,2.049999999999997,1.0,1.0,-0.7699999999999996,-1.0,1.0,1.0,0.7638096098690871,0.19724140342496155,3.872460835332023,1.0,21,0.9320934696066934,mild
3,peak_height,0.3998451232910156,0.3827012065052986,0.3819430321455002,0.021665795991388747,0.3692518621683121,0.39684076607227325,0.34967145025730134,0.41766421049833297,0.02758890390396118,0.06799276024103162,0.0,1.0,-0.017143916785717028,-0.017902091145515442,0.017902091145515442,0.0003204848673823424,0.7638096098690871,0.19724140342496155,3.872460835332023,1.0,21,0.9320934696066934,mild
3,cumulative_infected,4.847827692079591,4.730143096441079,4.722752203553682,0.21887413711857556,4.6042009988450445,4.880329033880116,4.380814097652911,5.057425158121623,0.27612803503507166,0.6766110604687121,1.0,1.0,-0.11768459563851152,-0.12507548852590844,0.12507548852590844,0.015643877829994653,0.7638096098690871,0.19724140342496155,3.872460835332023,1.0,21,0.9320934696066934,mild
3,early_growth_slope,0.0389250252129776,0.03403054073640392,0.03431349260444265,0.004602982242381635,0.03121445455430407,0.037927715817377666,0.02654412126629765,0.04016289643865698,0.006713261263073596,0.013618775172359331,0.0,1.0,-0.004894484476573681,-0.004611532608534953,0.004611532608534953,2.126623299958119e-05,0.7638096098690871,0.19724140342496155,3.872460835332023,1.0,21,0.9320934696066934,mild
4,peak_time,8.0,20.85,18.5,15.378310188132641,6.0,33.25,0.9500000000000002,46.05,27.25,45.099999999999994,1.0,1.0,12.850000000000001,10.5,10.5,110.25,0.3825509342485808,0.3754605838594816,1.0188844067630618,1.0,25,0.8795366076398413,mild
4,peak_height,0.04701724275946617,0.053900256343185904,0.05054350942373276,0.014909344140213934,0.04494690056890249,0.06076559890061617,0.03365171458572149,0.07988216914236546,0.015818698331713676,0.046230454556643964,1.0,1.0,0.006883013583719733,0.0035262666642665863,0.0035262666642665863,1.2434556587517798e-05,0.3825509342485808,0.3754605838594816,1.0188844067630618,1.0,25,0.8795366076398413,mild
4,cumulative_infected,0.6832578845205717,0.6462610906731243,0.5506274776125792,0.33228163776534897,0.4540697866032133,0.7185573219321668,0.32817322393821086,1.3323794009163972,0.2644875353289535,1.0042061769781863,1.0,1.0,-0.03699679384744736,-0.13263040690799244,0.13263040690799244,0.017590824836579647,0.3825509342485808,0.3754605838594816,1.0188844067630618,1.0,25,0.8795366076398413,mild
4,early_growth_slope,-0.003663841113891627,-0.00037755936047644613,-0.0004427922458922858,0.002248873351716302,-0.0016426392080791715,0.0011863422377722433,-0.00379784063995993,0.003236341338682297,0.0028289814458514148,0.007034181978642227,0.0,1.0,0.003286281753415181,0.0032210488679993415,0.0032210488679993415,1.0375155810039839e-05,0.3825509342485808,0.3754605838594816,1.0188844067630618,1.0,25,0.8795366076398413,mild
5,peak_time,31.0,30.24,30.0,3.117626654940575,28.0,32.0,26.0,36.0,4.0,10.0,1.0,1.0,-0.7600000000000016,-1.0,1.0,1.0,0.2830268507261073,0.10776342084786147,2.626372181759891,1.0,28,0.8829287349067171,mild
5,peak_height,0.2616330087184906,0.2591811290383339,0.2608371675014496,0.024144151502073167,0.2428872138261795,0.2750384956598282,0.22303183227777482,0.29559716731309893,0.03215128183364868,0.07256533503532411,1.0,1.0,-0.002451879680156699,-0.0007958412170410156,0.0007958412170410156,6.333632427413249e-07,0.2830268507261073,0.10776342084786147,2.626372181759891,1.0,28,0.8829287349067171,mild
5,cumulative_infected,6.655117553425953,6.585349545476929,6.611732620513067,0.5061508322874773,6.21391584048979,6.929926104552578,5.786776422610274,7.447872820802149,0.7160102640627883,1.6610963981918756,1.0,1.0,-0.06976800794902349,-0.04338493291288614,0.04338493291288614,0.0018822524038556313,0.2830268507261073,0.10776342084786147,2.626372181759891,1.0,28,0.8829287349067171,mild
5,early_growth_slope,0.0009104451136885303,0.0022342888893386514,0.0021663879188487225,0.0025416536430518197,0.0005079825996723411,0.0039600638433295796,-0.0013656404274072298,0.0059285940621131355,0.0034520812436572386,0.007294234489520365,1.0,1.0,0.001323843775650121,0.0012559428051601921,0.0012559428051601921,1.5773923298336523e-06,0.2830268507261073,0.10776342084786147,2.626372181759891,1.0,28,0.8829287349067171,mild
6,peak_time,39.0,24.13,24.5,14.315108215878887,12.75,36.0,2.0,47.0,23.25,45.0,0.0,1.0,-14.870000000000001,-14.5,14.5,210.25,0.27894623345503744,0.30016171775228906,0.9293198198087343,1.0,21,0.9359268649423368,mild
6,peak_height,0.038221877068281174,0.05028916295617819,0.048263464123010635,0.013226673247278904,0.042692129500210285,0.05595092102885246,0.035947829484939575,0.06762399673461914,0.013258791528642178,0.03167616724967956,0.0,1.0,0.012067285887897017,0.010041587054729462,0.010041587054729462,0.0001008334705777103,0.27894623345503744,0.30016171775228906,0.9293198198087343,1.0,21,0.9359268649423368,mild
6,cumulative_infected,0.48912360129179433,0.5603366254563298,0.466161254022154,0.3099517371263182,0.40850758757733274,0.5844325771467993,0.3261949496700254,1.2502972609014247,0.17592498956946656,0.9241023112313993,1.0,1.0,0.07121302416453545,-0.022962347269640304,0.022962347269640304,0.0005272693921315575,0.27894623345503744,0.30016171775228906,0.9293198198087343,1.0,21,0.9359268649423368,mild
6,early_growth_slope,0.0017670839248845973,-0.000583150497009877,-0.0006307607954589734,0.0019473812708077861,-0.0018217588997989248,0.000447352764067113,-0.003989232411619185,0.00310373019447503,0.0022691116638660375,0.007092962606094214,0.0,1.0,-0.0023502344218944743,-0.002397844720343571,0.002397844720343571,5.749659302879538e-06,0.27894623345503744,0.30016171775228906,0.9293198198087343,1.0,21,0.9359268649423368,mild
7,peak_time,21.0,22.07,22.0,3.394157189981488,20.0,25.0,17.95,28.0,5.0,10.05,1.0,1.0,1.0700000000000003,1.0,1.0,1.0,0.41692255612501306,0.2336294094471214,1.7845465479352562,1.0,13,0.8829976081086641,mild
7,peak_height,0.14168044924736023,0.12578946650028228,0.12622515112161636,0.015528532491524806,0.11290546134114265,0.1347062550485134,0.10411361828446389,0.14908253103494642,0.021800793707370758,0.04496891275048254,0.0,1.0,-0.015890982747077953,-0.015455298125743866,0.015455298125743866,0.00023886624015562186,0.41692255612501306,0.2336294094471214,1.7845465479352562,1.0,13,0.8829976081086641,mild
7,cumulative_infected,2.5452080024406314,2.5839571397018517,2.5775002636946738,0.2526092281440294,2.412051531486213,2.778650632244535,2.1573776633478703,2.999961541977245,0.3665991007583216,0.8425838786293749,1.0,1.0,0.03874913726122031,0.03229226125404239,0.03229226125404239,0.0010427901368993272,0.41692255612501306,0.2336294094471214,1.7845465479352562,1.0,13,0.8829976081086641,mild
7,early_growth_slope,0.00389362957018117,0.0022270603084966535,0.002312748609775944,0.002805961744797733,0.0004346172804833353,0.004259135581551596,-0.002894177846229422,0.006505092722363767,0.0038245183010682604,0.00939927056859319,1.0,1.0,-0.0016665692616845166,-0.001580880960405226,0.001580880960405226,2.49918461097175e-06,0.41692255612501306,0.2336294094471214,1.7845465479352562,1.0,13,0.8829976081086641,mild
8,peak_time,5.0,18.17,16.0,13.335647526441862,8.0,27.25,0.9500000000000002,43.099999999999994,19.25,42.14999999999999,0.0,1.0,13.170000000000002,11.0,11.0,121.0,0.11156873180092841,0.15681117019726348,0.7114845942452854,1.0,18,0.9290383529327576,mild
8,peak_height,0.06015295907855034,0.05237129922956228,0.05103057622909546,0.011963296814741653,0.04383297357708216,0.05868885666131973,0.03431193847209215,0.07417484559118748,0.014855883084237576,0.03986290711909533,0.0,1.0,-0.007781659848988057,-0.00912238284945488,0.00912238284945488,8.321786885202853e-05,0.11156873180092841,0.15681117019726348,0.7114845942452854,1.0,18,0.9290383529327576,mild
8,cumulative_infected,0.5787467021145858,0.5685390327171115,0.4944989979849197,0.2547885829526221,0.4158781037967856,0.6383599621012763,0.3361490018634868,1.118261463206727,0.22248185830449074,0.7821124613432402,1.0,1.0,-0.010207669397474306,-0.08424770412966609,0.08424770412966609,0.0070976756511197565,0.11156873180092841,0.15681117019726348,0.7114845942452854,1.0,18,0.9290383529327576,mild
8,early_growth_slope,-0.0010155125831564265,0.00018891754658787824,0.00018196883874701473,0.002378448674043849,-0.001634900330654566,0.001960543063302923,-0.003619200383712136,0.003819770453126344,0.0035954433939574893,0.00743897083683848,1.0,1.0,0.0012044301297443048,0.0011974814219034412,0.0011974814219034412,1.4339617558038874e-06,0.11156873180092841,0.15681117019726348,0.7114845942452854,1.0,18,0.9290383529327576,mild
9,peak_time,49.0,22.09,19.0,15.297121271400028,9.0,39.0,1.0,47.05,30.0,46.05,0.0,0.0,-26.91,-30.0,30.0,900.0,0.23029385193398222,0.44767180634751347,0.5144256320560254,1.0,22,0.914509749242822,mild
9,peak_height,0.050174593925476074,0.05027611000463367,0.047782400622963905,0.01386176191393199,0.04183975141495466,0.05498935468494892,0.034743871353566644,0.06918747052550316,0.013149603269994259,0.03444359917193651,1.0,1.0,0.00010151607915759309,-0.002392193302512169,0.002392193302512169,5.722588796584077e-06,0.23029385193398222,0.44767180634751347,0.5144256320560254,1.0,22,0.914509749242822,mild
9,cumulative_infected,0.5552670009346912,0.5571304584603126,0.46748090405162657,0.35833940427258915,0.39945849855575943,0.5574843810536549,0.30259423296229215,1.225204982550349,0.1580258824978955,0.9226107495880569,1.0,1.0,0.001863457525621448,-0.0877860968830646,0.0877860968830646,0.007706398805962805,0.23029385193398222,0.44767180634751347,0.5144256320560254,1.0,22,0.914509749242822,mild
9,early_growth_slope,-0.0018517902575521945,-3.565884728795019e-05,0.0001483358570285857,0.0020589899444748002,-0.0015250091862634727,0.0011306910251689607,-0.0032297925025756846,0.003401142990125142,0.0026557002114324336,0.0066309354927008264,0.0,1.0,0.0018161314102642444,0.0020001261145807803,0.0020001261145807803,4.0005044742280086e-06,0.23029385193398222,0.44767180634751347,0.5144256320560254,1.0,22,0.914509749242822,mild
10,peak_time,47.0,24.17,24.5,14.259538717800254,11.75,36.25,1.0,46.0,24.5,45.0,0.0,0.0,-22.83,-22.5,22.5,506.25,0.3609055792564898,0.35906641798880407,1.0051220642631724,1.0,27,0.9950251307153827,mild
10,peak_height,0.04320335015654564,0.05308482421562075,0.05065889656543732,0.01369021305803347,0.044548758305609226,0.05997133534401655,0.03429306671023369,0.07919006757438182,0.015422577038407326,0.044897000864148134,0.0,1.0,0.009881474059075114,0.007455546408891678,0.007455546408891678,5.5585172255137594e-05,0.3609055792564898,0.35906641798880407,1.0051220642631724,1.0,27,0.9950251307153827,mild
10,cumulative_infected,0.5686980786267668,0.592404750604045,0.5045641882170457,0.2764529906798826,0.40046165452804416,0.6883686721839695,0.31286995683667557,1.249566202017013,0.2879070176559253,0.9366962451803376,1.0,1.0,0.02370667197727816,-0.06413389040972106,0.06413389040972106,0.004113155899086111,0.3609055792564898,0.35906641798880407,1.0051220642631724,1.0,27,0.9950251307153827,mild
10,early_growth_slope,-0.00259751210632246,-0.0005297511450970925,-0.0007004256573660912,0.002537235072842074,-0.00195490775253607,0.0010690526964719452,-0.004778964242654008,0.003117897921142034,0.0030239604490080152,0.007896862163796042,0.0,1.0,0.0020677609612253676,0.001897086448956369,0.001897086448956369,3.5989369948138857e-06,0.3609055792564898,0.35906641798880407,1.0051220642631724,1.0,27,0.9950251307153827,mild
11,peak_time,44.0,27.82,28.0,15.189297135639539,14.0,43.0,3.0,49.0,29.0,46.0,0.0,1.0,-16.18,-16.0,16.0,256.0,0.44794558198099554,0.4746206425761153,0.9437970913984386,1.0,14,0.9731336119154774,mild
11,peak_height,0.053959332406520844,0.05497905097901821,0.052354125306010246,0.01577525722468326,0.04427980352193117,0.06131458468735218,0.03634865432977676,0.08477211743593216,0.01703478116542101,0.0484234631061554,1.0,1.0,0.0010197185724973648,-0.0016052071005105972,0.0016052071005105972,2.5766898355296386e-06,0.44794558198099554,0.4746206425761153,0.9437970913984386,1.0,14,0.9731336119154774,mild
11,cumulative_infected,0.48951468920131447,0.6354115158442528,0.5288349249749444,0.34055699509913057,0.436811236635549,0.6981426640268182,0.3279580820526462,1.3602894228832152,0.26133142739126924,1.032331340830569,1.0,1.0,0.14589682664293835,0.039320235773629975,0.039320235773629975,0.0015460809412938504,0.44794558198099554,0.4746206425761153,0.9437970913984386,1.0,14,0.9731336119154774,mild
11,early_growth_slope,-0.0014225641536454304,-0.00022001745365958427,-3.515812637661328e-05,0.0023439678152131246,-0.0014190442910018749,0.0012116991869377328,-0.004396858148841902,0.0035920498482439485,0.0026307434779396077,0.007988907997085851,0.0,1.0,0.0012025466999858463,0.001387406027268817,0.001387406027268817,1.9248954845018417e-06,0.44794558198099554,0.4746206425761153,0.9437970913984386,1.0,14,0.9731336119154774,mild
12,peak_time,11.0,11.96,12.0,1.0817120735671808,11.0,13.0,10.0,14.0,2.0,4.0,1.0,1.0,0.9600000000000009,1.0,1.0,1.0,0.7036870134530332,0.24238062337150323,2.9032313048162823,1.0,24,0.9857878210345543,mild
12,peak_height,0.28544649481773376,0.2935361155867577,0.2922903448343277,0.017356728994565005,0.28314993530511856,0.30618033558130264,0.2630446791648865,0.3225858807563782,0.023030400276184082,0.05954120159149168,1.0,1.0,0.00808962076902392,0.006843850016593933,0.006843850016593933,4.683828304963278e-05,0.7036870134530332,0.24238062337150323,2.9032313048162823,1.0,24,0.9857878210345543,mild
12,cumulative_infected,4.141277385409921,3.9203275856254276,3.9228861000797224,0.21156037086332982,3.755808045680169,4.052789350331295,3.606041179290332,4.25712371111149,0.29698130465112627,0.6510825318211575,0.0,1.0,-0.2209497997844938,-0.21839128533019903,0.21839128533019903,0.0476947535081764,0.7036870134530332,0.24238062337150323,2.9032313048162823,1.0,24,0.9857878210345543,mild
12,early_growth_slope,0.016826990991830822,0.01857372077404285,0.018513471642065613,0.0032256367492930664,0.016461147157575136,0.02043403819524904,0.013537155690469909,0.0239299247371188,0.003972891037673905,0.01039276904664889,1.0,1.0,0.0017467297822120267,0.0016864806502347902,0.0016864806502347902,2.844216983616361e-06,0.7036870134530332,0.24238062337150323,2.9032313048162823,1.0,24,0.9857878210345543,mild
13,peak_time,28.0,25.45,26.0,14.997895475261476,13.75,38.0,1.0,48.0,24.25,47.0,1.0,1.0,-2.5500000000000007,-2.0,2.0,4.0,0.18081919624801662,0.4351130803004421,0.4155682842794853,1.0,18,0.8579182538390183,mild
13,peak_height,0.04942425340414047,0.052931975983083246,0.050615739077329636,0.01484314962093827,0.04410255514085293,0.059283481910824776,0.03484015036374331,0.07266866229474542,0.015180926769971848,0.03782851193100211,1.0,1.0,0.0035077225789427735,0.0011914856731891632,0.0011914856731891632,1.4196381094150334e-06,0.18081919624801662,0.4351130803004421,0.4155682842794853,1.0,18,0.8579182538390183,mild
13,cumulative_infected,0.39406704578141216,0.6108655794998503,0.5100972662039567,0.2989149841463986,0.434384715379565,0.7031321657486842,0.3463637951783312,1.2498730798834001,0.2687474503691192,0.903509284705069,0.0,1.0,0.21679853371843816,0.11603022042254452,0.11603022042254452,0.013463012051304266,0.18081919624801662,0.4351130803004421,0.4155682842794853,1.0,18,0.8579182538390183,mild
13,early_growth_slope,-0.003928359941623748,-0.0007929103365365456,-0.0006071815019129728,0.0022945343087148328,-0.002252988456304938,0.0007381991606615927,-0.005157277029052019,0.002350008489918849,0.0029911876169665306,0.007507285518970868,0.0,1.0,0.0031354496050872024,0.003321178439710775,0.003321178439710775,1.1030226228399698e-05,0.18081919624801662,0.4351130803004421,0.4155682842794853,1.0,18,0.8579182538390183,mild
14,peak_time,11.0,10.98,11.0,1.2470571418950758,10.0,12.0,9.0,13.0,2.0,4.0,1.0,1.0,-0.019999999999999574,0.0,0.0,0.0,0.7246763239964922,0.31555762993530756,2.2964943808997997,1.0,15,0.9081735978689156,mild
14,peak_height,0.23963940143585205,0.21344418093562126,0.21600596606731415,0.019677460794596143,0.19971664994955063,0.2257278822362423,0.17987810000777243,0.24246959537267684,0.026011232286691666,0.06259149536490441,0.0,1.0,-0.026195220500230793,-0.023633435368537903,0.023633435368537903,0.0005585392673188583,0.7246763239964922,0.31555762993530756,2.2964943808997997,1.0,15,0.9081735978689156,mild
14,cumulative_infected,2.698027262231335,2.6224376781835357,2.627315089394564,0.1735900416551548,2.5103140208811965,2.7275745473452844,2.3643274215999552,2.909447627913687,0.2172605264640879,0.5451202063137317,1.0,1.0,-0.07558958404779936,-0.070712172836771,0.070712172836771,0.005000211387297375,0.7246763239964922,0.31555762993530756,2.2964943808997997,1.0,15,0.9081735978689156,mild
14,early_growth_slope,0.013577023476717015,0.015252330086975796,0.015281604823290502,0.0032615697915610643,0.013085297906876629,0.01754356327001005,0.010292703084026772,0.019857696141185613,0.004458265363133422,0.009564993057158841,1.0,1.0,0.0016753066102587807,0.001704581346573487,0.001704581346573487,2.9055975670862825e-06,0.7246763239964922,0.31555762993530756,2.2964943808997997,1.0,15,0.9081735978689156,mild
15,peak_time,8.0,9.0,9.0,1.119162746219357,8.0,10.0,7.95,11.0,2.0,3.05,1.0,1.0,1.0,1.0,1.0,1.0,0.9988011089539213,0.42757917181989674,2.335944252622839,1.0,11,0.8539803400062272,mild
15,peak_height,0.19086970388889313,0.1869344811141491,0.18514148890972137,0.01717164471448901,0.17415134981274605,0.20020363107323647,0.15708638578653336,0.21543967202305794,0.026052281260490417,0.05835328623652458,1.0,1.0,-0.003935222774744035,-0.005728214979171753,0.005728214979171753,3.2812446847607646e-05,0.9988011089539213,0.42757917181989674,2.335944252622839,1.0,11,0.8539803400062272,mild
15,cumulative_infected,2.1454302106867544,1.9843118789258734,1.9600698780195671,0.1447598637004428,1.8833673506596824,2.080141271202592,1.7857574272195051,2.2429690110788214,0.19677392054290976,0.45721158385931626,0.0,1.0,-0.16111833176088108,-0.18536033266718732,0.18536033266718732,0.034358452926490354,0.9988011089539213,0.42757917181989674,2.335944252622839,1.0,11,0.8539803400062272,mild
15,early_growth_slope,0.022953569678412302,0.019527746530253524,0.01945968791620717,0.0033056004144210436,0.01747527417250066,0.021501378621906035,0.01421274359315811,0.0250602309513072,0.004026104449405377,0.01084748735814909,0.0,1.0,-0.0034258231481587784,-0.003493881762205133,0.003493881762205133,1.2207209768269646e-05,0.9988011089539213,0.42757917181989674,2.335944252622839,1.0,11,0.8539803400062272,mild
16,peak_time,18.0,19.83,17.0,11.028022158450387,13.0,26.5,4.9,42.05,13.5,37.15,1.0,1.0,1.8299999999999983,-1.0,1.0,1.0,0.6302210940873372,0.4870612774380742,1.293925678925409,1.0,25,0.9355368336019269,mild
16,peak_height,0.0860561802983284,0.06740394391119481,0.06561023369431496,0.018543641111554644,0.05414051841944456,0.07623359188437462,0.04388146195560694,0.10062979832291603,0.022093073464930058,0.056748336367309096,0.0,1.0,-0.01865223638713359,-0.020445946604013443,0.020445946604013443,0.00041803673253416884,0.6302210940873372,0.4870612774380742,1.293925678925409,1.0,25,0.9355368336019269,mild
16,cumulative_infected,1.0147470428491943,0.9738850148590064,0.9683916527137626,0.392049854190856,0.6965868786210194,1.1597821271716384,0.4441287133939113,1.5394696403534909,0.463195248550619,1.0953409269595795,1.0,1.0,-0.0408620279901879,-0.04635539013543166,0.04635539013543166,0.002148822194608075,0.6302210940873372,0.4870612774380742,1.293925678925409,1.0,25,0.9355368336019269,mild
16,early_growth_slope,0.0017892327381386645,0.0007223803726129696,0.0003880262915377643,0.0025790625293905163,-0.0009758716381232542,0.002530343869044113,-0.0031851302891958582,0.005110445840857988,0.003506215507167367,0.008295576130053847,1.0,1.0,-0.0010668523655256949,-0.0014012064466009003,0.0014012064466009003,1.9633795059959216e-06,0.6302210940873372,0.4870612774380742,1.293925678925409,1.0,25,0.9355368336019269,mild
17,peak_time,13.0,13.2,13.0,0.9320337272260424,13.0,14.0,12.0,15.0,1.0,3.0,1.0,1.0,0.1999999999999993,0.0,0.0,0.0,0.5944520074305675,0.17897754290578843,3.321377630843215,1.0,19,0.9839302943469391,mild
17,peak_height,0.36704203486442566,0.3590927943587303,0.35701048374176025,0.020133649841360717,0.3436852991580963,0.3738480433821678,0.3298963874578476,0.3939289703965187,0.030162744224071503,0.06403258293867109,1.0,1.0,-0.007949240505695343,-0.010031551122665405,0.010031551122665405,0.00010063201792664955,0.5944520074305675,0.17897754290578843,3.321377630843215,1.0,19,0.9839302943469391,mild
17,cumulative_infected,5.432173991226591,5.412487479424276,5.42916211753618,0.24652000401224075,5.217441575077828,5.582664225250483,5.043592563994025,5.814878511196002,0.36522265017265454,0.7712859472019771,1.0,1.0,-0.019686511802315287,-0.0030118736904114485,0.0030118736904114485,9.071383126992678e-06,0.5944520074305675,0.17897754290578843,3.321377630843215,1.0,19,0.9839302943469391,mild
17,early_growth_slope,0.0204232290797379,0.017055476622356635,0.017392894046636118,0.0030668414837746014,0.014851574763140104,0.019070578871746655,0.011550872637668535,0.021702648482113583,0.004219004108606551,0.010151775844445049,0.0,1.0,-0.0033677524573812664,-0.003030335033101784,0.003030335033101784,9.182930412843989e-06,0.5944520074305675,0.17897754290578843,3.321377630843215,1.0,19,0.9839302943469391,mild
18,peak_time,31.0,22.01,20.0,14.575124096358234,8.75,35.25,1.0,46.0,26.5,45.0,1.0,1.0,-8.989999999999998,-11.0,11.0,121.0,0.4738606305599463,0.4339325344147586,1.0920145252511164,1.0,17,0.9105419217260673,mild
18,peak_height,0.05843952298164368,0.053552911058068274,0.050396211445331573,0.014761338420985953,0.044159132055938244,0.06248215213418007,0.03515353724360466,0.07494078800082206,0.018323020078241825,0.039787250757217396,1.0,1.0,-0.004886611923575403,-0.008043311536312103,0.008043311536312103,6.469486047017137e-05,0.4738606305599463,0.4339325344147586,1.0920145252511164,1.0,17,0.9105419217260673,mild
18,cumulative_infected,0.6918482369510457,0.6441161229145155,0.5037069275858812,0.352008443347415,0.4195910430717049,0.7816436071625503,0.3070366582596762,1.3787867800750973,0.3620525640908454,1.071750121815421,1.0,1.0,-0.047732114036530215,-0.1881413093651645,0.1881413093651645,0.03539715228963853,0.4738606305599463,0.4339325344147586,1.0920145252511164,1.0,17,0.9105419217260673,mild
18,early_growth_slope,0.0018207530651818066,-2.487031457738797e-05,-1.8133474181273346e-05,0.0024449236843308475,-0.0016452343718680934,0.0012369890007123887,-0.0035180433633199516,0.004119126909582908,0.002882223372580482,0.00763717027290286,0.0,1.0,-0.0018456233797591946,-0.0018388865393630799,0.0018388865393630799,3.3815037046507238e-06,0.4738606305599463,0.4339325344147586,1.0920145252511164,1.0,17,0.9105419217260673,mild
19,peak_time,28.0,23.24,24.0,14.237608470157303,10.5,36.0,1.0,44.14999999999999,25.5,43.14999999999999,1.0,1.0,-4.760000000000002,-4.0,4.0,16.0,0.430478238034949,0.45766375914690993,0.9405993580032751,1.0,26,0.8764354058807151,mild
19,peak_height,0.051913656294345856,0.05456900974735618,0.04972904548048973,0.020461148376613083,0.044246974401175976,0.059399218298494816,0.03715306054800749,0.08313126116991042,0.01515224389731884,0.04597820062190293,1.0,1.0,0.002655353453010323,-0.002184610813856125,0.002184610813856125,4.77252440801712e-06,0.430478238034949,0.45766375914690993,0.9405993580032751,1.0,26,0.8764354058807151,mild
19,cumulative_infected,0.5701092638773844,0.662786706882489,0.5246893256553449,0.5035610204309604,0.4270480192935793,0.6928660495905206,0.35026918966905213,1.2993914641061557,0.2658180302969413,0.9491222744371035,1.0,1.0,0.09267744300510461,-0.04541993822203949,0.04541993822203949,0.002062970788093884,0.430478238034949,0.45766375914690993,0.9405993580032751,1.0,26,0.8764354058807151,mild
19,early_growth_slope,-0.002547467659626685,-0.0002802797186597578,-5.7702464844277326e-05,0.00217399591141852,-0.0019662056583911163,0.0010370382127196842,-0.003772485623734867,0.003493148990673943,0.0030032438711108007,0.00726563461440881,0.0,1.0,0.002267187940966927,0.0024897651947824078,0.0024897651947824078,6.198930725149881e-06,0.430478238034949,0.45766375914690993,0.9405993580032751,1.0,26,0.8764354058807151,mild
20,peak_time,26.0,23.14,23.0,13.196280467685513,13.0,32.25,3.0,46.0,19.25,43.0,1.0,1.0,-2.8599999999999994,-3.0,3.0,9.0,0.39526299556551747,0.3237674436912044,1.2208237834515026,1.0,10,0.8593029278571407,mild
20,peak_height,0.07285962998867035,0.05805670358240604,0.05286001041531563,0.018381801557967294,0.046112761832773685,0.06531937047839165,0.03805244490504265,0.09442467465996741,0.019206608645617962,0.056372229754924764,0.0,1.0,-0.014802926406264308,-0.01999961957335472,0.01999961957335472,0.0003999847830789133,0.39526299556551747,0.3237674436912044,1.2208237834515026,1.0,10,0.8593029278571407,mild
20,cumulative_infected,0.9425563629483804,0.7912903116470806,0.6250839387530505,0.5135066069803657,0.4852314837407903,0.8405657125113066,0.37657544314279223,1.8887872515828346,0.35533422877051635,1.5122118084400422,0.0,1.0,-0.15126605130129978,-0.31747242419532995,0.31747242419532995,0.10078874012445953,0.39526299556551747,0.3237674436912044,1.2208237834515026,1.0,10,0.8593029278571407,mild
20,early_growth_slope,-0.0036482509208976112,0.00022659993060068813,4.148665383192066e-05,0.0025542366249103427,-0.0014918784554105336,0.0016455990172246293,-0.003188574247871568,0.0043411844587396995,0.003137477472635163,0.007529758706611267,0.0,0.0,0.0038748508514982994,0.003689737574729532,0.003689737574729532,1.3614163370370968e-05,0.39526299556551747,0.3237674436912044,1.2208237834515026,1.0,10,0.8593029278571407,mild
21,peak_time,11.0,11.75,12.0,1.0286305498481019,11.0,12.25,10.0,13.0,1.25,3.0,1.0,1.0,0.75,1.0,1.0,1.0,0.6797960631841291,0.19554474278551498,3.4764220888810575,1.0,29,0.8908684553948063,mild
21,peak_height,0.35941141843795776,0.3554655179381371,0.3552711308002472,0.019054372486208383,0.34109364449977875,0.3676690310239792,0.3259147986769676,0.38545275926589967,0.02657538652420044,0.05953796058893207,1.0,1.0,-0.003945900499820687,-0.004140287637710571,0.004140287637710571,1.7141981722978983e-05,0.6797960631841291,0.19554474278551498,3.4764220888810575,1.0,29,0.8908684553948063,mild
21,cumulative_infected,4.960456031025387,4.798412996728075,4.806629494938534,0.21464558884375423,4.677547391562257,4.950998772990715,4.405408942315262,5.051104514137842,0.27345138142845826,0.6456955718225803,0.0,1.0,-0.16204303429731226,-0.1538265360868536,0.1538265360868536,0.023662603204480073,0.6797960631841291,0.19554474278551498,3.4764220888810575,1.0,29,0.8908684553948063,mild
21,early_growth_slope,0.025777626183948337,0.023377514109178304,0.023333625812526966,0.0032504191001742114,0.02133320622254229,0.02536141077455665,0.01769280690932646,0.028886367715174503,0.004028204552014358,0.011193560805848043,0.0,1.0,-0.0024001120747700333,-0.002444000371421371,0.002444000371421371,5.9731378155078e-06,0.6797960631841291,0.19554474278551498,3.4764220888810575,1.0,29,0.8908684553948063,mild
22,peak_time,11.0,12.05,12.0,1.0952145677879515,11.0,13.0,10.0,14.0,2.0,4.0,1.0,1.0,1.0500000000000007,1.0,1.0,1.0,0.6600373336854544,0.2195236726740215,3.006679533216298,1.0,12,0.9379283490331771,mild
22,peak_height,0.31537264585494995,0.29963061213493347,0.29992149770259857,0.018741608847575565,0.28848516941070557,0.30886074900627136,0.2691060662269592,0.3346823468804359,0.020375579595565796,0.0655762806534767,0.0,1.0,-0.01574203372001648,-0.01545114815235138,0.01545114815235138,0.00023873797922591145,0.6600373336854544,0.2195236726740215,3.006679533216298,1.0,12,0.9379283490331771,mild
22,cumulative_infected,4.181915661436506,4.04593770348889,4.045631288725417,0.1857199777597021,3.950472455006093,4.158927315555047,3.731425936083542,4.335282372571236,0.20845486054895446,0.6038564364876944,0.0,1.0,-0.1359779579476159,-0.1362843727110885,0.1362843727110885,0.018573430245254888,0.6600373336854544,0.2195236726740215,3.006679533216298,1.0,12,0.9379283490331771,mild
22,early_growth_slope,0.019639320006327964,0.01806226949964184,0.018187189341655797,0.002586401798741346,0.016891420531984683,0.019672294668409793,0.013067796501508425,0.021738857105152585,0.00278087413642511,0.00867106060364416,1.0,1.0,-0.0015770505066861236,-0.0014521306646721674,0.0014521306646721674,2.1086834672812307e-06,0.6600373336854544,0.2195236726740215,3.006679533216298,1.0,12,0.9379283490331771,mild
23,peak_time,46.0,36.2,39.0,12.108933174572508,30.75,45.0,9.9,49.0,14.25,39.1,0.0,1.0,-9.799999999999997,-7.0,7.0,49.0,0.18786058119282262,0.12694729312167113,1.4798313266338798,1.0,14,0.9531029259292852,mild
23,peak_height,0.09421447664499283,0.13315626684576273,0.1281985193490982,0.06649391244641621,0.07688802294433117,0.17622750997543335,0.05008768048137426,0.2550429955124855,0.09933948703110218,0.20495531503111122,1.0,1.0,0.038941790200769905,0.03398404270410538,0.03398404270410538,0.001154915158514458,0.18786058119282262,0.12694729312167113,1.4798313266338798,1.0,14,0.9531029259292852,mild
23,cumulative_infected,1.8274157159030437,2.7164491034803087,2.8120163729181513,1.6756153257844395,1.353608931589406,3.828258497582283,0.5720964824256953,5.4646766064688554,2.474649565992877,4.89258012404316,1.0,1.0,0.8890333875772649,0.9846006570151076,0.9846006570151076,0.9694384537945815,0.18786058119282262,0.12694729312167113,1.4798313266338798,1.0,14,0.9531029259292852,mild
23,early_growth_slope,0.001113314791360781,0.0003971198166169376,0.00014377466452840206,0.002742262946669667,-0.001028530129198251,0.001658521283562073,-0.004017107351665753,0.0049162035421301984,0.002687051412760324,0.00893331089379595,1.0,1.0,-0.0007161949747438433,-0.0009695401268323789,0.0009695401268323789,9.400080575381453e-07,0.18786058119282262,0.12694729312167113,1.4798313266338798,1.0,14,0.9531029259292852,mild
24,peak_time,23.0,22.13,20.0,14.954243342255532,9.0,35.0,1.9000000000000004,47.0,26.0,45.1,1.0,1.0,-0.870000000000001,-3.0,3.0,9.0,0.12836989260319476,0.31991657554250685,0.40126052357714875,1.0,15,0.948066222812776,mild
24,peak_height,0.043118953704833984,0.053437845092266796,0.04954604431986809,0.015012556488029034,0.042600431479513645,0.06227540038526058,0.03562112897634506,0.08085913807153701,0.019674968905746937,0.04523800909519195,1.0,1.0,0.010318891387432812,0.006427090615034103,0.006427090615034103,4.130749377385945e-05,0.12836989260319476,0.31991657554250685,0.40126052357714875,1.0,15,0.948066222812776,mild
24,cumulative_infected,0.44629672227893025,0.5765315921927799,0.48222445553074067,0.33671631606674823,0.40153948466468137,0.5849164549363195,0.3111559583310736,1.302644506818615,0.18337697027163813,0.9914885484875413,1.0,1.0,0.1302348699138497,0.03592773325181042,0.03592773325181042,0.0012908020166132444,0.12836989260319476,0.31991657554250685,0.40126052357714875,1.0,15,0.948066222812776,mild
24,early_growth_slope,-0.001577690842428378,-0.00024032208302438973,-3.8010294138941255e-05,0.0022829537979263894,-0.0017641304210493595,0.0014820320197724785,-0.003907952448796656,0.0030247012614078505,0.0032461624408218377,0.006932653710204507,1.0,1.0,0.0013373687594039883,0.0015396805482894367,0.0015396805482894367,2.3706161907808605e-06,0.12836989260319476,0.31991657554250685,0.40126052357714875,1.0,15,0.948066222812776,mild
25,peak_time,9.0,10.46,10.0,0.8923920866769474,10.0,11.0,9.0,12.0,1.0,3.0,0.0,1.0,1.4600000000000009,1.0,1.0,1.0,0.7827163714981868,0.06916441825195252,11.316749150508334,1.0,10,0.9745973897387334,mild
25,peak_height,0.6879571676254272,0.6981399112939835,0.6959315240383148,0.023070979573859438,0.6814886033535004,0.7137233465909958,0.6633554905653,0.7344134390354157,0.03223474323749542,0.0710579484701157,1.0,1.0,0.010182743668556204,0.007974356412887573,0.007974356412887573,6.359036019976116e-05,0.7827163714981868,0.06916441825195252,11.316749150508334,1.0,10,0.9745973897387334,mild
25,cumulative_infected,13.238486297428608,13.691140209246077,13.642467679455876,0.6539968214693856,13.271770038176328,14.179384881164879,12.534098729118705,14.695931941791786,0.9076148429885507,2.1618332126730806,0.0,1.0,0.4526539118174693,0.4039813820272684,0.4039813820272684,0.16320095702466178,0.7827163714981868,0.06916441825195252,11.316749150508334,1.0,10,0.9745973897387334,mild
25,early_growth_slope,0.0725251306624462,0.06621106978073447,0.06590974297640578,0.0077826943098318595,0.06101017894356377,0.07248802899405181,0.05309320374369798,0.07696399223281157,0.011477850050488042,0.023870788489113594,0.0,1.0,-0.006314060881711728,-0.006615387686040419,0.006615387686040419,4.3763354236615214e-05,0.7827163714981868,0.06916441825195252,11.316749150508334,1.0,10,0.9745973897387334,mild
26,peak_time,10.0,9.61,9.0,0.8027100562117272,9.0,10.0,9.0,11.0,1.0,2.0,1.0,1.0,-0.39000000000000057,-1.0,1.0,1.0,0.8195636162285397,0.08260686555079247,9.921253043121636,1.0,21,0.905114940888692,mild
26,peak_height,0.6772469878196716,0.6698829036951065,0.6715167760848999,0.020182790299035618,0.6544951796531677,0.6817280203104019,0.6354401558637619,0.6997432559728622,0.027232840657234192,0.06430310010910034,1.0,1.0,-0.007364084124565129,-0.0057302117347717285,0.0057302117347717285,3.283532652531562e-05,0.8195636162285397,0.08260686555079247,9.921253043121636,1.0,21,0.905114940888692,mild
26,cumulative_infected,11.329101482406259,11.30776463045011,11.260971663985401,0.5272327475731877,10.927393484627828,11.619561082770815,10.61708945108112,12.239827996119857,0.6921675981429871,1.6227385450387377,1.0,1.0,-0.021336851956148095,-0.06812981842085719,0.06812981842085719,0.004641672158058972,0.8195636162285397,0.08260686555079247,9.921253043121636,1.0,21,0.905114940888692,mild
26,early_growth_slope,0.08006384385572302,0.07363289146320484,0.07429691932962407,0.007031423485464051,0.06855738503162725,0.07803435905675757,0.061412396549158484,0.08518892663608614,0.009476974025130314,0.023776530086927657,0.0,1.0,-0.006430952392518174,-0.005766924526098949,0.005766924526098949,3.3257418489721586e-05,0.8195636162285397,0.08260686555079247,9.921253043121636,1.0,21,0.905114940888692,mild
27,peak_time,14.0,14.96,15.0,2.681474040579739,13.0,16.0,11.0,19.0,3.0,8.0,1.0,1.0,0.9600000000000009,1.0,1.0,1.0,0.6349084326465952,0.3618910654385336,1.7544186449511365,1.0,15,0.9461213066243302,mild
27,peak_height,0.11088752001523972,0.12577043250203132,0.12375792115926743,0.018446418146829364,0.11343828402459621,0.13712845370173454,0.09678544625639915,0.15982001051306724,0.02369016967713833,0.06303456425666809,0.0,1.0,0.014882912486791605,0.01287040114402771,0.01287040114402771,0.00016564722560818979,0.6349084326465952,0.3618910654385336,1.7544186449511365,1.0,15,0.9461213066243302,mild
27,cumulative_infected,1.9970865111099556,1.9314311679824459,1.9442358051019255,0.19113412414247208,1.8362902133667376,2.0528621448320337,1.5824963050574297,2.2160264245583674,0.21657193146529607,0.6335301195009377,1.0,1.0,-0.06565534312750976,-0.0528507060080301,0.0528507060080301,0.002793197125547229,0.6349084326465952,0.3618910654385336,1.7544186449511365,1.0,15,0.9461213066243302,mild
27,early_growth_slope,0.007384644983436113,0.0048737223095538075,0.005082359979756542,0.0027800353092762935,0.0028839012596844913,0.006662830065276162,0.00037903446493493153,0.009501758250206918,0.0037789288055916706,0.009122723785271987,0.0,1.0,-0.0025109226738823055,-0.002302285003679571,0.002302285003679571,5.300516238167841e-06,0.6349084326465952,0.3618910654385336,1.7544186449511365,1.0,15,0.9461213066243302,mild
28,peak_time,16.0,15.68,16.0,1.2133932719127924,15.0,16.0,13.95,17.0,1.0,3.0500000000000007,1.0,1.0,-0.3200000000000003,0.0,0.0,0.0,0.5107485756648902,0.1238162410822401,4.125053152967594,1.0,25,0.9973882764872882,mild
28,peak_height,0.44498422741889954,0.42948493748903277,0.4270939528942108,0.02312587609415527,0.4142702668905258,0.44642963260412216,0.3869776904582977,0.46675182580947877,0.032159365713596344,0.07977413535118105,1.0,1.0,-0.015499289929866766,-0.01789027452468872,0.01789027452468872,0.00032006192256872623,0.5107485756648902,0.1238162410822401,4.125053152967594,1.0,25,0.9973882764872882,mild
28,cumulative_infected,7.745995254255831,8.009618386600195,8.027620763197774,0.36857690282237615,7.775285924319178,8.26273887003481,7.448402389488183,8.570557839423419,0.48745294571563136,1.122155449935236,0.0,1.0,0.26362313234436385,0.2816255089419428,0.2816255089419428,0.07931292728680832,0.5107485756648902,0.1238162410822401,4.125053152967594,1.0,25,0.9973882764872882,mild
28,early_growth_slope,0.017406040697269847,0.01392235693232838,0.014161354184450047,0.0028264694825761365,0.012082873261533674,0.0159055949535243,0.009219226873080645,0.01824615512904572,0.0038227216919906257,0.009026928255965074,0.0,1.0,-0.0034836837649414674,-0.0032446865128198006,0.0032446865128198006,1.0527990566474718e-05,0.5107485756648902,0.1238162410822401,4.125053152967594,1.0,25,0.9973882764872882,mild
29,peak_time,11.0,13.79,14.0,2.3753574956884345,12.0,15.0,10.0,18.0,3.0,8.0,0.0,1.0,2.789999999999999,3.0,3.0,9.0,0.6957981250833342,0.39236405685430786,1.7733482793040267,1.0,19,0.940261998617648,mild
29,peak_height,0.1326686143875122,0.12850435234606267,0.12661705911159515,0.014061424204491146,0.11871470883488655,0.13783671334385872,0.10821417644619942,0.1504445157945156,0.019122004508972168,0.04223033934831617,1.0,1.0,-0.00416426204144954,-0.006051555275917053,0.006051555275917053,3.662132125747952e-05,0.6957981250833342,0.39236405685430786,1.7733482793040267,1.0,19,0.940261998617648,mild
29,cumulative_infected,1.895711764227599,1.8452072313731742,1.8309842495364137,0.16217414706689004,1.7475945061160019,1.9399110028625728,1.5484628381804213,2.0866584257397336,0.19231649674657092,0.5381955875593123,1.0,1.0,-0.05050453285442469,-0.0647275146911852,0.0647275146911852,0.004189651158097597,0.6957981250833342,0.39236405685430786,1.7733482793040267,1.0,19,0.940261998617648,mild
29,early_growth_slope,0.008839280865642994,0.00642313996825708,0.0063345396747103025,0.003077613346156134,0.004531520733421314,0.007827732376643411,0.0013445774073867745,0.012137224100020133,0.0032962116432220974,0.010792646692633358,0.0,1.0,-0.0024161408973859145,-0.002504741190932692,0.002504741190932692,6.27372843355492e-06,0.6957981250833342,0.39236405685430786,1.7733482793040267,1.0,19,0.940261998617648,mild
30,peak_time,12.0,11.82,12.0,0.9574798571080629,11.0,12.0,10.0,13.0,1.0,3.0,1.0,1.0,-0.17999999999999972,0.0,0.0,0.0,0.6716084571822954,0.14925166495291192,4.499838962561552,1.0,21,0.8528343763911149,mild
30,peak_height,0.4486597776412964,0.44115210354328155,0.44240522384643555,0.019186710573845498,0.42650744318962097,0.45342302322387695,0.4120010197162628,0.4743599101901054,0.02691558003425598,0.06235889047384263,1.0,1.0,-0.007507674098014838,-0.00625455379486084,0.00625455379486084,3.911944317280813e-05,0.6716084571822954,0.14925166495291192,4.499838962561552,1.0,21,0.8528343763911149,mild
30,cumulative_infected,6.404186300991569,6.398094349857675,6.46344873799535,0.30995856055766774,6.166912147338735,6.593358122627251,5.862248632905539,6.9062953623011705,0.4264459752885159,1.0440467293956317,1.0,1.0,-0.006091951133893936,0.05926243700378109,0.05926243700378109,0.003512036439627122,0.6716084571822954,0.14925166495291192,4.499838962561552,1.0,21,0.8528343763911149,mild
30,early_growth_slope,0.032511730497520014,0.028766372519913014,0.028589869611009594,0.0035774720376496576,0.026020398643422156,0.03133899198118818,0.02269547786702224,0.034076408774126314,0.005318593337766027,0.011380930907104073,0.0,1.0,-0.003745357977607,-0.00392186088651042,0.00392186088651042,1.5380992813140295e-05,0.6716084571822954,0.14925166495291192,4.499838962561552,1.0,21,0.8528343763911149,mild
31,peak_time,43.0,39.68,39.0,3.786952614043395,37.0,42.0,34.95,46.05,5.0,11.099999999999994,0.0,1.0,-3.3200000000000003,-4.0,4.0,16.0,0.2068050969301416,0.08062871150634021,2.5649063846676943,1.0,14,0.9925389373219557,mild
31,peak_height,0.2645343244075775,0.32332554683089254,0.32885366678237915,0.05999632106920237,0.2821931689977646,0.370717890560627,0.23220484852790832,0.39575802981853486,0.0885247215628624,0.16355318129062654,0.0,1.0,0.058791222423315026,0.06431934237480164,0.06431934237480164,0.004136977803526953,0.2068050969301416,0.08062871150634021,2.5649063846676943,1.0,14,0.9925389373219557,mild
31,cumulative_infected,6.322227130644023,7.902453834464832,8.014851361047477,1.5406492117105528,6.903398156980984,9.163916693476494,5.2561642982589545,9.778163967339788,2.2605185364955105,4.5219996690808335,0.0,1.0,1.5802267038208084,1.6926242304034531,1.6926242304034531,2.864976785348882,0.2068050969301416,0.08062871150634021,2.5649063846676943,1.0,14,0.9925389373219557,mild
31,early_growth_slope,0.0008078121990408937,0.0020258761862905457,0.002198840042443147,0.002874687017054221,0.0003641743540009935,0.0038485290147253267,-0.003038781793882313,0.0062800476124504605,0.003484354660724333,0.009318829406332774,1.0,1.0,0.001218063987249652,0.0013910278434022534,0.0013910278434022534,1.934958461120324e-06,0.2068050969301416,0.08062871150634021,2.5649063846676943,1.0,14,0.9925389373219557,mild
32,peak_time,12.0,10.33,10.0,1.4358680899432132,9.0,11.0,8.0,13.0,2.0,5.0,0.0,1.0,-1.67,-2.0,2.0,4.0,0.8592888323951617,0.43156568551319413,1.9910962832305419,1.0,13,0.9314986332240711,mild
32,peak_height,0.15873979032039642,0.1618660392612219,0.16092036664485931,0.018622945591716424,0.14960697293281555,0.1718866340816021,0.13616551980376243,0.19334461465477942,0.022279661148786545,0.05717909485101699,1.0,1.0,0.0031262489408254712,0.0021805763244628906,0.0021805763244628906,4.75491310680809e-06,0.8592888323951617,0.43156568551319413,1.9910962832305419,1.0,13,0.9314986332240711,mild
32,cumulative_infected,2.049607628432568,1.9068497401136255,1.904765525017865,0.13978693567109707,1.7953765710481093,1.9956980479546473,1.7103883342526387,2.1337601589431867,0.200321476906538,0.423371824690548,0.0,1.0,-0.14275788831894265,-0.14484210341470316,0.14484210341470316,0.020979234921595567,0.8592888323951617,0.43156568551319413,1.9910962832305419,1.0,13,0.9314986332240711,mild
32,early_growth_slope,0.012568552734418993,0.013654709776897755,0.013443133616376488,0.003340908424097355,0.011729461871298204,0.015601783508567935,0.007809637544033605,0.01933688863098809,0.0038723216372697315,0.011527251086954488,1.0,1.0,0.0010861570424787626,0.0008745808819574947,0.0008745808819574947,7.648917190855493e-07,0.8592888323951617,0.43156568551319413,1.9910962832305419,1.0,13,0.9314986332240711,mild
33,peak_time,15.0,15.35,15.0,1.5723301886761005,14.0,17.0,13.0,18.0,3.0,5.0,1.0,1.0,0.34999999999999964,0.0,0.0,0.0,0.5797090165001361,0.2669206307902827,2.1718404260613657,1.0,21,0.954687159089636,mild
33,peak_height,0.24345767498016357,0.1962872052192688,0.1961236372590065,0.017115834010192944,0.1842632293701172,0.20711082220077515,0.16795942783355713,0.22650932371616364,0.02284759283065796,0.058549895882606506,0.0,0.0,-0.047170469760894784,-0.047334037721157074,0.047334037721157074,0.0022405111269879208,0.5797090165001361,0.2669206307902827,2.1718404260613657,1.0,21,0.954687159089636,mild
33,cumulative_infected,3.1889136511599645,3.0984315572451395,3.116068583680317,0.1865392727308136,2.957431705610361,3.231958945398219,2.7890327463741413,3.381719883007463,0.274527239787858,0.5926871366333217,1.0,1.0,-0.09048209391482498,-0.0728450674796477,0.0728450674796477,0.005306403856114426,0.5797090165001361,0.2669206307902827,2.1718404260613657,1.0,21,0.954687159089636,mild
33,early_growth_slope,0.0062799111806920585,0.007196003440362152,0.007143821924858327,0.002966030656715396,0.00545807838110098,0.009172740482470194,0.0022677235342728514,0.012073163282669459,0.0037146621013692148,0.009805439748396608,1.0,1.0,0.0009160922596700939,0.0008639107441662684,0.0008639107441662684,7.463417738859156e-07,0.5797090165001361,0.2669206307902827,2.1718404260613657,1.0,21,0.954687159089636,mild
34,peak_time,28.0,21.4,17.5,14.555362786910736,9.0,36.0,1.0,43.0,27.0,42.0,1.0,1.0,-6.600000000000001,-10.5,10.5,110.25,0.23934825493760226,0.21245900878940055,1.1265620427272895,1.0,24,0.9725544719153594,mild
34,peak_height,0.054229650646448135,0.056337358951568606,0.052404534071683884,0.01843485399780947,0.04533111583441496,0.06194557622075081,0.037587889656424525,0.08956319242715834,0.01661446038633585,0.05197530277073381,1.0,1.0,0.0021077083051204704,-0.0018251165747642517,0.0018251165747642517,3.3310505114791944e-06,0.23934825493760226,0.21245900878940055,1.1265620427272895,1.0,24,0.9725544719153594,mild
34,cumulative_infected,0.7187492914963514,0.7494968837402848,0.577384960706695,0.5315809908652398,0.444504911731201,0.7545211887299956,0.339025725304964,1.9779886643555074,0.31001627699879464,1.6389629390505434,1.0,1.0,0.03074759224393342,-0.14136433078965638,0.14136433078965638,0.01998387401960739,0.23934825493760226,0.21245900878940055,1.1265620427272895,1.0,24,0.9725544719153594,mild
34,early_growth_slope,0.004050679759876359,1.556466625039569e-05,-6.388633552151466e-05,0.0024588142510440798,-0.0015549885311407863,0.001805157063461679,-0.004248804233447158,0.003362910998874299,0.0033601455946024655,0.007611715232321457,0.0,0.0,-0.004035115093625963,-0.004114566095397874,0.004114566095397874,1.6929654153397703e-05,0.23934825493760226,0.21245900878940055,1.1265620427272895,1.0,24,0.9725544719153594,mild
35,peak_time,36.0,24.6,28.0,15.303660353066524,9.0,38.25,2.95,46.0,29.25,43.05,1.0,1.0,-11.399999999999999,-8.0,8.0,64.0,0.15295150961254356,0.2936694818400957,0.5208287516093562,1.0,15,0.9584494987628823,mild
35,peak_height,0.056962672621011734,0.055152086950838564,0.05135306529700756,0.016099090072903506,0.04407197888940573,0.06140277348458767,0.03719762954860926,0.0826072175055742,0.017330794595181942,0.045409587956964946,1.0,1.0,-0.0018105856701731704,-0.005609607324004173,0.005609607324004173,3.146769432952126e-05,0.15295150961254356,0.2936694818400957,0.5208287516093562,1.0,15,0.9584494987628823,mild
35,cumulative_infected,0.4649360779148992,0.6481256680488877,0.5300273545581149,0.3335936254006137,0.4529853838157578,0.697727489292447,0.35703740116005067,1.4530265802051872,0.24474210547668918,1.0959891790451364,1.0,1.0,0.1831895901339885,0.06509127664321568,0.06509127664321568,0.004236874295043635,0.15295150961254356,0.2936694818400957,0.5208287516093562,1.0,15,0.9584494987628823,mild
35,early_growth_slope,-0.0030694773262699253,-0.00017254340030852953,-5.3098301924321e-05,0.002629465429409693,-0.0018007789134398544,0.0013773122206787642,-0.004311621155405492,0.003542836058026987,0.0031780911341186186,0.007854457213432479,0.0,1.0,0.0028969339259613956,0.003016379024345604,0.003016379024345604,9.098542418512138e-06,0.15295150961254356,0.2936694818400957,0.5208287516093562,1.0,15,0.9584494987628823,mild
36,peak_time,18.0,14.24,14.0,2.4582164841258964,12.75,16.0,10.0,18.049999999999997,3.25,8.049999999999997,0.0,1.0,-3.76,-4.0,4.0,16.0,0.7536190250477713,0.48639074016934114,1.5494107161361508,1.0,21,0.9304054958527452,mild
36,peak_height,0.1234600767493248,0.11078153647482396,0.11034895107150078,0.014705250969587812,0.10280082561075687,0.11673603765666485,0.09019192531704903,0.13596390262246133,0.013935212045907974,0.0457719773054123,0.0,1.0,-0.01267854027450084,-0.01311112567782402,0.01311112567782402,0.00017190161653969638,0.7536190250477713,0.48639074016934114,1.5494107161361508,1.0,21,0.9304054958527452,mild
36,cumulative_infected,1.7417982693586964,1.5938659873915002,1.581565865169523,0.1777844743514678,1.480296674719284,1.7126350223552436,1.3256832733932242,1.8973772083874791,0.2323383476359595,0.5716939349942549,0.0,1.0,-0.1479322819671962,-0.1602324041891734,0.1602324041891734,0.025674423352242633,0.7536190250477713,0.48639074016934114,1.5494107161361508,1.0,21,0.9304054958527452,mild
36,early_growth_slope,0.0002708043681368956,0.004315341789203688,0.004329003213483486,0.0028294050787572938,0.0022128493368481516,0.006171621184746201,-0.00031017786268854573,0.009107051957176907,0.00395877184789805,0.009417229819865452,0.0,1.0,0.0040445374210667925,0.00405819884534659,0.00405819884534659,1.64689778683724e-05,0.7536190250477713,0.48639074016934114,1.5494107161361508,1.0,21,0.9304054958527452,mild
37,peak_time,19.0,17.79,18.0,1.2893894882948491,17.0,19.0,16.0,20.0,2.0,4.0,1.0,1.0,-1.2100000000000009,-1.0,1.0,1.0,0.4472476261855003,0.13575043004337173,3.294631376435466,1.0,14,0.9483262972693839,mild
37,peak_height,0.3155740201473236,0.3384420320391655,0.336379736661911,0.018771725645803258,0.32357601821422577,0.3531212955713272,0.3112544909119606,0.3692531242966652,0.02954527735710144,0.05799863338470457,0.0,1.0,0.0228680118918419,0.020805716514587402,0.020805716514587402,0.00043287783968537497,0.4472476261855003,0.13575043004337173,3.294631376435466,1.0,14,0.9483262972693839,mild
37,cumulative_infected,6.56803559337277,6.502006366484129,6.492729568853974,0.2657539713502651,6.307054393808357,6.6380812483184854,6.092555490729865,7.011035075131804,0.33102685451012803,0.9184795844019389,1.0,1.0,-0.06602922688864066,-0.07530602451879531,0.07530602451879531,0.005670997328825401,0.4472476261855003,0.13575043004337173,3.294631376435466,1.0,14,0.9483262972693839,mild
37,early_growth_slope,0.009562567735667382,0.008394629439130117,0.008517872759035698,0.00280847273340372,0.006428711689382215,0.010108610931118681,0.003928248802687794,0.012835793074225959,0.0036798992417364663,0.008907544271538163,1.0,1.0,-0.0011679382965372655,-0.001044694976631684,0.001044694976631684,1.091387594199475e-06,0.4472476261855003,0.13575043004337173,3.294631376435466,1.0,14,0.9483262972693839,mild
38,peak_time,18.0,16.05,15.0,7.747759532779639,11.0,19.0,8.0,27.049999999999997,8.0,19.049999999999997,1.0,1.0,-1.9499999999999993,-3.0,3.0,9.0,0.6987273854548417,0.49675430785728175,1.4065854576455674,1.0,19,0.9587973269309846,mild
38,peak_height,0.07298190891742706,0.07739475626498461,0.07481115311384201,0.015913183158953598,0.06691358983516693,0.08853022940456867,0.05495399720966816,0.106352574005723,0.02161663956940174,0.051398576796054835,1.0,1.0,0.00441284734755755,0.0018292441964149475,0.0018292441964149475,3.346134330117767e-06,0.6987273854548417,0.49675430785728175,1.4065854576455674,1.0,19,0.9587973269309846,mild
38,cumulative_infected,1.1401884397491813,1.142304138402278,1.1609372931343387,0.2533940831820224,0.9726415459008422,1.3270804843050428,0.6772378483452485,1.4860524023300967,0.3544389384042006,0.8088145539848483,1.0,1.0,0.002115698653096798,0.020748853385157418,0.020748853385157418,0.00043051491679875844,0.6987273854548417,0.49675430785728175,1.4065854576455674,1.0,19,0.9587973269309846,mild
38,early_growth_slope,0.00349841643834398,0.0016877003902464782,0.0015496231693153594,0.0028645398553098587,-0.0002477331269931575,0.0036785227123237695,-0.003110731612209096,0.006081371270729933,0.003926255839316927,0.009192102882939028,1.0,1.0,-0.0018107160480975017,-0.0019487932690286204,0.0019487932690286204,3.797795205411257e-06,0.6987273854548417,0.49675430785728175,1.4065854576455674,1.0,19,0.9587973269309846,mild
39,peak_time,15.0,13.7,14.0,1.8504708655481241,12.0,15.0,11.0,17.0,3.0,6.0,1.0,1.0,-1.3000000000000007,-1.0,1.0,1.0,0.6694462125636871,0.3598278142179852,1.8604626605049874,1.0,13,0.9717410451176618,mild
39,peak_height,0.14193095266819,0.14895419627428055,0.1464012861251831,0.014702733273880513,0.13974843174219131,0.15651753544807434,0.1256828226149082,0.17339555248618127,0.016769103705883026,0.04771272987127306,1.0,1.0,0.007023243606090551,0.004470333456993103,0.004470333456993103,1.9983881216711907e-05,0.6694462125636871,0.3598278142179852,1.8604626605049874,1.0,13,0.9717410451176618,mild
39,cumulative_infected,2.258312569698319,2.18587497129839,2.1696025601704605,0.15176084481869048,2.0815067935182014,2.2871918414894026,1.9381448881904362,2.442232838686323,0.20568504797120113,0.5040879504958866,1.0,1.0,-0.07243759839992903,-0.08871000952785835,0.08871000952785835,0.007869465790432718,0.6694462125636871,0.3598278142179852,1.8604626605049874,1.0,13,0.9717410451176618,mild
39,early_growth_slope,0.010293724250957545,0.006929104928158699,0.0070363208443658155,0.0030737043925114474,0.004785696894118917,0.008598734042607244,0.0018739476217888304,0.011912799045620924,0.0038130371484883276,0.010038851423832092,0.0,1.0,-0.003364619322798846,-0.0032574034065917298,0.0032574034065917298,1.0610676953275406e-05,0.6694462125636871,0.3598278142179852,1.8604626605049874,1.0,13,0.9717410451176618,mild
40,peak_time,16.0,21.71,21.5,15.063029193520421,7.0,35.0,1.0,46.0,28.0,45.0,1.0,1.0,5.710000000000001,5.5,5.5,30.25,0.2283612118990701,0.3841494211847604,0.5944593413541486,1.0,10,0.9112748838901197,mild
40,peak_height,0.045568473637104034,0.05518100013956428,0.051678212359547615,0.018722595399764588,0.043923644348978996,0.0612016748636961,0.03536265008151531,0.08501988239586353,0.017278030514717102,0.04965723231434822,1.0,1.0,0.009612526502460243,0.006109738722443581,0.006109738722443581,3.732890725652652e-05,0.2283612118990701,0.3841494211847604,0.5944593413541486,1.0,10,0.9112748838901197,mild
40,cumulative_infected,0.3556477412348613,0.6225005091343246,0.47154811029031407,0.4528766491469844,0.40640034357784316,0.620911001748027,0.31012454525116484,1.3393802067730571,0.2145106581701839,1.0292556615218924,0.0,1.0,0.26685276789946333,0.11590036905545276,0.11590036905545276,0.013432895547190151,0.2283612118990701,0.3841494211847604,0.5944593413541486,1.0,10,0.9112748838901197,mild
40,early_growth_slope,0.001870699115984496,4.95135805803874e-06,0.00012660508495866354,0.0020706372277031863,-0.001428995362186382,0.001253446544329303,-0.0029698292586198506,0.0035156155275347235,0.0026824419065156853,0.006485444786154574,0.0,1.0,-0.0018657477579264573,-0.0017440940310258326,0.0017440940310258326,3.041863989059938e-06,0.2283612118990701,0.3841494211847604,0.5944593413541486,1.0,10,0.9112748838901197,mild
41,peak_time,4.0,19.48,17.0,13.52400036448483,9.0,30.25,1.0,45.0,21.25,44.0,0.0,1.0,15.48,13.0,13.0,169.0,0.5188787534044307,0.4605123204438737,1.1267423918306885,1.0,30,0.9619633861251199,mild
41,peak_height,0.044853631407022476,0.05764721991494298,0.051292095333337784,0.02252985277670819,0.046173349022865295,0.061918324790894985,0.03205273821949959,0.0958251509815454,0.01574497576802969,0.06377241276204582,0.0,1.0,0.012793588507920506,0.006438463926315308,0.006438463926315308,4.145381773046353e-05,0.5188787534044307,0.4605123204438737,1.1267423918306885,1.0,30,0.9619633861251199,mild
41,cumulative_infected,0.8214513955172151,0.76529338609128,0.5595715989802557,0.5389568426705466,0.4617545905348379,0.9175163847976364,0.36921827802434565,1.8414318722861927,0.4557617942627985,1.472213594261847,1.0,1.0,-0.056158009425935185,-0.2618797965369595,0.2618797965369595,0.06858102783423929,0.5188787534044307,0.4605123204438737,1.1267423918306885,1.0,30,0.9619633861251199,mild
41,early_growth_slope,-0.0004670135011630383,-0.00019582376767305286,-0.00021669421472497946,0.0024044635499382828,-0.001495256911896701,0.0012118124116871818,-0.004299215098269215,0.003830106060264544,0.002707069323583883,0.00812932115853376,1.0,1.0,0.00027118973348998546,0.00025031928643805886,0.00025031928643805886,6.265974516285895e-08,0.5188787534044307,0.4605123204438737,1.1267423918306885,1.0,30,0.9619633861251199,mild
42,peak_time,11.0,10.23,10.0,1.4344604447933613,9.0,11.0,8.0,13.0,2.0,5.0,1.0,1.0,-0.7699999999999996,-1.0,1.0,1.0,0.8336585751557621,0.42601242019708435,1.9568879582667804,1.0,20,0.9877361367646316,mild
42,peak_height,0.1659671664237976,0.16127651572227478,0.16182944178581238,0.016249761280684193,0.14815682917833328,0.16959859803318977,0.13781370893120765,0.1927630566060543,0.02144176885485649,0.05494934767484666,1.0,1.0,-0.0046906507015228305,-0.0041377246379852295,0.0041377246379852295,1.712076517979e-05,0.8336585751557621,0.42601242019708435,1.9568879582667804,1.0,20,0.9877361367646316,mild
42,cumulative_infected,1.8353001895011403,1.848143527506502,1.8236680963455,0.14810104096974194,1.7349614718114026,1.9420772078447044,1.636062281068007,2.120960886346438,0.2071157360333018,0.4848986052784312,1.0,1.0,0.012843338005361637,-0.011632093155640177,0.011632093155640177,0.00013530559118149106,0.8336585751557621,0.42601242019708435,1.9568879582667804,1.0,20,0.9877361367646316,mild
42,early_growth_slope,0.01803558335329095,0.013927047587258995,0.013846617813604616,0.0032981750863034574,0.011845843059875601,0.016636808228213337,0.009410952363118884,0.018826374687099204,0.004790965168337736,0.00941542232398032,0.0,1.0,-0.004108535766031955,-0.004188965539686333,0.004188965539686333,1.7547432292679612e-05,0.8336585751557621,0.42601242019708435,1.9568879582667804,1.0,20,0.9877361367646316,mild
43,peak_time,20.0,20.75,19.0,9.769438018223935,14.0,26.0,4.0,37.249999999999986,12.0,33.249999999999986,1.0,1.0,0.75,-1.0,1.0,1.0,0.577418773931007,0.41611321994710554,1.3876482319028605,1.0,12,0.944701140924018,mild
43,peak_height,0.07721594721078873,0.06946384262293577,0.06529349833726883,0.01900521516506659,0.05716016050428152,0.07927143387496471,0.048003082349896434,0.09848422296345233,0.022111273370683193,0.050481140613555894,1.0,1.0,-0.0077521045878529565,-0.011922448873519897,0.011922448873519897,0.00014214478714169587,0.577418773931007,0.41611321994710554,1.3876482319028605,1.0,12,0.944701140924018,mild
43,cumulative_infected,1.193603227220592,1.0640580881341453,0.993479128021022,0.49362115854301525,0.7128284224818344,1.3139382217614184,0.5012747954257065,1.7658650843426582,0.601109799279584,1.2645902889169518,1.0,1.0,-0.12954513908644683,-0.20012409919957008,0.20012409919957008,0.04004965508043937,0.577418773931007,0.41611321994710554,1.3876482319028605,1.0,12,0.944701140924018,mild
43,early_growth_slope,0.0022500627008931974,0.001198503507482764,0.001147334493171435,0.002547203993493182,-0.0006206009919489054,0.0028679979614458888,-0.0025541492894435996,0.005523512224456116,0.0034885989533947944,0.008077661513899716,1.0,1.0,-0.0010515591934104334,-0.0011027282077217624,0.0011027282077217624,1.2160095001052504e-06,0.577418773931007,0.41611321994710554,1.3876482319028605,1.0,12,0.944701140924018,mild
44,peak_time,8.0,22.63,23.0,15.063941158684978,8.0,35.25,0.0,46.0,27.25,46.0,1.0,1.0,14.629999999999999,15.0,15.0,225.0,0.17574427004806742,0.2294121065452181,0.7660636253886082,1.0,30,0.9747634957699561,mild
44,peak_height,0.05374022200703621,0.05104642603546381,0.04775453172624111,0.014431105236170302,0.042680938728153706,0.057976577430963516,0.03334994651377201,0.07467395476996896,0.01529563870280981,0.041324008256196955,1.0,1.0,-0.0026937959715723978,-0.005985690280795097,0.005985690280795097,3.582848813760489e-05,0.17574427004806742,0.2294121065452181,0.7660636253886082,1.0,30,0.9747634957699561,mild
44,cumulative_infected,0.5527898446889594,0.5671185993864128,0.4688836384593742,0.33152197761307123,0.3850447817094391,0.606943569437135,0.304349257418653,1.2107105626258996,0.2218987877276959,0.9063613052072466,1.0,1.0,0.014328754697453427,-0.08390620622958522,0.08390620622958522,0.0070402514438416865,0.17574427004806742,0.2294121065452181,0.7660636253886082,1.0,30,0.9747634957699561,mild
44,early_growth_slope,-0.0016235859061236536,-0.000574503207999441,-0.0005983264279729192,0.0021707131103281875,-0.0021141559759382186,0.0008577223198872594,-0.0038300863835805383,0.0026359919724719847,0.002971878295825478,0.006466078356052523,1.0,1.0,0.0010490826981242127,0.0010252594781507344,0.0010252594781507344,1.0511569975379163e-06,0.17574427004806742,0.2294121065452181,0.7660636253886082,1.0,30,0.9747634957699561,mild
45,peak_time,18.0,23.66,24.0,14.696402363307913,11.75,35.25,1.0,46.05,23.5,45.05,1.0,1.0,5.66,6.0,6.0,36.0,0.10769960445164632,0.4615867927496447,0.2333247097692858,1.0,10,0.8993567739160522,mild
45,peak_height,0.05375855788588524,0.05112776465713978,0.05081458017230034,0.010963717545167104,0.04354205168783665,0.0554551025852561,0.036258035153150556,0.0732312437146902,0.011913050897419453,0.03697320856153964,1.0,1.0,-0.0026307932287454594,-0.0029439777135849,0.0029439777135849,8.667004778084575e-06,0.10769960445164632,0.4615867927496447,0.2333247097692858,1.0,10,0.8993567739160522,mild
45,cumulative_infected,0.432884338661097,0.5310011909045242,0.47113605006597936,0.2102158418197772,0.3942266984595335,0.5977668605337385,0.3363779277948197,1.1144732168584597,0.203540162074205,0.77809528906364,1.0,1.0,0.09811685224342725,0.03825171140488237,0.03825171140488237,0.0014631934254024082,0.10769960445164632,0.4615867927496447,0.2333247097692858,1.0,10,0.8993567739160522,mild
45,early_growth_slope,0.0007696577813476327,-0.00032609354873161815,-0.00011392159753346025,0.0023099278612276654,-0.0015861107122396945,0.0007635004786563865,-0.004693107617398101,0.003955778150408322,0.0023496111908960808,0.008648885767806423,0.0,1.0,-0.0010957513300792509,-0.000883579378881093,0.000883579378881093,7.807125187838981e-07,0.10769960445164632,0.4615867927496447,0.2333247097692858,1.0,10,0.8993567739160522,mild
46,peak_time,8.0,18.34,16.0,8.546036945552451,13.75,21.25,7.0,36.05,7.5,29.049999999999997,0.0,1.0,10.34,8.0,8.0,64.0,0.6992508795079269,0.4910274412181625,1.4240566225243838,1.0,15,0.8683306148358235,mild
46,peak_height,0.06088278070092201,0.0729716619849205,0.0736001692712307,0.0173671988098872,0.05908762663602829,0.08677482791244984,0.047520235739648344,0.10014199540019035,0.027687201276421547,0.05262175966054201,1.0,1.0,0.012088881283998487,0.012717388570308685,0.012717388570308685,0.000161731972048218,0.6992508795079269,0.4910274412181625,1.4240566225243838,1.0,15,0.8683306148358235,mild
46,cumulative_infected,1.180052760988474,1.0580616798485334,1.0542615958256647,0.32658532654654204,0.8365125212710609,1.2739576028980082,0.5308397429733305,1.5943615058844443,0.4374450816269473,1.0635217629111138,1.0,1.0,-0.1219910811399405,-0.1257911651628092,0.1257911651628092,0.01582341723301714,0.6992508795079269,0.4910274412181625,1.4240566225243838,1.0,15,0.8683306148358235,mild
46,early_growth_slope,0.0008906470944306684,0.001578344607346697,0.0013356565784003287,0.0024275102091336326,3.480893870541212e-05,0.0031343487924979335,-0.0017458507347674589,0.005909340408176094,0.003099539853792521,0.007655191142943553,1.0,1.0,0.0006876975129160286,0.00044500948396966025,0.00044500948396966025,1.980334408229433e-07,0.6992508795079269,0.4910274412181625,1.4240566225243838,1.0,15,0.8683306148358235,mild
47,peak_time,48.0,35.24,35.0,5.9748969814879604,31.0,39.0,26.95,45.0,8.0,18.05,0.0,0.0,-12.759999999999998,-13.0,13.0,169.0,0.2636848975369286,0.16797836789913384,1.5697550871268362,1.0,18,0.9088985272810501,mild
47,peak_height,0.11014010012149811,0.15453002408146857,0.14637558162212372,0.04794950044395905,0.12132593803107738,0.18095941096544266,0.08810478337109089,0.2414007298648357,0.05963347293436527,0.15329594649374484,0.0,1.0,0.04438992395997046,0.03623548150062561,0.03623548150062561,0.0013130101195821808,0.2636848975369286,0.16797836789913384,1.5697550871268362,1.0,18,0.9088985272810501,mild
47,cumulative_infected,2.629321141168475,3.6498785105659044,3.474776793620549,1.391632736055083,2.8193377794523258,4.313067703304114,1.6480136659753044,6.144989054510369,1.493729923851788,4.4969753885350645,0.0,1.0,1.0205573693974292,0.845455652452074,0.845455652452074,0.7147952602631621,0.2636848975369286,0.16797836789913384,1.5697550871268362,1.0,18,0.9088985272810501,mild
47,early_growth_slope,0.0066701150887335334,0.0014399430922276226,0.0013846210453526248,0.0026655628150188564,-0.0003189238171520006,0.0035803199865594723,-0.003180110372375647,0.005823699724195258,0.003899243803711473,0.009003810096570905,0.0,0.0,-0.005230171996505911,-0.005285494043380908,0.005285494043380908,2.793644728261506e-05,0.2636848975369286,0.16797836789913384,1.5697550871268362,1.0,18,0.9088985272810501,mild
48,peak_time,9.0,9.32,9.0,0.9087676192837121,9.0,10.0,8.0,11.0,1.0,3.0,1.0,1.0,0.3200000000000003,0.0,0.0,0.0,0.8580148167871846,0.3044375023615136,2.818361109034158,1.0,14,0.8763989611437931,mild
48,peak_height,0.3022153675556183,0.2906905184686184,0.29068370163440704,0.020661937386298023,0.27760734409093857,0.302939236164093,0.25756789594888685,0.33033814281225204,0.02533189207315445,0.0727702468633652,1.0,1.0,-0.011524849086999911,-0.011531665921211243,0.011531665921211243,0.00013297931891842474,0.8580148167871846,0.3044375023615136,2.818361109034158,1.0,14,0.8763989611437931,mild
48,cumulative_infected,3.2255691138561815,3.1656564860436083,3.1701105557731353,0.1886760887322291,3.0515501669433434,3.295734821993392,2.855614688085916,3.449078355166421,0.2441846550500486,0.5934636670805049,1.0,1.0,-0.05991262781257323,-0.05545855808304623,0.05545855808304623,0.003075651664650612,0.8580148167871846,0.3044375023615136,2.818361109034158,1.0,14,0.8763989611437931,mild
48,early_growth_slope,0.029754089235904665,0.031096004374604004,0.031672191700809406,0.004549796209907395,0.02793704655015885,0.03367386615718714,0.023443087161562976,0.03876912183893311,0.005736819607028293,0.015326034677370131,1.0,1.0,0.0013419151386993393,0.001918102464904741,0.001918102464904741,3.6791170658736434e-06,0.8580148167871846,0.3044375023615136,2.818361109034158,1.0,14,0.8763989611437931,mild
49,peak_time,10.0,14.97,14.0,3.0861535014226744,13.0,16.0,11.0,21.049999999999997,3.0,10.049999999999997,0.0,0.0,4.970000000000001,4.0,4.0,16.0,0.7107701037401216,0.4482076721736618,1.5858053038073114,1.0,29,0.871230891286947,mild
49,peak_height,0.11039915680885315,0.10502813555300236,0.10394703596830368,0.015390491661215859,0.09414127469062805,0.11533373780548573,0.08403554111719132,0.13253379836678505,0.021192463114857674,0.04849825724959374,1.0,1.0,-0.005371021255850789,-0.006452120840549469,0.006452120840549469,4.1629863341052786e-05,0.7107701037401216,0.4482076721736618,1.5858053038073114,1.0,29,0.871230891286947,mild
49,cumulative_infected,1.5694369533157442,1.546200816083874,1.5404387557937298,0.17056936461698527,1.4376729393261485,1.62986052618362,1.2949245371768483,1.8515067485219334,0.19218758685747162,0.5565822113450851,1.0,1.0,-0.023236137231870124,-0.02899819752201438,0.02899819752201438,0.0008408954595257609,0.7107701037401216,0.4482076721736618,1.5858053038073114,1.0,29,0.871230891286947,mild
49,early_growth_slope,0.007419777479039371,0.003841478965467624,0.0041159940835010875,0.0030338134737249644,0.0017843849297302463,0.005711392236186102,-0.00018320295147575413,0.008181206630182538,0.003927007306455855,0.008364409581658292,0.0,1.0,-0.0035782985135717474,-0.003303783395538284,0.003303783395538284,1.0914984724634471e-05,0.7107701037401216,0.4482076721736618,1.5858053038073114,1.0,29,0.871230891286947,mild
50,peak_time,16.0,17.51,16.0,11.922726791360025,9.0,24.25,3.0,42.05,15.25,39.05,1.0,1.0,1.5100000000000016,0.0,0.0,0.0,0.5422618023705824,0.4784768174578472,1.1333084124151,1.0,15,0.9271940879574216,mild
50,peak_height,0.04516278952360153,0.06264639245346189,0.056822050362825394,0.024806614907519085,0.045887291431427,0.0723840482532978,0.037706810608506204,0.09894611835479734,0.026496756821870804,0.06123930774629114,0.0,1.0,0.017483602929860356,0.011659260839223862,0.011659260839223862,0.0001359383633170591,0.5422618023705824,0.4784768174578472,1.1333084124151,1.0,15,0.9271940879574216,mild
50,cumulative_infected,0.7851243606419303,0.8692744905672476,0.665737689123489,0.686277393895443,0.46941935877111973,1.0544395458127838,0.34895908456819597,1.8379884883062896,0.585020187041664,1.4890294037380936,1.0,1.0,0.08415012992531734,-0.11938667151844129,0.11938667151844129,0.0142531773362522,0.5422618023705824,0.4784768174578472,1.1333084124151,1.0,15,0.9271940879574216,mild
50,early_growth_slope,0.0030932153708168437,0.0007892433396641326,0.0008752652121031492,0.0026213691130554913,-0.0009421856486282881,0.0023507664722967024,-0.0034224353834620773,0.004968948050026525,0.0032929521209249905,0.008391383433488603,0.0,1.0,-0.002303972031152711,-0.0022179501587136943,0.0022179501587136943,4.919302906538102e-06,0.5422618023705824,0.4784768174578472,1.1333084124151,1.0,15,0.9271940879574216,mild
51,peak_time,13.0,12.25,12.0,1.2339883600452934,11.0,13.0,10.0,14.0,2.0,4.0,1.0,1.0,-0.75,-1.0,1.0,1.0,0.6903562652465532,0.27943639944135323,2.470530920906179,1.0,30,0.9216422739571748,mild
51,peak_height,0.252005010843277,0.2413029143214226,0.23795684427022934,0.018153804243246082,0.23023497685790062,0.25174345076084137,0.21683552488684654,0.2722622275352478,0.02150847390294075,0.05542670264840127,0.0,1.0,-0.010702096521854387,-0.014048166573047638,0.014048166573047638,0.00019735098406409302,0.6903562652465532,0.27943639944135323,2.470530920906179,1.0,30,0.9216422739571748,mild
51,cumulative_infected,3.421914233476855,3.2493053365452034,3.232050984957482,0.1677051427016026,3.136056157627536,3.359074827292716,2.982594838395028,3.5381638620165177,0.2230186696651799,0.5555690236214899,0.0,1.0,-0.1726088969316515,-0.18986324851937297,0.18986324851937297,0.036048053138329185,0.6903562652465532,0.27943639944135323,2.470530920906179,1.0,30,0.9216422739571748,mild
51,early_growth_slope,0.015609219038326823,0.014388982257788436,0.014247283067864673,0.002607834532376151,0.012749404489849913,0.015720827031015815,0.010695169663189775,0.018821305166784433,0.0029714225411659016,0.008126135503594659,1.0,1.0,-0.001220236780538387,-0.0013619359704621498,0.0013619359704621498,1.8548695876386776e-06,0.6903562652465532,0.27943639944135323,2.470530920906179,1.0,30,0.9216422739571748,mild
52,peak_time,10.0,9.31,9.0,1.244746536204837,8.0,10.0,8.0,12.0,2.0,4.0,1.0,1.0,-0.6899999999999995,-1.0,1.0,1.0,0.9426703421094546,0.44952728358600896,2.0970258681286285,1.0,19,0.9349236795337444,mild
52,peak_height,0.18064066767692566,0.1841009044647217,0.183040551841259,0.01877196793118966,0.1697693094611168,0.19529222697019577,0.15702696666121482,0.2166288062930107,0.02552291750907898,0.05960183963179588,1.0,1.0,0.0034602367877960283,0.0023998841643333435,0.0023998841643333435,5.7594440022179505e-06,0.9426703421094546,0.44952728358600896,2.0970258681286285,1.0,19,0.9349236795337444,mild
52,cumulative_infected,2.1111278980970383,2.0193349412712176,2.0101197181502357,0.1669719356966084,1.9153655332629569,2.139955991464376,1.7549416965070121,2.2626753259828547,0.2245904582014191,0.5077336294758426,1.0,1.0,-0.09179295682582067,-0.10100817994680256,0.10100817994680256,0.010202652416165647,0.9426703421094546,0.44952728358600896,2.0970258681286285,1.0,19,0.9349236795337444,mild
52,early_growth_slope,0.019721989652940204,0.018163292535677354,0.01767584701190658,0.0034063263747853892,0.01572931337986596,0.020113920845254873,0.012874735336351605,0.024363482912581055,0.004384607465388914,0.01148874757622945,1.0,1.0,-0.00155869711726285,-0.002046142641033623,0.002046142641033623,4.186699707456049e-06,0.9426703421094546,0.44952728358600896,2.0970258681286285,1.0,19,0.9349236795337444,mild
53,peak_time,5.0,21.49,18.0,14.688341422276844,9.75,35.0,1.0,45.05,25.25,44.05,0.0,1.0,16.49,13.0,13.0,169.0,0.4060810502309755,0.3642990648329107,1.1146914429144323,1.0,17,0.9530439299207524,mild
53,peak_height,0.05061556398868561,0.051334377117455005,0.048646142706274986,0.011649597553449173,0.042778643779456615,0.05849254596978426,0.03631833214312792,0.06989668756723404,0.015713902190327644,0.033578355424106116,1.0,1.0,0.0007188131287693966,-0.0019694212824106216,0.0019694212824106216,3.8786201876118975e-06,0.4060810502309755,0.3642990648329107,1.1146914429144323,1.0,17,0.9530439299207524,mild
53,cumulative_infected,0.6425747162138578,0.5807290564020104,0.5092249033914413,0.25744250319215267,0.41765983067580237,0.64401607131731,0.3489834939915454,1.2070279842300804,0.2263562406415076,0.858044490238535,1.0,1.0,-0.06184565981184731,-0.13334981282241642,0.13334981282241642,0.017782172579773495,0.4060810502309755,0.3642990648329107,1.1146914429144323,1.0,17,0.9530439299207524,mild
53,early_growth_slope,0.001144496480091697,-0.0002013458633133435,-9.160957762062209e-05,0.002191294997955327,-0.0013756511422495041,0.0012326816033150646,-0.003884277474467773,0.0032496860962488595,0.002608332745564569,0.007133963570716632,1.0,1.0,-0.0013458423434050404,-0.001236106057712319,0.001236106057712319,1.5279581859130908e-06,0.4060810502309755,0.3642990648329107,1.1146914429144323,1.0,17,0.9530439299207524,mild
54,peak_time,13.0,11.92,12.0,0.9285592184789413,11.0,13.0,10.95,13.0,2.0,2.0500000000000007,1.0,1.0,-1.08,-1.0,1.0,1.0,0.6673017591624562,0.16871541613829366,3.955191377505647,1.0,16,0.9532056120514184,mild
54,peak_height,0.4174218475818634,0.4113300877809525,0.4089697450399399,0.022147290321383205,0.3957568630576134,0.42635466158390045,0.38088318705558777,0.4448379248380661,0.03059779852628708,0.06395473778247834,1.0,1.0,-0.006091759800910923,-0.008452102541923523,0.008452102541923523,7.143803737919008e-05,0.6673017591624562,0.16871541613829366,3.955191377505647,1.0,16,0.9532056120514184,mild
54,cumulative_infected,5.996024461695924,5.947298363124246,5.926143177915947,0.31316328104280433,5.757668437116081,6.132526005851105,5.483146304776892,6.419684390287148,0.37485756873502396,0.9365380855102554,1.0,1.0,-0.0487260985716782,-0.06988128377997782,0.06988128377997782,0.004883393822737791,0.6673017591624562,0.16871541613829366,3.955191377505647,1.0,16,0.9532056120514184,mild
54,early_growth_slope,0.026456889940337056,0.02666337514117306,0.026843529835570645,0.003286266796154482,0.02424419933231547,0.02873389181331731,0.021678692159184717,0.03213725763531069,0.004489692481001839,0.010458565476125972,1.0,1.0,0.00020648520083600339,0.00038663989523358977,0.00038663989523358977,1.4949040858624127e-07,0.6673017591624562,0.16871541613829366,3.955191377505647,1.0,16,0.9532056120514184,mild
55,peak_time,9.0,8.72,9.0,0.7923880286064321,8.0,9.0,8.0,10.0,1.0,2.0,1.0,1.0,-0.27999999999999936,0.0,0.0,0.0,0.9081426831668838,0.27918537350757744,3.2528304465141895,1.0,13,0.9667996160534099,mild
55,peak_height,0.36187735199928284,0.3300814417004585,0.32799793779850006,0.024244325957656715,0.3119807541370392,0.34854164719581604,0.29372470676898954,0.37013083696365356,0.036560893058776855,0.07640613019466402,0.0,1.0,-0.03179591029882434,-0.033879414200782776,0.033879414200782776,0.0011478147065882016,0.9081426831668838,0.27918537350757744,3.2528304465141895,1.0,13,0.9667996160534099,mild
55,cumulative_infected,3.504819266498089,3.423937205324837,3.427750383532839,0.1891234330555441,3.306049228463962,3.552606766723329,3.084245802597434,3.7026928183069687,0.246557538259367,0.6184470157095348,1.0,1.0,-0.0808820611732517,-0.07706888296524994,0.07706888296524994,0.005939612721511393,0.9081426831668838,0.27918537350757744,3.2528304465141895,1.0,13,0.9667996160534099,mild
55,early_growth_slope,0.04130457708656433,0.03925357296942301,0.04041269620037859,0.005695523769260549,0.03517909530117841,0.04336883403205622,0.03058571563811883,0.04699459382571234,0.008189738730877812,0.01640887818759351,1.0,1.0,-0.0020510041171413196,-0.0008918808861857405,0.0008918808861857405,7.954515151434618e-07,0.9081426831668838,0.27918537350757744,3.2528304465141895,1.0,13,0.9667996160534099,mild
56,peak_time,12.0,10.79,11.0,0.890976084885775,10.0,11.0,10.0,12.0,1.0,2.0,0.0,1.0,-1.2100000000000009,-1.0,1.0,1.0,0.7398394487165066,0.19650254066290435,3.7650375726473913,1.0,18,0.9480840249251167,mild
56,peak_height,0.38777124881744385,0.3748248639702797,0.372870534658432,0.019199681192305376,0.3603128641843796,0.38849712908267975,0.34506664127111436,0.4048074081540108,0.02818426489830017,0.05974076688289642,1.0,1.0,-0.01294638484716415,-0.01490071415901184,0.01490071415901184,0.00022203128244857595,0.7398394487165066,0.19650254066290435,3.7650375726473913,1.0,18,0.9480840249251167,mild
56,cumulative_infected,4.9156143221771345,4.795998933257448,4.8030562728017685,0.24961613394838145,4.607865589117864,4.984613602224272,4.449149101739749,5.193921600363683,0.3767480131064076,0.7447724986239335,1.0,1.0,-0.11961538891968626,-0.11255804937536595,0.11255804937536595,0.01266931447918732,0.7398394487165066,0.19650254066290435,3.7650375726473913,1.0,18,0.9480840249251167,mild
56,early_growth_slope,0.03125094850769355,0.030059027181766625,0.03006157943690639,0.003348182933343169,0.02796059327028203,0.032269203383683415,0.024482644871542492,0.035271643031211115,0.004308610113401383,0.010788998159668623,1.0,1.0,-0.001191921325926923,-0.0011893690707871565,0.0011893690707871565,1.4145987865451043e-06,0.7398394487165066,0.19650254066290435,3.7650375726473913,1.0,18,0.9480840249251167,mild
57,peak_time,27.0,25.78,26.0,3.0337495551934346,23.75,27.0,21.0,31.0,3.25,10.0,1.0,1.0,-1.2199999999999989,-1.0,1.0,1.0,0.345530178226911,0.16219245949260125,2.1303714075725764,1.0,25,0.9724064944671965,mild
57,peak_height,0.19561398029327393,0.1953240628540516,0.19635353982448578,0.016913970735298437,0.18263285234570503,0.20841751992702484,0.16770039945840837,0.22192804142832756,0.02578466758131981,0.054227641969919194,1.0,1.0,-0.0002899174392223258,0.000739559531211853,0.000739559531211853,5.469483002062958e-07,0.345530178226911,0.16219245949260125,2.1303714075725764,1.0,25,0.9724064944671965,mild
57,cumulative_infected,4.627766840858385,4.57232461800455,4.594962633214891,0.29729714105387944,4.41012631659396,4.755498667625943,4.032830440474209,5.011417927722505,0.34537235103198327,0.978587487248296,1.0,1.0,-0.055442222853835155,-0.03280420764349401,0.03280420764349401,0.0010761160391174708,0.345530178226911,0.16219245949260125,2.1303714075725764,1.0,25,0.9724064944671965,mild
57,early_growth_slope,0.0033408034581779733,0.0024726794579904283,0.0024208425089628214,0.002414822943493981,0.0009249078224283515,0.004062333236366352,-0.001933552762715232,0.006156493818014582,0.0031374254139380007,0.008090046580729815,1.0,1.0,-0.0008681240001875449,-0.0009199609492151518,0.0009199609492151518,8.463281480808431e-07,0.345530178226911,0.16219245949260125,2.1303714075725764,1.0,25,0.9724064944671965,mild
58,peak_time,10.0,9.85,10.0,1.366075260064985,9.0,11.0,8.0,12.049999999999997,2.0,4.049999999999997,1.0,1.0,-0.15000000000000036,0.0,0.0,0.0,0.8953619073985013,0.439946350205453,2.0351615759066335,1.0,23,0.8641970843427842,mild
58,peak_height,0.18227766454219818,0.15964768044650554,0.1580459028482437,0.01896050537909783,0.14718768373131752,0.16996053606271744,0.13157732114195825,0.19077557176351545,0.022772852331399918,0.0591982506215572,0.0,1.0,-0.02262998409569264,-0.024231761693954468,0.024231761693954468,0.0005871782747925991,0.8953619073985013,0.439946350205453,2.0351615759066335,1.0,23,0.8641970843427842,mild
58,cumulative_infected,1.7879615412966814,1.801822567347158,1.8110120281635318,0.14420127180095996,1.721149484437774,1.876884882178274,1.5842458643077406,2.031318085239036,0.15573539774050005,0.4470722209312954,1.0,1.0,0.013861026050476566,0.023050486866850406,0.023050486866850406,0.000531324944798843,0.8953619073985013,0.439946350205453,2.0351615759066335,1.0,23,0.8641970843427842,mild
58,early_growth_slope,0.014809250942475734,0.01408518260071581,0.014203832174340882,0.0036152295389821395,0.01198105294592789,0.01651648940224688,0.007909710067767826,0.019422657337244815,0.00453543645631899,0.011512947269476988,1.0,1.0,-0.0007240683417599238,-0.0006054187681348525,0.0006054187681348525,3.665318848099223e-07,0.8953619073985013,0.439946350205453,2.0351615759066335,1.0,23,0.8641970843427842,mild
59,peak_time,10.0,10.03,10.0,0.8581751840181854,9.0,11.0,9.0,11.0,2.0,2.0,1.0,1.0,0.02999999999999936,0.0,0.0,0.0,0.8146781272651383,0.08714381410550773,9.348662732145074,1.0,21,0.9305142189755815,mild
59,peak_height,0.6536322236061096,0.6602503770589828,0.6607973575592041,0.021273088696920323,0.6441987156867981,0.6759641170501709,0.6262417644262314,0.6949313312768937,0.0317654013633728,0.0686895668506623,1.0,1.0,0.006618153452873199,0.007165133953094482,0.007165133953094482,5.1339144565787365e-05,0.8146781272651383,0.08714381410550773,9.348662732145074,1.0,21,0.9305142189755815,mild
59,cumulative_infected,11.068383699283004,11.28614200136537,11.32405768200988,0.5648024839985252,10.95906266500242,11.627634367672727,10.400676643720363,12.27172249974683,0.668571702670306,1.8710458560264662,1.0,1.0,0.21775830208236613,0.2556739827268757,0.2556739827268757,0.06536918544342273,0.8146781272651383,0.08714381410550773,9.348662732145074,1.0,21,0.9305142189755815,mild
59,early_growth_slope,0.06903000127169347,0.06833590069139191,0.0688780537512641,0.006893192782314709,0.06302889254653735,0.0735768447255915,0.05750197785313328,0.07959716990936569,0.01054795217905416,0.022095192056232407,1.0,1.0,-0.0006941005803015599,-0.00015194752042936577,0.00015194752042936577,2.3088048964632527e-08,0.8146781272651383,0.08714381410550773,9.348662732145074,1.0,21,0.9305142189755815,mild
60,peak_time,26.0,34.09,34.0,7.433333333333334,30.0,39.0,23.8,46.0,9.0,22.2,0.0,1.0,8.090000000000003,8.0,8.0,64.0,0.2536187437721053,0.1624785964440787,1.560936328369841,1.0,29,0.8525655015996233,mild
60,peak_height,0.12055446952581406,0.1390948896855116,0.13756176084280014,0.043595075149997296,0.1051940768957138,0.17135275155305862,0.06892473623156548,0.21244921684265136,0.06615867465734482,0.1435244806110859,1.0,1.0,0.018540420159697535,0.017007291316986084,0.017007291316986084,0.00028924795794083025,0.2536187437721053,0.1624785964440787,1.560936328369841,1.0,29,0.8525655015996233,mild
60,cumulative_infected,2.3779188759071985,3.247131767641113,3.3159274025820196,1.2342404886255838,2.3544649358082097,4.04858714225702,1.105055725033162,5.337640696391463,1.6941222064488102,4.2325849713583015,1.0,1.0,0.8692128917339144,0.938008526674821,0.938008526674821,0.8798599961146685,0.2536187437721053,0.1624785964440787,1.560936328369841,1.0,29,0.8525655015996233,mild
60,early_growth_slope,-0.0015534700564568875,0.0012246451481085043,0.0011082122690000001,0.0023126514757195716,-5.5445528275976114e-05,0.002362796637628759,-0.002397822513289393,0.0051109654068221995,0.0024182421659047354,0.007508787920111592,0.0,1.0,0.002778115204565392,0.0026616823254568874,0.0026616823254568874,7.084552801649584e-06,0.2536187437721053,0.1624785964440787,1.560936328369841,1.0,29,0.8525655015996233,mild
61,peak_time,16.0,21.56,20.0,14.005280389477349,10.0,33.0,1.9500000000000002,46.0,23.0,44.05,1.0,1.0,5.559999999999999,4.0,4.0,16.0,0.29013320234992845,0.2852827710481575,1.017002187983347,1.0,27,0.8883414115858296,mild
61,peak_height,0.059956666082143784,0.053908477667719126,0.050873275846242905,0.015197745648189718,0.04361214116215706,0.05886970367282629,0.037189985252916814,0.08319833390414715,0.015257562510669231,0.04600834865123033,0.0,1.0,-0.006048188414424657,-0.009083390235900879,0.009083390235900879,8.250797817765942e-05,0.29013320234992845,0.2852827710481575,1.017002187983347,1.0,27,0.8883414115858296,mild
61,cumulative_infected,0.7091748057864606,0.6764144762876185,0.5349008808880171,0.403371879631113,0.45013853393902536,0.8144207144068787,0.340550048383011,1.2306744855872234,0.3642821804678533,0.8901244372042123,1.0,1.0,-0.03276032949884211,-0.1742739248984435,0.1742739248984435,0.03037140089950833,0.29013320234992845,0.2852827710481575,1.017002187983347,1.0,27,0.8883414115858296,mild
61,early_growth_slope,0.0006707090651616453,-2.3046704227453312e-05,5.5296820521887814e-05,0.0022755097976491475,-0.0017971827868071455,0.001575798763605278,-0.0037940628915315543,0.003483120718738063,0.0033729815504124237,0.007277183610269617,1.0,1.0,-0.0006937557693890987,-0.0006154122446397575,0.0006154122446397575,3.787322308525448e-07,0.29013320234992845,0.2852827710481575,1.017002187983347,1.0,27,0.8883414115858296,mild
62,peak_time,9.0,9.61,9.0,1.1711601776085803,9.0,10.0,8.0,12.0,1.0,4.0,1.0,1.0,0.6099999999999994,0.0,0.0,0.0,0.9735549825080205,0.46895376833122093,2.0760148403806,1.0,21,0.9492301681450249,mild
62,peak_height,0.19042836129665375,0.18684060633182525,0.1854390874505043,0.018916265706629146,0.17602455243468285,0.1948624849319458,0.15903522223234176,0.222708610445261,0.018837932497262955,0.06367338821291924,1.0,1.0,-0.0035877549648284934,-0.004989273846149445,0.004989273846149445,2.489285351187087e-05,0.9735549825080205,0.46895376833122093,2.0760148403806,1.0,21,0.9492301681450249,mild
62,cumulative_infected,2.255064576631412,2.107879214704626,2.0838441295782104,0.1852264426735141,1.9767020021972712,2.2339118550298735,1.8414348834194243,2.42169009897043,0.25720985283260234,0.5802552155510057,0.0,1.0,-0.14718536192678577,-0.1712204470532015,0.1712204470532015,0.029316441489098177,0.9735549825080205,0.46895376833122093,2.0760148403806,1.0,21,0.9492301681450249,mild
62,early_growth_slope,0.018260024854195457,0.01779362886077641,0.01766001247146743,0.0037770293424909443,0.015333297039129924,0.02038289244297803,0.01260494732469808,0.02409106725695198,0.005049595403848105,0.011486119932253902,1.0,1.0,-0.00046639599341904633,-0.0006000123827280268,0.0006000123827280268,3.600148594269641e-07,0.9735549825080205,0.46895376833122093,2.0760148403806,1.0,21,0.9492301681450249,mild
63,peak_time,13.0,12.74,13.0,1.605671765393481,12.0,14.0,10.0,15.049999999999997,2.0,5.049999999999997,1.0,1.0,-0.2599999999999998,0.0,0.0,0.0,0.7084611713144541,0.34910613607889934,2.0293575451631107,1.0,23,0.9315187949819735,mild
63,peak_height,0.18721990287303925,0.17132068455219268,0.1697055622935295,0.016504114909244534,0.1604921966791153,0.1845051310956478,0.14463950246572493,0.19719964414834976,0.024012934416532516,0.05256014168262482,0.0,1.0,-0.015899218320846564,-0.017514340579509735,0.017514340579509735,0.0003067521259350614,0.7084611713144541,0.34910613607889934,2.0293575451631107,1.0,23,0.9315187949819735,mild
63,cumulative_infected,2.4597460239892825,2.350620593353851,2.313549535931088,0.18171525096502703,2.242445687370491,2.458673335655476,2.1190760882396718,2.6396129454806214,0.21622764828498475,0.5205368572409497,0.0,1.0,-0.10912543063543145,-0.14619648805819452,0.14619648805819452,0.021373413120549814,0.7084611713144541,0.34910613607889934,2.0293575451631107,1.0,23,0.9315187949819735,mild
63,early_growth_slope,0.011487100827729415,0.009722678106030624,0.00997688476664258,0.0030048210528410006,0.00777565286954909,0.011252028468117625,0.004919103264719957,0.01433429879862593,0.0034763755985685353,0.009415195533905973,0.0,1.0,-0.0017644227216987909,-0.0015102160610868352,0.0015102160610868352,2.2807525511646354e-06,0.7084611713144541,0.34910613607889934,2.0293575451631107,1.0,23,0.9315187949819735,mild
64,peak_time,17.0,18.13,18.0,2.8236197128558733,16.0,20.0,14.0,23.0,4.0,9.0,1.0,1.0,1.129999999999999,1.0,1.0,1.0,0.4989779282361576,0.2939144048824646,1.6976981051190643,1.0,23,0.9114984941675999,mild
64,peak_height,0.1348881870508194,0.12497448220849038,0.12209490686655045,0.015594774592670233,0.11545195244252682,0.13238847255706787,0.1043849915266037,0.1572052851319313,0.016936520114541054,0.0528202936053276,0.0,1.0,-0.009913704842329021,-0.012793280184268951,0.012793280184268951,0.00016366801787320862,0.4989779282361576,0.2939144048824646,1.6976981051190643,1.0,23,0.9114984941675999,mild
64,cumulative_infected,2.306540258738096,2.2795459824164572,2.271864138368983,0.19596591124411428,2.1409164669457823,2.40172542759683,1.998178496775654,2.6193410072824914,0.26080896065104753,0.6211625105068375,1.0,1.0,-0.026994276321638644,-0.03467612036911305,0.03467612036911305,0.001202433323853217,0.4989779282361576,0.2939144048824646,1.6976981051190643,1.0,23,0.9114984941675999,mild
64,early_growth_slope,0.005612109987331288,0.0033526202625885405,0.0028992404116988404,0.0022991936965028954,0.0018022757015257551,0.00501326879575139,0.0004251371517425256,0.007054695742789632,0.0032109930942256348,0.006629558591047106,0.0,1.0,-0.002259489724742747,-0.0027128695756324472,0.0027128695756324472,7.359661334392174e-06,0.4989779282361576,0.2939144048824646,1.6976981051190643,1.0,23,0.9114984941675999,mild
65,peak_time,4.0,21.69,18.5,15.361433408495326,7.5,35.25,2.0,47.05,27.75,45.05,0.0,1.0,17.69,14.5,14.5,210.25,0.21580885328386235,0.4127348912548038,0.5228752350637391,1.0,18,0.9286817357399053,mild
65,peak_height,0.044306542724370956,0.053306234851479534,0.05110209248960018,0.012533727293878657,0.0451983530074358,0.05935303308069706,0.03423045538365841,0.07490493915975092,0.014154680073261261,0.040674483776092514,0.0,1.0,0.008999692127108577,0.006795549765229225,0.006795549765229225,4.617949661170698e-05,0.21580885328386235,0.4127348912548038,0.5228752350637391,1.0,18,0.9286817357399053,mild
65,cumulative_infected,0.3903624365484575,0.5718088207830214,0.48641640302957967,0.254568179342797,0.41786799984402023,0.6480765244923532,0.3086819269869011,1.0728643500129689,0.23020852464833297,0.7641824230260678,0.0,1.0,0.18144638423456394,0.09605396648112219,0.09605396648112219,0.009226364476756545,0.21580885328386235,0.4127348912548038,0.5228752350637391,1.0,18,0.9286817357399053,mild
65,early_growth_slope,-0.00033413994242437146,-0.00013881460868452348,-0.0004058727728469026,0.0023064757775267614,-0.001510460908147727,0.0014830616637915399,-0.003482128279643974,0.0035548864940037226,0.002993522571939267,0.0070370147736476965,1.0,1.0,0.00019532533373984798,-7.173283042253117e-05,7.173283042253117e-05,5.145598960427612e-09,0.21580885328386235,0.4127348912548038,0.5228752350637391,1.0,18,0.9286817357399053,mild
66,peak_time,16.0,16.49,16.0,4.793714318740424,13.75,19.0,9.0,25.049999999999997,5.25,16.049999999999997,1.0,1.0,0.48999999999999844,0.0,0.0,0.0,0.5186308613737604,0.3557751314597474,1.4577490541450016,1.0,13,0.9036635066912757,mild
66,peak_height,0.09707473963499069,0.09334320396184921,0.09115799143910408,0.01613873944661288,0.08215601556003094,0.10270005837082863,0.0722103737294674,0.12073468342423437,0.02054404281079769,0.04852430969476697,1.0,1.0,-0.003731535673141481,-0.005916748195886612,0.005916748195886612,3.500790921352748e-05,0.5186308613737604,0.3557751314597474,1.4577490541450016,1.0,13,0.9036635066912757,mild
66,cumulative_infected,1.7429480783175677,1.535127209102011,1.4780045498046093,0.3096430185737916,1.3316039871715475,1.7186767301755026,1.1359504307911266,1.995568670192733,0.3870727430039551,0.8596182394016065,0.0,1.0,-0.20782086921555676,-0.26494352851295844,0.26494352851295844,0.07019507330089682,0.5186308613737604,0.3557751314597474,1.4577490541450016,1.0,13,0.9036635066912757,mild
66,early_growth_slope,0.0035806692737553806,0.0026386105996616177,0.0027182905690833216,0.0027310879937335964,0.0007545764230945633,0.00420685545153295,-0.0012761921164513147,0.006432677748879149,0.0034522790284383866,0.007708869865330464,1.0,1.0,-0.000942058674093763,-0.000862378704672059,0.000862378704672059,7.436970302718584e-07,0.5186308613737604,0.3557751314597474,1.4577490541450016,1.0,13,0.9036635066912757,mild
67,peak_time,14.0,21.44,20.0,14.099444791705219,9.0,34.0,1.9500000000000002,45.05,25.0,43.099999999999994,1.0,1.0,7.440000000000001,6.0,6.0,36.0,0.3080854093302431,0.4802732195304127,0.6414794679400898,1.0,22,0.8759430067021671,mild
67,peak_height,0.049278028309345245,0.053209883850067856,0.051506754010915756,0.013815695711647629,0.04377167671918869,0.0610827524214983,0.03379271943122149,0.07670010402798652,0.01731107570230961,0.04290738459676503,1.0,1.0,0.0039318555407226105,0.002228725701570511,0.002228725701570511,4.967218252840966e-06,0.3080854093302431,0.4802732195304127,0.6414794679400898,1.0,22,0.8759430067021671,mild
67,cumulative_infected,0.49307099741417915,0.5832809488512339,0.46261309600959066,0.31317774357833894,0.3993798308947589,0.6460523901441775,0.32068276363302173,1.172837627644185,0.24667255924941855,0.8521548640111632,1.0,1.0,0.09020995143705479,-0.030457901404588483,0.030457901404588483,0.000927683757971633,0.3080854093302431,0.4802732195304127,0.6414794679400898,1.0,22,0.8759430067021671,mild
67,early_growth_slope,0.0015535565824913132,9.527838450811185e-05,0.0001724949304064344,0.0023452116316511154,-0.0013828017510518062,0.0017215726326131036,-0.004088688045227342,0.003608775192194678,0.0031043743836649098,0.007697463237422019,1.0,1.0,-0.0014582781979832014,-0.0013810616520848788,0.0013810616520848788,1.9073312868594148e-06,0.3080854093302431,0.4802732195304127,0.6414794679400898,1.0,22,0.8759430067021671,mild
68,peak_time,16.0,12.75,13.0,2.2846656144164665,11.0,14.0,10.0,17.0,3.0,7.0,0.0,1.0,-3.25,-3.0,3.0,9.0,0.7371695951624178,0.4189545350692287,1.7595455674936344,1.0,10,0.878555066050005,mild
68,peak_height,0.11440607905387878,0.12089132346212864,0.11775176599621773,0.01562832811974648,0.11107209138572216,0.13050498068332672,0.09876150600612163,0.1498155876994133,0.01943288929760456,0.051054081693291675,1.0,1.0,0.006485244408249852,0.0033456869423389435,0.0033456869423389435,1.1193621116137309e-05,0.7371695951624178,0.4189545350692287,1.7595455674936344,1.0,10,0.878555066050005,mild
68,cumulative_infected,1.7322939285368193,1.6634448616878013,1.6511852811672725,0.18353604931201256,1.5463919187168358,1.7623007935035275,1.3745358845917508,1.947424988367129,0.21590887478669174,0.5728891037753783,1.0,1.0,-0.06884906684901804,-0.08110864736954682,0.08110864736954682,0.006578612678117494,0.7371695951624178,0.4189545350692287,1.7595455674936344,1.0,10,0.878555066050005,mild
68,early_growth_slope,0.009133044852032547,0.006718054923031516,0.006557408964172715,0.0027877008499280352,0.004996551135610346,0.008164806840276078,0.0022896202001166303,0.0115335246730302,0.003168255704665732,0.009243904472913568,0.0,1.0,-0.002414989929001031,-0.0025756358878598323,0.0025756358878598323,6.633900226831507e-06,0.7371695951624178,0.4189545350692287,1.7595455674936344,1.0,10,0.878555066050005,mild
69,peak_time,9.0,10.16,10.0,0.7877855422677295,10.0,11.0,9.0,11.0,1.0,2.0,0.0,1.0,1.1600000000000001,1.0,1.0,1.0,0.7959806350207611,0.08516482886213668,9.34635395450956,1.0,24,0.9815060195880914,mild
69,peak_height,0.6446555852890015,0.652151054739952,0.6497003734111786,0.021478947006130733,0.6376030445098877,0.6651557832956314,0.6190637052059174,0.6918082147836685,0.027552738785743713,0.07274450957775114,1.0,1.0,0.007495469450950587,0.005044788122177124,0.005044788122177124,2.5449887197659393e-05,0.7959806350207611,0.08516482886213668,9.34635395450956,1.0,24,0.9815060195880914,mild
69,cumulative_infected,11.23498922213912,11.325191631752531,11.327067827805877,0.5218713496159264,10.952123826835304,11.685081431642175,10.518388204369694,12.058857789169997,0.7329576048068702,1.5404695848003023,1.0,1.0,0.0902024096134113,0.09207860566675663,0.09207860566675663,0.008478469621534066,0.7959806350207611,0.08516482886213668,9.34635395450956,1.0,24,0.9815060195880914,mild
69,early_growth_slope,0.06365901954649458,0.06308006965793969,0.06357094250103856,0.006041799162264514,0.0588564329581069,0.06656174826258349,0.05323773255638246,0.07312893446346388,0.007705315304476587,0.019891201907081428,1.0,1.0,-0.0005789498885548916,-8.80770454560198e-05,8.80770454560198e-05,7.757565936261778e-09,0.7959806350207611,0.08516482886213668,9.34635395450956,1.0,24,0.9815060195880914,mild
70,peak_time,12.0,21.53,21.5,12.533151997398699,12.75,28.25,2.95,45.05,15.5,42.099999999999994,0.0,1.0,9.530000000000001,9.5,9.5,90.25,0.4850463150526756,0.372659327946557,1.3015810384390432,1.0,25,0.9596193374067845,mild
70,peak_height,0.057809166610240936,0.06288260340690613,0.06029633805155754,0.018029919846379867,0.049008699133992195,0.07028680853545666,0.042397981695830825,0.09268430918455123,0.021278109401464462,0.0502863274887204,1.0,1.0,0.005073436796665193,0.0024871714413166046,0.0024871714413166046,6.186021778500916e-06,0.4850463150526756,0.372659327946557,1.3015810384390432,1.0,25,0.9596193374067845,mild
70,cumulative_infected,1.0509504548972473,0.877039660350647,0.7811371243587928,0.435421847088193,0.5450382052804343,1.0557162085096934,0.43039963478804566,1.648023449384345,0.510678003229259,1.2176238145962994,1.0,1.0,-0.1739107945466003,-0.26981333053845447,0.26981333053845447,0.07279923333625328,0.4850463150526756,0.372659327946557,1.3015810384390432,1.0,25,0.9596193374067845,mild
70,early_growth_slope,0.003071702401419835,0.00041111230635232555,0.0005852300451979762,0.002873459467787183,-0.0012229088946090379,0.002215777035979997,-0.004807791867122946,0.00454005065631853,0.003438685930589035,0.009347842523441476,0.0,1.0,-0.0026605900950675094,-0.0024864723562218584,0.0024864723562218584,6.1825447782554805e-06,0.4850463150526756,0.372659327946557,1.3015810384390432,1.0,25,0.9596193374067845,mild
71,peak_time,4.0,20.47,20.5,13.596980502592434,10.0,30.0,1.9500000000000002,45.099999999999994,20.0,43.14999999999999,0.0,1.0,16.47,16.5,16.5,272.25,0.38450802085980706,0.49141384860904164,0.7824525538874535,1.0,26,0.8982373627108149,mild
71,peak_height,0.05418230965733528,0.049466089569032194,0.04924573004245758,0.010643613082384122,0.04122241027653217,0.05549275502562523,0.034551721066236496,0.06812224611639976,0.014270344749093056,0.033570525050163266,1.0,1.0,-0.004716220088303087,-0.004936579614877701,0.004936579614877701,2.436981829402607e-05,0.38450802085980706,0.49141384860904164,0.7824525538874535,1.0,26,0.8982373627108149,mild
71,cumulative_infected,0.48165242839604616,0.5247830869064092,0.4728529705753317,0.21735947688352839,0.3880057234164269,0.5679612754147456,0.3155762048076213,1.0090934844731236,0.1799555519983187,0.6935172796655024,1.0,1.0,0.04313065851036302,-0.008799457820714451,0.008799457820714451,7.743045793853273e-05,0.38450802085980706,0.49141384860904164,0.7824525538874535,1.0,26,0.8982373627108149,mild
71,early_growth_slope,-0.0006629121877873928,-0.00037850594658569417,-0.0004869401842976605,0.002393722975454754,-0.002169785001526524,0.0013445397683729734,-0.0033878157296428615,0.003355782380718401,0.0035143247698994975,0.006743598110361263,1.0,1.0,0.00028440624120169866,0.0001759720034897323,0.0001759720034897323,3.096614601219036e-08,0.38450802085980706,0.49141384860904164,0.7824525538874535,1.0,26,0.8982373627108149,mild
72,peak_time,23.0,23.41,23.0,5.363729668765565,20.0,26.0,15.0,32.05,6.0,17.049999999999997,1.0,1.0,0.41000000000000014,0.0,0.0,0.0,0.4238558509415574,0.2763662334075252,1.53367452208442,1.0,20,0.9694841507918449,mild
72,peak_height,0.10816998779773712,0.1024868905544281,0.10245561972260475,0.017786739231957067,0.09073756635189056,0.11478187330067158,0.0736753161996603,0.13242110833525658,0.024044306948781013,0.058745792135596275,1.0,1.0,-0.005683097243309024,-0.00571436807513237,0.00571436807513237,3.265400249809203e-05,0.4238558509415574,0.2763662334075252,1.53367452208442,1.0,20,0.9694841507918449,mild
72,cumulative_infected,1.94517478113994,2.028279549346071,2.056173880555434,0.3705203447243496,1.7620241976110265,2.2682252026861534,1.4679987537621855,2.632663774938555,0.5062010050751269,1.1646650211763696,1.0,1.0,0.08310476820613077,0.11099909941549413,0.11099909941549413,0.012320800071050748,0.4238558509415574,0.2763662334075252,1.53367452208442,1.0,20,0.9694841507918449,mild
72,early_growth_slope,0.003225735415721179,0.0017319189646416689,0.0017688567556130392,0.002612314281962911,0.00029153450339522587,0.0038277498499069,-0.0028135921650876577,0.005477880682225248,0.003536215346511674,0.008291472847312905,1.0,1.0,-0.00149381645107951,-0.0014568786601081396,0.0014568786601081396,2.122495430278488e-06,0.4238558509415574,0.2763662334075252,1.53367452208442,1.0,20,0.9694841507918449,mild
73,peak_time,40.0,22.77,21.5,15.344432741604239,9.0,36.0,0.9500000000000002,47.0,27.0,46.05,0.0,1.0,-17.23,-18.5,18.5,342.25,0.3362637125733182,0.397658252802716,0.8456097923362941,1.0,10,0.8706765255493734,mild
73,peak_height,0.05068043991923332,0.05165798142552376,0.04760732501745224,0.016047062468395986,0.04307158198207617,0.056407710537314415,0.03650354649871588,0.07684604451060295,0.013336128555238247,0.04034249801188707,1.0,1.0,0.0009775415062904386,-0.003073114901781082,0.003073114901781082,9.44403519954895e-06,0.3362637125733182,0.397658252802716,0.8456097923362941,1.0,10,0.8706765255493734,mild
73,cumulative_infected,0.4414288733387366,0.6004634525513848,0.4890154017630266,0.41954002729332135,0.42236465639143717,0.6115057138376869,0.3575819360703463,1.1648321139531617,0.18914105744624976,0.8072501778828154,1.0,1.0,0.15903457921264819,0.04758652842429001,0.04758652842429001,0.0022644776874757608,0.3362637125733182,0.397658252802716,0.8456097923362941,1.0,10,0.8706765255493734,mild
73,early_growth_slope,-0.0023285936636273687,-0.00019931507576204932,-0.00024708925186478937,0.002280717039300692,-0.0018041932905491962,0.001472237431915433,-0.0035419461647896717,0.0035835975124861013,0.0032764307224646292,0.0071255436772757735,0.0,1.0,0.0021292785878653194,0.0020815044117625794,0.0020815044117625794,4.332660616187082e-06,0.3362637125733182,0.397658252802716,0.8456097923362941,1.0,10,0.8706765255493734,mild
74,peak_time,9.0,9.33,9.0,0.7255092255537737,9.0,10.0,8.0,10.0,1.0,2.0,1.0,1.0,0.33000000000000007,0.0,0.0,0.0,0.8537907928766769,0.13890141855894478,6.146739189091569,1.0,10,0.9505139140324157,mild
74,peak_height,0.5364943742752075,0.5311129266023635,0.5320168733596802,0.019335311943460193,0.5170759111642838,0.5453787446022034,0.4965732961893082,0.5584674328565598,0.028302833437919617,0.061894136667251576,1.0,1.0,-0.005381447672843986,-0.004477500915527344,0.004477500915527344,2.00480144485482e-05,0.8537907928766769,0.13890141855894478,6.146739189091569,1.0,10,0.9505139140324157,mild
74,cumulative_infected,6.896803657989949,6.875032274856103,6.811627437360585,0.2781307621706189,6.653282245359151,7.070658280805219,6.458987906755647,7.335046886646888,0.41737603544606827,0.8760589798912406,1.0,1.0,-0.021771383133845745,-0.08517622062936425,0.08517622062936425,0.007254988560702136,0.8537907928766769,0.13890141855894478,6.146739189091569,1.0,10,0.9505139140324157,mild
74,early_growth_slope,0.06328699081426573,0.05938981598832813,0.05997348284637111,0.006144560604910929,0.05545069854373909,0.06279762576395156,0.05000437258914599,0.0680914295072268,0.007346927220212476,0.01808705691808081,0.0,1.0,-0.0038971748259375924,-0.003313507967894619,0.003313507967894619,1.0979335053301126e-05,0.8537907928766769,0.13890141855894478,6.146739189091569,1.0,10,0.9505139140324157,mild
75,peak_time,6.0,19.66,20.0,13.929998150927679,7.75,28.25,0.0,45.05,20.5,45.05,0.0,1.0,13.66,14.0,14.0,196.0,0.2035668073649758,0.29407353706326295,0.6922309616767156,1.0,16,0.987629419452169,mild
75,peak_height,0.043250150978565216,0.05306666288524866,0.050059955567121506,0.013535263435414318,0.04393780883401632,0.0611216826364398,0.03640611451119184,0.07692351080477236,0.017183873802423477,0.04051739629358052,0.0,1.0,0.009816511906683444,0.00680980458855629,0.00680980458855629,4.63734385343223e-05,0.2035668073649758,0.29407353706326295,0.6922309616767156,1.0,16,0.987629419452169,mild
75,cumulative_infected,0.4856739165261388,0.5594395717843236,0.47842696648149285,0.2998132710190357,0.3941442816721974,0.5872033180785365,0.3030170302852639,1.1416373797343111,0.19305903640633915,0.8386203494490472,1.0,1.0,0.07376565525818479,-0.007246950044645928,0.007246950044645928,5.251828494959362e-05,0.2035668073649758,0.29407353706326295,0.6922309616767156,1.0,16,0.987629419452169,mild
75,early_growth_slope,0.0005290682449759481,-0.00041588165225848935,-0.00029332445479840735,0.0024018679408070566,-0.001982139710370183,0.001099996177973004,-0.004189934916905169,0.0037751496885903165,0.003082135888343187,0.007965084605495486,1.0,1.0,-0.0009449498972344374,-0.0008223926997743555,0.0008223926997743555,6.763297526421532e-07,0.2035668073649758,0.29407353706326295,0.6922309616767156,1.0,16,0.987629419452169,mild
76,peak_time,24.0,26.09,26.0,2.7600871015387916,24.0,28.0,22.0,31.0,4.0,9.0,1.0,1.0,2.09,2.0,2.0,4.0,0.345569331159679,0.15788589250384683,2.1887283637533312,1.0,26,0.9298611192602462,mild
76,peak_height,0.23798497021198273,0.19472451418638229,0.19198448956012726,0.01968791185505283,0.17949120327830315,0.20713653415441513,0.1676424525678158,0.23070555403828621,0.027645330876111984,0.06306310147047042,0.0,0.0,-0.04326045602560044,-0.04600048065185547,0.04600048065185547,0.0021160442202017293,0.345569331159679,0.15788589250384683,2.1887283637533312,1.0,26,0.9298611192602462,mild
76,cumulative_infected,4.585754939354956,4.571327308951149,4.545361941680312,0.34525654624593066,4.301961874356493,4.8132623675628565,4.086772219021805,5.1801497162465235,0.5113004932063632,1.0933774972247186,1.0,1.0,-0.014427630403806901,-0.04039299767464399,0.04039299767464399,0.001631594261143795,0.345569331159679,0.15788589250384683,2.1887283637533312,1.0,26,0.9298611192602462,mild
76,early_growth_slope,0.0007195951461437208,0.0029630693764704035,0.003254404851412843,0.0028026349233519544,0.0013421723761850785,0.005072114447275886,-0.0018202189927078037,0.006762027012605571,0.0037299420710908077,0.008582246005313375,0.0,1.0,0.0022434742303266827,0.002534809705269122,0.002534809705269122,6.425260241926533e-06,0.345569331159679,0.15788589250384683,2.1887283637533312,1.0,26,0.9298611192602462,mild
77,peak_time,21.0,18.55,18.0,1.395338559980945,18.0,20.0,16.0,21.0,2.0,5.0,0.0,1.0,-2.4499999999999993,-3.0,3.0,9.0,0.42145937143954804,0.09336434534993826,4.514136203278447,1.0,12,0.9923985873238542,mild
77,peak_height,0.45115500688552856,0.468102240562439,0.46877506375312805,0.02515935109603758,0.4518532156944275,0.4829753115773201,0.42481893450021746,0.5058637171983719,0.03112209588289261,0.0810447826981544,0.0,1.0,0.016947233676910423,0.017620056867599487,0.017620056867599487,0.00031046640401743986,0.42145937143954804,0.09336434534993826,4.514136203278447,1.0,12,0.9923985873238542,mild
77,cumulative_infected,10.113137420732528,10.228760555605696,10.209585553966463,0.5703855188698755,9.86191972065717,10.561343755805865,9.304229713254609,11.237692998023704,0.6994240351486951,1.9334632847690951,1.0,1.0,0.115623134873168,0.09644813323393464,0.09644813323393464,0.009302242404310808,0.42145937143954804,0.09336434534993826,4.514136203278447,1.0,12,0.9923985873238542,mild
77,early_growth_slope,0.013870274115886004,0.009838400517383843,0.009982437139981246,0.0029542780705019496,0.007811813587544574,0.011757809884979256,0.004730984931977998,0.014410090246071504,0.003945996297434682,0.009679105314093505,0.0,1.0,-0.004031873598502161,-0.0038878369759047585,0.0038878369759047585,1.5115276351212257e-05,0.42145937143954804,0.09336434534993826,4.514136203278447,1.0,12,0.9923985873238542,mild
78,peak_time,32.0,22.18,23.0,14.72535091588515,8.0,34.0,2.0,45.05,26.0,43.05,1.0,1.0,-9.82,-9.0,9.0,81.0,0.37992910268198166,0.3665088655431397,1.0366164052237976,1.0,28,0.9802429279892243,mild
78,peak_height,0.07226678729057312,0.056322678960859775,0.0522552914917469,0.016981244244286407,0.04324962105602026,0.06505977362394333,0.03560236133635044,0.08634644821286201,0.02181015256792307,0.05074408687651157,0.0,1.0,-0.015944108329713345,-0.020011495798826218,0.020011495798826218,0.00040045996410643936,0.37992910268198166,0.3665088655431397,1.0366164052237976,1.0,28,0.9802429279892243,mild
78,cumulative_infected,0.6892138376715593,0.7051964247115938,0.5514523957390338,0.443950094830491,0.4387339113854978,0.7814333289825299,0.342972394600929,1.6492245571571402,0.34269941759703215,1.3062521625562113,1.0,1.0,0.015982587040034524,-0.13776144193252549,0.13776144193252549,0.01897821488332859,0.37992910268198166,0.3665088655431397,1.0366164052237976,1.0,28,0.9802429279892243,mild
78,early_growth_slope,-0.004862813561755629,-0.00044782751544646804,-0.0004165767764096103,0.00243277613663604,-0.0019552577009779347,0.0013249687642764045,-0.004570129688536755,0.003317707160715058,0.003280226465254339,0.007887836849251813,0.0,0.0,0.004414986046309161,0.004446236785346018,0.004446236785346018,1.9769021551364097e-05,0.37992910268198166,0.3665088655431397,1.0366164052237976,1.0,28,0.9802429279892243,mild
79,peak_time,48.0,24.41,23.5,15.745510824076527,10.75,39.0,2.0,47.05,28.25,45.05,0.0,0.0,-23.59,-24.5,24.5,600.25,0.17738159875292447,0.4756258248159696,0.372943581904026,1.0,30,0.8569417906583106,mild
79,peak_height,0.05376498028635979,0.05327964726835489,0.05045721121132374,0.01589100998989305,0.04324495978653431,0.05820078868418932,0.03444179147481918,0.08886783719062803,0.01495582889765501,0.05442604571580885,1.0,1.0,-0.0004853330180048937,-0.003307769075036049,0.003307769075036049,1.0941336253764838e-05,0.17738159875292447,0.4756258248159696,0.372943581904026,1.0,30,0.8569417906583106,mild
79,cumulative_infected,0.3363044565776363,0.6232328547384668,0.5158116449019872,0.36216379215846195,0.40816989150948757,0.6635868276644032,0.29372866546545995,1.4530483620939776,0.2554169361549157,1.1593196966285175,0.0,1.0,0.2869283981608305,0.17950718832435086,0.17950718832435086,0.032222830660113964,0.17738159875292447,0.4756258248159696,0.372943581904026,1.0,30,0.8569417906583106,mild
79,early_growth_slope,0.0013604908072877495,-4.450448023817381e-05,1.366759360756858e-05,0.0022947799952034785,-0.0016633760470930212,0.0013368034467151004,-0.0035758043146675578,0.0038238798218940017,0.0030001794938081215,0.007399684136561559,0.0,1.0,-0.0014049952875259232,-0.0013468232136801808,0.0013468232136801808,1.8139327689078099e-06,0.17738159875292447,0.4756258248159696,0.372943581904026,1.0,30,0.8569417906583106,mild
80,peak_time,12.0,11.84,12.0,0.9069874655287484,11.0,12.0,10.0,13.0,1.0,3.0,1.0,1.0,-0.16000000000000014,0.0,0.0,0.0,0.682688333506663,0.16780456901093094,4.068353665996973,1.0,22,0.9377671518631696,mild
80,peak_height,0.4166872799396515,0.4243458345532417,0.42425431311130524,0.019978384749241365,0.4133962541818619,0.43707720190286636,0.39309905767440795,0.4605690062046051,0.023680947721004486,0.06746994853019717,1.0,1.0,0.007658554613590218,0.0075670331716537476,0.0075670331716537476,5.7259991020908174e-05,0.682688333506663,0.16780456901093094,4.068353665996973,1.0,22,0.9377671518631696,mild
80,cumulative_infected,6.117636242212029,6.092243431431611,6.115420919406461,0.26113048651230236,5.927145658644804,6.3018286916048964,5.698566207353724,6.500896377448226,0.37468303296009253,0.8023301700945016,1.0,1.0,-0.025392810780417996,-0.002215322805568576,0.002215322805568576,4.907655132872226e-06,0.682688333506663,0.16780456901093094,4.068353665996973,1.0,22,0.9377671518631696,mild
80,early_growth_slope,0.02778077434881456,0.027310680576735774,0.027514394691111405,0.003080469563221946,0.025332989550883037,0.02932217010917762,0.021798414660484655,0.03228298966063274,0.003989180558294583,0.010484575000148086,1.0,1.0,-0.0004700937720787876,-0.00026637965770315644,0.00026637965770315644,7.09581220380508e-08,0.682688333506663,0.16780456901093094,4.068353665996973,1.0,22,0.9377671518631696,mild
81,peak_time,9.0,8.85,9.0,0.701729465267237,8.0,9.0,8.0,10.0,1.0,2.0,1.0,1.0,-0.15000000000000036,0.0,0.0,0.0,0.8952226877654798,0.17932025084227132,4.992312265684429,1.0,23,0.9852190387063615,mild
81,peak_height,0.4814322292804718,0.4708057662844658,0.4705651253461838,0.021364197233251073,0.4586866796016693,0.48685500025749207,0.439702507853508,0.5018016368150711,0.028168320655822754,0.062099128961563055,1.0,1.0,-0.010626462996006003,-0.010867103934288025,0.010867103934288025,0.00011809394791861827,0.8952226877654798,0.17932025084227132,4.992312265684429,1.0,23,0.9852190387063615,mild
81,cumulative_infected,5.561464803176932,5.478050376759211,5.476121978608717,0.26265336123836736,5.276616152339557,5.6260076686157845,5.067185744848393,5.95045103765442,0.3493915162762278,0.8832652928060272,1.0,1.0,-0.08341442641772101,-0.08534282456821529,0.08534282456821529,0.007283397705281172,0.8952226877654798,0.17932025084227132,4.992312265684429,1.0,23,0.9852190387063615,mild
81,early_growth_slope,0.06685385114646383,0.05680993073916483,0.05694681190929951,0.005553205187620661,0.053288084390390254,0.06098273100325881,0.04747534891191337,0.06434338836586988,0.007694646612868554,0.016868039453956506,0.0,0.0,-0.010043920407299005,-0.009907039237164322,0.009907039237164322,9.814942644671344e-05,0.8952226877654798,0.17932025084227132,4.992312265684429,1.0,23,0.9852190387063615,mild
82,peak_time,45.0,22.94,20.5,15.880119074433347,8.75,37.25,1.0,47.0,28.5,46.0,0.0,1.0,-22.06,-24.5,24.5,600.25,0.23066640489596738,0.30156729857936454,0.7648919693302292,1.0,23,0.9622855936565223,mild
82,peak_height,0.03892740607261658,0.04986048113554716,0.04674848914146423,0.012671972875279616,0.04070855490863323,0.056574647314846516,0.03478901982307434,0.07273795455694199,0.015866092406213284,0.037948934733867644,0.0,1.0,0.010933075062930585,0.007821083068847656,0.007821083068847656,6.116934036981547e-05,0.23066640489596738,0.30156729857936454,0.7648919693302292,1.0,23,0.9622855936565223,mild
82,cumulative_infected,0.33453093538992107,0.5305440771433934,0.4621084043174051,0.2550336966629066,0.39086686577502405,0.5580239901755704,0.3064928898238577,1.0848254723299757,0.1671571244005463,0.778332582506118,0.0,1.0,0.1960131417534723,0.127577468927484,0.127577468927484,0.01627601057794315,0.23066640489596738,0.30156729857936454,0.7648919693302292,1.0,23,0.9622855936565223,mild
82,early_growth_slope,-0.0003238463998838726,-0.0005486478877321037,-0.0002688238497025191,0.001970911696570916,-0.0018894935915124635,0.0005190578598384969,-0.0035389602774687622,0.0019330833912439014,0.00240855145135096,0.005472043668712664,1.0,1.0,-0.0002248014878482311,5.502255018135355e-05,5.502255018135355e-05,3.0274810284595695e-09,0.23066640489596738,0.30156729857936454,0.7648919693302292,1.0,23,0.9622855936565223,mild
83,peak_time,15.0,18.37,18.0,2.8056760650185866,16.0,20.0,14.0,23.0,4.0,9.0,0.0,1.0,3.370000000000001,3.0,3.0,9.0,0.5068186605878542,0.2882024652055584,1.7585507473933968,1.0,13,0.8728505330160088,mild
83,peak_height,0.1323012113571167,0.12920777134597303,0.1277126893401146,0.014508654005472897,0.11928917840123177,0.13896485790610313,0.10929131023585796,0.1502367466688156,0.01967567950487137,0.04094543643295763,1.0,1.0,-0.003093440011143672,-0.004588522017002106,0.004588522017002106,2.1054534300513073e-05,0.5068186605878542,0.2882024652055584,1.7585507473933968,1.0,13,0.8728505330160088,mild
83,cumulative_infected,2.357803891878575,2.303439170188649,2.287798795488925,0.19409034802181718,2.1598201721790247,2.4365133948231232,2.0354409683990524,2.6310681718110573,0.27669322264409857,0.5956272034120049,1.0,1.0,-0.05436472168992612,-0.07000509638965013,0.07000509638965013,0.004900713520524206,0.5068186605878542,0.2882024652055584,1.7585507473933968,1.0,13,0.8728505330160088,mild
83,early_growth_slope,0.003563520698142903,0.003424894918803363,0.0036736660320977016,0.002883379125005019,0.0015925104657764594,0.005318448244084026,-0.00169697198860896,0.008409704587219968,0.003725937778307567,0.010106676575828928,1.0,1.0,-0.0001386257793395398,0.00011014533395479857,0.00011014533395479857,1.2131994592014103e-08,0.5068186605878542,0.2882024652055584,1.7585507473933968,1.0,13,0.8728505330160088,mild
84,peak_time,14.0,14.91,15.0,1.3491111926379569,14.0,16.0,13.0,17.0,2.0,4.0,1.0,1.0,0.9100000000000001,1.0,1.0,1.0,0.5580211505568335,0.2257083911357139,2.4723101686605293,1.0,22,0.9475708886552843,mild
84,peak_height,0.2620035409927368,0.24360825672745703,0.24140974134206772,0.017430796584780736,0.2307177372276783,0.25062426179647446,0.22116358280181886,0.27710132002830506,0.019906524568796158,0.055937737226486206,0.0,1.0,-0.018395284265279782,-0.020593799650669098,0.020593799650669098,0.00042410458405189866,0.5580211505568335,0.2257083911357139,2.4723101686605293,1.0,22,0.9475708886552843,mild
84,cumulative_infected,3.9370992979966104,3.8071157677254996,3.808242992294254,0.18959398830553398,3.7162692812853493,3.9411795754699597,3.4606720553594643,4.080076862545684,0.2249102941846104,0.6194048071862195,1.0,1.0,-0.12998353027111076,-0.12885630570235662,0.12885630570235662,0.016603947519259185,0.5580211505568335,0.2257083911357139,2.4723101686605293,1.0,22,0.9475708886552843,mild
84,early_growth_slope,0.013729500562129984,0.009691303940493784,0.009963939687059746,0.0030918692982470773,0.007859385015243397,0.011599556668356633,0.004955768008672055,0.014180858993287459,0.003740171653113236,0.009225090984615403,0.0,1.0,-0.0040381966216362,-0.003765560875070238,0.003765560875070238,1.4179448703859735e-05,0.5580211505568335,0.2257083911357139,2.4723101686605293,1.0,22,0.9475708886552843,mild
85,peak_time,7.0,8.49,8.5,0.6889459083603477,8.0,9.0,7.0,9.049999999999997,1.0,2.049999999999997,0.0,1.0,1.4900000000000002,1.5,1.5,2.25,0.9451533740257435,0.11346422584941243,8.32996803133468,1.0,28,0.887883810832801,mild
85,peak_height,0.629555344581604,0.6265080934762954,0.6272512674331665,0.02270728777571275,0.6128792613744736,0.6400186419487,0.5905480444431305,0.6621839851140976,0.02713938057422638,0.07163594067096712,1.0,1.0,-0.0030472511053085682,-0.0023040771484375,0.0023040771484375,5.308771505951881e-06,0.9451533740257435,0.11346422584941243,8.32996803133468,1.0,28,0.887883810832801,mild
85,cumulative_infected,8.776864035520703,8.856605684857623,8.781839061528444,0.4918483499477244,8.533579877228476,9.114561198628508,8.17666073516375,9.755718976922799,0.5809813214000314,1.5790582417590482,1.0,1.0,0.07974164933692052,0.00497502600774169,0.00497502600774169,2.4750883777706215e-05,0.9451533740257435,0.11346422584941243,8.32996803133468,1.0,28,0.887883810832801,mild
85,early_growth_slope,0.0930668681616052,0.08380155023132653,0.08430185643512575,0.006910747336043072,0.08012940306036309,0.0888779499579132,0.07289195269834071,0.09234088550355017,0.008748546897550113,0.019448932805209457,0.0,0.0,-0.009265317930278669,-0.00876501172647945,0.00876501172647945,7.682543056532226e-05,0.9451533740257435,0.11346422584941243,8.32996803133468,1.0,28,0.887883810832801,mild
86,peak_time,13.0,11.1,11.0,1.0777829844714388,10.0,12.0,9.0,13.0,2.0,4.0,0.0,1.0,-1.9000000000000004,-2.0,2.0,4.0,0.7253194289159531,0.26022420969036975,2.7872865087340695,1.0,30,0.9050646919195846,mild
86,peak_height,0.3045502305030823,0.2777006539702416,0.27553151547908783,0.017859060817688073,0.2636515721678734,0.2887618839740753,0.2539091408252716,0.3082508146762848,0.025110311806201935,0.054341673851013184,0.0,1.0,-0.026849576532840702,-0.029018715023994446,0.029018715023994446,0.000842085821643801,0.7253194289159531,0.26022420969036975,2.7872865087340695,1.0,30,0.9050646919195846,mild
86,cumulative_infected,3.5877774574328214,3.4684603689421056,3.4537229079578537,0.19028185381596477,3.335596786288079,3.626777245546691,3.1662716781604106,3.7904517800950996,0.29118045925861225,0.6241801019346891,1.0,1.0,-0.11931708849071576,-0.13405454947496764,0.13405454947496764,0.017970622234936548,0.7253194289159531,0.26022420969036975,2.7872865087340695,1.0,30,0.9050646919195846,mild
86,early_growth_slope,0.01653188588984665,0.020801362100347817,0.020789038610278757,0.0030446009933253514,0.018243524821757867,0.022432790384517,0.01651900612605026,0.025857767624741724,0.004189265562759132,0.009338761498691464,0.0,1.0,0.004269476210501166,0.0042571527204321065,0.0042571527204321065,1.8123349285082485e-05,0.7253194289159531,0.26022420969036975,2.7872865087340695,1.0,30,0.9050646919195846,mild
87,peak_time,20.0,22.44,22.0,2.3839530874646684,21.0,24.0,19.0,27.0,3.0,8.0,0.0,1.0,2.4400000000000013,2.0,2.0,4.0,0.38800392528411465,0.1761824711600627,2.2022844992996555,1.0,23,0.903444326252516,mild
87,peak_height,0.19521190226078033,0.1992440278828144,0.1997203603386879,0.01590732630041315,0.1858154498040676,0.20798375457525253,0.17649845108389856,0.22781681269407272,0.02216830477118492,0.05131836161017417,1.0,1.0,0.004032125622034061,0.004508458077907562,0.004508458077907562,2.032619424024995e-05,0.38800392528411465,0.1761824711600627,2.2022844992996555,1.0,23,0.903444326252516,mild
87,cumulative_infected,4.445237385109067,4.33368419327795,4.349341342924163,0.24495316401079728,4.151593794114888,4.523675720556639,3.9564014805713668,4.714267347054556,0.3720819264417514,0.7578658664831894,1.0,1.0,-0.111553191831117,-0.09589604218490422,0.09589604218490422,0.009196050906728929,0.38800392528411465,0.1761824711600627,2.2022844992996555,1.0,23,0.903444326252516,mild
87,early_growth_slope,0.005729826189400183,0.0029322426162495196,0.003310814314144885,0.0027640569493076177,0.0009735387783231486,0.004557685283500524,-0.0017003220669548228,0.007377750773767251,0.0035841465051773755,0.009078072840722075,0.0,1.0,-0.002797583573150664,-0.0024190118752552984,0.0024190118752552984,5.851618452626155e-06,0.38800392528411465,0.1761824711600627,2.2022844992996555,1.0,23,0.903444326252516,mild
88,peak_time,20.0,19.34,19.0,5.607030219179122,15.0,22.25,11.95,29.049999999999997,7.25,17.099999999999998,1.0,1.0,-0.6600000000000001,-1.0,1.0,1.0,0.507996597273338,0.32551765922166936,1.5605807638454572,1.0,20,0.8787772925344441,mild
88,peak_height,0.08595945686101913,0.09136306054890156,0.09092993289232254,0.017564210819747354,0.07820701412856579,0.10279971361160278,0.06670539788901805,0.12261511124670506,0.024592699483036995,0.055909713357687005,1.0,1.0,0.0054036036878824245,0.004970476031303406,0.004970476031303406,2.4705631977761655e-05,0.507996597273338,0.32551765922166936,1.5605807638454572,1.0,20,0.8787772925344441,mild
88,cumulative_infected,1.7470638183876872,1.5911955803778528,1.549044477462303,0.3270811053632557,1.372822208419393,1.7638195100589655,1.1770220349018927,2.183219291707792,0.39099730163957247,1.0061972568058992,1.0,1.0,-0.1558682380098344,-0.1980193409253843,0.1980193409253843,0.03921165938052358,0.507996597273338,0.32551765922166936,1.5605807638454572,1.0,20,0.8787772925344441,mild
88,early_growth_slope,0.003102131387484925,0.0020739149829612524,0.0023887326408709806,0.002940262432905458,-0.00022153219435408218,0.0041243206859300175,-0.002891012378469374,0.006667689948309476,0.0043458528802841,0.00955870232677885,1.0,1.0,-0.0010282164045236726,-0.0007133987466139444,0.0007133987466139444,5.089377716703468e-07,0.507996597273338,0.32551765922166936,1.5605807638454572,1.0,20,0.8787772925344441,mild
89,peak_time,11.0,11.69,11.5,1.2528351685660646,11.0,13.0,10.0,14.0,2.0,4.0,1.0,1.0,0.6899999999999995,0.5,0.5,0.25,0.7342527101658642,0.31871995531010816,2.303755061246325,1.0,21,0.957645758821757,mild
89,peak_height,0.2324887067079544,0.22760857239365578,0.2272130250930786,0.017910402804312973,0.21701480075716972,0.23791290819644928,0.20106566771864892,0.261729983985424,0.020898107439279556,0.0606643162667751,1.0,1.0,-0.004880134314298623,-0.0052756816148757935,0.0052756816148757935,2.783281650153846e-05,0.7342527101658642,0.31871995531010816,2.303755061246325,1.0,21,0.957645758821757,mild
89,cumulative_infected,3.0162137802690268,2.912921426977009,2.8822589275405335,0.17944140195676267,2.7975814226374496,3.0184646202251315,2.6430543888156537,3.266160546689207,0.22088319758768193,0.6231061578735533,1.0,1.0,-0.10329235329201758,-0.13395485272849328,0.13395485272849328,0.017943902569512324,0.7342527101658642,0.31871995531010816,2.303755061246325,1.0,21,0.957645758821757,mild
89,early_growth_slope,0.015690073969640898,0.015461753702430064,0.015029871747607275,0.0036624051524180115,0.013046628622327087,0.01743167935637757,0.009967162684049635,0.021413403983405292,0.004385050734050482,0.011446241299355658,1.0,1.0,-0.00022832026721083393,-0.0006602022220336227,0.0006602022220336227,4.358669739781329e-07,0.7342527101658642,0.31871995531010816,2.303755061246325,1.0,21,0.957645758821757,mild
90,peak_time,8.0,8.32,8.0,0.7369058983549414,8.0,9.0,7.0,10.0,1.0,3.0,1.0,1.0,0.3200000000000003,0.0,0.0,0.0,0.9516141461420491,0.09129462704551405,10.423550398728624,1.0,11,0.8563024035708855,mild
90,peak_height,0.6838722825050354,0.6656789642572403,0.6643312871456146,0.02454224378159049,0.6460972726345062,0.681026428937912,0.6297601610422134,0.7066281020641326,0.03492915630340576,0.07686794102191918,0.0,1.0,-0.01819331824779513,-0.019540995359420776,0.019540995359420776,0.0003818504996369043,0.9516141461420491,0.09129462704551405,10.423550398728624,1.0,11,0.8563024035708855,mild
90,cumulative_infected,9.549669192550937,10.04641687474963,10.043447108240798,0.5844588836508391,9.618395149766002,10.420109370606951,9.09714729937259,10.921728593716397,0.8017142208409496,1.8245812943438064,0.0,1.0,0.49674768219869314,0.4937779156898614,0.4937779156898614,0.24381663002302387,0.9516141461420491,0.09129462704551405,10.423550398728624,1.0,11,0.8563024035708855,mild
90,early_growth_slope,0.10204850720349763,0.09293773880033158,0.09353339867777233,0.007693321136351198,0.08962043997598809,0.09720973135872985,0.08005605332741866,0.1032272150727814,0.007589291382741753,0.02317116174536274,0.0,1.0,-0.009110768403166047,-0.008515108525725304,0.008515108525725304,7.250707320487976e-05,0.9516141461420491,0.09129462704551405,10.423550398728624,1.0,11,0.8563024035708855,mild
91,peak_time,10.0,12.29,12.0,1.5128740459099292,11.0,13.0,10.0,15.0,2.0,5.0,0.0,1.0,2.289999999999999,2.0,2.0,4.0,0.7237702051940688,0.3408780080372201,2.1232528591725432,1.0,24,0.8632966804830818,mild
91,peak_height,0.18873775005340576,0.18160992622375488,0.18080569058656693,0.018802701456280803,0.16868699714541435,0.19138306006789207,0.15539969205856324,0.2096162289381027,0.022696062922477722,0.05421653687953945,1.0,1.0,-0.007127823829650881,-0.007932059466838837,0.007932059466838837,6.291756738546761e-05,0.7237702051940688,0.3408780080372201,2.1232528591725432,1.0,24,0.8632966804830818,mild
91,cumulative_infected,2.586086167488247,2.4211571665701195,2.4199386008695,0.1682417784668914,2.3159956461313413,2.5270691047771834,2.1182975009665825,2.727118222974241,0.21107345864584204,0.6088207220076582,0.0,1.0,-0.16492900091812768,-0.16614756661874708,0.16614756661874708,0.027605013893330997,0.7237702051940688,0.3408780080372201,2.1232528591725432,1.0,24,0.8632966804830818,mild
91,early_growth_slope,0.011517092984701903,0.011132504169043038,0.010759374384568735,0.002795262822835483,0.009559912210707329,0.013198346673865062,0.006228982418819908,0.015438908489055131,0.003638434463157734,0.009209926070235224,1.0,1.0,-0.00038458881565886505,-0.0007577186001331681,0.0007577186001331681,5.741374769877679e-07,0.7237702051940688,0.3408780080372201,2.1232528591725432,1.0,24,0.8632966804830818,mild
92,peak_time,10.0,10.08,10.0,1.060588744447387,9.0,11.0,8.95,12.0,2.0,3.0500000000000007,1.0,1.0,0.08000000000000007,0.0,0.0,0.0,0.8045143428682068,0.34498876073067364,2.332001602499382,1.0,22,0.9403033058907883,mild
92,peak_height,0.2416686713695526,0.23103854060173035,0.23033937811851501,0.02151804490628588,0.21682211756706238,0.24364719539880753,0.19478569626808168,0.2664636358618736,0.026825077831745148,0.07167793959379193,1.0,1.0,-0.010630130767822266,-0.011329293251037598,0.011329293251037598,0.00012835288556800606,0.8045143428682068,0.34498876073067364,2.332001602499382,1.0,22,0.9403033058907883,mild
92,cumulative_infected,2.730606435914524,2.64112014095307,2.614709827932529,0.17843919295609703,2.509704973508633,2.7356009092763998,2.42525611809142,2.983206876006443,0.2258959357677668,0.5579507579150231,1.0,1.0,-0.08948629496145388,-0.11589660798199475,0.11589660798199475,0.013432023741732168,0.8045143428682068,0.34498876073067364,2.332001602499382,1.0,22,0.9403033058907883,mild
92,early_growth_slope,0.018320537787596024,0.021004360008254085,0.02103829588962807,0.0036908882827851723,0.018478785044862885,0.023533717220527158,0.014552429847840569,0.027138673507198244,0.005054932175664273,0.012586243659357675,0.0,1.0,0.00268382222065806,0.0027177581020320467,0.0027177581020320467,7.3862091011608325e-06,0.8045143428682068,0.34498876073067364,2.332001602499382,1.0,22,0.9403033058907883,mild
93,peak_time,28.0,24.83,25.0,4.204506961330756,22.0,27.0,18.0,32.0,5.0,14.0,0.0,1.0,-3.1700000000000017,-3.0,3.0,9.0,0.37721658862312035,0.23326882802665494,1.6170895692073222,1.0,16,0.9638402058164433,mild
93,peak_height,0.1340922713279724,0.13010406471788882,0.1326567456126213,0.02227272015425343,0.11303879506886005,0.14294002950191498,0.0969795472919941,0.16230429559946058,0.029901234433054924,0.06532474830746648,1.0,1.0,-0.003988206610083589,-0.0014355257153511047,0.0014355257153511047,2.060734079434301e-06,0.37721658862312035,0.23326882802665494,1.6170895692073222,1.0,16,0.9638402058164433,mild
93,cumulative_infected,2.706630435422994,2.7813360750634457,2.7536499351554085,0.41981256734453015,2.501476865611039,3.0352950469241478,2.0957485038321466,3.510330450790934,0.5338181813131087,1.4145819469587875,1.0,1.0,0.07470563964045152,0.04701949973241426,0.04701949973241426,0.0022108333550865046,0.37721658862312035,0.23326882802665494,1.6170895692073222,1.0,16,0.9638402058164433,mild
93,early_growth_slope,0.002046336090036978,0.001962940319426274,0.002214984794114744,0.002435770618103152,0.0006018743442837158,0.003829383352716658,-0.0022021459199355084,0.0056545813398857035,0.003227509008432942,0.007856727259821212,1.0,1.0,-8.339577061070415e-05,0.00016864870407776612,0.00016864870407776612,2.8442385387109927e-08,0.37721658862312035,0.23326882802665494,1.6170895692073222,1.0,16,0.9638402058164433,mild
94,peak_time,12.0,11.68,12.0,0.9307323064461803,11.0,12.0,10.0,13.0,1.0,3.0,1.0,1.0,-0.3200000000000003,0.0,0.0,0.0,0.7086918465471507,0.058518162919932,12.110630463858284,1.0,30,0.91643074648272,mild
94,peak_height,0.7400200963020325,0.7160152024030686,0.7159454822540283,0.020212217158564902,0.7033300250768661,0.7298414260149002,0.6840258747339248,0.7470508784055709,0.026511400938034058,0.0630250036716461,0.0,1.0,-0.024004893898963875,-0.02407461404800415,0.02407461404800415,0.0005795870415603588,0.7086918465471507,0.058518162919932,12.110630463858284,1.0,30,0.91643074648272,mild
94,cumulative_infected,15.216657509095967,15.607935365421508,15.683775065466762,0.6550739001038982,15.294413137249649,16.088984723754947,14.729349202755838,16.358737840969116,0.7945715865052989,1.6293886382132783,0.0,1.0,0.3912778563255408,0.4671175563707948,0.4671175563707948,0.21819881146982265,0.7086918465471507,0.058518162919932,12.110630463858284,1.0,30,0.91643074648272,mild
94,early_growth_slope,0.05911434727853961,0.05484290302881119,0.05462857070268086,0.007057269283817673,0.04995608464343517,0.059406607108290425,0.042639461336962295,0.06667440777541957,0.009450522464855254,0.024034946438457272,1.0,1.0,-0.004271444249728425,-0.004485776575858753,0.004485776575858753,2.012219148852308e-05,0.7086918465471507,0.058518162919932,12.110630463858284,1.0,30,0.91643074648272,mild
95,peak_time,16.0,14.92,15.0,1.2607517398341952,14.0,16.0,13.0,17.0,2.0,4.0,1.0,1.0,-1.08,-1.0,1.0,1.0,0.5453426588659701,0.16353516943140933,3.334711797847864,1.0,22,0.989280214507581,mild
95,peak_height,0.37274542450904846,0.36169577986001966,0.3592284768819809,0.017713747861804595,0.350654773414135,0.37478749454021454,0.3349273279309273,0.3949893817305565,0.02413272112607956,0.0600620537996292,1.0,1.0,-0.0110496446490288,-0.013516947627067566,0.013516947627067566,0.0001827078731528875,0.5453426588659701,0.16353516943140933,3.334711797847864,1.0,22,0.989280214507581,mild
95,cumulative_infected,6.0074780960567296,6.023677596140878,6.000695203896612,0.2567507054592973,5.864069057628512,6.167447695450392,5.62984153481666,6.477877051627729,0.30337863782187924,0.8480355168110689,1.0,1.0,0.01619950008414861,-0.006782892160117626,0.006782892160117626,4.600762605578516e-05,0.5453426588659701,0.16353516943140933,3.334711797847864,1.0,22,0.989280214507581,mild
95,early_growth_slope,0.01139982189384422,0.013891894141419297,0.01396045348207865,0.00295862076799459,0.011814550852813268,0.0159593091261957,0.008854322136297315,0.018875442413956896,0.004144758273382433,0.01002112027765958,0.0,1.0,0.0024920722475750764,0.0025606315882344306,0.0025606315882344306,6.556834130663983e-06,0.5453426588659701,0.16353516943140933,3.334711797847864,1.0,22,0.989280214507581,mild
96,peak_time,12.0,12.16,12.0,1.0320128415143415,11.0,13.0,11.0,14.0,2.0,3.0,1.0,1.0,0.16000000000000014,0.0,0.0,0.0,0.6763224900743355,0.05544312863927832,12.198490717841622,1.0,24,0.8815632913138948,mild
96,peak_height,0.7331935167312622,0.7112520629167557,0.7113076150417328,0.021787166720568164,0.6958117634057999,0.7220852077007294,0.6808538466691971,0.7448776215314865,0.026273444294929504,0.06402377486228938,0.0,1.0,-0.021941453814506517,-0.02188590168952942,0.02188590168952942,0.0004789926927637467,0.6763224900743355,0.05544312863927832,12.198490717841622,1.0,24,0.8815632913138948,mild
96,cumulative_infected,15.768537491559982,15.683628596950438,15.830623988062143,0.6968559777541602,15.249439863022417,16.213304974138737,14.382099506235681,16.583880617516115,0.9638651111163199,2.201781111280434,1.0,1.0,-0.0849088946095442,0.062086496502161026,0.062086496502161026,0.0038547330479128533,0.6763224900743355,0.05544312863927832,12.198490717841622,1.0,24,0.8815632913138948,mild
96,early_growth_slope,0.052092595779824814,0.04750686845426527,0.04725899647954584,0.007187793630797954,0.042441954348413705,0.05110083235472085,0.03701530364702366,0.06070362258538979,0.008658878006307144,0.023688318938366128,0.0,1.0,-0.004585727325559542,-0.004833599300278976,0.004833599300278976,2.336368219565741e-05,0.6763224900743355,0.05544312863927832,12.198490717841622,1.0,24,0.8815632913138948,mild
97,peak_time,24.0,25.89,27.0,11.25184160010882,17.75,33.25,9.0,44.05,15.5,35.05,1.0,1.0,1.8900000000000006,3.0,3.0,9.0,0.4081200115369894,0.30720179847631934,1.3285078849186793,1.0,15,0.8632913195310988,mild
97,peak_height,0.07347600162029266,0.0688491516187787,0.06025262922048569,0.02884070407201031,0.04999494459480047,0.07538951933383942,0.041175886802375314,0.13321284651756282,0.025394574739038944,0.09203695971518751,1.0,1.0,-0.004626850001513957,-0.013223372399806976,0.013223372399806976,0.0001748575776239769,0.4081200115369894,0.30720179847631934,1.3285078849186793,1.0,15,0.8632913195310988,mild
97,cumulative_infected,1.067012893865467,1.1174762787658983,0.8274195993144531,0.793781011769484,0.5826136124233017,1.2907867055764655,0.4283560651485459,2.834740581142249,0.7081730931531638,2.406384515993703,1.0,1.0,0.05046338490043123,-0.23959329455101397,0.23959329455101397,0.05740494679380894,0.4081200115369894,0.30720179847631934,1.3285078849186793,1.0,15,0.8632913195310988,mild
97,early_growth_slope,-0.0007319789174722414,0.0008192832894166629,0.0007170836234720251,0.002104354511326692,-0.0005330244921857396,0.0023498024224647357,-0.002275346988227239,0.003926924014896419,0.0028828269146504754,0.006202271003123658,0.0,1.0,0.0015512622068889043,0.0014490625409442665,0.0014490625409442665,2.099782247567854e-06,0.4081200115369894,0.30720179847631934,1.3285078849186793,1.0,15,0.8632913195310988,mild
98,peak_time,12.0,12.94,13.0,0.8740940475946534,12.0,13.0,12.0,14.0,1.0,2.0,1.0,1.0,0.9399999999999995,1.0,1.0,1.0,0.613900441618489,0.07626255283908201,8.04982811044696,1.0,28,0.9755935342227535,mild
98,peak_height,0.6492443680763245,0.6403379476070404,0.6400757431983948,0.022937966145919916,0.6232681721448898,0.6540997624397278,0.6062822282314301,0.6738129943609238,0.03083159029483795,0.06753076612949371,1.0,1.0,-0.008906420469284027,-0.009168624877929688,0.009168624877929688,8.406368215219118e-05,0.613900441618489,0.07626255283908201,8.04982811044696,1.0,28,0.9755935342227535,mild
98,cumulative_infected,12.61044209357351,13.032260820604861,13.052964425645769,0.621430829171798,12.552719672210515,13.48430636455305,12.065738153457641,13.928369643120094,0.9315866923425347,1.8626314896624532,1.0,1.0,0.4218187270313507,0.442522332072258,0.442522332072258,0.19582601438266978,0.613900441618489,0.07626255283908201,8.04982811044696,1.0,28,0.9755935342227535,mild
98,early_growth_slope,0.03688339800352141,0.034843497863924926,0.03480351517819577,0.004478980023054914,0.031961430620867745,0.03799229584235165,0.02753779860268834,0.04110573988901228,0.006030865221483904,0.013567941286323944,1.0,1.0,-0.0020399001395964844,-0.0020798828253256393,0.0020798828253256393,4.325912567084564e-06,0.613900441618489,0.07626255283908201,8.04982811044696,1.0,28,0.9755935342227535,mild
99,peak_time,16.0,15.14,15.0,2.9916381783061583,13.0,18.0,11.0,19.0,5.0,8.0,1.0,1.0,-0.8599999999999994,-1.0,1.0,1.0,0.6747017885877465,0.41817530548063575,1.6134424480476397,1.0,21,0.8670895354018913,mild
99,peak_height,0.10630975663661957,0.10489966470748185,0.1038995161652565,0.017877487829273314,0.09263855405151844,0.11592347361147404,0.08067274801433086,0.13444117754697799,0.023284919559955597,0.05376842953264713,1.0,1.0,-0.0014100919291377134,-0.0024102404713630676,0.0024102404713630676,5.809259129796462e-06,0.6747017885877465,0.41817530548063575,1.6134424480476397,1.0,21,0.8670895354018913,mild
99,cumulative_infected,1.6619474217586685,1.5480027625252932,1.536708056635689,0.20690000361490074,1.4136305883002933,1.6890802359121153,1.260019459054456,1.9173783725564135,0.275449647611822,0.6573589135019575,1.0,1.0,-0.11394465923337527,-0.1252393651229795,0.1252393651229795,0.015684898576406977,0.6747017885877465,0.41817530548063575,1.6134424480476397,1.0,21,0.8670895354018913,mild
99,early_growth_slope,0.008120827193904135,0.003830435451319707,0.003728548269940628,0.0030247313061647057,0.001921393601237685,0.00573690878255071,-0.0009744879573450546,0.00903024270360003,0.0038155151813130247,0.010004730660945085,0.0,1.0,-0.004290391742584427,-0.004392278923963507,0.004392278923963507,1.929211414589402e-05,0.6747017885877465,0.41817530548063575,1.6134424480476397,1.0,21,0.8670895354018913,mild
