case_id,true_beta,true_gamma,true_R0,feature,observed_value,pred_mean,pred_median,pred_std,pred_ci50_low,pred_ci50_high,pred_ci90_low,pred_ci90_high,pred_width50,pred_width90,covered50,covered90,err_mean,err_median,abs_err_median,sq_err_median
0,0.26104133230789256,0.33796092457181953,0.7724009296004251,peak_time,47.0,26.45,26.0,15.748256276730315,13.0,41.25,2.0,48.05,28.25,46.05,0.0,1.0,-20.55,-21.0,21.0,441.0
0,0.26104133230789256,0.33796092457181953,0.7724009296004251,peak_height,0.0631975382566452,0.05918194506317377,0.05539078637957573,0.018940854559657015,0.04660459514707327,0.07058901526033878,0.03517920169979334,0.09007463417947292,0.023984420113265514,0.05489543247967958,1.0,1.0,-0.004015593193471431,-0.007806751877069473,0.007806751877069473,6.0945374870127744e-05
0,0.26104133230789256,0.33796092457181953,0.7724009296004251,cumulative_infected,0.6088357381104288,0.7844304727664713,0.6011676288690069,0.4766239857205631,0.4533097114399425,1.0189021781679912,0.3508298767425003,1.657197264910701,0.5655924667280487,1.3063673881682005,1.0,1.0,0.17559473465604247,-0.0076681092414219165,0.0076681092414219165,5.87998993383802e-05
0,0.26104133230789256,0.33796092457181953,0.7724009296004251,early_growth_slope,-0.002386730559270029,-0.0004002636504377552,-0.00036077961392168365,0.0023391989025197367,-0.0020392067658360144,0.0012565464495050299,-0.004305976991114824,0.0036111200516599977,0.0032957532153410443,0.007917097042774822,0.0,1.0,0.0019864669088322734,0.002025950945348345,0.002025950945348345,4.104477232957853e-06
1,0.23390829074336805,0.19213231880350112,1.2174333407311466,peak_time,26.0,29.71,29.5,13.450466553434143,20.75,42.25,6.95,48.0,21.5,41.05,1.0,1.0,3.710000000000001,3.5,3.5,12.25
1,0.23390829074336805,0.19213231880350112,1.2174333407311466,peak_height,0.06995556503534317,0.07393454659730196,0.06132083758711815,0.03634509240088237,0.048924089409410954,0.08518514037132263,0.039933924563229084,0.14507482051849366,0.03626105096191168,0.10514089595526457,1.0,1.0,0.0039789815619587915,-0.008634727448225021,0.008634727448225021,7.455851810513059e-05
1,0.23390829074336805,0.19213231880350112,1.2174333407311466,cumulative_infected,1.0979140613926575,1.2099170265988506,0.8441046869265847,0.9486570182607359,0.5490418721965398,1.585354232112877,0.3732211906753946,3.2130179272731767,1.0363123599163373,2.839796736597782,1.0,1.0,0.11200296520619313,-0.25380937446607277,0.25380937446607277,0.06441919856685915
1,0.23390829074336805,0.19213231880350112,1.2174333407311466,early_growth_slope,-0.0032581384875811628,0.0005505102443913491,0.0006575922570413067,0.0026867389296894553,-0.0014030399161995197,0.002599543433115331,-0.003744964744795908,0.005409105492400979,0.004002583349314851,0.009154070237196887,0.0,1.0,0.0038086487319725117,0.00391573074462247,0.00391573074462247,1.533294726438164e-05
2,0.4709300681629338,0.4296197493409783,1.0961555396029259,peak_time,7.0,23.83,23.0,14.817444673987032,11.75,35.0,1.9500000000000002,49.0,23.25,47.05,0.0,1.0,16.83,16.0,16.0,256.0
2,0.4709300681629338,0.4296197493409783,1.0961555396029259,peak_height,0.06679648905992508,0.05361794011667371,0.04873528704047203,0.016450168715718312,0.04449033085256815,0.05859895795583725,0.03511552624404431,0.089326536282897,0.0141086271032691,0.05421101003885269,0.0,1.0,-0.013178548943251371,-0.01806120201945305,0.01806120201945305,0.0003262070183874949
2,0.4709300681629338,0.4296197493409783,1.0961555396029259,cumulative_infected,0.566869409987703,0.6431091505204608,0.49944758194033056,0.43237598011723694,0.4061763335339492,0.6608117530413438,0.3161511577607598,1.6102458722889417,0.25463541950739454,1.2940947145281818,1.0,1.0,0.07623974053275784,-0.0674218280473724,0.0674218280473724,0.004545702897249451
2,0.4709300681629338,0.4296197493409783,1.0961555396029259,early_growth_slope,0.0035136446711562927,-0.0002119484876625197,-0.0003424861469760621,0.0022599322346032813,-0.002041407794292483,0.0009195083874233421,-0.0034808854627217853,0.003702962330550818,0.002960916181715825,0.007183847793272603,0.0,1.0,-0.0037255931588188124,-0.0038561308181323545,0.0038561308181323545,1.4869744886550102e-05
3,0.7161157027602989,0.10887303364351458,6.577530530701409,peak_time,10.0,11.2,11.0,0.8164965809277263,11.0,12.0,10.0,12.0,1.0,2.0,0.0,1.0,1.1999999999999993,1.0,1.0,1.0
3,0.7161157027602989,0.10887303364351458,6.577530530701409,peak_height,0.5754033327102661,0.5618316239118576,0.5607456862926483,0.02184519932825915,0.5462290346622467,0.5756342709064484,0.5267892837524414,0.5953445583581924,0.02940523624420166,0.06855527460575106,1.0,1.0,-0.013571708798408522,-0.014657646417617798,0.014657646417617798,0.00021484659850390386
3,0.7161157027602989,0.10887303364351458,6.577530530701409,cumulative_infected,8.930334949865937,8.978059209154454,8.956666687736288,0.41250599244145814,8.687550152244512,9.228315907996148,8.377221748180455,9.681374259515724,0.5407657557516359,1.3041525113352694,1.0,1.0,0.047724259288516535,0.02633173787035048,0.02633173787035048,0.0006933604192728496
3,0.7161157027602989,0.10887303364351458,6.577530530701409,early_growth_slope,0.04490967249009935,0.04330839612537948,0.04315895690316599,0.004476268374596337,0.04052676544476222,0.045376246771498,0.03648962939291127,0.051618921386987135,0.00484948132673578,0.015129291994075866,1.0,1.0,-0.001601276364719871,-0.001750715586933356,0.001750715586933356,3.0650050663314053e-06
4,0.8912560378449561,0.06082878979999215,14.651878506467856,peak_time,9.0,9.52,9.0,0.9154123649917549,9.0,10.0,8.0,11.0,1.0,3.0,1.0,1.0,0.5199999999999996,0.0,0.0,0.0
4,0.8912560378449561,0.06082878979999215,14.651878506467856,peak_height,0.7305667400360107,0.751581689119339,0.7537614107131958,0.024489292884248337,0.7342114895582199,0.7647635340690613,0.7139629989862442,0.7941720068454743,0.03055204451084137,0.08020900785923013,0.0,1.0,0.021014949083328238,0.02319467067718506,0.02319467067718506,0.0005379927478230684
4,0.8912560378449561,0.06082878979999215,14.651878506467856,cumulative_infected,15.38385815732181,15.617774980050745,15.733255215920508,0.6942350633345962,15.243645736947656,16.130709146149457,14.547245567734354,16.535889291483908,0.8870634092018008,1.9886437237495542,1.0,1.0,0.23391682272893455,0.3493970585986972,0.3493970585986972,0.12207830455742144
4,0.8912560378449561,0.06082878979999215,14.651878506467856,early_growth_slope,0.09765097625287514,0.08769316060866998,0.0900099513805582,0.010789580626612845,0.08097050935612059,0.09446621921822604,0.06739290245320825,0.10414439592831988,0.013495709862105451,0.03675149347511163,0.0,1.0,-0.009957815644205156,-0.007641024872316937,0.007641024872316937,5.838526109936606e-05
5,0.4651160728464041,0.06241267709577952,7.452269226212318,peak_time,16.0,17.19,17.0,1.3310207217080285,16.0,18.0,15.0,20.0,2.0,5.0,1.0,1.0,1.1900000000000013,1.0,1.0,1.0
5,0.4651160728464041,0.06241267709577952,7.452269226212318,peak_height,0.6442359089851379,0.6079074484109879,0.6077266335487366,0.02005645915562887,0.5911692529916763,0.6215651631355286,0.5777559995651245,0.6399649769067765,0.030395910143852234,0.06220897734165198,0.0,0.0,-0.03632846057415007,-0.03650927543640137,0.03650927543640137,0.0013329271928910202
5,0.4651160728464041,0.06241267709577952,7.452269226212318,cumulative_infected,14.484704890288413,14.505501156415702,14.628285250160843,0.6282421838677064,14.180930076632649,14.919084862689488,13.416460900846868,15.431473263911903,0.7381547860568389,2.0150123630650345,1.0,1.0,0.020796266127289798,0.14358035987243056,0.14358035987243056,0.02061531974109667
5,0.4651160728464041,0.06241267709577952,7.452269226212318,early_growth_slope,0.016362444414491095,0.015886638434153392,0.01596868252437118,0.0036122264645179966,0.013828515052972803,0.017852093478376484,0.009300241627941085,0.021494068011608233,0.004023578425403681,0.012193826383667148,1.0,1.0,-0.00047580598033770266,-0.0003937618901199147,0.0003937618901199147,1.5504842611080777e-07
6,0.6946274882314609,0.3172978150655035,2.1891971997602973,peak_time,14.0,12.22,12.0,1.322532006830424,11.0,13.0,10.0,15.0,2.0,5.0,0.0,1.0,-1.7799999999999994,-2.0,2.0,4.0
6,0.6946274882314609,0.3172978150655035,2.1891971997602973,peak_height,0.22603872418403625,0.2103950023651123,0.2089485600590706,0.016703294909635253,0.19988658651709557,0.21998849138617516,0.18384110629558564,0.2405628703534603,0.02010190486907959,0.05672176405787466,0.0,1.0,-0.015643721818923956,-0.017090164124965668,0.017090164124965668,0.00029207370981826353
6,0.6946274882314609,0.3172978150655035,2.1891971997602973,cumulative_infected,2.889296377717983,2.7834604064012183,2.777309073950164,0.16346274231385996,2.6735441553246346,2.8834410092094913,2.5191846685382187,3.0762460565951186,0.20989685388485668,0.5570613880569,0.0,1.0,-0.1058359713167647,-0.11198730376781896,0.11198730376781896,0.012541156205185758
6,0.6946274882314609,0.3172978150655035,2.1891971997602973,early_growth_slope,0.012476598034568482,0.01288235097193083,0.01273234167976105,0.0025772168302088923,0.011167017504617216,0.014486159404484729,0.009234375543781512,0.01743961037524665,0.0033191418998675132,0.008205234831465139,1.0,1.0,0.000405752937362348,0.00025574364519256876,0.00025574364519256876,6.54048120563825e-08
7,0.13622670936077855,0.1863216744141753,0.7311372108966753,peak_time,18.0,25.68,26.0,14.234600042988154,14.75,38.0,2.0,47.05,23.25,45.05,1.0,1.0,7.68,8.0,8.0,64.0
7,0.13622670936077855,0.1863216744141753,0.7311372108966753,peak_height,0.05140611529350281,0.0530832601338625,0.04965387098491192,0.018517373925434313,0.042900487780570984,0.05800372455269098,0.03633688278496265,0.07922894172370432,0.015103236772119999,0.042892058938741665,1.0,1.0,0.00167714484035969,-0.001752244308590889,0.001752244308590889,3.0703601169891626e-06
7,0.13622670936077855,0.1863216744141753,0.7311372108966753,cumulative_infected,0.5179562073899433,0.6300757543783948,0.4970565943222027,0.45015141451838225,0.4057262067653937,0.6786228188902896,0.305126335186651,1.1723409815778718,0.2728966121248959,0.8672146463912208,1.0,1.0,0.1121195469884515,-0.020899613067740574,0.020899613067740574,0.0004367938263812726
7,0.13622670936077855,0.1863216744141753,0.7311372108966753,early_growth_slope,-0.00021674994301671758,-0.00039930098424758247,-0.0005489153416073391,0.002303009440120257,-0.0018564384860967802,0.0013180160118887825,-0.004108846548756226,0.00294200368003831,0.0031744544979855627,0.007050850228794536,1.0,1.0,-0.0001825510412308649,-0.0003321653985906215,0.0003321653985906215,1.1033385202086645e-07
8,0.3722536022936096,0.10124220745681055,3.6768617718298096,peak_time,21.0,21.9,22.0,1.642245321798694,21.0,23.0,19.0,25.0,2.0,6.0,1.0,1.0,0.8999999999999986,1.0,1.0,1.0
8,0.3722536022936096,0.10124220745681055,3.6768617718298096,peak_height,0.43020814657211304,0.39705084145069125,0.3967309296131134,0.027996305464173785,0.37992358952760696,0.4183143600821495,0.3502397119998932,0.4371489480137825,0.03839077055454254,0.08690923601388933,0.0,1.0,-0.03315730512142179,-0.033477216958999634,0.033477216958999634,0.0011207240553199327
8,0.3722536022936096,0.10124220745681055,3.6768617718298096,cumulative_infected,9.014047164469957,9.185998412735625,9.254739419091493,0.5529943983682856,8.82528662297409,9.587536826569703,8.254529383801856,9.942525682452834,0.7622502035956131,1.6879962986509778,1.0,1.0,0.17195124826566754,0.24069225462153554,0.24069225462153554,0.0579327614347981
8,0.3722536022936096,0.10124220745681055,3.6768617718298096,early_growth_slope,0.005858646794444038,0.005844085874484897,0.005839512062569458,0.0024240084007030593,0.004527281321186041,0.007405633655642824,0.0015883622918322338,0.009537309852229163,0.0028783523344567833,0.00794894756039693,1.0,1.0,-1.4560919959140384e-05,-1.913473187457968e-05,1.913473187457968e-05,3.6613796391205563e-10
9,0.5287703502654783,0.17824031776002902,2.9666147194451242,peak_time,16.0,15.51,16.0,1.2672646116575637,15.0,16.0,14.0,18.0,1.0,4.0,1.0,1.0,-0.4900000000000002,0.0,0.0,0.0
9,0.5287703502654783,0.17824031776002902,2.9666147194451242,peak_height,0.32051903009414673,0.3156411150097847,0.31534072756767273,0.01938548387675647,0.3007231503725052,0.32799794524908066,0.28847445994615556,0.3503026470541954,0.02727479487657547,0.061828187108039834,1.0,1.0,-0.004877915084362028,-0.005178302526473999,0.005178302526473999,2.6814817055687e-05
9,0.5287703502654783,0.17824031776002902,2.9666147194451242,cumulative_infected,5.430846870876849,5.318150368925781,5.311849439749494,0.22671472824143685,5.162413486556034,5.473450090765255,4.941791228728834,5.627945788856596,0.31103660420922097,0.6861545601277612,1.0,1.0,-0.11269650195106795,-0.1189974311273545,0.1189974311273545,0.014160388614909479
9,0.5287703502654783,0.17824031776002902,2.9666147194451242,early_growth_slope,0.0094764467018346,0.01066070970021558,0.010576058400883558,0.002736826326642629,0.008250507266244052,0.012479543507565503,0.006531380963445241,0.015148411603877317,0.004229036241321451,0.008617030640432077,1.0,1.0,0.0011842629983809805,0.001099611699048958,0.001099611699048958,1.209145888685336e-06
10,0.4336181739742695,0.46234348235947054,0.9378701993621548,peak_time,3.0,19.34,15.0,15.64584044506153,6.0,32.0,0.0,46.05,26.0,46.05,0.0,1.0,16.34,12.0,12.0,144.0
10,0.4336181739742695,0.46234348235947054,0.9378701993621548,peak_height,0.05610832944512367,0.055320526324212554,0.04950397089123726,0.02365319779796936,0.04295805282890797,0.05913488380610943,0.034691874496638776,0.0980886075645685,0.016176830977201462,0.06339673306792973,1.0,1.0,-0.000787803120911118,-0.006604358553886414,0.006604358553886414,4.361755190829264e-05
10,0.4336181739742695,0.46234348235947054,0.9378701993621548,cumulative_infected,0.39121412369422615,0.6490482026531936,0.4841804761090316,0.5813037099751165,0.4106797812237346,0.5799245330272242,0.3208140771079343,1.414301411970518,0.16924475180348963,1.0934873348625835,0.0,1.0,0.2578340789589675,0.09296635241480544,0.09296635241480544,0.008642742681313802
10,0.4336181739742695,0.46234348235947054,0.9378701993621548,early_growth_slope,0.0016901648292938873,-0.0006371134201361062,-0.000642318959026375,0.0021744741430802434,-0.002347429511636228,0.0008342019765612874,-0.004345956652624796,0.0030154776068922634,0.0031816314881975153,0.007361434259517059,0.0,1.0,-0.0023272782494299935,-0.002332483788320262,0.002332483788320262,5.440480622776841e-06
11,0.7434204432409244,0.25901279450049325,2.8702074145588536,peak_time,12.0,10.73,11.0,0.9624778627914703,10.0,11.0,9.0,12.0,1.0,3.0,0.0,1.0,-1.2699999999999996,-1.0,1.0,1.0
11,0.7434204432409244,0.25901279450049325,2.8702074145588536,peak_height,0.31978899240493774,0.2983232508599758,0.29845890402793884,0.019530536410190123,0.286308616399765,0.31204287707805634,0.26788598448038103,0.3284344270825386,0.02573426067829132,0.06054844260215758,0.0,1.0,-0.021465741544961947,-0.0213300883769989,0.0213300883769989,0.0004549726701705836
11,0.7434204432409244,0.25901279450049325,2.8702074145588536,cumulative_infected,3.7838132828328526,3.68255270084378,3.6722847727069166,0.20833770620581551,3.5620796592047554,3.815234409790719,3.364585661003366,4.035022527277761,0.2531547505859635,0.6704368662743945,1.0,1.0,-0.1012605819890724,-0.11152851012593601,0.11152851012593601,0.012438608570911011
11,0.7434204432409244,0.25901279450049325,2.8702074145588536,early_growth_slope,0.02483115816444513,0.02353345053353092,0.023665189984188012,0.003452564842113625,0.0211783016205854,0.02525154814828142,0.01854877595157762,0.03021386313775153,0.004073246527696021,0.01166508718617391,1.0,1.0,-0.0012977076309142084,-0.0011659681802571181,0.0011659681802571181,1.3594817973720954e-06
12,0.1224658402487317,0.19272282725887424,0.6354506209284171,peak_time,4.0,18.91,17.0,14.013049473813885,6.75,28.5,0.0,45.05,21.75,45.05,0.0,1.0,14.91,13.0,13.0,169.0
12,0.1224658402487317,0.19272282725887424,0.6354506209284171,peak_height,0.05623853579163551,0.05313104594126344,0.04969692789018154,0.01826726639214387,0.04220358841121197,0.058912589214742184,0.03237326368689537,0.08447573781013487,0.016709000803530216,0.0521024741232395,1.0,1.0,-0.0031074898503720763,-0.006541607901453972,0.006541607901453972,4.279263393636504e-05
12,0.1224658402487317,0.19272282725887424,0.6354506209284171,cumulative_infected,0.7076292801648378,0.656978572222215,0.5104393855144735,0.4423364902533877,0.40845187776903913,0.7273667226872931,0.33339066131884465,1.3274483298941042,0.31891484491825395,0.9940576685752596,1.0,1.0,-0.05065070794262283,-0.1971898946503643,0.1971898946503643,0.03888385455222177
12,0.1224658402487317,0.19272282725887424,0.6354506209284171,early_growth_slope,0.0012496995519281232,6.927410077142261e-05,0.00013743886735201677,0.002291585958824753,-0.0014203021415769828,0.0016693796912607348,-0.0037105361954586184,0.003899537973172429,0.0030896818328377176,0.007610074168631048,1.0,1.0,-0.0011804254511567005,-0.0011122606845761064,0.0011122606845761064,1.237123830453709e-06
13,0.43488338800718196,0.36925289936635197,1.1777385871673687,peak_time,14.0,24.19,21.5,13.551022176212465,13.75,35.0,3.9000000000000004,47.0,21.25,43.1,1.0,1.0,10.190000000000001,7.5,7.5,56.25
13,0.43488338800718196,0.36925289936635197,1.1777385871673687,peak_height,0.06779959797859192,0.06553445620462299,0.05995619483292103,0.021185689201456026,0.051849134266376495,0.07440965063869953,0.039237205125391486,0.11116951741278171,0.022560516372323036,0.07193231228739022,1.0,1.0,-0.002265141773968929,-0.00784340314567089,0.00784340314567089,6.151897290552003e-05
13,0.43488338800718196,0.36925289936635197,1.1777385871673687,cumulative_infected,0.9435146416071802,0.9330810233523699,0.8060908067855053,0.5276585498845201,0.5454048408573726,1.1010901494883,0.4158134349010652,2.167026108257414,0.5556853086309275,1.751212673356349,1.0,1.0,-0.010433618254810373,-0.13742383482167497,0.13742383482167497,0.018885310377095007
13,0.43488338800718196,0.36925289936635197,1.1777385871673687,early_growth_slope,0.001739232257629434,0.00019835571740952197,9.675249956282222e-05,0.0028187176292453755,-0.0015108107671992564,0.0021869558508374864,-0.004663316134623786,0.004524839884002825,0.0036977666180367428,0.00918815601862661,1.0,1.0,-0.0015408765402199118,-0.0016424797580666117,0.0016424797580666117,2.6977397556585553e-06
14,0.33760116682295777,0.38950526911911587,0.8667435169399849,peak_time,48.0,19.16,14.0,15.202817389078136,5.75,32.25,1.0,46.05,26.5,45.05,0.0,0.0,-28.84,-34.0,34.0,1156.0
14,0.33760116682295777,0.38950526911911587,0.8667435169399849,peak_height,0.04037945345044136,0.052992518097162246,0.05005099065601826,0.016527197427153018,0.044426726177334785,0.058879392221570015,0.035593231581151484,0.07593454010784625,0.01445266604423523,0.04034130852669477,0.0,1.0,0.012613064646720885,0.009671537205576897,0.009671537205576897,9.353863191885817e-05
14,0.33760116682295777,0.38950526911911587,0.8667435169399849,cumulative_infected,0.4017287278547883,0.577368004428663,0.48634982353542,0.3788942039480522,0.4111381378652368,0.5960299357539043,0.3079575262370781,1.2307857352599967,0.1848917978886675,0.9228282090229185,0.0,1.0,0.17563927657387468,0.0846210956806317,0.0846210956806317,0.007160729834190625
14,0.33760116682295777,0.38950526911911587,0.8667435169399849,early_growth_slope,0.0011142436331803246,-0.0005160394026599874,-0.0009024764405607818,0.0022899782389961343,-0.002066294551782665,0.0007106155265189183,-0.0033746465353206483,0.003805545531464476,0.002776910078301583,0.0071801920667851245,0.0,1.0,-0.001630283035840312,-0.0020167200737411066,0.0020167200737411066,4.067159855830334e-06
15,0.24014623194594872,0.18875177779532132,1.2722859342090993,peak_time,38.0,26.27,29.0,15.081499135086544,14.25,40.0,1.0,47.0,25.75,46.0,1.0,1.0,-11.73,-9.0,9.0,81.0
15,0.24014623194594872,0.18875177779532132,1.2722859342090993,peak_height,0.06987942010164261,0.07286529881879687,0.05764743313193321,0.03993739029954342,0.045959060080349445,0.08469723537564278,0.03485344834625721,0.14943522438406942,0.03873817529529333,0.11458177603781221,1.0,1.0,0.002985878717154264,-0.012231986969709396,0.012231986969709396,0.00014962150522714046
15,0.24014623194594872,0.18875177779532132,1.2722859342090993,cumulative_infected,1.0018973483820446,1.2182486515376514,0.7246959862568474,1.0714247563069508,0.5061599098989973,1.7331948525970802,0.3873391279106727,3.5266681648965457,1.2270349426980829,3.139329036985873,1.0,1.0,0.2163513031556068,-0.2772013621251972,0.2772013621251972,0.0768405951640647
15,0.24014623194594872,0.18875177779532132,1.2722859342090993,early_growth_slope,0.002557890500784629,0.00011033278914640443,5.080640160789104e-05,0.002640187903938207,-0.001969071554153093,0.002120804893950533,-0.0039126700932337385,0.004492626047223373,0.004089876448103626,0.00840529614045711,0.0,1.0,-0.002447557711638225,-0.002507084099176738,0.002507084099176738,6.285470680344836e-06
16,0.5558721337538294,0.34769043692597607,1.5987558894873362,peak_time,19.0,17.79,18.0,3.479507105463315,16.0,20.0,12.0,23.0,4.0,11.0,1.0,1.0,-1.2100000000000009,-1.0,1.0,1.0
16,0.5558721337538294,0.34769043692597607,1.5987558894873362,peak_height,0.10788706690073013,0.11105676792562008,0.10832522064447403,0.016016722373817772,0.09908370487391949,0.11932197958230972,0.09040121845901013,0.13790027424693108,0.020238274708390236,0.04749905578792095,1.0,1.0,0.003169701024889948,0.0004381537437438965,0.0004381537437438965,1.919787031567921e-07
16,0.5558721337538294,0.34769043692597607,1.5987558894873362,cumulative_infected,2.0739501950447448,1.9650229527932062,1.948889652849175,0.2671540688798721,1.7669196116621606,2.091069828980835,1.6098652548156678,2.449313545830955,0.32415021731867455,0.8394482910152874,1.0,1.0,-0.1089272422515386,-0.12506054219556972,0.12506054219556972,0.015640139214249876
16,0.5558721337538294,0.34769043692597607,1.5987558894873362,early_growth_slope,0.0014688035894540104,0.002869990489570704,0.00261860467158147,0.0026085197711086723,0.0011691532258520875,0.004326532080691928,-0.0012007378569770853,0.007508744169969023,0.0031573788548398406,0.008709482026946108,1.0,1.0,0.0014011869001166936,0.0011498010821274598,0.0011498010821274598,1.3220425284614774e-06
17,0.3526782586844023,0.47013821182800947,0.7501586763456327,peak_time,12.0,23.21,22.5,15.721242786353587,9.0,37.25,1.0,47.0,28.25,46.0,1.0,1.0,11.21,10.5,10.5,110.25
17,0.3526782586844023,0.47013821182800947,0.7501586763456327,peak_height,0.0498083159327507,0.04988315960392356,0.04749472439289093,0.013250639468892279,0.042481676675379276,0.05354022514075041,0.03360842932015658,0.0768487513065338,0.011058548465371132,0.04324032198637723,1.0,1.0,7.48436711728584e-05,-0.0023135915398597717,0.0023135915398597717,5.35270581331071e-06
17,0.3526782586844023,0.47013821182800947,0.7501586763456327,cumulative_infected,0.3977742132046842,0.5642378474537872,0.47518695873441175,0.3068372922028285,0.39826747966435505,0.600894641072955,0.3052601178409532,1.0517726534968,0.20262716140859993,0.7465125356558467,0.0,1.0,0.16646363424910304,0.07741274552972754,0.07741274552972754,0.005992733170450352
17,0.3526782586844023,0.47013821182800947,0.7501586763456327,early_growth_slope,0.00022538045942339943,-0.0006154615193970252,-0.0008388712192841229,0.001974558265709113,-0.0018383855533015544,0.0004897526197878287,-0.003357828674017493,0.002357289837008076,0.002328138173089383,0.005715118511025569,1.0,1.0,-0.0008408419788204246,-0.0010642516787075223,0.0010642516787075223,1.1326316356317793e-06
18,0.7478025768606488,0.21541327843426833,3.471478556456931,peak_time,10.0,10.83,11.0,0.7792122414154677,10.0,11.0,9.95,12.0,1.0,2.0500000000000007,1.0,1.0,0.8300000000000001,1.0,1.0,1.0
18,0.7478025768606488,0.21541327843426833,3.471478556456931,peak_height,0.3660743236541748,0.34336822003126144,0.3411286473274231,0.018827959023890655,0.33083852380514145,0.3573564887046814,0.3147955432534218,0.37134087830781937,0.026517964899539948,0.05654533505439757,0.0,1.0,-0.022706103622913365,-0.02494567632675171,0.02494567632675171,0.0006222867673990606
18,0.7478025768606488,0.21541327843426833,3.471478556456931,cumulative_infected,4.458685578778386,4.3177707521304365,4.323036411675275,0.2117741113493171,4.184296705760062,4.461114683334017,3.9079481768334516,4.607409321260638,0.27681797757395543,0.6994611444271865,1.0,1.0,-0.14091482664794963,-0.1356491671031108,0.1356491671031108,0.01840069653576768
18,0.7478025768606488,0.21541327843426833,3.471478556456931,early_growth_slope,0.028823231102987408,0.027290967495568363,0.026894018796849103,0.0034712185846838667,0.025108622419620148,0.029568667768173667,0.022074253355718353,0.03335183586182427,0.004460045348553519,0.011277582506105915,1.0,1.0,-0.0015322636074190446,-0.0019292123061383053,0.0019292123061383053,3.7218601221554783e-06
19,0.521434840919132,0.08825338963705537,5.9083831574463925,peak_time,14.0,15.27,15.0,1.023511483851431,15.0,16.0,14.0,17.0,1.0,3.0,0.0,1.0,1.2699999999999996,1.0,1.0,1.0
19,0.521434840919132,0.08825338963705537,5.9083831574463925,peak_height,0.5410828590393066,0.5384857594966889,0.5351580083370209,0.020967069328793476,0.5230025053024292,0.5526792109012604,0.50384641289711,0.573274302482605,0.029676705598831177,0.06942788958549506,1.0,1.0,-0.0025970995426177756,-0.005924850702285767,0.005924850702285767,3.510385584437614e-05
19,0.521434840919132,0.08825338963705537,5.9083831574463925,cumulative_infected,10.787448616232723,10.906502992138849,10.899921041214839,0.5173902481268101,10.619228625437245,11.245264708995819,10.111671381699853,11.754999844083795,0.6260360835585743,1.6433284623839413,1.0,1.0,0.119054375906126,0.11247242498211563,0.11247242498211563,0.012650046381357628
19,0.521434840919132,0.08825338963705537,5.9083831574463925,early_growth_slope,0.01972058713103511,0.01864915660376417,0.019137359457090494,0.003221789675608148,0.016363580047341415,0.020915291615806162,0.013163946801380784,0.023205178460366793,0.0045517115684647474,0.01004123165898601,1.0,1.0,-0.0010714305272709404,-0.0005832276739446175,0.0005832276739446175,3.401545196548491e-07
20,0.5926120627390065,0.38644072787375394,1.533513473074211,peak_time,19.0,16.66,17.0,3.8276505967641676,14.0,19.0,11.0,23.0,5.0,12.0,1.0,1.0,-2.34,-2.0,2.0,4.0
20,0.5926120627390065,0.38644072787375394,1.533513473074211,peak_height,0.09728790819644928,0.10305054105818272,0.10407433658838272,0.01716451430944885,0.09010124951601028,0.11360192112624645,0.07705975137650967,0.12981049567461012,0.023500671610236168,0.05275074429810045,1.0,1.0,0.005762632861733438,0.006786428391933441,0.006786428391933441,4.605561031884031e-05
20,0.5926120627390065,0.38644072787375394,1.533513473074211,cumulative_infected,1.7249464243650436,1.6285251561765655,1.6031519717653282,0.22749490073744563,1.4729271587348194,1.7682894126628526,1.2526242070365696,2.017224232351873,0.29536225392803317,0.7646000253153034,1.0,1.0,-0.09642126818847818,-0.12179445259971544,0.12179445259971544,0.014833888684064331
20,0.5926120627390065,0.38644072787375394,1.533513473074211,early_growth_slope,0.004687518269444506,0.0034885887491327592,0.0037952190752895093,0.0031509380968135717,0.0016452453980621484,0.0054067756226729765,-0.001980456958630208,0.0077356989721357365,0.003761530224610828,0.009716155930765944,1.0,1.0,-0.0011989295203117464,-0.0008922991941549964,0.0008922991941549964,7.961978518896559e-07
21,0.5321014553406128,0.11412477554687266,4.662453466312153,peak_time,13.0,14.86,15.0,1.082645469265545,14.0,16.0,13.0,16.049999999999997,2.0,3.049999999999997,0.0,1.0,1.8599999999999994,2.0,2.0,4.0
21,0.5321014553406128,0.11412477554687266,4.662453466312153,peak_height,0.48659631609916687,0.46502952367067335,0.46496276557445526,0.022676156536483142,0.44941361993551254,0.47750531882047653,0.43271455764770506,0.5016714423894882,0.02809169888496399,0.06895688474178319,0.0,1.0,-0.02156679242849352,-0.02163355052471161,0.02163355052471161,0.00046801050830524993
21,0.5321014553406128,0.11412477554687266,4.662453466312153,cumulative_infected,8.451889157295227,8.496844234103355,8.475830250419676,0.38779941491616315,8.222351198317483,8.768539645243436,7.8708840684383174,9.156169543089344,0.546188446925953,1.285285474651027,1.0,1.0,0.044955076808127714,0.023941093124449253,0.023941093124449253,0.0005731759399935513
21,0.5321014553406128,0.11412477554687266,4.662453466312153,early_growth_slope,0.020201594103127715,0.016816996708793816,0.016673795833672293,0.0029460502840633917,0.014695180440195965,0.018946651502379345,0.01237339006260126,0.02158090665276783,0.00425147106218338,0.009207516590166569,0.0,1.0,-0.0033845973943338985,-0.003527798269455422,0.003527798269455422,1.2445360629972669e-05
22,0.2084934106096787,0.1333540507967998,1.5634576479973121,peak_time,34.0,41.34,43.0,6.856715354639236,38.75,46.25,28.95,48.05,7.5,19.099999999999998,0.0,1.0,7.340000000000003,9.0,9.0,81.0
22,0.2084934106096787,0.1333540507967998,1.5634576479973121,peak_height,0.11908446997404099,0.17773599732667208,0.18152862042188644,0.07009116634660945,0.12477694824337959,0.23683466017246246,0.06403721384704113,0.2884702324867249,0.11205771192908287,0.22443301863968373,0.0,1.0,0.0586515273526311,0.06244415044784546,0.06244415044784546,0.0038992719251531582
22,0.2084934106096787,0.1333540507967998,1.5634576479973121,cumulative_infected,2.510787629522383,3.963579956235335,4.183667630830314,1.737318907881201,2.7188674373319373,5.202889197815239,0.984568521672918,6.244384031355366,2.4840217604833015,5.259815509682448,0.0,1.0,1.4527923267129519,1.6728800013079308,1.6728800013079308,2.7985274987760227
22,0.2084934106096787,0.1333540507967998,1.5634576479973121,early_growth_slope,-0.0007124473562552807,0.0007282009921618742,0.0008596138037059323,0.0025776615617902924,-0.001311942940533515,0.0025500156786317047,-0.0032820858731394645,0.0048390036249267195,0.0038619586191652195,0.008121089498066184,1.0,1.0,0.0014406483484171548,0.001572061159961213,0.001572061159961213,2.4713762906585943e-06
23,0.35644454717898466,0.18694571601342214,1.9066740590803002,peak_time,27.0,25.99,26.0,2.702393252827814,24.0,28.0,22.0,31.0,4.0,9.0,1.0,1.0,-1.0100000000000016,-1.0,1.0,1.0
23,0.35644454717898466,0.18694571601342214,1.9066740590803002,peak_height,0.17668502032756805,0.18022253409028052,0.18061548471450806,0.017503232625087534,0.16900388896465302,0.18985772505402565,0.15041041746735573,0.21236813962459564,0.020853836089372635,0.06195772215723991,1.0,1.0,0.0035375137627124686,0.0039304643869400024,0.0039304643869400024,1.544855029700365e-05
23,0.35644454717898466,0.18694571601342214,1.9066740590803002,cumulative_infected,4.141939378809184,4.205400282942282,4.200914693530649,0.3057152161634418,4.035876073874533,4.424012238974683,3.6416424099181315,4.7068945878185335,0.3881361651001498,1.065252177900402,1.0,1.0,0.06346090413309824,0.05897531472146511,0.05897531472146511,0.0034780877464958594
23,0.35644454717898466,0.18694571601342214,1.9066740590803002,early_growth_slope,-0.0022832574558422133,0.001914783094764408,0.0019027449916826475,0.0026871427013995647,8.805597982635613e-05,0.0036922101488536486,-0.0023103834720261908,0.006094635200376311,0.0036041541690272926,0.008405018672402502,0.0,1.0,0.004198040550606621,0.00418600244752486,0.00418600244752486,1.752261649068412e-05
24,0.2044359991278471,0.13624858912710347,1.500463237363383,peak_time,44.0,34.85,34.0,7.065887607142338,30.0,40.0,24.0,45.05,10.0,21.049999999999997,0.0,1.0,-9.149999999999999,-10.0,10.0,100.0
24,0.2044359991278471,0.13624858912710347,1.500463237363383,peak_height,0.1130899116396904,0.14916559111326932,0.1426054611802101,0.050928256583987426,0.11403465457260609,0.1813562624156475,0.08160446956753731,0.23264688849449155,0.06732160784304142,0.15104241892695425,0.0,1.0,0.036075679473578925,0.029515549540519714,0.029515549540519714,0.0008711676646788735
24,0.2044359991278471,0.13624858912710347,1.500463237363383,cumulative_infected,2.3521354515105486,3.5200958156428532,3.3549400318879634,1.399314933570643,2.5948663391754963,4.54641010670457,1.548184475186281,5.7554255917559205,1.951543767529074,4.207241116569639,0.0,1.0,1.1679603641323046,1.0028045803774148,1.0028045803774148,1.005617026425923
24,0.2044359991278471,0.13624858912710347,1.500463237363383,early_growth_slope,-0.0011276065128012762,0.0015359031000428203,0.0016403444710054566,0.002533557880231935,-0.00015738280351451078,0.0033603403944653105,-0.00301887775754689,0.005760812206859726,0.0035177231979798213,0.008779689964406616,0.0,1.0,0.0026635096128440963,0.002767950983806733,0.002767950983806733,7.661552648756661e-06
25,0.4813573537933521,0.4416537705487209,1.0898975303557412,peak_time,25.0,21.59,19.5,13.537896678016361,11.0,32.25,2.95,47.0,21.25,44.05,1.0,1.0,-3.41,-5.5,5.5,30.25
25,0.4813573537933521,0.4416537705487209,1.0898975303557412,peak_height,0.07136845588684082,0.058789814412593844,0.05501196160912514,0.0211889926113808,0.0452942019328475,0.0660802535712719,0.03808499462902546,0.09328147545456886,0.020786051638424397,0.0551964808255434,0.0,1.0,-0.012578641474246977,-0.016356494277715683,0.016356494277715683,0.0002675349050569459
25,0.4813573537933521,0.4416537705487209,1.0898975303557412,cumulative_infected,0.7392160273739137,0.74149039247769,0.5553009122959338,0.5212683135022306,0.4468879717933305,0.9038799203772214,0.3401674822787754,1.843559082757565,0.4569919485838909,1.5033916004787895,1.0,1.0,0.0022743651037763213,-0.18391511507797986,0.18391511507797986,0.03382476955414657
25,0.4813573537933521,0.4416537705487209,1.0898975303557412,early_growth_slope,0.0012712266096579186,0.00018091036588538473,-1.8487707988935037e-05,0.0024523554550867637,-0.0014685170383364442,0.0014733176588682304,-0.003160212894934892,0.0050692245674629965,0.0029418346972046746,0.008229437462397888,1.0,1.0,-0.0010903162437725339,-0.0012897143176468537,0.0012897143176468537,1.6633630211432894e-06
26,0.2998324303454616,0.49081964377133586,0.6108810724070127,peak_time,20.0,25.11,26.5,14.81324482421803,10.75,38.0,1.9500000000000002,47.0,27.25,45.05,1.0,1.0,5.109999999999999,6.5,6.5,42.25
26,0.2998324303454616,0.49081964377133586,0.6108810724070127,peak_height,0.04538990929722786,0.05520428763702512,0.050986647605895996,0.019972005785177674,0.04246687702834606,0.06166348326951265,0.036343705467879774,0.08602711707353591,0.01919660624116659,0.04968341160565614,1.0,1.0,0.009814378339797258,0.005596738308668137,0.005596738308668137,3.1323479695713474e-05
26,0.2998324303454616,0.49081964377133586,0.6108810724070127,cumulative_infected,0.49734196200734004,0.6840758680235285,0.5216763879870996,0.5295853824351329,0.4197401990531944,0.6913048801798141,0.3438598860258935,1.4016293162188955,0.2715646811266197,1.057769430193002,1.0,1.0,0.18673390601618844,0.024334425979759544,0.024334425979759544,0.0005921642877643962
26,0.2998324303454616,0.49081964377133586,0.6108810724070127,early_growth_slope,-0.0030005029832301192,-0.0001707101090650682,-6.96819611004599e-05,0.002385607276543644,-0.001969242354832766,0.0014405532901513485,-0.0034971151907008027,0.003289868742251114,0.0034097956449841145,0.006786983932951917,0.0,1.0,0.002829792874165051,0.0029308210221296593,0.0029308210221296593,8.58971186375714e-06
27,0.2781742996858796,0.4000950847094884,0.6952704752368146,peak_time,48.0,22.5,23.0,15.667956104254584,8.75,34.25,1.0,47.05,25.5,46.05,0.0,0.0,-25.5,-25.0,25.0,625.0
27,0.2781742996858796,0.4000950847094884,0.6952704752368146,peak_height,0.03994287922978401,0.050036451369524004,0.04739322513341904,0.011320705162903247,0.04255343321710825,0.055720618925988674,0.03463461250066757,0.07086504511535167,0.013167185708880424,0.0362304326146841,0.0,1.0,0.010093572139739992,0.007450345903635025,0.007450345903635025,5.55076540838112e-05
27,0.2781742996858796,0.4000950847094884,0.6952704752368146,cumulative_infected,0.34200596224400215,0.5321076342853029,0.4742513768323988,0.21834426463272413,0.38929682400339516,0.6117242065156461,0.30867885987499905,0.955694641470836,0.22242738251225092,0.6470157815958371,0.0,1.0,0.1901016720413008,0.13224541458839667,0.13224541458839667,0.01748884967965692
27,0.2781742996858796,0.4000950847094884,0.6952704752368146,early_growth_slope,-0.0008865165069610588,-0.0008179480109988826,-0.0010509605330991595,0.002289622432545671,-0.0024278258488699225,0.0007751867732232707,-0.004335694191312149,0.002823278687754367,0.0032030126220931932,0.007158972879066515,1.0,1.0,6.856849596217625e-05,-0.00016444402613810072,0.00016444402613810072,2.704183773250835e-08
28,0.6096408130229753,0.18395625916772895,3.314053111218753,peak_time,14.0,13.56,14.0,1.0760946974963674,13.0,14.0,12.0,15.0,1.0,3.0,1.0,1.0,-0.4399999999999995,0.0,0.0,0.0
28,0.6096408130229753,0.18395625916772895,3.314053111218753,peak_height,0.35574740171432495,0.3342725878953934,0.33507275581359863,0.019709380628486248,0.3216654509305954,0.3461935520172119,0.30167576521635053,0.3627504423260689,0.024528101086616516,0.06107467710971837,0.0,1.0,-0.02147481381893157,-0.02067464590072632,0.02067464590072632,0.00042744098312041956
28,0.6096408130229753,0.18395625916772895,3.314053111218753,cumulative_infected,5.190705262444681,4.993518147855793,5.003498274658341,0.2512173600107874,4.828337162616663,5.1593674527684925,4.539463052659994,5.364671799098142,0.33103029015182983,0.8252087464381477,0.0,1.0,-0.19718711458888727,-0.1872069877863396,0.1872069877863396,0.035046456276034706
28,0.6096408130229753,0.18395625916772895,3.314053111218753,early_growth_slope,0.015328625793613137,0.016319254320923217,0.01636437766276122,0.002924671495360134,0.01421620519665469,0.018594968952432584,0.01188761157848473,0.021178325106545038,0.004378763755777894,0.009290713528060308,1.0,1.0,0.0009906285273100796,0.001035751869148083,0.001035751869148083,1.0727819344437477e-06
29,0.6143178831559122,0.051912736471525854,11.833664046834935,peak_time,14.0,13.56,13.0,1.1038957643663003,13.0,14.0,12.0,16.0,1.0,4.0,1.0,1.0,-0.4399999999999995,-1.0,1.0,1.0
29,0.6143178831559122,0.051912736471525854,11.833664046834935,peak_height,0.7205358743667603,0.7049039268493652,0.7048151195049286,0.018899463628032912,0.6908604949712753,0.720067024230957,0.6776999354362487,0.7328324675559997,0.0292065292596817,0.055132532119751,0.0,1.0,-0.01563194751739505,-0.015720754861831665,0.015720754861831665,0.00024714213342580393
29,0.6143178831559122,0.051912736471525854,11.833664046834935,cumulative_infected,17.038129964843392,16.4017373481486,16.461075104773045,0.4888871857659448,16.090476606274024,16.750363719067536,15.521655775851105,16.985852971556596,0.6598871127935126,1.4641971957054913,0.0,0.0,-0.636392616694792,-0.5770548600703478,0.5770548600703478,0.33299231153080866
29,0.6143178831559122,0.051912736471525854,11.833664046834935,early_growth_slope,0.04112074016371653,0.03598110585715317,0.036213305823150126,0.004817248361797563,0.03224892270892658,0.039693358132526974,0.028933234376988057,0.044429581847535204,0.00744443542360039,0.015496347470547147,0.0,1.0,-0.005139634306563362,-0.004907434340566404,0.004907434340566404,2.4082911806970413e-05
30,0.1993990036348921,0.26679029161045487,0.7473997739244501,peak_time,7.0,18.69,15.5,14.261408688407247,6.0,30.25,1.0,46.099999999999994,24.25,45.099999999999994,1.0,1.0,11.690000000000001,8.5,8.5,72.25
30,0.1993990036348921,0.26679029161045487,0.7473997739244501,peak_height,0.05566878616809845,0.054176039434969424,0.0523452702909708,0.013527033748224603,0.044650048948824406,0.060027807019650936,0.03714650273323059,0.07886100485920906,0.01537775807082653,0.04171450212597847,1.0,1.0,-0.001492746733129026,-0.0033235158771276474,0.0033235158771276474,1.1045757785519555e-05
30,0.1993990036348921,0.26679029161045487,0.7473997739244501,cumulative_infected,0.37113754776510177,0.5941533356822675,0.503863401550916,0.2833151701932847,0.4066587509587407,0.6811269832978724,0.34339155864727217,1.2221023702644742,0.27446823233913165,0.878710811617202,0.0,1.0,0.2230157879171657,0.13272585378581425,0.13272585378581425,0.017616152263173344
30,0.1993990036348921,0.26679029161045487,0.7473997739244501,early_growth_slope,0.004117993194432484,-1.5381010331717297e-05,0.00018056136399363431,0.002601956436436114,-0.001828631391910155,0.0015010823103477305,-0.0036299055273827543,0.004028693842285843,0.0033297137022578853,0.007658599369668598,0.0,0.0,-0.004133374204764202,-0.00393743183043885,0.00393743183043885,1.5503369419353036e-05
31,0.7500904723242207,0.06355899635420544,11.801483902358541,peak_time,11.0,11.13,11.0,0.8245598764789555,10.75,12.0,10.0,12.0,1.25,2.0,1.0,1.0,0.13000000000000078,0.0,0.0,0.0
31,0.7500904723242207,0.06355899635420544,11.801483902358541,peak_height,0.7248481512069702,0.7151473981142044,0.7148252725601196,0.01895834233580587,0.7033375054597855,0.7271710932254791,0.6856056839227677,0.7460943698883057,0.023833587765693665,0.060488685965538025,1.0,1.0,-0.009700753092765857,-0.010022878646850586,0.010022878646850586,0.00010045809636949343
31,0.7500904723242207,0.06355899635420544,11.801483902358541,cumulative_infected,14.602445891912794,15.038151988612954,15.026380172464997,0.6673543196746745,14.618411882256623,15.51289482077118,13.919429666968062,16.05667580408044,0.8944829385145567,2.1372461371123794,0.0,1.0,0.4357060967001605,0.42393428055220284,0.42393428055220284,0.17972027422731382
31,0.7500904723242207,0.06355899635420544,11.801483902358541,early_growth_slope,0.06676170934570974,0.06138902051644564,0.06129042845818079,0.0065116782584123695,0.05687510873290842,0.06599387326111483,0.0516879091427351,0.07257029463182246,0.00911876452820641,0.020882385489087364,0.0,1.0,-0.005372688829264102,-0.005471280887528948,0.005471280887528948,2.9934914550239554e-05
32,0.47038278656038435,0.38000368728446277,1.237837427109663,peak_time,18.0,23.54,24.0,11.763167992174608,15.0,31.25,2.95,45.14999999999999,16.25,42.19999999999999,1.0,1.0,5.539999999999999,6.0,6.0,36.0
32,0.47038278656038435,0.38000368728446277,1.237837427109663,peak_height,0.06270032376050949,0.06765396792441607,0.06288374960422516,0.021835002905971932,0.05247435066848993,0.07668234594166279,0.04096266254782677,0.11686845570802686,0.024207995273172855,0.07590579316020009,1.0,1.0,0.004953644163906576,0.00018342584371566772,0.00018342584371566772,3.364504014280456e-08
32,0.47038278656038435,0.38000368728446277,1.237837427109663,cumulative_infected,1.2337080296128988,1.0567207098471545,0.9262358181003947,0.5727188692023247,0.6695328572241124,1.2087125119724078,0.45258144588442517,2.4924596013035623,0.5391796547482954,2.039878155419137,0.0,1.0,-0.17698731976574433,-0.30747221151250415,0.30747221151250415,0.09453916085239009
32,0.47038278656038435,0.38000368728446277,1.237837427109663,early_growth_slope,0.0031713908094735373,0.0010044085822263093,0.0006366743390182302,0.002693670119300328,-0.0008782654012542301,0.002781858662187698,-0.003148197866886179,0.005634811842658866,0.0036601240634419278,0.008783009709545046,0.0,1.0,-0.002166982227247228,-0.002534716470455307,0.002534716470455307,6.424787585597409e-06
33,0.12715789225286286,0.24534034032281388,0.5182918230469196,peak_time,29.0,22.67,22.0,15.190410983860374,9.75,36.25,1.0,47.0,26.5,46.0,1.0,1.0,-6.329999999999998,-7.0,7.0,49.0
33,0.12715789225286286,0.24534034032281388,0.5182918230469196,peak_height,0.04507764056324959,0.050084300842136144,0.04869155213236809,0.012627637211561207,0.04123494774103165,0.05575775820761919,0.03371569998562336,0.06937396563589573,0.014522810466587543,0.03565826565027237,1.0,1.0,0.005006660278886556,0.0036139115691184998,0.0036139115691184998,1.3060356829408537e-05
33,0.12715789225286286,0.24534034032281388,0.5182918230469196,cumulative_infected,0.3521844963543117,0.5397163837573044,0.4562111270324749,0.2951577892673812,0.39449120972130913,0.6016103557631141,0.29217629101040077,0.9426554096949985,0.20711914604180492,0.6504791186845977,0.0,1.0,0.18753188740299265,0.1040266306781632,0.1040266306781632,0.010821539890250965
33,0.12715789225286286,0.24534034032281388,0.5182918230469196,early_growth_slope,-0.0017183012317954771,-0.00039845297084649997,-0.00016999731139679013,0.002340609345062948,-0.0021485663947671462,0.001047839086303222,-0.003844409348814568,0.003781472272281201,0.0031964054810703683,0.00762588162109577,1.0,1.0,0.001319848260948977,0.001548303920398687,0.001548303920398687,2.3972450299219436e-06
34,0.3489980370831465,0.24955422147062545,1.3984858081201659,peak_time,46.0,26.04,27.0,9.093143159834916,20.75,31.0,7.95,43.05,10.25,35.099999999999994,0.0,0.0,-19.96,-19.0,19.0,361.0
34,0.3489980370831465,0.24955422147062545,1.3984858081201659,peak_height,0.08434133231639862,0.09588676631450653,0.09059052914381027,0.03657539689628897,0.06997634656727314,0.11296901293098927,0.04657793454825878,0.1784306764602661,0.042992666363716125,0.13185274191200733,1.0,1.0,0.01154543399810791,0.006249196827411652,0.006249196827411652,3.905246098773185e-05
34,0.3489980370831465,0.24955422147062545,1.3984858081201659,cumulative_infected,1.8633175687864423,1.9513059278695164,1.8170142493618187,1.0301861591764663,1.17737205800222,2.4844912095577456,0.5673476738008958,4.160641126375412,1.3071191515555256,3.5932934525745166,1.0,1.0,0.08798835908307412,-0.046303319424623623,0.046303319424623623,0.0021439973897387273
34,0.3489980370831465,0.24955422147062545,1.3984858081201659,early_growth_slope,0.0009858545492447551,0.0010982674376562266,0.0011508089609421968,0.002656305262254836,-0.0009143937947685886,0.0027153088650222687,-0.0027638122555799743,0.004950621735718283,0.003629702659790857,0.007714433991298257,1.0,1.0,0.00011241288841147144,0.0001649544116974417,0.0001649544116974417,2.7209957938449087e-08
35,0.46567951037574384,0.3470469640855218,1.3418342719200036,peak_time,16.0,20.39,20.0,8.330175159131901,16.75,24.0,6.95,35.0,7.25,28.05,0.0,1.0,4.390000000000001,4.0,4.0,16.0
35,0.46567951037574384,0.3470469640855218,1.3418342719200036,peak_height,0.08432810008525848,0.0820914925262332,0.07924830913543701,0.022566046639613285,0.06569944322109222,0.09398180432617664,0.053777446411550044,0.12192248702049255,0.02828236110508442,0.0681450406089425,1.0,1.0,-0.002236607559025286,-0.005079790949821472,0.005079790949821472,2.5804276093888134e-05
35,0.46567951037574384,0.3470469640855218,1.3418342719200036,cumulative_infected,1.5888501808512956,1.4763857506206113,1.3931863309117034,0.524857478361976,1.0772294958151178,1.8161594577832147,0.7522850088309496,2.54866969732102,0.7389299619680969,1.7963846884900703,1.0,1.0,-0.11246443023068431,-0.19566384993959218,0.19566384993959218,0.038284342173183245
35,0.46567951037574384,0.3470469640855218,1.3418342719200036,early_growth_slope,-8.570778715823272e-05,0.0012641061510789986,0.0013076202359072686,0.002714950518490176,-0.0006141131896237347,0.003075615546029959,-0.0031397874589033747,0.00585901861791388,0.0036897287356536935,0.008998806076817256,1.0,1.0,0.0013498139382372312,0.0013933280230655012,0.0013933280230655012,1.941362979859618e-06
36,0.7812357590728344,0.05889062290306812,13.265876986200686,peak_time,11.0,10.81,11.0,0.9395356686828195,10.0,11.0,10.0,12.049999999999997,1.0,2.049999999999997,1.0,1.0,-0.1899999999999995,0.0,0.0,0.0
36,0.7812357590728344,0.05889062290306812,13.265876986200686,peak_height,0.7399719953536987,0.7291018348932267,0.729668378829956,0.022654948950609148,0.7130552977323532,0.7457886189222336,0.6906508177518844,0.7679366201162339,0.03273332118988037,0.07728580236434945,1.0,1.0,-0.010870160460472067,-0.010303616523742676,0.010303616523742676,0.0001061645134683431
36,0.7812357590728344,0.05889062290306812,13.265876986200686,cumulative_infected,15.663052186369896,15.516482473179295,15.57427787128836,0.7361016762426404,15.144077150383964,16.018105438444763,14.086095985630527,16.585697757499293,0.8740282880607992,2.4996017718687664,1.0,1.0,-0.1465697131906012,-0.08877431508153677,0.08877431508153677,0.007880879018195966
36,0.7812357590728344,0.05889062290306812,13.265876986200686,early_growth_slope,0.07142736430146863,0.06902973736273883,0.06961413666362029,0.009247284793801071,0.061285547213628874,0.0764124277047813,0.05307778982955606,0.08258834204780645,0.01512688049115242,0.029510552218250385,1.0,1.0,-0.002397626938729802,-0.0018132276378483442,0.0018132276378483442,3.287794466657086e-06
37,0.6733773015035049,0.20930232441397023,3.2172471251282446,peak_time,11.0,12.09,12.0,0.9000000000000001,12.0,13.0,11.0,14.0,1.0,3.0,0.0,1.0,1.0899999999999999,1.0,1.0,1.0
37,0.6733773015035049,0.20930232441397023,3.2172471251282446,peak_height,0.3488157391548157,0.3295464304089546,0.3270552307367325,0.01774273015249344,0.3158165216445923,0.3417622596025467,0.3035935804247856,0.35751005411148074,0.025945737957954407,0.05391647368669511,0.0,1.0,-0.01926930874586108,-0.02176050841808319,0.02176050841808319,0.0004735197266134694
37,0.6733773015035049,0.20930232441397023,3.2172471251282446,cumulative_infected,4.683054456487298,4.5249182937648404,4.51624346349854,0.19444165671559294,4.412878350311075,4.638825753121637,4.1837919497862455,4.847022458730498,0.22594740281056147,0.6632305089442525,0.0,1.0,-0.15813616272245756,-0.1668109929887578,0.1668109929887578,0.0278259073818954
37,0.6733773015035049,0.20930232441397023,3.2172471251282446,early_growth_slope,0.02660667559220677,0.019697511088379537,0.019576897345749394,0.003531969932236029,0.017657023361174473,0.02237700665136799,0.01321237121786301,0.02552337803416386,0.0047199832901935156,0.01231100681630085,0.0,0.0,-0.006909164503827232,-0.007029778246457376,0.007029778246457376,4.9417782194365334e-05
38,0.5423582196947079,0.40051617601844725,1.3541481022971906,peak_time,16.0,19.08,18.0,6.750503161194203,15.75,21.25,10.0,31.14999999999999,5.5,21.14999999999999,1.0,1.0,3.0799999999999983,2.0,2.0,4.0
38,0.5423582196947079,0.40051617601844725,1.3541481022971906,peak_height,0.07062920182943344,0.07677158512175083,0.07449135929346085,0.018038858753930624,0.06513611041009426,0.0868119839578867,0.052413434535264966,0.11200839728116989,0.021675873547792435,0.05959496274590492,1.0,1.0,0.006142383292317394,0.003862157464027405,0.003862157464027405,1.4916260276942594e-05
38,0.5423582196947079,0.40051617601844725,1.3541481022971906,cumulative_infected,1.36698252777569,1.2336784107337644,1.2185040951007977,0.34703840680759496,0.9894555127830245,1.3922818696846662,0.8164377627632348,1.8268584548175566,0.4028263569016417,1.0104206920543217,1.0,1.0,-0.13330411704192557,-0.14847843267489225,0.14847843267489225,0.02204584496959251
38,0.5423582196947079,0.40051617601844725,1.3541481022971906,early_growth_slope,-0.000428274794969532,0.0014486007129914929,0.001450202588568487,0.0026208607514255763,-0.00012117615690277326,0.0033130907007337847,-0.0029251623036370363,0.004817438910998003,0.0034342668576365577,0.007742601214635039,0.0,1.0,0.0018768755079610249,0.001878477383538019,0.001878477383538019,3.5286772804638415e-06
39,0.4816381872500274,0.416975220170747,1.1550762825973244,peak_time,45.0,20.68,19.0,13.570526589605574,10.5,30.0,1.0,47.0,19.5,46.0,0.0,1.0,-24.32,-26.0,26.0,676.0
39,0.4816381872500274,0.416975220170747,1.1550762825973244,peak_height,0.05336311459541321,0.05760232975706458,0.053404537960886955,0.02185177406926275,0.04546612501144409,0.06297669932246208,0.037467651255428794,0.08907190486788748,0.01751057431101799,0.051604253612458684,1.0,1.0,0.00423921516165137,4.1423365473747253e-05,4.1423365473747253e-05,1.715895207171636e-09
39,0.4816381872500274,0.416975220170747,1.1550762825973244,cumulative_infected,0.8399499173974618,0.7295290711953203,0.6078242504154332,0.5132552079247705,0.46189931785920635,0.7794035526458174,0.3376689588476438,1.2830291450605726,0.31750423478661105,0.9453601862129288,0.0,1.0,-0.11042084620214154,-0.23212566698202863,0.23212566698202863,0.05388232527185166
39,0.4816381872500274,0.416975220170747,1.1550762825973244,early_growth_slope,0.00033840426892441366,0.0001706160029278273,0.00041874556336552,0.0027349123330517176,-0.001726746369708312,0.002046674423192079,-0.004121137598329884,0.004324033065876434,0.003773420792900391,0.008445170664206319,1.0,1.0,-0.00016778826599658634,8.034129444110637e-05,8.034129444110637e-05,6.454723592472549e-09
40,0.36003640245126245,0.38110002290376493,0.944729416986098,peak_time,8.0,21.9,20.0,14.069452546190094,11.75,34.0,0.0,45.099999999999994,22.25,45.099999999999994,0.0,1.0,13.899999999999999,12.0,12.0,144.0
40,0.36003640245126245,0.38110002290376493,0.944729416986098,peak_height,0.07446485757827759,0.052974113654345276,0.04980086907744408,0.015536603011615092,0.0436913063749671,0.05766710638999939,0.03236513687297702,0.08400406166911124,0.013975800015032291,0.051638924796134224,0.0,1.0,-0.021490743923932312,-0.02466398850083351,0.02466398850083351,0.0006083123287692477
40,0.36003640245126245,0.38110002290376493,0.944729416986098,cumulative_infected,0.587364353123121,0.5931502143762555,0.5012984857594347,0.31850893774249817,0.41017810071934946,0.6671546570432838,0.28403443336792406,1.1599534545370258,0.25697655632393435,0.8759190211691017,1.0,1.0,0.005785861253134517,-0.08606586736368627,0.08606586736368627,0.007407333525063637
40,0.36003640245126245,0.38110002290376493,0.944729416986098,early_growth_slope,0.004319672467231394,-0.0003144524035278223,-0.0004444911998386181,0.0024051014612694807,-0.0017095499344924004,0.0012951066379346659,-0.004594815621385347,0.0031850109860811016,0.0030046565724270663,0.007779826607466449,0.0,0.0,-0.004634124870759216,-0.004764163667070012,0.004764163667070012,2.2697255446629984e-05
41,0.3279585304586401,0.34466760711802574,0.9515211864581637,peak_time,33.0,21.66,21.0,13.943768746959586,10.0,33.0,2.0,45.0,23.0,43.0,1.0,1.0,-11.34,-12.0,12.0,144.0
41,0.3279585304586401,0.34466760711802574,0.9515211864581637,peak_height,0.055912286043167114,0.05275965623557568,0.04977034404873848,0.01472623819734235,0.04330714140087366,0.05847493279725313,0.03702424988150597,0.07672238126397132,0.01516779139637947,0.039698131382465356,1.0,1.0,-0.0031526298075914352,-0.006141941994428635,0.006141941994428635,3.7723451462925994e-05
41,0.3279585304586401,0.34466760711802574,0.9515211864581637,cumulative_infected,0.5530674854526296,0.6035288262328732,0.4732885355479084,0.37120926504455914,0.403688584905467,0.6612543941373588,0.31808040734322274,1.2819054566673003,0.25756580923189176,0.9638250493240775,1.0,1.0,0.05046134078024356,-0.07977894990472123,0.07977894990472123,0.0063646808479000195
41,0.3279585304586401,0.34466760711802574,0.9515211864581637,early_growth_slope,0.0028357074701315936,-0.0005468195862998802,-0.0007126917872006912,0.0023982797720762646,-0.0020489460668094176,0.001009008250202031,-0.004208449597215454,0.003466416802673067,0.0030579543170114487,0.0076748663998885205,0.0,1.0,-0.003382527056431474,-0.0035483992573322846,0.0035483992573322846,1.259113728943631e-05
42,0.7708182883534775,0.2669934652670588,2.887030540550761,peak_time,11.0,10.44,10.0,0.9777318630174615,10.0,11.0,9.0,12.0,1.0,3.0,1.0,1.0,-0.5600000000000005,-1.0,1.0,1.0
42,0.7708182883534775,0.2669934652670588,2.887030540550761,peak_height,0.32788199186325073,0.28854011312127115,0.28724880516529083,0.01692164230226657,0.27645376324653625,0.30086173117160797,0.26384270936250687,0.31672483086586,0.024407967925071716,0.05288212150335314,0.0,0.0,-0.039341878741979586,-0.0406331866979599,0.0406331866979599,0.0016510558612312654
42,0.7708182883534775,0.2669934652670588,2.887030540550761,cumulative_infected,3.520777338242624,3.4303767239416127,3.433367890189402,0.17549602027725972,3.315017314016586,3.5486294058864587,3.1190115379722556,3.737296414840966,0.23361209186987253,0.6182848768687106,1.0,1.0,-0.0904006143010112,-0.08740944805322215,0.08740944805322215,0.007640411608968942
42,0.7708182883534775,0.2669934652670588,2.887030540550761,early_growth_slope,0.026126663685621068,0.023686040939854647,0.023541723481944894,0.0037399588121233844,0.021260396038304034,0.026234506377174206,0.018087422006785692,0.03012627947429704,0.004974110338870172,0.012038857467511349,1.0,1.0,-0.0024406227457664208,-0.002584940203676174,0.002584940203676174,6.68191585658142e-06
43,0.3389758697080852,0.14313937489326495,2.3681525084264905,peak_time,29.0,25.43,25.0,2.466973772856046,24.0,27.0,21.0,30.0,3.0,9.0,0.0,1.0,-3.5700000000000003,-4.0,4.0,16.0
43,0.3389758697080852,0.14313937489326495,2.3681525084264905,peak_height,0.22559675574302673,0.23024506166577338,0.2300553023815155,0.01620369113863435,0.2190530076622963,0.24184579402208328,0.2039669781923294,0.2541250213980675,0.022792786359786987,0.05015804320573808,1.0,1.0,0.004648305922746648,0.0044585466384887695,0.0044585466384887695,1.9878638127579507e-05
43,0.3389758697080852,0.14313937489326495,2.3681525084264905,cumulative_infected,5.491092573851347,5.4136234663650615,5.458111462998204,0.2955169979197216,5.198454754863633,5.626949806464836,4.944811519177165,5.838069217768497,0.42849505160120316,0.8932576985913325,1.0,1.0,-0.07746910748628544,-0.032981110853143036,0.032981110853143036,0.0010877536731073094
43,0.3389758697080852,0.14313937489326495,2.3681525084264905,early_growth_slope,0.004072252527943678,0.0033985983550961197,0.0032635179273451543,0.002433864066689564,0.0017660708870694405,0.005319838882271488,-0.0006099642081175082,0.007332256634440236,0.0035537679952020477,0.007942220842557744,1.0,1.0,-0.000673654172847558,-0.0008087346005985234,0.0008087346005985234,6.540516542052531e-07
44,0.2274875291375127,0.2485028523930618,0.9154322654521938,peak_time,1.0,21.48,19.5,13.88879353502621,10.75,32.0,2.0,44.14999999999999,21.25,42.14999999999999,0.0,0.0,20.48,18.5,18.5,342.25
44,0.2274875291375127,0.2485028523930618,0.9154322654521938,peak_height,0.046457380056381226,0.058089717030525206,0.053630655631422997,0.016546318153161394,0.04597574379295111,0.06743080541491508,0.03854360748082399,0.09445495195686816,0.021455061621963978,0.05591134447604417,1.0,1.0,0.01163233697414398,0.007173275575041771,0.007173275575041771,5.145588247549085e-05
44,0.2274875291375127,0.2485028523930618,0.9154322654521938,cumulative_infected,0.5348541457206011,0.6853303184935067,0.5405914658476831,0.34655228864435667,0.4341034446260892,0.878130426761345,0.36673959630861647,1.3753178064478562,0.4440269821352558,1.0085782101392398,1.0,1.0,0.1504761727729056,0.005737320127082057,0.005737320127082057,3.2916842240620876e-05
44,0.2274875291375127,0.2485028523930618,0.9154322654521938,early_growth_slope,-0.0016461932211227336,0.0003149798773856245,0.00017329644123535858,0.0024797317839838737,-0.0013988085278729794,0.0017614965112270075,-0.0031161763672051647,0.004538467189801543,0.0031603050390999867,0.007654643557006708,0.0,1.0,0.0019611730985083582,0.0018194896623580923,0.0018194896623580923,3.3105426314279647e-06
45,0.8184391542398534,0.2660594057653985,3.076151928872318,peak_time,11.0,10.36,10.0,0.9589556609124112,10.0,11.0,9.0,12.0,1.0,3.0,1.0,1.0,-0.6400000000000006,-1.0,1.0,1.0
45,0.8184391542398534,0.2660594057653985,3.076151928872318,peak_height,0.34030529856681824,0.3056861740350723,0.3044140338897705,0.01934903025958846,0.29270318150520325,0.31931156665086746,0.27358977645635607,0.33749231696128845,0.026608385145664215,0.06390254050493238,0.0,0.0,-0.034619124531745926,-0.03589126467704773,0.03589126467704773,0.001288182880117894
45,0.8184391542398534,0.2660594057653985,3.076151928872318,cumulative_infected,3.7311399444006383,3.6284260838581757,3.611980333123938,0.18300566800351067,3.4883967981513706,3.748389522836078,3.3560171731049193,3.949555770907318,0.25999272468470735,0.5935385978023988,1.0,1.0,-0.10271386054246268,-0.11915961127670016,0.11915961127670016,0.014199012959614288
45,0.8184391542398534,0.2660594057653985,3.076151928872318,early_growth_slope,0.028963341821162465,0.026098195331215185,0.026178318092466457,0.00394386277585629,0.023454973091637445,0.028937925121569136,0.019312853553094006,0.03173355750041082,0.005482952029931692,0.012420703947316813,0.0,1.0,-0.0028651464899472796,-0.0027850237286960074,0.0027850237286960074,7.756357169399811e-06
46,0.9926285955661559,0.07283010573586705,13.62937188593577,peak_time,8.0,8.6,8.0,0.7654139963827326,8.0,9.0,8.0,10.0,1.0,2.0,1.0,1.0,0.5999999999999996,0.0,0.0,0.0
46,0.9926285955661559,0.07283010573586705,13.62937188593577,peak_height,0.7476711869239807,0.7353891694545746,0.7354663908481598,0.025043077288466737,0.7203672379255295,0.7514364868402481,0.6944587379693985,0.7715484440326691,0.031069248914718628,0.07708970606327059,1.0,1.0,-0.012282017469406159,-0.012204796075820923,0.012204796075820923,0.0001489570472523738
46,0.9926285955661559,0.07283010573586705,13.62937188593577,cumulative_infected,13.213250544853508,13.483855602802578,13.528494429308921,0.6811538739860171,13.078289675991982,13.931351900320806,12.257607767148874,14.550565878907218,0.8530622243288235,2.2929581117583435,1.0,1.0,0.2706050579490693,0.3152438844554126,0.3152438844554126,0.09937870668653755
46,0.9926285955661559,0.07283010573586705,13.62937188593577,early_growth_slope,0.11183475989050094,0.10174511599724025,0.10458684033559011,0.01044170190477844,0.09834158844092769,0.1082156815100461,0.08540206679996723,0.11284096490992285,0.009874093069118406,0.027438898109955617,0.0,1.0,-0.010089643893260697,-0.007247919554910831,0.007247919554910831,5.253233787445882e-05
47,0.24379912505795193,0.2946133044798894,0.8275224552005725,peak_time,3.0,23.8,23.0,14.867087913586271,12.0,37.0,1.0,46.0,25.0,45.0,0.0,1.0,20.8,20.0,20.0,400.0
47,0.24379912505795193,0.2946133044798894,0.8275224552005725,peak_height,0.04981435835361481,0.053970237262547016,0.0509923342615366,0.018800600148163902,0.04304932989180088,0.05909078475087881,0.036634020321071145,0.08045682460069654,0.01604145485907793,0.0438228042796254,1.0,1.0,0.004155878908932209,0.001177975907921791,0.001177975907921791,1.387627239644168e-06
47,0.24379912505795193,0.2946133044798894,0.8275224552005725,cumulative_infected,0.5190459119112347,0.6144272012872466,0.49931577219831524,0.4919263923463468,0.41946969197306316,0.6384310419089161,0.3489991562288196,1.1299446008866652,0.21896134993585292,0.7809454446578455,1.0,1.0,0.09538128937601187,-0.01973013971291948,0.01973013971291948,0.00038927841309132244
47,0.24379912505795193,0.2946133044798894,0.8275224552005725,early_growth_slope,0.00151566683364633,-0.0002345491786018961,-0.00039964071419533497,0.0020202460412724246,-0.001747319811242743,0.001059201205602481,-0.003112423459242562,0.003327951207064047,0.002806521016845224,0.006440374666306609,0.0,1.0,-0.001750216012248226,-0.001915307547841665,0.001915307547841665,3.668403002819252e-06
48,0.5531394647235442,0.1120566970881251,4.936246374355806,peak_time,13.0,14.45,15.0,1.1225422086055428,14.0,15.0,13.0,16.0,1.0,3.0,0.0,1.0,1.4499999999999993,2.0,2.0,4.0
48,0.5531394647235442,0.1120566970881251,4.936246374355806,peak_height,0.4873350262641907,0.4857393300533295,0.4841974228620529,0.02064106190751327,0.47052808105945587,0.5003920495510101,0.45300155878067017,0.51989144384861,0.02986396849155426,0.0668898850679398,1.0,1.0,-0.0015956962108611972,-0.0031376034021377563,0.0031376034021377563,9.844555109106423e-06
48,0.5531394647235442,0.1120566970881251,4.936246374355806,cumulative_infected,8.697037941776216,8.841751703008194,8.84675640752539,0.3719029222682966,8.588971271063201,9.136081643402576,8.187470946901886,9.461489139962941,0.5471103723393753,1.274018193061055,1.0,1.0,0.1447137612319782,0.14971846574917436,0.14971846574917436,0.022415618986286696
48,0.5531394647235442,0.1120566970881251,4.936246374355806,early_growth_slope,0.017321206196876507,0.01959227918949355,0.019387650170496526,0.003431168887055975,0.017194140244793654,0.021667060400691943,0.013952227557698883,0.025215731145137737,0.004472920155898289,0.011263503587438854,1.0,1.0,0.002271072992617043,0.002066443973620019,0.002066443973620019,4.270190696110494e-06
49,0.27698327655329347,0.46411562948732255,0.5967979937656018,peak_time,14.0,23.4,23.0,15.747374320177888,9.0,38.25,1.0,48.0,29.25,47.0,1.0,1.0,9.399999999999999,9.0,9.0,81.0
49,0.27698327655329347,0.46411562948732255,0.5967979937656018,peak_height,0.03982096165418625,0.049810365121811626,0.04743911139667034,0.011719485909479948,0.041740274988114834,0.055251115933060646,0.034665579162538054,0.07302472069859504,0.013510840944945812,0.03835914153605699,0.0,1.0,0.009989403467625377,0.007618149742484093,0.007618149742484093,5.803620549891045e-05
49,0.27698327655329347,0.46411562948732255,0.5967979937656018,cumulative_infected,0.3084306470445881,0.5284533312459826,0.46079884764913004,0.22084277733140364,0.4039040374191245,0.6057886858234269,0.31749926824631985,0.9027374312048777,0.20188464840430242,0.5852381629585579,0.0,0.0,0.22002268420139448,0.15236820060454193,0.15236820060454193,0.02321606855546593
49,0.27698327655329347,0.46411562948732255,0.5967979937656018,early_growth_slope,-0.0001631690011847583,-0.0003525873466649148,-0.0003009999040625103,0.002222693750103926,-0.0013063612856231395,0.0011079850373356577,-0.004836978197826756,0.0025222535400340933,0.0024143463229587972,0.00735923173786085,1.0,1.0,-0.00018941834548015648,-0.00013783090287775197,0.00013783090287775197,1.8997357788096298e-08
50,0.8135307289042578,0.16932841448463828,4.804454889513316,peak_time,9.0,9.75,10.0,0.7703468981143128,9.0,10.0,9.0,11.0,1.0,2.0,1.0,1.0,0.75,1.0,1.0,1.0
50,0.8135307289042578,0.16932841448463828,4.804454889513316,peak_height,0.49192652106285095,0.4735084408521652,0.47382986545562744,0.021664691160648744,0.46092964708805084,0.4879816398024559,0.4398451134562492,0.49949625730514524,0.02705199271440506,0.05965114384889603,0.0,1.0,-0.01841808021068575,-0.01809665560722351,0.01809665560722351,0.00032748894416645413
50,0.8135307289042578,0.16932841448463828,4.804454889513316,cumulative_infected,6.047448432771489,6.016638482007973,6.025891755823977,0.26110929971918273,5.829152053287544,6.177636303618783,5.63404414048382,6.453785742586478,0.3484842503312393,0.819741602102658,1.0,1.0,-0.030809950763516447,-0.021556676947511733,0.021556676947511733,0.00046469032101938374
50,0.8135307289042578,0.16932841448463828,4.804454889513316,early_growth_slope,0.05148484815089474,0.04807995730377677,0.048915716341330795,0.005616177830486393,0.043994601056467554,0.051317384339026384,0.03910780564710009,0.05668431126707997,0.00732278328255883,0.01757650561997988,0.0,1.0,-0.0034048908471179737,-0.002569131809563946,0.002569131809563946,6.600438254913315e-06
51,0.14485071739050587,0.20677849919336577,0.7005115036406707,peak_time,17.0,21.43,20.5,15.339428959647774,8.0,35.0,0.0,46.0,27.0,46.0,1.0,1.0,4.43,3.5,3.5,12.25
51,0.14485071739050587,0.20677849919336577,0.7005115036406707,peak_height,0.032784994691610336,0.04995877338573337,0.04913474805653095,0.011485022345554124,0.04087795689702034,0.05643636733293533,0.03398174028843641,0.07059991657733916,0.015558410435914993,0.03661817628890275,0.0,0.0,0.01717377869412303,0.016349753364920616,0.016349753364920616,0.000267314435093733
51,0.14485071739050587,0.20677849919336577,0.7005115036406707,cumulative_infected,0.4615262453444302,0.5185442522431413,0.4535586857382441,0.19832852026725276,0.3744329092719454,0.6084145150016411,0.2988837386743398,0.9452174403937531,0.23398160572969573,0.6463337017194133,1.0,1.0,0.05701800689871106,-0.007967559606186114,0.007967559606186114,6.348200607812863e-05
51,0.14485071739050587,0.20677849919336577,0.7005115036406707,early_growth_slope,0.0012847052698600142,-0.0005968470504130667,-0.0006228741230664859,0.002248516166042669,-0.001947301401309058,0.001077437558532915,-0.004178727886721301,0.003183041804558819,0.003024738959841973,0.00736176969128012,0.0,1.0,-0.001881552320273081,-0.0019075793929265,0.0019075793929265,3.6388591403178347e-06
52,0.6379807582270813,0.32281880583190836,1.9762812658419835,peak_time,16.0,14.38,14.0,1.7336829484241247,13.0,15.0,12.0,17.0,2.0,5.0,0.0,1.0,-1.6199999999999992,-2.0,2.0,4.0
52,0.6379807582270813,0.32281880583190836,1.9762812658419835,peak_height,0.17738188803195953,0.17398801639676095,0.17502130568027496,0.016037804825746117,0.1638355553150177,0.18432322144508362,0.14913325980305672,0.1988888368010521,0.020487666130065918,0.04975557699799538,1.0,1.0,-0.003393871635198581,-0.0023605823516845703,0.0023605823516845703,5.572349039084656e-06
52,0.6379807582270813,0.32281880583190836,1.9762812658419835,cumulative_infected,2.7146453441819176,2.5804153961407836,2.569549162464682,0.16311726933867488,2.472781403019326,2.6977878021425568,2.3290047748188956,2.858432978464407,0.22500639912323095,0.5294282036455114,0.0,1.0,-0.13422994804113397,-0.1450961817172356,0.1450961817172356,0.02105290194892105
52,0.6379807582270813,0.32281880583190836,1.9762812658419835,early_growth_slope,0.013957710265891534,0.007915453882271233,0.007817914324169534,0.0030205601299090287,0.0060187098868135815,0.009682259940572768,0.003006999293852244,0.012447707773701817,0.003663550053759186,0.009440708479849572,0.0,0.0,-0.0060422563836203015,-0.006139795941722001,0.006139795941722001,3.769709420598595e-05
53,0.44209198338921174,0.38746404522745803,1.14098840611052,peak_time,48.0,21.74,19.5,15.918111151335218,7.0,36.0,1.0,47.0,29.0,46.0,0.0,0.0,-26.26,-28.5,28.5,812.25
53,0.44209198338921174,0.38746404522745803,1.14098840611052,peak_height,0.04774811118841171,0.05686989217996597,0.05101252719759941,0.02889947542330625,0.044804382137954235,0.05916090216487646,0.0379837965592742,0.0757817544043064,0.014356520026922226,0.037797957845032204,1.0,1.0,0.009121780991554258,0.0032644160091876984,0.0032644160091876984,1.065641188104094e-05
53,0.44209198338921174,0.38746404522745803,1.14098840611052,cumulative_infected,0.6286245046649128,0.6930428289248721,0.49874648228251317,0.7966645396609323,0.41234908244132384,0.6890606735396432,0.30566361518358465,1.2535838996467643,0.27671159109831933,0.9479202844631797,1.0,1.0,0.0644183242599593,-0.12987802238239965,0.12987802238239965,0.016868300697963103
53,0.44209198338921174,0.38746404522745803,1.14098840611052,early_growth_slope,0.0048876712902537756,-1.9217490489175476e-05,-2.3297544213987213e-05,0.0024669396372976205,-0.0016963003186642052,0.0011823075675194915,-0.0035440837671991327,0.004458902246274405,0.0028786078861836968,0.008002986013473538,0.0,0.0,-0.004906888780742951,-0.004910968834467763,0.004910968834467763,2.411761489311366e-05
54,0.9117451026786879,0.09201301891714125,9.908870651225175,peak_time,9.0,9.04,9.0,0.6951491374031354,9.0,9.25,8.0,10.0,0.25,2.0,1.0,1.0,0.03999999999999915,0.0,0.0,0.0
54,0.9117451026786879,0.09201301891714125,9.908870651225175,peak_height,0.6856875419616699,0.675645187497139,0.6764615178108215,0.0237930670720875,0.6607513576745987,0.6895439773797989,0.6362887412309647,0.7095860540866852,0.028792619705200195,0.0732973128557205,1.0,1.0,-0.010042354464530945,-0.009226024150848389,0.009226024150848389,8.511952163203773e-05
54,0.9117451026786879,0.09201301891714125,9.908870651225175,cumulative_infected,10.841666423715651,11.084866677123355,11.195060716941953,0.6095522108895522,10.606531517347321,11.419211979373358,10.126993413316086,12.102118362206966,0.8126804620260373,1.9751249488908798,1.0,1.0,0.24320025340770357,0.35339429322630167,0.35339429322630167,0.12488752648491729
54,0.9117451026786879,0.09201301891714125,9.908870651225175,early_growth_slope,0.08795351031724184,0.08422823422193945,0.0848170127165282,0.007658509892413579,0.07901103740940535,0.08937027555934729,0.07152184252821218,0.09614273761842573,0.01035923814994194,0.02462089509021355,1.0,1.0,-0.0037252760953023906,-0.0031364976007136475,0.0031364976007136475,9.837617199282467e-06
55,0.785795590914052,0.21394385143476619,3.672905697659882,peak_time,11.0,10.19,10.0,0.8726483550177307,10.0,11.0,9.0,11.0,1.0,2.0,1.0,1.0,-0.8100000000000005,-1.0,1.0,1.0
55,0.785795590914052,0.21394385143476619,3.672905697659882,peak_height,0.3589093089103699,0.37301793426275254,0.3726286292076111,0.020725100748682012,0.3572188839316368,0.386595718562603,0.3411021962761879,0.40637537837028503,0.029376834630966187,0.06527318209409716,1.0,1.0,0.014108625352382664,0.013719320297241211,0.013719320297241211,0.00018821974941829467
55,0.785795590914052,0.21394385143476619,3.672905697659882,cumulative_infected,4.662981690838933,4.52811738224369,4.509950139938155,0.2209163154368594,4.378850830340525,4.691367512597935,4.137386460922426,4.863365674414672,0.31251668225741014,0.7259792134922458,1.0,1.0,-0.134864308595243,-0.1530315509007778,0.1530315509007778,0.023418655571097347
55,0.785795590914052,0.21394385143476619,3.672905697659882,early_growth_slope,0.03914045183254139,0.03300815988892281,0.032746477141266765,0.004288555013633958,0.030497157544838647,0.035680796793063296,0.025364943428541575,0.04037949056031979,0.0051836392482246495,0.015014547131778213,0.0,1.0,-0.006132291943618577,-0.0063939746912746245,0.0063939746912746245,4.088291235266043e-05
56,0.7037535676560387,0.08501452609313757,8.278039059878335,peak_time,11.0,11.22,11.0,0.8828329057040973,11.0,12.0,10.0,13.0,1.0,3.0,1.0,1.0,0.22000000000000064,0.0,0.0,0.0
56,0.7037535676560387,0.08501452609313757,8.278039059878335,peak_height,0.6350454688072205,0.6296585488319397,0.6315061450004578,0.021045470296388175,0.6139642298221588,0.6468466073274612,0.5960000962018966,0.6608575999736785,0.03288237750530243,0.0648575037717819,1.0,1.0,-0.005386919975280735,-0.0035393238067626953,0.0035393238067626953,1.2526813009117177e-05
56,0.7037535676560387,0.08501452609313757,8.278039059878335,cumulative_infected,11.281286120414734,11.48753730280223,11.459451695904136,0.585388698597315,11.055000283377012,11.87457436346449,10.379798693436168,12.40068678345997,0.8195740800874773,2.020888090023801,1.0,1.0,0.2062511823874953,0.17816557548940182,0.17816557548940182,0.031742972289469734
56,0.7037535676560387,0.08501452609313757,8.278039059878335,early_growth_slope,0.05011897860094904,0.04826028358916421,0.04810580769775523,0.005516774609770826,0.04405686045010085,0.05172771978790738,0.03983328047740672,0.057028879066707464,0.007670859337806528,0.017195598589300747,1.0,1.0,-0.0018586950117848305,-0.002013170903193813,0.002013170903193813,4.052857085466193e-06
57,0.42712850851475415,0.1284386762297732,3.3255443068459627,peak_time,20.0,18.94,19.0,1.5427903357883792,18.0,20.0,17.0,22.0,2.0,5.0,1.0,1.0,-1.0599999999999987,-1.0,1.0,1.0
57,0.42712850851475415,0.1284386762297732,3.3255443068459627,peak_height,0.36791983246803284,0.35324797123670576,0.35341334342956543,0.017973211767156286,0.34327156841754913,0.3645031303167343,0.322722090780735,0.38431080281734464,0.02123156189918518,0.06158871203660965,0.0,1.0,-0.014671861231327077,-0.014506489038467407,0.014506489038467407,0.00021043822422317504
57,0.42712850851475415,0.1284386762297732,3.3255443068459627,cumulative_infected,7.196731168311089,7.277046723990061,7.274105628021061,0.2731801351651902,7.095466336701065,7.4256356471451,6.859613162837922,7.755148496013135,0.33016931044403464,0.8955353331752125,1.0,1.0,0.08031555567897186,0.07737445970997214,0.07737445970997214,0.005986807015410102
57,0.42712850851475415,0.1284386762297732,3.3255443068459627,early_growth_slope,0.011107615472394082,0.007449895836174011,0.007561955853210138,0.0029062658879770433,0.005510338097034643,0.009471622521578819,0.003377387937022529,0.012011209837648836,0.003961284424544176,0.008633821900626306,0.0,1.0,-0.003657719636220071,-0.0035456596191839433,0.0035456596191839433,1.2571702135111625e-05
58,0.13341645820099624,0.3058294166218598,0.4362446872334648,peak_time,27.0,21.28,18.5,13.456311650386343,11.0,32.25,2.0,45.099999999999994,21.25,43.099999999999994,1.0,1.0,-5.719999999999999,-8.5,8.5,72.25
58,0.13341645820099624,0.3058294166218598,0.4362446872334648,peak_height,0.03920289874076843,0.05019177958369255,0.048206860199570656,0.012207533283535623,0.04126120172441006,0.05685462802648544,0.034218214079737665,0.07031531110405921,0.015593426302075386,0.036097097024321546,0.0,1.0,0.010988880842924119,0.009003961458802223,0.009003961458802223,8.107132195159586e-05
58,0.13341645820099624,0.3058294166218598,0.4362446872334648,cumulative_infected,0.4659163258038461,0.5470359261685422,0.4932380025238672,0.24779135655688958,0.4159269401570782,0.5760635563347023,0.31776284214574846,1.0901008386979811,0.1601366161776241,0.7723379965522327,1.0,1.0,0.08111960036469612,0.02732167672002106,0.02732167672002106,0.0007464740187933407
58,0.13341645820099624,0.3058294166218598,0.4362446872334648,early_growth_slope,-0.0032657183085878666,-0.0003848823620157028,-0.00043542667463909577,0.0022746002271635695,-0.001873572596759046,0.0007750880059098736,-0.003927945318199426,0.003646412795586954,0.0026486606026689197,0.00757435811378638,0.0,1.0,0.0028808359465721635,0.0028302916339487706,0.0028302916339487706,8.010550733200402e-06
59,0.9437014241092205,0.37455346647436016,2.5195372852698483,peak_time,8.0,8.68,9.0,1.023758178517177,8.0,9.0,7.0,10.049999999999997,1.0,3.049999999999997,1.0,1.0,0.6799999999999997,1.0,1.0,1.0
59,0.9437014241092205,0.37455346647436016,2.5195372852698483,peak_height,0.2552979290485382,0.24416613042354585,0.2441805750131607,0.02110439310439323,0.23033251240849495,0.2584567591547966,0.2127119280397892,0.278414697945118,0.02812424674630165,0.06570276990532878,1.0,1.0,-0.011131798624992362,-0.011117354035377502,0.011117354035377502,0.00012359556074792444
59,0.9437014241092205,0.37455346647436016,2.5195372852698483,cumulative_infected,2.6475466226256685,2.4952472990498427,2.4773895275429823,0.1847096417338233,2.4014978564955527,2.596585792296537,2.193757847238885,2.823251481854822,0.19508793580098427,0.6294936346159372,0.0,1.0,-0.15229932357582587,-0.17015709508268628,0.17015709508268628,0.02895343700697834
59,0.9437014241092205,0.37455346647436016,2.5195372852698483,early_growth_slope,0.030763824425992504,0.02864191361826496,0.029104411274948637,0.004251697967676928,0.026577916772415236,0.03110045253041399,0.022147564892657096,0.033910056296874574,0.004522535757998755,0.011762491404217479,1.0,1.0,-0.0021219108077275423,-0.0016594131510438669,0.0016594131510438669,2.7536520058573353e-06
60,0.24717028534092,0.3845698171355255,0.6427188882943853,peak_time,4.0,22.46,23.0,15.727104570829884,8.0,37.25,1.0,47.0,29.25,46.0,0.0,1.0,18.46,19.0,19.0,361.0
60,0.24717028534092,0.3845698171355255,0.6427188882943853,peak_height,0.04011356458067894,0.05076845364645124,0.047729622572660446,0.014403444697107786,0.04129496309906244,0.05695585627108812,0.03172302395105362,0.07335479483008385,0.01566089317202568,0.04163177087903023,0.0,1.0,0.010654889065772298,0.007616057991981506,0.007616057991981506,5.8004339337225375e-05
60,0.24717028534092,0.3845698171355255,0.6427188882943853,cumulative_infected,0.3656141339743044,0.5739663458757058,0.4681016818212811,0.31531811740739735,0.40101203389076545,0.6065149416754139,0.3165750448970357,1.2886363872326907,0.20550290778464841,0.972061342335655,0.0,1.0,0.2083522119014014,0.10248754784697667,0.10248754784697667,0.010503697463686332
60,0.24717028534092,0.3845698171355255,0.6427188882943853,early_growth_slope,-0.002321805760619186,-0.0005166381265319478,-0.0005906433313308896,0.002319071215720592,-0.0019367927064498256,0.0008441947928596561,-0.004119430778692253,0.0029039046141579525,0.0027809874993094817,0.007023335392850206,0.0,1.0,0.001805167634087238,0.0017311624292882964,0.0017311624292882964,2.9969233565793558e-06
61,0.19132288557279004,0.4293686446807689,0.44559119056082125,peak_time,1.0,24.02,24.0,15.045372455450625,10.75,37.0,1.0,47.05,26.25,46.05,0.0,1.0,23.02,23.0,23.0,529.0
61,0.19132288557279004,0.4293686446807689,0.44559119056082125,peak_height,0.05291292443871498,0.05278607930988073,0.04971210099756718,0.014519840909640622,0.04208881035447121,0.058973293751478195,0.034553083777427676,0.07474143728613851,0.01688448339700699,0.04018835350871083,1.0,1.0,-0.00012684512883424925,-0.0032008234411478043,0.0032008234411478043,1.0245270701401271e-05
61,0.19132288557279004,0.4293686446807689,0.44559119056082125,cumulative_infected,0.43842401017900556,0.5663863126368347,0.4769837772109895,0.2611834161418228,0.4067251548622153,0.6100945956277428,0.3381928659218829,1.1751404800394083,0.20336944076552754,0.8369476141175254,1.0,1.0,0.12796230245782914,0.03855976703198394,0.03855976703198394,0.0014868556335608755
61,0.19132288557279004,0.4293686446807689,0.44559119056082125,early_growth_slope,-0.0015469837567902032,0.0003066658822689582,0.0001289547210381858,0.0022002540949572747,-0.00124857991994802,0.0016229397511952333,-0.002974279848110327,0.004301835430565654,0.0028715196711432533,0.007276115278675981,0.0,1.0,0.0018536496390591615,0.0016759384778283891,0.0016759384778283891,2.808769781465738e-06
62,0.6901647599811374,0.05765413151337428,11.970777147532555,peak_time,11.0,12.12,12.0,1.0178210038899749,12.0,13.0,10.95,14.0,1.0,3.0500000000000007,0.0,1.0,1.1199999999999992,1.0,1.0,1.0
62,0.6901647599811374,0.05765413151337428,11.970777147532555,peak_height,0.7143206000328064,0.7093722701072693,0.7095439434051514,0.020583638123675876,0.6954737901687622,0.7226290702819824,0.6789596140384674,0.7406087785959243,0.027155280113220215,0.06164916455745695,1.0,1.0,-0.004948329925537065,-0.004776656627655029,0.004776656627655029,2.2816448538520717e-05
62,0.6901647599811374,0.05765413151337428,11.970777147532555,cumulative_infected,15.686308548785746,15.684495611041784,15.873427936807275,0.7624665866497571,15.270929973805323,16.167738302145153,14.380177029268816,16.72506668518763,0.89680832833983,2.3448896559188146,1.0,1.0,-0.00181293774396174,0.18711938802152872,0.18711938802152872,0.035013665373551425
62,0.6901647599811374,0.05765413151337428,11.970777147532555,early_growth_slope,0.052526730001859714,0.05007957072736601,0.04979440055987132,0.006433049017907674,0.04607963478580737,0.05465541037223633,0.040407948689313515,0.06119135527239578,0.008575775586428955,0.020783406583082267,1.0,1.0,-0.002447159274493703,-0.002732329441988396,0.002732329441988396,7.465624179556619e-06
63,0.9001986618214264,0.16993383995059358,5.297347850687946,peak_time,8.0,9.08,9.0,0.8125281657899743,9.0,10.0,8.0,10.0,1.0,2.0,0.0,1.0,1.08,1.0,1.0,1.0
63,0.9001986618214264,0.16993383995059358,5.297347850687946,peak_height,0.5165923833847046,0.4937060791254044,0.49270710349082947,0.025956806778877267,0.47698865830898285,0.511894091963768,0.44157070368528367,0.529026773571968,0.034905433654785156,0.08745606988668436,0.0,1.0,-0.022886304259300216,-0.023885279893875122,0.023885279893875122,0.0005705065956087552
63,0.9001986618214264,0.16993383995059358,5.297347850687946,cumulative_infected,6.016440564766526,5.999969893856505,5.949718371091876,0.28908843914348226,5.813412766059628,6.189557982957922,5.5703175954768085,6.539184519974515,0.37614521689829417,0.9688669244977062,1.0,1.0,-0.016470670910020857,-0.06672219367465004,0.06672219367465004,0.0044518511287575105
63,0.9001986618214264,0.16993383995059358,5.297347850687946,early_growth_slope,0.061967906165158446,0.05775738216394354,0.058198056538544936,0.006029404355034519,0.05475662189114482,0.06133603608984793,0.04559854250886321,0.0674934603373653,0.006579414198703108,0.021894917828502086,0.0,1.0,-0.004210524001214903,-0.00376984962661351,0.00376984962661351,1.4211766207278019e-05
64,0.9140659822258284,0.17293965777257236,5.285461958227583,peak_time,9.0,8.57,8.0,0.8558178792384757,8.0,9.0,7.95,10.0,1.0,2.05,1.0,1.0,-0.4299999999999997,-1.0,1.0,1.0
64,0.9140659822258284,0.17293965777257236,5.285461958227583,peak_height,0.5005637407302856,0.49275709748268126,0.49068349599838257,0.02230952760926071,0.4769892394542694,0.5069784224033356,0.45664108395576475,0.5311744779348373,0.029989182949066162,0.07453339397907255,1.0,1.0,-0.0078066432476043834,-0.009880244731903076,0.009880244731903076,9.761923596229849e-05
64,0.9140659822258284,0.17293965777257236,5.285461958227583,cumulative_infected,5.837578954349738,5.814243663772162,5.806301822303794,0.2846208124301792,5.646828972210642,5.966969133274688,5.360834872815758,6.257593704393366,0.32014016106404597,0.8967588315776078,1.0,1.0,-0.023335290577575662,-0.03127713204594329,0.03127713204594329,0.0009782589890193728
64,0.9140659822258284,0.17293965777257236,5.285461958227583,early_growth_slope,0.06957396064397123,0.06154973130337891,0.061890136123457465,0.006866811189304057,0.05797634340290511,0.06587350645679092,0.05093418609744513,0.0731341732602145,0.007897163053885811,0.022199987162769372,0.0,1.0,-0.008024229340592319,-0.007683824520513763,0.007683824520513763,5.9041159262048556e-05
65,0.9115006089740623,0.34407515003932565,2.649132344692383,peak_time,9.0,9.66,9.5,1.1653239026038202,9.0,10.0,8.0,12.0,1.0,4.0,1.0,1.0,0.6600000000000001,0.5,0.5,0.25
65,0.9115006089740623,0.34407515003932565,2.649132344692383,peak_height,0.2485017478466034,0.24927063167095184,0.24749071896076202,0.020639889837054438,0.2358800247311592,0.26371341943740845,0.21630641669034958,0.2831292524933815,0.027833394706249237,0.06682283580303192,1.0,1.0,0.0007688838243484486,-0.0010110288858413696,0.0010110288858413696,1.0221794080056412e-06
65,0.9115006089740623,0.34407515003932565,2.649132344692383,cumulative_infected,2.872183350031264,2.7470626937440055,2.735734948888421,0.1829270999167151,2.639368858159287,2.8610044723154715,2.4777081996420747,3.0356105685001236,0.2216356141561846,0.5579023688580489,0.0,1.0,-0.12512065628725866,-0.13644840114284307,0.13644840114284307,0.018618166174438216
65,0.9115006089740623,0.34407515003932565,2.649132344692383,early_growth_slope,0.02969190463911564,0.024333977040843512,0.024550411107373375,0.00432704051213781,0.02166829390140871,0.02690451192791529,0.017086316397347086,0.03131456446412595,0.005236218026506579,0.014228248066778863,0.0,1.0,-0.005357927598272128,-0.005141493531742265,0.005141493531742265,2.6434955736947552e-05
66,0.273566862161461,0.348238232063518,0.7855738887152485,peak_time,3.0,23.31,25.0,15.639689862331,7.0,36.25,1.0,48.0,29.25,47.0,0.0,1.0,20.31,22.0,22.0,484.0
66,0.273566862161461,0.348238232063518,0.7855738887152485,peak_height,0.04506407305598259,0.05292678862810135,0.05063807778060436,0.017208039940375015,0.044094912707805634,0.05660128779709339,0.03499408029019833,0.07593137770891188,0.012506375089287758,0.040937297418713554,1.0,1.0,0.007862715572118761,0.005574004724621773,0.005574004724621773,3.1069528670105845e-05
66,0.273566862161461,0.348238232063518,0.7855738887152485,cumulative_infected,0.38201362802647054,0.6246690126572809,0.4802100293818512,0.47236023650341696,0.4143713881549047,0.6289213095878949,0.30824922461179083,1.4178251123055814,0.21454992143299023,1.1095758876937905,0.0,1.0,0.24265538463081038,0.09819640135538066,0.09819640135538066,0.009642533239147004
66,0.273566862161461,0.348238232063518,0.7855738887152485,early_growth_slope,0.00015919403882608607,-0.00022892432183739558,-0.00018309164858822238,0.0022801971886335344,-0.0020535369084904035,0.001197772284892077,-0.0036168780662202524,0.0034140012055147604,0.0032513091933824806,0.007030879271735013,1.0,1.0,-0.0003881183606634816,-0.0003422856874143084,0.0003422856874143084,1.1715949180868565e-07
67,0.2539186373954189,0.25248238372192977,1.0056885302345329,peak_time,0.0,20.82,19.0,13.03947386928931,12.0,27.0,1.9500000000000002,45.0,15.0,43.05,0.0,0.0,20.82,19.0,19.0,361.0
67,0.2539186373954189,0.25248238372192977,1.0056885302345329,peak_height,0.06300515681505203,0.05408420294523239,0.051358507946133614,0.014764499713472743,0.043966975063085556,0.06037130020558834,0.03811849020421505,0.08049675114452838,0.016404325142502785,0.04237826094031333,0.0,1.0,-0.008920953869819642,-0.011646648868918419,0.011646648868918419,0.00013564442987587869
67,0.2539186373954189,0.25248238372192977,1.0056885302345329,cumulative_infected,0.593303034605924,0.6264569077149372,0.5036991036540712,0.33905440740299675,0.43593406066065654,0.7145029451639857,0.3362274294922827,1.23612697601784,0.2785688845033292,0.8998995465255573,1.0,1.0,0.03315387310901319,-0.08960393095185282,0.08960393095185282,0.008028864442024407
67,0.2539186373954189,0.25248238372192977,1.0056885302345329,early_growth_slope,-0.001091562117272542,-0.0003848735731861815,-0.00034891883426877953,0.0020189073534200215,-0.0016317815274565592,0.0008276954357002288,-0.004117221665053092,0.0026611294921687115,0.002459476963156788,0.0067783511572218035,1.0,1.0,0.0007066885440863606,0.0007426432830037625,0.0007426432830037625,5.515190457906066e-07
68,0.1470352477178831,0.12142563722838295,1.2109077709951186,peak_time,10.0,22.98,23.0,13.94069690880016,12.75,36.0,2.0,44.0,23.25,42.0,0.0,1.0,12.98,13.0,13.0,169.0
68,0.1470352477178831,0.12142563722838295,1.2109077709951186,peak_height,0.06072208657860756,0.05990130862221122,0.05194191820919514,0.03044081469913415,0.042879924178123474,0.06923612952232361,0.033463360369205476,0.09912538602948187,0.026356205344200134,0.0656620256602764,1.0,1.0,-0.0008207779563963388,-0.008780168369412422,0.008780168369412422,7.709135659523039e-05
68,0.1470352477178831,0.12142563722838295,1.2109077709951186,cumulative_infected,0.8213770097354427,0.76682229099697,0.513359766380745,0.695771010818903,0.4124915031607088,0.7998611356888432,0.32475559013255406,2.0179029896302376,0.3873696325281344,1.6931473994976836,0.0,1.0,-0.05455471873847273,-0.3080172433546977,0.3080172433546977,0.09487462220382707
68,0.1470352477178831,0.12142563722838295,1.2109077709951186,early_growth_slope,0.0016061444822255343,0.00040918284134888765,0.00035454811690475,0.0024964758630741544,-0.001376052437643964,0.002078254919697862,-0.002912244141390103,0.004280276127281554,0.003454307357341826,0.007192520268671657,1.0,1.0,-0.0011969616408766467,-0.0012515963653207843,0.0012515963653207843,1.5664934616841981e-06
69,0.7834932465104771,0.12895687888958468,6.075621969583483,peak_time,10.0,10.44,10.0,0.782639925205233,10.0,11.0,9.0,12.0,1.0,3.0,1.0,1.0,0.4399999999999995,0.0,0.0,0.0
69,0.7834932465104771,0.12895687888958468,6.075621969583483,peak_height,0.5682547092437744,0.5511991754174232,0.5483731925487518,0.021406360364580858,0.5346135050058365,0.5655694305896759,0.5193528681993484,0.5849768996238708,0.030955925583839417,0.06562403142452233,0.0,1.0,-0.017055533826351166,-0.019881516695022583,0.019881516695022583,0.0003952747060944617
69,0.7834932465104771,0.12895687888958468,6.075621969583483,cumulative_infected,8.030587102519348,8.16582604770424,8.144834019592963,0.36226884457974584,7.89417611763929,8.403370020700095,7.620342153985985,8.827881363406778,0.5091939030608046,1.2075392094207933,1.0,1.0,0.13523894518489143,0.1142469170736149,0.1142469170736149,0.013052358060825438
69,0.7834932465104771,0.12895687888958468,6.075621969583483,early_growth_slope,0.05537667886043587,0.05006901164009399,0.04970591616057346,0.004922761635100092,0.04667711297848394,0.053120577347553544,0.04333037967416679,0.05795840140199287,0.006443464369069604,0.014628021727826082,0.0,1.0,-0.005307667220341879,-0.005670762699862407,0.005670762699862407,3.215754959815077e-05
70,0.22850602480142118,0.24027421877841904,0.9510218198322372,peak_time,2.0,20.71,18.0,14.668247160021364,8.75,33.25,1.0,45.099999999999994,24.5,44.099999999999994,0.0,1.0,18.71,16.0,16.0,256.0
70,0.22850602480142118,0.24027421877841904,0.9510218198322372,peak_height,0.045886825770139694,0.05393525402992964,0.051934508606791496,0.014601908565944009,0.044040488079190254,0.061402938328683376,0.0344177283346653,0.0772716075181961,0.017362450249493122,0.042853879183530806,1.0,1.0,0.008048428259789943,0.006047682836651802,0.006047682836651802,3.657446769273279e-05
70,0.22850602480142118,0.24027421877841904,0.9510218198322372,cumulative_infected,0.5441240493673831,0.6151706047733887,0.5117533844863829,0.37304402697842004,0.3962580441384489,0.6977611077818437,0.32905632781912575,1.196196733479155,0.30150306364339485,0.8671404056600293,1.0,1.0,0.07104655540600557,-0.032370664881000266,0.032370664881000266,0.001047859944838024
70,0.22850602480142118,0.24027421877841904,0.9510218198322372,early_growth_slope,2.9687786341777905e-05,-0.00018553276809186667,-0.000364898620838565,0.002314226347255567,-0.0015857873000814343,0.0012671471404246406,-0.0037775947771554724,0.003807282375471133,0.002852934440506075,0.007584877152626605,1.0,1.0,-0.00021522055443364457,-0.00039458640718034293,0.00039458640718034293,1.5569843273149138e-07
71,0.6318529717075294,0.08349992902402675,7.567107889705109,peak_time,12.0,12.68,13.0,1.023758178517177,12.0,13.0,11.0,14.0,1.0,3.0,1.0,1.0,0.6799999999999997,1.0,1.0,1.0
71,0.6318529717075294,0.08349992902402675,7.567107889705109,peak_height,0.6142404675483704,0.6242755293846131,0.6230698525905609,0.022346251454236386,0.6101129800081253,0.6424922049045563,0.59450963139534,0.6589091867208481,0.03237922489643097,0.06439955532550812,1.0,1.0,0.010035061836242698,0.008829385042190552,0.008829385042190552,7.795804022325825e-05
71,0.6318529717075294,0.08349992902402675,7.567107889705109,cumulative_infected,11.716131159802899,12.287304100407855,12.230719971004874,0.5722445623422314,11.86182092409581,12.758923790883273,11.441884285723791,13.238044053735212,0.8971028667874634,1.796159768011421,0.0,1.0,0.5711729406049564,0.5145888112019747,0.5145888112019747,0.2648016446142616
71,0.6318529717075294,0.08349992902402675,7.567107889705109,early_growth_slope,0.035603425504329295,0.035360163571384044,0.035809581944098064,0.004835408455788017,0.03182611662140559,0.03831158385201844,0.028078852190880008,0.0435623408322932,0.00648546723061285,0.01548348864141319,1.0,1.0,-0.0002432619329452504,0.00020615643976876902,0.00020615643976876902,4.2500477658134085e-08
72,0.7067447605211693,0.2980027802335453,2.3716045869346996,peak_time,11.0,11.89,12.0,1.2135181344447488,11.0,13.0,10.0,14.0,2.0,4.0,1.0,1.0,0.8900000000000006,1.0,1.0,1.0
72,0.7067447605211693,0.2980027802335453,2.3716045869346996,peak_height,0.22191907465457916,0.21718728184700012,0.21879936754703522,0.016625879676551627,0.20590899512171745,0.22615531459450722,0.1909445770084858,0.2432927645742893,0.020246319472789764,0.052348187565803506,1.0,1.0,-0.004731792807579044,-0.0031197071075439453,0.0031197071075439453,9.73257243686021e-06
72,0.7067447605211693,0.2980027802335453,2.3716045869346996,cumulative_infected,2.9603713003743906,2.843091133784219,2.832838817703305,0.187920816699075,2.716526618867647,2.9665719329714193,2.568464683566708,3.1725183449772882,0.2500453141037724,0.60405366141058,1.0,1.0,-0.11728016659017149,-0.12753248267108575,0.12753248267108575,0.016264534136250786
72,0.7067447605211693,0.2980027802335453,2.3716045869346996,early_growth_slope,0.015544207167944734,0.013638713330662001,0.013522509867990652,0.002853114075400559,0.011715323754331273,0.015920950941065146,0.009138614061244188,0.01836448912072228,0.004205627186733873,0.009225875059478092,1.0,1.0,-0.0019054938372827322,-0.002021697299954082,0.002021697299954082,4.087259972641625e-06
73,0.8702186623464448,0.2784051921505333,3.125727130390294,peak_time,8.0,9.33,9.0,0.7528397417562896,9.0,10.0,8.0,10.049999999999997,1.0,2.049999999999997,0.0,1.0,1.33,1.0,1.0,1.0
73,0.8702186623464448,0.2784051921505333,3.125727130390294,peak_height,0.3098432123661041,0.31908866465091706,0.3193431943655014,0.021010229906654108,0.30628110468387604,0.33081717789173126,0.28380023688077927,0.36033413261175157,0.024536073207855225,0.0765338957309723,1.0,1.0,0.009245452284812938,0.009499981999397278,0.009499981999397278,9.02496579888723e-05
73,0.8702186623464448,0.2784051921505333,3.125727130390294,cumulative_infected,3.6399950813502073,3.490674768148165,3.48278705321718,0.20714066935308187,3.3339665984676685,3.651919402356725,3.1987040881140274,3.8428581104031765,0.31795280388905667,0.6441540222891491,1.0,1.0,-0.14932031320204242,-0.15720802813302726,0.15720802813302726,0.02471436410947469
73,0.8702186623464448,0.2784051921505333,3.125727130390294,early_growth_slope,0.03669139316272256,0.03381306553577381,0.034201952900427074,0.004651667976817034,0.031389033233392094,0.0367341086332436,0.023393843447723026,0.04079265261756344,0.005345075399851504,0.01739880916984041,1.0,1.0,-0.00287832762694875,-0.0024894402622954864,0.0024894402622954864,6.19731281953782e-06
74,0.9512666823819053,0.46222366921942565,2.0580224374670055,peak_time,9.0,9.63,9.0,1.5285498508274589,9.0,11.0,7.0,12.0,2.0,5.0,1.0,1.0,0.6300000000000008,0.0,0.0,0.0
74,0.9512666823819053,0.46222366921942565,2.0580224374670055,peak_height,0.1651558130979538,0.1584903021156788,0.15754956007003784,0.015448494114983778,0.14743436127901077,0.1666216254234314,0.13449461460113527,0.18304825723171234,0.019187264144420624,0.04855364263057707,1.0,1.0,-0.006665510982274997,-0.007606253027915955,0.007606253027915955,5.785508512468063e-05
74,0.9512666823819053,0.46222366921942565,2.0580224374670055,cumulative_infected,1.8699532404134516,1.8082798102692414,1.8020692865320598,0.11791199549108311,1.722200240881648,1.8822734585082799,1.6327552139278851,2.012653083371697,0.16007321762663196,0.37989786944381176,1.0,1.0,-0.06167343014421012,-0.06788395388139179,0.06788395388139179,0.004608231194570927
74,0.9512666823819053,0.46222366921942565,2.0580224374670055,early_growth_slope,0.016653330530971285,0.013905877625995688,0.013869943686239861,0.0035143540514657526,0.011526321219965514,0.016458200171612022,0.008433110286880817,0.019222631150235727,0.004931878951646509,0.01078952086335491,0.0,1.0,-0.002747452904975597,-0.0027833868447314242,0.0027833868447314242,7.747242327423953e-06
75,0.6816559912114352,0.17527444194906894,3.889078085951117,peak_time,11.0,11.81,12.0,0.9815983667138782,11.0,13.0,10.0,13.0,2.0,3.0,1.0,1.0,0.8100000000000005,1.0,1.0,1.0
75,0.6816559912114352,0.17527444194906894,3.889078085951117,peak_height,0.4250100553035736,0.3945829451084137,0.394316628575325,0.020183142206655166,0.3812531754374504,0.40901118516921997,0.3620818451046944,0.42797687500715254,0.027758009731769562,0.06589502990245816,0.0,1.0,-0.030427110195159923,-0.030693426728248596,0.030693426728248596,0.0009420864443223653
75,0.6816559912114352,0.17527444194906894,3.889078085951117,cumulative_infected,5.616373298456892,5.579617616810137,5.536693844944239,0.26991923123625483,5.437052118853899,5.7828577894033515,5.1576501862320585,5.988427268966916,0.34580567054945277,0.8307770827348575,1.0,1.0,-0.036755681646755356,-0.07967945351265371,0.07967945351265371,0.006348815312075143
75,0.6816559912114352,0.17527444194906894,3.889078085951117,early_growth_slope,0.023222143828336678,0.024978271071232433,0.0251512792832121,0.003428305038466487,0.02276496609972257,0.02704351669221761,0.01893640527934102,0.030646834513823874,0.004278550592495038,0.011710429234482855,1.0,1.0,0.0017561272428957553,0.001929135454875424,0.001929135454875424,3.721563603257409e-06
76,0.24515998097499087,0.42849727439726715,0.5721389507549093,peak_time,12.0,20.61,19.0,14.257300097164473,8.75,30.25,1.0,46.0,21.5,45.0,1.0,1.0,8.61,7.0,7.0,49.0
76,0.24515998097499087,0.42849727439726715,0.5721389507549093,peak_height,0.050505731254816055,0.05052739843726158,0.04740282893180847,0.013961802208389686,0.042618912644684315,0.05592858046293259,0.03604780994355679,0.06827277727425098,0.013309667818248272,0.03222496733069419,1.0,1.0,2.1667182445526956e-05,-0.0031029023230075836,0.0031029023230075836,9.628002826125859e-06
76,0.24515998097499087,0.42849727439726715,0.5721389507549093,cumulative_infected,0.44393698882777244,0.5402161282166617,0.4561887167401437,0.3314074249759236,0.37819950458651874,0.5838164124434115,0.31807025127418453,1.0812100935843771,0.2056169078568928,0.7631398423101926,1.0,1.0,0.09627913938888921,0.01225172791237128,0.01225172791237128,0.00015010483683877753
76,0.24515998097499087,0.42849727439726715,0.5721389507549093,early_growth_slope,1.5621439420751615e-05,-0.0004208761236718378,-0.00032286122791447237,0.002193246544513662,-0.0017635854130189502,0.0007646816222751068,-0.004091697701022936,0.003167042644296694,0.002528267035294057,0.00725874034531963,1.0,1.0,-0.0004364975630925894,-0.000338482667335224,0.000338482667335224,1.1457051608636792e-07
77,0.7283406257158813,0.14076317778976535,5.1742269331521,peak_time,10.0,10.62,11.0,0.7355338884171829,10.0,11.0,10.0,12.0,1.0,2.0,1.0,1.0,0.6199999999999992,1.0,1.0,1.0
77,0.7283406257158813,0.14076317778976535,5.1742269331521,peak_height,0.5279527902603149,0.4991791099309921,0.49989624321460724,0.021981148317084375,0.483299657702446,0.5122150182723999,0.46461803615093233,0.5336404651403427,0.02891536056995392,0.06902242898941036,0.0,1.0,-0.028773680329322815,-0.028056547045707703,0.028056547045707703,0.0007871698321280096
77,0.7283406257158813,0.14076317778976535,5.1742269331521,cumulative_infected,7.131007797433995,7.073381142475009,7.105487728462322,0.38012809675019205,6.801703309931327,7.324457561313466,6.391554847278167,7.704334680124885,0.522754251382139,1.3127798328467177,1.0,1.0,-0.05762665495898567,-0.025520068971673027,0.025520068971673027,0.0006512739203189484
77,0.7283406257158813,0.14076317778976535,5.1742269331521,early_growth_slope,0.03918090906171571,0.04123079347201079,0.04148747556887211,0.0050222660321066525,0.037948156509844996,0.04475959283410615,0.032256850837369525,0.048514878202141024,0.006811436324261157,0.0162580273647715,1.0,1.0,0.0020498844102950844,0.002306566507156403,0.002306566507156403,5.32024905193569e-06
78,0.2726650935975321,0.22557032766478063,1.2087808552671824,peak_time,28.0,27.12,27.0,12.957802532244674,19.0,39.0,3.95,46.05,20.0,42.099999999999994,1.0,1.0,-0.879999999999999,-1.0,1.0,1.0
78,0.2726650935975321,0.22557032766478063,1.2087808552671824,peak_height,0.07652920484542847,0.06847856432199478,0.05743863061070442,0.03115737052654425,0.04816581681370735,0.07310415618121624,0.03770159669220448,0.14361881539225577,0.024938339367508888,0.10591721870005129,0.0,1.0,-0.008050640523433683,-0.019090574234724045,0.019090574234724045,0.00036445002461150955
78,0.2726650935975321,0.22557032766478063,1.2087808552671824,cumulative_infected,1.239288853306789,1.0684612323497094,0.7020638446556404,0.8735994773424254,0.5088134230627475,1.2042242800816894,0.34938384293491254,3.0592097965301943,0.6954108570189419,2.7098259535952818,0.0,1.0,-0.1708276209570796,-0.5372250086511485,0.5372250086511485,0.28861070992022664
78,0.2726650935975321,0.22557032766478063,1.2087808552671824,early_growth_slope,-0.0038859865051649825,0.0003330592166449136,0.0006676047404263431,0.0024525761389441406,-0.001675762111365959,0.001968017536758756,-0.0036224340534924196,0.003929535538398859,0.0036437796481247147,0.007551969591891279,0.0,0.0,0.004219045721809896,0.004553591245591326,0.004553591245591326,2.0735193231925964e-05
79,0.5234497802669229,0.38317512829006833,1.3660849612103867,peak_time,12.0,20.59,19.0,8.96693702419949,15.0,25.0,7.9,37.14999999999999,10.0,29.249999999999993,0.0,1.0,8.59,7.0,7.0,49.0
79,0.5234497802669229,0.38317512829006833,1.3660849612103867,peak_height,0.07270342111587524,0.07058001037687063,0.06878490373492241,0.017328661348167254,0.059291694313287735,0.07837854325771332,0.04506095163524151,0.10581478215754032,0.019086848944425583,0.06075383052229882,1.0,1.0,-0.0021234107390046136,-0.003918517380952835,0.003918517380952835,1.5354778464829466e-05
79,0.5234497802669229,0.38317512829006833,1.3660849612103867,cumulative_infected,1.2895909226499498,1.1149911446332135,1.0442944655078463,0.3578916655368948,0.8611349266866455,1.3250608118396485,0.6386671652653604,1.808123035507742,0.46392588515300304,1.1694558702423816,1.0,1.0,-0.17459977801673632,-0.24529645714210346,0.24529645714210346,0.0601703518864678
79,0.5234497802669229,0.38317512829006833,1.3660849612103867,early_growth_slope,0.0010854603966609364,0.0011662134463083585,0.0009210341737516939,0.0029045779269891783,-0.000596577964080053,0.0028528397444807464,-0.0034634498995902005,0.006072582365734323,0.003449417708560799,0.009536032265324523,1.0,1.0,8.075304964742206e-05,-0.00016442622290924257,0.00016442622290924257,2.7035982780199926e-08
80,0.29506485367071655,0.21617286748102144,1.3649486039066459,peak_time,41.0,28.63,28.0,11.136122858662807,22.0,38.0,8.850000000000001,46.0,16.0,37.15,0.0,1.0,-12.370000000000001,-13.0,13.0,169.0
80,0.29506485367071655,0.21617286748102144,1.3649486039066459,peak_height,0.09797883033752441,0.09106510682031513,0.08514896035194397,0.03541743160469413,0.06681375578045845,0.10882632434368134,0.04473267067223787,0.15925152525305747,0.042012568563222885,0.11451885458081959,1.0,1.0,-0.006913723517209286,-0.012829869985580444,0.012829869985580444,0.00016460556384689795
80,0.29506485367071655,0.21617286748102144,1.3649486039066459,cumulative_infected,1.6497498638927937,1.7948735523671713,1.6457363491645083,1.0191412451981565,0.9451455961389001,2.3232432099757716,0.4471825056782109,3.61033445270732,1.3780976138368715,3.163151947029109,1.0,1.0,0.14512368847437762,-0.004013514728285372,0.004013514728285372,1.6108300474163605e-05
80,0.29506485367071655,0.21617286748102144,1.3649486039066459,early_growth_slope,0.005253420843343648,0.0008393993506450945,0.0010142773736290466,0.002494536488678587,-0.0010480979056280504,0.0022751560138117165,-0.0031816822211285806,0.004975227546189367,0.003323253919439767,0.008156909767317947,0.0,0.0,-0.004414021492698554,-0.004239143469714601,0.004239143469714601,1.797033735682395e-05
81,0.2436575535858974,0.4924851511855264,0.49475106609682945,peak_time,45.0,21.94,19.0,14.677557939613356,9.75,35.0,2.0,47.05,25.25,45.05,0.0,1.0,-23.06,-26.0,26.0,676.0
81,0.2436575535858974,0.4924851511855264,0.49475106609682945,peak_height,0.029531706124544144,0.05427991356700659,0.05139620415866375,0.01813648723376705,0.04293085262179375,0.060781754553318024,0.035336435027420524,0.0791075825691223,0.017850901931524277,0.04377114754170178,0.0,0.0,0.024748207442462443,0.021864498034119606,0.021864498034119606,0.0004780562742840201
81,0.2436575535858974,0.4924851511855264,0.49475106609682945,cumulative_infected,0.31191004876745865,0.618180466492704,0.47462852580065373,0.445844857755064,0.3937505379653885,0.6404517090486479,0.3139606603914217,1.3350483244983473,0.2467011710832594,1.0210876641069255,0.0,0.0,0.3062704177252453,0.16271847703319509,0.16271847703319509,0.026477302768002437
81,0.2436575535858974,0.4924851511855264,0.49475106609682945,early_growth_slope,-0.0006283105883215153,-0.00024102172626823686,-0.00029199920772086973,0.002270013969293379,-0.0018740884455231313,0.0014263180934167823,-0.0036412091861988973,0.0033166945685349798,0.0033004065389399136,0.0069579037547338775,1.0,1.0,0.00038728886205327843,0.00033631138060064556,0.00033631138060064556,1.1310534472151228e-07
82,0.1798619862455842,0.326287453034853,0.5512378259496601,peak_time,0.0,19.41,16.0,15.051490748008112,6.0,30.25,0.0,47.0,24.25,47.0,0.0,1.0,19.41,16.0,16.0,256.0
82,0.1798619862455842,0.326287453034853,0.5512378259496601,peak_height,0.04854441434144974,0.051737695802003145,0.05071183666586876,0.011808468498373992,0.04435576591640711,0.05715459864586592,0.035901529155671595,0.07100931555032729,0.012798832729458809,0.03510778639465569,1.0,1.0,0.003193281460553407,0.0021674223244190216,0.0021674223244190216,4.6977195323899545e-06
82,0.1798619862455842,0.326287453034853,0.5512378259496601,cumulative_infected,0.3588117834806326,0.5602923490475951,0.5110583105997648,0.19801471333116058,0.43687179405242205,0.6367253450443968,0.3316379437048454,0.9105433807049844,0.19985355099197477,0.578905437000139,0.0,1.0,0.20148056556696248,0.15224652711913222,0.15224652711913222,0.023179005019836663
82,0.1798619862455842,0.326287453034853,0.5512378259496601,early_growth_slope,-0.0003178337993588104,-7.275643260982115e-05,-0.00021003806475727307,0.002177968725101529,-0.001547600163446207,0.0011907103353656747,-0.0033507981354237645,0.0031992532141192063,0.0027383104988118814,0.00655005134954297,1.0,1.0,0.0002450773667489892,0.00010779573460153731,0.00010779573460153731,1.1619920398285068e-08
83,0.6585032326664948,0.415310748875846,1.5855675164895608,peak_time,16.0,15.53,16.0,3.424377846611503,13.0,17.0,10.95,22.0,4.0,11.05,1.0,1.0,-0.47000000000000064,0.0,0.0,0.0
83,0.6585032326664948,0.415310748875846,1.5855675164895608,peak_height,0.11172281205654144,0.09879239238798618,0.09580593928694725,0.018130212473764472,0.08541183173656464,0.10970675759017467,0.07484845519065857,0.1297448694705963,0.02429492585361004,0.05489641427993773,0.0,1.0,-0.012930419668555265,-0.015916872769594193,0.015916872769594193,0.0002533468387634491
83,0.6585032326664948,0.415310748875846,1.5855675164895608,cumulative_infected,1.6210948828957044,1.4926480495976284,1.4685304986778647,0.22903042793109288,1.3519258455489762,1.5962038760771975,1.1851954773184843,1.8413020801323,0.24427803052822128,0.6561066028138156,0.0,1.0,-0.12844683329807594,-0.1525643842178397,0.1525643842178397,0.023275891331768613
83,0.6585032326664948,0.415310748875846,1.5855675164895608,early_growth_slope,0.0006662904987544086,0.003392038314803876,0.0031774265115104977,0.0025063100959953136,0.0015066661968982469,0.00515131841530092,-0.0005536155062838497,0.0076459831748035756,0.0036446522184026726,0.008199598681087425,0.0,1.0,0.0027257478160494673,0.0025111360127560893,0.0025111360127560893,6.30580407456055e-06
84,0.22756490624926562,0.0615345667094401,3.6981637869297708,peak_time,37.0,35.78,35.5,2.932162300687968,34.0,38.0,32.0,40.0,4.0,8.0,1.0,1.0,-1.2199999999999989,-1.5,1.5,2.25
84,0.22756490624926562,0.0615345667094401,3.6981637869297708,peak_height,0.40075621008872986,0.4138249906897545,0.421315461397171,0.04192444402562176,0.39924609661102295,0.4428738057613373,0.3217140153050423,0.4625868558883667,0.04362770915031433,0.1408728405833244,1.0,1.0,0.013068780601024621,0.020559251308441162,0.020559251308441162,0.00042268281436363964
84,0.22756490624926562,0.0615345667094401,3.6981637869297708,cumulative_infected,10.543064593337476,10.741597937301995,10.949279079039115,1.2293377758142294,10.228598407193203,11.630907582410146,8.2797365935985,12.379798041086179,1.402309175216942,4.100061447487679,1.0,1.0,0.1985333439645185,0.4062144857016392,0.4062144857016392,0.16501020839384725
84,0.22756490624926562,0.0615345667094401,3.6981637869297708,early_growth_slope,0.001276076338919145,0.002370835140505473,0.0018433525290761491,0.002691193187382208,0.0008067281922281144,0.0038816236621988486,-0.001776672781367474,0.007151797448109607,0.003074895469970734,0.00892847022947708,1.0,1.0,0.001094758801586328,0.0005672761901570041,0.0005672761901570041,3.218022759190455e-07
85,0.8667232802159989,0.1737771887758004,4.987554962315604,peak_time,10.0,9.26,9.0,0.7735527379460552,9.0,10.0,8.0,10.0,1.0,2.0,1.0,1.0,-0.7400000000000002,-1.0,1.0,1.0
85,0.8667232802159989,0.1737771887758004,4.987554962315604,peak_height,0.48237165808677673,0.48807602763175967,0.4867975264787674,0.022883742177439142,0.4721572548151016,0.5040165930986404,0.45563934147357943,0.5260712325572967,0.03185933828353882,0.07043189108371728,1.0,1.0,0.005704369544982935,0.004425868391990662,0.004425868391990662,1.9588311023222005e-05
85,0.8667232802159989,0.1737771887758004,4.987554962315604,cumulative_infected,5.998913064599037,6.032379023541471,6.046651499927975,0.31564733808224227,5.812654725305038,6.202730287186569,5.487864461413119,6.5607128195115365,0.39007556188153103,1.0728483580984172,1.0,1.0,0.03346595894243354,0.04773843532893807,0.04773843532893807,0.0022789582076552023
85,0.8667232802159989,0.1737771887758004,4.987554962315604,early_growth_slope,0.05582645721733569,0.054896886753347286,0.055245388538293916,0.005651290689154684,0.051030467353051605,0.058666127052025056,0.045927794205878544,0.06276395608642596,0.0076356596989734515,0.016836161880547415,1.0,1.0,-0.0009295704639884009,-0.0005810686790417713,0.0005810686790417713,3.37640809763349e-07
86,0.8287893050860685,0.3292919499406614,2.516882982518755,peak_time,9.0,10.21,10.0,1.1218221108914053,9.0,11.0,8.0,12.0,2.0,4.0,1.0,1.0,1.2100000000000009,1.0,1.0,1.0
86,0.8287893050860685,0.3292919499406614,2.516882982518755,peak_height,0.28249040246009827,0.2501382803916931,0.24801862984895706,0.019208502422035492,0.23629268631339073,0.26246199756860733,0.2211001358926296,0.2849878787994385,0.0261693112552166,0.06388774290680888,0.0,1.0,-0.032352122068405154,-0.034471772611141205,0.034471772611141205,0.001188303106954225
86,0.8287893050860685,0.3292919499406614,2.516882982518755,cumulative_infected,3.076738079544157,2.9556749106800315,2.952141505360487,0.16760461744230154,2.825399418332381,3.055168168604723,2.7083992002997546,3.171668164501898,0.229768750272342,0.46326896420214325,0.0,1.0,-0.12106316886412527,-0.12459657418366987,0.12459657418366987,0.015524306298306749
86,0.8287893050860685,0.3292919499406614,2.516882982518755,early_growth_slope,0.021198759165902928,0.02128745862944231,0.020868176502907378,0.004056231010189765,0.018589061798550008,0.02436470877867014,0.01502367164385283,0.028532169768143264,0.005775646980120133,0.013508498124290435,1.0,1.0,8.86994635393816e-05,-0.0003305826629955502,0.0003305826629955502,1.0928489707322953e-07
87,0.6454561199269986,0.06290320066735978,10.26110139196658,peak_time,12.0,12.54,12.0,0.99919159243052,12.0,13.0,11.0,14.0,1.0,3.0,1.0,1.0,0.5399999999999991,0.0,0.0,0.0
87,0.6454561199269986,0.06290320066735978,10.26110139196658,peak_height,0.6656770706176758,0.684294786453247,0.6840168833732605,0.02204867718992864,0.6664725989103317,0.6988054066896439,0.6571152716875076,0.719959607720375,0.032332807779312134,0.06284433603286743,0.0,1.0,0.018617715835571258,0.018339812755584717,0.018339812755584717,0.0003363487319099079
87,0.6454561199269986,0.06290320066735978,10.26110139196658,cumulative_infected,14.764781494624913,14.818926890037982,14.830327111296356,0.6540697548279732,14.372411156073213,15.40528409415856,13.625681389775128,15.770719423051924,1.0328729380853474,2.145038033276796,1.0,1.0,0.05414539541306951,0.06554561667144299,0.06554561667144299,0.004296227864839745
87,0.6454561199269986,0.06290320066735978,10.26110139196658,early_growth_slope,0.04848632594803347,0.04136922333815467,0.041644038726753055,0.004682780645571674,0.03813242038753135,0.04396371385138037,0.033659739530966834,0.0486175369504573,0.005831293463849023,0.014957797419490465,0.0,1.0,-0.0071171026098788,-0.006842287221280413,0.006842287221280413,4.681689441849724e-05
88,0.17636036504652217,0.46739283632522916,0.37732791634787516,peak_time,38.0,22.73,24.0,16.132566347909343,6.75,37.25,0.0,47.0,30.5,47.0,0.0,1.0,-15.27,-14.0,14.0,196.0
88,0.17636036504652217,0.46739283632522916,0.37732791634787516,peak_height,0.037774667143821716,0.04952173724770546,0.04856458306312561,0.011593435752916012,0.0404973179101944,0.05766247771680355,0.03386359978467226,0.07259070836007595,0.017165159806609154,0.038727108575403686,0.0,1.0,0.01174707010388374,0.010789915919303894,0.010789915919303894,0.0001164222855456476
88,0.17636036504652217,0.46739283632522916,0.37732791634787516,cumulative_infected,0.3946310348401312,0.5152560957248897,0.4680601309228223,0.21744068613918444,0.3801078272226732,0.56956896209158,0.31828654140263096,0.8374900829134274,0.1894611348689068,0.5192035415107965,1.0,1.0,0.12062506088475855,0.0734290960826911,0.0734290960826911,0.005391832151521082
88,0.17636036504652217,0.46739283632522916,0.37732791634787516,early_growth_slope,0.002695081514372889,-0.0006314105538651685,-0.0007160096027378341,0.002079317023155987,-0.0015793885561704094,0.0003091328426740987,-0.003968150085434204,0.002826164921654188,0.001888521398844508,0.006794315007088392,0.0,1.0,-0.0033264920682380575,-0.0034110911171107232,0.0034110911171107232,1.1635542609231682e-05
89,0.1928224326279072,0.4608815461057174,0.41837742096030334,peak_time,18.0,24.14,22.5,14.538711821001934,13.0,36.25,3.0,48.0,23.25,45.0,1.0,1.0,6.140000000000001,4.5,4.5,20.25
89,0.1928224326279072,0.4608815461057174,0.41837742096030334,peak_height,0.053531795740127563,0.053142500165849926,0.051859667524695396,0.01575431620053572,0.0442645912989974,0.0583237474784255,0.03189911413937807,0.07915037050843238,0.0140591561794281,0.047251256369054306,1.0,1.0,-0.00038929557427763717,-0.001672128215432167,0.001672128215432167,2.7960127688443637e-06
89,0.1928224326279072,0.4608815461057174,0.41837742096030334,cumulative_infected,0.5675258855299035,0.5999113428914825,0.4968691832618788,0.3486876880164848,0.4004287982497772,0.6630379059934057,0.3000867338618264,1.4558584426209562,0.26260910774362856,1.1557717087591297,1.0,1.0,0.03238545736157905,-0.07065670226802467,0.07065670226802467,0.004992369575392283
89,0.1928224326279072,0.4608815461057174,0.41837742096030334,early_growth_slope,-0.0013866273109756752,0.00026785357207072214,-0.00012772672094537744,0.002382890884098142,-0.001275112564880622,0.0015907615233540385,-0.0032068648893896112,0.004602923990404673,0.0028658740882346605,0.007809788879794284,0.0,1.0,0.0016544808830463973,0.0012589005900302977,0.0012589005900302977,1.5848306955786316e-06
90,0.890661037034374,0.2790069334967134,3.1922541345907653,peak_time,8.0,9.0,9.0,0.864566219253764,8.0,10.0,8.0,10.0,2.0,2.0,1.0,1.0,1.0,1.0,1.0,1.0
90,0.890661037034374,0.2790069334967134,3.1922541345907653,peak_height,0.3671897053718567,0.3362855076789856,0.33627237379550934,0.021550203667314326,0.3242351710796356,0.350598469376564,0.30124693363904953,0.36940964609384536,0.026363298296928406,0.06816271245479583,0.0,1.0,-0.030904197692871116,-0.03091733157634735,0.03091733157634735,0.000955881391801805
90,0.890661037034374,0.2790069334967134,3.1922541345907653,cumulative_infected,3.6106092469999567,3.5831129202170655,3.5893642001319677,0.19430352835042344,3.445881687937799,3.7077344311692286,3.260255825106287,3.9355580593284687,0.2618527432314295,0.6753022342221815,1.0,1.0,-0.027496326782891156,-0.021245046867989004,0.021245046867989004,0.00045135201642304936
90,0.890661037034374,0.2790069334967134,3.1922541345907653,early_growth_slope,0.03985023882151358,0.03826596212552907,0.03839695531254013,0.0050875412446966355,0.0347871099393593,0.041699420829813566,0.029539307195643356,0.04608626365162697,0.006912310890454264,0.016546956455983614,1.0,1.0,-0.0015842766959845156,-0.0014532835089734533,0.0014532835089734533,2.1120329574541933e-06
91,0.44862953015628804,0.4663170871312508,0.9620696786305315,peak_time,30.0,18.48,16.5,14.70551329305173,5.0,28.0,0.0,46.05,23.0,46.05,0.0,1.0,-11.52,-13.5,13.5,182.25
91,0.44862953015628804,0.4663170871312508,0.9620696786305315,peak_height,0.05347094312310219,0.051847326532006265,0.049278274178504944,0.011153589982317974,0.04346337355673313,0.0608309144154191,0.037037324346601966,0.07172145321965218,0.01736754085868597,0.03468412887305021,1.0,1.0,-0.0016236165910959235,-0.004192668944597244,0.004192668944597244,1.757847287899017e-05
91,0.44862953015628804,0.4663170871312508,0.9620696786305315,cumulative_infected,0.4449222222901881,0.5949959502203729,0.5216054698539665,0.2771097369269747,0.4343847429845482,0.6610780725677614,0.29274826875334836,1.257719968825404,0.2266933295832132,0.9649717000720556,1.0,1.0,0.1500737279301848,0.07668324756377842,0.07668324756377842,0.00588032045692773
91,0.44862953015628804,0.4663170871312508,0.9620696786305315,early_growth_slope,0.00029213909458901264,-0.0003205858940973044,-3.524837527601412e-05,0.002157408218994051,-0.001939758912028214,0.0012165179626511722,-0.0038981403660381156,0.002537481054674745,0.003156276874679386,0.006435621420712861,1.0,1.0,-0.0006127249886863171,-0.00032738746986502677,0.00032738746986502677,1.0718255542462381e-07
92,0.229270711054422,0.10030467288857328,2.2857430711041236,peak_time,37.0,37.72,37.0,3.9723285286332923,35.0,39.0,32.0,45.05,4.0,13.049999999999997,1.0,1.0,0.7199999999999989,0.0,0.0,0.0
92,0.229270711054422,0.10030467288857328,2.2857430711041236,peak_height,0.25081607699394226,0.27367345958948136,0.2798231840133667,0.04032731501283744,0.2543598711490631,0.2972237765789032,0.20383139029145242,0.3254030764102936,0.04286390542984009,0.12157168611884117,0.0,1.0,0.0228573825955391,0.02900710701942444,0.02900710701942444,0.0008414122576363425
92,0.229270711054422,0.10030467288857328,2.2857430711041236,cumulative_infected,5.775153771042824,6.848077371791878,6.997653783997521,1.142384461984881,6.219392333470751,7.630332962900866,4.619623665232211,8.333324494049885,1.4109406294301152,3.7137008288176734,0.0,1.0,1.0729236007490544,1.222500012954697,1.222500012954697,1.4945062816742343
92,0.229270711054422,0.10030467288857328,2.2857430711041236,early_growth_slope,0.0031392596373778004,0.0016010729850158682,0.0014848912306617778,0.0022715145854329526,-8.162480385397596e-06,0.003191274997697118,-0.0023912031173018637,0.0048483225269592345,0.0031994374780825157,0.007239525644261098,1.0,1.0,-0.0015381866523619322,-0.0016543684067160227,0.0016543684067160227,2.7369348251401115e-06
93,0.8006978015343038,0.21840857126428898,3.6660548480279465,peak_time,10.0,10.24,10.0,0.9440938148897764,10.0,11.0,9.0,12.0,1.0,3.0,1.0,1.0,0.2400000000000002,0.0,0.0,0.0
93,0.8006978015343038,0.21840857126428898,3.6660548480279465,peak_height,0.3839787244796753,0.36699154108762744,0.36647792160511017,0.02042805916105955,0.3509872555732727,0.38045016676187515,0.3361791744828224,0.40059310644865037,0.029462911188602448,0.06441393196582795,0.0,1.0,-0.016987183392047855,-0.017500802874565125,0.017500802874565125,0.0003062781012543869
93,0.8006978015343038,0.21840857126428898,3.6660548480279465,cumulative_infected,4.521445453166962,4.435253076092395,4.422743994189659,0.2039386082089041,4.298009858481237,4.56640483927913,4.104666158783948,4.7411449507198995,0.26839498079789337,0.6364787919359518,1.0,1.0,-0.08619237707456673,-0.09870145897730254,0.09870145897730254,0.009741978004248135
93,0.8006978015343038,0.21840857126428898,3.6660548480279465,early_growth_slope,0.03589547982084608,0.032735759159744096,0.033246622576067836,0.004227741467221575,0.02980423027682783,0.03525969190412156,0.025878956067996714,0.04019305623757342,0.005455461627293729,0.014314100169576703,0.0,1.0,-0.0031597206611019835,-0.002648857244778244,0.002648857244778244,7.016444703214189e-06
94,0.43302089522428266,0.21188266222141988,2.043682530153273,peak_time,21.0,20.84,21.0,2.755050458758066,19.0,23.0,16.0,25.049999999999997,4.0,9.049999999999997,1.0,1.0,-0.16000000000000014,0.0,0.0,0.0
94,0.43302089522428266,0.21188266222141988,2.043682530153273,peak_height,0.18183766305446625,0.1728580479323864,0.17040901631116867,0.014153015839285845,0.16249385848641396,0.18157047405838966,0.15322214886546134,0.20044883117079734,0.019076615571975708,0.047226682305336,0.0,1.0,-0.008979615122079843,-0.011428646743297577,0.011428646743297577,0.0001306139663830863
94,0.43302089522428266,0.21188266222141988,2.043682530153273,cumulative_infected,3.638316501863301,3.53515023183556,3.5397748794639483,0.2336860121164057,3.362130826804787,3.687542278724777,3.1818731846433366,3.9243048397882374,0.3254114519199902,0.7424316551449008,1.0,1.0,-0.10316627002774093,-0.09854162239935249,0.09854162239935249,0.009710451345096568
94,0.43302089522428266,0.21188266222141988,2.043682530153273,early_growth_slope,0.005121196221028055,0.0033985036976065157,0.0032682435398566577,0.002566245312064035,0.0014425841980569433,0.004990422291614646,-0.000360446250609431,0.008157687078762264,0.0035478380935577026,0.008518133329371695,0.0,1.0,-0.0017226925234215392,-0.0018529526811713972,0.0018529526811713972,3.4334336386602697e-06
95,0.8694493623931718,0.4706127195295918,1.8474837723515916,peak_time,10.0,10.97,11.0,1.898723654235001,10.0,12.0,8.0,14.0,2.0,6.0,1.0,1.0,0.9700000000000006,1.0,1.0,1.0
95,0.8694493623931718,0.4706127195295918,1.8474837723515916,peak_height,0.1357400268316269,0.1339758424460888,0.13492225110530853,0.01654334717307883,0.12345791608095169,0.14445630460977554,0.10501162260770798,0.16219629049301146,0.020998388528823853,0.05718466788530348,1.0,1.0,-0.0017641843855381034,-0.0008177757263183594,0.0008177757263183594,6.687571385555202e-07
95,0.8694493623931718,0.4706127195295918,1.8474837723515916,cumulative_infected,1.6237653692951426,1.6965016211989496,1.6819080243221833,0.14400548293000773,1.5808756912083481,1.7865584487226442,1.4858126026723766,1.9520976491912734,0.2056827575142961,0.4662850465188968,1.0,1.0,0.07273625190380706,0.058142655027040746,0.058142655027040746,0.0033805683335934667
95,0.8694493623931718,0.4706127195295918,1.8474837723515916,early_growth_slope,0.012627948441409636,0.009663603609035253,0.009926559605879619,0.0034895924447279894,0.007498284374984601,0.012564082794207412,0.004090716918480687,0.015154653158692993,0.005065798419222812,0.011063936240212307,0.0,1.0,-0.0029643448323743837,-0.0027013888355300174,0.0027013888355300174,7.297501640726224e-06
96,0.20190923231580038,0.14198001014348732,1.4220961958781917,peak_time,45.0,32.7,37.0,13.78734597705117,24.0,43.25,0.9500000000000002,48.05,19.25,47.099999999999994,0.0,1.0,-12.299999999999997,-8.0,8.0,64.0
96,0.20190923231580038,0.14198001014348732,1.4220961958781917,peak_height,0.09065398573875427,0.10760096035897732,0.09689221158623695,0.0516966745482898,0.060560581274330616,0.1420864686369896,0.04534729588776827,0.20402454435825346,0.08152588736265898,0.1586772484704852,1.0,1.0,0.016946974620223043,0.006238225847482681,0.006238225847482681,3.891546172420102e-05
96,0.20190923231580038,0.14198001014348732,1.4220961958781917,cumulative_infected,1.5474401088431478,2.162369117336807,1.9537643534131348,1.3405858317438257,0.9153235557605512,3.1444653823855333,0.4494259208397125,4.678360128030181,2.229141826624982,4.228934207190468,1.0,1.0,0.6149290084936592,0.40632424456998706,0.40632424456998706,0.16509939172537066
96,0.20190923231580038,0.14198001014348732,1.4220961958781917,early_growth_slope,0.00015536053771419213,0.0004136357863985946,0.00035095073309050697,0.002607405932565057,-0.0015742073148777257,0.002199431945492896,-0.003767487401187062,0.005258339275973237,0.003773639260370622,0.009025826677160299,1.0,1.0,0.0002582752486844025,0.00019559019537631483,0.00019559019537631483,3.825552452734501e-08
97,0.26510678527545295,0.28310961107742216,0.9364104039652473,peak_time,14.0,20.63,17.5,14.631262364671011,9.0,31.25,1.0,47.0,22.25,46.0,1.0,1.0,6.629999999999999,3.5,3.5,12.25
97,0.26510678527545295,0.28310961107742216,0.9364104039652473,peak_height,0.0574943870306015,0.05320910701528191,0.05002975091338158,0.015084239595954728,0.04393311031162739,0.05886207241564989,0.03661204371601343,0.08190224431455134,0.014928962104022503,0.04529020059853791,1.0,1.0,-0.004285280015319588,-0.007464636117219925,0.007464636117219925,5.572079236250416e-05
97,0.26510678527545295,0.28310961107742216,0.9364104039652473,cumulative_infected,0.5417012163670734,0.5937250503965515,0.49353941674053203,0.3111246114632441,0.4184518630281673,0.6483223911636742,0.32532191212667383,1.218468155310256,0.2298705281355069,0.8931462431835823,1.0,1.0,0.05202383402947819,-0.048161799626541324,0.048161799626541324,0.002319558943267116
97,0.26510678527545295,0.28310961107742216,0.9364104039652473,early_growth_slope,0.0013403130772834022,-0.00018424570575061288,-0.0005023422986379862,0.0024780557375580804,-0.0018892665400580004,0.0009459708235226575,-0.0035963569512768136,0.004422812455283877,0.0028352373635806578,0.008019169406560691,0.0,1.0,-0.001524558783034015,-0.0018426553759213885,0.0018426553759213885,3.3953788344119937e-06
98,0.6657845962290223,0.19530366765115387,3.4089712919177164,peak_time,13.0,11.82,12.0,0.9468715100612417,11.0,12.0,10.95,13.049999999999997,1.0,2.099999999999998,0.0,1.0,-1.1799999999999997,-1.0,1.0,1.0
98,0.6657845962290223,0.19530366765115387,3.4089712919177164,peak_height,0.3904517590999603,0.3610015869140625,0.35961389541625977,0.01937486726423939,0.3486410826444626,0.3749801442027092,0.3311199679970741,0.3920898035168648,0.026339061558246613,0.06096983551979068,0.0,1.0,-0.02945017218589785,-0.03083786368370056,0.03083786368370056,0.000950973836574498
98,0.6657845962290223,0.19530366765115387,3.4089712919177164,cumulative_infected,5.174891221802682,5.016527908124408,5.019605204142863,0.23988876789573518,4.852959606461809,5.164310398045927,4.638851848995546,5.456596376787639,0.31135079158411827,0.817744527792093,0.0,1.0,-0.15836331367827405,-0.15528601765981875,0.15528601765981875,0.024113747280645543
98,0.6657845962290223,0.19530366765115387,3.4089712919177164,early_growth_slope,0.021318682602473663,0.02263612056659099,0.02321182718012659,0.0037902763975504353,0.019916644899196742,0.024858123462070662,0.016157435243838423,0.028745027831852586,0.00494147856287392,0.012587592588014163,1.0,1.0,0.0013174379641173253,0.0018931445776529283,0.0018931445776529283,3.5839963918966844e-06
99,0.11241264273483753,0.19707955512110575,0.5703922086984606,peak_time,17.0,20.67,20.5,14.629467288022253,7.0,32.0,1.9500000000000002,48.0,25.0,46.05,1.0,1.0,3.6700000000000017,3.5,3.5,12.25
99,0.11241264273483753,0.19707955512110575,0.5703922086984606,peak_height,0.050857365131378174,0.0502751025930047,0.04924803040921688,0.012423493389585406,0.04438103549182415,0.05467264913022518,0.03142088204622269,0.07005222365260123,0.010291613638401031,0.038631341606378544,1.0,1.0,-0.0005822625383734709,-0.001609334722161293,0.001609334722161293,2.5899582479539662e-06
99,0.11241264273483753,0.19707955512110575,0.5703922086984606,cumulative_infected,0.43711519573116675,0.5301986702404338,0.4852904644794762,0.24120047178165968,0.3944201996928314,0.5736438465210085,0.3157065395040263,0.8413987456668109,0.17922364682817715,0.5256922061627847,1.0,1.0,0.09308347450926702,0.04817526874830946,0.04817526874830946,0.0023208565189718425
99,0.11241264273483753,0.19707955512110575,0.5703922086984606,early_growth_slope,-0.00027493672955426404,-0.00047891969101458725,-0.0004954710853737545,0.002213248576725904,-0.002022303513166704,0.001120488289806027,-0.003991937815278234,0.0032485971252234377,0.003142791802972731,0.007240534940501671,1.0,1.0,-0.0002039829614603232,-0.0002205343558194905,0.0002205343558194905,4.8635402096717644e-08
