case_id,feature,observed_value,pred_mean,pred_median,pred_std,pred_ci50_low,pred_ci50_high,pred_ci90_low,pred_ci90_high,pred_width50,pred_width90,covered50,covered90,err_mean,err_median,abs_err_median,sq_err_median,true_beta,true_gamma,true_R0,rho0,tau,eta,severity
0,peak_time,23.0,23.14,22.5,8.400360742614605,18.75,29.0,9.0,37.249999999999986,10.25,28.249999999999986,1.0,1.0,0.14000000000000057,-0.5,0.5,0.25,0.4480770837070597,0.31665052577402086,1.4150523913130402,1.0,14,0.8462315570641726,medium
0,peak_height,0.0892791897058487,0.07865953493863344,0.0762319341301918,0.017282342760771504,0.06560374796390533,0.08811531960964203,0.05590902436524629,0.107783617451787,0.022511571645736694,0.0518745930865407,0.0,1.0,-0.010619654767215256,-0.013047255575656891,0.013047255575656891,0.00017023087805650983,0.4480770837070597,0.31665052577402086,1.4150523913130402,1.0,14,0.8462315570641726,medium
0,cumulative_infected,1.5575185175403021,1.3606321399220906,1.3364748039166443,0.3930853483595538,1.1495311504768324,1.5887170431087725,0.6845573575759772,2.0777925888774917,0.4391858926319401,1.3932352313015146,1.0,1.0,-0.19688637761821148,-0.22104371362365782,0.22104371362365782,0.048860323332537654,0.4480770837070597,0.31665052577402086,1.4150523913130402,1.0,14,0.8462315570641726,medium
0,early_growth_slope,0.003596071988188972,0.0013093855379217232,0.0010944321624092057,0.002489383588123892,-0.0003502958135781915,0.002523069584553706,-0.0026573985494906076,0.005488689397905198,0.0028733653981318974,0.008146087947395806,0.0,1.0,-0.0022866864502672484,-0.002501639825779766,0.002501639825779766,6.258201817927419e-06,0.4480770837070597,0.31665052577402086,1.4150523913130402,1.0,14,0.8462315570641726,medium
1,peak_time,8.0,21.91,18.0,15.810810136476789,7.0,36.25,1.0,47.0,29.25,46.0,1.0,1.0,13.91,10.0,10.0,100.0,0.1866456667520135,0.38828976758558686,0.48068654477451056,1.0,25,0.8086099926731041,medium
1,peak_height,0.046858932822942734,0.050711391530930995,0.0505705364048481,0.010694083856588828,0.043000481091439724,0.0576647175475955,0.03567867893725634,0.0699457012116909,0.014664236456155777,0.03426702227443456,1.0,1.0,0.0038524587079882613,0.003711603581905365,0.003711603581905365,1.3776001149212735e-05,0.1866456667520135,0.38828976758558686,0.48068654477451056,1.0,25,0.8086099926731041,medium
1,cumulative_infected,0.41249186964705586,0.529895434517639,0.48207422962150304,0.2049120283049712,0.39285014290999243,0.6143187789202784,0.2960474124061875,0.9433661286457206,0.221468636010286,0.6473187162395331,1.0,1.0,0.11740356487058312,0.06958235997444717,0.06958235997444717,0.004841704819613548,0.1866456667520135,0.38828976758558686,0.48068654477451056,1.0,25,0.8086099926731041,medium
1,early_growth_slope,0.0010769966944021037,-0.0005637111165415687,-0.0006770786740595386,0.002594702084212443,-0.0024534951059779664,0.0014268626433866817,-0.004279895603429479,0.003855023472126394,0.003880357749364648,0.008134919075555873,1.0,1.0,-0.0016407078109436724,-0.0017540753684616422,0.0017540753684616422,3.0767803982438457e-06,0.1866456667520135,0.38828976758558686,0.48068654477451056,1.0,25,0.8086099926731041,medium
2,peak_time,18.0,18.29,18.0,2.3796061128945802,17.0,20.0,14.0,22.0,3.0,8.0,1.0,1.0,0.28999999999999915,0.0,0.0,0.0,0.4046595524780089,0.19856560441531607,2.037913633982805,1.0,19,0.6021929950544105,medium
2,peak_height,0.18001534044742584,0.15915569819509984,0.160434328019619,0.014438783601834348,0.14956309646368027,0.16790545359253883,0.13362709060311317,0.1793581962585449,0.018342357128858566,0.04573110565543173,0.0,0.0,-0.020859642252326005,-0.019581012427806854,0.019581012427806854,0.0003834160476979265,0.4046595524780089,0.19856560441531607,2.037913633982805,1.0,19,0.6021929950544105,medium
2,cumulative_infected,2.889781615231186,2.8860940086359914,2.8889527455175994,0.20385285757892502,2.7375272505378234,3.02422234590631,2.5747772657079624,3.2006219897477424,0.28669509536848636,0.62584472403978,1.0,1.0,-0.0036876065951947368,-0.0008288697135867551,0.0008288697135867551,6.870250021013894e-07,0.4046595524780089,0.19856560441531607,2.037913633982805,1.0,19,0.6021929950544105,medium
2,early_growth_slope,0.0005373686352478624,0.004415899091900429,0.004519734476205137,0.002994776353137802,0.0024453389134058466,0.006726083076500798,-0.0005554902838498687,0.009013422683901371,0.004280744163094951,0.00956891296775124,0.0,1.0,0.0038785304566525667,0.003982365840957274,0.003982365840957274,1.5859237691223337e-05,0.4046595524780089,0.19856560441531607,2.037913633982805,1.0,19,0.6021929950544105,medium
3,peak_time,11.0,10.18,10.0,0.9361429572258908,9.75,11.0,9.0,12.0,1.25,3.0,1.0,1.0,-0.8200000000000003,-1.0,1.0,1.0,0.7638096098690871,0.19724140342496155,3.872460835332023,1.0,21,0.7368224493444889,medium
3,peak_height,0.3998451232910156,0.37438114166259767,0.3744126111268997,0.020533950986849958,0.36187030375003815,0.386452779173851,0.3407361000776291,0.4081779420375824,0.024582475423812866,0.06744184195995329,0.0,1.0,-0.025463981628417953,-0.025432512164115906,0.025432512164115906,0.0006468126749779035,0.7638096098690871,0.19724140342496155,3.872460835332023,1.0,21,0.7368224493444889,medium
3,cumulative_infected,4.753527691005729,4.589971302067279,4.580176641931757,0.21933822497296956,4.434661129824235,4.75456572350231,4.26448062164709,4.937420578650199,0.3199045936780749,0.6729399570031092,1.0,1.0,-0.16355638893845015,-0.1733510490739718,0.1733510490739718,0.030050586215046582,0.7638096098690871,0.19724140342496155,3.872460835332023,1.0,21,0.7368224493444889,medium
3,early_growth_slope,0.0389250252129776,0.0335291816807512,0.033180588000115155,0.0043109763053084645,0.030486930200519652,0.03701352646134008,0.027125631054375487,0.039906895766589075,0.00652659626082043,0.012781264712213587,0.0,1.0,-0.005395843532226406,-0.005744437212862448,0.005744437212862448,3.299855889251889e-05,0.7638096098690871,0.19724140342496155,3.872460835332023,1.0,21,0.7368224493444889,medium
4,peak_time,8.0,20.65,17.5,15.305887822018102,6.75,33.0,0.9500000000000002,47.0,26.25,46.05,1.0,1.0,12.649999999999999,9.5,9.5,90.25,0.3825509342485808,0.3754605838594816,1.0188844067630618,1.0,25,0.6492276793997355,medium
4,peak_height,0.04701724275946617,0.052546198535710575,0.050632333382964134,0.014426985479339488,0.044470589607954025,0.05947327520698309,0.0342224208638072,0.07467634677886963,0.015002685599029064,0.04045392591506242,1.0,1.0,0.005528955776244404,0.003615090623497963,0.003615090623497963,1.306888021610289e-05,0.3825509342485808,0.3754605838594816,1.0188844067630618,1.0,25,0.6492276793997355,medium
4,cumulative_infected,0.6628803435305599,0.6050902889184135,0.5216458797222003,0.3271349626845132,0.4398779329667377,0.6396544121744228,0.3250796084967078,1.0157281460444205,0.19977647920768504,0.6906485375477127,0.0,1.0,-0.05779005461214637,-0.14123446380835958,0.14123446380835958,0.01994717376723483,0.3825509342485808,0.3754605838594816,1.0188844067630618,1.0,25,0.6492276793997355,medium
4,early_growth_slope,-0.003663841113891627,-0.00036420313785995214,-0.0004437947500264268,0.0022258768428168275,-0.0015675862599718597,0.0009232953286430416,-0.0038409029236174197,0.003026781599536271,0.002490881588614901,0.006867684523153691,0.0,1.0,0.003299637976031675,0.0032200463638652004,0.0032200463638652004,1.0368698585441498e-05,0.3825509342485808,0.3754605838594816,1.0188844067630618,1.0,25,0.6492276793997355,medium
5,peak_time,24.0,27.51,27.0,2.6419116127715117,26.0,30.0,23.95,31.049999999999997,4.0,7.099999999999998,0.0,1.0,3.5100000000000016,3.0,3.0,9.0,0.2830268507261073,0.10776342084786147,2.626372181759891,1.0,28,0.6548812248445285,medium
5,peak_height,0.2554093599319458,0.23581375032663346,0.2365260049700737,0.023848727972542408,0.21918885409832,0.25270670652389526,0.1948506437242031,0.27025143802165985,0.033517852425575256,0.07540079429745675,0.0,1.0,-0.019595609605312342,-0.0188833549618721,0.0188833549618721,0.0003565810946160597,0.2830268507261073,0.10776342084786147,2.626372181759891,1.0,28,0.6548812248445285,medium
5,cumulative_infected,5.720687475753948,5.809774114942557,5.847471820889041,0.530323417968086,5.394398187287152,6.168104626704007,4.9669687238318145,6.642864046350587,0.7737064394168556,1.6758953225187723,1.0,1.0,0.08908663918860871,0.12678434513509274,0.12678434513509274,0.016074270171334313,0.2830268507261073,0.10776342084786147,2.626372181759891,1.0,28,0.6548812248445285,medium
5,early_growth_slope,0.0009104451136885303,0.0025006445625993883,0.0026768135943538735,0.0025422321225452276,0.0007204994368034285,0.004461334994716924,-0.0013111298039023352,0.0058379969457053515,0.003740835557913496,0.007149126749607687,1.0,1.0,0.001590199448910858,0.0017663684806653432,0.0017663684806653432,3.120057609487993e-06,0.2830268507261073,0.10776342084786147,2.626372181759891,1.0,28,0.6548812248445285,medium
6,peak_time,39.0,23.7,24.5,14.974388910146656,11.75,36.0,1.0,47.0,24.25,46.0,0.0,1.0,-15.3,-14.5,14.5,210.25,0.27894623345503744,0.30016171775228906,0.9293198198087343,1.0,21,0.7432114415705613,medium
6,peak_height,0.03771746903657913,0.047467412650585177,0.04709900729358196,0.009359377630699495,0.04026332776993513,0.053659732453525066,0.033129611238837245,0.06388344503939151,0.013396404683589935,0.03075383380055427,0.0,1.0,0.009749943614006044,0.00938153825700283,0.00938153825700283,8.801326006760771e-05,0.27894623345503744,0.30016171775228906,0.9293198198087343,1.0,21,0.7432114415705613,medium
6,cumulative_infected,0.4769655571435578,0.4797405825531132,0.4411395894130692,0.1711680374602853,0.3916636156718596,0.5351131057432212,0.3110712042545856,0.7016696496582879,0.14344949007136165,0.3905984454037023,1.0,1.0,0.002775025409555376,-0.03582596773048863,0.03582596773048863,0.0012834999638260125,0.27894623345503744,0.30016171775228906,0.9293198198087343,1.0,21,0.7432114415705613,medium
6,early_growth_slope,0.0017670839248845973,-0.0006642185065391536,-0.0005522178308594788,0.001964372596644112,-0.002143730342270696,0.00047219028134090293,-0.003971378736674694,0.003111053923688207,0.002615920623611599,0.007082432660362901,0.0,1.0,-0.0024313024314237507,-0.002319301755744076,0.002319301755744076,5.379160634197554e-06,0.27894623345503744,0.30016171775228906,0.9293198198087343,1.0,21,0.7432114415705613,medium
7,peak_time,21.0,20.61,21.0,3.51876642755912,18.0,23.0,14.95,26.049999999999997,5.0,11.099999999999998,1.0,1.0,-0.39000000000000057,0.0,0.0,0.0,0.41692255612501306,0.2336294094471214,1.7845465479352562,1.0,13,0.6549960135144403,medium
7,peak_height,0.11427634209394455,0.10394187167286872,0.10314905270934105,0.01591258733197933,0.09274270012974739,0.11314495466649532,0.07989467792212963,0.13112410232424734,0.020402254536747932,0.05122942440211771,0.0,1.0,-0.010334470421075825,-0.0111272893846035,0.0111272893846035,0.00012381656904870975,0.41692255612501306,0.2336294094471214,1.7845465479352562,1.0,13,0.6549960135144403,medium
7,cumulative_infected,1.9595563961192966,1.9755014548421241,1.9632378906244412,0.2716842122532686,1.7847753008827567,2.1870415838056942,1.552043434328516,2.3948958210414277,0.40226628292293753,0.8428523867129116,1.0,1.0,0.015945058722827588,0.0036814945051446557,0.0036814945051446557,1.3553401791410293e-05,0.41692255612501306,0.2336294094471214,1.7845465479352562,1.0,13,0.6549960135144403,medium
7,early_growth_slope,0.00389362957018117,0.0020769821563867267,0.001990917967521541,0.0027704068002999704,0.0004344104236224669,0.0040165894128481976,-0.002513320931272268,0.0063531827103967455,0.0035821789892257305,0.008866503641669014,1.0,1.0,-0.0018166474137944434,-0.0019027116026596289,0.0019027116026596289,3.6203114428955735e-06,0.41692255612501306,0.2336294094471214,1.7845465479352562,1.0,13,0.6549960135144403,medium
8,peak_time,5.0,17.89,16.0,12.98631369690196,7.75,26.25,1.0,42.0,18.5,41.0,0.0,1.0,12.89,11.0,11.0,121.0,0.11156873180092841,0.15681117019726348,0.7114845942452854,1.0,18,0.7317305882212627,medium
8,peak_height,0.06015295907855034,0.052604119572788474,0.050048964098095894,0.011955256770469751,0.044480676762759686,0.057791946455836296,0.03835650309920311,0.07504680790007114,0.01331126969307661,0.036690304800868025,0.0,1.0,-0.007548839505761865,-0.010103994980454445,0.010103994980454445,0.00010209071456504862,0.11156873180092841,0.15681117019726348,0.7114845942452854,1.0,18,0.7317305882212627,medium
8,cumulative_infected,0.5703929418377811,0.5801322968190243,0.5257168759126216,0.22482217639782553,0.41717020082887757,0.6566147366283985,0.3437872875496396,1.0247415836642175,0.23944453579952096,0.6809542961145779,1.0,1.0,0.009739354981243231,-0.04467606592515949,0.04467606592515949,0.0019959508665491972,0.11156873180092841,0.15681117019726348,0.7114845942452854,1.0,18,0.7317305882212627,medium
8,early_growth_slope,-0.0010155125831564265,0.0002789780272420715,0.0002726834749669908,0.002268702437910295,-0.0011378796793689526,0.001956818634339253,-0.003666340414479019,0.004250822725866565,0.0030946983137082056,0.007917163140345584,1.0,1.0,0.001294490610398498,0.0012881960581234172,0.0012881960581234172,1.6594490841647105e-06,0.11156873180092841,0.15681117019726348,0.7114845942452854,1.0,18,0.7317305882212627,medium
9,peak_time,49.0,18.85,15.5,15.158006185351406,5.0,30.0,0.9500000000000002,45.0,25.0,44.05,0.0,0.0,-30.15,-33.5,33.5,1122.25,0.23029385193398222,0.44767180634751347,0.5144256320560254,1.0,22,0.7075162487380368,medium
9,peak_height,0.05017455667257309,0.04814390817657113,0.04722323454916477,0.010323479365848745,0.040397980250418186,0.05496062245219946,0.03416986595839262,0.06765472181141377,0.014562642201781273,0.03348485585302115,1.0,1.0,-0.0020306484960019577,-0.0029513221234083176,0.0029513221234083176,8.71030227611938e-06,0.23029385193398222,0.44767180634751347,0.5144256320560254,1.0,22,0.7075162487380368,medium
9,cumulative_infected,0.5551983044279041,0.4890872975685477,0.45218334000674076,0.1761221059327911,0.37484267117542913,0.554953485592705,0.2908673411089694,0.8567272157291881,0.18011081441727583,0.5658598746202187,0.0,1.0,-0.06611100685935639,-0.10301496442116331,0.10301496442116331,0.010612082894693543,0.23029385193398222,0.44767180634751347,0.5144256320560254,1.0,22,0.7075162487380368,medium
9,early_growth_slope,-0.0018517902575521945,-8.154177677689736e-05,2.8540191124193936e-05,0.0021617138386471175,-0.0015758427388001491,0.0009316058269524502,-0.003496111455305728,0.00356466505244108,0.002507448565752599,0.007060776507746808,0.0,1.0,0.001770248480775297,0.0018803304486763885,0.0018803304486763885,3.5356425962195484e-06,0.23029385193398222,0.44767180634751347,0.5144256320560254,1.0,22,0.7075162487380368,medium
10,peak_time,26.0,22.49,23.0,14.115322285811374,10.0,35.0,1.0,44.05,25.0,43.05,1.0,1.0,-3.5100000000000016,-3.0,3.0,9.0,0.3609055792564898,0.35906641798880407,1.0051220642631724,1.0,27,0.8417085511923045,medium
10,peak_height,0.04309995472431183,0.05022865457460284,0.048613427206873894,0.012250104449780483,0.04199506435543299,0.055663430131971836,0.033163699135184285,0.07290457040071487,0.013668365776538849,0.03974087126553058,1.0,1.0,0.0071286998502910134,0.005513472482562065,0.005513472482562065,3.03983788159691e-05,0.3609055792564898,0.35906641798880407,1.0051220642631724,1.0,27,0.8417085511923045,medium
10,cumulative_infected,0.5593161850702018,0.5171003858252515,0.45334409004135523,0.22976204409877413,0.38476204318430973,0.5642230598896276,0.2927744248372619,0.961295788316056,0.1794610167053179,0.6685213634787941,1.0,1.0,-0.042215799244950225,-0.10597209502884652,0.10597209502884652,0.011230084924802878,0.3609055792564898,0.35906641798880407,1.0051220642631724,1.0,27,0.8417085511923045,medium
10,early_growth_slope,-0.00259751210632246,-0.0005925033778389436,-0.0006868106942246885,0.0024880734702834115,-0.001985179538938349,0.0011011323991364664,-0.0052029380699553105,0.003448177704731711,0.0030863119380748153,0.008651115774687022,0.0,1.0,0.0020050087284835165,0.0019107014120977716,0.0019107014120977716,3.6507798861924183e-06,0.3609055792564898,0.35906641798880407,1.0051220642631724,1.0,27,0.8417085511923045,medium
11,peak_time,44.0,26.65,27.0,15.10259526831014,13.0,40.0,3.0,49.0,27.0,46.0,0.0,1.0,-17.35,-17.0,17.0,289.0,0.44794558198099554,0.4746206425761153,0.9437970913984386,1.0,14,0.8052226865257957,medium
11,peak_height,0.053813353180885315,0.05182581905275583,0.04956418089568615,0.014047377588460527,0.04142051935195923,0.05749193765223026,0.033376714959740636,0.08008188009262084,0.016071418300271034,0.0467051651328802,1.0,1.0,-0.0019875341281294853,-0.004249172285199165,0.004249172285199165,1.8055465109304697e-05,0.44794558198099554,0.4746206425761153,0.9437970913984386,1.0,14,0.8052226865257957,medium
11,cumulative_infected,0.47996506793424487,0.5678055962527105,0.4700894372072071,0.3147686921633968,0.4084733211857383,0.5729152999301732,0.3257445036433637,1.3343881424167192,0.1644419787444349,1.0086436387733555,1.0,1.0,0.08784052831846567,-0.009875630727037787,0.009875630727037787,9.75280822568129e-05,0.44794558198099554,0.4746206425761153,0.9437970913984386,1.0,14,0.8052226865257957,medium
11,early_growth_slope,-0.0014225641536454304,-0.0002848548534374062,-0.0001713892956364097,0.0023173549879656145,-0.0015296077274667484,0.001137890274375899,-0.004300623148412252,0.003133219138267337,0.0026674980018426475,0.007433842286679589,1.0,1.0,0.0011377093002080242,0.0012511748580090207,0.0012511748580090207,1.565438525313893e-06,0.44794558198099554,0.4746206425761153,0.9437970913984386,1.0,14,0.8052226865257957,medium
12,peak_time,11.0,12.04,12.0,1.0910100963341403,11.0,13.0,10.0,14.0,2.0,4.0,1.0,1.0,1.0399999999999991,1.0,1.0,1.0,0.7036870134530332,0.24238062337150323,2.9032313048162823,1.0,24,0.8263130350575905,medium
12,peak_height,0.28544649481773376,0.29308089166879653,0.2927094101905823,0.02009309433372484,0.27863752096891403,0.30611446499824524,0.2638003289699554,0.3282967761158943,0.027476944029331207,0.06449644714593888,1.0,1.0,0.0076343968510627636,0.007262915372848511,0.007262915372848511,5.274993971315922e-05,0.7036870134530332,0.24238062337150323,2.9032313048162823,1.0,24,0.8263130350575905,medium
12,cumulative_infected,4.098830382223241,3.8950748612259485,3.8877155762165785,0.1991885051308464,3.7742963565542595,4.014458974656009,3.569367987989972,4.224017383158206,0.2401626181017491,0.6546493951682346,0.0,1.0,-0.20375552099729255,-0.21111480600666255,0.21111480600666255,0.04456946131523076,0.7036870134530332,0.24238062337150323,2.9032313048162823,1.0,24,0.8263130350575905,medium
12,early_growth_slope,0.016826990991830822,0.018650027791844048,0.018860474633540774,0.003085507034195467,0.016804485257515413,0.020833577580993905,0.012779600568215494,0.023102548159797492,0.004029092323478492,0.010322947591581998,1.0,1.0,0.001823036800013226,0.0020334836417099517,0.0020334836417099517,4.135055721101967e-06,0.7036870134530332,0.24238062337150323,2.9032313048162823,1.0,24,0.8263130350575905,medium
13,peak_time,28.0,21.87,23.5,15.735602686875135,6.0,34.25,0.0,48.0,28.25,48.0,1.0,1.0,-6.129999999999999,-4.5,4.5,20.25,0.18081919624801662,0.4351130803004421,0.4155682842794853,1.0,18,0.6131970897316972,medium
13,peak_height,0.049422428011894226,0.049891748894006015,0.05024891719222069,0.011098386815108769,0.04149989131838083,0.055474438704550266,0.03370001297444105,0.07000577338039875,0.013974547386169434,0.0363057604059577,1.0,1.0,0.00046932088211178863,0.0008264891803264618,0.0008264891803264618,6.830843651967067e-07,0.18081919624801662,0.4351130803004421,0.4155682842794853,1.0,18,0.6131970897316972,medium
13,cumulative_infected,0.39403512471471913,0.524496555298174,0.47382226937224914,0.20186092649090362,0.4181792096205754,0.5872689801035449,0.3233534326624067,0.8864583625083469,0.16908977048296947,0.5631049298459402,0.0,1.0,0.13046143058345483,0.07978714465753001,0.07978714465753001,0.006365988452601619,0.18081919624801662,0.4351130803004421,0.4155682842794853,1.0,18,0.6131970897316972,medium
13,early_growth_slope,-0.003928359941623748,-0.0009381522293544235,-0.0005972819386183147,0.0022138959816325747,-0.0022909435009794486,0.0005024445126764496,-0.005163824800928564,0.0020899219507728483,0.0027933880136558984,0.007253746751701412,0.0,1.0,0.002990207712269324,0.003331078003005433,0.003331078003005433,1.1096080662106663e-05,0.18081919624801662,0.4351130803004421,0.4155682842794853,1.0,18,0.6131970897316972,medium
14,peak_time,11.0,10.59,11.0,1.2878217456173227,10.0,11.0,9.0,13.0,1.0,4.0,1.0,1.0,-0.41000000000000014,0.0,0.0,0.0,0.7246763239964922,0.31555762993530756,2.2964943808997997,1.0,15,0.6969559964481927,medium
14,peak_height,0.23963940143585205,0.20642816677689552,0.20528296381235123,0.018656696269946087,0.19373733922839165,0.21607893705368042,0.17759255990386008,0.23999365344643592,0.022341597825288773,0.062401093542575836,0.0,1.0,-0.033211234658956534,-0.034356437623500824,0.034356437623500824,0.001180364806177503,0.7246763239964922,0.31555762993530756,2.2964943808997997,1.0,15,0.6969559964481927,medium
14,cumulative_infected,2.4871161403134465,2.4178370890804763,2.4156319613102823,0.18148639251893076,2.293387607394834,2.5017006761281664,2.1565763935782343,2.719288893189514,0.20831306873333233,0.5627124996112798,1.0,1.0,-0.06927905123297018,-0.07148417900316417,0.07148417900316417,0.005109987847756418,0.7246763239964922,0.31555762993530756,2.2964943808997997,1.0,15,0.6969559964481927,medium
14,early_growth_slope,0.013577023476717015,0.016404155700410702,0.016922618377152716,0.003361948862315297,0.01495613012784382,0.018350648937658184,0.01028531395187158,0.02112072249356926,0.003394518809814364,0.01083540854169768,0.0,1.0,0.0028271322236936864,0.0033455949004357003,0.0033455949004357003,1.1193005237821364e-05,0.7246763239964922,0.31555762993530756,2.2964943808997997,1.0,15,0.6969559964481927,medium
15,peak_time,8.0,8.79,9.0,1.1218221108914053,8.0,10.0,7.0,11.0,2.0,4.0,1.0,1.0,0.7899999999999991,1.0,1.0,1.0,0.9988011089539213,0.42757917181989674,2.335944252622839,1.0,11,0.6066339000103788,medium
15,peak_height,0.19086970388889313,0.189060772806406,0.18139278888702393,0.0638509727056993,0.16974372789263725,0.19308613613247871,0.1567219078540802,0.2159220889210701,0.02334240823984146,0.059200181066989904,1.0,1.0,-0.001808931082487114,-0.009476915001869202,0.009476915001869202,8.981191795265353e-05,0.9988011089539213,0.42757917181989674,2.335944252622839,1.0,11,0.6066339000103788,medium
15,cumulative_infected,1.9630737139377743,2.0845857656981117,1.9228104135399917,1.6191082880133136,1.8330984353233362,2.0090677706175484,1.6972998022160026,2.2236056549638303,0.17596933529421221,0.5263058527478277,1.0,1.0,0.12151205176033741,-0.040263300397782587,0.040263300397782587,0.0016211333589220794,0.9988011089539213,0.42757917181989674,2.335944252622839,1.0,11,0.6066339000103788,medium
15,early_growth_slope,0.022953569678412302,0.020250173363560206,0.019453220989643815,0.010779045347305005,0.01702814784221118,0.021557200704202317,0.013469117327171952,0.024556212244732742,0.004529052861991137,0.01108709491756079,0.0,1.0,-0.002703396314852096,-0.003500348688768487,0.003500348688768487,1.2252440942963266e-05,0.9988011089539213,0.42757917181989674,2.335944252622839,1.0,11,0.6066339000103788,medium
16,peak_time,18.0,19.4,18.0,10.538050343896876,12.0,24.25,5.0,41.05,12.25,36.05,1.0,1.0,1.3999999999999986,0.0,0.0,0.0,0.6302210940873372,0.4870612774380742,1.293925678925409,1.0,25,0.7425613893365448,medium
16,peak_height,0.0860561802983284,0.07168992873281241,0.06753579154610634,0.01969303641478476,0.05736159533262253,0.08650178089737892,0.04570405296981335,0.10263434909284115,0.029140185564756393,0.0569302961230278,1.0,1.0,-0.014366251565515992,-0.01852038875222206,0.01852038875222206,0.00034300479953343344,0.6302210940873372,0.4870612774380742,1.293925678925409,1.0,25,0.7425613893365448,medium
16,cumulative_infected,0.9833428544297931,1.039265955752744,1.0478956787846982,0.37769001410546593,0.7503792573115788,1.254505623910518,0.48961925618332314,1.6311451030313036,0.5041263665989391,1.1415258468479803,1.0,1.0,0.05592310132295086,0.06455282435490517,0.06455282435490517,0.004167067132195238,0.6302210940873372,0.4870612774380742,1.293925678925409,1.0,25,0.7425613893365448,medium
16,early_growth_slope,0.0017892327381386645,0.0009454564806366682,0.0009740170540421139,0.002592743483571483,-0.0009400953782633647,0.0028134068935677142,-0.003206593516681872,0.005116355723224666,0.003753502271831079,0.008322949239906539,1.0,1.0,-0.0008437762575019964,-0.0008152156840965507,0.0008152156840965507,6.645766115970071e-07,0.6302210940873372,0.4870612774380742,1.293925678925409,1.0,25,0.7425613893365448,medium
17,peak_time,13.0,13.03,13.0,0.9582707489445915,12.0,14.0,11.95,14.049999999999997,2.0,2.099999999999998,1.0,1.0,0.02999999999999936,0.0,0.0,0.0,0.5944520074305675,0.17897754290578843,3.321377630843215,1.0,19,0.8232171572448985,medium
17,peak_height,0.36704203486442566,0.34365752607584,0.3436509519815445,0.02166177629245216,0.3291274160146713,0.3569308742880821,0.30802051872015,0.37690364122390746,0.027803458273410797,0.06888312250375744,0.0,1.0,-0.023384508788585667,-0.023391082882881165,0.023391082882881165,0.0005471427584338162,0.5944520074305675,0.17897754290578843,3.321377630843215,1.0,19,0.8232171572448985,medium
17,cumulative_infected,5.152877005981281,5.048887294092492,5.035107274306938,0.21010481436652886,4.883559280599002,5.196989955089521,4.722456462675472,5.402686991181691,0.31343067449051887,0.6802305285062182,1.0,1.0,-0.10398971188878914,-0.11776973167434335,0.11776973167434335,0.01386970969864683,0.5944520074305675,0.17897754290578843,3.321377630843215,1.0,19,0.8232171572448985,medium
17,early_growth_slope,0.0204232290797379,0.017275907273708414,0.017359713735502387,0.00309794394567872,0.015082816937051357,0.019052795835748485,0.012589663687339494,0.02254400650715632,0.003969978898697128,0.009954342819816825,0.0,1.0,-0.0031473218060294877,-0.0030635153442355144,0.0030635153442355144,9.385126264366442e-06,0.5944520074305675,0.17897754290578843,3.321377630843215,1.0,19,0.8232171572448985,medium
18,peak_time,31.0,19.49,18.0,13.669619045477633,7.0,29.25,1.0,44.05,22.25,43.05,0.0,1.0,-11.510000000000002,-13.0,13.0,169.0,0.4738606305599463,0.4339325344147586,1.0920145252511164,1.0,17,0.7009032028767788,medium
18,peak_height,0.056546445935964584,0.052295138724148274,0.05008300952613354,0.014353003581232707,0.04192251153290272,0.06112902984023094,0.032485109940171245,0.07812667079269886,0.019206518307328224,0.045641560852527616,1.0,1.0,-0.00425130721181631,-0.006463436409831047,0.006463436409831047,4.1776010223929655e-05,0.4738606305599463,0.4339325344147586,1.0920145252511164,1.0,17,0.7009032028767788,medium
18,cumulative_infected,0.6492095676367171,0.6023528204362492,0.5099355075326457,0.3205488325692338,0.410694283110729,0.6703281284135301,0.3291410499761696,1.1405537767626808,0.2596338453028011,0.8114127267865112,1.0,1.0,-0.04685674720046795,-0.1392740601040714,0.1392740601040714,0.01939726381787249,0.4738606305599463,0.4339325344147586,1.0920145252511164,1.0,17,0.7009032028767788,medium
18,early_growth_slope,0.0018207530651818066,-5.516613410777765e-05,-7.35755588504522e-05,0.002446451565613092,-0.0015713779991658925,0.0012432315291204885,-0.0035468403202512044,0.00400068196953119,0.002814609528286381,0.007547522289782395,0.0,1.0,-0.0018759191992895842,-0.0018943286240322588,0.0018943286240322588,3.588480935827951e-06,0.4738606305599463,0.4339325344147586,1.0920145252511164,1.0,17,0.7009032028767788,medium
19,peak_time,28.0,22.77,24.0,14.122018770041842,8.0,36.0,1.0,43.05,28.0,42.05,1.0,1.0,-5.23,-4.0,4.0,16.0,0.430478238034949,0.45766375914690993,0.9405993580032751,1.0,26,0.6440590098011918,medium
19,peak_height,0.05132761970162392,0.05033934824168682,0.049306584522128105,0.01050103339362675,0.0437951385974884,0.055025093257427216,0.03662269543856382,0.06619033925235271,0.011229954659938812,0.029567643813788888,1.0,1.0,-0.0009882714599370943,-0.0020210351794958115,0.0020210351794958115,4.084583196759667e-06,0.430478238034949,0.45766375914690993,0.9405993580032751,1.0,26,0.6440590098011918,medium
19,cumulative_infected,0.5647763883462176,0.5468883649207601,0.49368582290480845,0.2133076068596515,0.41743428887275513,0.5902771498076618,0.345282467668585,0.8755994462990199,0.17284286093490664,0.5303169786304349,1.0,1.0,-0.017888023425457478,-0.07109056544140913,0.07109056544140913,0.0050538684947792735,0.430478238034949,0.45766375914690993,0.9405993580032751,1.0,26,0.6440590098011918,medium
19,early_growth_slope,-0.002547467659626685,-0.00029585606064799823,7.532997101190848e-06,0.0021257724597434674,-0.0018781146656172997,0.0010339039498441182,-0.0036124235850625774,0.0035185439358299047,0.0029120186154614177,0.007130967520892482,0.0,1.0,0.002251611598978687,0.002555000656727876,0.002555000656727876,6.528028355879878e-06,0.430478238034949,0.45766375914690993,0.9405993580032751,1.0,26,0.6440590098011918,medium
20,peak_time,26.0,19.9,18.5,12.759231160143615,9.0,29.0,1.0,41.0,20.0,40.0,1.0,1.0,-6.100000000000001,-7.5,7.5,56.25,0.39526299556551747,0.3237674436912044,1.2208237834515026,1.0,10,0.6155048797619012,medium
20,peak_height,0.0666109025478363,0.05560083642601967,0.05408667214214802,0.013182098575708059,0.04616421926766634,0.061096434481441975,0.03860578238964081,0.07827851325273513,0.014932215213775635,0.03967273086309432,0.0,1.0,-0.011010066121816632,-0.012524230405688286,0.012524230405688286,0.00015685634725476696,0.39526299556551747,0.3237674436912044,1.2208237834515026,1.0,10,0.6155048797619012,medium
20,cumulative_infected,0.793501288862899,0.6866702578499531,0.6082090907875681,0.2593221389506225,0.4942712296597165,0.812677354682819,0.4095800023234915,1.1641692579141818,0.3184061250231025,0.7545892555906903,1.0,1.0,-0.10683103101294589,-0.18529219807533082,0.18529219807533082,0.034333198667587626,0.39526299556551747,0.3237674436912044,1.2208237834515026,1.0,10,0.6155048797619012,medium
20,early_growth_slope,-0.0036482509208976112,0.00015475980605049846,0.00025552514056298187,0.0024817514605039526,-0.0015198734694249207,0.0016157775964876192,-0.00378653599431605,0.003838245632332039,0.00313565106591254,0.007624781626648088,0.0,1.0,0.0038030107269481097,0.003903776061460593,0.003903776061460593,1.523946753803278e-05,0.39526299556551747,0.3237674436912044,1.2208237834515026,1.0,10,0.6155048797619012,medium
21,peak_time,11.0,11.72,12.0,1.1016974964741337,11.0,12.0,10.0,14.0,1.0,4.0,1.0,1.0,0.7200000000000006,1.0,1.0,1.0,0.6797960631841291,0.19554474278551498,3.4764220888810575,1.0,29,0.6681140923246772,medium
21,peak_height,0.35941141843795776,0.3505093088746071,0.3505438417196274,0.017276608598787,0.3388379067182541,0.3621941953897476,0.3247128054499626,0.37908778339624405,0.02335628867149353,0.05437497794628143,1.0,1.0,-0.00890210956335069,-0.008867576718330383,0.008867576718330383,7.863391685547505e-05,0.6797960631841291,0.19554474278551498,3.4764220888810575,1.0,29,0.6681140923246772,medium
21,cumulative_infected,4.927879909053445,4.720582276539717,4.7222213742206804,0.19198855210960472,4.575609775958583,4.850488702222719,4.44368678406172,4.992428837859188,0.2748789262641367,0.5487420537974677,0.0,1.0,-0.20729763251372813,-0.20565853483276442,0.20565853483276442,0.042295432949559376,0.6797960631841291,0.19554474278551498,3.4764220888810575,1.0,29,0.6681140923246772,medium
21,early_growth_slope,0.025777626183948337,0.0230958908651796,0.022916415107569522,0.003777965400520287,0.02013845748608998,0.025892921627452034,0.016908706208812952,0.02849532541974136,0.005754464141362055,0.01158661921092841,1.0,1.0,-0.002681735318768738,-0.0028612110763788154,0.0028612110763788154,8.18652882359282e-06,0.6797960631841291,0.19554474278551498,3.4764220888810575,1.0,29,0.6681140923246772,medium
22,peak_time,11.0,11.48,11.0,1.141326536371718,11.0,12.0,10.0,14.0,1.0,4.0,1.0,1.0,0.4800000000000004,0.0,0.0,0.0,0.6600373336854544,0.2195236726740215,3.006679533216298,1.0,12,0.7465472483886284,medium
22,peak_height,0.31537264585494995,0.273048891723156,0.2734464854001999,0.017159220648318235,0.2609085664153099,0.28349050134420395,0.2465801417827606,0.29838843643665314,0.022581934928894043,0.05180829465389253,0.0,0.0,-0.042323754131793956,-0.04192616045475006,0.04192616045475006,0.0017578029304774478,0.6600373336854544,0.2195236726740215,3.006679533216298,1.0,12,0.7465472483886284,medium
22,cumulative_infected,3.6535286075086333,3.5059451646833395,3.4950277735479176,0.16933258807141402,3.3926911077287514,3.6586053063801955,3.2426102228520906,3.744384118192829,0.26591419865144417,0.5017738953407385,1.0,1.0,-0.1475834428252938,-0.15850083396071568,0.15850083396071568,0.02512251436624236,0.6600373336854544,0.2195236726740215,3.006679533216298,1.0,12,0.7465472483886284,medium
22,early_growth_slope,0.019639320006327964,0.01834124862762499,0.018143166354136715,0.0033068874234388774,0.016113700004227988,0.020755027831044222,0.012976366712038206,0.023689300704947003,0.004641327826816234,0.010712933992908798,1.0,1.0,-0.001298071378702973,-0.001496153652191249,0.001496153652191249,2.238475750965213e-06,0.6600373336854544,0.2195236726740215,3.006679533216298,1.0,12,0.7465472483886284,medium
23,peak_time,46.0,25.69,26.0,16.49774701483983,8.75,42.0,2.0,48.05,33.25,46.05,0.0,1.0,-20.31,-20.0,20.0,400.0,0.18786058119282262,0.12694729312167113,1.4798313266338798,1.0,14,0.7718382098821421,medium
23,peak_height,0.0825924426317215,0.07110556613653898,0.06257446855306625,0.02901584133363487,0.05048994533717632,0.08166073635220528,0.03810507785528898,0.1282224230468273,0.031170791015028954,0.09011734519153831,0.0,1.0,-0.011486876495182513,-0.020017974078655243,0.020017974078655243,0.0004007192862137132,0.18786058119282262,0.12694729312167113,1.4798313266338798,1.0,14,0.7718382098821421,medium
23,cumulative_infected,1.5459357569925487,1.1406037583856277,0.8486257227777969,0.7576150193695714,0.5544645016270806,1.6593265606788918,0.42495153383852086,2.673462076806754,1.1048620590518112,2.248510542968233,1.0,1.0,-0.40533199860692104,-0.6973100342147518,0.6973100342147518,0.48624128381657833,0.18786058119282262,0.12694729312167113,1.4798313266338798,1.0,14,0.7718382098821421,medium
23,early_growth_slope,0.001113314791360781,-5.221533116257698e-05,-6.8785004606022996e-06,0.0025883533162783545,-0.0016980183801414167,0.001462072216478797,-0.003968815223548256,0.004736235981441232,0.0031600905966202137,0.008705051204989489,1.0,1.0,-0.001165530122523358,-0.0011201932918213833,0.0011201932918213833,1.2548330110416266e-06,0.18786058119282262,0.12694729312167113,1.4798313266338798,1.0,14,0.7718382098821421,medium
24,peak_time,23.0,21.9,20.0,15.251759295771803,8.75,35.0,0.0,47.05,26.25,47.05,1.0,1.0,-1.1000000000000014,-3.0,3.0,9.0,0.12836989260319476,0.31991657554250685,0.40126052357714875,1.0,15,0.7634437046879599,medium
24,peak_height,0.043097395449876785,0.05113769732415676,0.048205405473709106,0.0131245511193672,0.04282769560813904,0.057449315674602985,0.035471946373581885,0.0732965312898159,0.014621620066463947,0.03782458491623402,1.0,1.0,0.008040301874279975,0.005108010023832321,0.005108010023832321,2.609176640357147e-05,0.12836989260319476,0.31991657554250685,0.40126052357714875,1.0,15,0.7634437046879599,medium
24,cumulative_infected,0.4460457017412409,0.5126944318913229,0.4494718788191676,0.2621300288989513,0.3847550527061685,0.5637946846036357,0.3131646603651461,0.8444806997722478,0.1790396318974672,0.5313160394071017,1.0,1.0,0.06664873015008199,0.0034261770779266953,0.0034261770779266953,1.1738689369310309e-05,0.12836989260319476,0.31991657554250685,0.40126052357714875,1.0,15,0.7634437046879599,medium
24,early_growth_slope,-0.001577690842428378,-0.0003470949620445712,-0.0002783573041337399,0.002246388931287483,-0.0016070986208173296,0.0012520974605216735,-0.004052157046213061,0.0030722815676459234,0.002859196081339003,0.007124438613858985,1.0,1.0,0.0012305958803838068,0.0012993335382946382,0.0012993335382946382,1.688267643737264e-06,0.12836989260319476,0.31991657554250685,0.40126052357714875,1.0,15,0.7634437046879599,medium
25,peak_time,9.0,10.09,10.0,0.9438262980061962,9.0,11.0,9.0,12.0,2.0,3.0,1.0,1.0,1.0899999999999999,1.0,1.0,1.0,0.7827163714981868,0.06916441825195252,11.316749150508334,1.0,10,0.8076623162312224,medium
25,peak_height,0.6879571676254272,0.6716120171546937,0.6676529049873352,0.029077269997336966,0.6526182442903519,0.690635621547699,0.6323164820671081,0.7145132303237915,0.03801737725734711,0.08219674825668344,1.0,1.0,-0.016345150470733594,-0.02030426263809204,0.02030426263809204,0.00041226308127662037,0.7827163714981868,0.06916441825195252,11.316749150508334,1.0,10,0.8076623162312224,medium
25,cumulative_infected,11.416472341865301,12.203598453552695,12.064316974952817,0.7427442932939189,11.644375069998205,12.731055999174714,11.075764248182532,13.288937117147725,1.0866809291765094,2.2131728689651933,0.0,1.0,0.7871261116873942,0.6478446330875158,0.6478446330875158,0.41970266862029804,0.7827163714981868,0.06916441825195252,11.316749150508334,1.0,10,0.8076623162312224,medium
25,early_growth_slope,0.0725251306624462,0.06743015675418149,0.06863512780927564,0.010049975353518693,0.060328948436238386,0.07498807544886532,0.05040858761460098,0.0817205929341504,0.014659127012626935,0.031312005319549426,1.0,1.0,-0.005094973908264716,-0.0038900028531705655,0.0038900028531705655,1.513212219767514e-05,0.7827163714981868,0.06916441825195252,11.316749150508334,1.0,10,0.8076623162312224,medium
26,peak_time,10.0,9.23,9.0,0.8744984132332515,9.0,10.0,8.0,11.0,1.0,3.0,1.0,1.0,-0.7699999999999996,-1.0,1.0,1.0,0.8195636162285397,0.08260686555079247,9.921253043121636,1.0,21,0.6918582348144867,medium
26,peak_height,0.6772469878196716,0.6551167327165603,0.6564175188541412,0.02686903696584625,0.6388895064592361,0.6703948527574539,0.614057856798172,0.6981192857027053,0.03150534629821777,0.08406142890453328,0.0,1.0,-0.022130255103111285,-0.020829468965530396,0.020829468965530396,0.0004338667773859939,0.8195636162285397,0.08260686555079247,9.921253043121636,1.0,21,0.6918582348144867,medium
26,cumulative_infected,10.59622399136424,10.360442765434708,10.339219439774752,0.5077083218388224,10.021704030950787,10.664237648015842,9.550413533471874,11.297496485919691,0.6425336170650553,1.7470829524478173,1.0,1.0,-0.2357812259295322,-0.257004551589489,0.257004551589489,0.0660513395377143,0.8195636162285397,0.08260686555079247,9.921253043121636,1.0,21,0.6918582348144867,medium
26,early_growth_slope,0.08006384385572302,0.07738542491652055,0.07848536502015555,0.0102443846428171,0.07178684037145491,0.08410313993781093,0.05608114271169704,0.09097544773332107,0.01231629956635602,0.03489430502162403,1.0,1.0,-0.0026784189392024677,-0.0015784788355674706,0.0015784788355674706,2.491595434334438e-06,0.8195636162285397,0.08260686555079247,9.921253043121636,1.0,21,0.6918582348144867,medium
27,peak_time,14.0,14.42,14.0,2.916965352671654,12.0,16.0,10.0,20.0,4.0,10.0,1.0,1.0,0.41999999999999993,0.0,0.0,0.0,0.6349084326465952,0.3618910654385336,1.7544186449511365,1.0,15,0.760202177707217,medium
27,peak_height,0.11088752001523972,0.12255081661045551,0.12339484319090843,0.01837321757003633,0.10867791809141636,0.13351917639374733,0.09560553543269634,0.15549652576446532,0.02484125830233097,0.05989099033176898,1.0,1.0,0.011663296595215797,0.012507323175668716,0.012507323175668716,0.00015643313302061979,0.6349084326465952,0.3618910654385336,1.7544186449511365,1.0,15,0.760202177707217,medium
27,cumulative_infected,1.7980247295927256,1.8108576257112146,1.802377770858584,0.1860019811182896,1.665693972739973,1.9338628369150683,1.5572833339894714,2.132137061981484,0.2681688641750952,0.5748537279920127,1.0,1.0,0.012832896118488923,0.004353041265858337,0.004353041265858337,1.8948968262265555e-05,0.6349084326465952,0.3618910654385336,1.7544186449511365,1.0,15,0.760202177707217,medium
27,early_growth_slope,0.007384644983436113,0.005160783661631285,0.005080167578333722,0.002734053959456945,0.0033352437284996815,0.007008225839984204,0.000577487723924042,0.00961359456961786,0.003672982111484522,0.009036106845693817,0.0,1.0,-0.002223861321804828,-0.002304477405102391,0.002304477405102391,5.31061611062745e-06,0.6349084326465952,0.3618910654385336,1.7544186449511365,1.0,15,0.760202177707217,medium
28,peak_time,16.0,15.07,15.0,1.174260996920569,14.0,16.0,13.0,17.0,2.0,4.0,1.0,1.0,-0.9299999999999997,-1.0,1.0,1.0,0.5107485756648902,0.1238162410822401,4.125053152967594,1.0,25,0.8456471274788138,medium
28,peak_height,0.44498422741889954,0.41613791048526766,0.4150141030550003,0.01839772750971244,0.40444493293762207,0.4287613332271576,0.39067690521478654,0.44801308810710905,0.024316400289535522,0.05733618289232251,0.0,1.0,-0.028846316933631877,-0.02997012436389923,0.02997012436389923,0.0008982083543875863,0.5107485756648902,0.1238162410822401,4.125053152967594,1.0,25,0.8456471274788138,medium
28,cumulative_infected,7.452526174951345,7.435163135971671,7.397229138703551,0.3167790039312512,7.234804972424172,7.607475483149756,6.982546278275549,7.997108067996305,0.3726705107255839,1.014561789720756,1.0,1.0,-0.017363038979674172,-0.055297036247793585,0.055297036247793585,0.003057762217789798,0.5107485756648902,0.1238162410822401,4.125053152967594,1.0,25,0.8456471274788138,medium
28,early_growth_slope,0.017406040697269847,0.014706723078246187,0.014804129456890566,0.0029037943182224444,0.012756612229471402,0.01672914721642709,0.010545991435425266,0.019303925165496318,0.003972534986955689,0.008757933730071051,0.0,1.0,-0.00269931761902366,-0.002601911240379281,0.002601911240379281,6.769942102812048e-06,0.5107485756648902,0.1238162410822401,4.125053152967594,1.0,25,0.8456471274788138,medium
29,peak_time,11.0,12.97,13.0,2.397199544586486,11.0,14.0,9.0,17.0,3.0,8.0,1.0,1.0,1.9700000000000006,2.0,2.0,4.0,0.6957981250833342,0.39236405685430786,1.7733482793040267,1.0,19,0.7504366643627467,medium
29,peak_height,0.1326686143875122,0.13448272794485092,0.1326465606689453,0.016865977527501526,0.1214937474578619,0.14749007672071457,0.11097389720380306,0.16104328408837318,0.02599632926285267,0.05006938688457012,1.0,1.0,0.001814113557338709,-2.205371856689453e-05,2.205371856689453e-05,4.863665026277886e-10,0.6957981250833342,0.39236405685430786,1.7733482793040267,1.0,19,0.7504366643627467,medium
29,cumulative_infected,1.8102706233039498,1.8776798856610548,1.856284926761873,0.16034836299330837,1.7669245045690332,1.9778810392017476,1.592379528103629,2.1419822990574175,0.21095653463271447,0.5496027709537885,1.0,1.0,0.06740926235710498,0.046014303457923234,0.046014303457923234,0.002117316122717846,0.6957981250833342,0.39236405685430786,1.7733482793040267,1.0,19,0.7504366643627467,medium
29,early_growth_slope,0.008839280865642994,0.007446264484044928,0.007622087341068045,0.0030651789148267447,0.00499738581406529,0.009682766910243244,0.0026886877939215903,0.012266675965778021,0.004685381096177954,0.009577988171856431,1.0,1.0,-0.001393016381598067,-0.0012171935245749495,0.0012171935245749495,1.4815600762671882e-06,0.6957981250833342,0.39236405685430786,1.7733482793040267,1.0,19,0.7504366643627467,medium
30,peak_time,12.0,11.57,11.0,0.9239244361073927,11.0,12.0,10.0,13.0,1.0,3.0,1.0,1.0,-0.4299999999999997,-1.0,1.0,1.0,0.6716084571822954,0.14925166495291192,4.499838962561552,1.0,21,0.6047239606518582,medium
30,peak_height,0.4486597776412964,0.4208140534162521,0.41749612987041473,0.0225830586097622,0.40396855026483536,0.4380975291132927,0.3889306217432022,0.45693062394857403,0.034128978848457336,0.06800000220537183,0.0,1.0,-0.027845724225044277,-0.031163647770881653,0.031163647770881653,0.000971172942387577,0.6716084571822954,0.14925166495291192,4.499838962561552,1.0,21,0.6047239606518582,medium
30,cumulative_infected,6.0778594282019185,5.881324237031268,5.910378283821046,0.2598523634544622,5.706479692773428,6.066826769791078,5.5213639592438994,6.261558210485964,0.36034707701765,0.7401942512420643,0.0,1.0,-0.19653519117065077,-0.16748114438087214,0.16748114438087214,0.02804993372312654,0.6716084571822954,0.14925166495291192,4.499838962561552,1.0,21,0.6047239606518582,medium
30,early_growth_slope,0.032511730497520014,0.0290645748156362,0.028897080365346647,0.004213076794479271,0.0257045691678719,0.03184392117795401,0.023076097362597157,0.03631774110059874,0.0061393520100821095,0.01324164373800158,0.0,1.0,-0.0034471556818838137,-0.0036146501321733665,0.0036146501321733665,1.3065695578020935e-05,0.6716084571822954,0.14925166495291192,4.499838962561552,1.0,21,0.6047239606518582,medium
31,peak_time,43.0,41.98,42.0,4.032644569289764,39.0,45.0,36.0,49.0,6.0,13.0,1.0,1.0,-1.0200000000000031,-1.0,1.0,1.0,0.2068050969301416,0.08062871150634021,2.5649063846676943,1.0,14,0.837564895536593,medium
31,peak_height,0.22708474099636078,0.25142143964767455,0.2534330487251282,0.05919125580715778,0.2180718369781971,0.2894502207636833,0.15286892876029015,0.33688997179269786,0.07137838378548622,0.1840210430324077,1.0,1.0,0.02433669865131377,0.026348307728767395,0.026348307728767395,0.0006942333201698236,0.2068050969301416,0.08062871150634021,2.5649063846676943,1.0,14,0.837564895536593,medium
31,cumulative_infected,5.3386794636026025,5.875713028511236,5.882742928049993,1.5106737733224407,4.990590193076059,7.076827488373965,2.8235862677829573,8.015553417475894,2.086237295297906,5.191967149692937,1.0,1.0,0.5370335649086337,0.5440634644473903,0.5440634644473903,0.29600505334649674,0.2068050969301416,0.08062871150634021,2.5649063846676943,1.0,14,0.837564895536593,medium
31,early_growth_slope,0.0008078121990408937,0.001658267974004654,0.001848484156653285,0.002864602405479408,-1.2062703674363972e-05,0.00374257897627623,-0.003543321749090126,0.00578669454532376,0.003754641679950594,0.009330016294413886,1.0,1.0,0.0008504557749637603,0.0010406719576123913,0.0010406719576123913,1.0829981233608067e-06,0.2068050969301416,0.08062871150634021,2.5649063846676943,1.0,14,0.837564895536593,medium
32,peak_time,12.0,10.03,10.0,1.3443108707332978,9.0,11.0,8.0,12.0,2.0,4.0,0.0,1.0,-1.9700000000000006,-2.0,2.0,4.0,0.8592888323951617,0.43156568551319413,1.9910962832305419,1.0,13,0.735831055373452,medium
32,peak_height,0.15873979032039642,0.16902127712965012,0.1669141724705696,0.018407873300784937,0.15554606169462204,0.1794917806982994,0.1429363816976547,0.20564992725849152,0.023945719003677368,0.0627135455608368,1.0,1.0,0.010281486809253698,0.008174382150173187,0.008174382150173187,6.682052353707002e-05,0.8592888323951617,0.43156568551319413,1.9910962832305419,1.0,13,0.735831055373452,medium
32,cumulative_infected,1.912357730907388,1.9266177213550622,1.9075259785895469,0.15717426495603096,1.8169107190333307,2.0017531432370106,1.7188299190798717,2.194836074485647,0.1848424242036799,0.4760061554057753,1.0,1.0,0.01425999044767412,-0.004831752317841165,0.004831752317841165,2.334583046096347e-05,0.8592888323951617,0.43156568551319413,1.9910962832305419,1.0,13,0.735831055373452,medium
32,early_growth_slope,0.012568552734418993,0.015259127261406748,0.015118173765672722,0.0035224116200913997,0.012796797229731009,0.017021472349629866,0.00996583376878074,0.021865668530309832,0.004224675119898857,0.011899834761529091,0.0,1.0,0.002690574526987755,0.002549621031253729,0.002549621031253729,6.500567403011328e-06,0.8592888323951617,0.43156568551319413,1.9910962832305419,1.0,13,0.735831055373452,medium
33,peak_time,15.0,14.91,15.0,1.5897080603594225,14.0,16.0,13.0,18.0,2.0,5.0,1.0,1.0,-0.08999999999999986,0.0,0.0,0.0,0.5797090165001361,0.2669206307902827,2.1718404260613657,1.0,21,0.7744785984827267,medium
33,peak_height,0.24345767498016357,0.1947361199557781,0.19388078898191452,0.015586048038866006,0.18364397808909416,0.2031405307352543,0.17219449058175088,0.22237117514014243,0.019496552646160126,0.050176684558391554,0.0,0.0,-0.048721555024385466,-0.049576885998249054,0.049576885998249054,0.002457867625283383,0.5797090165001361,0.2669206307902827,2.1718404260613657,1.0,21,0.7744785984827267,medium
33,cumulative_infected,3.0517909966874868,2.994896799884627,3.0103900695758057,0.20931683248365762,2.8571587230544537,3.140452164632734,2.65670248598326,3.2968209116050273,0.2832934415782802,0.6401184256217674,1.0,1.0,-0.056894196802859565,-0.041400927111681085,0.041400927111681085,0.00171403676570673,0.5797090165001361,0.2669206307902827,2.1718404260613657,1.0,21,0.7744785984827267,medium
33,early_growth_slope,0.0062799111806920585,0.007697643684351488,0.007602320368667798,0.0028235810668656718,0.005591884834107726,0.009766177753114051,0.003541433708631391,0.012059915171093526,0.0041742929190063255,0.008518481462462134,1.0,1.0,0.0014177325036594298,0.0013224091879757392,0.0013224091879757392,1.748766060442654e-06,0.5797090165001361,0.2669206307902827,2.1718404260613657,1.0,21,0.7744785984827267,medium
34,peak_time,28.0,18.9,15.0,14.041425004664456,8.0,30.25,1.0,43.0,22.25,42.0,1.0,1.0,-9.100000000000001,-13.0,13.0,169.0,0.23934825493760226,0.21245900878940055,1.1265620427272895,1.0,24,0.8042574531922656,medium
34,peak_height,0.051659367978572845,0.052782558221369985,0.05148822255432606,0.012721627923304595,0.04357521887868643,0.05865783058106899,0.03881544675678015,0.07350440956652161,0.015082611702382565,0.034688962809741465,1.0,1.0,0.0011231902427971396,-0.00017114542424678802,0.00017114542424678802,2.929075624061306e-08,0.23934825493760226,0.21245900878940055,1.1265620427272895,1.0,24,0.8042574531922656,medium
34,cumulative_infected,0.6702636785339564,0.6187051945241001,0.5203742207650066,0.3300067759357673,0.4492939174779167,0.676939584693173,0.3437900477365474,0.9880306188948449,0.22764566721525625,0.6442405711582975,1.0,1.0,-0.0515584840098563,-0.1498894577689498,0.1498894577689498,0.022466849550269785,0.23934825493760226,0.21245900878940055,1.1265620427272895,1.0,24,0.8042574531922656,medium
34,early_growth_slope,0.004050679759876359,-6.599053316308685e-05,-0.00016599088952976444,0.0024290287942037594,-0.0015190235571935762,0.001581101423306834,-0.004266742281015465,0.003299321795237205,0.00310012498050041,0.00756606407625267,0.0,0.0,-0.004116670293039445,-0.004216670649406123,0.004216670649406123,1.7780311365563055e-05,0.23934825493760226,0.21245900878940055,1.1265620427272895,1.0,24,0.8042574531922656,medium
35,peak_time,36.0,22.93,23.0,14.928283101671015,9.0,35.0,1.0,46.0,26.0,45.0,0.0,1.0,-13.07,-13.0,13.0,169.0,0.15295150961254356,0.2936694818400957,0.5208287516093562,1.0,15,0.7807491646048039,medium
35,peak_height,0.05695255100727081,0.05131672270596027,0.04802505671977997,0.01382241460506202,0.04313668143004179,0.05830506328493357,0.033788060769438744,0.07713414691388606,0.015168381854891777,0.04334608614444732,1.0,1.0,-0.0056358283013105415,-0.008927494287490845,0.008927494287490845,7.970015425318167e-05,0.15295150961254356,0.2936694818400957,0.5208287516093562,1.0,15,0.7807491646048039,medium
35,cumulative_infected,0.464041393250227,0.5703005431843939,0.4939372383087175,0.278010344976798,0.4264809787418926,0.5818763481074711,0.31650152325164527,1.1842712344572643,0.15539536936557852,0.8677697112056191,1.0,1.0,0.10625914993416696,0.029895845058490522,0.029895845058490522,0.0008937615517612722,0.15295150961254356,0.2936694818400957,0.5208287516093562,1.0,15,0.7807491646048039,medium
35,early_growth_slope,-0.0030694773262699253,-0.0002525776175179125,-0.0002064301211032119,0.002606537170151933,-0.002076284092340971,0.0012902826981319648,-0.0043734266965960444,0.0037347070285163463,0.003366566790472936,0.00810813372511239,0.0,1.0,0.0028168997087520127,0.0028630472051667136,0.0028630472051667136,8.19703929901293e-06,0.15295150961254356,0.2936694818400957,0.5208287516093562,1.0,15,0.7807491646048039,medium
36,peak_time,18.0,13.15,13.0,2.571699119966479,11.0,15.0,9.95,17.0,4.0,7.050000000000001,0.0,0.0,-4.85,-5.0,5.0,25.0,0.7536190250477713,0.48639074016934114,1.5494107161361508,1.0,21,0.7340091597545753,medium
36,peak_height,0.1234600767493248,0.12163377679884434,0.12026035040616989,0.016312286599010455,0.11086431704461575,0.1346377097070217,0.09865651726722717,0.14631608724594117,0.023773392662405968,0.047659569978714,1.0,1.0,-0.0018262999504804617,-0.0031997263431549072,0.0031997263431549072,1.0238248671079475e-05,0.7536190250477713,0.48639074016934114,1.5494107161361508,1.0,21,0.7340091597545753,medium
36,cumulative_infected,1.701454159396235,1.6954417755474196,1.6919926614500582,0.15610569421932913,1.5970530843333108,1.7922052301291842,1.4606796510575806,1.9674810256969066,0.19515214579587337,0.5068013746393261,1.0,1.0,-0.006012383848815306,-0.009461497946176678,0.009461497946176678,8.951994338550549e-05,0.7536190250477713,0.48639074016934114,1.5494107161361508,1.0,21,0.7340091597545753,medium
36,early_growth_slope,0.0002708043681368956,0.005576272228465225,0.005396081957899566,0.002926763076904308,0.00390993594451824,0.007468302179577654,0.0007669601107149257,0.0100212967592164,0.003558366235059414,0.009254336648501475,0.0,0.0,0.00530546786032833,0.00512527758976267,0.00512527758976267,2.6268470372123446e-05,0.7536190250477713,0.48639074016934114,1.5494107161361508,1.0,21,0.7340091597545753,medium
37,peak_time,20.0,17.1,17.0,1.4805131515522556,16.0,18.0,15.0,19.0,2.0,4.0,0.0,0.0,-2.8999999999999986,-3.0,3.0,9.0,0.4472476261855003,0.13575043004337173,3.294631376435466,1.0,14,0.7638771621156398,medium
37,peak_height,0.25467193126678467,0.299523389339447,0.29795317351818085,0.01909909868707391,0.28806960582733154,0.31101442128419876,0.2746629327535629,0.3305589824914932,0.022944815456867218,0.055896049737930276,0.0,0.0,0.04485145807266233,0.04328124225139618,0.04328124225139618,0.0018732659308240418,0.4472476261855003,0.13575043004337173,3.294631376435466,1.0,14,0.7638771621156398,medium
37,cumulative_infected,5.543930135667324,5.407237411839451,5.390055428419146,0.2435023814605735,5.252099519195326,5.564806381546077,5.00165470722568,5.849995482747909,0.3127068623507512,0.848340775522229,1.0,1.0,-0.13669272382787323,-0.1538747072481783,0.1538747072481783,0.02367742553071258,0.4472476261855003,0.13575043004337173,3.294631376435466,1.0,14,0.7638771621156398,medium
37,early_growth_slope,0.009562567735667382,0.008514661868451054,0.008591055110584766,0.0027406666592076174,0.006897350551471823,0.010288697715233344,0.0037416448788939126,0.012758454794675342,0.003391347163761521,0.009016809915781429,1.0,1.0,-0.0010479058672163283,-0.0009715126250826166,0.0009715126250826166,9.438367806949168e-07,0.4472476261855003,0.13575043004337173,3.294631376435466,1.0,14,0.7638771621156398,medium
38,peak_time,18.0,16.2,15.0,7.962031109832427,12.0,18.25,5.95,30.049999999999997,6.25,24.099999999999998,1.0,1.0,-1.8000000000000007,-3.0,3.0,9.0,0.6987273854548417,0.49675430785728175,1.4065854576455674,1.0,19,0.7813288782183077,medium
38,peak_height,0.07298190891742706,0.08188415091484785,0.08171606063842773,0.019436942713128704,0.06608451902866364,0.09904984198510647,0.05598503854125738,0.11558670997619629,0.03296532295644283,0.059601671434938906,1.0,1.0,0.00890224199742079,0.008734151721000671,0.008734151721000671,7.628540628545899e-05,0.6987273854548417,0.49675430785728175,1.4065854576455674,1.0,19,0.7813288782183077,medium
38,cumulative_infected,1.0771835481282324,1.227730954837998,1.2482122877263464,0.2563234694075866,1.058140728273429,1.401098165066287,0.8414273010683246,1.6369118684655404,0.34295743679285806,0.7954845673972157,1.0,1.0,0.15054740670976563,0.17102873959811404,0.17102873959811404,0.029250829768519504,0.6987273854548417,0.49675430785728175,1.4065854576455674,1.0,19,0.7813288782183077,medium
38,early_growth_slope,0.00349841643834398,0.0020159661921683265,0.0017517277904387028,0.003048910765874624,-0.00023474971974445728,0.0044067786016923835,-0.003155375696119984,0.0069968460350667405,0.0046415283214368405,0.010152221731186725,1.0,1.0,-0.0014824502461756534,-0.001746688647905277,0.001746688647905277,3.050921232721165e-06,0.6987273854548417,0.49675430785728175,1.4065854576455674,1.0,19,0.7813288782183077,medium
39,peak_time,11.0,13.4,13.5,1.8963015572317594,12.0,15.0,10.0,16.049999999999997,3.0,6.049999999999997,0.0,1.0,2.4000000000000004,2.5,2.5,6.25,0.6694462125636871,0.3598278142179852,1.8604626605049874,1.0,13,0.8029017418627697,medium
39,peak_height,0.13870172202587128,0.1427625785022974,0.14340273290872574,0.015131363979471171,0.13358359038829803,0.15250690653920174,0.11705189794301987,0.1658940240740776,0.018923316150903702,0.048842126131057734,1.0,1.0,0.004060856476426122,0.004701010882854462,0.004701010882854462,2.2099503320716085e-05,0.6694462125636871,0.3598278142179852,1.8604626605049874,1.0,13,0.8029017418627697,medium
39,cumulative_infected,2.044695647666231,2.0347690541680277,2.0329891204164596,0.17017321755195158,1.9298504383768886,2.1476378891966306,1.7669137180142571,2.2871451577346305,0.21778745081974193,0.5202314397203733,1.0,1.0,-0.009926593498203129,-0.01170652724977117,0.01170652724977117,0.00013704278024963496,0.6694462125636871,0.3598278142179852,1.8604626605049874,1.0,13,0.8029017418627697,medium
39,early_growth_slope,0.010293724250957545,0.007177986536416504,0.0073215795606042106,0.0031199182680216393,0.005014374181406484,0.009326529739112065,0.0023375679303648048,0.011599643098140532,0.004312155557705581,0.009262075167775727,0.0,1.0,-0.0031157377145410413,-0.0029721446903533347,0.0029721446903533347,8.83364406039552e-06,0.6694462125636871,0.3598278142179852,1.8604626605049874,1.0,13,0.8029017418627697,medium
40,peak_time,16.0,21.17,21.5,14.859649791270046,7.0,34.25,0.9500000000000002,45.05,27.25,44.099999999999994,1.0,1.0,5.170000000000002,5.5,5.5,30.25,0.2283612118990701,0.3841494211847604,0.5944593413541486,1.0,10,0.7021248064835328,medium
40,peak_height,0.04540713131427765,0.05044086407870054,0.04850021377205849,0.010342559028812441,0.04341641906648874,0.05767273437231779,0.036751320399343965,0.06695643253624438,0.014256315305829048,0.030205112136900414,1.0,1.0,0.005033732764422892,0.003093082457780838,0.003093082457780838,9.56715909063155e-06,0.2283612118990701,0.3841494211847604,0.5944593413541486,1.0,10,0.7021248064835328,medium
40,cumulative_infected,0.3540808670222759,0.4790097836867335,0.45992865627340507,0.1206701053433234,0.40514311949209514,0.532952093766653,0.33296856027736793,0.6516736857360227,0.12780897427455784,0.31870512545865476,0.0,1.0,0.1249289166644576,0.10584778925112914,0.10584778925112914,0.01120375448935145,0.2283612118990701,0.3841494211847604,0.5944593413541486,1.0,10,0.7021248064835328,medium
40,early_growth_slope,0.001870699115984496,-0.00016273283158841907,5.738083148442851e-06,0.002095704704406467,-0.0016079658040932055,0.0008854277922572299,-0.0035516197143893088,0.0035495888087011505,0.002493393596350435,0.007101208523090459,0.0,1.0,-0.002033431947572915,-0.0018649610328360532,0.0018649610328360532,3.478079653996918e-06,0.2283612118990701,0.3841494211847604,0.5944593413541486,1.0,10,0.7021248064835328,medium
41,peak_time,4.0,19.14,18.0,12.185452495711948,10.0,27.0,2.0,42.099999999999994,17.0,40.099999999999994,0.0,1.0,15.14,14.0,14.0,196.0,0.5188787534044307,0.4605123204438737,1.1267423918306885,1.0,30,0.7866056435418665,medium
41,peak_height,0.044853631407022476,0.05652916852384806,0.05621001869440079,0.01392609930076026,0.04689018242061138,0.06485396437346935,0.03561683464795351,0.08141446523368358,0.01796378195285797,0.04579763058573007,0.0,1.0,0.011675537116825584,0.011356387287378311,0.011356387287378311,0.00012896753222092772,0.5188787534044307,0.4605123204438737,1.1267423918306885,1.0,30,0.7866056435418665,medium
41,cumulative_infected,0.8029720766935498,0.7544421415663237,0.6882455681916326,0.33131601926471305,0.4928552773380943,0.9637910934980027,0.35546682911663086,1.3690554236236494,0.4709358161599084,1.0135885945070187,1.0,1.0,-0.04852993512722603,-0.11472650850191712,0.11472650850191712,0.013162171753040462,0.5188787534044307,0.4605123204438737,1.1267423918306885,1.0,30,0.7866056435418665,medium
41,early_growth_slope,-0.0004670135011630383,-6.572936091028336e-05,3.505375657585452e-05,0.002216021060521879,-0.0014163886877386605,0.0015325544726303114,-0.0030611529206258344,0.003304723852696559,0.002948943160368972,0.0063658767733223934,1.0,1.0,0.00040128414025275496,0.0005020672577388929,0.0005020672577388929,2.5207153129345187e-07,0.5188787534044307,0.4605123204438737,1.1267423918306885,1.0,30,0.7866056435418665,medium
42,peak_time,11.0,9.97,10.0,1.4733662412340256,9.0,11.0,8.0,12.049999999999997,2.0,4.049999999999997,1.0,1.0,-1.0299999999999994,-1.0,1.0,1.0,0.8336585751557621,0.42601242019708435,1.9568879582667804,1.0,20,0.8295602279410527,medium
42,peak_height,0.1659671664237976,0.1674503642320633,0.16892319917678833,0.01672079481946594,0.15585726127028465,0.1785443238914013,0.14037841632962228,0.1893350563943386,0.022687062621116638,0.04895664006471631,1.0,1.0,0.001483197808265696,0.0029560327529907227,0.0029560327529907227,8.73812963675391e-06,0.8336585751557621,0.42601242019708435,1.9568879582667804,1.0,20,0.8295602279410527,medium
42,cumulative_infected,1.8185362256481312,1.9070400685370623,1.9075013853580458,0.14367532196340446,1.802379890839802,1.9940188803739147,1.668031710330979,2.155829455026833,0.19163898953411262,0.4877977446958539,1.0,1.0,0.0885038428889311,0.08896515970991459,0.08896515970991459,0.00791479964221061,0.8336585751557621,0.42601242019708435,1.9568879582667804,1.0,20,0.8295602279410527,medium
42,early_growth_slope,0.01803558335329095,0.015048416483167393,0.015060919058409384,0.0034275779359325804,0.012989861735453207,0.017075109326383207,0.009167852940819492,0.020502688180602573,0.0040852475909299996,0.01133483523978308,0.0,1.0,-0.002987166870123556,-0.0029746642948815655,0.0029746642948815655,8.84862766724324e-06,0.8336585751557621,0.42601242019708435,1.9568879582667804,1.0,20,0.8295602279410527,medium
43,peak_time,20.0,22.3,21.5,11.896438648824804,14.0,28.75,3.95,44.0,14.75,40.05,1.0,1.0,2.3000000000000007,1.5,1.5,2.25,0.577418773931007,0.41611321994710554,1.3876482319028605,1.0,12,0.7578352348733635,medium
43,peak_height,0.06814892590045929,0.064293347671628,0.05985104478895664,0.019621745543021676,0.05156854446977377,0.07296142913401127,0.040404058434069155,0.09896879605948922,0.0213928846642375,0.05856473762542006,1.0,1.0,-0.0038555782288312856,-0.008297881111502647,0.008297881111502647,6.885483094063241e-05,0.577418773931007,0.41611321994710554,1.3876482319028605,1.0,12,0.7578352348733635,medium
43,cumulative_infected,1.0384464240632951,0.9102005293515413,0.8490426961434423,0.41517269353956165,0.5829025003113202,1.0967267003288725,0.4332001241629769,1.6715544626116752,0.5138242000175524,1.2383543384486984,1.0,1.0,-0.12824589471175385,-0.18940372791985283,0.18940372791985283,0.03587377214993764,0.577418773931007,0.41611321994710554,1.3876482319028605,1.0,12,0.7578352348733635,medium
43,early_growth_slope,0.0022500627008931974,0.0008722450102071717,0.0008140623533455223,0.0023687836380072253,-0.0006000001449137915,0.0024381690378677805,-0.0027824453715722813,0.0048402942705641685,0.0030381691827815723,0.00762273964213645,1.0,1.0,-0.0013778176906860257,-0.001436000347547675,0.001436000347547675,2.0620969981570438e-06,0.577418773931007,0.41611321994710554,1.3876482319028605,1.0,12,0.7578352348733635,medium
44,peak_time,8.0,21.89,21.5,14.294093574309324,8.75,33.0,1.9500000000000002,45.0,24.25,43.05,0.0,1.0,13.89,13.5,13.5,182.25,0.17574427004806742,0.2294121065452181,0.7660636253886082,1.0,30,0.8079391596165935,medium
44,peak_height,0.05374022200703621,0.04908966701477766,0.04622473940253258,0.011727825399558165,0.04182915668934584,0.05563988443464041,0.03383599687367678,0.06902491636574268,0.013810727745294571,0.0351889194920659,1.0,1.0,-0.004650554992258547,-0.007515482604503632,0.007515482604503632,5.648247877859669e-05,0.17574427004806742,0.2294121065452181,0.7660636253886082,1.0,30,0.8079391596165935,medium
44,cumulative_infected,0.5504561453126371,0.5177716246323598,0.4670121703238692,0.26179599329250824,0.3923624053422827,0.5456950402003713,0.31565984865756036,0.8740222372711283,0.15333263485808857,0.5583623886135679,0.0,1.0,-0.032684520680277274,-0.08344397498876788,0.08344397498876788,0.006962896961926119,0.17574427004806742,0.2294121065452181,0.7660636253886082,1.0,30,0.8079391596165935,medium
44,early_growth_slope,-0.0016235859061236536,-0.0005665941019292179,-0.0007135419793831664,0.002221212981536624,-0.0019329223363283307,0.0009197952372016433,-0.003949414491598002,0.0033728231581681882,0.002852717573529974,0.00732223764976619,1.0,1.0,0.0010569918041944356,0.0009100439267404872,0.0009100439267404872,8.281799485972452e-07,0.17574427004806742,0.2294121065452181,0.7660636253886082,1.0,30,0.8079391596165935,medium
45,peak_time,18.0,23.73,25.5,14.815263082443733,11.0,36.0,1.0,46.0,25.0,45.0,1.0,1.0,5.73,7.5,7.5,56.25,0.10769960445164632,0.4615867927496447,0.2333247097692858,1.0,10,0.682261289860087,medium
45,peak_height,0.05375492945313454,0.05001657893881202,0.048713523894548416,0.010010129491355673,0.043024604208767414,0.05555356852710247,0.0370232043787837,0.06505864858627318,0.012528964318335056,0.028035444207489477,1.0,1.0,-0.0037383505143225165,-0.005041405558586121,0.005041405558586121,2.5415770006143035e-05,0.10769960445164632,0.4615867927496447,0.2333247097692858,1.0,10,0.682261289860087,medium
45,cumulative_infected,0.4327738315332681,0.5060882413054424,0.4801710489191464,0.16630235990265732,0.41583193802216556,0.5367643019126263,0.32868607389973475,0.7975656386523039,0.12093236389046069,0.46887956475256914,1.0,1.0,0.0733144097721743,0.04739721738587832,0.04739721738587832,0.002246496215924206,0.10769960445164632,0.4615867927496447,0.2333247097692858,1.0,10,0.682261289860087,medium
45,early_growth_slope,0.0007696577813476327,-0.00041745054195589903,-0.00024644518271088606,0.00213836216530428,-0.001562074049919221,0.0007061193048554874,-0.004290381381066424,0.003291435115776644,0.0022681933547747083,0.007581816496843068,0.0,1.0,-0.0011871083233035318,-0.0010161029640585188,0.0010161029640585188,1.0324652335685076e-06,0.10769960445164632,0.4615867927496447,0.2333247097692858,1.0,10,0.682261289860087,medium
46,peak_time,8.0,19.19,16.5,10.107198155050417,13.75,23.25,6.0,38.05,9.5,32.05,0.0,1.0,11.190000000000001,8.5,8.5,72.25,0.6992508795079269,0.4910274412181625,1.4240566225243838,1.0,15,0.6305510247263726,medium
46,peak_height,0.06088278070092201,0.07046095076948404,0.06632687523961067,0.01957541537299654,0.05637976247817278,0.08119212836027145,0.04332198239862919,0.10280323401093482,0.024812365882098675,0.05948125161230563,1.0,1.0,0.009578170068562028,0.00544409453868866,0.00544409453868866,2.963816534617969e-05,0.6992508795079269,0.4910274412181625,1.4240566225243838,1.0,15,0.6305510247263726,medium
46,cumulative_infected,1.0526711069978774,0.993914761982528,0.992610709508881,0.3281904527175757,0.7892375162555254,1.1558675989872427,0.48158837869996207,1.520092411897349,0.36663008273171727,1.0385040331973867,1.0,1.0,-0.05875634501534932,-0.060060397488996387,0.060060397488996387,0.0036072513465362434,0.6992508795079269,0.4910274412181625,1.4240566225243838,1.0,15,0.6305510247263726,medium
46,early_growth_slope,0.0008906470944306684,0.0013608732273020171,0.0011661939982635279,0.00245148520384853,5.571157782384851e-06,0.0032414227233467886,-0.002836468854573985,0.005283297739723429,0.0032358515655644036,0.008119766594297414,1.0,1.0,0.0004702261328713487,0.00027554690383285946,0.00027554690383285946,7.59260962118751e-08,0.6992508795079269,0.4910274412181625,1.4240566225243838,1.0,15,0.6305510247263726,medium
47,peak_time,48.0,29.66,30.0,9.319491901006689,25.75,36.25,12.8,43.0,10.5,30.2,0.0,0.0,-18.34,-18.0,18.0,324.0,0.2636848975369286,0.16797836789913384,1.5697550871268362,1.0,18,0.6981642121350836,medium
47,peak_height,0.09623733162879944,0.10151399057358504,0.09851110726594925,0.03276315799360786,0.07483283057808876,0.12413705140352249,0.05716636385768652,0.15828275978565215,0.04930422082543373,0.10111639592796563,1.0,1.0,0.0052766589447856005,0.002273775637149811,0.002273775637149811,5.170055648096028e-06,0.2636848975369286,0.16797836789913384,1.5697550871268362,1.0,18,0.6981642121350836,medium
47,cumulative_infected,2.1624662978574634,2.124601366515271,2.135670641902834,0.9756936043794312,1.3219932297361083,2.8002186962403357,0.8009041496057762,3.6510185805731448,1.4782254665042274,2.8501144309673685,1.0,1.0,-0.037864931342192154,-0.026795655954629183,0.026795655954629183,0.0007180071780388544,0.2636848975369286,0.16797836789913384,1.5697550871268362,1.0,18,0.6981642121350836,medium
47,early_growth_slope,0.0066701150887335334,0.0011589743003181262,0.0011524157293717422,0.002655847511007518,-0.0006449839836152803,0.003007330199969666,-0.003418066289408928,0.005301368301644244,0.0036523141835849465,0.008719434591053172,0.0,0.0,-0.005511140788415407,-0.005517699359361791,0.005517699359361791,3.044500622030152e-05,0.2636848975369286,0.16797836789913384,1.5697550871268362,1.0,18,0.6981642121350836,medium
48,peak_time,9.0,8.77,9.0,0.9195409482755815,8.0,9.0,7.95,10.0,1.0,2.05,1.0,1.0,-0.23000000000000043,0.0,0.0,0.0,0.8580148167871846,0.3044375023615136,2.818361109034158,1.0,14,0.6439982685729885,medium
48,peak_height,0.3022153675556183,0.28289743065834044,0.2838941812515259,0.025319707059567875,0.2659379467368126,0.3013826385140419,0.24603961855173112,0.32252695262432096,0.03544469177722931,0.07648733407258984,0.0,1.0,-0.019317936897277843,-0.018321186304092407,0.018321186304092407,0.0003356658675892632,0.8580148167871846,0.3044375023615136,2.818361109034158,1.0,14,0.6439982685729885,medium
48,cumulative_infected,3.034355853451416,2.940241398981425,2.9557180707342923,0.21981696160259026,2.8212457640547655,3.0725238378727227,2.6374300750612747,3.2538570382632317,0.2512780738179572,0.616426963201957,1.0,1.0,-0.09411445446999078,-0.07863778271712363,0.07863778271712363,0.0061839008706655475,0.8580148167871846,0.3044375023615136,2.818361109034158,1.0,14,0.6439982685729885,medium
48,early_growth_slope,0.029754089235904665,0.032918838222667536,0.03361373932455621,0.004931242822460795,0.029769567185125884,0.03621315708871753,0.023627611625540463,0.040058801457884576,0.0064435899035916455,0.016431189832344113,0.0,1.0,0.0031647489867628713,0.003859650088651547,0.003859650088651547,1.4896898806827896e-05,0.8580148167871846,0.3044375023615136,2.818361109034158,1.0,14,0.6439982685729885,medium
49,peak_time,10.0,14.52,14.0,2.955836547742398,12.75,16.0,10.0,20.049999999999997,3.25,10.049999999999997,0.0,1.0,4.52,4.0,4.0,16.0,0.7107701037401216,0.4482076721736618,1.5858053038073114,1.0,29,0.6353848188115783,medium
49,peak_height,0.11039915680885315,0.11043041337281466,0.11157156154513359,0.015783709633355996,0.09983064234256744,0.12012075819075108,0.0858274444937706,0.1360355958342552,0.020290115848183632,0.050208151340484605,1.0,1.0,3.1256563961509776e-05,0.0011724047362804413,0.0011724047362804413,1.374532865652811e-06,0.7107701037401216,0.4482076721736618,1.5858053038073114,1.0,29,0.6353848188115783,medium
49,cumulative_infected,1.563520349242026,1.620533496127905,1.5997452506853733,0.1514449837107108,1.5293763803892944,1.7240500103216618,1.3881327115246678,1.8537307844383577,0.19467362993236748,0.46559807291368993,1.0,1.0,0.057013146885878996,0.036224901443347335,0.036224901443347335,0.0013122434845802278,0.7107701037401216,0.4482076721736618,1.5858053038073114,1.0,29,0.6353848188115783,medium
49,early_growth_slope,0.007419777479039371,0.004287649212957972,0.004509880736891535,0.00308568257316113,0.0024166599545250877,0.006095752305728161,-0.0009110994520597155,0.009718439890448712,0.0036790923512030733,0.010629539342508428,0.0,1.0,-0.0031321282660813996,-0.0029098967421478366,0.0029098967421478366,8.467499049962593e-06,0.7107701037401216,0.4482076721736618,1.5858053038073114,1.0,29,0.6353848188115783,medium
50,peak_time,6.0,18.12,16.0,12.955463727865569,6.0,26.0,2.0,45.0,20.0,43.0,1.0,1.0,12.120000000000001,10.0,10.0,100.0,0.5422618023705824,0.4784768174578472,1.1333084124151,1.0,15,0.7286568132623694,medium
50,peak_height,0.04281657934188843,0.05538376029580831,0.05365318804979324,0.015309331471093661,0.04337199591100216,0.0621990691870451,0.037828683480620386,0.0864067617803812,0.018827073276042938,0.04857807829976082,0.0,1.0,0.012567180953919885,0.010836608707904816,0.010836608707904816,0.00011743208828823848,0.5422618023705824,0.4784768174578472,1.1333084124151,1.0,15,0.7286568132623694,medium
50,cumulative_infected,0.7281917227592203,0.6686424605027514,0.5643584711942822,0.2899754878233594,0.4602146237339184,0.8373646070249379,0.35580700512468866,1.2903582133294549,0.37714998329101945,0.9345512082047662,1.0,1.0,-0.05954926225646884,-0.1638332515649381,0.1638332515649381,0.026841334318340297,0.5422618023705824,0.4784768174578472,1.1333084124151,1.0,15,0.7286568132623694,medium
50,early_growth_slope,0.0030932153708168437,0.00043943428553402177,0.00036692726869313455,0.002450769559192941,-0.0007886301124623659,0.002076890203787635,-0.0037253696449278343,0.004189534842347104,0.002865520316250001,0.00791490448727494,0.0,1.0,-0.002653781085282822,-0.002726288102123709,0.002726288102123709,7.4326468157812954e-06,0.5422618023705824,0.4784768174578472,1.1333084124151,1.0,15,0.7286568132623694,medium
51,peak_time,13.0,12.16,12.0,1.2530367153842739,11.0,13.0,10.0,14.0,2.0,4.0,1.0,1.0,-0.8399999999999999,-1.0,1.0,1.0,0.6903562652465532,0.27943639944135323,2.470530920906179,1.0,30,0.7194037899286247,medium
51,peak_height,0.252005010843277,0.2424270161986351,0.23871375620365143,0.018341364566778554,0.23058808967471123,0.25490662455558777,0.21443165391683577,0.27234668433666226,0.02431853488087654,0.057915030419826485,1.0,1.0,-0.009577994644641874,-0.01329125463962555,0.01329125463962555,0.0001766574498953677,0.6903562652465532,0.27943639944135323,2.470530920906179,1.0,30,0.7194037899286247,medium
51,cumulative_infected,3.409828564734198,3.2549444230240168,3.231743548240047,0.1913394642135337,3.1017408435363905,3.4000140261050547,2.9827203825521793,3.5933204948163167,0.2982731825686642,0.6106001122641374,0.0,1.0,-0.1548841417101814,-0.1780850164941512,0.1780850164941512,0.03171427309972211,0.6903562652465532,0.27943639944135323,2.470530920906179,1.0,30,0.7194037899286247,medium
51,early_growth_slope,0.015609219038326823,0.014455710548542507,0.014258862172331037,0.0030815913683402817,0.012152463727120663,0.016714810928706785,0.009762250203528394,0.01980721507944898,0.004562347201586122,0.010044964875920588,1.0,1.0,-0.0011535084897843165,-0.001350356865995786,0.001350356865995786,1.8234636655419611e-06,0.6903562652465532,0.27943639944135323,2.470530920906179,1.0,30,0.7194037899286247,medium
52,peak_time,10.0,9.27,9.0,1.2131851391350712,8.0,10.0,8.0,11.049999999999997,2.0,3.049999999999997,1.0,1.0,-0.7300000000000004,-1.0,1.0,1.0,0.9426703421094546,0.44952728358600896,2.0970258681286285,1.0,19,0.741539465889574,medium
52,peak_height,0.18064066767692566,0.19012386471033096,0.18779877573251724,0.019500221933071396,0.17489370331168175,0.20382514595985413,0.16450168788433076,0.221783822029829,0.02893144264817238,0.05728213414549824,1.0,1.0,0.009483197033405305,0.007158108055591583,0.007158108055591583,5.123851093552512e-05,0.9426703421094546,0.44952728358600896,2.0970258681286285,1.0,19,0.741539465889574,medium
52,cumulative_infected,2.097737779840827,2.064536054522987,2.0525403293831914,0.1542274725258033,1.9435816063196398,2.1594089324207744,1.857713695196253,2.3241650570162165,0.21582732610113453,0.4664513618199635,1.0,1.0,-0.03320172531784005,-0.04519745045763557,0.04519745045763557,0.0020428095278704215,0.9426703421094546,0.44952728358600896,2.0970258681286285,1.0,19,0.741539465889574,medium
52,early_growth_slope,0.019721989652940204,0.01913872816790466,0.01904802247078069,0.00333278757525291,0.017167690681249254,0.021155801669097155,0.014018714136355331,0.024580054836613786,0.0039881109878479,0.010561340700258454,1.0,1.0,-0.0005832614850355446,-0.0006739671821595142,0.0006739671821595142,4.5423176262803575e-07,0.9426703421094546,0.44952728358600896,2.0970258681286285,1.0,19,0.741539465889574,medium
53,peak_time,5.0,20.51,18.0,13.68143695566066,9.75,31.5,1.9500000000000002,44.0,21.75,42.05,0.0,1.0,15.510000000000002,13.0,13.0,169.0,0.4060810502309755,0.3642990648329107,1.1146914429144323,1.0,17,0.7717398832012539,medium
53,peak_height,0.05061556398868561,0.05112825158983469,0.050048863515257835,0.008879317083748074,0.045056610368192196,0.05643879808485508,0.038984685018658635,0.06621930710971355,0.011382187716662884,0.027234622091054914,1.0,1.0,0.0005126876011490797,-0.0005667004734277725,0.0005667004734277725,3.211494265832615e-07,0.4060810502309755,0.3642990648329107,1.1146914429144323,1.0,17,0.7717398832012539,medium
53,cumulative_infected,0.5933937010122463,0.5713735897401466,0.5467077270805021,0.1883475230832477,0.43545501050539315,0.6561116287775803,0.3189159130473854,0.9555332742413156,0.2206566182721872,0.6366173611939302,1.0,1.0,-0.022020111272099685,-0.04668597393174423,0.04668597393174423,0.0021795801619555015,0.4060810502309755,0.3642990648329107,1.1146914429144323,1.0,17,0.7717398832012539,medium
53,early_growth_slope,0.001144496480091697,-8.302431858629356e-05,-3.055353660047738e-05,0.0022632462354003876,-0.0014791536266871136,0.0014766564625980601,-0.003742960869013108,0.0033926042909678505,0.0029558100892851736,0.007135565159980959,1.0,1.0,-0.0012275207986779905,-0.0011750500166921743,0.0011750500166921743,1.3807425417282792e-06,0.4060810502309755,0.3642990648329107,1.1146914429144323,1.0,17,0.7717398832012539,medium
54,peak_time,13.0,11.63,12.0,0.9914279060674521,11.0,12.0,10.0,13.0,1.0,3.0,0.0,1.0,-1.3699999999999992,-1.0,1.0,1.0,0.6673017591624562,0.16871541613829366,3.955191377505647,1.0,16,0.7720093534190307,medium
54,peak_height,0.4174218475818634,0.3925611874461174,0.3895080238580704,0.019418168387777178,0.379341721534729,0.40417736768722534,0.36658130437135694,0.43277121633291243,0.024835646152496338,0.06618991196155549,0.0,1.0,-0.024860660135746004,-0.02791382372379303,0.02791382372379303,0.0007791815548829906,0.6673017591624562,0.16871541613829366,3.955191377505647,1.0,16,0.7720093534190307,medium
54,cumulative_infected,5.582642739638686,5.5077523781598074,5.508283016155474,0.22179462923541549,5.327538068871945,5.645056391018443,5.19283234718605,5.898505256255158,0.31751832214649767,0.7056729090691078,1.0,1.0,-0.07489036147887873,-0.07435972348321229,0.07435972348321229,0.005529368476499793,0.6673017591624562,0.16871541613829366,3.955191377505647,1.0,16,0.7720093534190307,medium
54,early_growth_slope,0.026456889940337056,0.026631968444667753,0.027002097623023597,0.003952786573357883,0.02365020759108509,0.029275535747209293,0.02006236835648971,0.03306067323688434,0.005625328156124203,0.012998304880394627,1.0,1.0,0.00017507850433069738,0.0005452076826865417,0.0005452076826865417,2.972514172604287e-07,0.6673017591624562,0.16871541613829366,3.955191377505647,1.0,16,0.7720093534190307,medium
55,peak_time,9.0,8.38,8.0,0.7625051746802387,8.0,9.0,7.0,9.049999999999997,1.0,2.049999999999997,1.0,1.0,-0.6199999999999992,-1.0,1.0,1.0,0.9081426831668838,0.27918537350757744,3.2528304465141895,1.0,13,0.7946660267556832,medium
55,peak_height,0.36187735199928284,0.31523580819368363,0.3135004937648773,0.02523269633748862,0.2972509190440178,0.330340676009655,0.27713069021701814,0.3600649207830429,0.03308975696563721,0.08293423056602478,0.0,0.0,-0.046641543805599206,-0.04837685823440552,0.04837685823440552,0.002340320412631769,0.9081426831668838,0.27918537350757744,3.2528304465141895,1.0,13,0.7946660267556832,medium
55,cumulative_infected,3.3308229302056134,3.145365071638553,3.156635173247196,0.2284221650475928,2.9934725762577727,3.313512304353935,2.838713373891369,3.4499502818594916,0.32003972809616243,0.6112369079681228,0.0,1.0,-0.18545785856706054,-0.1741877569584176,0.1741877569584176,0.03034137467420476,0.9081426831668838,0.27918537350757744,3.2528304465141895,1.0,13,0.7946660267556832,medium
55,early_growth_slope,0.04130457708656433,0.03946264607771029,0.0398525915363626,0.004774268651172036,0.03612523768346623,0.04323117473783591,0.03181070251434686,0.046983571438856106,0.007105937054369675,0.015172868924509246,1.0,1.0,-0.0018419310088540405,-0.0014519855502017273,0.0014519855502017273,2.108262037994613e-06,0.9081426831668838,0.27918537350757744,3.2528304465141895,1.0,13,0.7946660267556832,medium
56,peak_time,12.0,10.5,10.0,0.9265990819042822,10.0,11.0,9.0,12.0,1.0,3.0,0.0,1.0,-1.5,-2.0,2.0,4.0,0.7398394487165066,0.19650254066290435,3.7650375726473913,1.0,18,0.7634733748751944,medium
56,peak_height,0.38777124881744385,0.3639391314983368,0.3617132604122162,0.020007272549364213,0.3483700677752495,0.37710393220186234,0.33631083816289903,0.3934811681509018,0.028733864426612854,0.057170329988002755,0.0,1.0,-0.02383211731910706,-0.02605798840522766,0.02605798840522766,0.0006790187597269792,0.7398394487165066,0.19650254066290435,3.7650375726473913,1.0,18,0.7634733748751944,medium
56,cumulative_infected,4.726524605765007,4.590226950869001,4.590762089239433,0.21262303348521644,4.460778988963284,4.730765590065857,4.245467939073569,4.930833672286099,0.26998660110257333,0.6853657332125298,1.0,1.0,-0.13629765489600665,-0.13576251652557403,0.13576251652557403,0.01843146089335676,0.7398394487165066,0.19650254066290435,3.7650375726473913,1.0,18,0.7634733748751944,medium
56,early_growth_slope,0.03125094850769355,0.029745369712517716,0.029600696566159875,0.004062006072095791,0.02786419376761408,0.03180284225492782,0.02361010863345914,0.03578889715357771,0.003938648487313741,0.012178788520118573,1.0,1.0,-0.001505578795175832,-0.0016502519415336724,0.0016502519415336724,2.723331470535655e-06,0.7398394487165066,0.19650254066290435,3.7650375726473913,1.0,18,0.7634733748751944,medium
57,peak_time,22.0,23.53,23.5,2.921377148614065,21.75,26.0,18.95,28.0,4.25,9.05,1.0,1.0,1.5300000000000011,1.5,1.5,2.25,0.345530178226911,0.16219245949260125,2.1303714075725764,1.0,25,0.8040108241119941,medium
57,peak_height,0.18658480048179626,0.19155007407069205,0.19221443682909012,0.016381375466475456,0.18076319620013237,0.20138761028647423,0.16432664319872856,0.2163452610373497,0.020624414086341858,0.052018617838621134,1.0,1.0,0.0049652735888957855,0.005629636347293854,0.005629636347293854,3.1692805402772084e-05,0.345530178226911,0.16219245949260125,2.1303714075725764,1.0,25,0.8040108241119941,medium
57,cumulative_infected,4.177765247179195,4.265546258177383,4.245938802137971,0.32174311924701177,4.060938096030441,4.463736573907227,3.7623653997841755,4.788587065646425,0.4027984778767859,1.0262216658622494,1.0,1.0,0.0877810109981878,0.06817355495877564,0.06817355495877564,0.004647633595717203,0.345530178226911,0.16219245949260125,2.1303714075725764,1.0,25,0.8040108241119941,medium
57,early_growth_slope,0.0033408034581779733,0.002836509827262662,0.002776030428884995,0.002467786699374478,0.001320673241501763,0.004556422477998282,-0.0018678017074264383,0.006710410164669155,0.0032357492364965186,0.008578211872095592,1.0,1.0,-0.0005042936309153112,-0.0005647730292929784,0.0005647730292929784,3.1896857461676743e-07,0.345530178226911,0.16219245949260125,2.1303714075725764,1.0,25,0.8040108241119941,medium
58,peak_time,10.0,9.64,10.0,1.2433256153794092,9.0,10.0,8.0,12.0,1.0,4.0,1.0,1.0,-0.35999999999999943,0.0,0.0,0.0,0.8953619073985013,0.439946350205453,2.0351615759066335,1.0,23,0.6236618072379736,medium
58,peak_height,0.18227766454219818,0.1668824279308319,0.1669803112745285,0.01714564174321173,0.15535437315702438,0.17660322040319443,0.14095424339175225,0.19270552769303323,0.021248847246170044,0.05175128430128098,0.0,1.0,-0.01539523661136627,-0.015297353267669678,0.015297353267669678,0.00023400901699588417,0.8953619073985013,0.439946350205453,2.0351615759066335,1.0,23,0.6236618072379736,medium
58,cumulative_infected,1.781352328020148,1.8770361214328386,1.8577755802834872,0.14033152183310316,1.7764641081885202,1.9483124202815816,1.680322936335142,2.1075752302771433,0.1718483120930614,0.42725229394200137,1.0,1.0,0.09568379341269062,0.07642325226333924,0.07642325226333924,0.005840513486505986,0.8953619073985013,0.439946350205453,2.0351615759066335,1.0,23,0.6236618072379736,medium
58,early_growth_slope,0.014809250942475734,0.014871647865175397,0.014871692822669586,0.003629891407511162,0.01288226764050445,0.017512265953839572,0.00963837577174196,0.019673953645750378,0.004629998313335123,0.010035577874008418,1.0,1.0,6.239692269966249e-05,6.244188019385172e-05,6.244188019385172e-05,3.898988402143331e-09,0.8953619073985013,0.439946350205453,2.0351615759066335,1.0,23,0.6236618072379736,medium
59,peak_time,10.0,9.82,10.0,0.8454273917655345,9.0,10.0,9.0,11.0,1.0,2.0,1.0,1.0,-0.17999999999999972,0.0,0.0,0.0,0.8146781272651383,0.08714381410550773,9.348662732145074,1.0,21,0.7341903649593026,medium
59,peak_height,0.6536322236061096,0.6422048097848893,0.6450381875038147,0.024175340912513468,0.6224411427974701,0.6593092828989029,0.6042338937520981,0.6788017809391022,0.0368681401014328,0.07456788718700402,1.0,1.0,-0.011427413821220367,-0.008594036102294922,0.008594036102294922,7.385745652754849e-05,0.8146781272651383,0.08714381410550773,9.348662732145074,1.0,21,0.7341903649593026,medium
59,cumulative_infected,10.448229749687016,10.404537730708107,10.379784140270203,0.5478896767277598,9.97880474611884,10.794296510401182,9.51802289513871,11.287705237977207,0.815491764282342,1.7696823428384967,1.0,1.0,-0.043692018978909175,-0.06844560941681266,0.06844560941681266,0.004684801448438873,0.8146781272651383,0.08714381410550773,9.348662732145074,1.0,21,0.7341903649593026,medium
59,early_growth_slope,0.06903000127169347,0.06956222042146862,0.07027323265390889,0.00896686980779066,0.06416724770679137,0.07653819142502642,0.054937866576282024,0.08238321075637246,0.01237094371823505,0.02744534418009044,1.0,1.0,0.0005322191497751511,0.0012432313822154234,0.0012432313822154234,1.545624269725272e-06,0.8146781272651383,0.08714381410550773,9.348662732145074,1.0,21,0.7341903649593026,medium
60,peak_time,26.0,28.68,28.0,9.576781686701825,23.75,35.0,15.650000000000002,45.05,11.25,29.399999999999995,1.0,1.0,2.6799999999999997,2.0,2.0,4.0,0.2536187437721053,0.1624785964440787,1.560936328369841,1.0,29,0.6042758359993723,medium
60,peak_height,0.12055446952581406,0.09077072530984878,0.08874417841434479,0.02388512962899194,0.07265121676027775,0.10334090515971184,0.05674770064651966,0.13550236746668815,0.03068968839943409,0.07875466682016849,0.0,1.0,-0.029783744215965274,-0.03181029111146927,0.03181029111146927,0.0010118946205964208,0.2536187437721053,0.1624785964440787,1.560936328369841,1.0,29,0.6042758359993723,medium
60,cumulative_infected,1.9904193460388342,1.7704132561860753,1.728388130897656,0.6451066587203047,1.2881085010121751,2.232867381768301,0.7780152108512993,2.8495995934819804,0.944758880756126,2.071584382630681,1.0,1.0,-0.22000608985275893,-0.2620312151411781,0.2620312151411781,0.06866035770836237,0.2536187437721053,0.1624785964440787,1.560936328369841,1.0,29,0.6042758359993723,medium
60,early_growth_slope,-0.0015534700564568875,0.0010042882841523918,0.0009327437340592353,0.0024157995744659233,-0.0002613051855448802,0.0026111098580128903,-0.002850714544599341,0.004629419884076922,0.0028724150435577704,0.007480134428676263,0.0,1.0,0.0025577583406092793,0.0024862137905161228,0.0024862137905161228,6.181259012152547e-06,0.2536187437721053,0.1624785964440787,1.560936328369841,1.0,29,0.6042758359993723,medium
61,peak_time,16.0,22.37,22.5,13.752983147468242,10.75,32.25,3.0,46.099999999999994,21.5,43.099999999999994,1.0,1.0,6.370000000000001,6.5,6.5,42.25,0.29013320234992845,0.2852827710481575,1.017002187983347,1.0,27,0.6639023526430493,medium
61,peak_height,0.059956666082143784,0.054123728349804875,0.05212981626391411,0.012886124403473668,0.04570790380239487,0.05985925532877445,0.038378714211285116,0.07737034261226654,0.014151351526379585,0.03899162840098142,0.0,1.0,-0.005832937732338908,-0.007826849818229675,0.007826849818229675,6.12595780771219e-05,0.29013320234992845,0.2852827710481575,1.017002187983347,1.0,27,0.6639023526430493,medium
61,cumulative_infected,0.6896875312086195,0.6845744364970414,0.5654583132709377,0.3317107411896889,0.47350783416914055,0.7736358189431485,0.36838108557567467,1.3864911133103304,0.3001279847740079,1.0181100277346558,1.0,1.0,-0.005113094711578059,-0.12422921793768182,0.12422921793768182,0.015432898589408047,0.29013320234992845,0.2852827710481575,1.017002187983347,1.0,27,0.6639023526430493,medium
61,early_growth_slope,0.0006707090651616453,1.2999280757175186e-05,-0.00010151173392798535,0.0022926955016169407,-0.0013663812063723075,0.0014953578203338634,-0.003752656109697582,0.003887044370640068,0.002861739026706171,0.00763970048033765,1.0,1.0,-0.0006577097844044701,-0.0007722207990896306,0.0007722207990896306,5.963249625466277e-07,0.29013320234992845,0.2852827710481575,1.017002187983347,1.0,27,0.6639023526430493,medium
62,peak_time,9.0,9.39,9.0,1.0530858934530931,9.0,10.0,8.0,11.0,1.0,3.0,1.0,1.0,0.39000000000000057,0.0,0.0,0.0,0.9735549825080205,0.46895376833122093,2.0760148403806,1.0,21,0.7653836135750416,medium
62,peak_height,0.19042836129665375,0.194751947671175,0.19268375635147095,0.016662197359692394,0.18393898010253906,0.20847897231578827,0.1642172060906887,0.2206198751926422,0.024539992213249207,0.05640266910195349,1.0,1.0,0.0043235863745212655,0.0022553950548171997,0.0022553950548171997,5.086806853293879e-06,0.9735549825080205,0.46895376833122093,2.0760148403806,1.0,21,0.7653836135750416,medium
62,cumulative_infected,2.249619654729031,2.1574254232973544,2.1440097653103294,0.17656838201214653,2.0352768880402436,2.261730659753084,1.878927772049792,2.4751125629049056,0.22645377171284053,0.5961847908551134,1.0,1.0,-0.0921942314316766,-0.10560988941870164,0.10560988941870164,0.011153448743030389,0.9735549825080205,0.46895376833122093,2.0760148403806,1.0,21,0.7653836135750416,medium
62,early_growth_slope,0.018260024854195457,0.019208455877281566,0.018738547267968805,0.0032727484455573456,0.017169336076005404,0.02106926157804472,0.01352235920161807,0.02447418086341626,0.003899925502039315,0.01095182166179819,1.0,1.0,0.000948431023086109,0.0004785224137733475,0.0004785224137733475,2.289837004834708e-07,0.9735549825080205,0.46895376833122093,2.0760148403806,1.0,21,0.7653836135750416,medium
63,peak_time,13.0,12.64,13.0,1.5924062219664856,12.0,13.0,10.0,16.0,1.0,6.0,1.0,1.0,-0.35999999999999943,0.0,0.0,0.0,0.7084611713144541,0.34910613607889934,2.0293575451631107,1.0,23,0.7358646583032893,medium
63,peak_height,0.18721990287303925,0.17067036762833596,0.16981829702854156,0.015860731850842115,0.15802287310361862,0.18190671503543854,0.1485427550971508,0.1943679593503475,0.023883841931819916,0.045825204253196694,0.0,1.0,-0.01654953524470329,-0.01740160584449768,0.01740160584449768,0.00030281588596725584,0.7084611713144541,0.34910613607889934,2.0293575451631107,1.0,23,0.7358646583032893,medium
63,cumulative_infected,2.4189574650954455,2.3463942202453745,2.343049163930118,0.15331883123402082,2.227369257567034,2.451041455147788,2.1393731452069913,2.593126067868434,0.22367219758075407,0.4537529226614425,1.0,1.0,-0.07256324485007104,-0.07590830116532743,0.07590830116532743,0.00576207018580605,0.7084611713144541,0.34910613607889934,2.0293575451631107,1.0,23,0.7358646583032893,medium
63,early_growth_slope,0.011487100827729415,0.009841969830914378,0.010045135465610481,0.0032218929090034555,0.007493375088675486,0.012281077390071001,0.004709281293409212,0.014816434720497842,0.004787702301395515,0.010107153427088629,1.0,1.0,-0.0016451309968150366,-0.0014419653621189337,0.0014419653621189337,2.0792641055507877e-06,0.7084611713144541,0.34910613607889934,2.0293575451631107,1.0,23,0.7358646583032893,medium
64,peak_time,17.0,16.76,17.0,2.539068468330204,15.0,19.0,13.0,21.0,4.0,8.0,1.0,1.0,-0.23999999999999844,0.0,0.0,0.0,0.4989779282361576,0.2939144048824646,1.6976981051190643,1.0,23,0.7024974902793331,medium
64,peak_height,0.1348881870508194,0.1247150707989931,0.12355703115463257,0.015059577139980204,0.11431042850017548,0.13428352028131485,0.10285300612449647,0.15180182904005052,0.019973091781139374,0.04894882291555405,0.0,1.0,-0.010173116251826292,-0.011331155896186829,0.011331155896186829,0.00012839509394368953,0.4989779282361576,0.2939144048824646,1.6976981051190643,1.0,23,0.7024974902793331,medium
64,cumulative_infected,2.1333520766347647,2.140007345040867,2.139018647794728,0.21564655093867047,1.9888737817673245,2.265588505179039,1.8087250949582085,2.4585903196726577,0.27671472341171466,0.6498652247144492,1.0,1.0,0.0066552684061025325,0.005666571159963496,0.005666571159963496,3.211002871093004e-05,0.4989779282361576,0.2939144048824646,1.6976981051190643,1.0,23,0.7024974902793331,medium
64,early_growth_slope,0.005612109987331288,0.00379770184510183,0.003526761403745262,0.0023757482714634424,0.002304139229679657,0.005139904088407223,0.00026114369947685077,0.008049370657231303,0.0028357648587275662,0.007788226957754452,0.0,1.0,-0.0018144081422294574,-0.0020853485835860257,0.0020853485835860257,4.348678715064244e-06,0.4989779282361576,0.2939144048824646,1.6976981051190643,1.0,23,0.7024974902793331,medium
65,peak_time,4.0,22.13,20.0,14.578699696765993,9.0,34.0,2.0,45.099999999999994,25.0,43.099999999999994,0.0,1.0,18.13,16.0,16.0,256.0,0.21580885328386235,0.4127348912548038,0.5228752350637391,1.0,18,0.7311362262331755,medium
65,peak_height,0.044306542724370956,0.050900220982730386,0.04903637617826462,0.011155182552206537,0.043426054529845715,0.056776805780828,0.03600932341068983,0.06970656961202622,0.013350751250982285,0.033697246201336385,1.0,1.0,0.00659367825835943,0.0047298334538936615,0.0047298334538936615,2.2371324501571643e-05,0.21580885328386235,0.4127348912548038,0.5228752350637391,1.0,18,0.7311362262331755,medium
65,cumulative_infected,0.3902001426467905,0.5168972637221009,0.47248637647135183,0.2183916656764482,0.39273324758204353,0.5571443798617111,0.3177681246495922,0.8616791739943436,0.16441113227966753,0.5439110493447514,0.0,1.0,0.1266971210753104,0.08228623382456135,0.08228623382456135,0.006771024277030384,0.21580885328386235,0.4127348912548038,0.5228752350637391,1.0,18,0.7311362262331755,medium
65,early_growth_slope,-0.00033413994242437146,-0.0003105012418919131,-0.00013710935447653217,0.0021249699784869286,-0.0017001284979328137,0.0009641036881259341,-0.003737012864301156,0.0027621045326148798,0.0026642321860587477,0.006499117396916035,1.0,1.0,2.3638700532458356e-05,0.0001970305879478393,0.0001970305879478393,3.8821052587071234e-08,0.21580885328386235,0.4127348912548038,0.5228752350637391,1.0,18,0.7311362262331755,medium
66,peak_time,16.0,15.56,15.0,4.74463013853716,13.0,17.0,9.95,23.0,4.0,13.05,1.0,1.0,-0.4399999999999995,-1.0,1.0,1.0,0.5186308613737604,0.3557751314597474,1.4577490541450016,1.0,13,0.6894391778187928,medium
66,peak_height,0.08442710340023041,0.09443572346121072,0.09403828531503677,0.016807566253120163,0.08474640920758247,0.10410813987255096,0.0679014865309,0.12675322964787483,0.01936173066496849,0.05885174311697483,0.0,1.0,0.010008620060980314,0.009611181914806366,0.009611181914806366,9.237481779950096e-05,0.5186308613737604,0.3557751314597474,1.4577490541450016,1.0,13,0.6894391778187928,medium
66,cumulative_infected,1.495898567722179,1.445000084028302,1.4444710540119559,0.26281117525814557,1.3027577147004195,1.5982771688140929,0.9121484283881728,1.7842279210104608,0.2955194541136734,0.872079492622288,1.0,1.0,-0.05089848369387706,-0.05142751371022314,0.05142751371022314,0.0026447891664151887,0.5186308613737604,0.3557751314597474,1.4577490541450016,1.0,13,0.6894391778187928,medium
66,early_growth_slope,0.0035806692737553806,0.0031575251092640214,0.0029448618630080357,0.0027936117612085924,0.001277242314591561,0.005328245400007636,-0.0007820730762822276,0.00773770911619067,0.004051003085416075,0.008519782192472897,1.0,1.0,-0.0004231441644913592,-0.0006358074107473449,0.0006358074107473449,4.04251063561243e-07,0.5186308613737604,0.3557751314597474,1.4577490541450016,1.0,13,0.6894391778187928,medium
67,peak_time,14.0,21.59,20.0,15.459360212564368,7.0,37.0,0.9500000000000002,46.0,30.0,45.05,1.0,1.0,7.59,6.0,6.0,36.0,0.3080854093302431,0.4802732195304127,0.6414794679400898,1.0,22,0.6432383445036117,medium
67,peak_height,0.049278028309345245,0.05283050093799829,0.0519501194357872,0.011811451050114897,0.0434604175388813,0.059219855815172195,0.03625934757292271,0.0709714114665985,0.015759438276290894,0.03471206389367579,1.0,1.0,0.0035524726286530472,0.0026720911264419556,0.0026720911264419556,7.140070988009839e-06,0.3080854093302431,0.4802732195304127,0.6414794679400898,1.0,22,0.6432383445036117,medium
67,cumulative_infected,0.4929798325756565,0.5481029135434755,0.4803397881332785,0.26053233223849764,0.40758352417469723,0.5994662391603924,0.33467096430977106,1.0795495825412218,0.1918827149856952,0.7448786182314507,1.0,1.0,0.05512308096781904,-0.012640044442377985,0.012640044442377985,0.00015977072350529056,0.3080854093302431,0.4802732195304127,0.6414794679400898,1.0,22,0.6432383445036117,medium
67,early_growth_slope,0.0015535565824913132,8.003342517992871e-05,8.029586613355771e-05,0.0024631353173830296,-0.00164912460743272,0.001762839700816022,-0.0042573638706796466,0.0036632490122602106,0.003411964308248742,0.007920612882939857,1.0,1.0,-0.0014735231573113844,-0.0014732607163577556,0.0014732607163577556,2.170497138362967e-06,0.3080854093302431,0.4802732195304127,0.6414794679400898,1.0,22,0.6432383445036117,medium
68,peak_time,9.0,12.49,12.0,2.572170407663654,11.0,14.0,9.0,16.0,3.0,7.0,0.0,1.0,3.49,3.0,3.0,9.0,0.7371695951624178,0.4189545350692287,1.7595455674936344,1.0,10,0.6475917767500083,medium
68,peak_height,0.10469622910022736,0.11840919405221939,0.11762809380888939,0.016709095572348377,0.10910593532025814,0.12998010218143463,0.08820874616503716,0.14574682489037513,0.02087416686117649,0.05753807872533798,0.0,1.0,0.013712964951992035,0.012931864708662033,0.012931864708662033,0.00016723312484313857,0.7371695951624178,0.4189545350692287,1.7595455674936344,1.0,10,0.6475917767500083,medium
68,cumulative_infected,1.4446444234345108,1.600669659961004,1.5937404789565335,0.17027920598100604,1.509327335144917,1.729432092703064,1.3412865673847592,1.8692766790118185,0.22010475755814696,0.5279901116270593,0.0,1.0,0.15602523652649314,0.14909605552202265,0.14909605552202265,0.022229633772226063,0.7371695951624178,0.4189545350692287,1.7595455674936344,1.0,10,0.6475917767500083,medium
68,early_growth_slope,0.009133044852032547,0.00687614824437549,0.006347953646798572,0.002959366328047837,0.00484076255816035,0.00887239927188992,0.0028155725604544083,0.01166516809302958,0.00403163671372957,0.008849595532575173,0.0,1.0,-0.002256896607657057,-0.0027850912052339747,0.0027850912052339747,7.756733021471635e-06,0.7371695951624178,0.4189545350692287,1.7595455674936344,1.0,10,0.6475917767500083,medium
69,peak_time,9.0,10.07,10.0,0.7555184185763314,10.0,10.25,9.0,11.0,0.25,2.0,0.0,1.0,1.0700000000000003,1.0,1.0,1.0,0.7959806350207611,0.08516482886213668,9.34635395450956,1.0,24,0.8191766993134856,medium
69,peak_height,0.6446555852890015,0.6362626081705094,0.6376795470714569,0.023178150106391748,0.6211410760879517,0.6525954008102417,0.5977220416069031,0.6703023612499237,0.03145432472229004,0.07258031964302059,1.0,1.0,-0.008392977118492073,-0.006976038217544556,0.006976038217544556,4.866510921264222e-05,0.7959806350207611,0.08516482886213668,9.34635395450956,1.0,24,0.8191766993134856,medium
69,cumulative_infected,10.82550380565226,10.56539096601482,10.568615446332842,0.5110597621363756,10.199674293166026,10.957898646593094,9.755978451669217,11.45512947946554,0.7582243534270674,1.699151027796324,1.0,1.0,-0.2601128396374399,-0.25688835931941867,0.25688835931941867,0.06599162915382276,0.7959806350207611,0.08516482886213668,9.34635395450956,1.0,24,0.8191766993134856,medium
69,early_growth_slope,0.06365901954649458,0.06326929871044523,0.06274340906557405,0.007705305659786268,0.05740025757335214,0.06873144942108496,0.04921111090862679,0.07584257178075078,0.011331191847732819,0.026631460872123994,1.0,1.0,-0.00038972083604935093,-0.0009156104809205368,0.0009156104809205368,8.383425527715367e-07,0.7959806350207611,0.08516482886213668,9.34635395450956,1.0,24,0.8191766993134856,medium
70,peak_time,12.0,22.09,22.0,11.820283029990902,13.0,30.0,5.0,45.05,17.0,40.05,0.0,1.0,10.09,10.0,10.0,100.0,0.4850463150526756,0.372659327946557,1.3015810384390432,1.0,25,0.7826988956779742,medium
70,peak_height,0.057809166610240936,0.06083323940634727,0.05803914554417133,0.015135410543932032,0.05215879064053297,0.06958831287920475,0.03928655814379454,0.08413001559674739,0.01742952223867178,0.04484345745295285,1.0,1.0,0.0030240727961063363,0.00022997893393039703,0.00022997893393039703,5.2890310051761924e-08,0.4850463150526756,0.372659327946557,1.3015810384390432,1.0,25,0.7826988956779742,medium
70,cumulative_infected,0.9962043450213969,0.8356204602663115,0.7896045267989393,0.3426002139414125,0.606379616510992,0.9886706072447851,0.4084007070840016,1.3682954866220824,0.382290990733793,0.9598947795380808,0.0,1.0,-0.16058388475508534,-0.20659981822245754,0.20659981822245754,0.0426834848895525,0.4850463150526756,0.372659327946557,1.3015810384390432,1.0,25,0.7826988956779742,medium
70,early_growth_slope,0.003071702401419835,0.0004187436457738976,0.0007221605296113662,0.002861465840989601,-0.0012698840251860442,0.002252193718526368,-0.004625156627333208,0.004733570350106761,0.003522077743712412,0.009358726977439969,0.0,1.0,-0.0026529587556459373,-0.0023495418718084684,0.0023495418718084684,5.520347007381241e-06,0.4850463150526756,0.372659327946557,1.3015810384390432,1.0,25,0.7826988956779742,medium
71,peak_time,4.0,21.77,22.5,14.361744217527932,9.75,32.0,1.9500000000000002,45.099999999999994,22.25,43.14999999999999,0.0,1.0,17.77,18.5,18.5,342.25,0.38450802085980706,0.49141384860904164,0.7824525538874535,1.0,26,0.6803956045180248,medium
71,peak_height,0.05418230965733528,0.04910152366384864,0.0485344622284174,0.01011195676528592,0.042216015979647636,0.05655680317431688,0.03490982595831156,0.06679685562849044,0.014340787194669247,0.03188702967017888,1.0,1.0,-0.0050807859934866445,-0.005647847428917885,0.005647847428917885,3.189818058033436e-05,0.38450802085980706,0.49141384860904164,0.7824525538874535,1.0,26,0.6803956045180248,medium
71,cumulative_infected,0.4814242306165397,0.5008587499535315,0.4679995166552544,0.16571456107425517,0.38684586390445475,0.5759945518657332,0.3215590416009036,0.737169271284074,0.18914868796127848,0.41561022968317035,1.0,1.0,0.019434519336991807,-0.013424713961285306,0.013424713961285306,0.0001802229449423286,0.38450802085980706,0.49141384860904164,0.7824525538874535,1.0,26,0.6803956045180248,medium
71,early_growth_slope,-0.0006629121877873928,-0.00043587081529473015,-0.0004682001571858388,0.002224912470118587,-0.002038913386058992,0.000942010367344621,-0.0034321211078869435,0.003277829093609137,0.002980923753403613,0.00670995020149608,1.0,1.0,0.00022704137249266267,0.00019471203060155405,0.00019471203060155405,3.791277486098052e-08,0.38450802085980706,0.49141384860904164,0.7824525538874535,1.0,26,0.6803956045180248,medium
72,peak_time,23.0,21.69,21.0,6.341613407174912,18.0,26.0,13.9,32.099999999999994,8.0,18.199999999999996,1.0,1.0,-1.3099999999999987,-2.0,2.0,4.0,0.4238558509415574,0.2763662334075252,1.53367452208442,1.0,20,0.7991402513197415,medium
72,peak_height,0.09528078883886337,0.08860026113688946,0.08683226257562637,0.014606373404847639,0.07950341328978539,0.09673339314758778,0.06732736006379128,0.1133232295513153,0.01722997985780239,0.045995869487524016,1.0,1.0,-0.006680527701973915,-0.008448526263237,0.008448526263237,7.137759602060534e-05,0.4238558509415574,0.2763662334075252,1.53367452208442,1.0,20,0.7991402513197415,medium
72,cumulative_infected,1.7275711665861309,1.6083155097477357,1.6036019049352035,0.28521815220934943,1.3873043168423465,1.7936387387453578,1.2269082233891822,2.035819565760903,0.4063344219030114,0.8089113423717209,1.0,1.0,-0.11925565683839512,-0.12396926165092736,0.12396926165092736,0.01536837783427609,0.4238558509415574,0.2763662334075252,1.53367452208442,1.0,20,0.7991402513197415,medium
72,early_growth_slope,0.003225735415721179,0.0015984834917166847,0.0017742413315101576,0.002522895143170151,-3.805896613768959e-05,0.003238109853728452,-0.002536872533216538,0.004969638285720499,0.0032761688198661414,0.007506510818937037,1.0,1.0,-0.0016272519240044941,-0.0014514940842110212,0.0014514940842110212,2.106835076499591e-06,0.4238558509415574,0.2763662334075252,1.53367452208442,1.0,20,0.7991402513197415,medium
73,peak_time,40.0,21.73,21.0,15.498357684254513,6.75,35.25,0.0,47.0,28.5,47.0,0.0,1.0,-18.27,-19.0,19.0,361.0,0.3362637125733182,0.397658252802716,0.8456097923362941,1.0,10,0.6344608759156223,medium
73,peak_height,0.05056362971663475,0.0489767138287425,0.04826453886926174,0.00986892958924686,0.04277847707271576,0.054114636965096,0.03495383858680725,0.06684383600950242,0.011336159892380238,0.03188999742269517,1.0,1.0,-0.001586915887892247,-0.0022990908473730087,0.0022990908473730087,5.285818724474339e-06,0.3362637125733182,0.397658252802716,0.8456097923362941,1.0,10,0.6344608759156223,medium
73,cumulative_infected,0.4330053529702127,0.5186474831304441,0.4752216296765255,0.22540800420960663,0.41019141556171235,0.5428959406563081,0.3446371639118297,0.7631518023830721,0.13270452509459574,0.41851463847124243,1.0,1.0,0.08564213016023137,0.04221627670631278,0.04221627670631278,0.0017822140189439673,0.3362637125733182,0.397658252802716,0.8456097923362941,1.0,10,0.6344608759156223,medium
73,early_growth_slope,-0.0023285936636273687,-0.0002802640474237698,-0.0003982669612534141,0.002285015777073677,-0.0015849538827924763,0.0014566361857023798,-0.0036811140021156805,0.003076269714594151,0.003041590068494856,0.006757383716709832,0.0,1.0,0.0020483296162035988,0.0019303267023739546,0.0019303267023739546,3.726161177897906e-06,0.3362637125733182,0.397658252802716,0.8456097923362941,1.0,10,0.6344608759156223,medium
74,peak_time,9.0,8.86,9.0,0.7109532653097146,8.0,9.0,8.0,10.0,1.0,2.0,1.0,1.0,-0.14000000000000057,0.0,0.0,0.0,0.8537907928766769,0.13890141855894478,6.146739189091569,1.0,10,0.7675231900540262,medium
74,peak_height,0.5364943742752075,0.4983473959565163,0.49915744364261627,0.020451327941308668,0.4845050498843193,0.514396533370018,0.4625152930617332,0.5292530536651612,0.0298914834856987,0.06673776060342795,0.0,0.0,-0.03814697831869124,-0.03733693063259125,0.03733693063259125,0.0013940463890629307,0.8537907928766769,0.13890141855894478,6.146739189091569,1.0,10,0.7675231900540262,medium
74,cumulative_infected,6.040737652452663,5.965602410033962,6.003678819979541,0.2512648673121639,5.771501789218746,6.121149055543356,5.58907659893157,6.358061548776459,0.3496472663246095,0.7689849498448895,1.0,1.0,-0.07513524241870062,-0.03705883247312158,0.03705883247312158,0.0013733570642708909,0.8537907928766769,0.13890141855894478,6.146739189091569,1.0,10,0.7675231900540262,medium
74,early_growth_slope,0.06328699081426573,0.06012332915298992,0.060277332152639106,0.0068615374472766255,0.05631258138289141,0.06446321502984832,0.04714483968148538,0.06911899590798253,0.008150633646956909,0.021974156226497142,1.0,1.0,-0.003163661661275803,-0.00300965866162662,0.00300965866162662,9.058045259504137e-06,0.8537907928766769,0.13890141855894478,6.146739189091569,1.0,10,0.7675231900540262,medium
75,peak_time,6.0,19.65,20.0,13.73660964155437,8.75,28.25,0.0,44.05,19.5,44.05,0.0,1.0,13.649999999999999,14.0,14.0,196.0,0.2035668073649758,0.29407353706326295,0.6922309616767156,1.0,16,0.8293823657536149,medium
75,peak_height,0.043250150978565216,0.05285703543573618,0.05116344057023525,0.011145890165819716,0.044474306516349316,0.061214267276227474,0.038925552368164064,0.07077640555799007,0.01673996075987816,0.03185085318982601,0.0,1.0,0.009606884457170964,0.007913289591670036,0.007913289591670036,6.262015216163333e-05,0.2035668073649758,0.29407353706326295,0.6922309616767156,1.0,16,0.8293823657536149,medium
75,cumulative_infected,0.48314518481492996,0.5666098625227938,0.4983818896362209,0.24936409421282732,0.4400790634244913,0.614025620627217,0.3351059382170206,1.0384164045797657,0.17394655720272567,0.7033104663627451,1.0,1.0,0.08346467770786381,0.015236704821290914,0.015236704821290914,0.00023215717381114978,0.2035668073649758,0.29407353706326295,0.6922309616767156,1.0,16,0.8293823657536149,medium
75,early_growth_slope,0.0005290682449759481,-0.00047081517466419047,-0.00046061288282674286,0.0022997204303082134,-0.0021130364226077543,0.0009028936287255158,-0.004092472917511169,0.0036686110454389725,0.00301593005133327,0.007761083962950142,1.0,1.0,-0.0009998834196401386,-0.000989681127802691,0.000989681127802691,9.794687347288064e-07,0.2035668073649758,0.29407353706326295,0.6922309616767156,1.0,16,0.8293823657536149,medium
76,peak_time,24.0,23.98,24.0,2.613021007929096,22.0,26.0,20.0,28.049999999999997,4.0,8.049999999999997,1.0,1.0,-0.019999999999999574,0.0,0.0,0.0,0.345569331159679,0.15788589250384683,2.1887283637533312,1.0,26,0.7331018654337436,medium
76,peak_height,0.23798497021198273,0.18644615203142167,0.18520467728376389,0.018699302476559015,0.17602894082665443,0.19916437938809395,0.15073915347456932,0.217956954985857,0.023135438561439514,0.06721780151128767,0.0,0.0,-0.05153881818056105,-0.05278029292821884,0.05278029292821884,0.002785759321588588,0.345569331159679,0.15788589250384683,2.1887283637533312,1.0,26,0.7331018654337436,medium
76,cumulative_infected,4.077833839692175,4.133412869589956,4.145066466473509,0.3263767466741766,3.9325363566167653,4.361824211315252,3.600851748569403,4.674253002484329,0.4292878546984866,1.0734012539149265,1.0,1.0,0.05557902989778096,0.06723262678133324,0.06723262678133324,0.004520226103918047,0.345569331159679,0.15788589250384683,2.1887283637533312,1.0,26,0.7331018654337436,medium
76,early_growth_slope,0.0007195951461437208,0.0033407913739580144,0.003553824140302215,0.0027941357507376987,0.001784330214160859,0.005445974420754714,-0.0014050189760815713,0.007445020365273757,0.0036616442065938552,0.008850039341355328,0.0,1.0,0.0026211962278142936,0.002834228994158494,0.002834228994158494,8.03285399132867e-06,0.345569331159679,0.15788589250384683,2.1887283637533312,1.0,26,0.7331018654337436,medium
77,peak_time,21.0,18.1,18.0,1.42488702369803,17.0,19.0,16.0,20.0,2.0,4.0,0.0,0.0,-2.8999999999999986,-3.0,3.0,9.0,0.42145937143954804,0.09336434534993826,4.514136203278447,1.0,12,0.8373309788730903,medium
77,peak_height,0.38560017943382263,0.4245423227548599,0.4234366863965988,0.0225879672950331,0.41054119169712067,0.43909164518117905,0.38966978192329405,0.46660212278366087,0.02855045348405838,0.07693234086036682,0.0,0.0,0.03894214332103729,0.037836506962776184,0.037836506962776184,0.0014316012591442107,0.42145937143954804,0.09336434534993826,4.514136203278447,1.0,12,0.8373309788730903,medium
77,cumulative_infected,8.708751103375107,8.825798577494862,8.769716691691428,0.4399118990033141,8.544021172914654,9.041229099500924,8.10206682800781,9.669642989596468,0.49720792658627033,1.5675761615886579,1.0,1.0,0.11704747411975447,0.06096558831632137,0.06096558831632137,0.003716802958755181,0.42145937143954804,0.09336434534993826,4.514136203278447,1.0,12,0.8373309788730903,medium
77,early_growth_slope,0.013870274115886004,0.009481332876284361,0.00966332576769803,0.0027881706155502956,0.007841050816101152,0.011266852866919221,0.004863073152401263,0.013208614830260292,0.003425802050818069,0.008345541677859027,0.0,0.0,-0.004388941239601643,-0.0042069483481879735,0.0042069483481879735,1.769841440432152e-05,0.42145937143954804,0.09336434534993826,4.514136203278447,1.0,12,0.8373309788730903,medium
78,peak_time,32.0,21.53,21.0,14.820443838008211,7.75,34.25,2.95,45.05,26.5,42.099999999999994,1.0,1.0,-10.469999999999999,-11.0,11.0,121.0,0.37992910268198166,0.3665088655431397,1.0366164052237976,1.0,28,0.8170715466487072,medium
78,peak_height,0.07115673273801804,0.05141944020986557,0.049668632447719574,0.012042325171131692,0.04220951721072197,0.05937119387090206,0.03649339284747839,0.07149785459041595,0.017161676660180092,0.03500446174293756,0.0,1.0,-0.019737292528152463,-0.021488100290298462,0.021488100290298462,0.00046173845408592484,0.37992910268198166,0.3665088655431397,1.0366164052237976,1.0,28,0.8170715466487072,medium
78,cumulative_infected,0.6777819463750347,0.5597763282745586,0.49436602980131283,0.20828698118400588,0.4101050154567929,0.6550586237863172,0.34967200062383197,1.0582866649350762,0.24495360832952429,0.7086146643112442,0.0,1.0,-0.11800561810047616,-0.18341591657372192,0.18341591657372192,0.03364139845257852,0.37992910268198166,0.3665088655431397,1.0366164052237976,1.0,28,0.8170715466487072,medium
78,early_growth_slope,-0.004862813561755629,-0.0006170277745305992,-0.0007500505300759811,0.0023559175775080266,-0.002097731820651372,0.0009761828999520125,-0.004415967729983091,0.003043684291021366,0.0030739147206033848,0.0074596520210044575,0.0,0.0,0.004245785787225029,0.004112763031679648,0.004112763031679648,1.691481975475077e-05,0.37992910268198166,0.3665088655431397,1.0366164052237976,1.0,28,0.8170715466487072,medium
79,peak_time,48.0,22.73,20.5,15.206893040973096,9.0,36.0,1.9500000000000002,47.0,27.0,45.05,0.0,0.0,-25.27,-27.5,27.5,756.25,0.17738159875292447,0.4756258248159696,0.372943581904026,1.0,30,0.6115696510971842,medium
79,peak_height,0.05376497656106949,0.04919183759018779,0.048509661108255386,0.011784295701104713,0.04154611472040415,0.05397797282785177,0.034449783712625505,0.06622446179389954,0.012431858107447624,0.03177467808127404,1.0,1.0,-0.004573138970881699,-0.005255315452814102,0.005255315452814102,2.7618340508586692e-05,0.17738159875292447,0.4756258248159696,0.372943581904026,1.0,30,0.6115696510971842,medium
79,cumulative_infected,0.3363040901022032,0.5007367545189118,0.45724815683206543,0.21300549394960616,0.38476223559700884,0.5365730092744343,0.31759317153773736,0.8974855364998803,0.15181077367742546,0.5798923649621429,0.0,1.0,0.16443266441670856,0.12094406672986224,0.12094406672986224,0.014627467277157372,0.17738159875292447,0.4756258248159696,0.372943581904026,1.0,30,0.6115696510971842,medium
79,early_growth_slope,0.0013604908072877495,-0.000184943366986685,-8.218413928434813e-05,0.0021822919112455324,-0.0015666060758771235,0.0011862524067206934,-0.003979056474885767,0.0035840672634852425,0.002752858482597817,0.00756312373837101,0.0,1.0,-0.0015454341742744346,-0.0014426749465720975,0.0014426749465720975,2.0813110014668044e-06,0.17738159875292447,0.4756258248159696,0.372943581904026,1.0,30,0.6115696510971842,medium
80,peak_time,12.0,11.71,12.0,0.9352253550061957,11.0,12.0,10.0,13.0,1.0,3.0,1.0,1.0,-0.28999999999999915,0.0,0.0,0.0,0.682688333506663,0.16780456901093094,4.068353665996973,1.0,22,0.746278586438616,medium
80,peak_height,0.4166872799396515,0.4145012804865837,0.4121476411819458,0.019673409456729272,0.40009190142154694,0.4284055382013321,0.38662882298231127,0.448263955116272,0.028313636779785156,0.06163513213396071,1.0,1.0,-0.0021859994530677995,-0.0045396387577056885,0.0045396387577056885,2.0608320050463647e-05,0.682688333506663,0.16780456901093094,4.068353665996973,1.0,22,0.746278586438616,medium
80,cumulative_infected,5.9481982221477665,5.8460576285453865,5.851964317727834,0.2473170170831878,5.663801974878879,6.000025464978535,5.4164442562076145,6.268940478097647,0.33622349009965546,0.8524962218900329,1.0,1.0,-0.10214059360238004,-0.09623390441993251,0.09623390441993251,0.009260964359904707,0.682688333506663,0.16780456901093094,4.068353665996973,1.0,22,0.746278586438616,medium
80,early_growth_slope,0.02778077434881456,0.027564558722785598,0.02821365545692276,0.0038222118262753726,0.02531865605020097,0.030427757331857538,0.021401583993463733,0.03246712511782312,0.0051091012816565674,0.011065541124359386,1.0,1.0,-0.00021621562602896355,0.000432881108108199,0.000432881108108199,1.873860537569823e-07,0.682688333506663,0.16780456901093094,4.068353665996973,1.0,22,0.746278586438616,medium
81,peak_time,9.0,8.67,9.0,0.7255092255537737,8.0,9.0,8.0,10.0,1.0,2.0,1.0,1.0,-0.33000000000000007,0.0,0.0,0.0,0.8952226877654798,0.17932025084227132,4.992312265684429,1.0,23,0.8253650645106025,medium
81,peak_height,0.4814322292804718,0.46471447944641114,0.46514154970645905,0.022378766419105012,0.45282821357250214,0.47819168865680695,0.4289881393313408,0.5037546008825302,0.02536347508430481,0.07476646155118943,0.0,1.0,-0.016717749834060658,-0.016290679574012756,0.016290679574012756,0.00026538624098315644,0.8952226877654798,0.17932025084227132,4.992312265684429,1.0,23,0.8253650645106025,medium
81,cumulative_infected,5.504278102831449,5.297902162625032,5.291547285785782,0.23587926093014175,5.138725137279835,5.460773461934878,4.917353888577781,5.677562043824582,0.32204832465504296,0.7602081552468007,0.0,1.0,-0.20637594020641714,-0.2127308170456672,0.2127308170456672,0.045254400520917136,0.8952226877654798,0.17932025084227132,4.992312265684429,1.0,23,0.8253650645106025,medium
81,early_growth_slope,0.06685385114646383,0.05743404307440089,0.05836272163737919,0.006597185349379174,0.053269745826366385,0.06182219064794479,0.04659448800320248,0.06711539264748957,0.008552444821578402,0.02052090464428709,0.0,1.0,-0.00941980807206294,-0.008491129509084643,0.008491129509084643,7.2099280340048e-05,0.8952226877654798,0.17932025084227132,4.992312265684429,1.0,23,0.8253650645106025,medium
82,peak_time,45.0,20.32,17.0,15.52116834090355,5.0,33.25,0.0,47.05,28.25,47.05,0.0,1.0,-24.68,-28.0,28.0,784.0,0.23066640489596738,0.30156729857936454,0.7648919693302292,1.0,23,0.7871426560942039,medium
82,peak_height,0.038875337690114975,0.0488997039757669,0.046073293313384056,0.01123820592028819,0.041387480683624744,0.055062659084796906,0.035501949675381186,0.06983547806739807,0.013675178401172161,0.03433352839201688,0.0,1.0,0.010024366285651926,0.007197955623269081,0.007197955623269081,5.1810565154550986e-05,0.23066640489596738,0.30156729857936454,0.7648919693302292,1.0,23,0.7871426560942039,medium
82,cumulative_infected,0.33344755170401186,0.4995266780389511,0.4306362407551205,0.23012263488561832,0.37352520115882726,0.5340438824205194,0.2926312542873347,0.8807388351968255,0.1605186812616921,0.5881075809094908,0.0,1.0,0.16607912633493926,0.09718868905110867,0.09718868905110867,0.00944564127947309,0.23066640489596738,0.30156729857936454,0.7648919693302292,1.0,23,0.7871426560942039,medium
82,early_growth_slope,-0.0003238463998838726,-0.0005494431304075634,-0.000559196104794474,0.0020289301359851636,-0.0017887436635127018,0.0007658771688251621,-0.003602952061642313,0.002187933132518082,0.002554620832337864,0.005790885194160395,1.0,1.0,-0.00022559673052369075,-0.00023534970491060134,0.00023534970491060134,5.5389483601507126e-08,0.23066640489596738,0.30156729857936454,0.7648919693302292,1.0,23,0.7871426560942039,medium
83,peak_time,15.0,16.97,17.0,3.1796543869109457,15.75,19.0,12.0,22.049999999999997,3.25,10.049999999999997,0.0,1.0,1.9699999999999989,2.0,2.0,4.0,0.5068186605878542,0.2882024652055584,1.7585507473933968,1.0,13,0.638084221693348,medium
83,peak_height,0.107256218791008,0.11265002317726612,0.1131807267665863,0.014110124648279659,0.10239644907414913,0.1215453315526247,0.09041097350418567,0.13550928756594657,0.01914888247847557,0.0450983140617609,1.0,1.0,0.005393804386258125,0.005924507975578308,0.005924507975578308,3.509979475269098e-05,0.5068186605878542,0.2882024652055584,1.7585507473933968,1.0,13,0.638084221693348,medium
83,cumulative_infected,1.908726983005181,1.8791058843908695,1.859432628029026,0.20064505481391823,1.7270809967303649,2.0057594602258177,1.5716689331304223,2.2351515526883303,0.2786784634954529,0.663482619557908,1.0,1.0,-0.029621098614311503,-0.049294354976154864,0.049294354976154864,0.002429933432515164,0.5068186605878542,0.2882024652055584,1.7585507473933968,1.0,13,0.638084221693348,medium
83,early_growth_slope,0.003563520698142903,0.0034062767604752606,0.003608125934122308,0.002879356374703397,0.0016643633051509309,0.005324364231672093,-0.0016122935706031633,0.008127202348606215,0.003660000926521162,0.009739495919209378,1.0,1.0,-0.00015724393766764237,4.460523597940493e-05,4.460523597940493e-05,1.9896270767784005e-09,0.5068186605878542,0.2882024652055584,1.7585507473933968,1.0,13,0.638084221693348,medium
84,peak_time,14.0,14.63,15.0,1.4259853938362563,14.0,16.0,12.95,17.0,2.0,4.050000000000001,1.0,1.0,0.6300000000000008,1.0,1.0,1.0,0.5580211505568335,0.2257083911357139,2.4723101686605293,1.0,22,0.7626181477588072,medium
84,peak_height,0.2620035409927368,0.23860168889164923,0.24065439403057098,0.016906473475676344,0.22706450149416924,0.24992047995328903,0.21058670729398726,0.2645854368805885,0.022855978459119797,0.053998729586601235,0.0,1.0,-0.023401852101087584,-0.021349146962165833,0.021349146962165833,0.0004557860760121546,0.5580211505568335,0.2257083911357139,2.4723101686605293,1.0,22,0.7626181477588072,medium
84,cumulative_infected,3.762204092461616,3.629618605336727,3.66133741979138,0.19399919691421394,3.520649505779147,3.76141603718861,3.308753975201398,3.9501485404267442,0.2407665314094629,0.6413945652253461,0.0,1.0,-0.1325854871248886,-0.10086667267023586,0.10086667267023586,0.010174085655564505,0.5580211505568335,0.2257083911357139,2.4723101686605293,1.0,22,0.7626181477588072,medium
84,early_growth_slope,0.013729500562129984,0.010185310310744601,0.010117397305466942,0.003060233253954595,0.008503458594315729,0.011881257184584337,0.0055038796166280955,0.014981815075623755,0.003377798590268608,0.009477935458995659,0.0,1.0,-0.003544190251385382,-0.0036121032566630417,0.0036121032566630417,1.3047289936795752e-05,0.5580211505568335,0.2257083911357139,2.4723101686605293,1.0,22,0.7626181477588072,medium
85,peak_time,7.0,8.2,8.0,0.6816498108607268,8.0,9.0,7.0,9.0,1.0,2.0,0.0,1.0,1.1999999999999993,1.0,1.0,1.0,0.9451533740257435,0.11346422584941243,8.32996803133468,1.0,28,0.6631396847213349,medium
85,peak_height,0.629555344581604,0.6244276458024979,0.6254438757896423,0.026844249638203005,0.6065949350595474,0.6433211117982864,0.5769565373659133,0.6654611945152282,0.036726176738739014,0.08850465714931488,1.0,1.0,-0.005127698779106127,-0.00411146879196167,0.00411146879196167,1.6904175627274753e-05,0.9451533740257435,0.11346422584941243,8.32996803133468,1.0,28,0.6631396847213349,medium
85,cumulative_infected,8.631925737019628,8.51839490965911,8.48755428334698,0.5126695933549044,8.125638391298708,8.923695871344535,7.767014308203943,9.312674499396234,0.7980574800458271,1.5456601911922911,1.0,1.0,-0.11353082736051867,-0.14437145367264748,0.14437145367264748,0.020843116635553396,0.9451533740257435,0.11346422584941243,8.32996803133468,1.0,28,0.6631396847213349,medium
85,early_growth_slope,0.0930668681616052,0.08697440292287777,0.08790979725364151,0.00710315254512892,0.08400286921823862,0.09091029759951022,0.07627527817939628,0.09605487686459947,0.006907428381271605,0.019779598685203195,0.0,1.0,-0.006092465238727432,-0.00515707090796369,0.00515707090796369,2.659538034976544e-05,0.9451533740257435,0.11346422584941243,8.32996803133468,1.0,28,0.6631396847213349,medium
86,peak_time,13.0,11.13,11.0,1.0792346708420162,10.0,12.0,9.95,13.0,2.0,3.0500000000000007,0.0,1.0,-1.8699999999999992,-2.0,2.0,4.0,0.7253194289159531,0.26022420969036975,2.7872865087340695,1.0,30,0.691774486532641,medium
86,peak_height,0.3045502305030823,0.27396239668130873,0.27257607877254486,0.019827360703354755,0.26022137701511383,0.2842300236225128,0.24266334995627403,0.31319269984960557,0.024008646607398987,0.07052934989333154,0.0,1.0,-0.030587833821773547,-0.031974151730537415,0.031974151730537415,0.0010223463788874287,0.7253194289159531,0.26022420969036975,2.7872865087340695,1.0,30,0.691774486532641,medium
86,cumulative_infected,3.578802782809362,3.431731272999841,3.427211897505913,0.19615169857298104,3.3385294885883923,3.5552138506100164,3.1072938055032866,3.7044766532053472,0.2166843620216241,0.5971828477020606,0.0,1.0,-0.14707150980952077,-0.15159088530344889,0.15159088530344889,0.022979796507083396,0.7253194289159531,0.26022420969036975,2.7872865087340695,1.0,30,0.691774486532641,medium
86,early_growth_slope,0.01653188588984665,0.02031338283435356,0.020348791227055088,0.0031797759458871695,0.018612847019020197,0.022759513519260848,0.01456791527203417,0.02482283303078951,0.004146666500240651,0.010254917758755339,0.0,1.0,0.003781496944506909,0.003816905337208437,0.003816905337208437,1.4568766353210253e-05,0.7253194289159531,0.26022420969036975,2.7872865087340695,1.0,30,0.691774486532641,medium
87,peak_time,20.0,20.38,20.0,2.187106385943387,19.0,22.0,17.0,24.0,3.0,7.0,1.0,1.0,0.379999999999999,0.0,0.0,0.0,0.38800392528411465,0.1761824711600627,2.2022844992996555,1.0,23,0.6890738770875268,medium
87,peak_height,0.19521190226078033,0.19291336134076117,0.19014951586723328,0.01984659385721607,0.17871803790330887,0.20659101009368896,0.16561099365353585,0.23105692863464355,0.027872972190380096,0.0654459349811077,1.0,1.0,-0.0022985409200191598,-0.005062386393547058,0.005062386393547058,2.562775599757039e-05,0.38800392528411465,0.1761824711600627,2.2022844992996555,1.0,23,0.6890738770875268,medium
87,cumulative_infected,3.907484860625118,3.899322241883801,3.897386281285435,0.2716388593370115,3.704938834605855,4.080253980588168,3.492096059303731,4.296641095326049,0.37531514598231297,0.8045450360223185,1.0,1.0,-0.008162618741316852,-0.010098579339683056,0.010098579339683056,0.00010198130467987346,0.38800392528411465,0.1761824711600627,2.2022844992996555,1.0,23,0.6890738770875268,medium
87,early_growth_slope,0.005729826189400183,0.0034633485343788157,0.0037381148154270786,0.0028917928942708304,0.0012425284228465036,0.005571014938011232,-0.0013149511928315313,0.007791952551425699,0.004328486515164728,0.00910690374425723,0.0,1.0,-0.0022664776550213677,-0.001991711373973105,0.001991711373973105,3.966914197213833e-06,0.38800392528411465,0.1761824711600627,2.2022844992996555,1.0,23,0.6890738770875268,medium
88,peak_time,19.0,18.18,17.5,6.4766558274367725,14.0,21.0,10.95,27.099999999999994,7.0,16.149999999999995,1.0,1.0,-0.8200000000000003,-1.5,1.5,2.25,0.507996597273338,0.32551765922166936,1.5605807638454572,1.0,20,0.6479621542240737,medium
88,peak_height,0.08257141709327698,0.09122033376246691,0.09252801910042763,0.01769595915998645,0.07581079564988613,0.10431810468435287,0.06316131837666035,0.11728007346391678,0.028507309034466743,0.05411875508725643,1.0,1.0,0.008648916669189932,0.00995660200715065,0.00995660200715065,9.913392352879635e-05,0.507996597273338,0.32551765922166936,1.5605807638454572,1.0,20,0.6479621542240737,medium
88,cumulative_infected,1.5368398171849549,1.492562317056945,1.4921437709126621,0.2574159084934898,1.348964947857894,1.6650444203805819,0.9691394200897776,1.9111803822204818,0.31607947252268787,0.9420409621307042,1.0,1.0,-0.044277500128009795,-0.04469604627229273,0.04469604627229273,0.001997736552374933,0.507996597273338,0.32551765922166936,1.5605807638454572,1.0,20,0.6479621542240737,medium
88,early_growth_slope,0.003102131387484925,0.0025175794828490843,0.002240023070563828,0.0029540211174685646,0.0005231711520103837,0.004774394855346707,-0.002358571184006341,0.007281558057625909,0.004251223703336323,0.00964012924163225,1.0,1.0,-0.0005845519046358406,-0.0008621083169210969,0.0008621083169210969,7.432307501045264e-07,0.507996597273338,0.32551765922166936,1.5605807638454572,1.0,20,0.6479621542240737,medium
89,peak_time,11.0,11.27,11.0,1.316983084342561,10.0,12.0,9.0,13.049999999999997,2.0,4.049999999999997,1.0,1.0,0.2699999999999996,0.0,0.0,0.0,0.7342527101658642,0.31871995531010816,2.303755061246325,1.0,21,0.7794095980362616,medium
89,peak_height,0.2324887067079544,0.22800313159823418,0.2292737364768982,0.01918401541674635,0.2141544707119465,0.24026356264948845,0.19700991064310075,0.25971025973558426,0.02610909193754196,0.06270034909248351,1.0,1.0,-0.0044855751097202246,-0.0032149702310562134,0.0032149702310562134,1.0336033586577642e-05,0.7342527101658642,0.31871995531010816,2.303755061246325,1.0,21,0.7794095980362616,medium
89,cumulative_infected,2.9661577858496457,2.874093866182593,2.8734947055927478,0.18252365525381398,2.7730898626323324,2.991077267746732,2.5885575705004156,3.1651642152690327,0.21798740511439973,0.5766066447686171,1.0,1.0,-0.09206391966705274,-0.09266308025689796,0.09266308025689796,0.008586446442696311,0.7342527101658642,0.31871995531010816,2.303755061246325,1.0,21,0.7794095980362616,medium
89,early_growth_slope,0.015690073969640898,0.016428986565460074,0.016162854577747306,0.0035488746851906443,0.013954636230621306,0.019226466682517807,0.011468052258160675,0.022185200045905292,0.005271830451896501,0.010717147787744618,1.0,1.0,0.0007389125958191765,0.000472780608106408,0.000472780608106408,2.2352150340146496e-07,0.7342527101658642,0.31871995531010816,2.303755061246325,1.0,21,0.7794095980362616,medium
90,peak_time,8.0,7.88,8.0,0.670895677509559,7.0,8.0,7.0,9.0,1.0,2.0,1.0,1.0,-0.1200000000000001,0.0,0.0,0.0,0.9516141461420491,0.09129462704551405,10.423550398728624,1.0,11,0.6105040059514759,medium
90,peak_height,0.6838722825050354,0.625502804517746,0.6267028748989105,0.027978907466584414,0.6098885387182236,0.6444254070520401,0.5797223299741745,0.666380962729454,0.03453686833381653,0.08665863275527952,0.0,0.0,-0.05836947798728942,-0.05716940760612488,0.05716940760612488,0.003268341166035249,0.9516141461420491,0.09129462704551405,10.423550398728624,1.0,11,0.6105040059514759,medium
90,cumulative_infected,7.892768824851373,8.371944619630922,8.370486518091639,0.598650141188619,7.960716563160531,8.790898882664806,7.501093418501841,9.349119809723925,0.8301823195042743,1.848026391222084,0.0,1.0,0.4791757947795485,0.47771769324026536,0.47771769324026536,0.2282141944348003,0.9516141461420491,0.09129462704551405,10.423550398728624,1.0,11,0.6105040059514759,medium
90,early_growth_slope,0.10204850720349763,0.09123546245276451,0.09165958269191571,0.007893216919773629,0.0877120157127224,0.09657223591403588,0.08017315032581487,0.10069766227277879,0.008860220201313482,0.02052451194696392,0.0,0.0,-0.010813044750733122,-0.010388924511581923,0.010388924511581923,0.00010792975250734771,0.9516141461420491,0.09129462704551405,10.423550398728624,1.0,11,0.6105040059514759,medium
91,peak_time,10.0,11.9,12.0,1.5986105077709067,11.0,13.0,10.0,15.0,2.0,5.0,0.0,1.0,1.9000000000000004,2.0,2.0,4.0,0.7237702051940688,0.3408780080372201,2.1232528591725432,1.0,24,0.6221611341384697,medium
91,peak_height,0.18873775005340576,0.1866716820001602,0.1837431639432907,0.016086351394127698,0.1758596934378147,0.19609864428639412,0.16360988840460777,0.21475694403052328,0.020238950848579407,0.05114705562591551,1.0,1.0,-0.002066068053245551,-0.004994586110115051,0.004994586110115051,2.49458904113542e-05,0.7237702051940688,0.3408780080372201,2.1232528591725432,1.0,24,0.6221611341384697,medium
91,cumulative_infected,2.5623792405240238,2.4579925761099366,2.4792660522689403,0.18726932310432015,2.312160609755665,2.5939417622284964,2.158911800062924,2.7274401779315665,0.2817811524728313,0.5685283778686423,1.0,1.0,-0.10438666441408717,-0.08311318825508351,0.08311318825508351,0.006907802061924952,0.7237702051940688,0.3408780080372201,2.1232528591725432,1.0,24,0.6221611341384697,medium
91,early_growth_slope,0.011517092984701903,0.011825355288019632,0.01190849010544341,0.002795782301892412,0.009952765060699588,0.013697030288832525,0.0072239525372251165,0.016938886598135073,0.0037442652281329362,0.009714934060909956,1.0,1.0,0.0003082623033177287,0.000391397120741507,0.000391397120741507,1.531917061247418e-07,0.7237702051940688,0.3408780080372201,2.1232528591725432,1.0,24,0.6221611341384697,medium
92,peak_time,10.0,10.11,10.0,1.062634424057455,9.0,11.0,9.0,12.0,2.0,3.0,1.0,1.0,0.10999999999999943,0.0,0.0,0.0,0.8045143428682068,0.34498876073067364,2.332001602499382,1.0,22,0.7505055098179805,medium
92,peak_height,0.2416686713695526,0.22768354579806327,0.22847456485033035,0.022313273421078906,0.21327591687440872,0.24133586883544922,0.19317051842808725,0.26483582258224486,0.028059951961040497,0.07166530415415762,0.0,1.0,-0.013985125571489343,-0.01319410651922226,0.01319410651922226,0.00017408444684058333,0.8045143428682068,0.34498876073067364,2.332001602499382,1.0,22,0.7505055098179805,medium
92,cumulative_infected,2.7097745872451924,2.5792150471549578,2.5778135946020484,0.20052764340517074,2.408946606592508,2.7117471503734123,2.287036392834125,2.9494881429709494,0.30280054378090426,0.6624517501368246,1.0,1.0,-0.13055954009023463,-0.13196099264314398,0.13196099264314398,0.0174137035793639,0.8045143428682068,0.34498876073067364,2.332001602499382,1.0,22,0.7505055098179805,medium
92,early_growth_slope,0.018320537787596024,0.020973382054645686,0.020860029295796438,0.004410425291134886,0.01820502569171367,0.02402094681400783,0.01370611516897389,0.027794234375358513,0.005815921122294163,0.014088119206384623,1.0,1.0,0.0026528442670496616,0.0025394915082004137,0.0025394915082004137,6.449017120222011e-06,0.8045143428682068,0.34498876073067364,2.332001602499382,1.0,22,0.7505055098179805,medium
93,peak_time,28.0,22.18,22.0,4.363253350194072,19.0,25.0,16.0,29.049999999999997,6.0,13.049999999999997,0.0,1.0,-5.82,-6.0,6.0,36.0,0.37721658862312035,0.23326882802665494,1.6170895692073222,1.0,16,0.7897336763607387,medium
93,peak_height,0.11881176382303238,0.11450486414134503,0.11235082894563675,0.019003241760809114,0.10174626111984253,0.12640921026468277,0.08408170863986016,0.14841953441500663,0.02466294914484024,0.06433782577514648,1.0,1.0,-0.004306899681687348,-0.00646093487739563,0.00646093487739563,4.174367948994728e-05,0.37721658862312035,0.23326882802665494,1.6170895692073222,1.0,16,0.7897336763607387,medium
93,cumulative_infected,2.3361672047758475,2.273962519994875,2.2303421954857185,0.3710393465633358,2.0485571626923047,2.5330299441120587,1.7439329487766373,2.8410632987273856,0.48447278141975403,1.0971303499507483,1.0,1.0,-0.0622046847809723,-0.10582500929012895,0.10582500929012895,0.011198932591255878,0.37721658862312035,0.23326882802665494,1.6170895692073222,1.0,16,0.7897336763607387,medium
93,early_growth_slope,0.002046336090036978,0.002080685808895006,0.002428511612205988,0.002450898092969859,0.0007888581070195264,0.003902829730317794,-0.0024340210016816854,0.005641067729309377,0.0031139716232982677,0.008075088730991062,1.0,1.0,3.434971885802815e-05,0.0003821755221690101,0.0003821755221690101,1.4605812974515552e-07,0.37721658862312035,0.23326882802665494,1.6170895692073222,1.0,16,0.7897336763607387,medium
94,peak_time,12.0,11.62,12.0,1.0128467731392472,11.0,12.0,10.0,13.0,1.0,3.0,1.0,1.0,-0.3800000000000008,0.0,0.0,0.0,0.7086918465471507,0.058518162919932,12.110630463858284,1.0,30,0.7107179108045334,medium
94,peak_height,0.7400200963020325,0.6939873790740967,0.6936433911323547,0.024101165595501798,0.6782120615243912,0.7099291980266571,0.6562295407056808,0.7345344007015229,0.03171713650226593,0.07830485999584202,0.0,0.0,-0.04603271722793578,-0.046376705169677734,0.046376705169677734,0.0021507987823952135,0.7086918465471507,0.058518162919932,12.110630463858284,1.0,30,0.7107179108045334,medium
94,cumulative_infected,14.561543476767838,14.32043417446037,14.380703266710043,0.6639988535555187,13.941657901741564,14.770991482295813,12.916650092671626,15.342376414407045,0.8293335805542483,2.4257263217354197,1.0,1.0,-0.24110930230746774,-0.18084021005779505,0.18084021005779505,0.032703181573747436,0.7086918465471507,0.058518162919932,12.110630463858284,1.0,30,0.7107179108045334,medium
94,early_growth_slope,0.05911434727853961,0.05432182665466002,0.053833290770680386,0.008683297976987752,0.04866764955693811,0.06020655886026187,0.04071111324952826,0.0706740778876424,0.011538909303323762,0.029962964638114147,1.0,1.0,-0.004792520623879595,-0.005281056507859226,0.005281056507859226,2.7889557839202284e-05,0.7086918465471507,0.058518162919932,12.110630463858284,1.0,30,0.7107179108045334,medium
95,peak_time,16.0,14.51,14.0,1.2672646116575639,14.0,15.0,13.0,17.0,1.0,4.0,0.0,1.0,-1.4900000000000002,-2.0,2.0,4.0,0.5453426588659701,0.16353516943140933,3.334711797847864,1.0,22,0.8321336908459682,medium
95,peak_height,0.37274542450904846,0.3459710964560509,0.3432205617427826,0.01977042341939527,0.3324347883462906,0.35619427263736725,0.32168540358543396,0.38177299946546556,0.02375948429107666,0.0600875958800316,0.0,1.0,-0.026774328052997565,-0.02952486276626587,0.02952486276626587,0.0008717175213668327,0.5453426588659701,0.16353516943140933,3.334711797847864,1.0,22,0.8321336908459682,medium
95,cumulative_infected,5.75884085893631,5.574650542547771,5.5510515527566895,0.28053285407517714,5.391499727906194,5.751828881242545,5.152447519125417,6.056752525409683,0.36032915333635174,0.9043050062842664,0.0,1.0,-0.18419031638853856,-0.20778930617962033,0.20778930617962033,0.043176395762608004,0.5453426588659701,0.16353516943140933,3.334711797847864,1.0,22,0.8321336908459682,medium
95,early_growth_slope,0.01139982189384422,0.0142882501987203,0.014262947393858449,0.0032553039242180903,0.012439227063580237,0.016194056472851937,0.008598023877298796,0.01963814306516377,0.0037548294092716993,0.011040119187864975,0.0,1.0,0.0028884283048760794,0.002863125500014229,0.002863125500014229,8.197487628831729e-06,0.5453426588659701,0.16353516943140933,3.334711797847864,1.0,22,0.8321336908459682,medium
96,peak_time,12.0,11.91,12.0,1.0059921480907303,11.0,12.25,10.0,14.0,1.25,4.0,1.0,1.0,-0.08999999999999986,0.0,0.0,0.0,0.6763224900743355,0.05544312863927832,12.198490717841622,1.0,24,0.652605485523158,medium
96,peak_height,0.7331935167312622,0.6833639866113663,0.6823423802852631,0.024416207718444643,0.6681710928678513,0.6956641674041748,0.6438232570886612,0.7266883075237274,0.027493074536323547,0.0828650504350662,0.0,0.0,-0.04982953011989588,-0.050851136445999146,0.050851136445999146,0.0025858380778496226,0.6763224900743355,0.05544312863927832,12.198490717841622,1.0,24,0.652605485523158,medium
96,cumulative_infected,14.466810815036297,14.107684773546062,14.199927297886461,0.6558459237465988,13.702695051208138,14.534426328755217,12.854700957774185,15.047040289122378,0.8317312775470782,2.192339331348194,1.0,1.0,-0.3591260414902351,-0.2668835171498358,0.2668835171498358,0.07122681172626671,0.6763224900743355,0.05544312863927832,12.198490717841622,1.0,24,0.652605485523158,medium
96,early_growth_slope,0.052092595779824814,0.047405255442682856,0.046831604922079426,0.0077488520264908795,0.04152055928993614,0.052346985141325374,0.03459516823336126,0.06067175165253933,0.01082642585138923,0.026076583419178068,1.0,1.0,-0.004687340337141958,-0.005260990857745389,0.005260990857745389,2.767802480528056e-05,0.6763224900743355,0.05544312863927832,12.198490717841622,1.0,24,0.652605485523158,medium
97,peak_time,24.0,22.65,22.0,13.327555566334636,12.0,32.25,2.0,44.05,20.25,42.05,1.0,1.0,-1.3500000000000014,-2.0,2.0,4.0,0.4081200115369894,0.30720179847631934,1.3285078849186793,1.0,15,0.6221521992184981,medium
97,peak_height,0.06359981745481491,0.052460062205791476,0.05177771858870983,0.010610120885582355,0.04460987728089094,0.05884075351059437,0.03814786784350872,0.07300454266369343,0.014230876229703426,0.0348566748201847,0.0,1.0,-0.011139755249023435,-0.01182209886610508,0.01182209886610508,0.000139762021599963,0.4081200115369894,0.30720179847631934,1.3285078849186793,1.0,15,0.6221521992184981,medium
97,cumulative_infected,0.8383730919158552,0.612007516699532,0.5723407742198106,0.23124516452305602,0.4751127896597609,0.6714219957939349,0.37820670943651746,1.0176244440139266,0.19630920613417402,0.6394177345774091,0.0,1.0,-0.22636557521632317,-0.26603231769604463,0.26603231769604463,0.07077319405872921,0.4081200115369894,0.30720179847631934,1.3285078849186793,1.0,15,0.6221521992184981,medium
97,early_growth_slope,-0.0007319789174722414,0.000296810863183055,0.0001491296785562077,0.0019064245822312045,-0.0006552161730290942,0.0014856619811672274,-0.002419241420838737,0.003451176982239952,0.0021408781541963216,0.005870418403078689,0.0,1.0,0.0010287897806552965,0.0008811085960284491,0.0008811085960284491,7.763523579952246e-07,0.4081200115369894,0.30720179847631934,1.3285078849186793,1.0,15,0.6221521992184981,medium
98,peak_time,12.0,12.66,13.0,0.9014018263378728,12.0,13.0,11.0,14.0,1.0,3.0,1.0,1.0,0.6600000000000001,1.0,1.0,1.0,0.613900441618489,0.07626255283908201,8.04982811044696,1.0,28,0.8093225570379226,medium
98,peak_height,0.6492443680763245,0.6193532234430313,0.6209685802459717,0.023253383890570984,0.6006661802530289,0.6345722079277039,0.5841677159070968,0.6561011791229248,0.03390602767467499,0.07193346321582794,0.0,1.0,-0.02989114463329312,-0.028275787830352783,0.028275787830352783,0.0007995201774271266,0.613900441618489,0.07626255283908201,8.04982811044696,1.0,28,0.8093225570379226,medium
98,cumulative_infected,12.175787611864507,12.019486414665261,12.109779062215239,0.5642655211602012,11.644622530322522,12.401554023285826,11.033035420626401,12.815014027711005,0.7569314929633038,1.7819786070846035,1.0,1.0,-0.1563011971992463,-0.06600854964926839,0.06600854964926839,0.00435712862679993,0.613900441618489,0.07626255283908201,8.04982811044696,1.0,28,0.8093225570379226,medium
98,early_growth_slope,0.03688339800352141,0.03524141638373683,0.03542957637303819,0.004588579947780468,0.0319403285532081,0.038847712766645205,0.027765080625457423,0.04167601847355918,0.006907384213437104,0.013910937848101757,1.0,1.0,-0.0016419816197845785,-0.0014538216304832222,0.0014538216304832222,2.1135973332608946e-06,0.613900441618489,0.07626255283908201,8.04982811044696,1.0,28,0.8093225570379226,medium
99,peak_time,16.0,14.51,14.0,2.761550581858246,12.0,17.0,10.0,19.0,5.0,9.0,1.0,1.0,-1.4900000000000002,-2.0,2.0,4.0,0.6747017885877465,0.41817530548063575,1.6134424480476397,1.0,21,0.6284825590031521,medium
99,peak_height,0.10630975663661957,0.1095330549776554,0.10884550213813782,0.015494431526986293,0.10076237842440605,0.1176404170691967,0.08607023023068905,0.13797667697072027,0.01687803864479065,0.051906446740031226,1.0,1.0,0.003223298341035838,0.0025357455015182495,0.0025357455015182495,6.430005248470039e-06,0.6747017885877465,0.41817530548063575,1.6134424480476397,1.0,21,0.6284825590031521,medium
99,cumulative_infected,1.5787028651866422,1.614542635099765,1.6148746822000248,0.16945492440250373,1.514798730640905,1.7091532987251412,1.354155582987005,1.884066561983127,0.19435456808423623,0.529910978996122,1.0,1.0,0.035839769913122765,0.03617181701338268,0.03617181701338268,0.0013084003460496407,0.6747017885877465,0.41817530548063575,1.6134424480476397,1.0,21,0.6284825590031521,medium
99,early_growth_slope,0.008120827193904135,0.004405763060337145,0.004652662262309431,0.00323764617789198,0.0020525758764484816,0.006429126770291033,-0.0006102875789760467,0.009564452340626821,0.004376550893842551,0.010174739919602868,0.0,1.0,-0.0037150641335669896,-0.0034681649315947034,0.0034681649315947034,1.2028167992743295e-05,0.6747017885877465,0.41817530548063575,1.6134424480476397,1.0,21,0.6284825590031521,medium
