case_id,true_beta,true_gamma,true_R0,true_beta_timeavg,true_beta_infweighted,true_R0_timeavg,true_R0_infweighted,beta_ref_mode,beta0,gamma,tau,kappa,severity,beta_mean,beta_median,beta_std,beta_ci50_low,beta_ci50_high,beta_ci90_low,beta_ci90_high,beta_width50,beta_width90,gamma_mean,gamma_median,gamma_std,gamma_ci50_low,gamma_ci50_high,gamma_ci90_low,gamma_ci90_high,gamma_width50,gamma_width90,R0_mean,R0_median,R0_std,R0_ci50_low,R0_ci50_high,R0_ci90_low,R0_ci90_high,R0_width50,R0_width90,beta_covered50,beta_covered90,beta_err_mean,beta_err_median,beta_abs_err_median,beta_sq_err_median,gamma_covered50,gamma_covered90,gamma_err_mean,gamma_err_median,gamma_abs_err_median,gamma_sq_err_median,R0_covered50,R0_covered90,R0_err_mean,R0_err_median,R0_abs_err_median,R0_sq_err_median
0,0.06588378066768495,0.22364714789828816,0.29458806556141753,0.06588378066768495,0.09991402699405277,0.29458806556141753,0.4467484961600869,time_avg,0.1072049143651905,0.22364714789828816,15,0.44937047572882854,strong,0.24217142040790332,0.22614150272885097,0.09267110658113993,0.17056631807632044,0.3005734696690232,0.1176470115809762,0.41896774012852533,0.13000715159270276,0.30132072854754915,0.3280113667194803,0.34043926463229957,0.09501174762320494,0.26484015219205215,0.40326594952812245,0.14782568889724032,0.4624063827431161,0.1384257973360703,0.3145806938458757,0.7609890448801457,0.7648615122886815,0.22580846339536506,0.6097723968092981,0.9099202012525545,0.38429844111193234,1.1072417362232736,0.3001478044432564,0.7229432951113413,0.0,0.0,0.17628763974021838,0.160257722061166,0.160257722061166,0.025682537480233934,0.0,1.0,0.10436421882119212,0.11679211673401141,0.11679211673401141,0.013640398531210948,0.0,0.0,0.4664009793187282,0.47027344672726396,0.47027344672726396,0.22115711469674076
1,0.43844080186439427,0.14226911838938677,3.081770709117586,0.43844080186439427,0.46787867086527885,3.081770709117586,3.2886874970624858,time_avg,0.7027206158528589,0.14226911838938677,11,0.517844977505071,strong,0.6886555283604453,0.6892332911531251,0.022573726896747772,0.6736966180986281,0.7046689470131973,0.6513085486068154,0.724949181796071,0.030972328914569136,0.07364063318925562,0.14570387418169742,0.1455024133624864,0.006054767931150675,0.14164920346401577,0.1495907289986235,0.13609028097786122,0.15593522287567035,0.007941525534607724,0.019844941897809137,4.733799783453221,4.72874721339053,0.2361920400055688,4.57286151660327,4.885966215583974,4.3616180956087165,5.140113165807783,0.3131046989807036,0.7784950701990665,0.0,0.0,0.25021472649605103,0.2507924892887309,0.2507924892887309,0.0628968726836382,1.0,1.0,0.0034347557923106453,0.0032332949730996263,0.0032332949730996263,1.0454196383071314e-05,0.0,0.0,1.6520290743356347,1.6469765042729443,1.6469765042729443,2.712531605627128
2,0.26871127322064725,0.1006554263807258,2.669615368815346,0.26871127322064725,0.2535333992025529,2.669615368815346,2.5188249488266163,time_avg,0.5659011015845684,0.1006554263807258,11,0.3267152168467249,strong,0.5574355685621536,0.5575657273996041,0.017130834538988903,0.5456724573766769,0.5684998260951406,0.5292335866334301,0.585935128097636,0.022827368718463692,0.05670154146420592,0.10820282652930022,0.10800871664725545,0.0049488224357729675,0.10480912811173457,0.11148629800592863,0.10026603094216506,0.11651051618029312,0.006677169894194063,0.016244485238128062,5.161958113451349,5.151306993587228,0.2746194142821525,4.970788785902309,5.335758516228919,4.731337042430886,5.639727354267984,0.3649697303266102,0.9083903118370982,0.0,0.0,0.28872429534150634,0.28885445417895683,0.28885445417895683,0.08343689569902307,0.0,1.0,0.0075474001485744124,0.007353290266529644,0.007353290266529644,5.40708777438396e-05,0.0,0.0,2.492342744636003,2.4816916247718823,2.4816916247718823,6.158793320462905
3,0.087085158822266,0.4580472037503408,0.1901226731857354,0.087085158822266,0.13283595350719898,0.1901226731857354,0.2900049436380827,time_avg,0.13292615464543783,0.4580472037503408,20,0.4252323035366723,strong,0.24730530104745094,0.22641004343606413,0.11039406559562423,0.15663226401875824,0.3193979350237016,0.10628959927282068,0.458921744709152,0.16276567100494338,0.3526321454363313,0.3344261027559275,0.3512438440450052,0.11427392172675219,0.2546207438981775,0.4333972781051946,0.12261897446683212,0.485498244659963,0.1787765342070171,0.3628792701931309,0.7722244120912172,0.7573226094871551,0.26434425653773824,0.584761788078604,0.9426219107918974,0.3673691525111628,1.2157633354205313,0.35786012271329337,0.8483941829093684,0.0,0.0,0.16022014222518494,0.13932488461379813,0.13932488461379813,0.019411423472648164,0.0,1.0,-0.12362110099441331,-0.10680335970533561,0.10680335970533561,0.011406957644347307,0.0,0.0,0.5821017389054818,0.5671999363014197,0.5671999363014197,0.3217157677403346
4,0.5245049759055646,0.3380864936809888,1.5513928704897517,0.5245049759055646,0.7729708158215044,1.5513928704897517,2.286310841363758,time_avg,0.7978302058102752,0.3380864936809888,22,0.38823979822713156,strong,0.798202151326215,0.8005178704445326,0.035529486270117684,0.7760273911248983,0.8226533255715074,0.7340603389903892,0.852303811889769,0.04662593444660912,0.11824347289937975,0.3354132962168643,0.33455644605117246,0.01580421682490735,0.32450257719586384,0.34559459246558116,0.3105782906443369,0.3616064846183186,0.021092015269717324,0.05102819397398173,2.381753487518331,2.3782410655170505,0.09183688464902197,2.3172960700351544,2.438509128625363,2.2381595561643266,2.5381779666662636,0.1212130585902087,0.300018410501937,0.0,0.0,0.2736971754206504,0.27601289453896805,0.27601289453896805,0.0761831179517795,1.0,1.0,-0.0026731974641245326,-0.0035300476298163463,0.0035300476298163463,1.2461236268772005e-05,0.0,0.0,0.8303606170285791,0.8268481950272988,0.8268481950272988,0.6836779376199019
5,0.1300984607325225,0.4381957165889852,0.2968957837955113,0.1300984607325225,0.16154716238948244,0.2968957837955113,0.3686644033104709,time_avg,0.16158609909810862,0.4381957165889852,26,0.5940291463120111,strong,0.2516660347513151,0.2360511057585573,0.1072046074053524,0.16225864741285673,0.3204635640315766,0.11180258205547494,0.44904660429766247,0.15820491661871988,0.3372440222421875,0.3464016514914043,0.36706471442455657,0.10443269928399324,0.2766958963075613,0.4313675506310949,0.14423611303855996,0.48093447181872045,0.15467165432353358,0.3366983587801605,0.7509899016158785,0.7444733134843943,0.25314620777781704,0.5747032408238251,0.9058004406643345,0.35798039389089936,1.146334915285043,0.33109719984050945,0.7883545213941436,0.0,1.0,0.12156757401879262,0.10595264502603483,0.10595264502603483,0.011225962988012941,0.0,1.0,-0.09179406509758092,-0.07113100216442864,0.07113100216442864,0.005059619468915952,0.0,0.0,0.45409411782036724,0.447577529688883,0.447577529688883,0.20032564508240291
6,0.6524727776556135,0.41858843962137937,1.5587453352648406,0.6524727776556135,0.8379306979914428,1.5587453352648406,2.001800858975862,time_avg,0.8472431619927892,0.41858843962137937,24,0.557909171510276,strong,0.8430043285556681,0.8488034992934474,0.04602170692507556,0.816857044937882,0.8757877674564132,0.7592873644397871,0.9062063909618816,0.05893072251853115,0.14691902652209454,0.427660524588453,0.4277879022207034,0.02567740678123619,0.41084360933245767,0.44550869243213925,0.38412619731773134,0.4683516612285637,0.03466508309968158,0.08422546391083235,1.9732583290190204,1.965917448879142,0.07732597683281872,1.9222527196409374,2.0187649572477664,1.8581594265100678,2.1080030225609168,0.09651223760682903,0.24984359605084894,0.0,0.0,0.19053155090005458,0.19633072163783394,0.19633072163783394,0.03854575225883264,1.0,1.0,0.009072084967073624,0.009199462599324026,0.009199462599324026,8.463011211636157e-05,0.0,0.0,0.4145129937541798,0.4071721136143014,0.4071721136143014,0.16578913010513757
7,0.11238312205506887,0.059983752692886874,1.8735593724931408,0.11238312205506887,0.0948880714896703,1.8735593724931408,1.5818962173889217,time_avg,0.1793979112856613,0.059983752692886874,17,0.4340092439615424,strong,0.33633975164196034,0.33634260510201286,0.022387412863502307,0.3211503035702262,0.35034276891900307,0.3011419851228034,0.37456505119525857,0.02919246534877684,0.07342306607245519,0.20031123803526873,0.19964522568912024,0.02216896113718045,0.1847288822276933,0.21463232750593025,0.16618061368125522,0.23815161692289524,0.029903445278236962,0.07197100324164002,1.6916557116832243,1.6856014619696114,0.14301115792486124,1.5916626472787592,1.7836523097425607,1.4706508126102116,1.9361652458707603,0.19198966246380156,0.46551443326054875,0.0,0.0,0.22395662958689147,0.223959483046944,0.223959483046944,0.05015785004665439,0.0,0.0,0.14032748534238187,0.13966147299623338,0.13966147299623338,0.019505327039477625,0.0,1.0,-0.1819036608099165,-0.1879579105235294,0.1879579105235294,0.03532817612837108
8,0.5242769534971756,0.19285175782348601,2.7185490006113273,0.5242769534971756,0.8351776878320473,2.7185490006113273,4.330671896682795,time_avg,0.9355674242729045,0.19285175782348601,17,0.33391505112789405,strong,0.9596155666630607,0.968003965550047,0.03111238816706324,0.9475032971674638,0.9813036821402201,0.8961017740621439,0.9925996896598126,0.03380038497275628,0.09649791559766874,0.20318287474885743,0.2028305260689459,0.011204844862755862,0.1957308775838732,0.21010748412450952,0.18570606863075417,0.2220300936236021,0.014376606540636327,0.036324024992847925,4.73758377729867,4.713520228316649,0.3107095899530777,4.529281694290214,4.92971017740845,4.260513445449391,5.274342048896577,0.40042848311823587,1.0138286034471866,0.0,0.0,0.43533861316588507,0.44372701205287135,0.44372701205287135,0.19689366122536903,0.0,1.0,0.01033111692537142,0.009978768245459874,0.009978768245459874,9.957581569659833e-05,0.0,0.0,2.0190347766873424,1.9949712277053218,1.9949712277053218,3.9799101993720787
9,0.4034973460037933,0.16469046328761228,2.4500346768660988,0.4034973460037933,0.5732918584371702,2.4500346768660988,3.4810264479976856,time_avg,0.6327956599466341,0.16469046328761228,24,0.30315846970076854,strong,0.6247011277853964,0.6241323513692242,0.017582788435309256,0.6131768014667252,0.6370057994966112,0.5958904493203411,0.6537142290876288,0.023828998029886028,0.0578237797672877,0.16509474785973463,0.16486722174862173,0.006104887769721621,0.16102695535788564,0.16893860885585985,0.15550328402440167,0.17543210724052544,0.007911653497974208,0.01992882321612377,3.788048440300734,3.782850101922028,0.15326892256788327,3.6867782679147343,3.8869887942705104,3.5410011714950174,4.045903301820872,0.20021052635577608,0.504902130325855,0.0,0.0,0.22120378178160316,0.2206350053654309,0.2206350053654309,0.04867980559260372,1.0,1.0,0.00040428457212235425,0.00017675846100945192,0.00017675846100945192,3.124355353842993e-08,0.0,0.0,1.3380137634346352,1.3328154250559292,1.3328154250559292,1.7763969572670173
10,0.21654166338196112,0.3359145197978184,0.644633234408248,0.21654166338196112,0.2825732796082968,0.644633234408248,0.8412059108917744,time_avg,0.3281781436337952,0.3359145197978184,13,0.5403103120213728,strong,0.18029223856741336,0.15925349032056835,0.07611751803954889,0.12076332610606161,0.21869757533993994,0.10140967530200949,0.32957792775734707,0.09793424923387833,0.22816825245533756,0.28679852394281047,0.2953778053179365,0.11850846788934072,0.18894711387112068,0.38365454418213146,0.08767092624896666,0.466364390733444,0.1947074303110108,0.3786934644844773,0.7119991137569361,0.6639641799277949,0.3040528143496523,0.49725440301892065,0.8725733497538026,0.31210986648626876,1.273389848797982,0.375318946734882,0.9612799823117133,1.0,1.0,-0.036249424814547765,-0.05728817306139278,0.05728817306139278,0.003281934772712089,1.0,1.0,-0.04911599585500792,-0.040536714479881886,0.040536714479881886,0.0016432252208234657,1.0,1.0,0.0673658793486881,0.019330945519546838,0.019330945519546838,0.00037368545467968795
11,0.1401115306518716,0.3303234269903075,0.4241646798365979,0.1401115306518716,0.17407202518505516,0.4241646798365979,0.5269745072914942,time_avg,0.17463706958275602,0.3303234269903075,29,0.5292885736255485,strong,0.3037300183591701,0.2926768138516111,0.12704237469216464,0.20101774884631987,0.3950377758124118,0.11882262665292832,0.5347824977573078,0.1940200269660919,0.4159598711043795,0.37453085480875375,0.400163960006351,0.09862890809124543,0.317491991289476,0.45245569500400984,0.17216805220613127,0.4911609280914081,0.1349637037145338,0.3189928758852768,0.816519476715097,0.8175136925263289,0.25021047035145066,0.6430206450341746,0.9947770903767909,0.39264266833935063,1.2024311202215587,0.3517564453426163,0.809788451882208,0.0,1.0,0.16361848770729848,0.1525652831997395,0.1525652831997395,0.023276165637816714,1.0,1.0,0.04420742781844628,0.06984053301604354,0.06984053301604354,0.004877700051965067,0.0,1.0,0.39235479687849906,0.393349012689731,0.393349012689731,0.15472344578398614
12,0.27627848670996974,0.2655753582641282,1.0403016624576922,0.27627848670996974,0.30413831331086133,1.0403016624576922,1.14520532062459,time_avg,0.3721072092399894,0.2655753582641282,24,0.5047502432381855,strong,0.5447156569164886,0.546492177739412,0.06269363808568522,0.5033456653349843,0.5912195081102752,0.435682113177629,0.6405377724388064,0.08787384277529098,0.20485565926117738,0.3947359742835216,0.39576725378889405,0.03902031080846082,0.36788503250308763,0.42275810761754906,0.32846230048373504,0.4559376154220108,0.054873075114461434,0.12747531493827574,1.380617236830524,1.3868509275664143,0.09351807745730605,1.3266107605109798,1.4375959780021355,1.2189864201362763,1.527055973262402,0.11098521749115564,0.3080695531261257,0.0,0.0,0.26843717020651886,0.2702136910294423,0.2702136910294423,0.07301543881975492,0.0,0.0,0.12916061601939338,0.13019189552476584,0.13019189552476584,0.016949929660331545,0.0,0.0,0.3403155743728319,0.3465492651087221,0.3465492651087221,0.12009639314739534
13,0.5056800569767482,0.3637089102960206,1.3903427786940334,0.5056800569767482,0.6922949659249377,1.3903427786940334,1.903431415418123,time_avg,0.7378858785067361,0.3637089102960206,20,0.47551550473743515,strong,0.7788376121042527,0.780018125615746,0.03688135104029846,0.7552165429012055,0.8036529331744302,0.7141920178672708,0.8379173106791029,0.04843639027322466,0.12372529281183209,0.38280318238358846,0.38213175502496244,0.01925041220648934,0.36971922980797156,0.39467606563672525,0.3532491691315512,0.4148679983478531,0.024956835828753687,0.06161882921630191,2.0359098697174365,2.034519996810195,0.06688615002752582,1.9898724538037165,2.079514279726564,1.93059428994508,2.1459047676731333,0.08964182592284775,0.21531047772805323,0.0,0.0,0.2731575551275045,0.2743380686389978,0.2743380686389978,0.07526137590457546,0.0,1.0,0.019094272087567865,0.018422844728941845,0.018422844728941845,0.00033940120790670034,0.0,0.0,0.645567091023403,0.6441772181161614,0.6441772181161614,0.41496428833987653
14,0.3380910463737047,0.3595226805779082,0.9403886448283217,0.3380910463737047,0.4207967301275284,0.9403886448283217,1.1704316663725536,time_avg,0.5438592810924624,0.3595226805779082,16,0.4436054404242148,strong,0.6570547083606393,0.6856465044911212,0.11315964874722072,0.5971031038588968,0.7401992038113986,0.43610563105830474,0.7899271956124435,0.14309609995250183,0.35382156455413877,0.45881552646609564,0.47362348528400733,0.04304812909416126,0.43984936727322776,0.4904427963352922,0.3726325847484551,0.49892133811694245,0.05059342906206443,0.12628875336848733,1.4270086361311352,1.4661879606420123,0.1826810007915129,1.3514074725828664,1.5448848118515757,1.0801702166851865,1.642176167508293,0.19347733926870925,0.5620059508231066,0.0,0.0,0.3189636619869346,0.3475554581174165,0.3475554581174165,0.12079479646720725,0.0,0.0,0.09929284588818743,0.11410080470609912,0.11410080470609912,0.013018993634579371,0.0,0.0,0.4866199913028134,0.5257993158136905,0.5257993158136905,0.2764649205101451
15,0.7432828357778588,0.4743571661758383,1.5669265456028405,0.7432828357778588,0.9256176637337279,1.5669265456028405,1.9513095400157041,time_avg,0.9281961595183197,0.4743571661758383,27,0.5669175289403117,strong,0.9315310256892971,0.9399374821791748,0.03892870737633377,0.9176667144741427,0.9561680517301094,0.8592031197273537,0.9762058750675016,0.03850133725596672,0.11700275534014781,0.4773990096798292,0.4813356436749425,0.017888992941291895,0.46927955309190283,0.49089951631680145,0.44028131098782625,0.4977534054410344,0.02161996322489862,0.05747209445320817,1.9516257843024198,1.949229234691019,0.05409354520178725,1.9203706644092793,1.9824422098861767,1.8720934248201282,2.0440197921331498,0.062071545476897416,0.17192636731302158,0.0,0.0,0.18824818991143832,0.19665464640131602,0.19665464640131602,0.03867304995122664,1.0,1.0,0.003041843503990893,0.006978477499104241,0.006978477499104241,4.869914820550418e-05,0.0,0.0,0.38469923869957934,0.38230268908817844,0.38230268908817844,0.14615534608405242
16,0.7734316095865617,0.207329498590697,3.7304465348341225,0.7734316095865617,0.9815214087934667,3.7304465348341225,4.7341136474320695,time_avg,0.9901964846337973,0.207329498590697,27,0.5241065823341168,strong,0.97956625731753,0.9886109726204263,0.02944593270624059,0.9757210094397177,0.9953227729007839,0.9304221059634731,0.9987863077223814,0.019601763461066124,0.06836420175890834,0.21487863095429707,0.21504677595773797,0.014560979408055558,0.20679147494080358,0.22329632217445827,0.1930132098762535,0.23740236782316929,0.016504847233654696,0.04438915794691578,4.582816670692145,4.547750123979627,0.395608655316888,4.367268554606374,4.757830419876523,4.076915411218806,5.1493946872039,0.3905618652701488,1.0724792759850938,0.0,0.0,0.20613464773096835,0.21517936303386465,0.21517936303386465,0.04630215827565971,1.0,1.0,0.007549132363600081,0.0077172773670409756,0.0077172773670409756,5.955636995984289e-05,0.0,0.0,0.8523701358580222,0.8173035891455047,0.8173035891455047,0.6679851568301239
17,0.30403411858211227,0.25738020890800306,1.1812645574888976,0.30403411858211227,0.343374289772534,1.1812645574888976,1.3341130276853117,time_avg,0.500787773273996,0.25738020890800306,15,0.4387310063058417,strong,0.6408852655094877,0.641034907062889,0.028331281240269564,0.6212874637019454,0.660391813182692,0.5955791356789324,0.6871678561569873,0.03910434948074659,0.09158872047805489,0.36420147910444095,0.36363779502462024,0.018006103656834714,0.35201270800153,0.37559447867607865,0.33603734960077764,0.39521979765660725,0.02358177067454864,0.05918244805582962,1.7608920524301097,1.7593125434848647,0.052622704616236804,1.724203111564539,1.7962553114289448,1.6774920051914408,1.8507244593139387,0.0720521998644057,0.17323245412249788,0.0,0.0,0.3368511469273754,0.33700078848077675,0.33700078848077675,0.11356953143666523,0.0,0.0,0.10682127019643789,0.10625758611661718,0.10625758611661718,0.011290674607330315,0.0,0.0,0.5796274949412121,0.5780479859959671,0.5780479859959671,0.33413947411399375
18,0.3801916469106449,0.19483762017075618,1.9513256555763923,0.3801916469106449,0.43855764384265017,1.9513256555763923,2.2508879109604045,time_avg,0.522466707733389,0.19483762017075618,20,0.5461431362776067,strong,0.5371109809748617,0.5365895432244192,0.012415231907112318,0.5287366020819857,0.5454149961242587,0.5175155717718508,0.5573893407035677,0.016678394042273004,0.0398737689317169,0.21130163077576633,0.211104057729824,0.006873759214511535,0.20654566545302885,0.21581928856889918,0.20075509847961037,0.22298425402634475,0.009273623115870322,0.02222915554673438,2.543737052814643,2.541751919953184,0.0769075006800137,2.489354012418318,2.5942529948203217,2.423026151837861,2.6739651232180215,0.10489898240200368,0.2509389713801604,0.0,0.0,0.15691933406421676,0.15639789631377432,0.15639789631377432,0.024460301971374103,0.0,0.0,0.016464010605010154,0.016266437559067815,0.016266437559067815,0.00026459699086305206,0.0,0.0,0.5924113972382508,0.5904262643767917,0.5904262643767917,0.34860317366593313
19,0.36986128810599067,0.16081366793974655,2.2999368949445875,0.36986128810599067,0.3847799394766722,2.2999368949445875,2.392706692200075,time_avg,0.6314951545464212,0.16081366793974655,11,0.46883514230776147,strong,0.6415565977165574,0.6415539245144636,0.018290131299786558,0.6292302502936047,0.6539106305131244,0.6114905708668804,0.6720463725166976,0.024680380219519682,0.06055580164981722,0.17579615109204172,0.17564681998121973,0.0063919127110568874,0.17127617921351296,0.1800965197068813,0.1654374556981866,0.18662462838717828,0.008820340493368328,0.021187172688991673,3.653402992928236,3.6497954662420233,0.14962428873348146,3.5544931609338977,3.7452087771740814,3.415545235358662,3.9174696038735664,0.19071561624018374,0.5019243685149042,0.0,0.0,0.2716953096105667,0.2716926364084729,0.2716926364084729,0.07381688867858666,0.0,0.0,0.014982483152295167,0.014833152041473174,0.014833152041473174,0.0002200223994854598,0.0,0.0,1.3534660979836484,1.3498585712974358,1.3498585712974358,1.8221181625051546
20,0.11781234894533232,0.38423184018882467,0.3066178713545325,0.11781234894533232,0.16063525275506677,0.3066178713545325,0.4180685616166664,time_avg,0.16097277954751602,0.38423184018882467,23,0.5034767768684497,strong,0.251067868018104,0.23029315302388398,0.10824284251185154,0.16418850025557144,0.32248822632983587,0.11121544058846833,0.45976838846966434,0.15829972607426443,0.348552947881196,0.34774851180840805,0.3643385922014557,0.10345477491019195,0.2822646767335775,0.4319310049917041,0.1516574170041907,0.48477835493849525,0.1496663282581266,0.33312093793430453,0.7403321862652917,0.7339975344724454,0.24104962095179058,0.5680121136845635,0.9035190722117256,0.3609580664403385,1.122494829815676,0.33550695852716206,0.7615367633753376,0.0,1.0,0.13325551907277167,0.11248080407855165,0.11248080407855165,0.012651931286157523,1.0,1.0,-0.036483328380416624,-0.019893247987368967,0.019893247987368967,0.00039574131548695944,0.0,0.0,0.43371431491075924,0.4273796631179129,0.4273796631179129,0.18265337644678073
21,0.13636110895363762,0.4438634834821007,0.3072140737595426,0.13636110895363762,0.17807259456428365,0.3072140737595426,0.40118775522443856,time_avg,0.17815523805765832,0.4438634834821007,25,0.5308122336487868,strong,0.19224443247468553,0.17072839488378555,0.08072444338032989,0.12858155306843153,0.23664443001576765,0.10289207899602132,0.3491071247696562,0.10806287694733613,0.2462150457736349,0.3056023909832396,0.31916939630387464,0.11020731413874471,0.22691651778988392,0.3928776533771089,0.10654733406365012,0.4682732918708887,0.16596113558722497,0.36172595780723854,0.6821875928398666,0.6517293196847819,0.26366326469346285,0.502589076332315,0.8220004878974523,0.3237355689769299,1.1449962885322473,0.3194114115651373,0.8212607195553174,1.0,1.0,0.05588332352104791,0.03436728593014793,0.03436728593014793,0.0011811103422045438,0.0,1.0,-0.1382610924988611,-0.12469408717822605,0.12469408717822605,0.015548615377211038,0.0,0.0,0.374973519080324,0.34451524592523924,0.34451524592523924,0.11869075467492808
22,0.2113721539291719,0.1606832776743221,1.3154583164378038,0.2113721539291719,0.21514478005210977,1.3154583164378038,1.3389369644809705,time_avg,0.29474477266169335,0.1606832776743221,28,0.35712778658985045,strong,0.4063686051410797,0.4061982490808382,0.0140707034818796,0.3965501143969945,0.41621147782244106,0.3835117666893272,0.42875886791692586,0.019661363425446554,0.045247101227598674,0.2370089466118196,0.23663933876236548,0.012614445936577571,0.22854129870607273,0.2453942181283621,0.21676556905936378,0.2575250400020098,0.016852919422289364,0.04075947094264604,1.7173193861181895,1.7178007819320327,0.06823852230005725,1.6693576130043384,1.763031458427973,1.6083650169055426,1.8328540673522868,0.09367384542363455,0.22448905044674428,0.0,0.0,0.19499645121190778,0.19482609515166627,0.19482609515166627,0.03795720735204612,0.0,0.0,0.07632566893749748,0.07595606108804337,0.07595606108804337,0.005769323216010576,0.0,0.0,0.4018610696803857,0.4023424654942289,0.4023424654942289,0.1618794595399748
23,0.4337603562616053,0.4154284939861013,1.0441275996733081,0.4337603562616053,0.655263791145489,1.0441275996733081,1.5773202864784999,time_avg,0.7179247228232679,0.4154284939861013,20,0.3403106724890442,strong,0.7571252200989571,0.7633409703938653,0.04921678763111964,0.7279182562419066,0.7927621752300813,0.6667387974162632,0.826955804893456,0.06484391898817465,0.1602170074771928,0.4374679410751798,0.43859560632521855,0.025397765752008642,0.42106635731208464,0.4560760517090612,0.39269722359942993,0.4761085596990983,0.03500969439697654,0.08341133609966839,1.730955266640877,1.7318290674615784,0.060878663847843836,1.6932208516352063,1.7703351678736639,1.6324589324078527,1.8259995006036225,0.07711431623845755,0.1935405681957698,0.0,0.0,0.3233648638373518,0.32958061413226,0.32958061413226,0.10862338121179764,0.0,1.0,0.022039447089078457,0.023167112339117224,0.023167112339117224,0.0005367150941332776,0.0,0.0,0.6868276669675688,0.6877014677882702,0.6877014677882702,0.47293330879814127
24,0.06980531113197878,0.21212625450283645,0.32907435854926376,0.06980531113197878,0.10195503215345458,0.32907435854926376,0.4806337263268432,time_avg,0.10813132191728994,0.21212625450283645,18,0.4461882941017361,strong,0.27132380193156536,0.25356471014824855,0.11721690677086831,0.1781126985208652,0.34894861281523815,0.11046456849637735,0.48802919454783145,0.17083591429437295,0.3775646260514541,0.3632416227647683,0.38765885414525547,0.10271633875688149,0.2979557834526336,0.4469294506034054,0.15573577775507239,0.4871549832943729,0.14897366715077176,0.3314192055393005,0.761739279203029,0.7516518223317663,0.2502178363251903,0.5895210491241893,0.9238775040322595,0.3582689355750438,1.1774858815435632,0.3343564549080702,0.8192169459685193,0.0,0.0,0.20151849079958656,0.18375939901626975,0.18375939901626975,0.03376751672682064,0.0,1.0,0.15111536826193184,0.17553259964241902,0.17553259964241902,0.03081169353722576,0.0,0.0,0.4326649206537652,0.42257746378250255,0.42257746378250255,0.17857171289685225
25,0.18142762261422982,0.19959240411963353,0.9089906172255136,0.18142762261422982,0.2028644390965134,0.9089906172255136,1.0163935846722836,time_avg,0.2566152138937585,0.19959240411963353,26,0.38958874343850936,strong,0.3941348867125278,0.3967091120246805,0.1154167716547589,0.31339533844491746,0.47787911185818555,0.20249252244153412,0.5820818872453271,0.1644837734132681,0.3795893648037929,0.3869776901449561,0.40138551196889277,0.07382283952885454,0.34663784659218144,0.4434738973487454,0.24834229352049364,0.4800526615806081,0.09683605075656398,0.23171036806011447,1.0174775909127503,1.0356152712603013,0.21147048863607854,0.89624802195248,1.1656516857975667,0.6291499602575974,1.3057581331681636,0.26940366384508674,0.6766081729105662,0.0,0.0,0.21270726409829796,0.2152814894104507,0.2152814894104507,0.046346119682781996,0.0,0.0,0.18738528602532256,0.20179310784925925,0.20179310784925925,0.04072045837546277,1.0,1.0,0.1084869736872367,0.12662465403478773,0.12662465403478773,0.016033803009429685
26,0.433365658589993,0.18970243365182204,2.284449652266391,0.433365658589993,0.5666955594458841,2.284449652266391,2.987286712863112,time_avg,0.6326913121966533,0.18970243365182204,21,0.4568205483677239,strong,0.6120288810391453,0.6121628383957685,0.017063646472170048,0.6008265965307578,0.6236901921539767,0.5830766083960566,0.640365738665879,0.022863595623218935,0.05728913026982241,0.1915515445011822,0.19143460705305657,0.007050904653329103,0.18664063479371237,0.1962030185396229,0.18044335555970334,0.20338658139361715,0.009562383745910535,0.02294322583391381,3.1984345845467486,3.1910617141690336,0.12446770877729826,3.109346523600587,3.2797200574242886,3.003061444626183,3.4084943004544463,0.1703735338237018,0.40543285582826316,0.0,0.0,0.17866322244915234,0.17879717980577547,0.17879717980577547,0.03196843150649881,1.0,1.0,0.0018491108493601527,0.0017321734012345213,0.0017321734012345213,3.00042469194437e-06,0.0,0.0,0.9139849322803575,0.9066120619026425,0.9066120619026425,0.8219454307873609
27,0.4491460751308997,0.06294407806763852,7.1356367257973945,0.4491460751308997,0.4724119677277888,7.1356367257973945,7.505264708463024,time_avg,0.6467738586016709,0.06294407806763852,16,0.5506480519053272,strong,0.6147716615566666,0.6149859701128875,0.03189574755952293,0.5939726814539042,0.6365302714237352,0.5607619408801267,0.6682096986290162,0.042557589969830945,0.1074477577488896,0.06439788024971503,0.06398119015687252,0.003946328423215691,0.06165667971463387,0.0666495451108222,0.058759892247180916,0.07133920411191598,0.004992865396188331,0.012579311864735064,9.582759146335643,9.577249188987372,0.7803572001238758,9.030598520840483,10.083600190215343,8.339832742325783,10.83403254292232,1.0530016693748596,2.4941998005965367,0.0,0.0,0.1656255864257669,0.16583989498198776,0.16583989498198776,0.027502870767636727,1.0,1.0,0.0014538021820765107,0.0010371120892340019,0.0010371120892340019,1.0756014856353163e-06,0.0,0.0,2.447122420538249,2.441612463189977,2.441612463189977,5.961471420404628
28,0.17328211213243314,0.2606415848241881,0.6648291071791863,0.17328211213243314,0.21958262110027227,0.6648291071791863,0.8424696360267624,time_avg,0.2616659200317749,0.2606415848241881,15,0.5174664599118871,strong,0.3290100325934998,0.317535876333797,0.14595719972065857,0.20651393338689383,0.4376931731066299,0.118423194286897,0.5863067081168948,0.23117923971973608,0.46788351382999777,0.3760831043212626,0.408712260167439,0.1092255921569659,0.3094278972516292,0.4660316583503364,0.14416167923213297,0.4951139369621032,0.15660376109870716,0.35095225772997024,0.8886560995167109,0.8854199586845031,0.2951013340981197,0.6886472250802727,1.095197917238113,0.3951332101393049,1.3730368913993283,0.40655069215784034,0.9779036812600234,0.0,1.0,0.15572792046106668,0.14425376420136385,0.14425376420136385,0.020809148486262682,0.0,1.0,0.11544151949707449,0.1480706753432509,0.1480706753432509,0.021924924896606413,0.0,1.0,0.22382699233752457,0.22059085150531677,0.22059085150531677,0.04866032376784071
29,0.6365070560844621,0.18394589728249672,3.4602949317588756,0.6365070560844621,0.8275362706554713,3.4602949317588756,4.498802544014202,time_avg,0.8730064303954558,0.18394589728249672,20,0.5484963109915397,strong,0.8434688203777835,0.8464909420766709,0.035557127418554255,0.8221529487595028,0.867843306069328,0.7810978215518054,0.8963441100086247,0.04569035730982518,0.11524628845681928,0.18724540056508274,0.18697625340921387,0.00844305736270626,0.18132022496521555,0.1925326579097239,0.17437692159567317,0.20181923942157542,0.011212432944508355,0.027442317825902257,4.512291610602802,4.508815957922559,0.2549317334499215,4.337392022569911,4.681145622940837,4.098561652662455,4.938720080650264,0.34375360037092584,0.8401584279878094,0.0,0.0,0.20696176429332136,0.20998388599220874,0.20998388599220874,0.044093232376388916,1.0,1.0,0.0032995032825860193,0.0030303561267171486,0.0030303561267171486,9.183058254732159e-06,0.0,0.0,1.0519966788439268,1.0485210261636837,1.0485210261636837,1.0993963423073443
30,0.28040284191456033,0.1564199745393455,1.7926281009848168,0.28040284191456033,0.28505225254272526,1.7926281009848168,1.8223519942526516,time_avg,0.5353380897348915,0.1564199745393455,12,0.3734032343575937,strong,0.5682776809824194,0.5683315575628303,0.014317834127011375,0.5583733224712044,0.5777585054687143,0.5451920034213883,0.5916699575852729,0.01938518299750991,0.04647795416388456,0.19530874681120738,0.19501691080464117,0.006699947023968465,0.19063122477563,0.19982285799604674,0.18474720278876144,0.20660201097731049,0.009191633220416745,0.02185480818854904,2.912141696220335,2.907762376906194,0.10029103439967642,2.8435720524283656,2.9799675717684733,2.751433002531464,3.077186924658512,0.13639551934010763,0.32575392212704823,0.0,0.0,0.28787483906785905,0.28792871564826994,0.28792871564826994,0.08290294529486229,0.0,0.0,0.03888877227186188,0.03859693626529567,0.03859693626529567,0.0014897234890672963,0.0,0.0,1.119513595235518,1.1151342759213774,1.1151342759213774,1.2435244533346945
31,0.15372553861841998,0.3001080197898632,0.5122340240226143,0.15372553861841998,0.19377138139685027,0.5122340240226143,0.6456721201003883,time_avg,0.19639607017870425,0.3001080197898632,28,0.5062096673798742,strong,0.23012748472767008,0.21135359514357077,0.09991265160585888,0.14915253699184225,0.29064294766231846,0.10602130402151648,0.4243277248539538,0.1414904106704762,0.3183064208324373,0.33518311702578973,0.3547042506360216,0.10786644070284843,0.2592504881609323,0.42449266764651705,0.13142199145348774,0.4787941839901254,0.16524217948558473,0.34737219253663765,0.7170237478905769,0.7103766945249568,0.2464018806585604,0.5346837295761541,0.8774356584126891,0.33559716751309676,1.1247786499968009,0.34275192883653505,0.7891814824837041,1.0,1.0,0.07640194610925011,0.057628056525150795,0.057628056525150795,0.003320992898865975,1.0,1.0,0.035075097235926556,0.054596230846158444,0.054596230846158444,0.002980748422607023,0.0,1.0,0.20478972386796257,0.19814267050234247,0.19814267050234247,0.039260517873799854
32,0.5850679431962337,0.4227929412984518,1.3838167245635993,0.5850679431962337,0.8086137212666872,1.3838167245635993,1.9125525577208784,time_avg,0.8194828438605872,0.4227929412984518,25,0.4278955260124205,strong,0.8304521784673582,0.836710673679563,0.044960590416550476,0.8042146496694211,0.862428834493436,0.7490061330952039,0.8931795259399956,0.05821418482401486,0.1441733928447917,0.4376713466828059,0.4383750882883898,0.023223584827807984,0.42233482442029197,0.45366271749052123,0.3990077363304906,0.4747221888095427,0.03132789307022926,0.07571445247905212,1.8982685495196556,1.894581760454322,0.062264208396748705,1.8572763441817104,1.9361055350998355,1.802264613896546,2.0040281855062623,0.07882919091812512,0.20176357160971636,0.0,0.0,0.24538423527112452,0.2516427304833293,0.2516427304833293,0.06332406380510551,1.0,1.0,0.014878405384354088,0.015582146989937984,0.015582146989937984,0.00024280330481603338,0.0,0.0,0.5144518249560563,0.5107650358907228,0.5107650358907228,0.2608809218884513
33,0.12746861501430692,0.4008815707494104,0.3179707532476894,0.12746861501430692,0.2255210947291367,0.3179707532476894,0.5625628893529484,time_avg,0.22940994122097044,0.4008815707494104,18,0.3056825639282644,strong,0.22354552164161026,0.2020115934767504,0.09709577346095147,0.1439920873182155,0.27946814443534396,0.10581676360437212,0.41614083998476337,0.13547605711712846,0.3103240763803913,0.3330899704402701,0.34975777824965626,0.106953165864398,0.2589890097162036,0.42073279398965674,0.13088522723104595,0.4760980521439086,0.16174378427345315,0.34521282491286265,0.702866521911684,0.6894109160545538,0.2501780978093237,0.5222789181845552,0.8479013171600989,0.33717114358389483,1.1052476234077662,0.3256223989755437,0.7680764798238713,0.0,1.0,0.09607690662730334,0.07454297846244348,0.07454297846244348,0.005556655638052313,1.0,1.0,-0.06779160030914028,-0.05112379249975413,0.05112379249975413,0.0026136421595579166,0.0,0.0,0.38489576866399455,0.3714401628068644,0.3714401628068644,0.13796779454598995
34,0.48880774347813616,0.24921974388286117,1.9613524027529965,0.48880774347813616,0.6192495571630368,1.9613524027529965,2.484753204200779,time_avg,0.64072804350668,0.24921974388286117,26,0.506029698142646,strong,0.656459257298795,0.6558925743135668,0.01859039000658232,0.6437105311501298,0.669056437260343,0.6261247957114422,0.6871890996882434,0.025345906110213257,0.06106430397680118,0.2704921097066832,0.2700543364405478,0.009313604930577273,0.2640111416377581,0.27678630644145374,0.2560407084921564,0.2864841662671977,0.012775164803695671,0.030443457775041316,2.4284293098786227,2.4267342292930216,0.07194703103016781,2.3773970437531022,2.4760527829811148,2.3162165719968746,2.5510296166667263,0.09865573922801252,0.23481304466985176,0.0,0.0,0.1676515138206588,0.1670848308354307,0.1670848308354307,0.02791734069530449,0.0,0.0,0.021272365823822026,0.02083459255768666,0.02083459255768666,0.00043408024704481233,0.0,0.0,0.4670769071256262,0.46538182654002513,0.46538182654002513,0.21658024447373003
35,0.5184392599405302,0.12133408800721257,4.27282446718281,0.5184392599405302,0.6563944288749175,4.27282446718281,5.409810545869838,time_avg,0.7927158270156803,0.12133408800721257,17,0.4757635182598041,strong,0.757015344937911,0.7578455155716096,0.02909513070289979,0.7374615952635886,0.777137343720911,0.7082409356953018,0.8027446481889248,0.03967574845732247,0.094503712493623,0.1254554794726422,0.12509605919618655,0.005581206367304988,0.12155011760441396,0.1290879911322041,0.11691305696625771,0.13558278052858225,0.0075378735277901315,0.018669723562324533,6.045028565401536,6.043506067792395,0.3379742003949508,5.8165426621291285,6.2681123854928735,5.497907154754747,6.617915616276853,0.451569723363745,1.1200084615221053,0.0,0.0,0.2385760849973808,0.23940625563107942,0.23940625563107942,0.05731535523529375,0.0,1.0,0.004121391465429641,0.003761971188973978,0.003761971188973978,1.4152427226670286e-05,0.0,0.0,1.772204098218726,1.770681600609585,1.770681600609585,3.1353133307373215
36,0.5199944118877248,0.05109355052329082,10.177300394316639,0.5199944118877248,0.5357785812867041,10.177300394316639,10.48622724002066,time_avg,0.7910165462627274,0.05109355052329082,13,0.5369930891279451,strong,0.7931477708475514,0.800124168974744,0.07121046654807305,0.7506075338698539,0.844676002429884,0.6638009503600983,0.8971934904342166,0.09406846856003015,0.23339254007411825,0.05434637091077807,0.05348608362175744,0.0035293686004076404,0.05211495916094462,0.055473220361603084,0.05098799536213777,0.06077945126276685,0.0033582612006584633,0.009791455900629076,14.650344457762804,14.772099513791748,1.5948864337349495,13.655758782144314,15.743312231798065,11.821308427950589,17.147608466265584,2.0875534496537504,5.326300038314995,0.0,0.0,0.2731533589598266,0.28012975708701926,0.28012975708701926,0.07847268080563241,0.0,1.0,0.003252820387487247,0.002392533098466619,0.002392533098466619,5.724214627258281e-06,0.0,0.0,4.4730440634461655,4.594799119475109,4.594799119475109,21.112178948329237
37,0.6361683702847136,0.3431698063211541,1.8538005342152915,0.6361683702847136,0.914714973899646,1.8538005342152915,2.6654879218704153,time_avg,0.9199937248425982,0.3431698063211541,26,0.35727515739658017,strong,0.9203251086295579,0.9282159394424973,0.03953558769507822,0.8994776118751993,0.9485082339316554,0.8468705458579825,0.9700001468982704,0.04903062205645614,0.12312960104028792,0.3535379978754438,0.3519792649021396,0.0207992555080564,0.3394384210912466,0.36574506108065136,0.3223287203643941,0.39103376312463634,0.026306639989404745,0.06870504276024225,2.6084489023480892,2.598659967694621,0.13213584420449037,2.5203668608756056,2.689470457374205,2.4060928411801745,2.8321039415159976,0.16910359649859963,0.4260111003358231,0.0,0.0,0.28415673834484423,0.2920475691577836,0.2920475691577836,0.08529178265097041,1.0,1.0,0.010368191554289696,0.008809458580985474,0.008809458580985474,7.76065604900986e-05,0.0,0.0,0.7546483681327978,0.7448594334793295,0.7448594334793295,0.5548155756431477
38,0.6650692883191399,0.3299705637902874,2.015541267316876,0.6650692883191399,0.9666672365961793,2.015541267316876,2.929555974606705,time_avg,0.9712534651045913,0.3299705637902874,26,0.3432366271479246,strong,0.9615879449579946,0.9696476292741347,0.032178620818353806,0.9501549564635794,0.9820375217193946,0.9050996698177473,0.9923485246177607,0.03188256525581523,0.08724885480001343,0.3547949797161163,0.3533081278801503,0.02214502024894621,0.3403877742723551,0.36777227365361487,0.32290620405042925,0.3931404144808696,0.027384499381259753,0.07023421043044037,2.7188563897262497,2.712010818898263,0.16777135199447354,2.6153090306026368,2.8052343752476743,2.4825907030568075,2.982201993967594,0.18992534464503752,0.4996112909107864,0.0,0.0,0.2965186566388547,0.3045783409549948,0.3045783409549948,0.09276796577889707,0.0,1.0,0.024824415925828902,0.023337564089862928,0.023337564089862928,0.0005446418976484597,0.0,0.0,0.7033151224093737,0.6964695515813868,0.6964695515813868,0.485069836279978
39,0.09563722732280087,0.32778274487652315,0.2917701703877907,0.09563722732280087,0.14085707807727618,0.2917701703877907,0.429726946518608,time_avg,0.14664399547027124,0.32778274487652315,12,0.542332651262912,strong,0.2810713075639884,0.2664748530466988,0.12237939741880241,0.1779493638337632,0.36326192777385996,0.1134210598137568,0.510874941524143,0.18531256394009676,0.3974538817103862,0.36742890191591754,0.38967491485484196,0.10020104918242911,0.30676908812319825,0.4481488547587636,0.17028378906880248,0.48873430306180954,0.14137976663556534,0.31845051399300706,0.7728039634552337,0.7735793713707168,0.2500803152316801,0.590492681572328,0.9566183812913596,0.36672319215293064,1.1652557687312788,0.3661256997190315,0.7985325765783482,0.0,0.0,0.18543408024118752,0.17083762572389793,0.17083762572389793,0.029185494362978633,1.0,1.0,0.03964615703939439,0.06189216997831881,0.06189216997831881,0.0038306407046251084,0.0,0.0,0.48103379306744304,0.48180920098292607,0.48180920098292607,0.23214010615180564
40,0.4317833196702945,0.44014052401108633,0.9810124178872897,0.4317833196702945,0.5508760270811036,0.9810124178872897,1.2515912464975119,time_avg,0.5836297066689945,0.44014052401108633,29,0.380533560008421,strong,0.5311518414028845,0.5420859013990982,0.10513940948275861,0.4610119267851188,0.6107002964786732,0.34458351854357616,0.6835513101880165,0.14968836969355437,0.33896779164444035,0.426928932659434,0.4361882151175108,0.05142056573599315,0.3974901849407152,0.46644738732204805,0.33078406896652907,0.4901883987108446,0.06895720238133285,0.1594043297443155,1.2392361486549495,1.2654430371408056,0.166124224854963,1.157603814578102,1.35197712259598,0.9272809273605318,1.4513019121033393,0.194373308017878,0.5240209847428074,0.0,1.0,0.09936852173259003,0.1103025817288037,0.1103025817288037,0.01216665953603942,1.0,1.0,-0.013211591351652341,-0.003952308893575507,0.003952308893575507,1.562074559023605e-05,0.0,1.0,0.2582237307676598,0.284430619253516,0.284430619253516,0.08090077716893858
41,0.485641993259342,0.34225882946052527,1.4189319645159189,0.485641993259342,0.7036667143694306,1.4189319645159189,2.0559490473293653,time_avg,0.9643286359842775,0.34225882946052527,10,0.37950789691583403,strong,0.9891690513347005,0.9952780606159228,0.0187770847279093,0.987999798632937,0.9984828959846674,0.9587676947074667,0.9998780363504068,0.010483097351730475,0.04111034164294014,0.3925777026622996,0.39483893021539795,0.040534735128356224,0.3764631074645246,0.41444811272763366,0.34050277448121424,0.44589087834655694,0.03798500526310905,0.1053881038653427,2.583119432914712,2.4997628061517245,0.867322800903306,2.392571819864137,2.606843472322872,2.2367939180806964,2.917380648973429,0.21427165245873514,0.6805867308927325,0.0,0.0,0.5035270580753585,0.5096360673565808,0.5096360673565808,0.2597289211506814,0.0,1.0,0.050318873201774306,0.05258010075487268,0.05258010075487268,0.002764666995392563,0.0,0.0,1.1641874683987932,1.0808308416358057,1.0808308416358057,1.168195308231164
42,0.12586624687389628,0.0927501104367397,1.3570468679899144,0.12586624687389628,0.11413250409811473,1.3570468679899144,1.2305376625503741,time_avg,0.19681568321567838,0.0927501104367397,19,0.41856983714347656,strong,0.3931629883332011,0.3916474719407887,0.03967785181441128,0.3648839275504928,0.41944181910403083,0.33166401412277813,0.4619472051829098,0.05455789155353802,0.1302831910601317,0.2798101262900238,0.2777945347204202,0.03636652317161653,0.2557957334323827,0.3031317416769934,0.22209911254276404,0.3421285446271352,0.047336008244610706,0.12002943208437117,1.4159689619667382,1.415771807424997,0.13206871527517292,1.3245677246022278,1.4972201317115972,1.2108249610990864,1.6376778608715732,0.17265240710936935,0.42685289977248675,0.0,0.0,0.2672967414593048,0.2657812250668924,0.2657812250668924,0.07063965959805811,0.0,0.0,0.18706001585328408,0.1850444242836805,0.1850444242836805,0.03424143895847877,1.0,1.0,0.0589220939768238,0.05872493943508261,0.05872493943508261,0.003448618511654121
43,0.1894886555790286,0.47716886953080373,0.3971102636375907,0.1894886555790286,0.3105415320712376,0.3971102636375907,0.6508000666023971,time_avg,0.3134876392801075,0.47716886953080373,21,0.31802302732028964,strong,0.24123386424489549,0.21563578432180974,0.10921193953612156,0.15340041552610106,0.31234782529224747,0.10662308713627687,0.4488060104778109,0.1589474097661464,0.342182923341534,0.33783251040532336,0.35473596748492536,0.11207081239387941,0.25937180742913435,0.431628675881075,0.12588377422880045,0.4841205054960047,0.17225686845194066,0.35823673126720423,0.7469415822572294,0.7292092321371619,0.26838344005384945,0.55382735040083,0.9095300521294079,0.3463534144013414,1.199657212138218,0.3557027017285779,0.8533037977368767,1.0,1.0,0.051745208665866876,0.026147128742781134,0.026147128742781134,0.0006836723414915713,0.0,1.0,-0.13933635912548037,-0.12243290204587837,0.12243290204587837,0.014989815503375647,0.0,1.0,0.3498313186196387,0.3320989684995712,0.3320989684995712,0.1102897248784792
44,0.17241969321401499,0.11647969287646093,1.4802553900694464,0.17241969321401499,0.15511719501068497,1.4802553900694464,1.331710199263688,time_avg,0.29367988031650855,0.11647969287646093,15,0.410144002608713,strong,0.42133257085738696,0.42104338880809034,0.016071798610597526,0.4106130786519219,0.43202707915846295,0.39530020265279514,0.44735644890111864,0.02141400050654102,0.0520562462483235,0.23757896531899667,0.2370858269175618,0.013490053517675417,0.22863669853228308,0.24607385069951015,0.21603117698424118,0.260494142527365,0.017437152167227077,0.044462965543123845,1.776516931325181,1.7754100272376117,0.0736663219425349,1.726078952046396,1.824996127750896,1.6592871927288078,1.9030235400307987,0.09891717570449998,0.2437363473019909,0.0,0.0,0.24891287764337197,0.24862369559407535,0.24862369559407535,0.06181374201085544,0.0,0.0,0.12109927244253574,0.12060613404110088,0.12060613404110088,0.014545839568339991,0.0,0.0,0.29626154125573456,0.29515463716816526,0.29515463716816526,0.08711625984187128
45,0.09386014998752518,0.12235043294778084,0.7671419522281927,0.09386014998752518,0.10481867291895763,0.7671419522281927,0.8567086392223413,time_avg,0.13110704260519304,0.12235043294778084,23,0.47389762060712326,strong,0.2833257475660727,0.2716298779119741,0.11600129553149448,0.18828943069863385,0.36120577867568504,0.11918880538696211,0.499682547551523,0.1729163479770512,0.3804937421645609,0.3547723451212475,0.37292746247625236,0.1032201407331452,0.2889655688314276,0.440498797001299,0.1569634896391343,0.48651630433823395,0.15153322816987141,0.32955281469909964,0.8156935044981616,0.8234660116456767,0.24925668329356587,0.6415234352834807,0.9805899657551114,0.4088359272122851,1.2065972177342061,0.3390665304716307,0.797761290521921,0.0,0.0,0.18946559757854753,0.17776972792444895,0.17776972792444895,0.03160207616633261,0.0,0.0,0.23242191217346667,0.2505770295284715,0.2505770295284715,0.06278884772731247,1.0,1.0,0.04855155226996888,0.056324059417483974,0.056324059417483974,0.003172399669264265
46,0.09180573899577979,0.41442723395756353,0.22152438708982264,0.09180573899577979,0.11875269023138195,0.22152438708982264,0.28654654062513174,time_avg,0.11876042872473612,0.41442723395756353,30,0.4325826788771513,strong,0.2563017743196263,0.23303473761534457,0.11382033144532926,0.1661237638974904,0.329737383114188,0.11041040285110311,0.4774837653019027,0.1636136192166976,0.3670733624507996,0.34308404155920086,0.3587862989555568,0.10794635564203785,0.2696844585589041,0.43233191785023123,0.13658664162664466,0.4855978485912434,0.16264745929132712,0.34901120696459875,0.7718342573733954,0.7675526830671822,0.2615420485992752,0.5844158891308419,0.9385688328456774,0.3636361908402889,1.20190041897576,0.3541529437148355,0.8382642281354711,0.0,0.0,0.16449603532384652,0.14122899861956478,0.14122899861956478,0.01994563005108503,1.0,1.0,-0.07134319239836268,-0.05564093500200673,0.05564093500200673,0.0030959136478975378,0.0,0.0,0.5503098702835727,0.5460282959773595,0.5460282959773595,0.29814690000793886
47,0.2579169337631999,0.22158415319886565,1.1639683165055879,0.2579169337631999,0.28178390976864237,1.1639683165055879,1.2716789792984389,time_avg,0.3665851768632655,0.22158415319886565,24,0.42993496800609365,strong,0.4676005738736216,0.4670356691871492,0.028099928708306493,0.44747288045497374,0.4869486278324795,0.42246267233838164,0.5128683406000455,0.039475747377505754,0.09040566826166385,0.30264104738770514,0.3021018266131205,0.023598361574148678,0.2867373252966463,0.31782432749426603,0.26610261025422866,0.3422327063507043,0.03108700219761973,0.07613009609647564,1.5488919776124939,1.546282865866338,0.0776927275839322,1.4947879102353685,1.6002100630337717,1.427516341017208,1.6815497652102467,0.10542215279840317,0.25403342419303865,0.0,0.0,0.20968364011042168,0.20911873542394932,0.20911873542394932,0.043730645505311715,0.0,0.0,0.08105689418883949,0.08051767341425486,0.08051767341425486,0.006483095732044605,0.0,0.0,0.384923661106906,0.38231454936075004,0.38231454936075004,0.14616441465291338
48,0.6881768067324299,0.06688136793657784,10.289514523462097,0.6881768067324299,0.8006555243343426,10.289514523462097,11.971279132531903,time_avg,0.8762505405645131,0.06688136793657784,30,0.46341335860711996,strong,0.8896321656788048,0.9000654264143982,0.0600658543423421,0.8567043412835643,0.9336787719217665,0.7688565304534295,0.9653386681689284,0.0769744306382022,0.19648213771549894,0.0651474134517094,0.06458282939134735,0.0046480241581581825,0.061943385222627455,0.0674851680855108,0.05871349879308868,0.07340985285705354,0.00554178286288335,0.014696354063964856,13.733314014555082,13.778422246131178,1.4356870812694797,12.794558741810805,14.739570618841544,11.312410357374223,15.996141888593572,1.9450118770307387,4.683731531219349,0.0,0.0,0.2014553589463749,0.21188861968196837,0.21188861968196837,0.04489678715072983,1.0,1.0,-0.0017339544848684468,-0.0022985385452304885,0.0022985385452304885,5.28327944391029e-06,0.0,0.0,3.443799491092985,3.4889077226690812,3.4889077226690812,12.172477097299955
49,0.49532279929871675,0.10524850580090409,4.706221675352867,0.49532279929871675,0.6267686016810685,4.706221675352867,5.955130639732888,time_avg,0.6913104053926079,0.10524850580090409,26,0.40937166646042167,strong,0.6671356825227857,0.6674519475198937,0.02427179233965274,0.6512718501699263,0.6834763491882949,0.6262687343851278,0.7061647125645761,0.03220449901836864,0.07989597817944838,0.1075067146649537,0.10731021628753487,0.00468756780333156,0.10436228003545944,0.11055547749061688,0.09994948849516995,0.11552659112900562,0.006193197455157437,0.015577102633835674,6.216678312108121,6.201198147658358,0.3425822890962626,5.974849176819455,6.442170284909825,5.683012095265854,6.796225020033299,0.46732110809036964,1.1132129247674456,0.0,0.0,0.1718128832240689,0.17212914822117692,0.17212914822117692,0.029628443667347893,1.0,1.0,0.002258208864049621,0.0020617104866307856,0.0020617104866307856,4.2506501306833506e-06,0.0,0.0,1.5104566367552534,1.494976472305491,1.494976472305491,2.2349546527469704
50,0.4645385004486816,0.3180913953279194,1.4603931677239819,0.4645385004486816,0.6515134350133843,1.4603931677239819,2.0481957216784856,time_avg,0.6857817294788836,0.3180913953279194,23,0.40256547268969123,strong,0.6738068703172232,0.6739762648954494,0.023950993844207312,0.657437084752274,0.6898219735704172,0.6350349725831909,0.714028091789348,0.032384888818143165,0.07899311920615715,0.31473758465592705,0.31380483140155346,0.012539137757731002,0.30612162523543385,0.3230651339106466,0.29489144846270504,0.3358420795671675,0.01694350867521277,0.040950631104462454,2.1422178923867756,2.137588061089109,0.06669136068489764,2.095398079293526,2.18497165648658,2.0378439701232822,2.254363984408885,0.08957357719305437,0.21652001428560297,0.0,0.0,0.20926836986854158,0.20943776444676776,0.20943776444676776,0.043864177176459775,1.0,1.0,-0.0033538106719923633,-0.004286563926365949,0.004286563926365949,1.8374630294821866e-05,0.0,0.0,0.6818247246627938,0.6771948933651271,0.6771948933651271,0.4585929235998058
51,0.404092985693502,0.40181838715064866,1.005660762711689,0.404092985693502,0.4911202259191582,1.005660762711689,1.2222442815565548,time_avg,0.5612442193992201,0.40181838715064866,21,0.5172326171467206,strong,0.5227757147908927,0.5314427960178556,0.09005921401455913,0.4659551519231314,0.5879209346007268,0.36333328836319295,0.6557802276307123,0.12196578267759539,0.29244693926751936,0.3998959096270751,0.40592876320778437,0.05282510135625494,0.366749236896868,0.43979990720352613,0.306690848558179,0.47464580578815596,0.07305067030665813,0.16795495722997694,1.3072621151612638,1.325976637553078,0.14706552553732305,1.230611871479438,1.4011425255041485,1.0435278381309707,1.5102355695341307,0.17053065402471046,0.46670773140316,0.0,1.0,0.1186827290973907,0.1273498103243536,0.1273498103243536,0.01621797418964884,1.0,1.0,-0.0019224775235735514,0.004110376057135712,0.004110376057135712,1.689519133107452e-05,0.0,0.0,0.30160135244957487,0.320315874841389,0.320315874841389,0.10260225967540439
52,0.24430498037565818,0.47034949492066447,0.5194115928983106,0.24430498037565818,0.3063294749208636,0.5194115928983106,0.6512805439974657,time_avg,0.3070232271311938,0.47034949492066447,28,0.5357306636672303,strong,0.20320877174516955,0.17891797570916884,0.09327663164938882,0.1274773671312947,0.25372950060425103,0.10171525226529714,0.3911289342843725,0.12625213347295633,0.28941368201907536,0.3086737183065477,0.323757525484064,0.1213627790186062,0.21281643333459174,0.41278173844902233,0.09906510013046763,0.4803213145161259,0.19996530511443059,0.38125621438565827,0.7252224105994756,0.6880669986112848,0.3007124024751822,0.5017926951669178,0.8875006055046357,0.3262510473364639,1.2563770683333628,0.3857079103377179,0.9301260209968989,1.0,1.0,-0.04109620863048863,-0.06538700466648933,0.06538700466648933,0.004275460379255498,0.0,1.0,-0.16167577661411675,-0.14659196943660047,0.14659196943660047,0.021489205503301204,1.0,1.0,0.20581081770116494,0.16865540571297422,0.16865540571297422,0.028444645876207937
53,0.3694347884817701,0.4032595724892013,0.9161215596231457,0.3694347884817701,0.5465237431318337,0.9161215596231457,1.3552653933502565,time_avg,0.6633760478139018,0.4032595724892013,17,0.32863788810240063,strong,0.7736201690328361,0.7813517631753085,0.05371728736283772,0.7453721105163322,0.8116764286008087,0.6742583457882684,0.844429725622326,0.06630431808447645,0.1701713798340576,0.4514825475253403,0.4535633054969127,0.025383243379046266,0.43550858981046264,0.46981145774645294,0.4061628364268174,0.48848254797644514,0.0343028679359903,0.08231971154962775,1.713158315310352,1.7171235787111008,0.06443536910870691,1.6784518589747495,1.7525618507655327,1.6067182206657018,1.810948006575856,0.07410999179078326,0.20422978591015428,0.0,0.0,0.40418538055106606,0.41191697469353844,0.41191697469353844,0.1696755940406772,0.0,0.0,0.04822297503613898,0.050303733007711404,0.050303733007711404,0.0025304655545111136,0.0,0.0,0.7970367556872063,0.8010020190879551,0.8010020190879551,0.6416042345829808
54,0.2501906905641757,0.4724225761794501,0.529590885743658,0.2501906905641757,0.35652094788337574,0.529590885743658,0.754665348058961,time_avg,0.35981283329634595,0.4724225761794501,27,0.3376861971367582,strong,0.24920685441649562,0.22960045237893506,0.11218220256802793,0.1589158017977281,0.31817031711508637,0.10733201970949932,0.4719930333739255,0.15925451531735826,0.36466101366442616,0.35666326442868745,0.37821317992199954,0.10634481867628211,0.28854162671543365,0.4432885633366587,0.1456944163946055,0.48909271496665546,0.15474693662122507,0.34339829857204995,0.7179874755575968,0.7105174012586788,0.24930006692944892,0.5388966189414485,0.8712738382749532,0.33293361649091313,1.1249955921887485,0.3323772193335047,0.7920619756978353,1.0,1.0,-0.0009838361476800783,-0.02059023818524064,0.02059023818524064,0.00042395790852494173,0.0,1.0,-0.11575931175076265,-0.09420939625745056,0.09420939625745056,0.00887541034319334,0.0,1.0,0.1883965898139388,0.1809265155150208,0.1809265155150208,0.032734404016407065
55,0.2189570077839624,0.4392748005284302,0.49845110058798225,0.2189570077839624,0.316310677202951,0.49845110058798225,0.7200747159237036,time_avg,0.32037170029763407,0.4392748005284302,24,0.3912438125689709,strong,0.2540292243547631,0.23708557775350095,0.1075825888804655,0.1673480315086053,0.32345198732589014,0.11042587936536931,0.46398887713847264,0.15610395581728484,0.35356299777310335,0.3404539625798153,0.35757593752384725,0.10289228193553733,0.27306107092942844,0.42379127421420437,0.1503023904493349,0.47839411201912974,0.15073020328477593,0.3280917215697948,0.7683554905372882,0.7565752323905868,0.25238171641984025,0.5887181346406184,0.9274971375474708,0.3672025309632833,1.194803320738956,0.33877900290685237,0.8276007897756725,1.0,1.0,0.0350722165708007,0.018128569969538544,0.018128569969538544,0.0003286450491404547,0.0,1.0,-0.0988208379486149,-0.08169886300458296,0.08169886300458296,0.006674704216241613,0.0,1.0,0.269904389949306,0.2581241318026045,0.2581241318026045,0.06662806741884834
56,0.5660264333122288,0.4678511251009968,1.2098430525095745,0.5660264333122288,0.6859104463091397,1.2098430525095745,1.4660869868829953,time_avg,0.6974059677524869,0.4678511251009968,30,0.5290421199590112,strong,0.6356709297746289,0.642776800769984,0.07358731594671995,0.5911307101117597,0.692163523846308,0.5020455842358715,0.7411580666789372,0.10103281373454831,0.2391124824430657,0.42901393977343355,0.4322733237645634,0.03773732971910205,0.40493030947679287,0.45792189527677346,0.36295138051078735,0.48345753754010207,0.05299158579998059,0.12050615702931472,1.4806472758364104,1.4881442615660525,0.10134489077788003,1.4264158688695139,1.5443135647703654,1.3045578957091846,1.629941603497894,0.11789769590085153,0.3253837077887094,0.0,1.0,0.06964449646240012,0.07675036745775521,0.07675036745775521,0.00589061890490045,0.0,1.0,-0.03883718532756325,-0.0355778013364334,0.0355778013364334,0.0012657799479347223,0.0,0.0,0.27080422332683596,0.27830120905647804,0.27830120905647804,0.0774515629622975
57,0.538856631327172,0.4529826178605309,1.189574632846245,0.538856631327172,0.8151968368120293,1.189574632846245,1.799620569686011,time_avg,0.886873519010525,0.4529826178605309,16,0.4229283773386185,strong,0.8971405982757757,0.9053202226398871,0.04340730009933863,0.8764704040799015,0.9267518354894573,0.817317604943306,0.9493572406585995,0.050281431409555766,0.13203963571529354,0.45549999978750894,0.4578513473802821,0.02189149724381695,0.4416315565053217,0.4716754029079464,0.41742313295146366,0.4875726057172161,0.030043846402624697,0.07014947276575245,1.9704609427008268,1.9671937994659816,0.06315777712959342,1.9305534214153643,2.0078935909493247,1.8734967525370356,2.0783758404001844,0.07734016953396039,0.2048790878631488,0.0,0.0,0.35828396694860376,0.3664635913127151,0.3664635913127151,0.13429556375781268,1.0,1.0,0.002517381926978035,0.004868729519751203,0.004868729519751203,2.3704527136496775e-05,0.0,0.0,0.7808863098545817,0.7776191666197365,0.7776191666197365,0.6046915682943735
58,0.6161103915699057,0.18379133842038564,3.352227568856794,0.6161103915699057,0.9310229828611288,3.352227568856794,5.065652118662967,time_avg,0.9624290416441336,0.18379133842038564,24,0.30800362918063506,strong,0.9377475211444769,0.9460164613719246,0.036743104607355796,0.9205838864466855,0.9644229215185638,0.8666632050688138,0.9799065042205328,0.04383903507187825,0.11324329915171905,0.189738518540647,0.18971133536532192,0.009798369158025762,0.18304774683876468,0.19571402478618433,0.1739003261800206,0.20560334528048663,0.012666277947419646,0.03170301910046602,4.955691446228585,4.946318279389387,0.3269298492610625,4.737232167981313,5.1667138799458305,4.437299983183753,5.519808111903786,0.42948171196451757,1.0825081287200327,0.0,0.0,0.32163712957457125,0.329906069802019,0.329906069802019,0.10883801489221462,1.0,1.0,0.005947180120261353,0.005919996944936279,0.005919996944936279,3.504636382805487e-05,0.0,0.0,1.6034638773717904,1.5940907105325928,1.5940907105325928,2.5411251934063066
59,0.478997015149526,0.13649481425855584,3.5092689619855006,0.478997015149526,0.6618887437145556,3.5092689619855006,4.8491860098125805,time_avg,0.7243710469351519,0.13649481425855584,24,0.34857537439438224,strong,0.7085355437479312,0.708786401415284,0.02607874150914967,0.6910245293831283,0.7262463140410337,0.666033293442382,0.7510814534011261,0.035221784657905375,0.08504815995874404,0.1328141024860845,0.132700173311658,0.0056462763696536735,0.12885033198309886,0.13646042324008023,0.12412470539345921,0.14225647726207732,0.007610091256981366,0.018131771868618113,5.343633571655217,5.329549112683576,0.286861585575534,5.1383829228863425,5.532137762655459,4.89054653992886,5.834162561745216,0.39375483976911685,0.9436160218163554,0.0,0.0,0.22953852859840518,0.22978938626575807,0.22978938626575807,0.052803162040393765,0.0,1.0,-0.00368071177247134,-0.003794640946897826,0.003794640946897826,1.4399299915873629e-05,0.0,0.0,1.8343646096697164,1.8202801506980757,1.8202801506980757,3.313419827025409
60,0.2971409397255155,0.2483737348535992,1.196346062520103,0.2971409397255155,0.3389553372122817,1.196346062520103,1.364698797206052,time_avg,0.5035926476536244,0.2483737348535992,15,0.4143460737561716,strong,0.6455996696016844,0.6457759105545466,0.02824556150965127,0.6264273724202194,0.6650044590815058,0.5985445095275738,0.6916136451827598,0.03857708666128645,0.09306913565518604,0.35300074458885045,0.3523760801848266,0.018343743710812786,0.34042824465491045,0.3646651080686154,0.32421207433476146,0.3849792161913358,0.024236863413704957,0.060767141856574336,1.8305111313835767,1.827299651382266,0.05816569782946767,1.7904430114439895,1.8696055866308363,1.7401227423456265,1.930978397419484,0.07916257518684677,0.1908556550738576,0.0,0.0,0.3484587298761689,0.34863497082903117,0.34863497082903117,0.12154634288495941,0.0,0.0,0.10462700973525124,0.10400234533122737,0.10400234533122737,0.010816487834395873,0.0,0.0,0.6341650688634737,0.6309535888621629,0.6309535888621629,0.3981024312980433
61,0.3648026332956726,0.14356624961516665,2.5410055237462585,0.3648026332956726,0.35645055514217155,2.5410055237462585,2.4828297465291964,time_avg,0.6011078822951196,0.14356624961516665,10,0.5086047447564689,strong,0.603292179639014,0.6031208141757705,0.016029341793360987,0.5930193512138171,0.6142805937365948,0.5767438619840827,0.6286539242142035,0.021261242522777724,0.051910062230120846,0.1617097327289756,0.16153772831999652,0.005694805696418077,0.15781924384013435,0.16528172869445396,0.1526208311772373,0.1711592405217778,0.0074624848543196065,0.018538409344540513,3.73460480243594,3.729494155783585,0.147615742271655,3.630586573492492,3.832545640114202,3.4980641180982994,3.9884647672266027,0.20195906662171037,0.4904006491283033,0.0,0.0,0.23848954634334146,0.23831818088009787,0.23831818088009787,0.05679555533799905,0.0,0.0,0.01814348311380895,0.017971478704829874,0.017971478704829874,0.00032297404683815365,0.0,0.0,1.1935992786896814,1.1884886320373265,1.1884886320373265,1.4125052284819555
62,0.3102358017645797,0.4730704426441736,0.6557919789504326,0.3102358017645797,0.38349186705682653,0.6557919789504326,0.8106443195084061,time_avg,0.38747507425811556,0.4730704426441736,29,0.5253810065108666,strong,0.28554365475839144,0.2700645370483704,0.12415352923858841,0.1829413019283739,0.3698260433609752,0.11270014297778506,0.5204609879337653,0.18688474143260128,0.4077608449559802,0.3649055246065465,0.3853469286953173,0.10132101994307403,0.3043046396761371,0.44752733447206505,0.16597050152154508,0.48795106962109286,0.14322269479592797,0.3219805680995478,0.7935454699261427,0.7935030811088908,0.2614678946602985,0.614574861195084,0.9650354571477465,0.36174634315070897,1.211309019995788,0.35046059595266255,0.8495626768450791,1.0,1.0,-0.02469214700618827,-0.0401712647162093,0.0401712647162093,0.001613730508899762,0.0,1.0,-0.10816491803762707,-0.0877235139488563,0.0877235139488563,0.007695414899535186,1.0,1.0,0.1377534909757101,0.13771110215845817,0.13771110215845817,0.018964347657697302
63,0.4833153061082307,0.3551571107261141,1.3608493016515952,0.4833153061082307,0.5730687347136846,1.3608493016515952,1.6135640183074274,time_avg,0.6002747433458488,0.3551571107261141,26,0.5940767174596091,strong,0.6488309663376824,0.6491951173557204,0.03747517608367931,0.6230114463870685,0.6750974293311715,0.5852303411367946,0.7081390737507246,0.05208598294410294,0.12290873261392998,0.38814952778169176,0.38760990464724193,0.02280338729394144,0.37304110839886273,0.40249635647910925,0.3517845243090325,0.42751865984739257,0.02945524808024652,0.07573413553836006,1.6726959104852932,1.6698318135576806,0.05884842953812455,1.6357534754048195,1.7082547790899358,1.5796462922392558,1.7736074991506037,0.07250130368511631,0.19396120691134788,0.0,0.0,0.16551566022945174,0.16587981124748974,0.16587981124748974,0.027516111779502823,0.0,1.0,0.03299241705557765,0.03245279392112782,0.03245279392112782,0.0010531838332871908,0.0,0.0,0.31184660883369797,0.3089825119060854,0.3089825119060854,0.0954701926637942
64,0.41506044131371256,0.09811552230209974,4.2303239240344945,0.41506044131371256,0.48951888051289105,4.2303239240344945,4.989209342489684,time_avg,0.638221171280795,0.09811552230209974,18,0.4536554782822215,strong,0.6210486555964947,0.6215565448834184,0.021773701551955505,0.6068739844785233,0.6360852756573285,0.584846213280404,0.6563464881615689,0.029211291178805276,0.07150027488116495,0.099087961810464,0.0989985420299472,0.004471593817377873,0.09600512276482778,0.10189165596556721,0.092137275492416,0.10642033157694268,0.005886533200739424,0.01428305608452668,6.279883901251531,6.262639672165951,0.3506482829077412,6.047494702926106,6.5085658526067744,5.718384699037217,6.880323332717256,0.4610711496806683,1.1619386336800392,0.0,0.0,0.20598821428278213,0.20649610356970582,0.20649610356970582,0.04264064078947068,1.0,1.0,0.000972439508364259,0.0008830197278474616,0.0008830197278474616,7.797238397678052e-07,0.0,0.0,2.0495599772170365,2.032315748131457,2.032315748131457,4.130307300103123
65,0.553900158534916,0.4053999886317049,1.3663053134372916,0.553900158534916,0.8789827451590543,1.3663053134372916,2.1681864080109454,time_avg,0.8953589286868843,0.4053999886317049,22,0.31899064798846144,strong,0.9529098079688927,0.9604221231845225,0.03282070982318993,0.939280302287894,0.9748521161567512,0.8922164645363609,0.9877007996275474,0.035571813868857105,0.09548433509118648,0.4333718910870181,0.4327440918878037,0.023037970920950248,0.4175890547900286,0.4493618968104225,0.3956067026525286,0.4715762164337639,0.03177284202039388,0.07596951378123529,2.202494427575738,2.1964051001893985,0.09254871529690363,2.1399912477447467,2.256947638850364,2.062940742071022,2.3643570442249326,0.11695639110561729,0.30141630215391046,0.0,0.0,0.39900964943397665,0.40652196464960644,0.40652196464960644,0.16526010774257588,0.0,1.0,0.027971902455313225,0.027344103256098817,0.027344103256098817,0.0007476999828801939,0.0,0.0,0.8361891141384465,0.8300997867521069,0.8300997867521069,0.6890656559658934
66,0.7182454302836512,0.35519074676733114,2.022140038333094,0.7182454302836512,0.8876334002599037,2.022140038333094,2.499033007865351,time_avg,0.8907797699001242,0.35519074676733114,27,0.5789367203722949,strong,0.918729601555951,0.9263066226394413,0.039005145067738674,0.8986520987803841,0.9472904733620177,0.8419897994758953,0.9670874304053066,0.04863837458163356,0.1250976309294114,0.3567537058013584,0.3547966457459818,0.02026417848854317,0.34277271380941,0.3694710731769373,0.3267380237413583,0.39189528701240484,0.02669835936752729,0.06515726327104654,2.579949035320485,2.574127819354434,0.1250989985051937,2.4932907516213985,2.658129610977329,2.3923580168773277,2.7948917681795846,0.16483885935593046,0.4025337513022569,0.0,0.0,0.20048417127229978,0.20806119235579013,0.20806119235579013,0.0432894597645131,1.0,1.0,0.0015629590340272559,-0.00039410102134934677,0.00039410102134934677,1.5531561502859829e-07,0.0,0.0,0.557808996987391,0.55198778102134,0.55198778102134,0.30469051039686285
67,0.768295362271504,0.48826737069958037,1.5735136287536575,0.768295362271504,0.986863322348727,1.5735136287536575,2.021153535069869,time_avg,0.9919490230907532,0.48826737069958037,23,0.5824649893085486,strong,0.9677372470613144,0.9733551499738522,0.029500360097998845,0.9602539203827827,0.9840931871054632,0.9234819779751593,0.9960117361590873,0.023839266722680552,0.07252975818392804,0.48800551508546813,0.4932333834648268,0.02236819558342856,0.48464560633275844,0.49767410440776294,0.4621305200061929,0.4997203062408929,0.013028498075004502,0.037589786234699996,2.0049494217947164,1.978794259134519,0.6155220824719306,1.9556631737921522,2.002074647822812,1.9204413630840262,2.0508146791979973,0.04641147403066004,0.13037331611397107,0.0,0.0,0.1994418847898104,0.20505978770234823,0.20505978770234823,0.042049516532532125,1.0,1.0,-0.00026185561411223857,0.004966012765246441,0.004966012765246441,2.4661282784590608e-05,0.0,0.0,0.43143579304105883,0.4052806303808614,0.4052806303808614,0.16425238936190836
68,0.08737068574070805,0.44529276185776645,0.19620953499490215,0.08737068574070805,0.12594128488641376,0.19620953499490215,0.2828280530790244,time_avg,0.12666839003877123,0.44529276185776645,13,0.5807556582037643,strong,0.2842405284704936,0.266822842166756,0.117234063939335,0.19019199064396553,0.36823503158183357,0.11834435123375107,0.5017841810311755,0.17804304093786805,0.3834398297974244,0.3519870432165681,0.3705546626703975,0.102424664495723,0.28677972247794636,0.43698439032880376,0.15420882893643226,0.48316111967729225,0.1502046678508574,0.32895229074085997,0.8290354028488003,0.8245485140840958,0.2661372867058725,0.6445121606915023,1.0065539860721333,0.3957907846517806,1.2667864554213968,0.362041825380631,0.8709956707696163,0.0,0.0,0.19686984272978553,0.17945215642604795,0.17945215642604795,0.03220307644595878,0.0,1.0,-0.09330571864119835,-0.07473809918736896,0.07473809918736896,0.005585783470141,0.0,0.0,0.6328258678538982,0.6283389790891937,0.6283389790891937,0.39480987264285017
69,0.09311893048897886,0.3181096904280224,0.2927258530341708,0.09311893048897886,0.13343427931585486,0.2927258530341708,0.41945996406559194,time_avg,0.13452845352549656,0.3181096904280224,21,0.469289005394126,strong,0.2527988415156729,0.2360880074940025,0.10550271562525836,0.1668297374100978,0.31923448059429504,0.11144964447110343,0.4505369122739055,0.15240474318419725,0.3390872678028021,0.34300251764786754,0.35810103425988504,0.10019023217853168,0.2760783383012094,0.42555448527933776,0.1515735075232756,0.4766654130733541,0.14947614697812833,0.3250919055500785,0.7555051442437585,0.7492319648083359,0.2408712119067581,0.5809466945982797,0.9184657389920144,0.36733869562609656,1.1319622904130004,0.3375190443937347,0.7646235947869039,0.0,0.0,0.15967991102669404,0.14296907700502365,0.14296907700502365,0.020440156979668382,1.0,1.0,0.02489282721984515,0.03999134383186265,0.03999134383186265,0.0015993075814782587,0.0,0.0,0.46277929120958766,0.45650611177416506,0.45650611177416506,0.20839783008716647
70,0.314127723784146,0.2635722333935869,1.1918088629429553,0.314127723784146,0.4031705080841916,1.1918088629429553,1.5296395333196784,time_avg,0.6845142339705432,0.2635722333935869,11,0.30628980863617034,strong,0.758973493299399,0.7612283180071213,0.03636454049703362,0.7360800906399524,0.7832647543139934,0.6940623125402635,0.8175705877148303,0.04718466367404106,0.12350827517456675,0.34908100812936077,0.34796633110262687,0.018193869891757662,0.3364870271399508,0.3606944772218055,0.32102083469315423,0.3804083946203304,0.024207450081854653,0.05938755992717615,2.1761120284607034,2.170717257164041,0.08108334850118334,2.119011389642257,2.224286293782754,2.05274757463627,2.326634642567787,0.10527490414049678,0.27388706793151707,0.0,0.0,0.444845769515253,0.4471005942229753,0.4471005942229753,0.19989894135453765,0.0,0.0,0.0855087747357739,0.08439409770904,0.08439409770904,0.0071223637281229895,0.0,0.0,0.9843031655177481,0.9789083942210857,0.9789083942210857,0.9582616442765045
71,0.6569525351001285,0.23151971485652084,2.8375662759746407,0.6569525351001285,0.8483828651415929,2.8375662759746407,3.6644087336897386,time_avg,0.8847086143191784,0.23151971485652084,19,0.5847802215058953,strong,0.8694766634582913,0.8716262887611377,0.037661266182949654,0.8466051364597078,0.8973253188259984,0.801938106103819,0.9238460932780174,0.05072018236629061,0.12190798717419837,0.22938889798696477,0.22870212551723795,0.011393523296156312,0.2220658122637405,0.23662109217802707,0.21105442933639015,0.24800215792390293,0.014555279914286567,0.036947728587512774,3.7980571974412443,3.7811976999388612,0.2251374557411879,3.645333386602066,3.9385015660777123,3.4431404029218537,4.191814011739326,0.29316817947564644,0.7486736088174721,0.0,0.0,0.2125241283581628,0.21467375366100916,0.21467375366100916,0.04608482051090764,1.0,1.0,-0.0021308168695560736,-0.002817589339282889,0.002817589339282889,7.938809684840585e-06,0.0,0.0,0.9604909214666035,0.9436314239642205,0.9436314239642205,0.8904402642927425
72,0.30612817496113387,0.32137828234295857,0.9525477973475801,0.30612817496113387,0.411409832363192,0.9525477973475801,1.280141985214036,time_avg,0.6696675196780307,0.32137828234295857,11,0.3040186819954099,strong,0.8815537753038031,0.8903533176699804,0.046188191765855875,0.8612008250869445,0.9133694200247411,0.7924355414542961,0.9365393702826237,0.052168594937796575,0.14410382882832762,0.46936338565120284,0.47315941993959537,0.020697423028114465,0.45794851774766415,0.4844508378911707,0.4301944126472455,0.4955852971690694,0.026502320143506564,0.0653908845218239,1.8782206365038165,1.878400233929173,0.057259407792773574,1.84624149763422,1.910953172026743,1.7896329525219534,1.9665140597665598,0.0647116743925229,0.17688110724460637,0.0,0.0,0.5754256003426692,0.5842251427088465,0.5842251427088465,0.34131901737317205,0.0,0.0,0.14798510330824427,0.1517811375966368,0.1517811375966368,0.023037513730129196,0.0,0.0,0.9256728391562364,0.9258524365815929,0.9258524365815929,0.8572027343240725
73,0.3506570924344609,0.26863003686550435,1.3053532528457539,0.3506570924344609,0.49365879611565383,1.3053532528457539,1.8376902370110426,time_avg,0.5687406449082459,0.26863003686550435,22,0.31526800727494,strong,0.5869210502199685,0.5873072534027364,0.017858929018796002,0.5749245697347787,0.5992837979486262,0.5575370284394889,0.6153329392704046,0.024359228213847506,0.05779591083091562,0.29244857817290665,0.2921270775362044,0.011547195605814858,0.28455982569221927,0.29933207813001955,0.27409313431645255,0.3123898926081747,0.014772252437800282,0.03829675829172213,2.0083972022364627,2.0071050961187535,0.058497936638193505,1.9687858078221732,2.046062244219377,1.9148629231090226,2.107781879582815,0.07727643639720405,0.19291895647379254,0.0,0.0,0.23626395778550763,0.23665016096827546,0.23665016096827546,0.05600329868631068,0.0,0.0,0.023818541307402297,0.023497040670700076,0.023497040670700076,0.0005521109202805335,0.0,0.0,0.7030439493907088,0.7017518432729997,0.7017518432729997,0.4924556495370527
74,0.43480855461802376,0.4363672353982305,0.9964280526726891,0.43480855461802376,0.5461974545232717,0.9964280526726891,1.2516921762579394,time_avg,0.5847160602736274,0.4363672353982305,27,0.4426596018116823,strong,0.5121964352137753,0.5139771994237414,0.07466866623567636,0.4617245511892185,0.5672900707771373,0.38300979120293555,0.6288020087816631,0.10556551958791882,0.2457922175787276,0.39426476403285654,0.394963835797251,0.046402759544671844,0.3634211887013319,0.429000565331211,0.31312996248965885,0.4671078169523198,0.06557937662987912,0.15397785446266093,1.2996118124511844,1.307319677266364,0.11822147979521269,1.2305815144054808,1.372901645343631,1.0955664438715789,1.4808438335438394,0.1423201309381501,0.38527738967226055,0.0,1.0,0.07738788059575158,0.07916864480571767,0.07916864480571767,0.006267674320373887,0.0,1.0,-0.042102471365373983,-0.04140339960097955,0.04140339960097955,0.0017142414985183937,0.0,0.0,0.3031837597784953,0.3108916245936749,0.3108916245936749,0.0966536022424945
75,0.17810621206366398,0.27923587468053424,0.6378342763709361,0.17810621206366398,0.2445150211104939,0.6378342763709361,0.8756576188150484,time_avg,0.2848962751842022,0.27923587468053424,19,0.39542194021376365,strong,0.2908025417801424,0.2734753282405437,0.11847258462406052,0.19966644894574254,0.37289535492682946,0.12068579534074983,0.5070517787737108,0.17322890598108692,0.3863659834329609,0.3632748460106869,0.3817445698122299,0.09669219147115457,0.30431209318602936,0.44029499695227126,0.17598250945543548,0.4848902533959271,0.1359829037662419,0.30890774394049164,0.8126038954264172,0.8171688849651421,0.25144675680120576,0.6400814585587314,0.9805581166097885,0.39775797291134196,1.2146367953404098,0.3404766580510571,0.8168788224290678,0.0,1.0,0.11269632971647844,0.09536911617687974,0.09536911617687974,0.009095268320359184,0.0,1.0,0.08403897133015265,0.10250869513169564,0.10250869513169564,0.01050803257760292,0.0,1.0,0.17476961905548105,0.1793346085942059,0.1793346085942059,0.03216090183963703
76,0.22377507180627343,0.23827790770803425,0.9391347857581015,0.22377507180627343,0.24659322055107957,0.9391347857581015,1.0348975401162,time_avg,0.2910670741412154,0.23827790770803425,28,0.47456657750010367,strong,0.4399943981293766,0.4413545863950405,0.10720848476128465,0.36741260977923107,0.5193962418455882,0.2620988780203216,0.6084488070763477,0.15198363206635712,0.34634992905602613,0.3842411660449735,0.39313254442731865,0.0669881479028179,0.3463138525853072,0.43358607338469374,0.2589452366584393,0.47442807876826054,0.08727222079938651,0.21548284210982122,1.146662653030267,1.1705888223703194,0.1944017902305478,1.0458858247966776,1.2719075206329442,0.7805168612074013,1.4181287823471014,0.22602169583626663,0.6376119211397001,0.0,0.0,0.21621932632310314,0.21757951458876706,0.21757951458876706,0.0473408451686835,0.0,0.0,0.14596325833693924,0.1548546367192844,0.1548546367192844,0.023979958513461543,0.0,1.0,0.20752786727216554,0.23145403661221786,0.23145403661221786,0.05357097106408989
77,0.15462773985341413,0.32390739907295046,0.4773825491358685,0.15462773985341413,0.2633533172245773,0.4773825491358685,0.8130512547052524,time_avg,0.3469391732156997,0.32390739907295046,10,0.3071140123072766,strong,0.214609190438658,0.19083474539353087,0.09661138231874279,0.1355104170224307,0.270236797199062,0.10468539136886339,0.4106336504296797,0.13472638017663133,0.3059482590608163,0.3213106220636476,0.34200589544358995,0.11571879339171363,0.23283797172417253,0.4190819788820642,0.11196221688712521,0.48294149919412505,0.1862440071578917,0.37097928230699984,0.7159436939435148,0.6889227966918564,0.27219590684032113,0.5257057075251266,0.8758474829257128,0.3280653119515508,1.1911652650768865,0.3501417754005862,0.8630999531253356,1.0,1.0,0.05998145058524387,0.03620700554011674,0.03620700554011674,0.0013109472501820446,1.0,1.0,-0.0025967770093028864,0.018098496370639483,0.018098496370639483,0.00032755557087805055,0.0,1.0,0.23856114480764629,0.21154024755598794,0.21154024755598794,0.04474927633604866
78,0.4745812270269268,0.22376731073997402,2.1208693327793884,0.4745812270269268,0.5020941203337037,2.1208693327793884,2.2438224719836573,time_avg,0.7178743763100741,0.22376731073997402,10,0.5763653828026088,strong,0.7421837876714679,0.742989376416797,0.02668011146568926,0.7244122343736499,0.7608277846517153,0.6967555984643582,0.7849238216569842,0.03641555027806542,0.08816822319262596,0.25364114499402457,0.25311643021636443,0.009468056546559545,0.24698619210787348,0.25963527243573653,0.23923903017439677,0.2701854595399014,0.01264908032786305,0.030946429365504652,2.9284044214181995,2.9255739530293314,0.11270982780589109,2.8521884100967547,3.000697997602353,2.7506235246065507,3.117286761395965,0.14850958750559817,0.36666323678941426,0.0,0.0,0.2676025606445411,0.2684081493898702,0.2684081493898702,0.07204293465889487,0.0,0.0,0.029873834254050546,0.029349119476390406,0.029349119476390406,0.0008613708140394387,0.0,0.0,0.8075350886388111,0.804704620249943,0.804704620249943,0.6475495258516051
79,0.44269280076164974,0.10153158111683366,4.360148792051584,0.44269280076164974,0.5402597826877797,4.360148792051584,5.32110085103566,time_avg,0.6733022117302918,0.10153158111683366,19,0.44757249215506384,strong,0.6501565617154904,0.6505548632030196,0.023428928185264285,0.6348931458771612,0.665930363373329,0.6113542245116214,0.6878004561136597,0.031037217496167835,0.07644623160203834,0.0997550639825491,0.09969574354449379,0.004661446961343415,0.09654298276365506,0.10290746633504032,0.09214553289811639,0.10747063588018314,0.006364483571385263,0.015325102982066754,6.530924047292598,6.523727483869324,0.37236578305509965,6.256740903585899,6.771210752018248,5.946741999140155,7.186789082396413,0.5144698484323484,1.2400470832562585,0.0,0.0,0.20746376095384067,0.20786206244136984,0.20786206244136984,0.043206637002379936,1.0,1.0,-0.001776517134284561,-0.0018358375723398768,0.0018358375723398768,3.370299592014772e-06,0.0,0.0,2.170775255241014,2.16357869181774,2.16357869181774,4.681072755687764
80,0.14434868216811161,0.45986860752439884,0.31389114152666536,0.14434868216811161,0.22646497292179454,0.31389114152666536,0.49245582154632983,time_avg,0.22689764636162313,0.45986860752439884,23,0.32626691082300147,strong,0.248019541167072,0.23363165941902697,0.09618529302050949,0.17548518711822025,0.3060201493216792,0.1172808667883835,0.43450714168600585,0.13053496220345895,0.31722627489762234,0.3325835429901408,0.34447075022885926,0.09497439924774849,0.2699648037510862,0.4064659791926499,0.1486651782760597,0.4665492476914597,0.13650117544156365,0.31788406941540004,0.7642098637639013,0.7630407281191862,0.22201057439556715,0.6113112326760208,0.9020213607905143,0.40610147870390545,1.1079740559801596,0.2907101281144935,0.7018725772762542,0.0,1.0,0.10367085899896039,0.08928297725091536,0.08928297725091536,0.00797145002678747,0.0,1.0,-0.12728506453425803,-0.11539785729553959,0.11539785729553959,0.013316665468401719,0.0,0.0,0.45031872223723596,0.44914958659252086,0.44914958659252086,0.2017353511362324
81,0.6160804874869513,0.09950357316671202,6.191541347512686,0.6160804874869513,0.7338529736425224,6.191541347512686,7.375141919908722,time_avg,0.8204705473381261,0.09950357316671202,21,0.5704944485099337,strong,0.8018572532201937,0.8050207981887141,0.03975053554229326,0.7752758090189638,0.830562555506769,0.7324825043961039,0.8620412749809901,0.055286746487805294,0.1295587705848863,0.10200594700492144,0.10176800424379503,0.005220749793333691,0.09852204807064499,0.10544759556690414,0.09380890818277919,0.11086011789689484,0.006925547496259149,0.017051209714115653,7.882156524113588,7.868533695833706,0.5734963179675431,7.500583469090592,8.259042062424655,6.9437962874359656,8.841880168576214,0.7584585933340628,1.8980838811402485,0.0,0.0,0.18577676573324242,0.18894031070176276,0.18894031070176276,0.035698441008078646,1.0,1.0,0.0025023738382094207,0.002264431077083018,0.002264431077083018,5.1276481028593565e-06,0.0,0.0,1.690615176600902,1.6769923483210203,1.6769923483210203,2.81230333632725
82,0.4299539464596541,0.13636145819082277,3.1530459718169133,0.4299539464596541,0.568196611271093,3.1530459718169133,4.166841707397737,time_avg,0.6332763819737002,0.13636145819082277,24,0.38256866226049124,strong,0.628592550774855,0.6280986066928766,0.01865921404969542,0.6153121858921164,0.6413458519609617,0.5991294468890309,0.6585913524987088,0.026033666068845274,0.0594619056096779,0.13662999441110268,0.1363259753176001,0.005302654420557477,0.1330919597993208,0.14010391280332235,0.12828045484710557,0.1455173520615916,0.0070119530040015365,0.01723689721448604,4.607056349198565,4.591782143443175,0.21397714338821527,4.458991741802783,4.7438275003202754,4.276747063654018,4.977899611903438,0.28483575851749254,0.7011525482494196,0.0,0.0,0.19863860431520086,0.19814466023322252,0.19814466023322252,0.039261306378939195,1.0,1.0,0.0002685362202799191,-3.548287322266419e-05,3.548287322266419e-05,1.2590342921356594e-09,0.0,0.0,1.454010377381652,1.4387361716262617,1.4387361716262617,2.069961771545792
83,0.46318464428739925,0.1412050734064184,3.2802266456408034,0.46318464428739925,0.6443787562769149,3.2802266456408034,4.563424958692914,time_avg,0.8593013851581311,0.1412050734064184,14,0.3597564840454709,strong,0.8458561473739201,0.8486310678593914,0.035687420125299484,0.8230113904109874,0.8706126353778538,0.7826641735098774,0.9000044031233583,0.04760124496686646,0.1173402296134809,0.15032669799153625,0.1500431573940669,0.0065797601392259845,0.14573878135833765,0.15453508626956053,0.14000434369854467,0.1617835308711793,0.00879630491122288,0.021779187172634634,5.63694400674064,5.624358027946796,0.33377152985096326,5.417360200591583,5.850966352116713,5.10447770680909,6.213647429750252,0.4336061515251304,1.1091697229411626,0.0,0.0,0.38267150308652087,0.3854464235719921,0.3854464235719921,0.14856894544443955,0.0,1.0,0.009121624585117838,0.008838083987648487,0.008838083987648487,7.811172857272858e-05,0.0,0.0,2.3567173610998364,2.3441313823059926,2.3441313823059926,5.494951937511804
84,0.2500200121938088,0.055505929929279274,4.504383811105626,0.2500200121938088,0.232239299970554,4.504383811105626,4.18404484469412,time_avg,0.44954433657504866,0.055505929929279274,17,0.32751998457142323,strong,0.4273210889651322,0.4264242633397346,0.02043719005880019,0.4135881408654547,0.4404409417815272,0.3962350947580852,0.4621686152356865,0.026852800916072506,0.06593352047760126,0.05870826489414622,0.05805783588144311,0.003700547843236579,0.05615625696554738,0.060580277976455627,0.053947479913208515,0.06561232076532406,0.004424021010908247,0.01166484085211554,7.305900049539384,7.304973691269627,0.5599635718209284,6.939100318639195,7.686507359965459,6.407362354815825,8.244837676880287,0.7474070413262641,1.8374753220644626,0.0,0.0,0.1773010767713234,0.17640425114592578,0.17640425114592578,0.03111845982235486,0.0,1.0,0.0032023349648669444,0.002551905952163834,0.002551905952163834,6.512223988689205e-06,0.0,0.0,2.8015162384337584,2.800589880164001,2.800589880164001,7.843303676877012
85,0.42478764006224845,0.17428165326640152,2.4373629243287662,0.42478764006224845,0.6158563159499127,2.4373629243287662,3.5336841509561188,time_avg,0.7143363867574999,0.17428165326640152,19,0.3462266290355917,strong,0.7042321010650312,0.7045533821464546,0.022156814163302438,0.6896260567399566,0.7183865381207197,0.66739599956451,0.7397343669453365,0.028760481380763148,0.07233836738082644,0.18314074760989507,0.1828059332803226,0.006785777822071552,0.17855968790344,0.18756474739972784,0.17238880867871062,0.19444272001364762,0.009005059496287826,0.022053911334937004,3.8497849120793544,3.8432908701830018,0.17030433937160683,3.7298883247212142,3.960916093020483,3.583397354460424,4.139952123496087,0.23102776829926874,0.5565547690356634,0.0,0.0,0.27944446100278275,0.2797657420842061,0.2797657420842061,0.07826887044392654,0.0,1.0,0.008859094343493551,0.008524280013921082,0.008524280013921082,7.26633497557344e-05,0.0,0.0,1.4124219877505881,1.4059279458542355,1.4059279458542355,1.9766333889339103
86,0.4112745923776314,0.4483810529851864,0.9172434687850629,0.4112745923776314,0.6037030911930268,0.9172434687850629,1.3464063371405925,time_avg,0.8690733990200169,0.4483810529851864,10,0.3415417973346558,strong,0.8794086833193407,0.8929899766928314,0.058430850865398835,0.862417008494836,0.9146200510124225,0.7700154844842009,0.9394076932842734,0.05220304251758645,0.16939220880007255,0.48238378827802764,0.4893054896294923,0.019898776167038612,0.47544979951853805,0.49676981741663045,0.4413708933176867,0.4996734090934282,0.021320017898092403,0.058302515775741526,1.8222515125201273,1.830803275070795,0.08551800950868821,1.787120851653854,1.867947335013003,1.696663471315787,1.930665122725147,0.08082648335914899,0.2340016514093599,0.0,0.0,0.4681340909417093,0.4817153843152,0.4817153843152,0.23204971148594083,0.0,1.0,0.03400273529284126,0.040924436644305895,0.040924436644305895,0.0016748095146538072,0.0,0.0,0.9050080437350644,0.9135598062857321,0.9135598062857321,0.8345915196608243
87,0.44475035616709974,0.21036228398451168,2.11421148193963,0.44475035616709974,0.5405877791012484,2.11421148193963,2.5697942086474503,time_avg,0.5705802308191714,0.21036228398451168,26,0.5405631705545452,strong,0.5851894026322841,0.585191985996075,0.01411329942126537,0.5759660215693233,0.5943529425045231,0.5617470472802186,0.6088867818380549,0.01838692093519978,0.047139734557836266,0.222760287755278,0.22240354389806538,0.007271813254801608,0.21762417985494284,0.22766117152566512,0.21144184106354627,0.2352920558384931,0.010036991670722278,0.023850214774946837,2.6288108461697384,2.62806498226728,0.07908802175689164,2.575865890020623,2.6796257982476277,2.500650789872621,2.761443049949982,0.10375990822700487,0.2607922600773609,0.0,0.0,0.1404390464651844,0.1404416298289753,0.1404416298289753,0.019723851389018922,0.0,0.0,0.01239800377076633,0.012041259913553704,0.012041259913553704,0.00014499194030575535,0.0,0.0,0.5145993642301083,0.5138535003276501,0.5138535003276501,0.2640454197989783
88,0.2868865865488901,0.4142692931728993,0.6925123133110308,0.2868865865488901,0.3968345054322609,0.6925123133110308,0.957914361436,time_avg,0.5181957138752972,0.4142692931728993,11,0.42772555754803554,strong,0.28198322925332664,0.2660450092753738,0.12360178840925039,0.17796795803001014,0.36634241516257304,0.11588741765373083,0.5076266853532563,0.1883744571325629,0.39173926769952544,0.3554977685732628,0.3819632306459699,0.10565046652324338,0.28826445135538836,0.44101542306774427,0.14524504925413176,0.4863952339668854,0.1527509717123559,0.3411501847127536,0.8077537262256,0.8115902503326198,0.25745082061180097,0.6296337393704141,0.9837443754292647,0.37045949416153506,1.2182565378636159,0.3541106360588506,0.8477970437020808,1.0,1.0,-0.00490335729556346,-0.02084157727351632,0.02084157727351632,0.000434371343247952,1.0,1.0,-0.05877152459963647,-0.03230606252692941,0.03230606252692941,0.001043681675993873,1.0,1.0,0.11524141291456924,0.11907793702158898,0.11907793702158898,0.01417955508531751
89,0.08735062073943894,0.4806739074481146,0.18172532227343302,0.08735062073943894,0.13236464454390245,0.18172532227343302,0.2753730595584498,time_avg,0.13244453848117588,0.4806739074481146,19,0.4508484364552666,strong,0.2562522771237611,0.239025715467239,0.11128447955629157,0.16635939499110414,0.32897439161801245,0.11000632105810725,0.4643588281719595,0.16261499662690831,0.35435250711385224,0.344749275584552,0.36476701684420254,0.10584430944709822,0.2739859990576821,0.43127029091074953,0.14526521901432624,0.483457480673406,0.15728429185306742,0.3381922616590798,0.7660324445181825,0.7581393853612626,0.25583860089928784,0.5726688736816099,0.939792594734774,0.36063028815557685,1.1793073727185794,0.36712372105316404,0.8186770845630026,0.0,0.0,0.16890165638432214,0.15167509472780005,0.15167509472780005,0.023005334360687118,0.0,1.0,-0.13592463186356263,-0.11590689060391207,0.11590689060391207,0.01343440728946724,0.0,0.0,0.5843071222447496,0.5764140630878296,0.5764140630878296,0.33225317212542044
90,0.40498235342761046,0.4348396418851103,0.9313372434765539,0.40498235342761046,0.5168750753350764,0.9313372434765539,1.1886567496337899,time_avg,0.6544375707033828,0.4348396418851103,14,0.4705903281541338,strong,0.6291618889252145,0.6554645874442135,0.11638891499252228,0.5667348795376431,0.7168238627565025,0.39829709846199896,0.7759688343952825,0.15008898321885933,0.37767173593328357,0.4437730231138925,0.4582597441257075,0.050021931745638966,0.41900475419722183,0.48163484553081287,0.34918835629770256,0.49685561804005823,0.06263009133359104,0.14766726174235567,1.4128559227790756,1.4408288203837905,0.18436585645339232,1.3294533744289954,1.529126395764908,1.049019380923079,1.6573656630452174,0.19967302133591258,0.6083462821221384,0.0,1.0,0.22417953549760405,0.2504822340166031,0.2504822340166031,0.06274134955794831,1.0,1.0,0.008933381228782178,0.023420102240597207,0.023420102240597207,0.0005485011889600263,0.0,0.0,0.4815186793025217,0.5094915769072366,0.5094915769072366,0.25958166693942253
91,0.5010092664633151,0.36923548537642314,1.3568827653510958,0.5010092664633151,0.6346157182849942,1.3568827653510958,1.718728950545002,time_avg,0.6682937839823501,0.36923548537642314,23,0.5364521547578093,strong,0.6649004119705798,0.6657586140557367,0.03166983946085316,0.6445273345816327,0.6871065401831278,0.6109350770579632,0.7146145564896746,0.042579205601495085,0.10367947943171141,0.37789229702985955,0.37714659440640663,0.019787107228602954,0.3641736797647639,0.391018336337806,0.34731409367637067,0.4108365002803907,0.026844656573042136,0.06352240660402003,1.7607159348299588,1.7595122990747387,0.05412572177352983,1.7235941855605204,1.7965650493014158,1.67479551792112,1.8522265991138687,0.07297086374089545,0.17743108119274864,0.0,0.0,0.1638911455072647,0.16474934759242155,0.16474934759242155,0.027142347532128536,1.0,1.0,0.008656811653436403,0.007911109029983487,0.007911109029983487,6.258564608428628e-05,0.0,0.0,0.40383316947886305,0.40262953372364296,0.40262953372364296,0.16211054142651815
92,0.4917911966473336,0.2709415973209887,1.8151188356090666,0.4917911966473336,0.541962725564737,1.8151188356090666,2.0002935352989204,time_avg,0.7629461989059253,0.2709415973209887,10,0.5557435723393219,strong,0.7880006736245279,0.7888322193974038,0.03230692756933806,0.7651173018518006,0.8110582644909009,0.7340057215544277,0.8397935123551856,0.0459409626391003,0.10578779080075795,0.2947613411281187,0.2943085990948203,0.01257244818458679,0.2864823044316732,0.3023774811308043,0.27512702516991516,0.316141691474074,0.015895176699131097,0.04101466630415884,2.6756591201575914,2.672589970131165,0.10771824602671183,2.6019611374769336,2.744942314118666,2.5110480572441474,2.8583072075262237,0.1429811766417326,0.3472591502820763,0.0,0.0,0.29620947697719424,0.29704102275007016,0.29704102275007016,0.0882333691964077,0.0,0.0,0.02381974380712998,0.023367001773831608,0.023367001773831608,0.0005460167718982495,0.0,0.0,0.8605402845485248,0.8574711345220984,0.8574711345220984,0.7352567465386146
93,0.40806773828726123,0.3459207868584881,1.179656597087346,0.40806773828726123,0.584849083840524,1.179656597087346,1.6907023401278818,time_avg,0.7670129264033169,0.3459207868584881,13,0.36759727466882586,strong,0.8385517654715477,0.8414105642352461,0.039627842325067615,0.8136258858121037,0.8666630930138418,0.7670539947996851,0.8966015267092718,0.0530372072017381,0.1295475319095868,0.39845847339328316,0.3978153944820919,0.02014589044134407,0.3845052404241347,0.41114281163478994,0.3666472679274306,0.43294135374070414,0.026637571210655242,0.06629408581327356,2.1059873938133578,2.1052366171463435,0.07180029780390489,2.0558314679251275,2.1519676823921032,1.9926676150577631,2.224372289966084,0.09613621446697573,0.2317046749083207,0.0,0.0,0.4304840271842865,0.43334282594798484,0.43334282594798484,0.1877860048005855,0.0,0.0,0.05253768653479507,0.05189460762360382,0.05189460762360382,0.0026930503004077995,0.0,0.0,0.9263307967260117,0.9255800200589974,0.9255800200589974,0.8566983735324141
94,0.3188369082575304,0.4631297511753505,0.6884397028011534,0.3188369082575304,0.43906304861097756,0.6884397028011534,0.9480346436321669,time_avg,0.4750211810770093,0.4631297511753505,21,0.4331132174178862,strong,0.32955798903665745,0.3219070687008044,0.12670803036777875,0.22933373465215556,0.42537351763656,0.1354843969232421,0.5459419964958304,0.19603978298440444,0.4104575995725883,0.37875883104995534,0.39986142588000373,0.09197965008581215,0.32566109595276865,0.45139692353856936,0.19166998599391488,0.4885444625747737,0.1257358275858007,0.2968744765808588,0.8734282617043684,0.8888646061541183,0.24389253271885622,0.7138585591762769,1.0425633778539842,0.4256126192423023,1.2328499089568463,0.3287048186777073,0.807237289714544,1.0,1.0,0.010721080779127035,0.0030701604432739615,0.0030701604432739615,9.425885147444168e-06,0.0,1.0,-0.08437092012539515,-0.06326832529534676,0.06326832529534676,0.004002880985677815,0.0,1.0,0.18498855890321497,0.20042490335296492,0.20042490335296492,0.04017014188404533
95,0.07367270743537155,0.32873743127760063,0.22410805836454628,0.07367270743537155,0.10182149335055549,0.22410805836454628,0.3097350154341653,time_avg,0.10194981716603352,0.32873743127760063,26,0.4221603636986252,strong,0.21009398887890324,0.18895482266977165,0.09118071101709883,0.13836567844635425,0.2585958598036727,0.10386715699435142,0.39949103866076985,0.12023018135731847,0.2956238816664184,0.3104611405929579,0.3221506113045961,0.11164540742846996,0.22932788978792304,0.4005836457625337,0.10472466235779355,0.47422051906531204,0.17125575597461065,0.3694958567075185,0.7276079109881972,0.7008590255385725,0.27370337566607356,0.5352640671928531,0.877510727010751,0.33379834599265923,1.2193397660962202,0.3422466598178978,0.885541420103561,0.0,0.0,0.1364212814435317,0.1152821152344001,0.1152821152344001,0.013289966092917504,1.0,1.0,-0.01827629068464276,-0.006586819973004532,0.006586819973004532,4.338619735677142e-05,0.0,0.0,0.5034998526236509,0.4767509671740262,0.4767509671740262,0.22729148470136942
96,0.628423907425507,0.4978258473713995,1.2623368407721018,0.628423907425507,0.9284247636726164,1.2623368407721018,1.864958938100238,time_avg,0.9485838787520428,0.4978258473713995,20,0.4374773131155283,strong,0.9108538120105947,0.920875741569064,0.04327621639345404,0.8940151654218624,0.9389060810846163,0.8284048613777424,0.9597400044642339,0.04489091566275383,0.13133514308649152,0.47732945269182836,0.4822446368506529,0.018947083810440905,0.46774377372787435,0.49158670565022294,0.440038780619754,0.49848014664816226,0.023842931922348598,0.05844136602840827,1.908318429809074,1.9084358737386191,0.05605550174501699,1.8774154185266319,1.9404904190007355,1.8238896104379252,1.9978452923666075,0.06307500047410364,0.17395568192868227,0.0,0.0,0.28242990458508765,0.292451834143557,0.292451834143557,0.08552807529393058,0.0,1.0,-0.02049639467957115,-0.015581210520746624,0.015581210520746624,0.0002427741212918253,0.0,0.0,0.6459815890369722,0.6460990329665173,0.6460990329665173,0.41744396040026877
97,0.2606786901694317,0.20359656399752796,1.2803688090364669,0.2606786901694317,0.2874926925056214,1.2803688090364669,1.4120704537484834,time_avg,0.5648108235497118,0.20359656399752796,11,0.309657366226337,strong,0.6935937689955554,0.6937259313438328,0.028198014211819153,0.6748115468532531,0.712642816496976,0.6465864492667697,0.7394610628625821,0.037831269643722965,0.0928746135958124,0.3257236766268148,0.32458894615949374,0.015124408390334193,0.3155927863957699,0.3352428099959472,0.30288481608567785,0.3520612857858105,0.019650023600177313,0.04917646970013262,2.1311124287027434,2.127273895673645,0.07204838681446812,2.0803098313773294,2.180117770506117,2.018194335469602,2.2513936598654998,0.09980793912878783,0.23319932439589763,0.0,0.0,0.4329150788261237,0.4330472411744011,0.4330472411744011,0.18752991308875988,0.0,0.0,0.12212711262928683,0.12099238216196578,0.12099238216196578,0.014639156541227176,0.0,0.0,0.8507436196662765,0.8469050866371783,0.8469050866371783,0.7172482257719266
98,0.3570164318277662,0.09408902142375379,3.794453661281608,0.3570164318277662,0.4275397829594301,3.794453661281608,4.54399223724409,time_avg,0.5364721130081057,0.09408902142375379,23,0.3805356747143239,strong,0.5249513444181173,0.5250472638080184,0.016102606142385442,0.5144999427602399,0.535108942961098,0.4982134184365117,0.5513817207115954,0.020609000200858096,0.053168302275083734,0.09447045626869746,0.09435985434071203,0.0042573588843322985,0.09147062548865681,0.0971747513760723,0.08790518622809505,0.10161914240420776,0.005704125887415493,0.013713956176112707,5.567604816200551,5.557152283275942,0.29605066204596486,5.3631237243668055,5.763806329513958,5.097973089255647,6.075875165658345,0.4006826051471526,0.9779020764026978,0.0,0.0,0.1679349125903511,0.16803083198025215,0.16803083198025215,0.02823436049597573,1.0,1.0,0.0003814348449436705,0.0002708329169582441,0.0002708329169582441,7.335046890811113e-08,0.0,0.0,1.773151154918943,1.7626986219943337,1.7626986219943337,3.107106431980723
99,0.3311110279435877,0.2099634215349892,1.5769938664693077,0.3311110279435877,0.37193234075351694,1.5769938664693077,1.7714149352035424,time_avg,0.43563380400942453,0.2099634215349892,25,0.5201346860420614,strong,0.4587141460584865,0.4586937029528901,0.01186825423166386,0.45018536330673964,0.46661288429240755,0.4402139320808025,0.4786091544941672,0.01642752098566791,0.03839522241336468,0.23568082937504264,0.23556802464423415,0.009056986762788658,0.22972272069911753,0.24130146549604914,0.22125709396162457,0.2512903573468742,0.011578744796931606,0.030033263385249642,1.948013750457024,1.9464520629326958,0.05912579767033803,1.9080708259698675,1.986369013844473,1.8520136237771943,2.0473790277637307,0.07829818787460541,0.19536540398653646,0.0,0.0,0.12760311811489877,0.12758267500930237,0.12758267500930237,0.016277338962529267,0.0,0.0,0.02571740784005344,0.02560460310924495,0.02560460310924495,0.0006555957003819561,0.0,0.0,0.37101988398771635,0.36945819646338807,0.36945819646338807,0.13649935893397946
