case_id,feature,observed_value,pred_mean,pred_median,pred_std,pred_ci50_low,pred_ci50_high,pred_ci90_low,pred_ci90_high,pred_width50,pred_width90,covered50,covered90,err_mean,err_median,abs_err_median,sq_err_median,true_beta,true_gamma,true_R0,beta0,gamma,tau,kappa,severity
0,peak_time,45.0,22.46,21.5,14.77878632542352,11.0,35.25,1.0,47.05,24.25,46.05,0.0,1.0,-22.54,-23.5,23.5,552.25,0.15958999512262434,0.33796092457181953,0.47221434053305805,0.26104133230789256,0.33796092457181953,17,0.4111501581324144,strong
0,peak_height,0.06302159279584885,0.050170024558901787,0.048124512657523155,0.012309245517686489,0.04179050214588642,0.05695505067706108,0.0346108702942729,0.07366794273257254,0.01516454853117466,0.039057072438299645,0.0,1.0,-0.01285156823694706,-0.014897080138325691,0.014897080138325691,0.0002219229966476978,0.15958999512262434,0.33796092457181953,0.47221434053305805,0.26104133230789256,0.33796092457181953,17,0.4111501581324144,strong
0,cumulative_infected,0.5841142784338444,0.5518669076235528,0.47681560304772574,0.26386338912222096,0.4062553981889323,0.5853379359323299,0.32531365034519694,1.2097576980711893,0.17908253774339755,0.8844440477259923,1.0,1.0,-0.03224737081029161,-0.1072986753861187,0.1072986753861187,0.011513005739615676,0.15958999512262434,0.33796092457181953,0.47221434053305805,0.26104133230789256,0.33796092457181953,17,0.4111501581324144,strong
0,early_growth_slope,0.00030466868026581256,-0.000888870630771114,-0.0007285096660433769,0.00220956897391141,-0.0027633400694910587,0.0007154401850822893,-0.004429474960696615,0.0029287167876082963,0.003478780254573348,0.007358191748304911,1.0,1.0,-0.0011935393110369267,-0.0010331783463091895,0.0010331783463091895,1.0674574952821916e-06,0.15958999512262434,0.33796092457181953,0.47221434053305805,0.26104133230789256,0.33796092457181953,17,0.4111501581324144,strong
0,post_peak_decline_slope,-0.01186320446431634,-0.004252273592163655,-0.0025823021773248925,0.007734890131394466,-0.00347536392163463,-0.0017129573641189793,-0.01910476118791838,-0.0003112309822851514,0.0017624065575156508,0.01879353020563323,0.0,1.0,0.007610930872152684,0.009280902286991447,0.009280902286991447,8.613514726068307e-05,0.15958999512262434,0.33796092457181953,0.47221434053305805,0.26104133230789256,0.33796092457181953,17,0.4111501581324144,strong
0,late_phase_auc,0.38655249413568527,0.2644210518732143,0.20593085582368076,0.18872527103542616,0.16494291913113557,0.27832836932793725,0.11010648838127964,0.6796555782784706,0.11338545019680168,0.5695490898971909,0.0,1.0,-0.12213144226247097,-0.1806216383120045,0.1806216383120045,0.03262417622651258,0.15958999512262434,0.33796092457181953,0.47221434053305805,0.26104133230789256,0.33796092457181953,17,0.4111501581324144,strong
0,time_to_half_peak_after_peak,2.0,1.15,1.0,0.5198095999517711,1.0,1.0,1.0,2.0,0.0,1.0,0.0,1.0,-0.8500000000000001,-1.0,1.0,1.0,0.15958999512262434,0.33796092457181953,0.47221434053305805,0.26104133230789256,0.33796092457181953,17,0.4111501581324144,strong
0,late_to_early_mean_ratio,1.9247178459734207,0.9469038409787438,0.9490866596049992,0.43478340774348867,0.620553286662286,1.2090119487998954,0.4038956776192288,1.507541846895043,0.5884586621376093,1.1036461692758142,0.0,0.0,-0.9778140049946769,-0.9756311863684215,0.9756311863684215,0.9518562118146536,0.15958999512262434,0.33796092457181953,0.47221434053305805,0.26104133230789256,0.33796092457181953,17,0.4111501581324144,strong
1,peak_time,16.0,20.46,21.0,1.4593481317687598,19.0,21.0,18.0,23.0,2.0,5.0,0.0,0.0,4.460000000000001,5.0,5.0,25.0,0.22326653709606498,0.09375293050568131,2.3814352883885084,0.38426463760700225,0.09375293050568131,16,0.38385714077019234,strong
1,peak_height,0.36163800954818726,0.37943516224622725,0.3794201612472534,0.026066163498641857,0.36281345784664154,0.3920907825231552,0.3346558928489685,0.4225296422839165,0.029277324676513672,0.08787374943494797,0.0,1.0,0.017797152698039997,0.017782151699066162,0.017782151699066162,0.0003162049190486016,0.22326653709606498,0.09375293050568131,2.3814352883885084,0.38426463760700225,0.09375293050568131,16,0.38385714077019234,strong
1,cumulative_infected,8.024646827019751,8.318136057087868,8.312440819048788,0.44955299460295456,7.997600773905106,8.643023141543381,7.668580270020175,9.027672180219088,0.6454223676382753,1.3590919101989138,1.0,1.0,0.29348923006811667,0.2877939920290373,0.2877939920290373,0.0828253818480096,0.22326653709606498,0.09375293050568131,2.3814352883885084,0.38426463760700225,0.09375293050568131,16,0.38385714077019234,strong
1,early_growth_slope,0.011788665305911782,0.007698818296691266,0.007673244582422609,0.0025163139664699887,0.006153186899956337,0.00944654286459332,0.0034738610797960833,0.01171952758152093,0.0032933559646369827,0.008245666501724848,0.0,0.0,-0.0040898470092205165,-0.004115420723489173,0.004115420723489173,1.6936687731324148e-05,0.22326653709606498,0.09375293050568131,2.3814352883885084,0.38426463760700225,0.09375293050568131,16,0.38385714077019234,strong
1,post_peak_decline_slope,-0.00911730378866194,-0.014597818255424493,-0.0148910632977883,0.003995154279922435,-0.017416296837230495,-0.011912602931261056,-0.019788156909247213,-0.008060267716646207,0.005503693905969439,0.011727889192601006,0.0,1.0,-0.005480514466762553,-0.005773759509126361,0.005773759509126361,3.3336298869227076e-05,0.22326653709606498,0.09375293050568131,2.3814352883885084,0.38426463760700225,0.09375293050568131,16,0.38385714077019234,strong
1,late_phase_auc,3.293366301804781,3.4326747308154517,3.409636895172298,0.2487114105760796,3.254097684286535,3.556852738838643,3.040491696028039,3.8768596314825117,0.30275505455210805,0.8363679354544726,1.0,1.0,0.13930842901067075,0.116270593367517,0.116270593367517,0.013518850882034486,0.22326653709606498,0.09375293050568131,2.3814352883885084,0.38426463760700225,0.09375293050568131,16,0.38385714077019234,strong
1,time_to_half_peak_after_peak,14.0,11.68,12.0,1.8796088138038969,10.0,13.0,9.0,15.0,3.0,6.0,0.0,1.0,-2.3200000000000003,-2.0,2.0,4.0,0.22326653709606498,0.09375293050568131,2.3814352883885084,0.38426463760700225,0.09375293050568131,16,0.38385714077019234,strong
1,late_to_early_mean_ratio,0.7457663260658214,0.7649673219549153,0.7634996314952852,0.0730442517973712,0.7132244574446984,0.8123500025388807,0.6544214156720343,0.8984717339765507,0.09912554509418225,0.2440503183045164,1.0,1.0,0.019200995889093964,0.01773330542946383,0.01773330542946383,0.00031447012145465137,0.22326653709606498,0.09375293050568131,2.3814352883885084,0.38426463760700225,0.09375293050568131,16,0.38385714077019234,strong
2,peak_time,2.0,20.86,19.5,14.569942770074025,8.75,31.0,0.9500000000000002,44.099999999999994,22.25,43.14999999999999,0.0,1.0,18.86,17.5,17.5,306.25,0.18802080773586802,0.42381710222092844,0.4436366695694504,0.27537615462093723,0.42381710222092844,17,0.5193607581175967,strong
2,peak_height,0.061977725476026535,0.04806790571659803,0.047437118366360664,0.00940976086578999,0.04094133712351322,0.05339041259139776,0.03537343926727772,0.06816666275262832,0.01244907546788454,0.0327932234853506,0.0,1.0,-0.013909819759428503,-0.01454060710966587,0.01454060710966587,0.00021142925511766567,0.18802080773586802,0.42381710222092844,0.4436366695694504,0.27537615462093723,0.42381710222092844,17,0.5193607581175967,strong
2,cumulative_infected,0.3182957243989222,0.48464749264177925,0.45884980141636333,0.15436721404793421,0.38518061993818264,0.5460597263700038,0.3083107100497003,0.72779660235974,0.16087910643182113,0.4194858923100397,0.0,1.0,0.16635176824285708,0.14055407701744116,0.14055407701744116,0.01975544856622478,0.18802080773586802,0.42381710222092844,0.4436366695694504,0.27537615462093723,0.42381710222092844,17,0.5193607581175967,strong
2,early_growth_slope,-0.0008123966254061083,-0.0005401832416559732,-0.0005704662208223621,0.0021069524778755573,-0.0017721385655542162,0.0007067450891814324,-0.0037114571753634304,0.0035817905858580375,0.002478883654735649,0.007293247761221468,1.0,1.0,0.00027221338375013507,0.00024193040458374618,0.00024193040458374618,5.853032066205512e-08,0.18802080773586802,0.42381710222092844,0.4436366695694504,0.27537615462093723,0.42381710222092844,17,0.5193607581175967,strong
2,post_peak_decline_slope,-0.003992661926895383,-0.002818792980616787,-0.002627182001985297,0.002197959708052773,-0.0035936529418298378,-0.001692782695560414,-0.006496360227964549,0.0,0.0019008702462694237,0.006496360227964549,0.0,1.0,0.001173868946278596,0.0013654799249100862,0.0013654799249100862,1.8645354253324547e-06,0.18802080773586802,0.42381710222092844,0.4436366695694504,0.27537615462093723,0.42381710222092844,17,0.5193607581175967,strong
2,late_phase_auc,0.14229020418133587,0.22442351790456969,0.2080524826887995,0.10109581772529239,0.17511535887024365,0.2475015590316616,0.10580603192865964,0.4019739569630474,0.07238620016141795,0.2961679250343877,0.0,1.0,0.08213331372323382,0.06576227850746363,0.06576227850746363,0.004324677274493214,0.18802080773586802,0.42381710222092844,0.4436366695694504,0.27537615462093723,0.42381710222092844,17,0.5193607581175967,strong
2,time_to_half_peak_after_peak,1.0,1.06,1.0,0.3711842908553349,1.0,1.0,1.0,2.0,0.0,1.0,1.0,1.0,0.06000000000000005,0.0,0.0,0.0,0.18802080773586802,0.42381710222092844,0.4436366695694504,0.27537615462093723,0.42381710222092844,17,0.5193607581175967,strong
2,late_to_early_mean_ratio,0.8404159923163634,0.9305480628363881,0.886174003581947,0.3817494521824925,0.6436157602571367,1.0971098833232114,0.43460211119849135,1.648805292898937,0.4534941230660746,1.2142031817004457,1.0,1.0,0.0901320705200247,0.04575801126558354,0.04575801126558354,0.0020937955949812703,0.18802080773586802,0.42381710222092844,0.4436366695694504,0.27537615462093723,0.42381710222092844,17,0.5193607581175967,strong
3,peak_time,19.0,15.56,15.5,1.7884025940441486,14.0,17.0,13.0,19.0,3.0,6.0,0.0,1.0,-3.4399999999999995,-3.5,3.5,12.25,0.3540694204744074,0.20865185201255343,1.6969387861129794,0.5088133920563621,0.20865185201255343,20,0.493121401028908,strong
3,peak_height,0.23492006957530975,0.22082845509052276,0.21993707865476608,0.01569213771822401,0.2107144221663475,0.23199035599827766,0.19437176287174224,0.24423968866467474,0.02127593383193016,0.049867925792932505,0.0,1.0,-0.01409161448478699,-0.01498299092054367,0.01498299092054367,0.00022449001692509407,0.3540694204744074,0.20865185201255343,1.6969387861129794,0.5088133920563621,0.20865185201255343,20,0.493121401028908,strong
3,cumulative_infected,3.750829341064673,3.6538932711420786,3.6651689547579736,0.1822820176057533,3.5373973210225813,3.767846321774414,3.3600397178845016,3.9678604735585394,0.2304490007518325,0.6078207556740378,1.0,1.0,-0.09693606992259429,-0.08566038630669937,0.08566038630669937,0.007337701782212968,0.3540694204744074,0.20865185201255343,1.6969387861129794,0.5088133920563621,0.20865185201255343,20,0.493121401028908,strong
3,early_growth_slope,0.007216104727593205,0.007474738594657016,0.007744505366731789,0.00290830471998189,0.005680955727257242,0.00939983353496895,0.002487811958070823,0.012044897064472367,0.003718877807711707,0.009557085106401544,1.0,1.0,0.0002586338670638108,0.0005284006391385833,0.0005284006391385833,2.7920723544206326e-07,0.3540694204744074,0.20865185201255343,1.6969387861129794,0.5088133920563621,0.20865185201255343,20,0.493121401028908,strong
3,post_peak_decline_slope,-0.022948992500702547,-0.012468747303510701,-0.012754058713714269,0.004183989159612421,-0.015642477913449207,-0.01033793433258931,-0.01851657357687752,-0.00488393784811098,0.005304543580859897,0.013632635728766539,0.0,0.0,0.010480245197191845,0.010194933786988278,0.010194933786988278,0.00010393667492107515,0.3540694204744074,0.20865185201255343,1.6969387861129794,0.5088133920563621,0.20865185201255343,20,0.493121401028908,strong
3,late_phase_auc,0.5593903085100465,0.6922272043397243,0.6907283557811752,0.09505406163661874,0.6303091133813723,0.7479401138261892,0.5459041928472288,0.8567747381865046,0.11763100044481689,0.31087054533927583,0.0,1.0,0.13283689582967784,0.13133804727112874,0.13133804727112874,0.01724968266099325,0.3540694204744074,0.20865185201255343,1.6969387861129794,0.5088133920563621,0.20865185201255343,20,0.493121401028908,strong
3,time_to_half_peak_after_peak,4.0,8.07,8.0,2.1846803617070125,6.0,10.0,5.0,11.049999999999997,4.0,6.049999999999997,0.0,0.0,4.07,4.0,4.0,16.0,0.3540694204744074,0.20865185201255343,1.6969387861129794,0.5088133920563621,0.20865185201255343,20,0.493121401028908,strong
3,late_to_early_mean_ratio,0.1931246329823582,0.2549479534968713,0.25254184797996104,0.03647072119702554,0.2320833763616215,0.27511171588654093,0.19962051042345072,0.3139550378871628,0.04302833952491944,0.11433452746371206,0.0,0.0,0.061823320514513114,0.05941721499760283,0.05941721499760283,0.0035304054380713586,0.3540694204744074,0.20865185201255343,1.6969387861129794,0.5088133920563621,0.20865185201255343,20,0.493121401028908,strong
4,peak_time,3.0,22.95,20.5,14.08156255677629,11.75,34.25,3.0,46.05,22.5,43.05,0.0,1.0,19.95,17.5,17.5,306.25,0.10657360557899363,0.18700362221474154,0.569901290236037,0.18254132540300172,0.18700362221474154,20,0.3063879310954932,strong
4,peak_height,0.06925215572118759,0.055242129899561405,0.05215143971145153,0.01618545521162974,0.044875266030430794,0.06110123544931412,0.03563551474362612,0.08257227540016174,0.016225969418883324,0.04693676065653562,0.0,1.0,-0.014010025821626186,-0.01710071600973606,0.01710071600973606,0.00029243448804564323,0.10657360557899363,0.18700362221474154,0.569901290236037,0.18254132540300172,0.18700362221474154,20,0.3063879310954932,strong
4,cumulative_infected,0.6268620930932229,0.6493111343430309,0.5667658389465942,0.341564999682558,0.4599454383767352,0.7298808274108524,0.35110278324500543,1.1583124200056774,0.2699353890341172,0.8072096367606719,1.0,1.0,0.022449041249807955,-0.06009625414662878,0.06009625414662878,0.003611559762456197,0.10657360557899363,0.18700362221474154,0.569901290236037,0.18254132540300172,0.18700362221474154,20,0.3063879310954932,strong
4,early_growth_slope,-0.0009578291681550783,0.0002485321776881584,0.00034141917941659435,0.002575479811537295,-0.0014139947369195775,0.0017926192515352304,-0.003672442803855075,0.00452291854515005,0.003206613988454808,0.008195361349005125,1.0,1.0,0.0012063613458432366,0.0012992483475716726,0.0012992483475716726,1.6880462686677219e-06,0.10657360557899363,0.18700362221474154,0.569901290236037,0.18254132540300172,0.18700362221474154,20,0.3063879310954932,strong
4,post_peak_decline_slope,-0.005434599031529312,-0.00385804301775599,-0.0030812011371987597,0.004417697294707923,-0.004295622384718932,-0.0018177176869357973,-0.01099641124717886,1.4955402972793945e-06,0.0024779046977831346,0.01099790678747614,0.0,1.0,0.0015765560137733221,0.0023533978943305525,0.0023533978943305525,5.538481649039478e-06,0.10657360557899363,0.18700362221474154,0.569901290236037,0.18254132540300172,0.18700362221474154,20,0.3063879310954932,strong
4,late_phase_auc,0.22181064303731546,0.2847102050888134,0.24560699015273713,0.19662335765812566,0.19052759173791856,0.3202346083126031,0.1391830171516631,0.48075008212181264,0.12970701657468453,0.34156706497014955,1.0,1.0,0.06289956205149794,0.023796347115421668,0.023796347115421668,0.0005662661360376372,0.10657360557899363,0.18700362221474154,0.569901290236037,0.18254132540300172,0.18700362221474154,20,0.3063879310954932,strong
4,time_to_half_peak_after_peak,1.0,1.2,1.0,0.5685352436149612,1.0,1.0,1.0,2.0,0.0,1.0,1.0,1.0,0.19999999999999996,0.0,0.0,0.0,0.10657360557899363,0.18700362221474154,0.569901290236037,0.18254132540300172,0.18700362221474154,20,0.3063879310954932,strong
4,late_to_early_mean_ratio,0.5885305397107075,0.8719326460700896,0.8331620921834699,0.3589094965835777,0.6221577158956756,1.008094531692925,0.4427777936665931,1.3770877962319104,0.3859368157972495,0.9343100025653173,0.0,1.0,0.2834021063593821,0.24463155247276247,0.24463155247276247,0.059844596465233935,0.10657360557899363,0.18700362221474154,0.569901290236037,0.18254132540300172,0.18700362221474154,20,0.3063879310954932,strong
5,peak_time,41.0,27.88,28.0,2.499616132145256,26.0,30.0,23.0,31.049999999999997,4.0,8.049999999999997,0.0,0.0,-13.120000000000001,-13.0,13.0,169.0,0.1841274786221553,0.07434764212810198,2.4765745537013966,0.293222378204653,0.07434764212810198,14,0.48325671869823295,strong
5,peak_height,0.23738805949687958,0.3334842824935913,0.33250629901885986,0.028712757893556536,0.31694185733795166,0.3532416597008705,0.2863547995686531,0.38674011528491975,0.036299802362918854,0.10038531571626663,0.0,0.0,0.09609622299671172,0.09511823952198029,0.09511823952198029,0.009047479489760812,0.1841274786221553,0.07434764212810198,2.4765745537013966,0.293222378204653,0.07434764212810198,14,0.48325671869823295,strong
5,cumulative_infected,7.456749382428825,8.429335693880766,8.36230783292558,0.7062699721090899,8.04971078824019,8.900524141034111,7.355793424055446,9.646239443455125,0.8508133527939208,2.2904460193996785,0.0,1.0,0.9725863114519413,0.9055584504967555,0.9055584504967555,0.8200361072660849,0.1841274786221553,0.07434764212810198,2.4765745537013966,0.293222378204653,0.07434764212810198,14,0.48325671869823295,strong
5,early_growth_slope,0.006660677803059418,0.0033351667399927555,0.003218947743464794,0.002599206690888101,0.0014820468343151305,0.004643132269848137,-0.0007334938103754423,0.00814864015209466,0.0031610854355330065,0.008882133962470102,0.0,1.0,-0.0033255110630666623,-0.003441730059594624,0.003441730059594624,1.1845505803117214e-05,0.1841274786221553,0.07434764212810198,2.4765745537013966,0.293222378204653,0.07434764212810198,14,0.48325671869823295,strong
5,post_peak_decline_slope,-0.0024313477178414533,-0.00929265993088483,-0.009047547851999585,0.003930104972084671,-0.012093471797804036,-0.006455076672136802,-0.015354896634817112,-0.003291080122192709,0.0056383951256672345,0.012063816512624403,0.0,0.0,-0.006861312213043376,-0.006616200134158132,0.006616200134158132,4.3774104215234076e-05,0.1841274786221553,0.07434764212810198,2.4765745537013966,0.293222378204653,0.07434764212810198,14,0.48325671869823295,strong
5,late_phase_auc,4.548595912754536,5.343075209408998,5.3729470781981945,0.44372769449840244,5.0077466163784266,5.610832509584725,4.672164287976921,6.081695216521621,0.6030858932062984,1.4095309285447,0.0,0.0,0.7944792966544627,0.8243511654436588,0.8243511654436588,0.6795548439683186,0.1841274786221553,0.07434764212810198,2.4765745537013966,0.293222378204653,0.07434764212810198,14,0.48325671869823295,strong
5,time_to_half_peak_after_peak,8.0,14.22,14.0,2.623052428070022,13.0,16.0,10.0,18.0,3.0,8.0,0.0,0.0,6.220000000000001,6.0,6.0,36.0,0.1841274786221553,0.07434764212810198,2.4765745537013966,0.293222378204653,0.07434764212810198,14,0.48325671869823295,strong
5,late_to_early_mean_ratio,1.678748057271649,1.91364332254639,1.8659473625724003,0.2451014710512447,1.7465135792980109,2.0990440312294103,1.5568991663417793,2.3185664071896275,0.3525304519313994,0.7616672408478482,0.0,1.0,0.23489526527474092,0.18719930530075124,0.18719930530075124,0.035043579905083874,0.1841274786221553,0.07434764212810198,2.4765745537013966,0.293222378204653,0.07434764212810198,14,0.48325671869823295,strong
6,peak_time,11.0,9.65,10.0,0.7703468981143129,9.0,10.0,9.0,11.0,1.0,2.0,0.0,1.0,-1.3499999999999996,-1.0,1.0,1.0,0.5364399227283639,0.12007176008901925,4.467661024795973,0.8072158415831313,0.12007176008901925,23,0.37880693002176785,strong
6,peak_height,0.5436809062957764,0.5812896758317947,0.5799119472503662,0.021297146755018596,0.5668978840112686,0.5939088612794876,0.5530256241559982,0.6191336780786514,0.027010977268218994,0.06610805392265318,0.0,0.0,0.03760876953601833,0.036231040954589844,0.036231040954589844,0.0013126883286531665,0.5364399227283639,0.12007176008901925,4.467661024795973,0.8072158415831313,0.12007176008901925,23,0.37880693002176785,strong
6,cumulative_infected,8.359575021080673,8.469580512299181,8.472124885302037,0.3614002115922036,8.209393559230193,8.66920180642046,7.917043542780448,9.082934419438242,0.45980824719026714,1.1658908766577945,1.0,1.0,0.11000549121850867,0.11254986422136426,0.11254986422136426,0.01266747193624753,0.5364399227283639,0.12007176008901925,4.467661024795973,0.8072158415831313,0.12007176008901925,23,0.37880693002176785,strong
6,early_growth_slope,0.060029247709150815,0.060732047817142455,0.061210881935299485,0.007757374411409111,0.05476043572915451,0.06624192112074176,0.04850830463249058,0.07193342828742015,0.011481485391587248,0.023425123654929568,1.0,1.0,0.0007028001079916399,0.00118163422614867,0.00118163422614867,1.3962594444059663e-06,0.5364399227283639,0.12007176008901925,4.467661024795973,0.8072158415831313,0.12007176008901925,23,0.37880693002176785,strong
6,post_peak_decline_slope,-0.03747810175021491,-0.03753799152125919,-0.03777602016925816,0.0035884207736933947,-0.04002951333920166,-0.03489758844176934,-0.042726850137114566,-0.031324221317966854,0.005131924897432326,0.011402628819147713,1.0,1.0,-5.988977104427751e-05,-0.00029791841904324573,0.00029791841904324573,8.875538440522696e-08,0.5364399227283639,0.12007176008901925,4.467661024795973,0.8072158415831313,0.12007176008901925,23,0.37880693002176785,strong
6,late_phase_auc,1.0479801567271352,1.055411580805994,1.0368706043809652,0.1390274566700316,0.9578824330819771,1.1356346082757227,0.8200133990932954,1.28649906659266,0.17775217519374564,0.4664856674993645,1.0,1.0,0.007431424078858884,-0.011109552346169949,0.011109552346169949,0.0001234221533322902,0.5364399227283639,0.12007176008901925,4.467661024795973,0.8072158415831313,0.12007176008901925,23,0.37880693002176785,strong
6,time_to_half_peak_after_peak,8.0,8.41,8.0,1.0356767172367363,8.0,9.0,7.0,10.0,1.0,3.0,1.0,1.0,0.41000000000000014,0.0,0.0,0.0,0.5364399227283639,0.12007176008901925,4.467661024795973,0.8072158415831313,0.12007176008901925,23,0.37880693002176785,strong
6,late_to_early_mean_ratio,0.1556673862634204,0.1529492065104611,0.15135893212261758,0.01698879170462167,0.14217880739080163,0.1641680028349633,0.1261890171251637,0.18105386600474666,0.02198919544416167,0.054864848879582956,1.0,1.0,-0.0027181797529592933,-0.004308454140802803,0.004308454140802803,1.856277708340082e-05,0.5364399227283639,0.12007176008901925,4.467661024795973,0.8072158415831313,0.12007176008901925,23,0.37880693002176785,strong
7,peak_time,20.0,17.43,17.0,2.9379268441222526,15.75,19.0,13.0,23.0,3.25,10.0,0.0,1.0,-2.5700000000000003,-3.0,3.0,9.0,0.37015002697460625,0.2922467506437757,1.2665667835800443,0.48996164703975054,0.2922467506437757,22,0.5633345531481102,strong
7,peak_height,0.13834640383720398,0.12079367086291314,0.12075591459870338,0.015994211075149208,0.10847948119044304,0.1286798231303692,0.09587547481060028,0.15153031870722772,0.020200341939926147,0.055654843896627434,0.0,1.0,-0.017552732974290844,-0.017590489238500595,0.017590489238500595,0.00030942531164980525,0.37015002697460625,0.2922467506437757,1.2665667835800443,0.48996164703975054,0.2922467506437757,22,0.5633345531481102,strong
7,cumulative_infected,2.079810040537268,2.036959630735146,2.0202167520765215,0.19195157651295275,1.903490195341874,2.1632402170507703,1.7349228658305946,2.3643029162019955,0.2597500217088964,0.6293800503714009,1.0,1.0,-0.04285040980212207,-0.05959328846074641,0.05959328846074641,0.003551360029565731,0.37015002697460625,0.2922467506437757,1.2665667835800443,0.48996164703975054,0.2922467506437757,22,0.5633345531481102,strong
7,early_growth_slope,0.004445895851988876,0.003820662327907051,0.003792631816828535,0.002817627786250924,0.0016986800806729927,0.005870340894381071,-0.0008588791285763413,0.008065343754077772,0.004171660813708078,0.008924222882654112,1.0,1.0,-0.000625233524081825,-0.0006532640351603414,0.0006532640351603414,4.2675389963397175e-07,0.37015002697460625,0.2922467506437757,1.2665667835800443,0.48996164703975054,0.2922467506437757,22,0.5633345531481102,strong
7,post_peak_decline_slope,-0.01479481390366952,-0.006142243648491178,-0.006047742503384745,0.0027290486540605097,-0.007924483398286004,-0.00460759854565064,-0.01023572485040252,-0.00188905240036547,0.003316884852635364,0.00834667245003705,0.0,0.0,0.008652570255178342,0.008747071400284774,0.008747071400284774,7.651125808167985e-05,0.37015002697460625,0.2922467506437757,1.2665667835800443,0.48996164703975054,0.2922467506437757,22,0.5633345531481102,strong
7,late_phase_auc,0.4676218261010945,0.5119824059896564,0.5125541743109352,0.10236617210113645,0.4370979852974415,0.5764131465111859,0.3542010395467514,0.6783455551252701,0.13931516121374443,0.32414451557851864,1.0,1.0,0.0443605798885619,0.04493234820984071,0.04493234820984071,0.002018915915650376,0.37015002697460625,0.2922467506437757,1.2665667835800443,0.48996164703975054,0.2922467506437757,22,0.5633345531481102,strong
7,time_to_half_peak_after_peak,4.0,5.18,5.0,3.163491230851884,2.0,8.0,1.0,10.049999999999997,6.0,9.049999999999997,1.0,1.0,1.1799999999999997,1.0,1.0,1.0,0.37015002697460625,0.2922467506437757,1.2665667835800443,0.48996164703975054,0.2922467506437757,22,0.5633345531481102,strong
7,late_to_early_mean_ratio,0.32351359227287774,0.37106973738141463,0.35927467931542656,0.09249942734508061,0.3124573446339082,0.43217619370156435,0.2302814078876462,0.5142120319162387,0.11971884906765617,0.2839306240285925,1.0,1.0,0.047556145108536896,0.03576108704254882,0.03576108704254882,0.0012788553464647533,0.37015002697460625,0.2922467506437757,1.2665667835800443,0.48996164703975054,0.2922467506437757,22,0.5633345531481102,strong
8,peak_time,16.0,14.61,14.0,5.082938385054715,12.0,17.0,8.0,25.0,5.0,17.0,1.0,1.0,-1.3900000000000006,-2.0,2.0,4.0,0.35023737882502554,0.33693931512896735,1.0394672366772284,0.5227998506544365,0.33693931512896735,16,0.5145975259787482,strong
8,peak_height,0.10311747342348099,0.09091376934200525,0.0896860770881176,0.016622588734042994,0.07937994971871376,0.1012071929872036,0.06543015986680985,0.11920269951224327,0.021827243268489838,0.05377253964543342,0.0,1.0,-0.012203704081475739,-0.013431396335363388,0.013431396335363388,0.00018040240751761305,0.35023737882502554,0.33693931512896735,1.0394672366772284,0.5227998506544365,0.33693931512896735,16,0.5145975259787482,strong
8,cumulative_infected,1.2433749278534378,1.385921690578616,1.3863099364971276,0.2132196761611685,1.300666538067162,1.5166929336846806,0.9963729499286273,1.7448443379835226,0.21602639561751857,0.7484713880548952,0.0,1.0,0.1425467627251782,0.1429350086436898,0.1429350086436898,0.020430416695971676,0.35023737882502554,0.33693931512896735,1.0394672366772284,0.5227998506544365,0.33693931512896735,16,0.5145975259787482,strong
8,early_growth_slope,0.004068272798100396,0.003083632829372315,0.0031296975018146145,0.002579117991991195,0.00134770821369741,0.004849682229437997,-0.0010693358815236304,0.00706694458522612,0.0035019740157405874,0.00813628046674975,1.0,1.0,-0.000984639968728081,-0.0009385752962857816,0.0009385752962857816,8.809235867979426e-07,0.35023737882502554,0.33693931512896735,1.0394672366772284,0.5227998506544365,0.33693931512896735,16,0.5145975259787482,strong
8,post_peak_decline_slope,-0.009928165345142273,-0.004458460649315385,-0.0046229444444179525,0.0026082493276222735,-0.006555175121563175,-0.002544554198781646,-0.008054714308430754,-0.00014537356502842202,0.0040106209227815295,0.007909340743402332,0.0,0.0,0.005469704695826888,0.005305220900724321,0.005305220900724321,2.8145368805482175e-05,0.35023737882502554,0.33693931512896735,1.0394672366772284,0.5227998506544365,0.33693931512896735,16,0.5145975259787482,strong
8,late_phase_auc,0.2278459839981224,0.315574303878966,0.2925253943540156,0.10654961823694048,0.25788116166950203,0.3610662663122639,0.1857308251899667,0.5158713264245307,0.10318510464276187,0.330140501234564,0.0,1.0,0.08772831988084362,0.0646794103558932,0.0646794103558932,0.004183426123986024,0.35023737882502554,0.33693931512896735,1.0394672366772284,0.5227998506544365,0.33693931512896735,16,0.5145975259787482,strong
8,time_to_half_peak_after_peak,1.0,3.78,3.0,2.713899873844377,1.0,5.0,1.0,9.0,4.0,8.0,1.0,1.0,2.78,2.0,2.0,4.0,0.35023737882502554,0.33693931512896735,1.0394672366772284,0.5227998506544365,0.33693931512896735,16,0.5145975259787482,strong
8,late_to_early_mean_ratio,0.23832872430667731,0.340013590387235,0.28689610400427834,0.17807261036160324,0.22380754074149706,0.3964419127393694,0.15517354779489292,0.7365520184980623,0.17263437199787235,0.5813784707031694,1.0,1.0,0.10168486608055768,0.048567379697601026,0.048567379697601026,0.0023587903706909484,0.35023737882502554,0.33693931512896735,1.0394672366772284,0.5227998506544365,0.33693931512896735,16,0.5145975259787482,strong
9,peak_time,15.0,16.56,16.0,1.3730449829676104,16.0,17.0,14.95,19.0,1.0,4.050000000000001,0.0,1.0,1.5599999999999987,1.0,1.0,1.0,0.29105786706411596,0.12948875842959828,2.2477462182353163,0.4646839378666684,0.12948875842959828,16,0.45052446134723173,strong
9,peak_height,0.3749844431877136,0.35687739968299864,0.35673630237579346,0.01801686161443729,0.34496646374464035,0.3695036321878433,0.32735457122325895,0.3854308485984802,0.024537168443202972,0.05807627737522125,0.0,1.0,-0.01810704350471498,-0.018248140811920166,0.018248140811920166,0.0003329946430916664,0.29105786706411596,0.12948875842959828,2.2477462182353163,0.4646839378666684,0.12948875842959828,16,0.45052446134723173,strong
9,cumulative_infected,6.5501423289533705,6.475931602565179,6.494435174507089,0.26942991445681774,6.288549799763132,6.700450951653693,6.027608743557357,6.863368888112018,0.41190115189056087,0.8357601445546612,1.0,1.0,-0.07421072638819126,-0.05570715444628149,0.05570715444628149,0.0031032870565018598,0.29105786706411596,0.12948875842959828,2.2477462182353163,0.4646839378666684,0.12948875842959828,16,0.45052446134723173,strong
9,early_growth_slope,0.010418276843016166,0.010170694444810318,0.010193640687724662,0.0027183767174190974,0.008521556860484582,0.011968207002306976,0.005234663161778978,0.014274159436241631,0.003446650141822393,0.009039496274462653,1.0,1.0,-0.00024758239820584817,-0.0002246361552915039,0.0002246361552915039,5.0461402264148654e-08,0.29105786706411596,0.12948875842959828,2.2477462182353163,0.4646839378666684,0.12948875842959828,16,0.45052446134723173,strong
9,post_peak_decline_slope,-0.01753777166207633,-0.018537611874441296,-0.01886009002725282,0.00407890006596944,-0.021604359708726373,-0.015506189626951983,-0.024399546335140864,-0.011292734245459249,0.006098170081774389,0.013106812089681615,1.0,1.0,-0.0009998402123649677,-0.0013223183651764926,0.0013223183651764926,1.7485258588830321e-06,0.29105786706411596,0.12948875842959828,2.2477462182353163,0.4646839378666684,0.12948875842959828,16,0.45052446134723173,strong
9,late_phase_auc,1.6950932890176773,1.6193242919374462,1.636183635564521,0.16162013067552036,1.5042214681161568,1.7322727678983938,1.3317072756937705,1.8567931544501335,0.22805129978223704,0.525085878756363,1.0,1.0,-0.0757689970802311,-0.05890965345315635,0.05890965345315635,0.003470347269970976,0.29105786706411596,0.12948875842959828,2.2477462182353163,0.4646839378666684,0.12948875842959828,16,0.45052446134723173,strong
9,time_to_half_peak_after_peak,11.0,9.32,9.0,1.6810290258822378,8.0,10.0,6.95,12.0,2.0,5.05,0.0,1.0,-1.6799999999999997,-2.0,2.0,4.0,0.29105786706411596,0.12948875842959828,2.2477462182353163,0.4646839378666684,0.12948875842959828,16,0.45052446134723173,strong
9,late_to_early_mean_ratio,0.3816559190329831,0.36163283938038143,0.3588750972545698,0.03770709440762434,0.3344699250751292,0.38672881252101815,0.30619419007905296,0.4214855292484095,0.05225888744588897,0.11529133916935652,1.0,1.0,-0.020023079652601694,-0.02278082177841334,0.02278082177841334,0.0005189658408998316,0.29105786706411596,0.12948875842959828,2.2477462182353163,0.4646839378666684,0.12948875842959828,16,0.45052446134723173,strong
10,peak_time,10.0,9.36,9.0,0.7722458393307382,9.0,10.0,8.0,10.0,1.0,2.0,1.0,1.0,-0.6400000000000006,-1.0,1.0,1.0,0.5863537819095646,0.1551854573827073,3.7784067643886288,0.8374964213564154,0.1551854573827073,27,0.3481019790116562,strong
10,peak_height,0.49215662479400635,0.4950746530294418,0.4947168827056885,0.020298005408527324,0.4832148626446724,0.5061921924352646,0.4619477570056915,0.5278972446918487,0.022977329790592194,0.06594948768615722,1.0,1.0,0.002918028235435466,0.002560257911682129,0.002560257911682129,6.554920574330936e-06,0.5863537819095646,0.1551854573827073,3.7784067643886288,0.8374964213564154,0.1551854573827073,27,0.3481019790116562,strong
10,cumulative_infected,6.319339314242825,6.2408752206880305,6.22265710242209,0.3200715250923912,6.008777015289525,6.510383644897956,5.8081935014866755,6.767617666581645,0.5016066296084318,0.95942416509497,1.0,1.0,-0.07846409355479445,-0.09668221182073466,0.09668221182073466,0.009347450082549405,0.5863537819095646,0.1551854573827073,3.7784067643886288,0.8374964213564154,0.1551854573827073,27,0.3481019790116562,strong
10,early_growth_slope,0.06056264002940484,0.05428856554446524,0.05420273151581308,0.006486441154062321,0.050189616702569065,0.05813687564694277,0.0450893418120575,0.06511992947136083,0.007947258944373703,0.02003058765930333,0.0,1.0,-0.0062740744849396,-0.006359908513591764,0.006359908513591764,4.0448436301257e-05,0.5863537819095646,0.1551854573827073,3.7784067643886288,0.8374964213564154,0.1551854573827073,27,0.3481019790116562,strong
10,post_peak_decline_slope,-0.03599908724427226,-0.03796201956023777,-0.03828911570211256,0.0030778401609581835,-0.039770978565017455,-0.035787366392711815,-0.04300868966927137,-0.0328103699535132,0.0039836121723056395,0.010198319715758172,1.0,1.0,-0.0019629323159655113,-0.0022900284578403,0.0022900284578403,5.244230337718422e-06,0.5863537819095646,0.1551854573827073,3.7784067643886288,0.8374964213564154,0.1551854573827073,27,0.3481019790116562,strong
10,late_phase_auc,0.4759599647950381,0.4981609406028656,0.4908843604498543,0.10153156044458135,0.42247410237177974,0.5764842338685412,0.3374712140648626,0.6603720250539481,0.15401013149676146,0.3229008109890855,1.0,1.0,0.022200975807827483,0.01492439565481618,0.01492439565481618,0.00022273758566149608,0.5863537819095646,0.1551854573827073,3.7784067643886288,0.8374964213564154,0.1551854573827073,27,0.3481019790116562,strong
10,time_to_half_peak_after_peak,6.0,7.09,7.0,0.9111542241585782,6.75,8.0,6.0,8.0,1.25,2.0,0.0,1.0,1.0899999999999999,1.0,1.0,1.0,0.5863537819095646,0.1551854573827073,3.7784067643886288,0.8374964213564154,0.1551854573827073,27,0.3481019790116562,strong
10,late_to_early_mean_ratio,0.09000874571759691,0.0932482204987934,0.09271713625296749,0.017315012918391263,0.08090810531722813,0.10592497302500915,0.06417837166489396,0.11809317398740575,0.025016867707781026,0.05391480232251179,1.0,1.0,0.0032394747811964886,0.0027083905353705723,0.0027083905353705723,7.3353792920848955e-06,0.5863537819095646,0.1551854573827073,3.7784067643886288,0.8374964213564154,0.1551854573827073,27,0.3481019790116562,strong
11,peak_time,14.0,18.57,17.0,10.960217317022671,9.0,27.0,3.95,37.05,18.0,33.099999999999994,1.0,1.0,4.57,3.0,3.0,9.0,0.4310082446290822,0.4142892524820762,1.0403558432830196,0.6474256580029935,0.4142892524820762,10,0.5821577915959917,strong
11,peak_height,0.06538351625204086,0.06044370770454407,0.05790844187140465,0.015059290863250505,0.05087405536323786,0.06814163736999035,0.03999849259853363,0.08557833544909953,0.01726758200675249,0.0455798428505659,1.0,1.0,-0.004939808547496795,-0.007475074380636215,0.007475074380636215,5.5876736996043896e-05,0.4310082446290822,0.4142892524820762,1.0403558432830196,0.6474256580029935,0.4142892524820762,10,0.5821577915959917,strong
11,cumulative_infected,0.880675436812453,0.8322845816265726,0.7926893167605158,0.37939148482176643,0.5495933687052457,1.021666471810022,0.41322418391064275,1.2944647825090214,0.47207310310477624,0.8812405985983787,1.0,1.0,-0.04839085518588038,-0.08798612005193718,0.08798612005193718,0.007741557321793902,0.4310082446290822,0.4142892524820762,1.0403558432830196,0.6474256580029935,0.4142892524820762,10,0.5821577915959917,strong
11,early_growth_slope,0.00339396076188201,0.000601014260173543,0.0004995152613403099,0.0023148739676393288,-0.0010650985913387204,0.002137453794906227,-0.003040012842809247,0.00461190991558223,0.0032025523862449475,0.007651922758391477,0.0,1.0,-0.002792946501708467,-0.0028944455005417,0.0028944455005417,8.377814755606093e-06,0.4310082446290822,0.4142892524820762,1.0403558432830196,0.6474256580029935,0.4142892524820762,10,0.5821577915959917,strong
11,post_peak_decline_slope,-0.0022698252461850568,-0.0031990583403925747,-0.0029910371638834504,0.00283055985940828,-0.004381707487239813,-0.0018440475842605077,-0.0063971069113661905,-5.3327547696721634e-05,0.0025376599029793053,0.006343779363669469,1.0,1.0,-0.0009292330942075179,-0.0007212119176983937,0.0007212119176983937,5.201466302301945e-07,0.4310082446290822,0.4142892524820762,1.0403558432830196,0.6474256580029935,0.4142892524820762,10,0.5821577915959917,strong
11,late_phase_auc,0.2907994481502101,0.3433076309174612,0.2989578612614423,0.2199987994377963,0.2259521399246296,0.4054348236240912,0.1458775305742165,0.5695926658554524,0.17948268369946163,0.42371513528123594,1.0,1.0,0.05250818276725111,0.008158413111232221,0.008158413111232221,6.655970449352581e-05,0.4310082446290822,0.4142892524820762,1.0403558432830196,0.6474256580029935,0.4142892524820762,10,0.5821577915959917,strong
11,time_to_half_peak_after_peak,1.0,1.54,1.0,1.7315841990454401,1.0,1.0,1.0,4.0,0.0,3.0,1.0,1.0,0.54,0.0,0.0,0.0,0.4310082446290822,0.4142892524820762,1.0403558432830196,0.6474256580029935,0.4142892524820762,10,0.5821577915959917,strong
11,late_to_early_mean_ratio,0.4838195380098099,0.7942631569461537,0.7404596479181039,0.36494007845371984,0.5559950731369595,0.9463742005023128,0.33703706176823434,1.431123238845492,0.3903791273653533,1.0940861770772576,0.0,1.0,0.31044361893634376,0.256640109908294,0.256640109908294,0.06586414601374123,0.4310082446290822,0.4142892524820762,1.0403558432830196,0.6474256580029935,0.4142892524820762,10,0.5821577915959917,strong
12,peak_time,13.0,13.85,14.0,1.395338559980945,13.0,15.0,11.0,16.0,2.0,5.0,1.0,1.0,0.8499999999999996,1.0,1.0,1.0,0.38497413725119783,0.2540985352126566,1.5150584670982488,0.5994305981110294,0.2540985352126566,18,0.44098913010206364,strong
12,peak_height,0.25626665353775024,0.22597036734223366,0.2244468480348587,0.01631561835368096,0.21479832753539085,0.23559974879026413,0.20318313539028168,0.25492744594812394,0.020801421254873276,0.05174431055784226,0.0,0.0,-0.03029628619551658,-0.03181980550289154,0.03181980550289154,0.0010125000222418468,0.38497413725119783,0.2540985352126566,1.5150584670982488,0.5994305981110294,0.2540985352126566,18,0.44098913010206364,strong
12,cumulative_infected,3.46806404273957,3.3621531366599813,3.3529804170830175,0.17417462563356326,3.2455700760783657,3.483871451306186,3.106650631991215,3.6532047719403637,0.23830137522782024,0.5465541399491487,1.0,1.0,-0.10591090607958886,-0.11508362565655261,0.11508362565655261,0.013244240894257535,0.38497413725119783,0.2540985352126566,1.5150584670982488,0.5994305981110294,0.2540985352126566,18,0.44098913010206364,strong
12,early_growth_slope,0.013046229080784885,0.010285820968901611,0.010584295146968323,0.0030486078976364552,0.008440112476126246,0.012470650586432642,0.004831807564810983,0.015333601794485554,0.004030538110306396,0.010501794229674571,0.0,1.0,-0.002760408111883274,-0.0024619339338165618,0.0024619339338165618,6.061118694477491e-06,0.38497413725119783,0.2540985352126566,1.5150584670982488,0.5994305981110294,0.2540985352126566,18,0.44098913010206364,strong
12,post_peak_decline_slope,-0.016035915662844985,-0.014644991228356961,-0.015261787797013942,0.003739888066570639,-0.017216437682509432,-0.012687016837298882,-0.019385909611980123,-0.0074237347518404505,0.00452942084521055,0.011962174860139672,1.0,1.0,0.0013909244344880237,0.0007741278658310435,0.0007741278658310435,5.99273952656126e-07,0.38497413725119783,0.2540985352126566,1.5150584670982488,0.5994305981110294,0.2540985352126566,18,0.44098913010206364,strong
12,late_phase_auc,0.35336229484528303,0.45052716080426763,0.4448481662548147,0.07886967225829002,0.40722811612067744,0.49920538380683865,0.3269866893417202,0.573240805095702,0.09197726768616121,0.24625411575398176,0.0,1.0,0.0971648659589846,0.09148587140953168,0.09148587140953168,0.008369664667561366,0.38497413725119783,0.2540985352126566,1.5150584670982488,0.5994305981110294,0.2540985352126566,18,0.44098913010206364,strong
12,time_to_half_peak_after_peak,8.0,7.13,7.0,1.8071407183054604,6.0,8.0,4.0,10.0,2.0,6.0,1.0,1.0,-0.8700000000000001,-1.0,1.0,1.0,0.38497413725119783,0.2540985352126566,1.5150584670982488,0.5994305981110294,0.2540985352126566,18,0.44098913010206364,strong
12,late_to_early_mean_ratio,0.1247122568547646,0.16824238963878269,0.1646015382481082,0.029727666606173375,0.1484799570946258,0.18649183672274955,0.12374923974354483,0.20808660779632512,0.038011879628123746,0.08433736805278029,0.0,1.0,0.043530132784018086,0.03988928139334359,0.03988928139334359,0.0015911547700773474,0.38497413725119783,0.2540985352126566,1.5150584670982488,0.5994305981110294,0.2540985352126566,18,0.44098913010206364,strong
13,peak_time,19.0,19.54,20.0,1.6782626899760527,18.0,21.0,17.0,22.0,3.0,5.0,1.0,1.0,0.5399999999999991,1.0,1.0,1.0,0.30425062524912716,0.15368390653517353,1.9797168884400627,0.4130429568877796,0.15368390653517353,25,0.47321541343599083,strong
13,peak_height,0.28870338201522827,0.2654229788482189,0.26482318341732025,0.01650057097936168,0.2565823942422867,0.27499547600746155,0.23679074421525,0.29313387870788576,0.018413081765174866,0.056343134492635755,0.0,1.0,-0.023280403167009356,-0.02388019859790802,0.02388019859790802,0.0005702638850755282,0.30425062524912716,0.15368390653517353,1.9797168884400627,0.4130429568877796,0.15368390653517353,25,0.47321541343599083,strong
13,cumulative_infected,5.443288681097329,5.316807125152436,5.306606860249303,0.25191912186571697,5.15159430405447,5.5066804563721234,4.859413916873746,5.711127348666196,0.3550861523176536,0.85171343179245,1.0,1.0,-0.12648155594489285,-0.13668182084802538,0.13668182084802538,0.018681920150331707,0.30425062524912716,0.15368390653517353,1.9797168884400627,0.4130429568877796,0.15368390653517353,25,0.47321541343599083,strong
13,early_growth_slope,0.006079675330381308,0.005787041553396973,0.0057926686491728534,0.0026477740939787873,0.0036527958110950526,0.007778901895757631,0.0015446771491995272,0.009841256382753185,0.004126106084662578,0.008296579233553657,1.0,1.0,-0.000292633776984335,-0.00028700668120845447,0.00028700668120845447,8.237283505829141e-08,0.30425062524912716,0.15368390653517353,1.9797168884400627,0.4130429568877796,0.15368390653517353,25,0.47321541343599083,strong
13,post_peak_decline_slope,-0.013346744328737259,-0.011726696622868375,-0.01189848097662131,0.0035130184005582976,-0.014340384801228838,-0.01003807994226615,-0.01689873207360506,-0.00565271091957887,0.004302304858962687,0.01124602115402619,1.0,1.0,0.0016200477058688836,0.0014482633521159492,0.0014482633521159492,2.097466737082126e-06,0.30425062524912716,0.15368390653517353,1.9797168884400627,0.4130429568877796,0.15368390653517353,25,0.47321541343599083,strong
13,late_phase_auc,1.798762122169137,1.8329280224591185,1.8314550740178674,0.17051255019879788,1.7255120670160977,1.948447068571113,1.5848460761015304,2.097329626861028,0.22293500155501533,0.5124835507594978,1.0,1.0,0.034165900289981455,0.032692951848730445,0.032692951848730445,0.0010688291005834074,0.30425062524912716,0.15368390653517353,1.9797168884400627,0.4130429568877796,0.15368390653517353,25,0.47321541343599083,strong
13,time_to_half_peak_after_peak,10.0,10.16,10.0,1.9160143817599884,9.0,11.0,7.0,13.0,2.0,6.0,1.0,1.0,0.16000000000000014,0.0,0.0,0.0,0.30425062524912716,0.15368390653517353,1.9797168884400627,0.4130429568877796,0.15368390653517353,25,0.47321541343599083,strong
13,late_to_early_mean_ratio,0.534332703164389,0.5735386161080036,0.571469690607701,0.0633453393829008,0.5261303917980348,0.6131934931760946,0.4881079113558187,0.6873409869459034,0.08706310137805984,0.19923307559008469,1.0,1.0,0.03920591294361464,0.037136987443312064,0.037136987443312064,0.001379155836364718,0.30425062524912716,0.15368390653517353,1.9797168884400627,0.4130429568877796,0.15368390653517353,25,0.47321541343599083,strong
14,peak_time,10.0,10.79,11.0,0.9670845491747477,10.0,11.25,9.0,12.0,1.25,3.0,1.0,1.0,0.7899999999999991,1.0,1.0,1.0,0.47248158664963014,0.184024715982677,2.5674898294319703,0.7246202710627209,0.184024715982677,18,0.4563128991441727,strong
14,peak_height,0.418091356754303,0.3945724928379059,0.3927345871925354,0.022677409862165654,0.37838929146528244,0.4094196930527687,0.3567978605628014,0.4338706314563751,0.031030401587486267,0.07707277089357373,0.0,1.0,-0.02351886391639707,-0.025356769561767578,0.025356769561767578,0.0006429657626085827,0.47248158664963014,0.184024715982677,2.5674898294319703,0.7246202710627209,0.184024715982677,18,0.4563128991441727,strong
14,cumulative_infected,5.214662091690116,5.069146555135854,5.071213911112864,0.23728960053559667,4.8731026515743,5.220375895936741,4.734979885793291,5.448330206298851,0.3472732443624409,0.71335032050556,1.0,1.0,-0.14551553655426197,-0.14344818057725206,0.14344818057725206,0.020577380510923914,0.47248158664963014,0.184024715982677,2.5674898294319703,0.7246202710627209,0.184024715982677,18,0.4563128991441727,strong
14,early_growth_slope,0.036795217765583865,0.031382870652416295,0.03152848777937747,0.004448825340333736,0.028283325105717044,0.03469351964581402,0.02402555550271201,0.03803757692886781,0.006410194540096975,0.014012021426155801,0.0,1.0,-0.0054123471131675704,-0.005266729986206392,0.005266729986206392,2.7738444747605583e-05,0.47248158664963014,0.184024715982677,2.5674898294319703,0.7246202710627209,0.184024715982677,18,0.4563128991441727,strong
14,post_peak_decline_slope,-0.02919061010082566,-0.03004320452859006,-0.030083820844690037,0.0037419355907266274,-0.03274788707494736,-0.028272196215887904,-0.03558824982494119,-0.024332153486708828,0.004475690859059453,0.011256096338232359,1.0,1.0,-0.000852594427764402,-0.0008932107438643783,0.0008932107438643783,7.97825432954756e-07,0.47248158664963014,0.184024715982677,2.5674898294319703,0.7246202710627209,0.184024715982677,18,0.4563128991441727,strong
14,late_phase_auc,0.3113402350572869,0.41588132581372067,0.4046933027857449,0.07585024648331663,0.36339957467862405,0.46343541248643305,0.2904056843575745,0.5415496802208508,0.100035837807809,0.2511439958632763,0.0,1.0,0.10454109075643375,0.09335306772845797,0.09335306772845797,0.008714795254314062,0.47248158664963014,0.184024715982677,2.5674898294319703,0.7246202710627209,0.184024715982677,18,0.4563128991441727,strong
14,time_to_half_peak_after_peak,8.0,6.93,7.0,1.1828317332109874,6.0,8.0,5.0,9.0,2.0,4.0,1.0,1.0,-1.0700000000000003,-1.0,1.0,1.0,0.47248158664963014,0.184024715982677,2.5674898294319703,0.7246202710627209,0.184024715982677,18,0.4563128991441727,strong
14,late_to_early_mean_ratio,0.0695709324182093,0.09596400401265452,0.09523400562448336,0.016726321926159787,0.08431799584977627,0.10791537500458076,0.07105959570155396,0.12318343270924634,0.02359737915480449,0.05212383700769238,0.0,0.0,0.02639307159444522,0.025663073206274062,0.025663073206274062,0.0006585933263905816,0.47248158664963014,0.184024715982677,2.5674898294319703,0.7246202710627209,0.184024715982677,18,0.4563128991441727,strong
15,peak_time,8.0,8.69,9.0,0.837203135988567,8.0,9.0,8.0,10.0,1.0,2.0,1.0,1.0,0.6899999999999995,1.0,1.0,1.0,0.6654779299514977,0.19389193396296361,3.4322104914308316,0.9051074483412495,0.19389193396296361,22,0.5272275628140886,strong
15,peak_height,0.46737879514694214,0.4544171404838562,0.4535134732723236,0.026998238073775424,0.43773771077394485,0.4713398143649101,0.4146659314632416,0.50170097053051,0.03360210359096527,0.0870350390672684,1.0,1.0,-0.012961654663085964,-0.01386532187461853,0.01386532187461853,0.00019224715068677511,0.6654779299514977,0.19389193396296361,3.4322104914308316,0.9051074483412495,0.19389193396296361,22,0.5272275628140886,strong
15,cumulative_infected,5.153886086773127,5.111919144756757,5.10291181266075,0.2806555731812246,4.901582930175209,5.285933147824835,4.694152607627257,5.567578623711597,0.38435021764962585,0.8734260160843403,1.0,1.0,-0.04196694201637019,-0.050974274112377316,0.050974274112377316,0.0025983766212837804,0.6654779299514977,0.19389193396296361,3.4322104914308316,0.9051074483412495,0.19389193396296361,22,0.5272275628140886,strong
15,early_growth_slope,0.060735639145908245,0.05622850362494881,0.05801015768970716,0.008388299484159124,0.051980375764071045,0.06082245938402289,0.04038581759003655,0.06712896985534045,0.008842083619951847,0.026743152265303896,1.0,1.0,-0.004507135520959438,-0.0027254814562010857,0.0027254814562010857,7.428249168095991e-06,0.6654779299514977,0.19389193396296361,3.4322104914308316,0.9051074483412495,0.19389193396296361,22,0.5272275628140886,strong
15,post_peak_decline_slope,-0.040138999372720724,-0.038798341768483346,-0.03928665195902189,0.004282023585870883,-0.0413511294871569,-0.03590132178117836,-0.046062073384722124,-0.031579466971258324,0.0054498077059785405,0.0144826064134638,1.0,1.0,0.0013406576042373775,0.0008523474136988354,0.0008523474136988354,7.264961136390937e-07,0.6654779299514977,0.19389193396296361,3.4322104914308316,0.9051074483412495,0.19389193396296361,22,0.5272275628140886,strong
15,late_phase_auc,0.33272969350218773,0.31870225614438824,0.3068116420181468,0.0704708484025939,0.2763649671105668,0.34605262230616063,0.21939010084606708,0.43923090444295665,0.06968765519559383,0.21984080359688957,1.0,1.0,-0.014027437357799488,-0.025918051484040916,0.025918051484040916,0.0006717453927293955,0.6654779299514977,0.19389193396296361,3.4322104914308316,0.9051074483412495,0.19389193396296361,22,0.5272275628140886,strong
15,time_to_half_peak_after_peak,6.0,6.26,6.0,0.9808262853432314,6.0,7.0,5.0,8.0,1.0,3.0,1.0,1.0,0.2599999999999998,0.0,0.0,0.0,0.6654779299514977,0.19389193396296361,3.4322104914308316,0.9051074483412495,0.19389193396296361,22,0.5272275628140886,strong
15,late_to_early_mean_ratio,0.0754782387557768,0.0707471486077317,0.0694089658121782,0.015285574487215478,0.06165944968834764,0.07659812779403079,0.049825584139298586,0.10038972143570334,0.014938678105683147,0.05056413729640475,1.0,1.0,-0.004731090148045111,-0.006069272943598603,0.006069272943598603,3.6836074063898045e-05,0.6654779299514977,0.19389193396296361,3.4322104914308316,0.9051074483412495,0.19389193396296361,22,0.5272275628140886,strong
16,peak_time,10.0,12.09,12.0,1.9441442769755974,10.75,13.0,9.95,15.049999999999997,2.25,5.099999999999998,0.0,1.0,2.09,2.0,2.0,4.0,0.5783125763567015,0.42179631479061813,1.371070718443282,0.740246937946567,0.42179631479061813,27,0.52444082805116,strong
16,peak_height,0.15583555400371552,0.14440329037606717,0.14409998059272766,0.016660246530969588,0.1332405060529709,0.1524902768433094,0.11743368804454804,0.1681506983935833,0.019249770790338516,0.05071701034903525,0.0,1.0,-0.011432263627648348,-0.011735573410987854,0.011735573410987854,0.0001377236832846851,0.5783125763567015,0.42179631479061813,1.371070718443282,0.740246937946567,0.42179631479061813,27,0.52444082805116,strong
16,cumulative_infected,1.98586178603,1.9172023222845995,1.9072303204447962,0.1753353204110392,1.8122076015279163,2.0209446992475932,1.6344229532944154,2.239933503854115,0.20873709771967697,0.6055105505596996,1.0,1.0,-0.06865946374540055,-0.07863146558520384,0.07863146558520384,0.006182907380077096,0.5783125763567015,0.42179631479061813,1.371070718443282,0.740246937946567,0.42179631479061813,27,0.52444082805116,strong
16,early_growth_slope,0.0021356747130907715,0.00933710646678413,0.00932329946884974,0.0031388240569305533,0.0075806215574543544,0.011508383207477714,0.00455274000470083,0.013882112705392672,0.00392776165002336,0.009329372700691842,0.0,0.0,0.007201431753693359,0.007187624755758969,0.007187624755758969,5.1661949629599185e-05,0.5783125763567015,0.42179631479061813,1.371070718443282,0.740246937946567,0.42179631479061813,27,0.52444082805116,strong
16,post_peak_decline_slope,-0.010595537597934412,-0.010475859382422646,-0.010805219815423095,0.003485989444921253,-0.012489576319543033,-0.00878110853179048,-0.015030916584267577,-0.004667776885132002,0.0037084677877525524,0.010363139699135576,1.0,1.0,0.00011967821551176622,-0.00020968221748868254,0.00020968221748868254,4.396663233097117e-08,0.5783125763567015,0.42179631479061813,1.371070718443282,0.740246937946567,0.42179631479061813,27,0.52444082805116,strong
16,late_phase_auc,0.26735707963234745,0.24028796972956115,0.22778910843771882,0.06508377479501164,0.19631052073964383,0.2763218528057223,0.14618901846115478,0.36021390643727497,0.08001133206607847,0.21402488797612018,1.0,1.0,-0.027069109902786298,-0.039567971194628626,0.039567971194628626,0.0015656243444589608,0.5783125763567015,0.42179631479061813,1.371070718443282,0.740246937946567,0.42179631479061813,27,0.52444082805116,strong
16,time_to_half_peak_after_peak,4.0,5.49,5.0,1.9974478666032762,4.0,7.0,2.95,9.0,3.0,6.05,1.0,1.0,1.4900000000000002,1.0,1.0,1.0,0.5783125763567015,0.42179631479061813,1.371070718443282,0.740246937946567,0.42179631479061813,27,0.52444082805116,strong
16,late_to_early_mean_ratio,0.1635741980676944,0.1530379657683159,0.14817016873088357,0.04473586007416794,0.12144324393982608,0.1756330203279414,0.09387162315738126,0.22335433166192484,0.05418977638811531,0.12948270850454358,1.0,1.0,-0.0105362322993785,-0.015404029336810843,0.015404029336810843,0.00023728411980932908,0.5783125763567015,0.42179631479061813,1.371070718443282,0.740246937946567,0.42179631479061813,27,0.52444082805116,strong
17,peak_time,21.0,20.21,19.0,14.675131854586347,6.0,34.25,0.0,44.05,28.25,44.05,1.0,1.0,-0.7899999999999991,-2.0,2.0,4.0,0.21249644560540915,0.40585461416976637,0.5235777497321326,0.3123512109611524,0.40585461416976637,22,0.42912953516746366,strong
17,peak_height,0.0333888866007328,0.04692814791575074,0.0463156346231699,0.009585160834676382,0.03989937994629145,0.052523315884172916,0.03510105945169926,0.06289585568010807,0.01262393593788147,0.02779479622840881,0.0,0.0,0.01353926131501794,0.012926748022437096,0.012926748022437096,0.00016710081443558136,0.21249644560540915,0.40585461416976637,0.5235777497321326,0.3123512109611524,0.40585461416976637,22,0.42912953516746366,strong
17,cumulative_infected,0.3401041639444884,0.4721688140915285,0.4441403376404196,0.13768666243820074,0.378613319597207,0.5450438338211825,0.3007691545644775,0.7476132794687145,0.16643051422397548,0.446844124904237,0.0,1.0,0.1320646501470401,0.10403617369593121,0.10403617369593121,0.010823525437289969,0.21249644560540915,0.40585461416976637,0.5235777497321326,0.3123512109611524,0.40585461416976637,22,0.42912953516746366,strong
17,early_growth_slope,-0.003304434924627586,-0.0007413750518433162,-0.0007813360841412611,0.0021361634545564575,-0.002022172856543744,0.0004611031365043133,-0.004046141223738056,0.0029177726164648656,0.002483275993048057,0.0069639138402029215,0.0,1.0,0.0025630598727842697,0.002523098840486325,0.002523098840486325,6.366027758863438e-06,0.21249644560540915,0.40585461416976637,0.5235777497321326,0.3123512109611524,0.40585461416976637,22,0.42912953516746366,strong
17,post_peak_decline_slope,-0.00240809429281702,-0.0034568681064705577,-0.002626081105942533,0.00565677661630816,-0.0035637871532041305,-0.0018166063629905672,-0.006350590441240149,-0.0006771088174233907,0.0017471807902135633,0.005673481623816758,1.0,1.0,-0.0010487738136535376,-0.00021798681312551298,0.00021798681312551298,4.7518250696617316e-08,0.21249644560540915,0.40585461416976637,0.5235777497321326,0.3123512109611524,0.40585461416976637,22,0.42912953516746366,strong
17,late_phase_auc,0.1470558198634535,0.2157224198483891,0.20939294947311282,0.07633892082825408,0.16474095232842956,0.25997966356226243,0.10972206533188,0.3568667174749862,0.09523871123383287,0.2471446521431062,0.0,1.0,0.0686665999849356,0.062337129609659314,0.062337129609659314,0.003885917727971464,0.21249644560540915,0.40585461416976637,0.5235777497321326,0.3123512109611524,0.40585461416976637,22,0.42912953516746366,strong
17,time_to_half_peak_after_peak,1.0,1.13,1.0,0.3379976689896311,1.0,1.0,1.0,2.0,0.0,1.0,1.0,1.0,0.1299999999999999,0.0,0.0,0.0,0.21249644560540915,0.40585461416976637,0.5235777497321326,0.3123512109611524,0.40585461416976637,22,0.42912953516746366,strong
17,late_to_early_mean_ratio,0.7120005755580793,0.9458313630609106,0.8579606227478245,0.4410953179510233,0.6663221698238899,1.090703796140033,0.4548257192761114,1.8491385665298987,0.42438162631614307,1.3943128472537873,1.0,1.0,0.23383078750283137,0.1459600471897452,0.1459600471897452,0.021304335375632647,0.21249644560540915,0.40585461416976637,0.5235777497321326,0.3123512109611524,0.40585461416976637,22,0.42912953516746366,strong
18,peak_time,20.0,18.53,18.0,2.7097094406089473,16.75,20.0,15.0,24.0,3.25,9.0,1.0,1.0,-1.4699999999999989,-2.0,2.0,4.0,0.29354286819891223,0.2478963552731846,1.1841354741800243,0.43795130167305996,0.2478963552731846,26,0.3130494145768453,strong
18,peak_height,0.12699413299560547,0.13651255540549756,0.13470622152090073,0.015224066145481632,0.125346090644598,0.14639166370034218,0.11605476066470147,0.1663095660507679,0.02104557305574417,0.05025480538606644,1.0,1.0,0.009518422409892091,0.007712088525295258,0.007712088525295258,5.947630942199078e-05,0.29354286819891223,0.2478963552731846,1.1841354741800243,0.43795130167305996,0.2478963552731846,26,0.3130494145768453,strong
18,cumulative_infected,2.4760636990249623,2.480163819025456,2.47212041990133,0.22844069897182087,2.3230889640399255,2.6244924723141594,2.1048555253015366,2.920388319273479,0.3014035082742339,0.8155327939719426,1.0,1.0,0.004100120000493757,-0.003943279123632237,0.003943279123632237,1.5549450246873825e-05,0.29354286819891223,0.2478963552731846,1.1841354741800243,0.43795130167305996,0.2478963552731846,26,0.3130494145768453,strong
18,early_growth_slope,0.0027367009426511463,0.0036540287628728644,0.003527405727211208,0.0027071319557850962,0.002033142184483864,0.0052985094773161795,-0.00037389217343713425,0.008695963888783895,0.0032653672928323156,0.009069856062221028,1.0,1.0,0.0009173278202217181,0.0007907047845600616,0.0007907047845600616,6.252140563261735e-07,0.29354286819891223,0.2478963552731846,1.1841354741800243,0.43795130167305996,0.2478963552731846,26,0.3130494145768453,strong
18,post_peak_decline_slope,-0.007179863875110941,-0.006218512255698443,-0.006150152472158274,0.0030159337732019965,-0.00846386030316353,-0.004475349684556323,-0.011086963020885987,-0.0015891127598782323,0.003988510618607206,0.009497850261007756,1.0,1.0,0.0009613516194124979,0.0010297114029526669,0.0010297114029526669,1.0603055733707495e-06,0.29354286819891223,0.2478963552731846,1.1841354741800243,0.43795130167305996,0.2478963552731846,26,0.3130494145768453,strong
18,late_phase_auc,0.7188426559150685,0.7212051000570319,0.7248663898790255,0.1209208618625354,0.6405426892451942,0.7935313199996017,0.5216524043276877,0.9128791426573115,0.1529886307544075,0.39122673832962385,1.0,1.0,0.0023624441419634046,0.006023733963957056,0.006023733963957056,3.628537086852979e-05,0.29354286819891223,0.2478963552731846,1.1841354741800243,0.43795130167305996,0.2478963552731846,26,0.3130494145768453,strong
18,time_to_half_peak_after_peak,8.0,6.49,6.0,3.289085101982132,4.0,9.0,1.0,12.0,5.0,11.0,1.0,1.0,-1.5099999999999998,-2.0,2.0,4.0,0.29354286819891223,0.2478963552731846,1.1841354741800243,0.43795130167305996,0.2478963552731846,26,0.3130494145768453,strong
18,late_to_early_mean_ratio,0.45740222785218154,0.44834572960323177,0.4492759228809955,0.07667568770443235,0.39619293568857156,0.48909543116488374,0.3200163393610041,0.5785751455695137,0.09290249547631219,0.25855880620850963,1.0,1.0,-0.009056498248949774,-0.008126304971186049,0.008126304971186049,6.60368324847231e-05,0.29354286819891223,0.2478963552731846,1.1841354741800243,0.43795130167305996,0.2478963552731846,26,0.3130494145768453,strong
19,peak_time,11.0,10.94,11.0,0.8969082698049142,10.0,12.0,10.0,12.0,2.0,2.0,1.0,1.0,-0.0600000000000005,0.0,0.0,0.0,0.5097054259401799,0.1610967732962836,3.1639704229379397,0.7313359580150246,0.1610967732962836,19,0.5112115079218169,strong
19,peak_height,0.46390336751937866,0.4393000474572182,0.43806323409080505,0.02018939539456222,0.42846181243658066,0.45067600905895233,0.405927574634552,0.46893914639949796,0.022214196622371674,0.06301157176494598,0.0,1.0,-0.024603320062160483,-0.02584013342857361,0.02584013342857361,0.0006677124956064873,0.5097054259401799,0.1610967732962836,3.1639704229379397,0.7313359580150246,0.1610967732962836,19,0.5112115079218169,strong
19,cumulative_infected,6.080932202050462,5.8774777590251235,5.86994878295809,0.25991415208441115,5.758662664848089,6.070494680432603,5.373280725517543,6.284012498735683,0.311832015584514,0.9107317732181395,0.0,1.0,-0.20345444302533888,-0.21098341909237206,0.21098341909237206,0.04451400313190751,0.5097054259401799,0.1610967732962836,3.1639704229379397,0.7313359580150246,0.1610967732962836,19,0.5112115079218169,strong
19,early_growth_slope,0.03885988979822113,0.03496658806740361,0.03529065418739004,0.004627193590968061,0.03126280876763519,0.03805068679641754,0.027515145352420695,0.04248782036038824,0.006787878028782356,0.014972675007967548,0.0,1.0,-0.0038933017308175194,-0.003569235610831091,0.003569235610831091,1.273944284562479e-05,0.5097054259401799,0.1610967732962836,3.1639704229379397,0.7313359580150246,0.1610967732962836,19,0.5112115079218169,strong
19,post_peak_decline_slope,-0.03190120632449786,-0.03194163867334527,-0.03261957143743835,0.0038924662869046396,-0.03419866481175027,-0.03006052200992902,-0.03717859270672006,-0.024994484881560024,0.004138142801821249,0.012184107825160037,1.0,1.0,-4.043234884740926e-05,-0.0007183651129404889,0.0007183651129404889,5.160484354900013e-07,0.5097054259401799,0.1610967732962836,3.1639704229379397,0.7313359580150246,0.1610967732962836,19,0.5112115079218169,strong
19,late_phase_auc,0.5579464642796665,0.5430305777560624,0.5301278441911563,0.09982991929973424,0.4746620171208633,0.6233427965926239,0.3886472698999569,0.7138011058152187,0.14868077947176062,0.3251538359152618,1.0,1.0,-0.014915886523604094,-0.027818620088510215,0.027818620088510215,0.0007738756236288641,0.5097054259401799,0.1610967732962836,3.1639704229379397,0.7313359580150246,0.1610967732962836,19,0.5112115079218169,strong
19,time_to_half_peak_after_peak,6.0,7.23,7.0,1.0035794523463089,7.0,8.0,6.0,9.0,1.0,3.0,0.0,1.0,1.2300000000000004,1.0,1.0,1.0,0.5097054259401799,0.1610967732962836,3.1639704229379397,0.7313359580150246,0.1610967732962836,19,0.5112115079218169,strong
19,late_to_early_mean_ratio,0.1086623536280317,0.1104058531975482,0.1095636972078223,0.018736540623232857,0.09640697921080578,0.12305429043426938,0.08368170312581304,0.13961425433851019,0.0266473112234636,0.05593255121269715,1.0,1.0,0.001743499569516499,0.0009013435797906033,0.0009013435797906033,8.124202488297397e-07,0.5097054259401799,0.1610967732962836,3.1639704229379397,0.7313359580150246,0.1610967732962836,19,0.5112115079218169,strong
20,peak_time,18.0,17.26,17.0,1.4949071793082922,16.0,18.0,15.0,20.0,2.0,5.0,1.0,1.0,-0.7399999999999984,-1.0,1.0,1.0,0.3391604669289579,0.10967194134528829,3.092499893488289,0.4449378633814678,0.10967194134528829,22,0.5754728390265875,strong
20,peak_height,0.4374837875366211,0.4195437467098236,0.4181164801120758,0.02061679810078496,0.404197134077549,0.4312069043517113,0.3836523279547691,0.45907974541187285,0.027009770274162292,0.07542741745710374,0.0,1.0,-0.01794004082679751,-0.019367307424545288,0.019367307424545288,0.00037509259687684704,0.3391604669289579,0.10967194134528829,3.092499893488289,0.4449378633814678,0.10967194134528829,22,0.5754728390265875,strong
20,cumulative_infected,8.507547474466264,8.39795173974633,8.386455511732493,0.3537649354624451,8.167750545064337,8.59794948704075,7.843187775166006,9.002673734351992,0.43019894197641406,1.1594859591859858,1.0,1.0,-0.10959573471993345,-0.12109196273377165,0.12109196273377165,0.014663263438717142,0.3391604669289579,0.10967194134528829,3.092499893488289,0.4449378633814678,0.10967194134528829,22,0.5754728390265875,strong
20,early_growth_slope,0.011493449420889925,0.010618769381395134,0.010520733493779385,0.002909668894887115,0.008559712637049544,0.012888487228164667,0.006322106897520523,0.015111293007309236,0.004328774591115123,0.008789186109788714,1.0,1.0,-0.0008746800394947903,-0.0009727159271105401,0.0009727159271105401,9.461762748545176e-07,0.3391604669289579,0.10967194134528829,3.092499893488289,0.4449378633814678,0.10967194134528829,22,0.5754728390265875,strong
20,post_peak_decline_slope,-0.022876777748266863,-0.01750831691424052,-0.017748266458511353,0.004430347470150764,-0.020718566204110785,-0.015163506815830858,-0.024217123712102533,-0.010513717904686906,0.005555059388279927,0.013703405807415628,0.0,1.0,0.005368460834026343,0.00512851128975551,0.00512851128975551,2.6301628049149726e-05,0.3391604669289579,0.10967194134528829,3.092499893488289,0.4449378633814678,0.10967194134528829,22,0.5754728390265875,strong
20,late_phase_auc,2.539934415370226,2.6566250334893993,2.670921337325126,0.22770019995434793,2.522943304531509,2.7915541268885136,2.2900785809149964,3.0513310845475643,0.2686108223570045,0.7612525036325679,1.0,1.0,0.11669061811917336,0.13098692195490003,0.13098692195490003,0.01715757372321907,0.3391604669289579,0.10967194134528829,3.092499893488289,0.4449378633814678,0.10967194134528829,22,0.5754728390265875,strong
20,time_to_half_peak_after_peak,8.0,11.28,11.0,1.6022711154086025,10.0,12.0,9.0,14.0,2.0,5.0,0.0,0.0,3.2799999999999994,3.0,3.0,9.0,0.3391604669289579,0.10967194134528829,3.092499893488289,0.4449378633814678,0.10967194134528829,22,0.5754728390265875,strong
20,late_to_early_mean_ratio,0.463715221425444,0.5010896195152046,0.497879863966889,0.04654786040045211,0.4716282305181896,0.526581937033435,0.43096124736189273,0.5776935394659941,0.05495370651524545,0.14673229210410138,0.0,1.0,0.03737439808976056,0.03416464254144497,0.03416464254144497,0.0011672227999847112,0.3391604669289579,0.10967194134528829,3.092499893488289,0.4449378633814678,0.10967194134528829,22,0.5754728390265875,strong
21,peak_time,14.0,16.62,15.0,7.833855559639387,13.0,19.0,4.95,30.299999999999983,6.0,25.349999999999984,1.0,1.0,2.620000000000001,1.0,1.0,1.0,0.20767270722593578,0.2100296851457668,0.9887778819541856,0.3519870896761951,0.2100296851457668,15,0.41428703055550375,strong
21,peak_height,0.08315436542034149,0.08532687060534955,0.0852096825838089,0.0204031018747685,0.07135878503322601,0.0979909859597683,0.05088227428495884,0.11988244466483593,0.026632200926542282,0.06900017037987709,1.0,1.0,0.0021725051850080557,0.0020553171634674072,0.0020553171634674072,4.224328642443709e-06,0.20767270722593578,0.2100296851457668,0.9887778819541856,0.3519870896761951,0.2100296851457668,15,0.41428703055550375,strong
21,cumulative_infected,1.1396289686090313,1.2910328228551953,1.3286196370900143,0.3050017721089434,1.0676565815301728,1.5153763369303306,0.7405995134497062,1.687659420154523,0.44771975540015774,0.9470599067048168,1.0,1.0,0.15140385424616398,0.188990668480983,0.188990668480983,0.03571747277288882,0.20767270722593578,0.2100296851457668,0.9887778819541856,0.3519870896761951,0.2100296851457668,15,0.41428703055550375,strong
21,early_growth_slope,0.0028607442398511226,0.002368854965551734,0.0025241307947518566,0.002976366228294175,0.000469440419692547,0.003924224187531289,-0.002207658631648099,0.007400970407650761,0.0034547837678387417,0.00960862903929886,1.0,1.0,-0.0004918892742993885,-0.00033661344509926597,0.00033661344509926597,1.1330861142159655e-07,0.20767270722593578,0.2100296851457668,0.9887778819541856,0.3519870896761951,0.2100296851457668,15,0.41428703055550375,strong
21,post_peak_decline_slope,-0.004865657600263751,-0.00446546887215317,-0.004270385337683058,0.0024838805642935727,-0.006033496605232357,-0.002527244098018858,-0.00839736389772346,-0.0007328505876163711,0.0035062525072134987,0.007664513310107089,1.0,1.0,0.0004001887281105806,0.0005952722625806924,0.0005952722625806924,3.543490665979368e-07,0.20767270722593578,0.2100296851457668,0.9887778819541856,0.3519870896761951,0.2100296851457668,15,0.41428703055550375,strong
21,late_phase_auc,0.2293705115444027,0.3631612213254266,0.3418764852103777,0.11876330969827778,0.29020107281394303,0.439474435755983,0.21098011147405488,0.5591665866784751,0.14927336294203997,0.3481864752044202,0.0,1.0,0.13379070978102392,0.11250597366597503,0.11250597366597503,0.012657594110529068,0.20767270722593578,0.2100296851457668,0.9887778819541856,0.3519870896761951,0.2100296851457668,15,0.41428703055550375,strong
21,time_to_half_peak_after_peak,6.0,2.47,2.0,1.9251393757755868,1.0,3.0,1.0,7.0,2.0,6.0,0.0,1.0,-3.53,-4.0,4.0,16.0,0.20767270722593578,0.2100296851457668,0.9887778819541856,0.3519870896761951,0.2100296851457668,15,0.41428703055550375,strong
21,late_to_early_mean_ratio,0.2782808546735735,0.47127107981540073,0.42291055131687105,0.24491929213390848,0.2884159882160158,0.6031262780044627,0.20646176543248235,0.8299860295477599,0.31471028978844695,0.6235242641152776,0.0,1.0,0.19299022514182723,0.14462969664329756,0.14462969664329756,0.020917749151132276,0.20767270722593578,0.2100296851457668,0.9887778819541856,0.3519870896761951,0.2100296851457668,15,0.41428703055550375,strong
22,peak_time,32.0,20.91,19.0,14.333047918229486,9.0,32.0,1.9500000000000002,46.05,23.0,44.099999999999994,1.0,1.0,-11.09,-13.0,13.0,169.0,0.08205888181179134,0.37430596003658884,0.21922942879074112,0.12342430858238262,0.37430596003658884,16,0.5071350963562549,strong
22,peak_height,0.04950438439846039,0.0507587125338614,0.048924196511507034,0.011772297636296345,0.04248844739049673,0.05590597726404667,0.03631404992192984,0.07535351924598216,0.013417529873549938,0.03903946932405232,1.0,1.0,0.0012543281354010088,-0.0005801878869533539,0.0005801878869533539,3.3661798416739774e-07,0.08205888181179134,0.37430596003658884,0.21922942879074112,0.12342430858238262,0.37430596003658884,16,0.5071350963562549,strong
22,cumulative_infected,0.4608771961648017,0.540318644998406,0.4899914574925788,0.23384114001825293,0.40762484016886447,0.5978364633629099,0.33295339538162805,1.0500623469488346,0.1902116231940454,0.7171089515672066,1.0,1.0,0.07944144883360427,0.029114261327777058,0.029114261327777058,0.0008476402126620947,0.08205888181179134,0.37430596003658884,0.21922942879074112,0.12342430858238262,0.37430596003658884,16,0.5071350963562549,strong
22,early_growth_slope,0.0026324426289647818,6.20539816886132e-05,-8.924383880747855e-05,0.0019497196001093927,-0.0012810112474696872,0.0015016274160838548,-0.003071785329042799,0.0030881361697711746,0.002782638663553542,0.006159921498813973,0.0,1.0,-0.0025703886472761687,-0.0027216864677722602,0.0027216864677722602,7.407577228854643e-06,0.08205888181179134,0.37430596003658884,0.21922942879074112,0.12342430858238262,0.37430596003658884,16,0.5071350963562549,strong
22,post_peak_decline_slope,-0.0024143015344937563,-0.0034657803387017332,-0.0030240281892474708,0.0030318281221211377,-0.004049512483955674,-0.0020175828404414217,-0.007859321458381604,-0.00071584556795037,0.0020319296435142523,0.007143475890431234,1.0,1.0,-0.001051478804207977,-0.0006097266547537145,0.0006097266547537145,3.717665935171553e-07,0.08205888181179134,0.37430596003658884,0.21922942879074112,0.12342430858238262,0.37430596003658884,16,0.5071350963562549,strong
22,late_phase_auc,0.2416814665775746,0.2543026839625236,0.22198442932131002,0.15243540215796075,0.17142780422000214,0.2762658264109632,0.1142889894079417,0.5224065896181854,0.10483802219096106,0.40811760021024374,1.0,1.0,0.01262121738494898,-0.019697037256264593,0.019697037256264593,0.0003879732766746754,0.08205888181179134,0.37430596003658884,0.21922942879074112,0.12342430858238262,0.37430596003658884,16,0.5071350963562549,strong
22,time_to_half_peak_after_peak,1.0,1.14,1.0,0.4025173313289778,1.0,1.0,1.0,2.0,0.0,1.0,1.0,1.0,0.1399999999999999,0.0,0.0,0.0,0.08205888181179134,0.37430596003658884,0.21922942879074112,0.12342430858238262,0.37430596003658884,16,0.5071350963562549,strong
22,late_to_early_mean_ratio,1.3244547875210086,0.9548413949766805,0.8380321944484062,0.45323800611926973,0.6780359518500803,1.1290055175429718,0.47078298899890475,1.6597980322789623,0.4509695656928916,1.1890150432800575,0.0,1.0,-0.3696133925443281,-0.4864225930726025,0.4864225930726025,0.23660693905147465,0.08205888181179134,0.37430596003658884,0.21922942879074112,0.12342430858238262,0.37430596003658884,16,0.5071350963562549,strong
23,peak_time,16.0,13.89,14.0,2.107681957109097,12.0,15.0,11.0,17.0,3.0,6.0,0.0,1.0,-2.1099999999999994,-2.0,2.0,4.0,0.3722101798215479,0.2986049005386757,1.2464972247611814,0.508324410180716,0.2986049005386757,21,0.5383268975173252,strong
23,peak_height,0.11564908921718597,0.13122176259756088,0.12968094646930695,0.014356299937693138,0.12014279328286648,0.14114975184202194,0.1116763636469841,0.1526816487312317,0.021006958559155464,0.041005285084247584,0.0,1.0,0.015572673380374907,0.014031857252120972,0.014031857252120972,0.0001968930179438999,0.3722101798215479,0.2986049005386757,1.2464972247611814,0.508324410180716,0.2986049005386757,21,0.5383268975173252,strong
23,cumulative_infected,1.9920545405475423,1.968900182338266,1.9683907851285767,0.19988972708173025,1.8271298501640558,2.101094321345954,1.6412497335171792,2.2807016531471165,0.27396447118189826,0.6394519196299373,1.0,1.0,-0.02315435820927636,-0.023663755418965593,0.023663755418965593,0.0005599733205286235,0.3722101798215479,0.2986049005386757,1.2464972247611814,0.508324410180716,0.2986049005386757,21,0.5383268975173252,strong
23,early_growth_slope,0.0014508428894692946,0.005354562768452091,0.005505316763273661,0.0026699183169827698,0.0037700617601894044,0.006776852710616019,0.000523394310273166,0.010166549357208643,0.0030067909504266147,0.009643155046935477,0.0,1.0,0.0039037198789827966,0.004054473873804367,0.004054473873804367,1.643875839336219e-05,0.3722101798215479,0.2986049005386757,1.2464972247611814,0.508324410180716,0.2986049005386757,21,0.5383268975173252,strong
23,post_peak_decline_slope,-0.005122901995976754,-0.007567580021529771,-0.007942551001906394,0.0029915675531671073,-0.009570070961490271,-0.005153623378525184,-0.011425503360417968,-0.0026513011070589264,0.004416447582965087,0.008774202253359042,0.0,1.0,-0.0024446780255530168,-0.00281964900592964,0.00281964900592964,7.950420516640007e-06,0.3722101798215479,0.2986049005386757,1.2464972247611814,0.508324410180716,0.2986049005386757,21,0.5383268975173252,strong
23,late_phase_auc,0.2818669535918161,0.331457369716818,0.3342549003427848,0.08384333666430972,0.26464264828609885,0.38800362101756036,0.205008431681199,0.4632393275940557,0.12336097273146152,0.25823089591285675,1.0,1.0,0.04959041612500187,0.052387946750968695,0.052387946750968695,0.002744496964782331,0.3722101798215479,0.2986049005386757,1.2464972247611814,0.508324410180716,0.2986049005386757,21,0.5383268975173252,strong
23,time_to_half_peak_after_peak,7.0,6.08,6.0,2.6234374858997955,4.0,8.0,2.0,11.0,4.0,9.0,1.0,1.0,-0.9199999999999999,-1.0,1.0,1.0,0.3722101798215479,0.2986049005386757,1.2464972247611814,0.508324410180716,0.2986049005386757,21,0.5383268975173252,strong
23,late_to_early_mean_ratio,0.17220080073323896,0.21743783833977154,0.21851869495195014,0.052761512740128656,0.18102020255954984,0.25659610492577445,0.1321867977800727,0.2912207367921059,0.0755759023662246,0.15903393901203322,0.0,1.0,0.04523703760653258,0.046317894218711186,0.046317894218711186,0.0021453473248557193,0.3722101798215479,0.2986049005386757,1.2464972247611814,0.508324410180716,0.2986049005386757,21,0.5383268975173252,strong
24,peak_time,3.0,20.15,19.0,15.570222162249907,4.75,34.25,0.0,45.05,29.5,45.05,0.0,1.0,17.15,16.0,16.0,256.0,0.16958779186384998,0.2545962562740742,0.6661048137380616,0.24183304297356684,0.2545962562740742,18,0.5332184408262559,strong
24,peak_height,0.05379835143685341,0.050689030792564156,0.05036206543445587,0.011902943684580556,0.04153516050428152,0.058289606124162674,0.033408095873892305,0.06954760998487472,0.016754445619881153,0.036139514110982415,1.0,1.0,-0.0031093206442892526,-0.0034362860023975372,0.0034362860023975372,1.1808061490273247e-05,0.16958779186384998,0.2545962562740742,0.6661048137380616,0.24183304297356684,0.2545962562740742,18,0.5332184408262559,strong
24,cumulative_infected,0.5500119063653983,0.5495152966298883,0.5130473635763337,0.20729062879781543,0.39892913354015036,0.6052524672995787,0.3278413651685696,1.0529677720856854,0.20632333375942835,0.7251264069171157,1.0,1.0,-0.000496609735510023,-0.03696454278906458,0.03696454278906458,0.0013663774236045863,0.16958779186384998,0.2545962562740742,0.6661048137380616,0.24183304297356684,0.2545962562740742,18,0.5332184408262559,strong
24,early_growth_slope,-0.005603631520422083,-0.0004512155831201061,-0.000764265973841594,0.0025234249592629688,-0.00198351254498231,0.0014646779338710028,-0.0043970060031694735,0.0036734186384516435,0.0034481904788533128,0.008070424641621117,0.0,0.0,0.005152415937301976,0.004839365546580488,0.004839365546580488,2.3419458893430268e-05,0.16958779186384998,0.2545962562740742,0.6661048137380616,0.24183304297356684,0.2545962562740742,18,0.5332184408262559,strong
24,post_peak_decline_slope,-0.00013875982258469236,-0.0033448440501604297,-0.0028639689320698394,0.0032764813844212764,-0.0041987260939398184,-0.0019813985537742505,-0.006260852482681083,-5.219636640201217e-05,0.002217327540165568,0.006208656116279071,0.0,1.0,-0.0032060842275757374,-0.002725209109485147,0.002725209109485147,7.426764690420829e-06,0.16958779186384998,0.2545962562740742,0.6661048137380616,0.24183304297356684,0.2545962562740742,18,0.5332184408262559,strong
24,late_phase_auc,0.19657512014964595,0.23768739874920355,0.21008796720707323,0.10465270319535264,0.16581034987757448,0.26651492455857806,0.11947240071749547,0.49338446418987586,0.10070457468100358,0.3739120634723804,1.0,1.0,0.0411122785995576,0.01351284705742728,0.01351284705742728,0.0001825970355974211,0.16958779186384998,0.2545962562740742,0.6661048137380616,0.24183304297356684,0.2545962562740742,18,0.5332184408262559,strong
24,time_to_half_peak_after_peak,1.0,1.21,1.0,0.6403124237432849,1.0,1.0,1.0,3.0,0.0,2.0,1.0,1.0,0.20999999999999996,0.0,0.0,0.0,0.16958779186384998,0.2545962562740742,0.6661048137380616,0.24183304297356684,0.2545962562740742,18,0.5332184408262559,strong
24,late_to_early_mean_ratio,0.5814477801994568,0.8398732002870863,0.7690156642596876,0.34572093369340373,0.5880246634648726,0.9412748524892095,0.4603332769929198,1.4646208376640586,0.3532501890243369,1.0042875606711388,0.0,1.0,0.2584254200876296,0.18756788406023084,0.18756788406023084,0.0351817111308322,0.16958779186384998,0.2545962562740742,0.6661048137380616,0.24183304297356684,0.2545962562740742,18,0.5332184408262559,strong
25,peak_time,30.0,31.65,31.0,2.757450879623308,30.0,33.25,27.0,36.05,3.25,9.049999999999997,1.0,1.0,1.6499999999999986,1.0,1.0,1.0,0.15334667172154284,0.06153147514099945,2.4921663485256733,0.2269015028017225,0.06153147514099945,20,0.45971541122511184,strong
25,peak_height,0.23335199058055878,0.29500391334295273,0.30000053346157074,0.03803795652439927,0.2682598978281021,0.3232204243540764,0.2330362468957901,0.34834585487842556,0.054960526525974274,0.11530960798263545,0.0,1.0,0.06165192276239395,0.06664854288101196,0.06664854288101196,0.00444202826816209,0.15334667172154284,0.06153147514099945,2.4921663485256733,0.2269015028017225,0.06153147514099945,20,0.45971541122511184,strong
25,cumulative_infected,6.9364512003958225,7.587838307220045,7.603730847127736,0.987612357999639,7.0235256903397385,8.270018756156787,5.912183269916568,8.972752593038603,1.2464930658170488,3.060569323122035,0.0,1.0,0.6513871068242221,0.6672796467319131,0.6672796467319131,0.44526212694266676,0.15334667172154284,0.06153147514099945,2.4921663485256733,0.2269015028017225,0.06153147514099945,20,0.45971541122511184,strong
25,early_growth_slope,0.006909254406179699,0.002535556574838276,0.0025302380340040797,0.0024667924394876093,0.0008814828193169978,0.004258140309026376,-0.001715246330769288,0.006331532004766076,0.0033766574897093784,0.008046778335535364,0.0,0.0,-0.004373697831341424,-0.00437901637217562,0.00437901637217562,1.9175784387782125e-05,0.15334667172154284,0.06153147514099945,2.4921663485256733,0.2269015028017225,0.06153147514099945,20,0.45971541122511184,strong
25,post_peak_decline_slope,-0.00015715683499974481,-0.0069034377075731755,-0.0067266228298346244,0.0034814384548780474,-0.009780083534618237,-0.004226245731115349,-0.012443125173449544,-0.001631333629290273,0.005553837803502888,0.010811791544159271,0.0,0.0,-0.0067462808725734305,-0.006569465994834879,0.006569465994834879,4.3157883457291834e-05,0.15334667172154284,0.06153147514099945,2.4921663485256733,0.2269015028017225,0.06153147514099945,20,0.45971541122511184,strong
25,late_phase_auc,4.718901760876179,5.402577778622508,5.445454241707921,0.6792658806206513,5.014744931831956,5.82200169749558,4.204964541643858,6.368875535205007,0.8072567656636238,2.1639109935611485,0.0,1.0,0.683676017746329,0.7265524808317423,0.7265524808317423,0.5278785074027592,0.15334667172154284,0.06153147514099945,2.4921663485256733,0.2269015028017225,0.06153147514099945,20,0.45971541122511184,strong
25,time_to_half_peak_after_peak,19.0,15.48,15.5,2.9660707607162307,13.0,18.0,11.0,20.0,5.0,9.0,0.0,1.0,-3.5199999999999996,-3.5,3.5,12.25,0.15334667172154284,0.06153147514099945,2.4921663485256733,0.2269015028017225,0.06153147514099945,20,0.45971541122511184,strong
25,late_to_early_mean_ratio,2.3177784534106967,2.7283566842773,2.671098542862256,0.32524133669402305,2.532026395530986,2.9160398653835085,2.23986991164797,3.2814454216822613,0.3840134698525226,1.0415755100342912,0.0,1.0,0.4105782308666033,0.3533200894515591,0.3533200894515591,0.12483508561005774,0.15334667172154284,0.06153147514099945,2.4921663485256733,0.2269015028017225,0.06153147514099945,20,0.45971541122511184,strong
26,peak_time,10.0,9.61,9.0,0.8515582864088138,9.0,10.0,8.95,11.0,1.0,2.0500000000000007,1.0,1.0,-0.39000000000000057,-1.0,1.0,1.0,0.5740368158725707,0.20565282354537723,2.7912907101220017,0.8360559424568053,0.20565282354537723,16,0.5391190643959535,strong
26,peak_height,0.4110843241214752,0.3911565557122231,0.39175090193748474,0.024292027788870935,0.3734898567199707,0.4037710726261139,0.3557145208120346,0.4337481901049614,0.03028121590614319,0.07803366929292682,0.0,1.0,-0.019927768409252145,-0.01933342218399048,0.01933342218399048,0.00037378121334441516,0.5740368158725707,0.20565282354537723,2.7912907101220017,0.8360559424568053,0.20565282354537723,16,0.5391190643959535,strong
26,cumulative_infected,4.765062517253682,4.545823991159304,4.533915944863111,0.20234419933187933,4.405006379733095,4.698047858881182,4.2152178810516485,4.856239583683783,0.2930414791480871,0.6410217026321341,0.0,1.0,-0.21923852609437766,-0.23114657239057124,0.23114657239057124,0.053428737927909586,0.5740368158725707,0.20565282354537723,2.7912907101220017,0.8360559424568053,0.20565282354537723,16,0.5391190643959535,strong
26,early_growth_slope,0.042516013328817534,0.03983608720038319,0.0392104603718811,0.005903231418535955,0.03611090363258318,0.04462603897679529,0.031140933828594695,0.04860062637304681,0.00851513534421211,0.017459692544452114,1.0,1.0,-0.0026799261284343456,-0.003305552956936436,0.003305552956936436,1.0926680351111217e-05,0.5740368158725707,0.20565282354537723,2.7912907101220017,0.8360559424568053,0.20565282354537723,16,0.5391190643959535,strong
26,post_peak_decline_slope,-0.03615987251202268,-0.033289455664654605,-0.03334261650840446,0.0038348633779575225,-0.035823405099411836,-0.030859039972225836,-0.038926622898628346,-0.026258939554293995,0.004964365127186,0.012667683344334352,0.0,1.0,0.002870416847368072,0.002817256003618214,0.002817256003618214,7.93693138992287e-06,0.5740368158725707,0.20565282354537723,2.7912907101220017,0.8360559424568053,0.20565282354537723,16,0.5391190643959535,strong
26,late_phase_auc,0.154781888355501,0.29600499521930035,0.30213747452944517,0.0671760774226291,0.2457890516379848,0.34042884106747806,0.18134302508588007,0.4141234070935752,0.09463978942949325,0.23278038200769513,0.0,0.0,0.14122310686379935,0.14735558617394418,0.14735558617394418,0.021713668776666688,0.5740368158725707,0.20565282354537723,2.7912907101220017,0.8360559424568053,0.20565282354537723,16,0.5391190643959535,strong
26,time_to_half_peak_after_peak,6.0,6.28,6.0,0.9329003324594919,6.0,7.0,5.0,8.0,1.0,3.0,1.0,1.0,0.28000000000000025,0.0,0.0,0.0,0.5740368158725707,0.20565282354537723,2.7912907101220017,0.8360559424568053,0.20565282354537723,16,0.5391190643959535,strong
26,late_to_early_mean_ratio,0.034903319539768204,0.07477753981204419,0.07490126447081241,0.017019441935355515,0.06209973558310844,0.08452979901155877,0.04743241040693767,0.10111057854396482,0.02243006342845033,0.05367816813702715,0.0,0.0,0.03987422027227598,0.03999794493104421,0.03999794493104421,0.001599835598706845,0.5740368158725707,0.20565282354537723,2.7912907101220017,0.8360559424568053,0.20565282354537723,16,0.5391190643959535,strong
27,peak_time,10.0,18.49,17.0,12.071750979753174,10.0,25.0,2.0,42.0,15.0,40.0,1.0,1.0,8.489999999999998,7.0,7.0,49.0,0.2700708979082739,0.3872814234409457,0.6973505093756593,0.4322910210675198,0.3872814234409457,18,0.41366132979030285,strong
27,peak_height,0.06315311044454575,0.05683454379439354,0.05456869304180145,0.01407971694030018,0.04681155178695917,0.06608163192868233,0.03769326712936163,0.07953847087919712,0.019270080141723156,0.04184520374983549,1.0,1.0,-0.0063185666501522075,-0.008584417402744293,0.008584417402744293,7.369222214453908e-05,0.2700708979082739,0.3872814234409457,0.6973505093756593,0.4322910210675198,0.3872814234409457,18,0.41366132979030285,strong
27,cumulative_infected,0.5930601597938221,0.7270385941026598,0.6008279268535262,0.32625314872266015,0.4759253687952878,0.9290248002798762,0.38399392887513384,1.3339737770380447,0.4530994314845884,0.9499798481629108,1.0,1.0,0.1339784343088377,0.007767767059704056,0.007767767059704056,6.03382050938234e-05,0.2700708979082739,0.3872814234409457,0.6973505093756593,0.4322910210675198,0.3872814234409457,18,0.41366132979030285,strong
27,early_growth_slope,0.0033372826098154,0.00019971194127287048,-0.00018254707988706287,0.002580756526869017,-0.0014283251387366487,0.0017393489127113877,-0.003062037275404212,0.004263704871066563,0.0031676740514480365,0.007325742146470774,0.0,1.0,-0.0031375706685425296,-0.003519829689702463,0.003519829689702463,1.2389201044510937e-05,0.2700708979082739,0.3872814234409457,0.6973505093756593,0.4322910210675198,0.3872814234409457,18,0.41366132979030285,strong
27,post_peak_decline_slope,-0.004616471515813221,-0.0038138712635615475,-0.003030080976410926,0.005587084037577011,-0.00401587324643818,-0.0017236155535404955,-0.005963915521181968,-0.000236457061061312,0.0022922576928976848,0.005727458460120656,0.0,1.0,0.0008026002522516732,0.0015863905394022946,0.0015863905394022946,2.516634943505103e-06,0.2700708979082739,0.3872814234409457,0.6973505093756593,0.4322910210675198,0.3872814234409457,18,0.41366132979030285,strong
27,late_phase_auc,0.11337780972826295,0.29327846949835473,0.2613678083871491,0.147310619950327,0.20648150447232183,0.3175870859558927,0.152488841075683,0.6058592302608303,0.11110558148357086,0.4533703891851473,0.0,0.0,0.1799006597700918,0.14798999865888618,0.14798999865888618,0.021901039703057134,0.2700708979082739,0.3872814234409457,0.6973505093756593,0.4322910210675198,0.3872814234409457,18,0.41366132979030285,strong
27,time_to_half_peak_after_peak,2.0,1.34,1.0,0.7550503361372738,1.0,1.0,1.0,3.0,0.0,2.0,0.0,1.0,-0.6599999999999999,-1.0,1.0,1.0,0.2700708979082739,0.3872814234409457,0.6973505093756593,0.4322910210675198,0.3872814234409457,18,0.41366132979030285,strong
27,late_to_early_mean_ratio,0.22965977354465444,0.8219085841147334,0.7597214916839912,0.43727697203476235,0.5312829898065468,1.0093637169083733,0.3528223479704928,1.3657905533511376,0.4780807271018266,1.0129682053806448,0.0,0.0,0.5922488105700789,0.5300617181393368,0.5300617181393368,0.2809654250368257,0.2700708979082739,0.3872814234409457,0.6973505093756593,0.4322910210675198,0.3872814234409457,18,0.41366132979030285,strong
28,peak_time,15.0,20.34,20.0,2.1044445511076955,19.0,22.0,17.0,24.0,3.0,7.0,0.0,0.0,5.34,5.0,5.0,25.0,0.17554978396328313,0.0981174611839631,1.7891798446979796,0.34143081583494345,0.0981174611839631,15,0.3059416675841019,strong
28,peak_height,0.2461152970790863,0.25625488072633745,0.2544202655553818,0.01846723622778127,0.24464087188243866,0.2688862234354019,0.2296205699443817,0.2868771731853485,0.024245351552963257,0.05725660324096679,1.0,1.0,0.01013958364725115,0.008304968476295471,0.008304968476295471,6.897250139226152e-05,0.17554978396328313,0.0981174611839631,1.7891798446979796,0.34143081583494345,0.0981174611839631,15,0.3059416675841019,strong
28,cumulative_infected,5.13637108146213,5.270568564075875,5.2773385788314044,0.29680956166488914,5.114387320714741,5.4557630135677755,4.826808705231815,5.7349068351672035,0.3413756928530347,0.9080981299353885,1.0,1.0,0.13419748261374487,0.1409674973692745,0.1409674973692745,0.019871835314556413,0.17554978396328313,0.0981174611839631,1.7891798446979796,0.34143081583494345,0.0981174611839631,15,0.3059416675841019,strong
28,early_growth_slope,0.007279604152288463,0.005029671440289737,0.0052711939150911,0.002775772139047091,0.0031868233262295174,0.006971300392511433,0.0005015115425478495,0.009533944353599853,0.0037844770662819154,0.009032432811052003,0.0,1.0,-0.002249932711998726,-0.0020084102371973637,0.0020084102371973637,4.033711680879171e-06,0.17554978396328313,0.0981174611839631,1.7891798446979796,0.34143081583494345,0.0981174611839631,15,0.3059416675841019,strong
28,post_peak_decline_slope,-0.007686492552359904,-0.010880996131648614,-0.011056690414746592,0.004012792308113201,-0.013724301879604649,-0.00802354508390029,-0.01697486380736032,-0.0035343012958765053,0.00570075679570436,0.013440562511483815,0.0,1.0,-0.0031945035792887103,-0.0033701978623866882,0.0033701978623866882,1.1358233631635802e-05,0.17554978396328313,0.0981174611839631,1.7891798446979796,0.34143081583494345,0.0981174611839631,15,0.3059416675841019,strong
28,late_phase_auc,2.11819414421916,1.9783614934786602,1.9807878755382262,0.1916620585487278,1.864287051028441,2.094663615036552,1.690897857141681,2.3101423773448913,0.23037656400811102,0.6192445202032102,0.0,1.0,-0.1398326507404999,-0.13740626868093386,0.13740626868093386,0.018880482672816987,0.17554978396328313,0.0981174611839631,1.7891798446979796,0.34143081583494345,0.0981174611839631,15,0.3059416675841019,strong
28,time_to_half_peak_after_peak,9.0,10.24,10.0,2.22074698507443,9.0,12.0,7.0,14.0,3.0,7.0,1.0,1.0,1.2400000000000002,1.0,1.0,1.0,0.17554978396328313,0.0981174611839631,1.7891798446979796,0.34143081583494345,0.0981174611839631,15,0.3059416675841019,strong
28,late_to_early_mean_ratio,0.7413626788820127,0.6563216239178087,0.6520576216339977,0.08093906085695773,0.6000824780539896,0.7041266342004425,0.5311899023627258,0.788563731388889,0.1040441561464529,0.25737382902616324,0.0,1.0,-0.085041054964204,-0.08930505724801496,0.08930505724801496,0.00797539325007123,0.17554978396328313,0.0981174611839631,1.7891798446979796,0.34143081583494345,0.0981174611839631,15,0.3059416675841019,strong
29,peak_time,43.0,19.82,19.0,14.825844210892566,6.0,28.25,0.0,46.05,22.25,46.05,0.0,1.0,-23.18,-24.0,24.0,576.0,0.08968114847129875,0.25617608006732534,0.35007619933808715,0.14421184336208065,0.25617608006732534,20,0.3697848292775248,strong
29,peak_height,0.05275487154722214,0.05082339076325297,0.047686873003840446,0.013049694683983435,0.042348284274339676,0.05535982362926006,0.03447187338024378,0.08216125480830669,0.013011539354920387,0.04768938142806291,1.0,1.0,-0.0019314807839691667,-0.005067998543381691,0.005067998543381691,2.568460923571894e-05,0.08968114847129875,0.25617608006732534,0.35007619933808715,0.14421184336208065,0.25617608006732534,20,0.3697848292775248,strong
29,cumulative_infected,0.5069767031818628,0.5642105138686747,0.48220792852225713,0.27129155813117467,0.4208439272188116,0.5901376851015812,0.33572271692792127,1.198963842958983,0.16929375788276957,0.8632411260310617,1.0,1.0,0.05723381068681188,-0.024768774659605697,0.024768774659605697,0.0006134921981383253,0.08968114847129875,0.25617608006732534,0.35007619933808715,0.14421184336208065,0.25617608006732534,20,0.3697848292775248,strong
29,early_growth_slope,0.003971479173439244,-0.0006087358820280176,-0.0005033284535221312,0.0022640758875060126,-0.002111809548902479,0.0007058189782713142,-0.004037300459042721,0.0025914714727107257,0.0028176285271737933,0.006628771931753447,0.0,0.0,-0.004580215055467261,-0.004474807626961375,0.004474807626961375,2.0023903298311693e-05,0.08968114847129875,0.25617608006732534,0.35007619933808715,0.14421184336208065,0.25617608006732534,20,0.3697848292775248,strong
29,post_peak_decline_slope,-0.003588634310290226,-0.0031736212511206245,-0.002739004187363514,0.00402399016111319,-0.00387263868178707,-0.0013464692252455237,-0.006005500725171103,0.0,0.002526169456541546,0.006005500725171103,1.0,1.0,0.0004150130591696016,0.0008496301229267119,0.0008496301229267119,7.218713457844595e-07,0.08968114847129875,0.25617608006732534,0.35007619933808715,0.14421184336208065,0.25617608006732534,20,0.3697848292775248,strong
29,late_phase_auc,0.23200103302951902,0.2567654964794201,0.2122922078706324,0.18621124497559374,0.17152847893885337,0.266746548761148,0.11882122000570235,0.6966850618133319,0.09521806982229464,0.5778638418076295,1.0,1.0,0.024764463449901075,-0.01970882515888661,0.01970882515888661,0.00038843778914356185,0.08968114847129875,0.25617608006732534,0.35007619933808715,0.14421184336208065,0.25617608006732534,20,0.3697848292775248,strong
29,time_to_half_peak_after_peak,1.0,1.23,1.0,0.5659532050470519,1.0,1.0,1.0,2.0,0.0,1.0,1.0,1.0,0.22999999999999998,0.0,0.0,0.0,0.08968114847129875,0.25617608006732534,0.35007619933808715,0.14421184336208065,0.25617608006732534,20,0.3697848292775248,strong
29,late_to_early_mean_ratio,0.8495494543304193,0.8799877498860511,0.8017895938750955,0.41902235759251105,0.5854132703701772,1.0465368190864566,0.4367817398154586,1.8231212001750852,0.46112354871627936,1.3863394603596266,1.0,1.0,0.030438295555631822,-0.047759860455323766,0.047759860455323766,0.002281004270711999,0.08968114847129875,0.25617608006732534,0.35007619933808715,0.14421184336208065,0.25617608006732534,20,0.3697848292775248,strong
30,peak_time,15.0,15.62,15.0,4.131133334360273,12.75,18.25,9.95,23.049999999999997,5.5,13.099999999999998,1.0,1.0,0.6199999999999992,0.0,0.0,0.0,0.24855090252292938,0.26621328445714815,0.9336532661387082,0.4688872839710154,0.26621328445714815,16,0.3089509964512877,strong
30,peak_height,0.11515557765960693,0.09762683484703302,0.09768404066562653,0.016388092127690664,0.08650068379938602,0.11021708510816097,0.07382186651229858,0.12571357786655427,0.023716401308774948,0.05189171135425569,0.0,1.0,-0.01752874281257391,-0.017471536993980408,0.017471536993980408,0.00030525460493202594,0.24855090252292938,0.26621328445714815,0.9336532661387082,0.4688872839710154,0.26621328445714815,16,0.3089509964512877,strong
30,cumulative_infected,1.36977319419384,1.4971576402333084,1.4908884862379637,0.18305316423064438,1.3760818168811966,1.625486010700115,1.2143507385015255,1.7612759086012375,0.24940419381891843,0.546925170099712,0.0,1.0,0.1273844460394684,0.12111529204412363,0.12111529204412363,0.014668913966933358,0.24855090252292938,0.26621328445714815,0.9336532661387082,0.4688872839710154,0.26621328445714815,16,0.3089509964512877,strong
30,early_growth_slope,-0.0001457574184141343,0.0032355021619202614,0.0031072232897193836,0.0026082285729799926,0.0012875338933164525,0.004885487139247181,-0.0005596467293798908,0.007521054238480115,0.003597953245930728,0.008080700967860005,0.0,1.0,0.0033812595803343957,0.003252980708133518,0.003252980708133518,1.0581883487488843e-05,0.24855090252292938,0.26621328445714815,0.9336532661387082,0.4688872839710154,0.26621328445714815,16,0.3089509964512877,strong
30,post_peak_decline_slope,-0.012883704303142923,-0.004926036328397459,-0.004972014824549363,0.0028595657558751083,-0.007137205948432284,-0.002878139342647049,-0.009591766387068977,-0.00039497433230280016,0.004259066605785235,0.009196792054766176,0.0,0.0,0.007957667974745463,0.00791168947859356,0.00791168947859356,6.259483040568804e-05,0.24855090252292938,0.26621328445714815,0.9336532661387082,0.4688872839710154,0.26621328445714815,16,0.3089509964512877,strong
30,late_phase_auc,0.30645567015744746,0.3595513421785654,0.3610796438588295,0.10766498652356832,0.2798970940930303,0.4257554112446087,0.19953417126234854,0.5491055309044895,0.14585831715157838,0.34957135964214103,1.0,1.0,0.05309567202111792,0.054623973701382056,0.054623973701382056,0.0029837785029292784,0.24855090252292938,0.26621328445714815,0.9336532661387082,0.4688872839710154,0.26621328445714815,16,0.3089509964512877,strong
30,time_to_half_peak_after_peak,3.0,3.51,3.0,2.8656622623784895,1.0,5.0,1.0,10.0,4.0,9.0,1.0,1.0,0.5099999999999998,0.0,0.0,0.0,0.24855090252292938,0.26621328445714815,0.9336532661387082,0.4688872839710154,0.26621328445714815,16,0.3089509964512877,strong
30,late_to_early_mean_ratio,0.29832394411285296,0.35503392252229765,0.3185195351614296,0.1431327896699877,0.25101430396096813,0.43016845962647454,0.17236482018763846,0.6195849898755674,0.1791541556655064,0.447220169687929,1.0,1.0,0.056709978409444695,0.020195591048576655,0.020195591048576655,0.0004078618978013495,0.24855090252292938,0.26621328445714815,0.9336532661387082,0.4688872839710154,0.26621328445714815,16,0.3089509964512877,strong
31,peak_time,22.0,20.3,20.0,1.9462473604038075,19.0,22.0,17.0,24.0,3.0,7.0,1.0,1.0,-1.6999999999999993,-2.0,2.0,4.0,0.25703149016065835,0.14838527838054388,1.7321899649740458,0.3709323607515289,0.14838527838054388,19,0.5047315871120822,strong
31,peak_height,0.22933553159236908,0.2269953015446663,0.22741904109716415,0.01608093860330747,0.21724311262369156,0.23626547306776047,0.2025649480521679,0.24992759600281714,0.01902236044406891,0.047362647950649234,1.0,1.0,-0.002340230047702785,-0.0019164904952049255,0.0019164904952049255,3.6729358182108207e-06,0.25703149016065835,0.14838527838054388,1.7321899649740458,0.3709323607515289,0.14838527838054388,19,0.5047315871120822,strong
31,cumulative_infected,4.713136112783104,4.65133761741178,4.695709361694753,0.30278151884319593,4.420640618147445,4.87384854213451,4.196308362181298,5.120931016618852,0.45320792398706544,0.9246226544375533,1.0,1.0,-0.06179849537132398,-0.01742675108835101,0.01742675108835101,0.00030369165349534316,0.25703149016065835,0.14838527838054388,1.7321899649740458,0.3709323607515289,0.14838527838054388,19,0.5047315871120822,strong
31,early_growth_slope,0.002692801916661363,0.005086518263533001,0.005439415919162065,0.0029838846071223364,0.0034690766534324563,0.007476638028276196,-0.0007965571693299935,0.009089671196298216,0.00400756137484374,0.00988622836562821,0.0,1.0,0.002393716346871638,0.0027466140025007024,0.0027466140025007024,7.543888478732929e-06,0.25703149016065835,0.14838527838054388,1.7321899649740458,0.3709323607515289,0.14838527838054388,19,0.5047315871120822,strong
31,post_peak_decline_slope,-0.013002845520774521,-0.009171869321415818,-0.009361034507552771,0.0036761187510691152,-0.011640803019205722,-0.006661718649168804,-0.014855074298878515,-0.0031468719244003296,0.004979084370036918,0.011708202374478185,0.0,1.0,0.003830976199358703,0.00364181101322175,0.00364181101322175,1.326278745602323e-05,0.25703149016065835,0.14838527838054388,1.7321899649740458,0.3709323607515289,0.14838527838054388,19,0.5047315871120822,strong
31,late_phase_auc,1.8088803002610803,1.743301411457512,1.7389283657394117,0.1741985081456248,1.620236675371416,1.8599287756951526,1.4250826249452075,2.009935864203726,0.23969210032373667,0.5848532392585184,1.0,1.0,-0.06557888880356821,-0.06995193452166859,0.06995193452166859,0.0048932731433238095,0.25703149016065835,0.14838527838054388,1.7321899649740458,0.3709323607515289,0.14838527838054388,19,0.5047315871120822,strong
31,time_to_half_peak_after_peak,7.0,10.0,10.0,2.3050230613014078,8.0,12.0,6.0,14.0,4.0,8.0,0.0,1.0,3.0,3.0,3.0,9.0,0.25703149016065835,0.14838527838054388,1.7321899649740458,0.3709323607515289,0.14838527838054388,19,0.5047315871120822,strong
31,late_to_early_mean_ratio,0.6628688194217649,0.6536210550908643,0.6473543606553402,0.07268277270533292,0.5983463009883796,0.700281393004742,0.5513416418554768,0.7811192238069056,0.10193509201636242,0.22977758195142872,1.0,1.0,-0.009247764330900576,-0.015514458766424655,0.015514458766424655,0.00024069843081509081,0.25703149016065835,0.14838527838054388,1.7321899649740458,0.3709323607515289,0.14838527838054388,19,0.5047315871120822,strong
32,peak_time,15.0,20.48,20.0,1.5339919534115272,19.0,22.0,18.0,23.0,3.0,5.0,0.0,0.0,5.48,5.0,5.0,25.0,0.21551494938039184,0.0777618267850433,2.7714748777203875,0.3782914598017678,0.0777618267850433,15,0.38529441782166707,strong
32,peak_height,0.39956310391426086,0.46652548789978027,0.46695517003536224,0.027543646874066626,0.44582128524780273,0.48783718794584274,0.42371678799390794,0.5095307230949402,0.04201590269804001,0.08581393510103225,0.0,0.0,0.0669623839855194,0.06739206612110138,0.06739206612110138,0.0045416905760709,0.21551494938039184,0.0777618267850433,2.7714748777203875,0.3782914598017678,0.0777618267850433,15,0.38529441782166707,strong
32,cumulative_infected,9.966658976394683,10.892365038907883,10.916634080698714,0.6611030862510608,10.378081416682107,11.366048946161754,9.906964109698311,11.952841213182547,0.987967529479647,2.0458771034842353,0.0,1.0,0.9257060625131999,0.9499751043040305,0.9499751043040305,0.9024526987974537,0.21551494938039184,0.0777618267850433,2.7714748777203875,0.3782914598017678,0.0777618267850433,15,0.38529441782166707,strong
32,early_growth_slope,0.011456458845974076,0.00816897704258216,0.007745437024693403,0.0028405641518405534,0.006250172461261085,0.010287026352757706,0.003956928124950665,0.01353899524159108,0.004036853891496621,0.009582067116640416,0.0,1.0,-0.0032874818033919173,-0.003711021821280674,0.003711021821280674,1.3771682958021329e-05,0.21551494938039184,0.0777618267850433,2.7714748777203875,0.3782914598017678,0.0777618267850433,15,0.38529441782166707,strong
32,post_peak_decline_slope,-0.007924448450406409,-0.015789627835154526,-0.01549937054514885,0.003786003848881407,-0.018782142053047794,-0.01372065705557665,-0.021404712771375966,-0.009258676494161292,0.005061484997471144,0.012146036277214674,0.0,0.0,-0.007865179384748117,-0.007574922094742441,0.007574922094742441,5.737944474141721e-05,0.21551494938039184,0.0777618267850433,2.7714748777203875,0.3782914598017678,0.0777618267850433,15,0.38529441782166707,strong
32,late_phase_auc,4.5669607520103455,4.885912126470357,4.924700956791639,0.39891386008310825,4.598682979121804,5.209770388901234,4.258185610361397,5.456150328740478,0.6110874097794294,1.1979647183790805,0.0,1.0,0.31895137446001165,0.35774020478129387,0.35774020478129387,0.12797805411696206,0.21551494938039184,0.0777618267850433,2.7714748777203875,0.3782914598017678,0.0777618267850433,15,0.38529441782166707,strong
32,time_to_half_peak_after_peak,19.0,13.6,14.0,1.9745860069872618,12.0,15.0,10.0,17.0,3.0,7.0,0.0,0.0,-5.4,-5.0,5.0,25.0,0.21551494938039184,0.0777618267850433,2.7714748777203875,0.3782914598017678,0.0777618267850433,15,0.38529441782166707,strong
32,late_to_early_mean_ratio,0.9062900425731801,0.8849543810691266,0.8797202445584731,0.09165269468535982,0.8177999637980186,0.9422801824846256,0.7511359815892495,1.0542500086011988,0.12448021868660708,0.3031140270119492,1.0,1.0,-0.021335661504053527,-0.026569798014707047,0.026569798014707047,0.0007059541665423306,0.21551494938039184,0.0777618267850433,2.7714748777203875,0.3782914598017678,0.0777618267850433,15,0.38529441782166707,strong
33,peak_time,10.0,9.31,9.0,1.070211911423871,9.0,10.0,7.0,11.0,1.0,4.0,1.0,1.0,-0.6899999999999995,-1.0,1.0,1.0,0.5502838115504052,0.3475094399093271,1.5835075205265976,0.8792886080567839,0.3475094399093271,20,0.37638072131690864,strong
33,peak_height,0.2461540251970291,0.24868276357650757,0.24575074762105942,0.023021799406659545,0.23220068588852882,0.2642943263053894,0.21689583510160446,0.28845255821943283,0.03209364041686058,0.07155672311782837,1.0,1.0,0.0025287383794784513,-0.00040327757596969604,0.00040327757596969604,1.6263280327999396e-07,0.5502838115504052,0.3475094399093271,1.5835075205265976,0.8792886080567839,0.3475094399093271,20,0.37638072131690864,strong
33,cumulative_infected,2.758020155248232,2.678810493631463,2.66372766202403,0.2010867941007337,2.537939989459119,2.821021475014277,2.3986935680630266,3.013218138143202,0.283081485555158,0.6145245700801754,1.0,1.0,-0.07920966161676901,-0.09429249322420219,0.09429249322420219,0.008891074278436216,0.5502838115504052,0.3475094399093271,1.5835075205265976,0.8792886080567839,0.3475094399093271,20,0.37638072131690864,strong
33,early_growth_slope,0.028564527952333992,0.02612406269810327,0.02631447168754502,0.0047776943368272335,0.022614411190651086,0.02905435286950142,0.01908822957027171,0.032749770898815415,0.006439941678850335,0.013661541328543705,1.0,1.0,-0.0024404652542307226,-0.0022500562647889723,0.0022500562647889723,5.0627531947161014e-06,0.5502838115504052,0.3475094399093271,1.5835075205265976,0.8792886080567839,0.3475094399093271,20,0.37638072131690864,strong
33,post_peak_decline_slope,-0.023299751368661744,-0.02344830509368332,-0.023218149070938443,0.0034699876122726014,-0.026064450922422124,-0.021472967881709337,-0.029399434613684824,-0.017657911510517196,0.004591483040712788,0.011741523103167627,1.0,1.0,-0.00014855372502157668,8.160229772330094e-05,8.160229772330094e-05,6.658934993722245e-09,0.5502838115504052,0.3475094399093271,1.5835075205265976,0.8792886080567839,0.3475094399093271,20,0.37638072131690864,strong
33,late_phase_auc,0.22213424008805305,0.21323949526102295,0.1996893179239123,0.07003403137182591,0.16888668786850758,0.25483251614059554,0.11093742443481461,0.33369130204664543,0.08594582827208797,0.22275387761183083,1.0,1.0,-0.008894744827030093,-0.022444922164140735,0.022444922164140735,0.000503774530954336,0.5502838115504052,0.3475094399093271,1.5835075205265976,0.8792886080567839,0.3475094399093271,20,0.37638072131690864,strong
33,time_to_half_peak_after_peak,4.0,5.28,5.0,1.1898561155692629,5.0,6.0,3.0,7.0,1.0,4.0,0.0,1.0,1.2800000000000002,1.0,1.0,1.0,0.5502838115504052,0.3475094399093271,1.5835075205265976,0.8792886080567839,0.3475094399093271,20,0.37638072131690864,strong
33,late_to_early_mean_ratio,0.09550127395407108,0.09135021861872834,0.08944548989011838,0.030824200568925587,0.0697094481137836,0.11235994602743771,0.045584101673306655,0.14079918412919157,0.042650497913654106,0.09521508245588492,1.0,1.0,-0.00415105533534274,-0.006055784063952699,0.006055784063952699,3.6672520629223466e-05,0.5502838115504052,0.3475094399093271,1.5835075205265976,0.8792886080567839,0.3475094399093271,20,0.37638072131690864,strong
34,peak_time,37.0,18.84,18.5,9.726273903217205,11.0,26.0,2.95,35.0,15.0,32.05,0.0,0.0,-18.16,-18.5,18.5,342.25,0.29823352660503183,0.3065617480356771,0.9728334618261766,0.37054717281814487,0.3065617480356771,27,0.5757528588639094,strong
34,peak_height,0.0738053098320961,0.06387529663741588,0.0595514215528965,0.015622843572539638,0.05402502790093422,0.07309993170201778,0.04590255580842495,0.09116341769695278,0.019074903801083565,0.045260861888527834,0.0,1.0,-0.009930013194680218,-0.0142538882791996,0.0142538882791996,0.00020317333107590374,0.29823352660503183,0.3065617480356771,0.9728334618261766,0.37054717281814487,0.3065617480356771,27,0.5757528588639094,strong
34,cumulative_infected,0.9594420856155921,0.9082311066253351,0.8905988868209533,0.32396877591871753,0.6170820979750715,1.1365840460348409,0.4995966398040764,1.4464825731738529,0.5195019480597693,0.9468859333697764,1.0,1.0,-0.05121097899025695,-0.06884319879463874,0.06884319879463874,0.004739386020278149,0.29823352660503183,0.3065617480356771,0.9728334618261766,0.37054717281814487,0.3065617480356771,27,0.5757528588639094,strong
34,early_growth_slope,0.002753095321601167,0.0005194060343222067,0.000299808613601185,0.0026981645192863733,-0.0013851749896448798,0.002580055772947768,-0.0037046374464851026,0.004869493018347945,0.003965230762592647,0.008574130464833046,0.0,1.0,-0.0022336892872789602,-0.002453286707999982,0.002453286707999982,6.018615671649388e-06,0.29823352660503183,0.3065617480356771,0.9728334618261766,0.37054717281814487,0.3065617480356771,27,0.5757528588639094,strong
34,post_peak_decline_slope,-0.004297945485450322,-0.0032189852517243117,-0.003165176460364217,0.0018612629208287785,-0.00420464059958855,-0.0021135168227677577,-0.00570847224521761,-0.0006088184282028449,0.002091123776820792,0.005099653817014765,0.0,1.0,0.0010789602337260107,0.0011327690250861056,0.0011327690250861056,1.283165664194526e-06,0.29823352660503183,0.3065617480356771,0.9728334618261766,0.37054717281814487,0.3065617480356771,27,0.5757528588639094,strong
34,late_phase_auc,0.3104862370528281,0.36830728448690936,0.3498113222885877,0.1467507766943686,0.2555399429402314,0.44263193373626564,0.1801271354303026,0.6478875769476872,0.18709199079603422,0.4677604415173846,1.0,1.0,0.057821047434081285,0.039325085235759616,0.039325085235759616,0.0015464623287997589,0.29823352660503183,0.3065617480356771,0.9728334618261766,0.37054717281814487,0.3065617480356771,27,0.5757528588639094,strong
34,time_to_half_peak_after_peak,1.0,1.46,1.0,0.9472981248655239,1.0,2.0,1.0,4.0,1.0,3.0,1.0,1.0,0.45999999999999996,0.0,0.0,0.0,0.29823352660503183,0.3065617480356771,0.9728334618261766,0.37054717281814487,0.3065617480356771,27,0.5757528588639094,strong
34,late_to_early_mean_ratio,0.5601688204106678,0.764371979065005,0.7642233903283286,0.25490955419877126,0.573985808013167,0.8925585693890139,0.37578165801851104,1.1907427110481144,0.3185727613758469,0.8149610530296033,0.0,1.0,0.20420315865433714,0.2040545699176608,0.2040545699176608,0.04163826750428152,0.29823352660503183,0.3065617480356771,0.9728334618261766,0.37054717281814487,0.3065617480356771,27,0.5757528588639094,strong
35,peak_time,18.0,16.38,16.0,2.2282846598342245,15.0,18.0,13.0,19.049999999999997,3.0,6.049999999999997,1.0,1.0,-1.620000000000001,-2.0,2.0,4.0,0.3193114091607054,0.26484155916900204,1.2056695715076378,0.48641627796217346,0.26484155916900204,23,0.36380940613273577,strong
35,peak_height,0.15550047159194946,0.14032669261097908,0.1401137039065361,0.016110123918320243,0.12863413989543915,0.15073344111442566,0.11357995532453061,0.16864087730646132,0.02209930121898651,0.055060921981930716,0.0,1.0,-0.015173778980970387,-0.01538676768541336,0.01538676768541336,0.00023675261980488083,0.3193114091607054,0.26484155916900204,1.2056695715076378,0.48641627796217346,0.26484155916900204,23,0.36380940613273577,strong
35,cumulative_infected,2.3582637035287917,2.3787029386317546,2.381966858287342,0.1708948089427441,2.2786929170397343,2.5143797770069796,2.0723435999068895,2.6386519450163175,0.23568685996724525,0.566308345109428,1.0,1.0,0.02043923510296297,0.023703154758550227,0.023703154758550227,0.0005618395455077822,0.3193114091607054,0.26484155916900204,1.2056695715076378,0.48641627796217346,0.26484155916900204,23,0.36380940613273577,strong
35,early_growth_slope,0.003291450296750381,0.004521610422421613,0.004540288509036015,0.002272967432564509,0.003125955859667599,0.006128196366175653,0.0006688769138972502,0.007934351227456879,0.003002240506508054,0.007265474313559629,1.0,1.0,0.0012301601256712322,0.001248838212285634,0.001248838212285634,1.559596880464778e-06,0.3193114091607054,0.26484155916900204,1.2056695715076378,0.48641627796217346,0.26484155916900204,23,0.36380940613273577,strong
35,post_peak_decline_slope,-0.00929884122063717,-0.006901062251223872,-0.0071640246547758635,0.003296359204795986,-0.009391811567669113,-0.004431882314383976,-0.01178997002542019,-0.0012995517750581137,0.004959929253285137,0.010490418250362076,1.0,1.0,0.0023977789694132985,0.002134816565861307,0.002134816565861307,4.557441769875863e-06,0.3193114091607054,0.26484155916900204,1.2056695715076378,0.48641627796217346,0.26484155916900204,23,0.36380940613273577,strong
35,late_phase_auc,0.4700754191726446,0.5554633235534083,0.5360668904031627,0.10246069694646018,0.4847368124756031,0.6402924872236326,0.4097429156303406,0.7078751478751655,0.15555567474802956,0.2981322322448249,0.0,1.0,0.08538790438076371,0.06599147123051807,0.06599147123051807,0.004354874275168294,0.3193114091607054,0.26484155916900204,1.2056695715076378,0.48641627796217346,0.26484155916900204,23,0.36380940613273577,strong
35,time_to_half_peak_after_peak,7.0,6.53,6.5,3.1187118552959707,4.0,9.0,1.0,11.049999999999997,5.0,10.049999999999997,1.0,1.0,-0.46999999999999975,-0.5,0.5,0.25,0.3193114091607054,0.26484155916900204,1.2056695715076378,0.48641627796217346,0.26484155916900204,23,0.36380940613273577,strong
35,late_to_early_mean_ratio,0.2679797734349327,0.3336235355643397,0.3214248712549349,0.0708087737414683,0.2855429554333085,0.3882403686067803,0.22766117480893863,0.437223060568148,0.10269741317347181,0.2095618857592094,0.0,1.0,0.06564376212940704,0.05344509782000223,0.05344509782000223,0.002856378480989607,0.3193114091607054,0.26484155916900204,1.2056695715076378,0.48641627796217346,0.26484155916900204,23,0.36380940613273577,strong
36,peak_time,14.0,11.55,12.0,1.2978225742925857,11.0,12.0,10.0,14.0,1.0,4.0,0.0,1.0,-2.4499999999999993,-2.0,2.0,4.0,0.4482683448891058,0.31041420465268965,1.4440973968657644,0.7031782773377269,0.31041420465268965,16,0.4668954377575055,strong
36,peak_height,0.21893881261348724,0.19829888582229616,0.19471093267202377,0.015956006750257615,0.18720421940088272,0.2088337130844593,0.17501099556684493,0.22623124048113824,0.021629493683576584,0.051220244914293306,0.0,1.0,-0.020639926791191088,-0.02422787994146347,0.02422787994146347,0.000586990166457968,0.4482683448891058,0.31041420465268965,1.4440973968657644,0.7031782773377269,0.31041420465268965,16,0.4668954377575055,strong
36,cumulative_infected,2.619534046156332,2.510797353431626,2.4982605072436854,0.16560856724134418,2.4235575254642754,2.617038281248824,2.220089412527159,2.7910129722673447,0.19348075578454882,0.5709235597401858,0.0,1.0,-0.10873669272470599,-0.12127353891264647,0.12127353891264647,0.014707271240397179,0.4482683448891058,0.31041420465268965,1.4440973968657644,0.7031782773377269,0.31041420465268965,16,0.4668954377575055,strong
36,early_growth_slope,0.015913584147624314,0.013119182581536906,0.013173118133896163,0.0030383896414540477,0.011196301005492428,0.015057217933645005,0.007876721921881349,0.017881517558652416,0.0038609169281525763,0.010004795636771067,0.0,1.0,-0.002794401566087408,-0.002740466013728151,0.002740466013728151,7.510153972399063e-06,0.4482683448891058,0.31041420465268965,1.4440973968657644,0.7031782773377269,0.31041420465268965,16,0.4668954377575055,strong
36,post_peak_decline_slope,-0.020507467227677496,-0.015579645823066446,-0.015608443754414721,0.0035256149397535994,-0.01837634114393343,-0.012853088291982815,-0.02139604676514866,-0.009736894263575477,0.0055232528519506136,0.011659152501573185,0.0,1.0,0.00492782140461105,0.004899023473262775,0.004899023473262775,2.4000430991579665e-05,0.4482683448891058,0.31041420465268965,1.4440973968657644,0.7031782773377269,0.31041420465268965,16,0.4668954377575055,strong
36,late_phase_auc,0.1792311433237046,0.2371543024022685,0.23532818842795677,0.06334391838997269,0.19777215556314331,0.2881581012625247,0.12998814856255195,0.3283772874812712,0.09038594569938141,0.19838913891871926,0.0,1.0,0.05792315907856391,0.056097045104252174,0.056097045104252174,0.0031468784694285027,0.4482683448891058,0.31041420465268965,1.4440973968657644,0.7031782773377269,0.31041420465268965,16,0.4668954377575055,strong
36,time_to_half_peak_after_peak,3.0,6.16,6.0,1.4614231337150703,5.0,7.0,4.0,9.0,2.0,5.0,0.0,0.0,3.16,3.0,3.0,9.0,0.4482683448891058,0.31041420465268965,1.4440973968657644,0.7031782773377269,0.31041420465268965,16,0.4668954377575055,strong
36,late_to_early_mean_ratio,0.07927026871717834,0.11173431345723499,0.10854400400380293,0.03045610087611479,0.09054026198433834,0.13345275595596023,0.05682132130572748,0.15765769539003718,0.04291249397162189,0.1008363740843097,0.0,1.0,0.03246404474005665,0.029273735286624594,0.029273735286624594,0.0008569515776313699,0.4482683448891058,0.31041420465268965,1.4440973968657644,0.7031782773377269,0.31041420465268965,16,0.4668954377575055,strong
37,peak_time,11.0,10.67,11.0,0.8047209190618557,10.0,11.0,9.0,12.0,1.0,3.0,1.0,1.0,-0.33000000000000007,0.0,0.0,0.0,0.5482869977373958,0.1686178812456674,3.251653938994586,0.7540818043272001,0.1686178812456674,22,0.5126646420263365,strong
37,peak_height,0.44187131524086,0.4362366673350334,0.43467962741851807,0.02157042784693471,0.41999401897192,0.449952207505703,0.40648507624864577,0.4738616555929184,0.02995818853378296,0.0673765793442726,1.0,1.0,-0.005634647905826573,-0.007191687822341919,0.007191687822341919,5.172037373402105e-05,0.5482869977373958,0.1686178812456674,3.251653938994586,0.7540818043272001,0.1686178812456674,22,0.5126646420263365,strong
37,cumulative_infected,5.940281891904306,5.741581349949484,5.730781572230626,0.2501501832803588,5.552059625777474,5.903875388554297,5.3599660520558245,6.163536451139953,0.35181576277682325,0.8035703990841281,0.0,1.0,-0.198700541954822,-0.20950031967367977,0.20950031967367977,0.043890383943374016,0.5482869977373958,0.1686178812456674,3.251653938994586,0.7540818043272001,0.1686178812456674,22,0.5126646420263365,strong
37,early_growth_slope,0.04143860878511552,0.037098371504876645,0.03759307779615655,0.0055319730387198346,0.03214073807716236,0.04110424641198948,0.028650525230096667,0.046367086866285656,0.00896350833482712,0.01771656163618899,0.0,1.0,-0.0043402372802388775,-0.00384553098895897,0.00384553098895897,1.4788108587043755e-05,0.5482869977373958,0.1686178812456674,3.251653938994586,0.7540818043272001,0.1686178812456674,22,0.5126646420263365,strong
37,post_peak_decline_slope,-0.033795562138160075,-0.03247959636400146,-0.0330495374898116,0.0037825870157243632,-0.03514845824489991,-0.03004600666463378,-0.0373137624561787,-0.02667286629478141,0.005102451580266135,0.010640896161397288,1.0,1.0,0.0013159657741586145,0.000746024648348477,0.000746024648348477,5.565527759434687e-07,0.5482869977373958,0.1686178812456674,3.251653938994586,0.7540818043272001,0.1686178812456674,22,0.5126646420263365,strong
37,late_phase_auc,0.4724376291851513,0.5014497595595457,0.49367796146543697,0.10302245339137188,0.4332396671597962,0.5605512143811211,0.33202346230245894,0.6710097133996896,0.12731154722132487,0.3389862510972307,1.0,1.0,0.02901213037439443,0.021240332280285656,0.021240332280285656,0.00045115171537694486,0.5482869977373958,0.1686178812456674,3.251653938994586,0.7540818043272001,0.1686178812456674,22,0.5126646420263365,strong
37,time_to_half_peak_after_peak,7.0,7.13,7.0,1.0015644328406001,6.0,8.0,5.95,9.0,2.0,3.05,1.0,1.0,0.1299999999999999,0.0,0.0,0.0,0.5482869977373958,0.1686178812456674,3.251653938994586,0.7540818043272001,0.1686178812456674,22,0.5126646420263365,strong
37,late_to_early_mean_ratio,0.0935395845054475,0.1035227012078432,0.09994111525015992,0.020477633915409212,0.09002564211804492,0.11481052553846406,0.07508682684114056,0.14187658743697226,0.024784883420419138,0.06678976059583171,1.0,1.0,0.009983116702395697,0.006401530744712419,0.006401530744712419,4.097959587549834e-05,0.5482869977373958,0.1686178812456674,3.251653938994586,0.7540818043272001,0.1686178812456674,22,0.5126646420263365,strong
38,peak_time,17.0,16.97,17.0,1.3215769582455865,16.0,18.0,15.0,19.0,2.0,4.0,1.0,1.0,-0.030000000000001137,0.0,0.0,0.0,0.3478151819780349,0.11407017625384999,3.0491333791227992,0.4525458678863301,0.11407017625384999,30,0.4214360723397369,strong
38,peak_height,0.40994197130203247,0.4043896743655205,0.4025228023529053,0.01953159576918034,0.3892675042152405,0.4186655133962631,0.37710542380809786,0.4348670572042465,0.029398009181022644,0.05776163339614865,1.0,1.0,-0.005552296936511991,-0.007419168949127197,0.007419168949127197,5.504406789569316e-05,0.3478151819780349,0.11407017625384999,3.0491333791227992,0.4525458678863301,0.11407017625384999,30,0.4214360723397369,strong
38,cumulative_infected,8.087047589215217,7.865190717040714,7.883157782780472,0.33799537837938853,7.599309777317103,8.095640495419502,7.330481151521963,8.405801210878417,0.49633071810239926,1.0753200593564545,1.0,1.0,-0.22185687217450312,-0.20388980643474497,0.20388980643474497,0.04157105316799777,0.3478151819780349,0.11407017625384999,3.0491333791227992,0.4525458678863301,0.11407017625384999,30,0.4214360723397369,strong
38,early_growth_slope,0.01324792060976116,0.010677924686069238,0.010235808459886659,0.002601147225894681,0.008886127682801868,0.012301093722704708,0.00675380558518338,0.015011216687881163,0.00341496603990284,0.008257411102697784,0.0,1.0,-0.002569995923691922,-0.0030121121498745008,0.0030121121498745008,9.072819603421587e-06,0.3478151819780349,0.11407017625384999,3.0491333791227992,0.4525458678863301,0.11407017625384999,30,0.4214360723397369,strong
38,post_peak_decline_slope,-0.015702853103478766,-0.017978119522333143,-0.018373991052309677,0.004223731937183994,-0.020922547702987987,-0.01572391440471011,-0.024161893154184023,-0.010666512101888664,0.005198633298277876,0.01349538105229536,0.0,1.0,-0.0022752664188543763,-0.00267113794883091,0.00267113794883091,7.134977941684602e-06,0.3478151819780349,0.11407017625384999,3.0491333791227992,0.4525458678863301,0.11407017625384999,30,0.4214360723397369,strong
38,late_phase_auc,2.368939708918333,2.331883554166161,2.364384584747313,0.19171662273389067,2.190434296411695,2.470103617350105,2.0103570726234468,2.589919629934593,0.27966932093841024,0.5795625573111463,1.0,1.0,-0.037056154752172166,-0.0045551241710199974,0.0045551241710199974,2.074915621341062e-05,0.3478151819780349,0.11407017625384999,3.0491333791227992,0.4525458678863301,0.11407017625384999,30,0.4214360723397369,strong
38,time_to_half_peak_after_peak,11.0,10.66,11.0,1.3869521850577127,10.0,12.0,8.0,13.0,2.0,5.0,1.0,1.0,-0.33999999999999986,0.0,0.0,0.0,0.3478151819780349,0.11407017625384999,3.0491333791227992,0.4525458678863301,0.11407017625384999,30,0.4214360723397369,strong
38,late_to_early_mean_ratio,0.4482851685788545,0.4560827234317465,0.4618391519153018,0.03967921611790399,0.4249468106206155,0.48134966217282094,0.39042880472104974,0.5182454872220214,0.056402851552205424,0.1278166825009716,1.0,1.0,0.007797554852892019,0.013553983336447306,0.013553983336447306,0.00018371046428469125,0.3478151819780349,0.11407017625384999,3.0491333791227992,0.4525458678863301,0.11407017625384999,30,0.4214360723397369,strong
39,peak_time,15.0,17.06,17.0,5.273949701556268,13.0,21.0,10.0,26.099999999999994,8.0,16.099999999999994,1.0,1.0,2.0599999999999987,2.0,2.0,4.0,0.4246406290851198,0.3945465818643039,1.0762750169539324,0.5933500901384514,0.3945465818643039,22,0.4922611460835963,strong
39,peak_height,0.08764970302581787,0.08850474063307047,0.08806230500340462,0.01886606128314211,0.07682675682008266,0.09738760814070702,0.056140533089637755,0.12386006265878675,0.02056085132062435,0.067719529569149,1.0,1.0,0.0008550376072525984,0.0004126019775867462,0.0004126019775867462,1.7024039190849383e-07,0.4246406290851198,0.3945465818643039,1.0762750169539324,0.5933500901384514,0.3945465818643039,22,0.4922611460835963,strong
39,cumulative_infected,1.3013898269855417,1.3725404120655367,1.4025970462244004,0.2538805033500609,1.2486290760953125,1.4956525028974283,0.9644002343120519,1.7523997034295462,0.24702342680211586,0.7879994691174943,1.0,1.0,0.07115058507999494,0.10120721923885867,0.10120721923885867,0.010242901226062405,0.4246406290851198,0.3945465818643039,1.0762750169539324,0.5933500901384514,0.3945465818643039,22,0.4922611460835963,strong
39,early_growth_slope,0.0018217522273993223,0.002243564264147911,0.002166176467047384,0.0031045096134661738,0.0001392007363305993,0.004533552172471813,-0.0032438816987754152,0.006689048377683361,0.004394351436141213,0.009932930076458776,1.0,1.0,0.0004218120367485887,0.00034442423964806167,0.00034442423964806167,1.1862805685714542e-07,0.4246406290851198,0.3945465818643039,1.0762750169539324,0.5933500901384514,0.3945465818643039,22,0.4922611460835963,strong
39,post_peak_decline_slope,-0.002827393077313908,-0.004545794143952663,-0.0045907366089522825,0.002705800241423373,-0.006187249003414766,-0.0026880087369742516,-0.009424211434088637,-0.00011119240817304112,0.003499240266440515,0.009313019025915595,1.0,1.0,-0.0017184010666387549,-0.0017633435316383745,0.0017633435316383745,3.1093804105708952e-06,0.4246406290851198,0.3945465818643039,1.0762750169539324,0.5933500901384514,0.3945465818643039,22,0.4922611460835963,strong
39,late_phase_auc,0.26658927981043234,0.3724185076613139,0.3628447209484875,0.11336008831661008,0.28701807811739855,0.44446568872081116,0.21154650008902537,0.5887108157621697,0.1574476106034126,0.3771643156731443,0.0,1.0,0.10582922785088156,0.09625544113805518,0.09625544113805518,0.009265109948681604,0.4246406290851198,0.3945465818643039,1.0762750169539324,0.5933500901384514,0.3945465818643039,22,0.4922611460835963,strong
39,time_to_half_peak_after_peak,2.0,2.75,2.0,2.3457462037750916,1.0,3.0,1.0,8.0,2.0,7.0,1.0,1.0,0.75,0.0,0.0,0.0,0.4246406290851198,0.3945465818643039,1.0762750169539324,0.5933500901384514,0.3945465818643039,22,0.4922611460835963,strong
39,late_to_early_mean_ratio,0.27183423315169963,0.43985863943247727,0.37333444997083975,0.21098631375931934,0.2820266480100972,0.6083582107389843,0.196700798916712,0.824021744159011,0.32633156272888714,0.627320945242299,0.0,1.0,0.16802440628077764,0.10150021681914012,0.10150021681914012,0.010302294014332455,0.4246406290851198,0.3945465818643039,1.0762750169539324,0.5933500901384514,0.3945465818643039,22,0.4922611460835963,strong
40,peak_time,21.0,22.12,20.5,13.634685418616979,11.75,33.25,1.9500000000000002,45.0,21.5,43.05,1.0,1.0,1.120000000000001,-0.5,0.5,0.25,0.28637299354381224,0.42040059676575253,0.6811907398489718,0.42248815497436476,0.42040059676575253,11,0.5869550065155185,strong
40,peak_height,0.04821212217211723,0.05415340937674046,0.05207853764295578,0.014364778821306776,0.04513902869075537,0.06137276813387871,0.036700299195945266,0.07743740752339363,0.01623373944312334,0.04073710832744837,1.0,1.0,0.005941287204623225,0.0038664154708385468,0.0038664154708385468,1.4949168593139661e-05,0.28637299354381224,0.42040059676575253,0.6811907398489718,0.42248815497436476,0.42040059676575253,11,0.5869550065155185,strong
40,cumulative_infected,0.6660118075087667,0.6271804111109486,0.5493136536679231,0.2855660173299978,0.4601905888921465,0.7350472190737491,0.3504322439401221,1.0413234167033805,0.27485663018160267,0.6908911727632583,1.0,1.0,-0.038831396397818074,-0.11669815384084359,0.11669815384084359,0.013618459109861198,0.28637299354381224,0.42040059676575253,0.6811907398489718,0.42248815497436476,0.42040059676575253,11,0.5869550065155185,strong
40,early_growth_slope,-0.0023313810095368383,-0.0003514247730163325,-0.00039854541509633853,0.0023379851392948446,-0.0017742796243553683,0.0009868351057992272,-0.003889443965107643,0.003639114388941032,0.0027611147301545955,0.007528558354048675,0.0,1.0,0.001979956236520506,0.0019328355944404998,0.0019328355944404998,3.7358534351361604e-06,0.28637299354381224,0.42040059676575253,0.6811907398489718,0.42248815497436476,0.42040059676575253,11,0.5869550065155185,strong
40,post_peak_decline_slope,-0.0019111563451588245,-0.003272203869422986,-0.0030498844605366133,0.0022923311624944696,-0.004445985041647437,-0.001872086243262557,-0.006424689431829994,8.440478704868496e-06,0.0025738987983848797,0.006433129910534863,1.0,1.0,-0.0013610475242641614,-0.0011387281153777888,0.0011387281153777888,1.2967017207518507e-06,0.28637299354381224,0.42040059676575253,0.6811907398489718,0.42248815497436476,0.42040059676575253,11,0.5869550065155185,strong
40,late_phase_auc,0.242612449452281,0.27513345108596693,0.2355512409558287,0.18450917389649876,0.19706588832195848,0.3087676851391734,0.13077985512791201,0.5118400748586281,0.11170179681721493,0.38106021973071613,1.0,1.0,0.03252100163368593,-0.007061208496452309,0.007061208496452309,4.9860665430370284e-05,0.28637299354381224,0.42040059676575253,0.6811907398489718,0.42248815497436476,0.42040059676575253,11,0.5869550065155185,strong
40,time_to_half_peak_after_peak,1.0,1.29,1.0,0.7288430017583494,1.0,1.0,1.0,2.049999999999997,0.0,1.0499999999999972,1.0,1.0,0.29000000000000004,0.0,0.0,0.0,0.28637299354381224,0.42040059676575253,0.6811907398489718,0.42248815497436476,0.42040059676575253,11,0.5869550065155185,strong
40,late_to_early_mean_ratio,0.5599208301592418,0.8450817208163288,0.7520394586696482,0.37635491865540277,0.589827496849458,0.9778967852164742,0.4287149848927056,1.5026834791363397,0.38806928836701615,1.073968494243634,0.0,1.0,0.28516089065708705,0.1921186285104064,0.1921186285104064,0.03690956742071954,0.28637299354381224,0.42040059676575253,0.6811907398489718,0.42248815497436476,0.42040059676575253,11,0.5869550065155185,strong
41,peak_time,22.0,25.19,25.0,2.1067232443495816,24.0,27.0,22.0,29.0,3.0,7.0,0.0,1.0,3.1900000000000013,3.0,3.0,9.0,0.2290621387024739,0.09313352767300545,2.4595024415559323,0.36424168603693796,0.09313352767300545,11,0.524197480379315,strong
41,peak_height,0.2536812424659729,0.3234875813126564,0.323211133480072,0.02430509621603053,0.3066246509552002,0.3405265584588051,0.28624374866485597,0.3662175416946411,0.03390190750360489,0.07997379302978513,0.0,0.0,0.06980633884668352,0.06952989101409912,0.06952989101409912,0.004834405744432502,0.2290621387024739,0.09313352767300545,2.4595024415559323,0.36424168603693796,0.09313352767300545,11,0.524197480379315,strong
41,cumulative_infected,7.357465761713684,7.942675571709987,7.968761583149899,0.5313116026201559,7.48323572287336,8.313600668334402,7.108931738190586,8.856816989032087,0.8303649454610422,1.7478852508415006,0.0,1.0,0.5852098099963037,0.6112958214362152,0.6112958214362152,0.37368258130537707,0.2290621387024739,0.09313352767300545,2.4595024415559323,0.36424168603693796,0.09313352767300545,11,0.524197480379315,strong
41,early_growth_slope,0.005747481049703699,0.0035487186797573005,0.0037312119190270705,0.002808091644562021,0.0011568849587915565,0.005340536881010934,-0.0007291891329389575,0.00862719399904433,0.004183651922219377,0.009356383131983288,0.0,1.0,-0.0021987623699463985,-0.0020162691306766286,0.0020162691306766286,4.065341207319487e-06,0.2290621387024739,0.09313352767300545,2.4595024415559323,0.36424168603693796,0.09313352767300545,11,0.524197480379315,strong
41,post_peak_decline_slope,-0.00352814743916194,-0.009642746339241663,-0.009874351695179938,0.003978550357613826,-0.013102331322928264,-0.006178953250249218,-0.015589903754492578,-0.0037827226519584673,0.006923378072679046,0.011807181102534111,0.0,0.0,-0.006114598900079723,-0.006346204256017998,0.006346204256017998,4.027430845910095e-05,0.2290621387024739,0.09313352767300545,2.4595024415559323,0.36424168603693796,0.09313352767300545,11,0.524197480379315,strong
41,late_phase_auc,4.19277972728014,4.52828159397468,4.517043454572558,0.343339681673902,4.290551718790084,4.799721120391041,3.941778064519167,5.018090360239148,0.5091694016009569,1.0763122957199807,0.0,1.0,0.33550186669453996,0.3242637272924185,0.3242637272924185,0.10514696483757194,0.2290621387024739,0.09313352767300545,2.4595024415559323,0.36424168603693796,0.09313352767300545,11,0.524197480379315,strong
41,time_to_half_peak_after_peak,20.0,13.6,14.0,2.287427208092802,12.0,15.0,10.0,17.0,3.0,7.0,0.0,0.0,-6.4,-6.0,6.0,36.0,0.2290621387024739,0.09313352767300545,2.4595024415559323,0.36424168603693796,0.09313352767300545,11,0.524197480379315,strong
41,late_to_early_mean_ratio,1.4015142361179023,1.451517919233876,1.456860822038463,0.15450151131054052,1.3648743436660689,1.5530195951649526,1.1996836992533682,1.662117690195882,0.18814525149888373,0.4624339909425139,1.0,1.0,0.05000368311597381,0.05534658592056063,0.05534658592056063,0.0030632445730620003,0.2290621387024739,0.09313352767300545,2.4595024415559323,0.36424168603693796,0.09313352767300545,11,0.524197480379315,strong
42,peak_time,14.0,20.15,18.0,12.553220038433698,10.75,29.25,2.0,42.05,18.5,40.05,1.0,1.0,6.149999999999999,4.0,4.0,16.0,0.11261783973588713,0.13262141182567433,0.8491678544631909,0.19151320661556806,0.13262141182567433,14,0.4278363336897215,strong
42,peak_height,0.07994432002305984,0.05463562205433845,0.053350575268268585,0.013040768069694737,0.044803506694734097,0.06219093222171068,0.03824298251420259,0.07959428541362285,0.017387425526976585,0.04135130289942025,0.0,0.0,-0.025308697968721393,-0.02659374475479126,0.02659374475479126,0.0007072272600829876,0.11261783973588713,0.13262141182567433,0.8491678544631909,0.19151320661556806,0.13262141182567433,14,0.4278363336897215,strong
42,cumulative_infected,0.7141131632670294,0.6417200818328184,0.5579795023513725,0.2677419128663604,0.4372208782242524,0.7833408484802931,0.32451713346817995,1.1713329004633124,0.3461199702560407,0.8468157669951324,1.0,1.0,-0.07239308143421108,-0.15613366091565695,0.15613366091565695,0.02437772007092534,0.11261783973588713,0.13262141182567433,0.8491678544631909,0.19151320661556806,0.13262141182567433,14,0.4278363336897215,strong
42,early_growth_slope,-0.0031890285064859864,-3.599440366607607e-05,-0.00013263030632515432,0.002094979205821509,-0.001301994033080214,0.00114360760198906,-0.0029375459849169195,0.0032825428306490962,0.002445601635069274,0.006220088815566016,0.0,0.0,0.0031530341028199104,0.003056398200160832,0.003056398200160832,9.341569957946373e-06,0.11261783973588713,0.13262141182567433,0.8491678544631909,0.19151320661556806,0.13262141182567433,14,0.4278363336897215,strong
42,post_peak_decline_slope,-0.004760645896506795,-0.0030655243067324476,-0.002751497044179513,0.001964623677063627,-0.0038091631683831446,-0.0020030777571567594,-0.00597159591403656,-0.0007812169233026718,0.0018060854112263852,0.005190378990733888,0.0,1.0,0.0016951215897743474,0.002009148852327282,0.002009148852327282,4.036679110808035e-06,0.11261783973588713,0.13262141182567433,0.8491678544631909,0.19151320661556806,0.13262141182567433,14,0.4278363336897215,strong
42,late_phase_auc,0.25031409319490194,0.26809933178315076,0.24834245210513473,0.10439033105595616,0.19880979638401186,0.32099799781281035,0.11595056471414864,0.462216465063102,0.12218820142879849,0.3462659003489533,1.0,1.0,0.01778523858824882,-0.0019716410897672176,0.0019716410897672176,3.8873685868584616e-06,0.11261783973588713,0.13262141182567433,0.8491678544631909,0.19151320661556806,0.13262141182567433,14,0.4278363336897215,strong
42,time_to_half_peak_after_peak,1.0,1.31,1.0,0.7343656645656367,1.0,1.0,1.0,3.0,0.0,2.0,1.0,1.0,0.31000000000000005,0.0,0.0,0.0,0.11261783973588713,0.13262141182567433,0.8491678544631909,0.19151320661556806,0.13262141182567433,14,0.4278363336897215,strong
42,late_to_early_mean_ratio,0.588950785518458,0.8367337057360981,0.7917756289639577,0.3108797799133394,0.6274931177654711,1.021476976745299,0.44733379521285305,1.3792208894401488,0.3939838589798278,0.9318870942272957,0.0,1.0,0.24778292021764003,0.20282484344549967,0.20282484344549967,0.04113791711869145,0.11261783973588713,0.13262141182567433,0.8491678544631909,0.19151320661556806,0.13262141182567433,14,0.4278363336897215,strong
43,peak_time,19.0,20.7,20.0,3.1797973380564852,19.0,23.0,16.0,26.0,4.0,10.0,1.0,1.0,1.6999999999999993,1.0,1.0,1.0,0.2970343999258623,0.22055145979148189,1.3467804756617363,0.3893056578906616,0.22055145979148189,28,0.461329677041708,strong
43,peak_height,0.14535848796367645,0.1373209547251463,0.13604773581027985,0.013952533585650172,0.12692585214972496,0.14671247079968452,0.11686186417937279,0.16037469431757928,0.019786618649959564,0.04351283013820649,1.0,1.0,-0.008037533238530153,-0.009310752153396606,0.009310752153396606,8.669010566197954e-05,0.2970343999258623,0.22055145979148189,1.3467804756617363,0.3893056578906616,0.22055145979148189,28,0.461329677041708,strong
43,cumulative_infected,2.7338926447555423,2.6895119191051347,2.6836021671479102,0.22980314484455783,2.5315069010248408,2.855385242437478,2.328084658793159,3.0659984420068214,0.3238783414126374,0.7379137832136622,1.0,1.0,-0.044380725650407626,-0.050290477607632056,0.050290477607632056,0.002529132138003741,0.2970343999258623,0.22055145979148189,1.3467804756617363,0.3893056578906616,0.22055145979148189,28,0.461329677041708,strong
43,early_growth_slope,0.0029327626051824716,0.0027721683203405217,0.002543664554000964,0.0026390313292061923,0.0011184379275489074,0.004713495285527425,-0.001086503896901073,0.006893014471002275,0.003595057357978518,0.007979518367903348,1.0,1.0,-0.00016059428484194995,-0.00038909805118150743,0.00038909805118150743,1.5139729343324697e-07,0.2970343999258623,0.22055145979148189,1.3467804756617363,0.3893056578906616,0.22055145979148189,28,0.461329677041708,strong
43,post_peak_decline_slope,-0.0028536349534988383,-0.005462872106659538,-0.006081997944662968,0.0027341219756473645,-0.007176101238777241,-0.003407567040994765,-0.009875536145021518,-0.0013210731185972764,0.0037685341977824758,0.008554463026424241,0.0,1.0,-0.0026092371531606993,-0.0032283629911641297,0.0032283629911641297,1.0422327602718207e-05,0.2970343999258623,0.22055145979148189,1.3467804756617363,0.3893056578906616,0.22055145979148189,28,0.461329677041708,strong
43,late_phase_auc,1.1215385254472494,1.015783816243711,1.0197259701089934,0.14214243226100093,0.9002919849008322,1.125553836034669,0.7929717447143048,1.2290149689652023,0.2252618511338369,0.4360432242508976,1.0,1.0,-0.10575470920353847,-0.10181255533825606,0.10181255533825606,0.010365796424505453,0.2970343999258623,0.22055145979148189,1.3467804756617363,0.3893056578906616,0.22055145979148189,28,0.461329677041708,strong
43,time_to_half_peak_after_peak,11.0,7.31,7.5,3.4544510885569544,5.0,10.0,1.9500000000000002,12.049999999999997,5.0,10.099999999999998,0.0,1.0,-3.6900000000000004,-3.5,3.5,12.25,0.2970343999258623,0.22055145979148189,1.3467804756617363,0.3893056578906616,0.22055145979148189,28,0.461329677041708,strong
43,late_to_early_mean_ratio,0.7741974894420115,0.6617657584370583,0.6484561863569179,0.10161364443958644,0.5946608574575722,0.7273389442555125,0.500586097704946,0.8310303529306079,0.13267808679794024,0.3304442552256619,0.0,1.0,-0.11243173100495318,-0.12574130308509357,0.12574130308509357,0.015810875301537363,0.2970343999258623,0.22055145979148189,1.3467804756617363,0.3893056578906616,0.22055145979148189,28,0.461329677041708,strong
44,peak_time,6.0,20.66,19.5,14.71837990645394,6.75,33.25,0.9500000000000002,42.14999999999999,26.5,41.19999999999999,0.0,1.0,14.66,13.5,13.5,182.25,0.19844826258638754,0.3866667428395353,0.5132281642042914,0.2803081750708738,0.3866667428395353,23,0.4591936874887881,strong
44,peak_height,0.04929821938276291,0.051804606206715106,0.04947982728481293,0.010820365365689071,0.04384109750390053,0.05842938832938671,0.03656484242528677,0.06925706602632999,0.014588290825486183,0.032692223601043215,1.0,1.0,0.0025063868239521975,0.0001816079020500183,0.0001816079020500183,3.2981430087009045e-08,0.19844826258638754,0.3866667428395353,0.5132281642042914,0.2803081750708738,0.3866667428395353,23,0.4591936874887881,strong
44,cumulative_infected,0.480657696374692,0.5278909517727288,0.4839270030424814,0.16640295209565883,0.4227745288517326,0.6112818925466854,0.3431988901579871,0.8571771408140191,0.1885073636949528,0.513978250656032,1.0,1.0,0.0472332553980368,0.003269306667789351,0.003269306667789351,1.0688366088051912e-05,0.19844826258638754,0.3866667428395353,0.5132281642042914,0.2803081750708738,0.3866667428395353,23,0.4591936874887881,strong
44,early_growth_slope,0.001447537290264985,-0.00026598074545231096,-0.00020606837157780868,0.002067427035427108,-0.0015985321238293256,0.001135452930438554,-0.0036148016680575272,0.002926130766683769,0.0027339850542678797,0.006540932434741296,0.0,1.0,-0.0017135180357172961,-0.0016536056618427937,0.0016536056618427937,2.734411684878544e-06,0.19844826258638754,0.3866667428395353,0.5132281642042914,0.2803081750708738,0.3866667428395353,23,0.4591936874887881,strong
44,post_peak_decline_slope,-0.003469511183599631,-0.0037218714432071596,-0.0028452942225461243,0.005758745535548639,-0.003954112112876917,-0.0017854285154802153,-0.005592259922996164,-0.0007036124099977252,0.002168683597396702,0.004888647512998439,1.0,1.0,-0.0002523602596075287,0.0006242169610535067,0.0006242169610535067,3.8964681446687507e-07,0.19844826258638754,0.3866667428395353,0.5132281642042914,0.2803081750708738,0.3866667428395353,23,0.4591936874887881,strong
44,late_phase_auc,0.22642886021640152,0.23583508531099143,0.21164038173446897,0.10804329702652422,0.1766850506537594,0.2604039333818946,0.1226214338967111,0.46953791574342174,0.08371888272813521,0.34691648184671064,1.0,1.0,0.00940622509458991,-0.014788478481932543,0.014788478481932543,0.00021869909581058187,0.19844826258638754,0.3866667428395353,0.5132281642042914,0.2803081750708738,0.3866667428395353,23,0.4591936874887881,strong
44,time_to_half_peak_after_peak,1.0,1.19,1.0,0.4648231987117318,1.0,1.0,1.0,2.0,0.0,1.0,1.0,1.0,0.18999999999999995,0.0,0.0,0.0,0.19844826258638754,0.3866667428395353,0.5132281642042914,0.2803081750708738,0.3866667428395353,23,0.4591936874887881,strong
44,late_to_early_mean_ratio,0.9116958769235555,0.8695656222345637,0.8001440668786403,0.41115305022723114,0.6333747294506833,1.0047799097575854,0.39273638283450346,1.437692509577816,0.37140518030690206,1.0449561267433125,1.0,1.0,-0.042130254688991786,-0.11155181004491521,0.11155181004491521,0.012443806324296846,0.19844826258638754,0.3866667428395353,0.5132281642042914,0.2803081750708738,0.3866667428395353,23,0.4591936874887881,strong
45,peak_time,8.0,20.93,19.5,15.181897114655996,6.75,34.0,1.0,46.05,27.25,45.05,1.0,1.0,12.93,11.5,11.5,132.25,0.31957809567657963,0.4643095108079695,0.6882867747431339,0.45518619796528914,0.4643095108079695,25,0.4041642611534083,strong
45,peak_height,0.05387051776051521,0.05017468210309744,0.04870540834963322,0.010608843880582787,0.04285788256675005,0.056579701602458954,0.03489688392728567,0.06843208894133568,0.013721819035708904,0.03353520501405001,1.0,1.0,-0.0036958356574177745,-0.005165109410881996,0.005165109410881996,2.667835522638176e-05,0.31957809567657963,0.4643095108079695,0.6882867747431339,0.45518619796528914,0.4643095108079695,25,0.4041642611534083,strong
45,cumulative_infected,0.5396580595115665,0.5451408696809176,0.4993765012277436,0.19644051926594078,0.41136210172771825,0.611866870051017,0.3262440096001228,0.855618881446753,0.20050476832329878,0.5293748718466302,1.0,1.0,0.005482810169351038,-0.04028155828382296,0.04028155828382296,0.0016226039377730261,0.31957809567657963,0.4643095108079695,0.6882867747431339,0.45518619796528914,0.4643095108079695,25,0.4041642611534083,strong
45,early_growth_slope,0.0009321699229379494,-2.2068661751939988e-05,0.00033547517211575585,0.002203789466335172,-0.001576948514931633,0.0015527010747020888,-0.0040089163638185685,0.0033855378508589958,0.003129649589633722,0.007394454214677564,1.0,1.0,-0.0009542385846898894,-0.0005966947508221935,0.0005966947508221935,3.560446256587596e-07,0.31957809567657963,0.4643095108079695,0.6882867747431339,0.45518619796528914,0.4643095108079695,25,0.4041642611534083,strong
45,post_peak_decline_slope,-0.005647377662050231,-0.004266981479362237,-0.003050031633271521,0.006876217587736313,-0.004161981190554798,-0.001947706421681994,-0.009102334894705546,-0.0005572348588611983,0.002214274768872804,0.008545100035844348,0.0,1.0,0.001380396182687994,0.00259734602877871,0.00259734602877871,6.746206393212535e-06,0.31957809567657963,0.4643095108079695,0.6882867747431339,0.45518619796528914,0.4643095108079695,25,0.4041642611534083,strong
45,late_phase_auc,0.23051371800829656,0.2515176525431616,0.23007834039162844,0.12531685542967338,0.17276828015747014,0.2824241422058549,0.12313540123577696,0.4637624221635633,0.10965586204838473,0.3406270209277863,1.0,1.0,0.021003934534865043,-0.00043537761666812,0.00043537761666812,1.8955366909561247e-07,0.31957809567657963,0.4643095108079695,0.6882867747431339,0.45518619796528914,0.4643095108079695,25,0.4041642611534083,strong
45,time_to_half_peak_after_peak,2.0,1.23,1.0,0.5096047190685834,1.0,1.0,1.0,2.0,0.0,1.0,0.0,1.0,-0.77,-1.0,1.0,1.0,0.31957809567657963,0.4643095108079695,0.6882867747431339,0.45518619796528914,0.4643095108079695,25,0.4041642611534083,strong
45,late_to_early_mean_ratio,0.7844942890452757,0.9288379193787173,0.8805698091570311,0.3603106729454361,0.6849363763885089,1.144489419102015,0.4442087153334551,1.6615034627930916,0.45955304271350605,1.2172947474596365,1.0,1.0,0.14434363033344155,0.09607552011175535,0.09607552011175535,0.009230505564744307,0.31957809567657963,0.4643095108079695,0.6882867747431339,0.45518619796528914,0.4643095108079695,25,0.4041642611534083,strong
46,peak_time,9.0,9.64,10.0,0.7979772407579534,9.0,10.0,8.95,11.0,1.0,2.0500000000000007,1.0,1.0,0.6400000000000006,1.0,1.0,1.0,0.5945943932271108,0.08980683677432433,6.6208143453628985,0.8170088790714031,0.08980683677432433,24,0.47648039569494516,strong
46,peak_height,0.6386351585388184,0.6574103844165802,0.6590529680252075,0.02656602434247484,0.6392120867967606,0.6792248338460922,0.616035771369934,0.6943316370248794,0.040012747049331665,0.0782958656549454,0.0,1.0,0.018775225877761814,0.02041780948638916,0.02041780948638916,0.0004168869442224832,0.5945943932271108,0.08980683677432433,6.6208143453628985,0.8170088790714031,0.08980683677432433,24,0.47648039569494516,strong
46,cumulative_infected,10.87452840525657,11.037809905570938,11.06316143204458,0.6477583321538279,10.5568899983773,11.458569700247608,9.982175582507626,11.89593058525934,0.9016797018703073,1.9137550027517136,1.0,1.0,0.16328150031436905,0.1886330267880112,0.1886330267880112,0.03558241879520655,0.5945943932271108,0.08980683677432433,6.6208143453628985,0.8170088790714031,0.08980683677432433,24,0.47648039569494516,strong
46,early_growth_slope,0.07424180466859111,0.07337782888454965,0.07444070577011663,0.00830810188611486,0.06857823171802528,0.07886791459306895,0.060142471032339086,0.08581974806951446,0.01028968287504367,0.02567727703717538,1.0,1.0,-0.0008639757840414597,0.00019890110152552543,0.00019890110152552543,3.9561648188067375e-08,0.5945943932271108,0.08980683677432433,6.6208143453628985,0.8170088790714031,0.08980683677432433,24,0.47648039569494516,strong
46,post_peak_decline_slope,-0.03618394782145824,-0.03528041600187624,-0.03590813676516218,0.003559871147239963,-0.03737853119770689,-0.03288852969805406,-0.04076703622937206,-0.029042322784662313,0.004490001499652833,0.01172471344470975,1.0,1.0,0.0009035318195820055,0.00027581105629606584,0.00027581105629606584,7.60717387751516e-08,0.5945943932271108,0.08980683677432433,6.6208143453628985,0.8170088790714031,0.08980683677432433,24,0.47648039569494516,strong
46,late_phase_auc,2.039421987719834,2.007261302898296,2.025647978298366,0.2876004528395086,1.8080759101430885,2.1966118928976357,1.5847898784792052,2.4281717649661005,0.38853598275454715,0.8433818864868954,1.0,1.0,-0.03216068482153789,-0.013774009421467781,0.013774009421467781,0.0001897233355426832,0.5945943932271108,0.08980683677432433,6.6208143453628985,0.8170088790714031,0.08980683677432433,24,0.47648039569494516,strong
46,time_to_half_peak_after_peak,10.0,10.11,10.0,0.9938701010583717,9.0,11.0,9.0,12.0,2.0,3.0,1.0,1.0,0.10999999999999943,0.0,0.0,0.0,0.5945943932271108,0.08980683677432433,6.6208143453628985,0.8170088790714031,0.08980683677432433,24,0.47648039569494516,strong
46,late_to_early_mean_ratio,0.2464507991228067,0.2362281130028453,0.23735192448920772,0.02606208417786042,0.21921933348533706,0.25437514508268416,0.19811520084485976,0.2743115981802993,0.0351558115973471,0.07619639733543956,1.0,1.0,-0.01022268611996141,-0.009098874633598986,0.009098874633598986,8.278951959795107e-05,0.5945943932271108,0.08980683677432433,6.6208143453628985,0.8170088790714031,0.08980683677432433,24,0.47648039569494516,strong
47,peak_time,16.0,15.15,15.0,2.6529000712199444,13.0,17.0,11.0,19.0,4.0,8.0,1.0,1.0,-0.8499999999999996,-1.0,1.0,1.0,0.38534325446661505,0.345445152229597,1.1154976469622018,0.5800509461814752,0.345445152229597,23,0.37838253373151975,strong
47,peak_height,0.1264401227235794,0.11538810946047307,0.11451207101345062,0.015210253245120684,0.10543678887188435,0.1248267162591219,0.0926430519670248,0.141829501837492,0.01938992738723755,0.04918644987046719,0.0,1.0,-0.011052013263106342,-0.011928051710128784,0.011928051710128784,0.0001422784175995062,0.38534325446661505,0.345445152229597,1.1154976469622018,0.5800509461814752,0.345445152229597,23,0.37838253373151975,strong
47,cumulative_infected,1.749802142221597,1.774955662701359,1.769843174599373,0.16161215473971327,1.6772310324886348,1.8725296467673616,1.5079811656061792,2.069296360813314,0.19529861427872675,0.5613151952071347,1.0,1.0,0.025153520479761937,0.02004103237777599,0.02004103237777599,0.0004016429787670656,0.38534325446661505,0.345445152229597,1.1154976469622018,0.5800509461814752,0.345445152229597,23,0.37838253373151975,strong
47,early_growth_slope,0.005731074998731768,0.004360535254437265,0.004219841906368465,0.00254516202937169,0.002927083976655489,0.006169138620385811,4.126782046764065e-05,0.008428493538217263,0.0032420546437303215,0.008387225717749622,1.0,1.0,-0.0013705397442945032,-0.0015112330923633035,0.0015112330923633035,2.283825459453953e-06,0.38534325446661505,0.345445152229597,1.1154976469622018,0.5800509461814752,0.345445152229597,23,0.37838253373151975,strong
47,post_peak_decline_slope,-0.007754494063556189,-0.0064452503154558746,-0.00630661038060982,0.003026716605399041,-0.008867797271038085,-0.004033529719648268,-0.01102832605596632,-0.0016612448139736963,0.004834267551389816,0.009367081241992623,1.0,1.0,0.0013092437481003142,0.0014478836829463684,0.0014478836829463684,2.0963671593423397e-06,0.38534325446661505,0.345445152229597,1.1154976469622018,0.5800509461814752,0.345445152229597,23,0.37838253373151975,strong
47,late_phase_auc,0.23990510597650427,0.3628704737942826,0.363751329947263,0.08581302805721656,0.29417429922614247,0.40793133442639373,0.235019859141903,0.5119641823243001,0.11375703520025127,0.2769443231823971,0.0,1.0,0.12296536781777834,0.12384622397075873,0.12384622397075873,0.015337887191815334,0.38534325446661505,0.345445152229597,1.1154976469622018,0.5800509461814752,0.345445152229597,23,0.37838253373151975,strong
47,time_to_half_peak_after_peak,1.0,4.62,4.0,2.953443461931899,2.0,7.0,1.0,10.0,5.0,9.0,0.0,1.0,3.62,3.0,3.0,9.0,0.38534325446661505,0.345445152229597,1.1154976469622018,0.5800509461814752,0.345445152229597,23,0.37838253373151975,strong
47,late_to_early_mean_ratio,0.1787764445741138,0.28110641588777524,0.272450246671359,0.07814905885249887,0.22500807273757711,0.33025568555747054,0.17199561248068843,0.42243740590448947,0.10524761281989342,0.250441793423801,0.0,1.0,0.10232997131366145,0.09367380209724518,0.09367380209724518,0.008774781199353857,0.38534325446661505,0.345445152229597,1.1154976469622018,0.5800509461814752,0.345445152229597,23,0.37838253373151975,strong
48,peak_time,43.0,20.69,18.0,14.483494611509204,8.0,33.25,1.0,44.05,25.25,43.05,0.0,1.0,-22.31,-25.0,25.0,625.0,0.22719510609564572,0.373768153746296,0.6078503580855092,0.34336400979420834,0.373768153746296,11,0.5662489728888696,strong
48,peak_height,0.05471318960189819,0.0495642464235425,0.04754767753183842,0.012830706861363934,0.04185474943369627,0.05432433448731899,0.03160633947700262,0.07127874083817005,0.012469585053622723,0.03967240136116743,0.0,1.0,-0.005148943178355694,-0.007165512070059776,0.007165512070059776,5.134456322617234e-05,0.22719510609564572,0.373768153746296,0.6078503580855092,0.34336400979420834,0.373768153746296,11,0.5662489728888696,strong
48,cumulative_infected,0.5677442363812588,0.5422207191409916,0.4963748652553477,0.21699607067014692,0.42040640948471264,0.594755701822578,0.31079113499595223,0.9742242426320442,0.17434929233786534,0.663433107636092,1.0,1.0,-0.025523517240267246,-0.07136937112591113,0.07136937112591113,0.005093587134908037,0.22719510609564572,0.373768153746296,0.6078503580855092,0.34336400979420834,0.373768153746296,11,0.5662489728888696,strong
48,early_growth_slope,-0.002233776895861539,-0.00038188454306908176,-0.00039457891238097863,0.0022511666233334545,-0.001687074371321136,0.0011821341402191178,-0.003527345532313032,0.0028665102091118945,0.0028692085115402536,0.006393855741424927,0.0,1.0,0.001851892352792457,0.0018391979834805603,0.0018391979834805603,3.3826492224389596e-06,0.22719510609564572,0.373768153746296,0.6078503580855092,0.34336400979420834,0.373768153746296,11,0.5662489728888696,strong
48,post_peak_decline_slope,-0.006960992219059589,-0.003956687797263448,-0.002944079518783835,0.006035998690191916,-0.003775255351016922,-0.0020559269294608356,-0.007171325321708383,-0.0011672437951589676,0.0017193284215560865,0.006004081526549416,0.0,1.0,0.0030043044217961407,0.004016912700275754,0.004016912700275754,1.613558764163665e-05,0.22719510609564572,0.373768153746296,0.6078503580855092,0.34336400979420834,0.373768153746296,11,0.5662489728888696,strong
48,late_phase_auc,0.2730439584120177,0.2602255906525397,0.2313645429094322,0.16113054507075017,0.18335207753079885,0.2938846752222162,0.11288173651701072,0.4424290664785073,0.11053259769141732,0.3295473299614966,1.0,1.0,-0.012818367759477978,-0.04167941550258547,0.04167941550258547,0.0017371736766371622,0.22719510609564572,0.373768153746296,0.6078503580855092,0.34336400979420834,0.373768153746296,11,0.5662489728888696,strong
48,time_to_half_peak_after_peak,1.0,1.27,1.0,0.5659532050470518,1.0,1.0,1.0,3.0,0.0,2.0,1.0,1.0,0.27,0.0,0.0,0.0,0.22719510609564572,0.373768153746296,0.6078503580855092,0.34336400979420834,0.373768153746296,11,0.5662489728888696,strong
48,late_to_early_mean_ratio,0.9609384963978388,0.9596853137811234,0.8508284070782842,0.436610356378771,0.6457429879746616,1.1748821434181553,0.5224017935753633,1.6564426225418905,0.5291391554434938,1.1340408289665271,1.0,1.0,-0.0012531826167153648,-0.11011008931955457,0.11011008931955457,0.012124231769960286,0.22719510609564572,0.373768153746296,0.6078503580855092,0.34336400979420834,0.373768153746296,11,0.5662489728888696,strong
49,peak_time,33.0,21.15,21.5,15.024138826393594,7.75,35.0,1.9500000000000002,46.0,27.25,44.05,1.0,1.0,-11.850000000000001,-11.5,11.5,132.25,0.27281605125957503,0.4435478323962886,0.6150769575079944,0.3324186477713753,0.4435478323962886,28,0.5925004583049376,strong
49,peak_height,0.042162299156188965,0.048917138371616604,0.04757643677294254,0.009919933829041605,0.04151716269552708,0.05446841102093458,0.03634151797741651,0.06813594065606594,0.012951248325407505,0.03179442267864943,1.0,1.0,0.00675483921542764,0.005414137616753578,0.005414137616753578,2.9312886133146115e-05,0.27281605125957503,0.4435478323962886,0.6150769575079944,0.3324186477713753,0.4435478323962886,28,0.5925004583049376,strong
49,cumulative_infected,0.38937282442930155,0.4914789517558529,0.4602505396323977,0.16645462161591693,0.3979265194866457,0.5428696000162745,0.3271313376229955,0.7275191263470332,0.1449430805296288,0.4003877887240377,0.0,1.0,0.10210612732655133,0.07087771520309616,0.07087771520309616,0.005023650512411208,0.27281605125957503,0.4435478323962886,0.6150769575079944,0.3324186477713753,0.4435478323962886,28,0.5925004583049376,strong
49,early_growth_slope,2.2979044366539795e-05,-0.0003290621929738241,-0.00027762067509770627,0.0020126116619728633,-0.0015483835401634363,0.0010086310254077292,-0.0035564426778970895,0.0029743789617593082,0.0025570145655711652,0.006530821639656398,1.0,1.0,-0.00035204123734036393,-0.0003005997194642461,0.0003005997194642461,9.036019134198344e-08,0.27281605125957503,0.4435478323962886,0.6150769575079944,0.3324186477713753,0.4435478323962886,28,0.5925004583049376,strong
49,post_peak_decline_slope,-0.0014604909966389418,-0.0037113964349382075,-0.0028884642400953476,0.006521568683437136,-0.003932686624466444,-0.0016546428455815974,-0.006375354221090678,9.90185653790469e-07,0.002278043778884847,0.006376344406744468,0.0,1.0,-0.002250905438299266,-0.0014279732434564058,0.0014279732434564058,2.0391075840274075e-06,0.27281605125957503,0.4435478323962886,0.6150769575079944,0.3324186477713753,0.4435478323962886,28,0.5925004583049376,strong
49,late_phase_auc,0.19708092015935108,0.22332231842257896,0.2005537466466194,0.10046777600295322,0.16034665420738747,0.25364395332871936,0.11589989936037455,0.3779249196260934,0.09329729912133189,0.2620250202657189,1.0,1.0,0.026241398263227883,0.003472826487268321,0.003472826487268321,1.2060523810672427e-05,0.27281605125957503,0.4435478323962886,0.6150769575079944,0.3324186477713753,0.4435478323962886,28,0.5925004583049376,strong
49,time_to_half_peak_after_peak,1.0,1.22,1.0,0.5610235955354059,1.0,1.0,1.0,2.049999999999997,0.0,1.0499999999999972,1.0,1.0,0.21999999999999997,0.0,0.0,0.0,0.27281605125957503,0.4435478323962886,0.6150769575079944,0.3324186477713753,0.4435478323962886,28,0.5925004583049376,strong
49,late_to_early_mean_ratio,1.0003940817856878,0.9024756542919874,0.8175011529342602,0.3537477478279483,0.6544482773226841,1.0801395743244673,0.4647971001505505,1.5447553033636081,0.4256912970017832,1.0799582032130577,1.0,1.0,-0.09791842749370039,-0.1828929288514276,0.1828929288514276,0.03344982342385336,0.27281605125957503,0.4435478323962886,0.6150769575079944,0.3324186477713753,0.4435478323962886,28,0.5925004583049376,strong
50,peak_time,38.0,22.9,24.0,15.541732675138078,8.0,36.0,0.0,47.05,28.0,47.05,0.0,1.0,-15.100000000000001,-14.0,14.0,196.0,0.18375832354564803,0.48096774104971846,0.3820595600540549,0.3247512768821289,0.48096774104971846,10,0.457304084028069,strong
50,peak_height,0.0425625778734684,0.04974804889410734,0.04988260380923748,0.009410262100315887,0.043352323584258556,0.05482118111103773,0.03473215289413929,0.06359906867146492,0.011468857526779175,0.028866915777325627,0.0,1.0,0.007185471020638941,0.007320025935769081,0.007320025935769081,5.358277970033201e-05,0.18375832354564803,0.48096774104971846,0.3820595600540549,0.3247512768821289,0.48096774104971846,10,0.457304084028069,strong
50,cumulative_infected,0.38801245717331767,0.5287876752384,0.49262113529221097,0.1635393613382884,0.424723655134585,0.5929724066663766,0.32792251198261513,0.8534601790015585,0.16824875153179164,0.5255376670189433,0.0,1.0,0.1407752180650823,0.1046086781188933,0.1046086781188933,0.010942975537782226,0.18375832354564803,0.48096774104971846,0.3820595600540549,0.3247512768821289,0.48096774104971846,10,0.457304084028069,strong
50,early_growth_slope,-0.002217074825672342,-0.000304443018624927,-0.00019101324003367118,0.0024525605236460067,-0.0017184138137270632,0.0009834461193133307,-0.004409973023437139,0.0035659944594261177,0.002701859933040394,0.007975967482863257,0.0,1.0,0.001912631807047415,0.002026061585638671,0.002026061585638671,4.104925548800685e-06,0.18375832354564803,0.48096774104971846,0.3820595600540549,0.3247512768821289,0.48096774104971846,10,0.457304084028069,strong
50,post_peak_decline_slope,-0.0029301073246946023,-0.00324370215772173,-0.002798846254396874,0.0036806330981509925,-0.004221712858357239,-0.001744816314229476,-0.005655384165390085,1.5888589356714213e-05,0.0024768965441277634,0.005671272754746799,1.0,1.0,-0.0003135948330271277,0.00013126107029772828,0.00013126107029772828,1.7229468575705165e-08,0.18375832354564803,0.48096774104971846,0.3820595600540549,0.3247512768821289,0.48096774104971846,10,0.457304084028069,strong
50,late_phase_auc,0.08446380239911377,0.24013958197469037,0.21900399381411262,0.10170718106430442,0.17279065953334793,0.28257929705432616,0.12924010106944478,0.4167744269114336,0.10978863752097823,0.28753432584198885,0.0,0.0,0.1556757795755766,0.13454019141499884,0.13454019141499884,0.018101063105984527,0.18375832354564803,0.48096774104971846,0.3820595600540549,0.3247512768821289,0.48096774104971846,10,0.457304084028069,strong
50,time_to_half_peak_after_peak,1.0,1.17,1.0,0.4507009131689364,1.0,1.0,1.0,2.0,0.0,1.0,1.0,1.0,0.16999999999999993,0.0,0.0,0.0,0.18375832354564803,0.48096774104971846,0.3820595600540549,0.3247512768821289,0.48096774104971846,10,0.457304084028069,strong
50,late_to_early_mean_ratio,0.2645773434268539,0.9073519864164864,0.8121393818852312,0.3711266293895751,0.6488805950660352,1.1304142503958117,0.4676043193930107,1.5441445179927087,0.48153365532977643,1.076540198599698,0.0,0.0,0.6427746429896325,0.5475620384583773,0.5475620384583773,0.29982418596069343,0.18375832354564803,0.48096774104971846,0.3820595600540549,0.3247512768821289,0.48096774104971846,10,0.457304084028069,strong
51,peak_time,16.0,19.0,18.0,7.587869106393281,14.0,23.0,8.0,34.0,9.0,26.0,1.0,1.0,3.0,2.0,2.0,4.0,0.270389889639051,0.26378591351412295,1.0250353630978648,0.3523744208519941,0.26378591351412295,30,0.41834220674477796,strong
51,peak_height,0.07195726782083511,0.07462455321103334,0.07296411320567131,0.014998415957607078,0.06517616659402847,0.08435565792024136,0.053991719894111154,0.1006747055798769,0.019179491326212883,0.046682985685765746,1.0,1.0,0.0026672853901982263,0.001006845384836197,0.001006845384836197,1.0137376289659494e-06,0.270389889639051,0.26378591351412295,1.0250353630978648,0.3523744208519941,0.26378591351412295,30,0.41834220674477796,strong
51,cumulative_infected,1.2436875506027718,1.1873123812048698,1.1595223457043176,0.2685573407342274,1.029812290920745,1.282865622342797,0.8077392213715939,1.6568459675778282,0.253053331422052,0.8491067462062343,1.0,1.0,-0.05637516939790199,-0.08416520489845425,0.08416520489845425,0.007083781715598787,0.270389889639051,0.26378591351412295,1.0250353630978648,0.3523744208519941,0.26378591351412295,30,0.41834220674477796,strong
51,early_growth_slope,0.0009803908511198005,0.0018082644349132829,0.0017009882923004972,0.0027535729647451324,2.0232316317214892e-05,0.0035650710661208167,-0.002751335664305812,0.006190762373929221,0.003544838749803602,0.008942098038235032,1.0,1.0,0.0008278735837934823,0.0007205974411806967,0.0007205974411806967,5.192606722361676e-07,0.270389889639051,0.26378591351412295,1.0250353630978648,0.3523744208519941,0.26378591351412295,30,0.41834220674477796,strong
51,post_peak_decline_slope,-0.006357862226044133,-0.0032204343751911363,-0.003108762687770655,0.002159818049961393,-0.004131256357747282,-0.001946793151243279,-0.007257109583200262,0.0002383760922142185,0.0021844632065040033,0.00749548567541448,0.0,1.0,0.0031374278508529965,0.003249099538273478,0.003249099538273478,1.0556647809608928e-05,0.270389889639051,0.26378591351412295,1.0250353630978648,0.3523744208519941,0.26378591351412295,30,0.41834220674477796,strong
51,late_phase_auc,0.4789163243913208,0.42205365810627427,0.41012324584880844,0.1298802639314746,0.3210839203093201,0.49767605363740586,0.2586402103828732,0.6355168836322264,0.17659213332808577,0.37687667324935314,1.0,1.0,-0.05686266628504655,-0.06879307854251238,0.06879307854251238,0.004732487655356277,0.270389889639051,0.26378591351412295,1.0250353630978648,0.3523744208519941,0.26378591351412295,30,0.41834220674477796,strong
51,time_to_half_peak_after_peak,4.0,2.14,1.0,1.8964080880347551,1.0,2.25,1.0,5.049999999999997,1.25,4.049999999999997,0.0,1.0,-1.8599999999999999,-3.0,3.0,9.0,0.270389889639051,0.26378591351412295,1.0250353630978648,0.3523744208519941,0.26378591351412295,30,0.41834220674477796,strong
51,late_to_early_mean_ratio,0.6764902657750688,0.6344736818575228,0.5864811953005853,0.24447878949713528,0.44436939453043295,0.8085603248750037,0.3243728532466144,1.0669596292020727,0.3641909303445708,0.7425867759554583,1.0,1.0,-0.042016583917545924,-0.09000907047448348,0.09000907047448348,0.008101632767680533,0.270389889639051,0.26378591351412295,1.0250353630978648,0.3523744208519941,0.26378591351412295,30,0.41834220674477796,strong
52,peak_time,22.0,21.99,22.0,4.15967898916843,20.0,24.25,15.95,28.099999999999994,4.25,12.149999999999995,1.0,1.0,-0.010000000000001563,0.0,0.0,0.0,0.19954325666195508,0.14747527762946946,1.3530624242207294,0.28037533648713875,0.14747527762946946,20,0.5195007708955436,strong
52,peak_height,0.13463546335697174,0.11213919103145599,0.1112472340464592,0.014450129284361202,0.10074700973927975,0.12195366434752941,0.09042521193623543,0.1345641568303108,0.021206654608249664,0.04413894489407538,0.0,0.0,-0.02249627232551575,-0.023388229310512543,0.023388229310512543,0.000547009270281118,0.19954325666195508,0.14747527762946946,1.3530624242207294,0.28037533648713875,0.14747527762946946,20,0.5195007708955436,strong
52,cumulative_infected,2.204632680368377,2.2445394740868325,2.2800070183584467,0.29478801843603114,1.9963336362043265,2.443340371188242,1.7628409691271372,2.6855091839359373,0.4470067349839155,0.9226682148088001,1.0,1.0,0.039906793718455624,0.07537433799006976,0.07537433799006976,0.005681290827441274,0.19954325666195508,0.14747527762946946,1.3530624242207294,0.28037533648713875,0.14747527762946946,20,0.5195007708955436,strong
52,early_growth_slope,0.003502567852376072,0.0023524833709788733,0.0025609819401454714,0.002757534279388588,0.0003210415026322681,0.003973498378486727,-0.002292650190585323,0.006798382006430376,0.003652456875854459,0.009091032197015698,1.0,1.0,-0.0011500844813971986,-0.0009415859122306005,0.0009415859122306005,8.865840301111321e-07,0.19954325666195508,0.14747527762946946,1.3530624242207294,0.28037533648713875,0.14747527762946946,20,0.5195007708955436,strong
52,post_peak_decline_slope,-0.006614837050437931,-0.004129103868889313,-0.004161706147715454,0.002785638621547971,-0.0060249945769707365,-0.0022179587511345637,-0.008816246983284752,0.0003023303020745461,0.0038070358258361727,0.009118577285359298,0.0,1.0,0.0024857331815486177,0.002453130902722477,0.002453130902722477,6.017851225891995e-06,0.19954325666195508,0.14747527762946946,1.3530624242207294,0.28037533648713875,0.14747527762946946,20,0.5195007708955436,strong
52,late_phase_auc,0.9636478498578072,0.9675701639113504,0.9883085429901257,0.17281423506278354,0.8613812195799255,1.087253061356023,0.6462851987562317,1.2001573544112034,0.22587184177609743,0.5538721556549717,1.0,1.0,0.003922314053543263,0.024660693132318556,0.024660693132318556,0.0006081497857663836,0.19954325666195508,0.14747527762946946,1.3530624242207294,0.28037533648713875,0.14747527762946946,20,0.5195007708955436,strong
52,time_to_half_peak_after_peak,4.0,5.39,4.5,3.964221298697955,2.0,8.0,1.0,12.049999999999997,6.0,11.049999999999997,1.0,1.0,1.3899999999999997,0.5,0.5,0.25,0.19954325666195508,0.14747527762946946,1.3530624242207294,0.28037533648713875,0.14747527762946946,20,0.5195007708955436,strong
52,late_to_early_mean_ratio,0.8636568063649559,0.8282478917955945,0.8174704307670786,0.16469938733556916,0.7105749205980119,0.9663042314425109,0.5661692634971561,1.100897522492176,0.255729310844499,0.5347282589950199,1.0,1.0,-0.03540891456936135,-0.046186375597877305,0.046186375597877305,0.0021331812908681963,0.19954325666195508,0.14747527762946946,1.3530624242207294,0.28037533648713875,0.14747527762946946,20,0.5195007708955436,strong
53,peak_time,36.0,34.88,35.0,3.822527589399084,32.0,37.0,28.95,41.0,5.0,12.05,1.0,1.0,-1.1199999999999974,-1.0,1.0,1.0,0.1274883680652248,0.05764742881120199,2.211518721550533,0.19032101172285026,0.05764742881120199,23,0.38862899865432365,strong
53,peak_height,0.17343243956565857,0.2085424008965492,0.2059045284986496,0.0324983374719594,0.18728302791714668,0.226078063249588,0.16339951530098915,0.26189492046833035,0.03879503533244133,0.0984954051673412,0.0,1.0,0.03510996133089064,0.03247208893299103,0.03247208893299103,0.0010544365596720784,0.1274883680652248,0.05764742881120199,2.211518721550533,0.19032101172285026,0.05764742881120199,23,0.38862899865432365,strong
53,cumulative_infected,4.876548651795019,5.188462156328933,5.088459775608499,0.8938249805746925,4.573406514657108,5.866734082810581,3.868372687877854,6.637996599829057,1.2933275681534724,2.7696239119512027,1.0,1.0,0.31191350453391387,0.2119111238134792,0.2119111238134792,0.04490632439589171,0.1274883680652248,0.05764742881120199,2.211518721550533,0.19032101172285026,0.05764742881120199,23,0.38862899865432365,strong
53,early_growth_slope,0.005545057729510257,0.0011775766587228042,0.0012400311506575072,0.002251407983588584,-0.0005394622979414018,0.002787931029767302,-0.002129268721979489,0.004505085791987809,0.0033273933277087036,0.006634354513967298,0.0,0.0,-0.004367481070787453,-0.00430502657885275,0.00430502657885275,1.853325384462861e-05,0.1274883680652248,0.05764742881120199,2.211518721550533,0.19032101172285026,0.05764742881120199,23,0.38862899865432365,strong
53,post_peak_decline_slope,-0.002584680418173479,-0.004863874454317349,-0.0047432004784544336,0.0028771795295516804,-0.006791986525058749,-0.0029483477895458493,-0.009540466001878174,-0.0005502124627431504,0.0038436387355128996,0.008990253539135023,0.0,1.0,-0.00227919403614387,-0.0021585200602809544,0.0021585200602809544,4.659208850635295e-06,0.1274883680652248,0.05764742881120199,2.211518721550533,0.19032101172285026,0.05764742881120199,23,0.38862899865432365,strong
53,late_phase_auc,3.3891746513545513,3.786149303726852,3.638890041038394,0.6831107562751214,3.348882919177413,4.246675601229072,2.790764780342579,4.890492385998368,0.8977926820516586,2.0997276056557896,1.0,1.0,0.3969746523723008,0.24971538968384266,0.24971538968384266,0.06235777584495339,0.1274883680652248,0.05764742881120199,2.211518721550533,0.19032101172285026,0.05764742881120199,23,0.38862899865432365,strong
53,time_to_half_peak_after_peak,12.0,12.83,13.0,4.367129283845188,10.0,15.0,4.0,19.0,5.0,15.0,1.0,1.0,0.8300000000000001,1.0,1.0,1.0,0.1274883680652248,0.05764742881120199,2.211518721550533,0.19032101172285026,0.05764742881120199,23,0.38862899865432365,strong
53,late_to_early_mean_ratio,2.490345721213529,2.9445392591457784,2.869956923205083,0.3720483457745701,2.7102931788071025,3.1110123858141536,2.424643711064072,3.700461170190039,0.4007192070070511,1.275817459125967,0.0,1.0,0.4541935379322495,0.3796112019915543,0.3796112019915543,0.14410466467747263,0.1274883680652248,0.05764742881120199,2.211518721550533,0.19032101172285026,0.05764742881120199,23,0.38862899865432365,strong
54,peak_time,17.0,17.07,17.0,1.4991917014097154,16.0,18.0,15.0,20.0,2.0,5.0,1.0,1.0,0.07000000000000028,0.0,0.0,0.0,0.3237424523027029,0.07177988812874839,4.51021115722583,0.4649651272529849,0.07177988812874839,22,0.4576295439285879,strong
54,peak_height,0.5849031209945679,0.5604760444164276,0.5649396479129791,0.024375398364122298,0.5420285165309906,0.5764255821704865,0.526399776339531,0.5909835726022721,0.03439706563949585,0.06458379626274113,0.0,1.0,-0.02442707657814025,-0.019963473081588745,0.019963473081588745,0.00039854025747931843,0.3237424523027029,0.07177988812874839,4.51021115722583,0.4649651272529849,0.07177988812874839,22,0.4576295439285879,strong
54,cumulative_infected,12.769915141165257,12.61272401615925,12.607873814878985,0.6088603922009183,12.223630985536147,13.0988164448936,11.611956326989457,13.515032649692149,0.8751854593574535,1.9030763227026917,1.0,1.0,-0.15719112500600652,-0.16204132628627121,0.16204132628627121,0.02625739142461381,0.3237424523027029,0.07177988812874839,4.51021115722583,0.4649651272529849,0.07177988812874839,22,0.4576295439285879,strong
54,early_growth_slope,0.011879373275275742,0.014986997574219833,0.015094141522976789,0.0033155024662372724,0.012584007519762961,0.017481846680831425,0.010011338118679955,0.019595224400732792,0.0048978391610684634,0.009583886282052837,0.0,1.0,0.0031076242989440915,0.003214768247701047,0.003214768247701047,1.033473488642686e-05,0.3237424523027029,0.07177988812874839,4.51021115722583,0.4649651272529849,0.07177988812874839,22,0.4576295439285879,strong
54,post_peak_decline_slope,-0.022983482480049118,-0.020021786193052928,-0.020321446657180775,0.004724139022847914,-0.02356198591490588,-0.01700209056337673,-0.026739572882652274,-0.012460232178370133,0.006559895351529149,0.014279340704282141,1.0,1.0,0.0029616962869961905,0.002662035822868343,0.002662035822868343,7.086434722234336e-06,0.3237424523027029,0.07177988812874839,4.51021115722583,0.4649651272529849,0.07177988812874839,22,0.4576295439285879,strong
54,late_phase_auc,4.540630975738168,4.700244174608961,4.719300884753466,0.40308284909393033,4.446852024644613,4.992987264413387,4.033778002299369,5.328981768712401,0.5461352397687733,1.2952037664130325,1.0,1.0,0.15961319887079295,0.1786699090152979,0.1786699090152979,0.03192293638753483,0.3237424523027029,0.07177988812874839,4.51021115722583,0.4649651272529849,0.07177988812874839,22,0.4576295439285879,strong
54,time_to_half_peak_after_peak,11.0,13.37,13.0,1.7503534996501062,12.0,15.0,11.0,16.049999999999997,3.0,5.049999999999997,0.0,1.0,2.369999999999999,2.0,2.0,4.0,0.3237424523027029,0.07177988812874839,4.51021115722583,0.4649651272529849,0.07177988812874839,22,0.4576295439285879,strong
54,late_to_early_mean_ratio,0.5907142138233913,0.6395437238627938,0.641903285020022,0.05417696082847762,0.6019128738684671,0.6781877983561705,0.5515187400592649,0.7262321604781371,0.07627492448770334,0.17471342041887217,0.0,1.0,0.0488295100394025,0.05118907119663074,0.05118907119663074,0.002620321009973731,0.3237424523027029,0.07177988812874839,4.51021115722583,0.4649651272529849,0.07177988812874839,22,0.4576295439285879,strong
55,peak_time,9.0,9.87,10.0,0.9498006170356029,9.0,11.0,8.95,11.0,2.0,2.0500000000000007,1.0,1.0,0.8699999999999992,1.0,1.0,1.0,0.6346129821074036,0.24275466082359726,2.614215438559832,0.8328253331275154,0.24275466082359726,25,0.5240001879487421,strong
55,peak_height,0.3618850111961365,0.34364692598581315,0.3428214490413666,0.023400414815843734,0.32878533750772476,0.35906392335891724,0.30018213391304016,0.3804430216550827,0.030278585851192474,0.08026088774204254,0.0,1.0,-0.01823808521032333,-0.019063562154769897,0.019063562154769897,0.0003634194020287751,0.6346129821074036,0.24275466082359726,2.614215438559832,0.8328253331275154,0.24275466082359726,25,0.5240001879487421,strong
55,cumulative_infected,4.093537602573633,3.9589328363304777,3.9616317955733393,0.17644702864750525,3.8315459311706945,4.066985825047595,3.6820260715976474,4.2452026089522406,0.2354398938769009,0.5631765373545932,0.0,1.0,-0.13460476624315554,-0.13190580700029386,0.13190580700029386,0.017399141920398774,0.6346129821074036,0.24275466082359726,2.614215438559832,0.8328253331275154,0.24275466082359726,25,0.5240001879487421,strong
55,early_growth_slope,0.036417483485170765,0.033271373698764276,0.03349840858884687,0.004861749520632206,0.03014645603668343,0.03673858659749384,0.02519524871327337,0.04077192645802694,0.006592130560810414,0.015576677744753572,1.0,1.0,-0.0031461097864064896,-0.0029190748963238977,0.0029190748963238977,8.520998250348375e-06,0.6346129821074036,0.24275466082359726,2.614215438559832,0.8328253331275154,0.24275466082359726,25,0.5240001879487421,strong
55,post_peak_decline_slope,-0.027335846672455515,-0.029583780718346456,-0.029377012265225256,0.0037276551078576376,-0.03228522501885896,-0.027305042681594716,-0.035905162170529394,-0.02331980458150312,0.0049801823372642405,0.012585357589026274,1.0,1.0,-0.0022479340458909404,-0.0020411655927697406,0.0020411655927697406,4.166356977107046e-06,0.6346129821074036,0.24275466082359726,2.614215438559832,0.8328253331275154,0.24275466082359726,25,0.5240001879487421,strong
55,late_phase_auc,0.23990332335233688,0.2587914271454974,0.24897234518357436,0.06573125477973892,0.21601377375191078,0.2984532629197929,0.16333824250032195,0.36580396891804406,0.08243948916788213,0.20246572641772212,1.0,1.0,0.018888103793160527,0.009069021831237478,0.009069021831237478,8.224715697546198e-05,0.6346129821074036,0.24275466082359726,2.614215438559832,0.8328253331275154,0.24275466082359726,25,0.5240001879487421,strong
55,time_to_half_peak_after_peak,8.0,6.03,6.0,1.2014721609489558,5.0,7.0,4.0,8.0,2.0,4.0,0.0,1.0,-1.9699999999999998,-2.0,2.0,4.0,0.6346129821074036,0.24275466082359726,2.614215438559832,0.8328253331275154,0.24275466082359726,25,0.5240001879487421,strong
55,late_to_early_mean_ratio,0.06683331151211423,0.07436492702192045,0.07299117669830553,0.01919399318550464,0.062002106236334224,0.08406664384940073,0.046198092645069404,0.10660393152475983,0.022064537613066502,0.06040583887969043,1.0,1.0,0.0075316155098062165,0.006157865186191297,0.006157865186191297,3.791930365130678e-05,0.6346129821074036,0.24275466082359726,2.614215438559832,0.8328253331275154,0.24275466082359726,25,0.5240001879487421,strong
56,peak_time,26.0,21.78,22.0,13.747051107107085,8.75,33.0,2.0,44.05,24.25,42.05,1.0,1.0,-4.219999999999999,-4.0,4.0,16.0,0.29623510435077427,0.36524074568062576,0.8110680636103195,0.3929383450482381,0.36524074568062576,25,0.5077943299954991,strong
56,peak_height,0.05297352001070976,0.05139477387070656,0.05015084147453308,0.01125577935899989,0.04334539081901312,0.05727611668407917,0.03733658138662577,0.07318152859807014,0.013930725865066051,0.03584494721144438,1.0,1.0,-0.0015787461400032024,-0.0028226785361766815,0.0028226785361766815,7.967514118592534e-06,0.29623510435077427,0.36524074568062576,0.8110680636103195,0.3929383450482381,0.36524074568062576,25,0.5077943299954991,strong
56,cumulative_infected,0.5698465753812343,0.5636021305311261,0.5058722715111799,0.21707056828010324,0.42975010370719247,0.6332757202017092,0.29509387854268426,1.0193146916004479,0.20352561649451673,0.7242208130577636,1.0,1.0,-0.006244444850108222,-0.06397430387005443,0.06397430387005443,0.004092711555658061,0.29623510435077427,0.36524074568062576,0.8110680636103195,0.3929383450482381,0.36524074568062576,25,0.5077943299954991,strong
56,early_growth_slope,0.000757522792333649,0.00011921451825227989,-3.1463053130123056e-05,0.002467941699549743,-0.0010405833482287716,0.0014341677389373736,-0.003288239616362953,0.003956622588291447,0.0024747510871661453,0.0072448622046544,1.0,1.0,-0.0006383082740813691,-0.0007889858454637721,0.0007889858454637721,6.224986643421833e-07,0.29623510435077427,0.36524074568062576,0.8110680636103195,0.3929383450482381,0.36524074568062576,25,0.5077943299954991,strong
56,post_peak_decline_slope,-0.0026025374225961697,-0.003319379535500915,-0.0029829659892822713,0.0029246234225354774,-0.004156611492120042,-0.001901685605601736,-0.006010486118029802,-0.0001729631905133504,0.002254925886518306,0.005837522927516451,1.0,1.0,-0.0007168421129047451,-0.0003804285666861016,0.0003804285666861016,1.4472589435084166e-07,0.29623510435077427,0.36524074568062576,0.8110680636103195,0.3929383450482381,0.36524074568062576,25,0.5077943299954991,strong
56,late_phase_auc,0.2821209712419659,0.2560997082444919,0.22579473816222162,0.13911273772914126,0.17768219945719466,0.29481544462032616,0.10268150217643779,0.4935184390982612,0.1171332451631315,0.3908369369218234,1.0,1.0,-0.026021262997473982,-0.05632623307974427,0.05632623307974427,0.003172644532953678,0.29623510435077427,0.36524074568062576,0.8110680636103195,0.3929383450482381,0.36524074568062576,25,0.5077943299954991,strong
56,time_to_half_peak_after_peak,1.0,1.26,1.0,0.6759953379792621,1.0,1.0,1.0,2.049999999999997,0.0,1.0499999999999972,1.0,1.0,0.26,0.0,0.0,0.0,0.29623510435077427,0.36524074568062576,0.8110680636103195,0.3929383450482381,0.36524074568062576,25,0.5077943299954991,strong
56,late_to_early_mean_ratio,1.04663421906264,0.8869063611167869,0.8651281937362933,0.3581283631385166,0.6731969857254858,1.0348532020720151,0.40127427346636585,1.5110149404410522,0.36165621634652934,1.1097406669746863,0.0,1.0,-0.1597278579458532,-0.18150602532634674,0.18150602532634674,0.03294443722976843,0.29623510435077427,0.36524074568062576,0.8110680636103195,0.3929383450482381,0.36524074568062576,25,0.5077943299954991,strong
57,peak_time,20.0,20.1,20.0,1.5986105077709065,19.0,21.0,18.0,23.0,2.0,5.0,1.0,1.0,0.10000000000000142,0.0,0.0,0.0,0.2966077178217787,0.06903863817893392,4.2962567867146015,0.38729714209150956,0.06903863817893392,21,0.5962761938218031,strong
57,peak_height,0.5362366437911987,0.5281711116433143,0.5252122581005096,0.027154964818407474,0.5119162350893021,0.5440241992473602,0.48809422850608825,0.5788026809692383,0.032107964158058167,0.09070845246315001,1.0,1.0,-0.008065532147884413,-0.011024385690689087,0.011024385690689087,0.0001215370798570703,0.2966077178217787,0.06903863817893392,4.2962567867146015,0.38729714209150956,0.06903863817893392,21,0.5962761938218031,strong
57,cumulative_infected,12.71664105844684,12.749636906261221,12.894991068926174,0.6850852361959726,12.307553814724088,13.215072251099627,11.586374085291755,13.67844774001278,0.9075184363755397,2.092073654721025,1.0,1.0,0.03299584781438192,0.17835001047933474,0.17835001047933474,0.03180872623797881,0.2966077178217787,0.06903863817893392,4.2962567867146015,0.38729714209150956,0.06903863817893392,21,0.5962761938218031,strong
57,early_growth_slope,0.011989577099614374,0.009414696122851072,0.009660545381761733,0.0030165732868808093,0.007490260254209195,0.011592176211360352,0.0039224103459024,0.01397873644988673,0.004101915957151157,0.01005632610398433,0.0,1.0,-0.002574880976763302,-0.0023290317178526407,0.0023290317178526407,5.424388742763622e-06,0.2966077178217787,0.06903863817893392,4.2962567867146015,0.38729714209150956,0.06903863817893392,21,0.5962761938218031,strong
57,post_peak_decline_slope,-0.019491298496723167,-0.016269686544934908,-0.01626259808739028,0.0041830248986884835,-0.019341026867429417,-0.013177487129966433,-0.02295542965332667,-0.010140197599927604,0.006163539737462984,0.012815232053399066,0.0,1.0,0.0032216119517882585,0.003228700409332888,0.003228700409332888,1.042450633322636e-05,0.2966077178217787,0.06903863817893392,4.2962567867146015,0.38729714209150956,0.06903863817893392,21,0.5962761938218031,strong
57,late_phase_auc,5.657832406461239,5.870375997722149,5.86820949986577,0.469795211902208,5.614478141069412,6.188181553967297,5.0868476867675785,6.584959277510643,0.5737034128978848,1.4981115907430649,1.0,1.0,0.21254359126090971,0.21037709340453148,0.21037709340453148,0.04425852142933896,0.2966077178217787,0.06903863817893392,4.2962567867146015,0.38729714209150956,0.06903863817893392,21,0.5962761938218031,strong
57,time_to_half_peak_after_peak,15.0,14.58,15.0,1.8100728262596608,13.0,16.0,11.95,18.0,3.0,6.050000000000001,1.0,1.0,-0.41999999999999993,0.0,0.0,0.0,0.2966077178217787,0.06903863817893392,4.2962567867146015,0.38729714209150956,0.06903863817893392,21,0.5962761938218031,strong
57,late_to_early_mean_ratio,0.866207544914638,0.9256873522969886,0.9204426462644284,0.08633182055471458,0.8670775229964256,0.9892585831147422,0.8030517042438758,1.0546151123990624,0.12218106011831664,0.2515634081551865,0.0,1.0,0.05947980738235059,0.05423510134979037,0.05423510134979037,0.0029414462184220334,0.2966077178217787,0.06903863817893392,4.2962567867146015,0.38729714209150956,0.06903863817893392,21,0.5962761938218031,strong
58,peak_time,29.0,20.66,18.0,14.768393769989158,7.0,34.0,1.0,46.0,27.0,45.0,1.0,1.0,-8.34,-11.0,11.0,121.0,0.1377345945387079,0.48252369273529055,0.2854462829750999,0.2011855363965291,0.48252369273529055,18,0.5072106154915614,strong
58,peak_height,0.059551890939474106,0.0503067696839571,0.04891285113990307,0.01156881963612834,0.04217706434428692,0.05701261293143034,0.03388311881572008,0.07364490069448947,0.014835548587143421,0.03976178187876939,0.0,1.0,-0.009245121255517005,-0.010639039799571037,0.010639039799571037,0.00011318916785685654,0.1377345945387079,0.48252369273529055,0.2854462829750999,0.2011855363965291,0.48252369273529055,18,0.5072106154915614,strong
58,cumulative_infected,0.5563319181092083,0.5591548391430479,0.4850691142200958,0.22489311478865973,0.41420841304534406,0.6344851187895983,0.32925238943880686,1.0477598631550789,0.2202767057442543,0.718507473716272,1.0,1.0,0.0028229210338395205,-0.07126280388911255,0.07126280388911255,0.0050783872181381145,0.1377345945387079,0.48252369273529055,0.2854462829750999,0.2011855363965291,0.48252369273529055,18,0.5072106154915614,strong
58,early_growth_slope,-0.0007792757325140487,-0.00015469312239691153,-9.360860054758151e-05,0.0020141499945824214,-0.001387510080478801,0.0010975593385020533,-0.0032781234831504836,0.003053986211584525,0.0024850694189808543,0.006332109694735008,1.0,1.0,0.0006245826101171372,0.0006856671319664672,0.0006856671319664672,4.7013941585912074e-07,0.1377345945387079,0.48252369273529055,0.2854462829750999,0.2011855363965291,0.48252369273529055,18,0.5072106154915614,strong
58,post_peak_decline_slope,-0.003926195095603673,-0.003489227457063736,-0.00321656712330878,0.00275391838445983,-0.004336981281327707,-0.0018548406233700645,-0.007585359830409309,-0.0005812128256851378,0.0024821406579576422,0.007004147004724171,1.0,1.0,0.000436967638539937,0.000709627972294893,0.000709627972294893,5.035718590633615e-07,0.1377345945387079,0.48252369273529055,0.2854462829750999,0.2011855363965291,0.48252369273529055,18,0.5072106154915614,strong
58,late_phase_auc,0.26014822628349066,0.25061113566531273,0.21945132440305315,0.13101292002704157,0.1804561612661928,0.268703305060626,0.12054320038587321,0.505507822241634,0.08824714379443321,0.38496462185576086,1.0,1.0,-0.009537090618177924,-0.04069690188043751,0.04069690188043751,0.001656237822665958,0.1377345945387079,0.48252369273529055,0.2854462829750999,0.2011855363965291,0.48252369273529055,18,0.5072106154915614,strong
58,time_to_half_peak_after_peak,1.0,1.33,1.0,0.7920692756152945,1.0,1.0,1.0,2.049999999999997,0.0,1.0499999999999972,1.0,1.0,0.33000000000000007,0.0,0.0,0.0,0.1377345945387079,0.48252369273529055,0.2854462829750999,0.2011855363965291,0.48252369273529055,18,0.5072106154915614,strong
58,late_to_early_mean_ratio,0.9180783211107367,0.9115963629862743,0.813583502236489,0.4292310283117175,0.6372363037078989,1.070540087503755,0.4091874958221782,1.8979872730386493,0.4333037837958561,1.4887997772164712,1.0,1.0,-0.006481958124462395,-0.10449481887424772,0.10449481887424772,0.010919167171561838,0.1377345945387079,0.48252369273529055,0.2854462829750999,0.2011855363965291,0.48252369273529055,18,0.5072106154915614,strong
59,peak_time,24.0,26.56,26.0,2.1476790385263005,25.0,28.0,23.0,30.0,3.0,7.0,0.0,1.0,2.5599999999999987,2.0,2.0,4.0,0.22465382300588704,0.08747943527080108,2.5680758261693084,0.289698322354362,0.08747943527080108,24,0.568221263231417,strong
59,peak_height,0.34498754143714905,0.34936456561088564,0.3488452583551407,0.026853116173371067,0.33308176696300507,0.3665779307484627,0.3056489020586014,0.39196026623249053,0.03349616378545761,0.08631136417388913,1.0,1.0,0.004377024173736588,0.003857716917991638,0.003857716917991638,1.4881979819358904e-05,0.22465382300588704,0.08747943527080108,2.5680758261693084,0.289698322354362,0.08747943527080108,24,0.568221263231417,strong
59,cumulative_infected,8.526914681307971,8.763026615558992,8.805414482718334,0.631790784930512,8.314307778025977,9.120131353163742,7.759515351010487,9.712944873073138,0.8058235751377651,1.9534295220626507,1.0,1.0,0.23611193425102073,0.2784998014103621,0.2784998014103621,0.07756213938561114,0.22465382300588704,0.08747943527080108,2.5680758261693084,0.289698322354362,0.08747943527080108,24,0.568221263231417,strong
59,early_growth_slope,0.0018620252542729896,0.0037043710560577714,0.003926331683899098,0.0028416344736027902,0.0019629045744382206,0.00593183814026772,-0.0010977742677130734,0.007954576455466891,0.0039689335658295,0.009052350723179965,0.0,1.0,0.0018423458017847818,0.0020643064296261083,0.0020643064296261083,4.26136103539569e-06,0.22465382300588704,0.08747943527080108,2.5680758261693084,0.289698322354362,0.08747943527080108,24,0.568221263231417,strong
59,post_peak_decline_slope,-0.01111500213543573,-0.010460054611166314,-0.010490757475296646,0.003553918270431598,-0.012990908076365779,-0.00804230223099391,-0.016308660333355263,-0.0037488813201586443,0.00494860584537187,0.012559779013196617,1.0,1.0,0.0006549475242694155,0.0006242446601390835,0.0006242446601390835,3.896813957121599e-07,0.22465382300588704,0.08747943527080108,2.5680758261693084,0.289698322354362,0.08747943527080108,24,0.568221263231417,strong
59,late_phase_auc,4.972516968846321,5.298589762039483,5.29877920076251,0.3636349606629079,5.013874244876206,5.536454445682466,4.874092491157353,5.844793988764286,0.5225802008062601,0.9707014976069326,0.0,1.0,0.32607279319316174,0.3262622319161892,0.3262622319161892,0.10644704397493322,0.22465382300588704,0.08747943527080108,2.5680758261693084,0.289698322354362,0.08747943527080108,24,0.568221263231417,strong
59,time_to_half_peak_after_peak,17.0,13.93,14.0,2.4587711474546703,12.0,16.0,10.0,18.0,4.0,8.0,0.0,1.0,-3.0700000000000003,-3.0,3.0,9.0,0.22465382300588704,0.08747943527080108,2.5680758261693084,0.289698322354362,0.08747943527080108,24,0.568221263231417,strong
59,late_to_early_mean_ratio,1.523534019804237,1.6826696724275798,1.6778490290623407,0.18492300606542544,1.547601327064551,1.7969798541316626,1.4207387806523581,1.986687941141831,0.2493785270671116,0.5659491604894729,0.0,1.0,0.15913565262334273,0.1543150092581036,0.1543150092581036,0.023813122082328598,0.22465382300588704,0.08747943527080108,2.5680758261693084,0.289698322354362,0.08747943527080108,24,0.568221263231417,strong
60,peak_time,12.0,10.43,10.0,1.2330056894852637,9.75,11.0,9.0,13.0,1.25,4.0,0.0,1.0,-1.5700000000000003,-2.0,2.0,4.0,0.5985319312964817,0.39527599222973603,1.5142127097580278,0.7775393660192726,0.39527599222973603,26,0.5203687787773856,strong
60,peak_height,0.14946602284908295,0.16645419850945473,0.16689173877239227,0.015354135555237692,0.1543198525905609,0.17528348788619041,0.1434718206524849,0.19267471954226495,0.0209636352956295,0.04920289888978005,0.0,1.0,0.01698817566037178,0.017425715923309326,0.017425715923309326,0.0003036555754398762,0.5985319312964817,0.39527599222973603,1.5142127097580278,0.7775393660192726,0.39527599222973603,26,0.5203687787773856,strong
60,cumulative_infected,1.9818931019253796,1.9872884859488296,1.9569718983402709,0.15500199801250075,1.8849315428960836,2.0906167503781035,1.7726845927791146,2.2677321765804663,0.2056852074820199,0.4950475838013517,1.0,1.0,0.005395384023449967,-0.024921203585108742,0.024921203585108742,0.0006210663881304368,0.5985319312964817,0.39527599222973603,1.5142127097580278,0.7775393660192726,0.39527599222973603,26,0.5203687787773856,strong
60,early_growth_slope,0.01616128995305015,0.01294248498579864,0.012867406000926465,0.0032158304547638033,0.010676826433544711,0.01531301571577344,0.007711101750222345,0.018053386174835304,0.004636189282228729,0.01034228442461296,0.0,1.0,-0.003218804967251512,-0.0032938839521236864,0.0032938839521236864,1.0849671490057955e-05,0.5985319312964817,0.39527599222973603,1.5142127097580278,0.7775393660192726,0.39527599222973603,26,0.5203687787773856,strong
60,post_peak_decline_slope,-0.017446614351744473,-0.013794089157910402,-0.013670389664669838,0.002776644993068376,-0.015677067206706863,-0.011769102886319162,-0.01780291385948658,-0.009786525418361038,0.003907964320387701,0.008016388441125542,0.0,1.0,0.0036525251938340705,0.003776224687074635,0.003776224687074635,1.4259872887271924e-05,0.5985319312964817,0.39527599222973603,1.5142127097580278,0.7775393660192726,0.39527599222973603,26,0.5203687787773856,strong
60,late_phase_auc,0.18314491630007979,0.21587161792946064,0.21560962669900618,0.05676901959654094,0.17706875011936063,0.2648379075108096,0.12091481823663344,0.3072995286202058,0.08776915739144897,0.18638471038357238,1.0,1.0,0.03272670162938085,0.0324647103989264,0.0324647103989264,0.00105395742128616,0.5985319312964817,0.39527599222973603,1.5142127097580278,0.7775393660192726,0.39527599222973603,26,0.5203687787773856,strong
60,time_to_half_peak_after_peak,5.0,5.27,5.0,1.7224307465810278,4.0,7.0,3.0,8.0,3.0,5.0,1.0,1.0,0.2699999999999996,0.0,0.0,0.0,0.5985319312964817,0.39527599222973603,1.5142127097580278,0.7775393660192726,0.39527599222973603,26,0.5203687787773856,strong
60,late_to_early_mean_ratio,0.10505183695992244,0.12852012742875132,0.1272419874469744,0.034911905566440034,0.10353250746597349,0.15580695639565495,0.07800862513924688,0.18450722944863646,0.05227444892968146,0.10649860430938958,1.0,1.0,0.02346829046882888,0.02219015048705196,0.02219015048705196,0.0004924027786380123,0.5985319312964817,0.39527599222973603,1.5142127097580278,0.7775393660192726,0.39527599222973603,26,0.5203687787773856,strong
61,peak_time,4.0,19.96,17.5,13.1471239701643,9.75,32.0,2.95,41.05,22.25,38.099999999999994,0.0,1.0,15.96,13.5,13.5,182.25,0.14800383116254148,0.2303376661337327,0.642551579369617,0.21660678702793257,0.2303376661337327,16,0.534240356979046,strong
61,peak_height,0.05405883863568306,0.05873355364426971,0.054039474576711655,0.0178029287454636,0.04684557765722275,0.06635762937366962,0.03804365638643503,0.09437222518026826,0.019512051716446877,0.05632856879383323,1.0,1.0,0.004674715008586648,-1.936405897140503e-05,1.936405897140503e-05,3.749667798480516e-10,0.14800383116254148,0.2303376661337327,0.642551579369617,0.21660678702793257,0.2303376661337327,16,0.534240356979046,strong
61,cumulative_infected,0.6729511200683191,0.7069744913803333,0.5514629684621468,0.39360882671625946,0.44344473388628103,0.7924809780088253,0.35280862190556944,1.5373225270144752,0.3490362441225443,1.1845139051089058,1.0,1.0,0.03402337131201416,-0.12148815160617232,0.12148815160617232,0.01475937098068431,0.14800383116254148,0.2303376661337327,0.642551579369617,0.21660678702793257,0.2303376661337327,16,0.534240356979046,strong
61,early_growth_slope,0.0009221817821352967,0.0003239404223387246,0.0001789384779320766,0.0024558327683720372,-0.0010924180164043444,0.0015975497053226544,-0.0035065388772636628,0.004442829276099689,0.002689967721726999,0.007949368153363352,1.0,1.0,-0.0005982413597965721,-0.0007432433042032201,0.0007432433042032201,5.524106092429204e-07,0.14800383116254148,0.2303376661337327,0.642551579369617,0.21660678702793257,0.2303376661337327,16,0.534240356979046,strong
61,post_peak_decline_slope,-0.003727175605793795,-0.0035382558533326265,-0.002863094660763941,0.0035693615219737043,-0.004167698502230147,-0.0020374521234771256,-0.00762605749148255,-0.0001237684922913676,0.0021302463787530217,0.007502288999191183,1.0,1.0,0.00018891975246116853,0.000864080945029854,0.000864080945029854,7.466358795636856e-07,0.14800383116254148,0.2303376661337327,0.642551579369617,0.21660678702793257,0.2303376661337327,16,0.534240356979046,strong
61,late_phase_auc,0.22446846135426313,0.2979900516952694,0.25694916397333145,0.16855868494585688,0.1963042272363964,0.33240560426565935,0.14739011700148694,0.6210668656567576,0.13610137702926295,0.47367674865527065,1.0,1.0,0.07352159034100625,0.032480702619068325,0.032480702619068325,0.001054996042628352,0.14800383116254148,0.2303376661337327,0.642551579369617,0.21660678702793257,0.2303376661337327,16,0.534240356979046,strong
61,time_to_half_peak_after_peak,3.0,1.42,1.0,1.215888086290773,1.0,1.0,1.0,3.0999999999999943,0.0,2.0999999999999943,0.0,1.0,-1.58,-2.0,2.0,4.0,0.14800383116254148,0.2303376661337327,0.642551579369617,0.21660678702793257,0.2303376661337327,16,0.534240356979046,strong
61,late_to_early_mean_ratio,0.5270503011924622,0.889215324373221,0.8222806590027827,0.37301985003727806,0.6429524402984005,1.123154292117786,0.33126178652284916,1.5576237628619496,0.48020185181938546,1.2263619763391005,0.0,1.0,0.3621650231807588,0.2952303578103205,0.2952303578103205,0.08716096417280986,0.14800383116254148,0.2303376661337327,0.642551579369617,0.21660678702793257,0.2303376661337327,16,0.534240356979046,strong
62,peak_time,8.0,21.17,20.5,14.07128676102904,8.75,32.25,1.0,44.0,23.5,43.0,0.0,1.0,13.170000000000002,12.5,12.5,156.25,0.16077655327317314,0.27536807668235685,0.5838605375402045,0.3325904610574312,0.27536807668235685,12,0.32027235364384415,strong
62,peak_height,0.06998760998249054,0.051606969200074675,0.04830751568078995,0.011833442467578385,0.04338937625288963,0.0593068627640605,0.03541600797325373,0.07358715645968913,0.015917486511170864,0.03817114848643541,0.0,1.0,-0.018380640782415865,-0.021680094301700592,0.021680094301700592,0.0004700264889306305,0.16077655327317314,0.27536807668235685,0.5838605375402045,0.3325904610574312,0.27536807668235685,12,0.32027235364384415,strong
62,cumulative_infected,0.4940227937186137,0.556842689778714,0.4992462493974017,0.20990657816355826,0.4264256631895478,0.6162777930148877,0.34258458524336677,0.9735869392752646,0.18985212982533994,0.6310023540318979,1.0,1.0,0.0628198960601003,0.005223455678788014,0.005223455678788014,2.728448922826275e-05,0.16077655327317314,0.27536807668235685,0.5838605375402045,0.3325904610574312,0.27536807668235685,12,0.32027235364384415,strong
62,early_growth_slope,0.0018501297301901057,0.00012606949636479202,0.00028420077842383784,0.00235272704861306,-0.00118912308370714,0.0015231356762039168,-0.004044968306109129,0.0029963084994094613,0.0027122587599110568,0.00704127680551859,0.0,1.0,-0.0017240602338253136,-0.0015659289517662679,0.0015659289517662679,2.4521334819798024e-06,0.16077655327317314,0.27536807668235685,0.5838605375402045,0.3325904610574312,0.27536807668235685,12,0.32027235364384415,strong
62,post_peak_decline_slope,-0.004174321362127866,-0.003671337892297483,-0.0030063034733757415,0.004402165671226645,-0.00411164464894682,-0.0020402868906482276,-0.006214651223493827,-0.0005743741701977983,0.0020713577582985926,0.005640277053296028,0.0,1.0,0.0005029834698303827,0.0011680178887521243,0.0011680178887521243,1.36426578844497e-06,0.16077655327317314,0.27536807668235685,0.5838605375402045,0.3325904610574312,0.27536807668235685,12,0.32027235364384415,strong
62,late_phase_auc,0.19122370053082705,0.24230950931396364,0.2165012767072767,0.10618825544040333,0.18039626762038097,0.2746916322503239,0.12892492320243037,0.40283640412380917,0.09429536462994292,0.2739114809213788,1.0,1.0,0.051085808783136594,0.025277576176449656,0.025277576176449656,0.0006389558573562152,0.16077655327317314,0.27536807668235685,0.5838605375402045,0.3325904610574312,0.27536807668235685,12,0.32027235364384415,strong
62,time_to_half_peak_after_peak,1.0,1.18,1.0,0.4794778304562056,1.0,1.0,1.0,2.0,0.0,1.0,1.0,1.0,0.17999999999999994,0.0,0.0,0.0,0.16077655327317314,0.27536807668235685,0.5838605375402045,0.3325904610574312,0.27536807668235685,12,0.32027235364384415,strong
62,late_to_early_mean_ratio,0.6490476647766682,0.8767698965264857,0.8276600524493949,0.3632401873274578,0.6430181719720364,0.9863443476468003,0.36377420688344014,1.5039109316808872,0.343326175674764,1.140136724797447,1.0,1.0,0.22772223174981754,0.1786123876727267,0.1786123876727267,0.03190238503015241,0.16077655327317314,0.27536807668235685,0.5838605375402045,0.3325904610574312,0.27536807668235685,12,0.32027235364384415,strong
63,peak_time,35.0,30.86,30.0,5.329582014046172,27.0,33.25,23.0,40.05,6.25,17.049999999999997,0.0,1.0,-4.140000000000001,-5.0,5.0,25.0,0.09626482373396879,0.05161869025613436,1.8649218578832245,0.15617569375639376,0.05161869025613436,22,0.3149785738394636,strong
63,peak_height,0.11192262172698975,0.12644318655133246,0.12644325196743011,0.026513100907121483,0.10917647555470467,0.14432460814714432,0.08308939598500728,0.1675140507519245,0.03514813259243965,0.08442465476691721,1.0,1.0,0.014520564824342719,0.014520630240440369,0.014520630240440369,0.00021084870257959132,0.09626482373396879,0.05161869025613436,1.8649218578832245,0.15617569375639376,0.05161869025613436,22,0.3149785738394636,strong
63,cumulative_infected,2.7433464529458433,2.9788343358788554,2.9933818026911467,0.7122950550703574,2.603629191813525,3.4572952118178364,1.8385155280819163,3.933695124776568,0.8536660200043116,2.095179596694652,1.0,1.0,0.23548788293301204,0.2500353497453034,0.2500353497453034,0.06251767612225619,0.09626482373396879,0.05161869025613436,1.8649218578832245,0.15617569375639376,0.05161869025613436,22,0.3149785738394636,strong
63,early_growth_slope,0.0028003003597924744,0.001282388740657466,0.001349627608544237,0.0024859102106395904,-0.0003014226132931759,0.0031626268928881644,-0.002853537901925542,0.005367879206183021,0.00346404950618134,0.008221417108108562,1.0,1.0,-0.0015179116191350083,-0.0014506727512482373,0.0014506727512482373,2.1044514312141304e-06,0.09626482373396879,0.05161869025613436,1.8649218578832245,0.15617569375639376,0.05161869025613436,22,0.3149785738394636,strong
63,post_peak_decline_slope,-0.002261443498233949,-0.0043067734119970206,-0.004048138049741582,0.0029880665866262542,-0.005409811281909541,-0.002333863731473677,-0.00881456523202359,-0.0005662188927332628,0.0030759475504358643,0.008248346339290327,0.0,1.0,-0.0020453299137630715,-0.001786694551507633,0.001786694551507633,3.192277420387062e-06,0.09626482373396879,0.05161869025613436,1.8649218578832245,0.15617569375639376,0.05161869025613436,22,0.3149785738394636,strong
63,late_phase_auc,1.7186692021787167,1.8740610779024427,1.9051013179123402,0.4859051686200751,1.6088347083423287,2.1374972343910486,1.1215718880295753,2.6102849021553993,0.5286625260487199,1.488713014125824,1.0,1.0,0.15539187572372604,0.1864321157336235,0.1864321157336235,0.03475693377691519,0.09626482373396879,0.05161869025613436,1.8649218578832245,0.15617569375639376,0.05161869025613436,22,0.3149785738394636,strong
63,time_to_half_peak_after_peak,3.0,6.88,7.0,4.870608615237759,2.0,10.0,1.0,16.0,8.0,15.0,1.0,1.0,3.88,4.0,4.0,16.0,0.09626482373396879,0.05161869025613436,1.8649218578832245,0.15617569375639376,0.05161869025613436,22,0.3149785738394636,strong
63,late_to_early_mean_ratio,1.7761921516055672,1.8364317238445782,1.8177668741651583,0.3547744423851562,1.5726086382528406,2.08033980717799,1.2908521935293118,2.466523027875342,0.5077311689251496,1.1756708343460303,1.0,1.0,0.060239572239011,0.04157472255959105,0.04157472255959105,0.0017284575559069688,0.09626482373396879,0.05161869025613436,1.8649218578832245,0.15617569375639376,0.05161869025613436,22,0.3149785738394636,strong
64,peak_time,18.0,22.63,23.0,1.983034100166773,21.0,24.0,20.0,26.0,3.0,6.0,0.0,0.0,4.629999999999999,5.0,5.0,25.0,0.2594091094833687,0.15121587434230033,1.7154886060186803,0.34721511891881074,0.15121587434230033,24,0.5136798449947185,strong
64,peak_height,0.22457613050937653,0.21685306310653688,0.215185284614563,0.01592458714062443,0.2054811753332615,0.2275373637676239,0.1945676639676094,0.24343861714005469,0.02205618843436241,0.048870953172445275,1.0,1.0,-0.007723067402839651,-0.009390845894813538,0.009390845894813538,8.818798662013627e-05,0.2594091094833687,0.15121587434230033,1.7154886060186803,0.34721511891881074,0.15121587434230033,24,0.5136798449947185,strong
64,cumulative_infected,4.69241392146796,4.7179350282110315,4.677851578278933,0.27772659120980614,4.5079840306716505,4.935381281800801,4.230483323475346,5.179103734402451,0.4273972511291504,0.9486204109271057,1.0,1.0,0.02552110674307162,-0.01456234318902716,0.01456234318902716,0.00021206183915500572,0.2594091094833687,0.15121587434230033,1.7154886060186803,0.34721511891881074,0.15121587434230033,24,0.5136798449947185,strong
64,early_growth_slope,0.004461665759750065,0.0036499607147197828,0.0038112560508861424,0.0026553634270495815,0.0019367973706851324,0.005444688359386331,-0.0007740168406772194,0.00823704738979272,0.0035078909887011987,0.00901106423046994,1.0,1.0,-0.0008117050450302823,-0.0006504097088639227,0.0006504097088639227,4.2303278938445264e-07,0.2594091094833687,0.15121587434230033,1.7154886060186803,0.34721511891881074,0.15121587434230033,24,0.5136798449947185,strong
64,post_peak_decline_slope,-0.005078696707884475,-0.008507566863050063,-0.008648985872666042,0.003177108469164329,-0.010951971324781581,-0.0061998554194966846,-0.013331641716261722,-0.0035745436698198362,0.004752115905284897,0.009757098046441886,0.0,1.0,-0.0034288701551655884,-0.003570289164781567,0.003570289164781567,1.2746964720156658e-05,0.2594091094833687,0.15121587434230033,1.7154886060186803,0.34721511891881074,0.15121587434230033,24,0.5136798449947185,strong
64,late_phase_auc,2.1349295675754547,2.1579261285482425,2.1476501354482025,0.16416902804226133,2.0183702730573714,2.295271640177816,1.9159118984127417,2.410961851105094,0.2769013671204448,0.4950499526923522,1.0,1.0,0.022996560972787794,0.012720567872747779,0.012720567872747779,0.00016181284700518295,0.2594091094833687,0.15121587434230033,1.7154886060186803,0.34721511891881074,0.15121587434230033,24,0.5136798449947185,strong
64,time_to_half_peak_after_peak,17.0,10.36,10.0,2.779869919200675,8.0,12.0,6.0,15.0,4.0,9.0,0.0,0.0,-6.640000000000001,-7.0,7.0,49.0,0.2594091094833687,0.15121587434230033,1.7154886060186803,0.34721511891881074,0.15121587434230033,24,0.5136798449947185,strong
64,late_to_early_mean_ratio,0.8942480665432915,0.9201256186392844,0.9148361723236107,0.09221436354040045,0.8581457775511421,0.9824945334453413,0.7649611373059821,1.0656672383526862,0.12434875589419925,0.30070610104670403,1.0,1.0,0.02587755209599296,0.02058810578031922,0.02058810578031922,0.0004238700996216137,0.2594091094833687,0.15121587434230033,1.7154886060186803,0.34721511891881074,0.15121587434230033,24,0.5136798449947185,strong
65,peak_time,10.0,10.22,10.0,1.1062722919057422,9.0,11.0,9.0,12.0,2.0,3.0,1.0,1.0,0.22000000000000064,0.0,0.0,0.0,0.6909233795048961,0.3676398367471465,1.8793485102652137,0.8362032366375812,0.3676398367471465,30,0.5656562580501859,strong
65,peak_height,0.2034505009651184,0.21053122267127036,0.21288935840129852,0.0187096058392773,0.19691604003310204,0.2210732251405716,0.1793023779988289,0.24058051630854607,0.02415718510746956,0.06127813830971718,1.0,1.0,0.0070807217061519545,0.009438857436180115,0.009438857436180115,8.909202970053265e-05,0.6909233795048961,0.3676398367471465,1.8793485102652137,0.8362032366375812,0.3676398367471465,30,0.5656562580501859,strong
65,cumulative_infected,2.5430539479275467,2.444614528159873,2.4555049703340046,0.1757490244678667,2.3403131425293395,2.562193539866712,2.1770740382664373,2.7168136133113876,0.22188039733737241,0.5397395750449503,1.0,1.0,-0.0984394197676739,-0.08754897759354208,0.08754897759354208,0.007664823477674532,0.6909233795048961,0.3676398367471465,1.8793485102652137,0.8362032366375812,0.3676398367471465,30,0.5656562580501859,strong
65,early_growth_slope,0.018702110574979867,0.01755404040622081,0.017827184211152293,0.0033707299850636928,0.015367708653987693,0.019548807261301024,0.012275447479138769,0.02394238194271262,0.004181098607313331,0.01166693446357385,1.0,1.0,-0.0011480701687590564,-0.0008749263638275738,0.0008749263638275738,7.6549614212054e-07,0.6909233795048961,0.3676398367471465,1.8793485102652137,0.8362032366375812,0.3676398367471465,30,0.5656562580501859,strong
65,post_peak_decline_slope,-0.016375935201843602,-0.018319823291463172,-0.018223801006873472,0.003018103185540697,-0.020080907146135987,-0.01652183669308823,-0.02400254366143299,-0.013510465907553844,0.0035590704530477565,0.010492077753879146,0.0,1.0,-0.00194388808961957,-0.0018478658050298698,0.0018478658050298698,3.4146080333986888e-06,0.6909233795048961,0.3676398367471465,1.8793485102652137,0.8362032366375812,0.3676398367471465,30,0.5656562580501859,strong
65,late_phase_auc,0.2991880090703489,0.21867238018763602,0.20968996174633503,0.059302165476963896,0.17937915324000642,0.2521483909804374,0.13437385959841777,0.3250595724886807,0.07276923774043098,0.19068571289026295,0.0,1.0,-0.08051562888271291,-0.0894980473240139,0.0894980473240139,0.00800990047481143,0.6909233795048961,0.3676398367471465,1.8793485102652137,0.8362032366375812,0.3676398367471465,30,0.5656562580501859,strong
65,time_to_half_peak_after_peak,7.0,5.59,6.0,1.1467565151550285,5.0,6.0,4.0,7.0,1.0,3.0,0.0,1.0,-1.4100000000000001,-1.0,1.0,1.0,0.6909233795048961,0.3676398367471465,1.8793485102652137,0.8362032366375812,0.3676398367471465,30,0.5656562580501859,strong
65,late_to_early_mean_ratio,0.13451180048612763,0.10418358752926754,0.09984904675806973,0.03037032295875719,0.0831230784844311,0.11775980735653171,0.0598668260584346,0.16177642099469225,0.03463672887210062,0.10190959493625765,0.0,1.0,-0.030328212956860084,-0.034662753728057896,0.034662753728057896,0.0012015064960119917,0.6909233795048961,0.3676398367471465,1.8793485102652137,0.8362032366375812,0.3676398367471465,30,0.5656562580501859,strong
66,peak_time,11.0,9.43,9.0,1.1214618886421275,9.0,10.0,8.0,11.0,1.0,3.0,0.0,1.0,-1.5700000000000003,-2.0,2.0,4.0,0.6693967905095132,0.40265383384192155,1.6624622299568435,0.8797285661201962,0.40265383384192155,25,0.5218257455517343,strong
66,peak_height,0.2217094600200653,0.2176859937608242,0.21612446010112762,0.020145248789903317,0.20413530245423317,0.2312394641339779,0.18703199550509453,0.24702532812952996,0.02710416167974472,0.05999333262443543,1.0,1.0,-0.004023466259241104,-0.005584999918937683,0.005584999918937683,3.119222409453393e-05,0.6693967905095132,0.40265383384192155,1.6624622299568435,0.8797285661201962,0.40265383384192155,25,0.5218257455517343,strong
66,cumulative_infected,2.4667909883428365,2.3920876422052104,2.3864720395067707,0.16363468222761232,2.2760732886963524,2.517855154714198,2.14585385780083,2.636526479222084,0.24178186601784546,0.490672621421254,1.0,1.0,-0.07470334613762608,-0.08031894883606583,0.08031894883606583,0.0064511335421305604,0.6693967905095132,0.40265383384192155,1.6624622299568435,0.8797285661201962,0.40265383384192155,25,0.5218257455517343,strong
66,early_growth_slope,0.022560744690487064,0.021817206443322777,0.021996579037347273,0.00373384832082527,0.01959141904011457,0.024012751237023615,0.016029222549626687,0.027237864287703157,0.004421332196909045,0.01120864173807647,1.0,1.0,-0.0007435382471642875,-0.0005641656531397907,0.0005641656531397907,3.182828841826466e-07,0.6693967905095132,0.40265383384192155,1.6624622299568435,0.8797285661201962,0.40265383384192155,25,0.5218257455517343,strong
66,post_peak_decline_slope,-0.02159650996327401,-0.01996742000492912,-0.019957154368360853,0.0036570978680809173,-0.021782758412882696,-0.018040364577124535,-0.027308717028548347,-0.013134187720716008,0.0037423938357581607,0.01417452930783234,1.0,1.0,0.0016290899583448898,0.0016393555949131555,0.0016393555949131555,2.6874867665730662e-06,0.6693967905095132,0.40265383384192155,1.6624622299568435,0.8797285661201962,0.40265383384192155,25,0.5218257455517343,strong
66,late_phase_auc,0.17152864043600857,0.20859236062328365,0.20727609013556503,0.05569360299084169,0.167490891442867,0.24017206925782375,0.12682700037257746,0.2938247624755604,0.07268117781495675,0.16699776210298292,1.0,1.0,0.03706372018727508,0.035747449699556455,0.035747449699556455,0.0012778801600223189,0.6693967905095132,0.40265383384192155,1.6624622299568435,0.8797285661201962,0.40265383384192155,25,0.5218257455517343,strong
66,time_to_half_peak_after_peak,5.0,5.36,5.0,1.322073669611035,4.75,6.0,3.0,7.0,1.25,4.0,1.0,1.0,0.3600000000000003,0.0,0.0,0.0,0.6693967905095132,0.40265383384192155,1.6624622299568435,0.8797285661201962,0.40265383384192155,25,0.5218257455517343,strong
66,late_to_early_mean_ratio,0.07833566934469804,0.10029160989717602,0.10113004993878297,0.027135562600330572,0.07878550957732057,0.11391757161577519,0.06039461523717423,0.15079720568988073,0.03513206203845462,0.09040259045270649,0.0,1.0,0.021955940552477973,0.022794380594084923,0.022794380594084923,0.0005195837866679953,0.6693967905095132,0.40265383384192155,1.6624622299568435,0.8797285661201962,0.40265383384192155,25,0.5218257455517343,strong
67,peak_time,6.0,16.96,15.0,7.230574812641947,13.0,19.0,9.95,31.049999999999997,6.0,21.099999999999998,0.0,0.0,10.96,9.0,9.0,81.0,0.3845108734312477,0.38483502997329866,0.9991576740244424,0.610087580512059,0.38483502997329866,10,0.5378190068803725,strong
67,peak_height,0.07231513410806656,0.08381185881793499,0.08467090129852295,0.020035254958386206,0.06885227374732494,0.09901118464767933,0.05058450121432543,0.11585151553153991,0.030158910900354385,0.06526701431721449,1.0,1.0,0.011496724709868428,0.01235576719045639,0.01235576719045639,0.0001526649828647586,0.3845108734312477,0.38483502997329866,0.9991576740244424,0.610087580512059,0.38483502997329866,10,0.5378190068803725,strong
67,cumulative_infected,0.9064110731123947,1.203105937870455,1.2307875591213815,0.3232622397096503,1.0750499848400068,1.4255124071496539,0.6147724025824572,1.6271021784908952,0.3504624223096471,1.012329775908438,0.0,1.0,0.2966948647580603,0.32437648600898683,0.32437648600898683,0.10522010467553843,0.3845108734312477,0.38483502997329866,0.9991576740244424,0.610087580512059,0.38483502997329866,10,0.5378190068803725,strong
67,early_growth_slope,0.007447057339872809,0.002463041589089428,0.0023156222908125657,0.0036336457196449305,-5.144638375245968e-05,0.00484528683591634,-0.0027685570477236346,0.008670623540287652,0.0048967332196688,0.011439180588011286,0.0,1.0,-0.004984015750783381,-0.005131435049060243,0.005131435049060243,2.63316256627239e-05,0.3845108734312477,0.38483502997329866,0.9991576740244424,0.610087580512059,0.38483502997329866,10,0.5378190068803725,strong
67,post_peak_decline_slope,-0.0023994612197081266,-0.004884974263996508,-0.004236789599720704,0.002733710983331161,-0.00709647335267315,-0.0029874371995295664,-0.008907222388855496,-0.001090904597658671,0.004109036153143584,0.007816317791196825,0.0,1.0,-0.0024855130442883815,-0.0018373283800125774,0.0018373283800125774,3.3757755759996424e-06,0.3845108734312477,0.38483502997329866,0.9991576740244424,0.610087580512059,0.38483502997329866,10,0.5378190068803725,strong
67,late_phase_auc,0.15583101639640518,0.3219994924890443,0.30318515514954925,0.15012024164291177,0.24882572104979772,0.37178152050910285,0.17340597732109017,0.46648089125519615,0.12295579945930513,0.293074913934106,0.0,0.0,0.16616847609263913,0.14735413875314407,0.14735413875314407,0.021713242207680835,0.3845108734312477,0.38483502997329866,0.9991576740244424,0.610087580512059,0.38483502997329866,10,0.5378190068803725,strong
67,time_to_half_peak_after_peak,6.0,2.22,2.0,1.5542707536840472,1.0,3.0,1.0,5.049999999999997,2.0,4.049999999999997,0.0,0.0,-3.78,-4.0,4.0,16.0,0.3845108734312477,0.38483502997329866,0.9991576740244424,0.610087580512059,0.38483502997329866,10,0.5378190068803725,strong
67,late_to_early_mean_ratio,0.20763272048293233,0.46331177999166046,0.34044698155889375,0.3302295058549806,0.25740704643728923,0.5534124461033194,0.1840577864890433,1.1124392575048254,0.2960053996660302,0.9283814710157821,0.0,1.0,0.25567905950872816,0.13281426107596142,0.13281426107596142,0.01763962794515364,0.3845108734312477,0.38483502997329866,0.9991576740244424,0.610087580512059,0.38483502997329866,10,0.5378190068803725,strong
68,peak_time,11.0,10.0,10.0,0.9320337272260424,9.0,11.0,9.0,11.049999999999997,2.0,2.049999999999997,1.0,1.0,-1.0,-1.0,1.0,1.0,0.4154865735577371,0.16393192507269058,2.5345067678153743,0.8043513924151916,0.16393192507269058,15,0.30935512136266247,strong
68,peak_height,0.4743167459964752,0.45417744100093843,0.4540061801671982,0.024263380944720147,0.43448886275291443,0.46998120844364166,0.4171524465084076,0.48770012259483336,0.035492345690727234,0.07054767608642576,0.0,1.0,-0.02013930499553679,-0.02031056582927704,0.02031056582927704,0.0004125190843053961,0.4154865735577371,0.16393192507269058,2.5345067678153743,0.8043513924151916,0.16393192507269058,15,0.30935512136266247,strong
68,cumulative_infected,6.032095725880936,5.824988820100798,5.806671913538594,0.26218061914663937,5.62489901742083,6.013720815361012,5.44631841222581,6.253498391143512,0.38882179794018157,0.8071799789177021,0.0,1.0,-0.20710690578013757,-0.225423812342342,0.225423812342342,0.050815895170955416,0.4154865735577371,0.16393192507269058,2.5345067678153743,0.8043513924151916,0.16393192507269058,15,0.30935512136266247,strong
68,early_growth_slope,0.04457898455716314,0.042275519895611714,0.04208233295052888,0.005346565201270906,0.039503783503148156,0.0456515981738145,0.03314692643859112,0.05036383815736154,0.006147814670666343,0.01721691171877042,1.0,1.0,-0.002303464661551423,-0.0024966516066342592,0.0024966516066342592,6.233269244909428e-06,0.4154865735577371,0.16393192507269058,2.5345067678153743,0.8043513924151916,0.16393192507269058,15,0.30935512136266247,strong
68,post_peak_decline_slope,-0.03768201445539795,-0.03393638172249002,-0.034113913650314055,0.0038604180401965375,-0.036894182177881416,-0.031353024207055616,-0.03950379256159071,-0.027408015355467812,0.0055411579708258,0.012095777206122895,0.0,1.0,0.0037456327329079275,0.003568100805083893,0.003568100805083893,1.2731343355240326e-05,0.4154865735577371,0.16393192507269058,2.5345067678153743,0.8043513924151916,0.16393192507269058,15,0.30935512136266247,strong
68,late_phase_auc,0.4477464051451534,0.48015275322622075,0.4712207383167879,0.09493211313008343,0.42005158806568943,0.5487860401335638,0.34252987911604577,0.6412726421782281,0.12873445206787437,0.29874276306218234,1.0,1.0,0.03240634808106735,0.0234743331716345,0.0234743331716345,0.0005510443178528998,0.4154865735577371,0.16393192507269058,2.5345067678153743,0.8043513924151916,0.16393192507269058,15,0.30935512136266247,strong
68,time_to_half_peak_after_peak,6.0,7.11,7.0,1.0139930069688934,6.75,8.0,5.0,9.0,1.25,4.0,0.0,1.0,1.1100000000000003,1.0,1.0,1.0,0.4154865735577371,0.16393192507269058,2.5345067678153743,0.8043513924151916,0.16393192507269058,15,0.30935512136266247,strong
68,late_to_early_mean_ratio,0.08105290426006884,0.09704785411496365,0.09617691834770155,0.017782912327814124,0.08562668298833614,0.11132839698123377,0.0696358394840505,0.12276839137657461,0.025701713992897626,0.05313255189252411,0.0,1.0,0.015994949854894816,0.015124014087632712,0.015124014087632712,0.00022873580212291273,0.4154865735577371,0.16393192507269058,2.5345067678153743,0.8043513924151916,0.16393192507269058,15,0.30935512136266247,strong
69,peak_time,13.0,13.54,13.0,1.0388416237290068,13.0,14.0,12.0,15.0,1.0,3.0,1.0,1.0,0.5399999999999991,0.0,0.0,0.0,0.4403206394168523,0.07091875502191004,6.2088038528146345,0.5925256432108177,0.07091875502191004,24,0.5060096829111098,strong
69,peak_height,0.6604127287864685,0.6351225244998931,0.6363130807876587,0.023747376031395144,0.6172229051589966,0.6513063907623291,0.5971128910779953,0.6730555236339569,0.03408348560333252,0.07594263255596168,0.0,1.0,-0.025290204286575357,-0.024099647998809814,0.024099647998809814,0.0005807930336665379,0.4403206394168523,0.07091875502191004,6.2088038528146345,0.5925256432108177,0.07091875502191004,24,0.5060096829111098,strong
69,cumulative_infected,13.333447725977749,13.354445278111607,13.316213095742569,0.6562210725920555,12.914182309003081,13.852535443846136,12.291107493406162,14.314220269490033,0.9383531348430552,2.0231127760838703,1.0,1.0,0.02099755213385812,-0.017234630235179793,0.017234630235179793,0.0002970324793433735,0.4403206394168523,0.07091875502191004,6.2088038528146345,0.5925256432108177,0.07091875502191004,24,0.5060096829111098,strong
69,early_growth_slope,0.03215436862471202,0.030177678885773565,0.03020423019049866,0.004675027655817673,0.0270840865821518,0.03358834572247273,0.023634192588118212,0.03748587764566763,0.006504259140320934,0.013851685057549419,1.0,1.0,-0.001976689738938456,-0.0019501384342133603,0.0019501384342133603,3.8030399125961365e-06,0.4403206394168523,0.07091875502191004,6.2088038528146345,0.5925256432108177,0.07091875502191004,24,0.5060096829111098,strong
69,post_peak_decline_slope,-0.02943218052387242,-0.02543933662772181,-0.025773122161626846,0.003759624637232311,-0.02878035617371401,-0.02275164003173512,-0.03105752341449261,-0.01950961284339432,0.006028716141978887,0.011547910571098292,0.0,1.0,0.0039928438961506114,0.0036590583622455736,0.0036590583622455736,1.338870809831926e-05,0.4403206394168523,0.07091875502191004,6.2088038528146345,0.5925256432108177,0.07091875502191004,24,0.5060096829111098,strong
69,late_phase_auc,3.8568999972194433,4.040662223263643,4.072433833964169,0.3859967134700206,3.780095770722255,4.300865979399532,3.4757667363621296,4.628813420236111,0.520770208677277,1.1530466838739812,1.0,1.0,0.1837622260442,0.2155338367447257,0.2155338367447257,0.04645483478190207,0.4403206394168523,0.07091875502191004,6.2088038528146345,0.5925256432108177,0.07091875502191004,24,0.5060096829111098,strong
69,time_to_half_peak_after_peak,12.0,12.74,13.0,1.3455500921574977,12.0,14.0,11.0,15.0,2.0,4.0,1.0,1.0,0.7400000000000002,1.0,1.0,1.0,0.4403206394168523,0.07091875502191004,6.2088038528146345,0.5925256432108177,0.07091875502191004,24,0.5060096829111098,strong
69,late_to_early_mean_ratio,0.4328089491993442,0.4633592323905093,0.46396249315714133,0.03749728602535243,0.4376283768918918,0.49199310939779634,0.41113911580980583,0.5183704458555186,0.05436473250590451,0.10723133004571278,0.0,1.0,0.030550283191165095,0.031153543957797125,0.031153543957797125,0.0009705433011303978,0.4403206394168523,0.07091875502191004,6.2088038528146345,0.5925256432108177,0.07091875502191004,24,0.5060096829111098,strong
70,peak_time,8.0,8.55,8.0,0.7703468981143127,8.0,9.0,8.0,10.0,1.0,2.0,1.0,1.0,0.5500000000000007,0.0,0.0,0.0,0.4792086779056579,0.2602568776668978,1.84129112053283,0.9291661929828106,0.2602568776668978,15,0.3082007772509329,strong
70,peak_height,0.38601964712142944,0.37137302666902544,0.36863772571086884,0.02208295034919541,0.35639695823192596,0.38534773141145706,0.3388966903090477,0.4067239537835121,0.028950773179531097,0.06782726347446444,0.0,1.0,-0.014646620452404002,-0.017381921410560608,0.017381921410560608,0.0003021311919229053,0.4792086779056579,0.2602568776668978,1.84129112053283,0.9291661929828106,0.2602568776668978,15,0.3082007772509329,strong
70,cumulative_infected,4.005063562450232,3.920270235098765,3.917285123025067,0.22397195717769788,3.7683502196450718,4.060390074504539,3.5655923351310777,4.300407026597531,0.2920398548594676,0.7348146914664535,1.0,1.0,-0.08479332735146716,-0.08777843942516483,0.08777843942516483,0.007705054427917332,0.4792086779056579,0.2602568776668978,1.84129112053283,0.9291661929828106,0.2602568776668978,15,0.3082007772509329,strong
70,early_growth_slope,0.047470449824773116,0.04574106889486712,0.04590458059517133,0.005524038508413819,0.04210007824717432,0.048985252938499396,0.03650873402532722,0.054597797637827496,0.006885174691325074,0.018089063612500275,1.0,1.0,-0.001729380929905995,-0.0015658692296017865,0.0015658692296017865,2.451946444213692e-06,0.4792086779056579,0.2602568776668978,1.84129112053283,0.9291661929828106,0.2602568776668978,15,0.3082007772509329,strong
70,post_peak_decline_slope,-0.03634857001403967,-0.03430954835191371,-0.03452723883092407,0.0030791167528159604,-0.03647371831660472,-0.03218706871072452,-0.03902042707428339,-0.029333400453130393,0.004286649605880197,0.009687026621152995,1.0,1.0,0.00203902166212596,0.0018213311831156015,0.0018213311831156015,3.3172472785892765e-06,0.4792086779056579,0.2602568776668978,1.84129112053283,0.9291661929828106,0.2602568776668978,15,0.3082007772509329,strong
70,late_phase_auc,0.32367208020878024,0.22480968904765633,0.22505116986576468,0.06007009798113127,0.1849119592734496,0.2566347146494081,0.1284811784280464,0.32780309526715423,0.07172275537595851,0.19932191683910783,0.0,1.0,-0.09886239116112391,-0.09862091034301557,0.09862091034301557,0.009726083956885114,0.4792086779056579,0.2602568776668978,1.84129112053283,0.9291661929828106,0.2602568776668978,15,0.3082007772509329,strong
70,time_to_half_peak_after_peak,6.0,5.76,6.0,0.8423152316650515,5.0,6.0,4.95,7.0,1.0,2.05,1.0,1.0,-0.2400000000000002,0.0,0.0,0.0,0.4792086779056579,0.2602568776668978,1.84129112053283,0.9291661929828106,0.2602568776668978,15,0.3082007772509329,strong
70,late_to_early_mean_ratio,0.0916264393320483,0.06448268425759492,0.06264801188695723,0.016916432512036807,0.051572749474029456,0.07528964634580454,0.03912564207973024,0.09355881497399371,0.023716896871775084,0.05443317289426347,0.0,1.0,-0.02714375507445338,-0.028978427445091062,0.028978427445091062,0.0008397492571904069,0.4792086779056579,0.2602568776668978,1.84129112053283,0.9291661929828106,0.2602568776668978,15,0.3082007772509329,strong
71,peak_time,22.0,20.42,19.0,14.678493853872808,6.75,32.0,0.0,46.0,25.25,46.0,1.0,1.0,-1.5799999999999983,-3.0,3.0,9.0,0.20720130815284132,0.25149033345325,0.8238937270778177,0.26264490174615396,0.25149033345325,28,0.5202337208155079,strong
71,peak_height,0.05296241119503975,0.05102935008704662,0.048898981884121895,0.013157559284901874,0.042790794745087624,0.056320032104849815,0.03587949648499489,0.068693158775568,0.013529237359762192,0.032813662290573115,1.0,1.0,-0.0019330611079931281,-0.004063429310917854,0.004063429310917854,1.6511457764826348e-05,0.20720130815284132,0.25149033345325,0.8238937270778177,0.26264490174615396,0.25149033345325,28,0.5202337208155079,strong
71,cumulative_infected,0.5881846387055703,0.576818154617904,0.5230222412210423,0.216661969173824,0.4312494454825355,0.6605620829941472,0.33590472982214126,0.9897632502990514,0.22931263751161168,0.6538585204769102,1.0,1.0,-0.011366484087666273,-0.0651623974845279,0.0651623974845279,0.004246138045931608,0.20720130815284132,0.25149033345325,0.8238937270778177,0.26264490174615396,0.25149033345325,28,0.5202337208155079,strong
71,early_growth_slope,0.002516342746232459,-0.0005419798419796683,-0.00036369611431534066,0.00225932287346329,-0.0019999006077081748,0.0010138023076468104,-0.004267195412068672,0.0032781790282266827,0.0030137029153549854,0.0075453744402953545,0.0,1.0,-0.0030583225882121275,-0.0028800388605478,0.0028800388605478,8.29462383826547e-06,0.20720130815284132,0.25149033345325,0.8238937270778177,0.26264490174615396,0.25149033345325,28,0.5202337208155079,strong
71,post_peak_decline_slope,-0.0034079972499360726,-0.0033641914548879852,-0.0028723943949444256,0.0032972548107400917,-0.0038934896544863947,-0.0017655680615765407,-0.007933519628907874,-0.0004289625748060751,0.002127921592909854,0.007504557054101799,1.0,1.0,4.380579504808732e-05,0.000535602854991647,0.000535602854991647,2.868704182752032e-07,0.20720130815284132,0.25149033345325,0.8238937270778177,0.26264490174615396,0.25149033345325,28,0.5202337208155079,strong
71,late_phase_auc,0.1602536397986114,0.2562278089426172,0.22926900800666772,0.11117502795267459,0.1829285840212833,0.31326450529741123,0.13273854782892158,0.47410951872589063,0.13033592127612792,0.34137097089696905,0.0,1.0,0.0959741691440058,0.06901536820805632,0.06901536820805632,0.00476312104889359,0.20720130815284132,0.25149033345325,0.8238937270778177,0.26264490174615396,0.25149033345325,28,0.5202337208155079,strong
71,time_to_half_peak_after_peak,1.0,1.15,1.0,0.4351941398892446,1.0,1.0,1.0,2.0,0.0,1.0,1.0,1.0,0.1499999999999999,0.0,0.0,0.0,0.20720130815284132,0.25149033345325,0.8238937270778177,0.26264490174615396,0.25149033345325,28,0.5202337208155079,strong
71,late_to_early_mean_ratio,0.45208237842047116,0.8814154731826459,0.8639116232623485,0.3213176648618852,0.6774950470629331,1.0669229601022436,0.44584783562376296,1.2957757093535005,0.38942791303931057,0.8499278737297375,0.0,1.0,0.42933309476217474,0.41182924484187733,0.41182924484187733,0.16960332690703095,0.20720130815284132,0.25149033345325,0.8238937270778177,0.26264490174615396,0.25149033345325,28,0.5202337208155079,strong
72,peak_time,10.0,20.9,20.5,12.799542289796257,10.0,29.25,2.0,42.05,19.25,40.05,1.0,1.0,10.899999999999999,10.5,10.5,110.25,0.21599289675486977,0.22948532185923104,0.9412057163610765,0.3132115590604869,0.22948532185923104,27,0.32523269993724957,strong
72,peak_height,0.06392160058021545,0.06104160267859697,0.05817532353103161,0.013534346273672294,0.051494013518095016,0.06860355287790298,0.04371546041220427,0.0872007381170988,0.017109539359807968,0.043485277704894534,1.0,1.0,-0.0028799979016184835,-0.0057462770491838455,0.0057462770491838455,3.3019699925977e-05,0.21599289675486977,0.22948532185923104,0.9412057163610765,0.3132115590604869,0.22948532185923104,27,0.32523269993724957,strong
72,cumulative_infected,1.0233732282649726,0.8423435256456924,0.8088144678804383,0.32225294256703374,0.5765067219363118,1.0136920210354674,0.4297051735629793,1.4277991792449027,0.4371852990991556,0.9980940056819234,0.0,1.0,-0.1810297026192802,-0.21455876038453425,0.21455876038453425,0.04603546165774799,0.21599289675486977,0.22948532185923104,0.9412057163610765,0.3132115590604869,0.22948532185923104,27,0.32523269993724957,strong
72,early_growth_slope,-0.0006861358941976151,0.0004629485493145093,0.0005000395942174477,0.002237268446582853,-0.0012217377355963903,0.0019382217544175332,-0.0028977239654479833,0.004119461191051715,0.0031599594900139235,0.007017185156499698,1.0,1.0,0.0011490844435121245,0.0011861754884150628,0.0011861754884150628,1.4070122893167126e-06,0.21599289675486977,0.22948532185923104,0.9412057163610765,0.3132115590604869,0.22948532185923104,27,0.32523269993724957,strong
72,post_peak_decline_slope,-0.0018908349641909156,-0.004013186314142137,-0.002819878316950053,0.0064858764742426415,-0.004333804167496662,-0.0015717328393899798,-0.008170182398808672,-0.000538705373182898,0.002762071328106682,0.007631477025625773,1.0,1.0,-0.0021223513499512214,-0.0009290433527591375,0.0009290433527591375,8.631215513059392e-07,0.21599289675486977,0.22948532185923104,0.9412057163610765,0.3132115590604869,0.22948532185923104,27,0.32523269993724957,strong
72,late_phase_auc,0.48966233571991324,0.37557311167313856,0.35129300291009713,0.18180032058884635,0.2532558155580773,0.451269295590464,0.1556392479367787,0.6470046605587865,0.19801348003238672,0.4913654126220078,0.0,1.0,-0.11408922404677468,-0.13836933280981611,0.13836933280981611,0.019146072262233655,0.21599289675486977,0.22948532185923104,0.9412057163610765,0.3132115590604869,0.22948532185923104,27,0.32523269993724957,strong
72,time_to_half_peak_after_peak,1.0,1.37,1.0,0.8487066809581685,1.0,1.0,1.0,3.0,0.0,2.0,1.0,1.0,0.3700000000000001,0.0,0.0,0.0,0.21599289675486977,0.22948532185923104,0.9412057163610765,0.3132115590604869,0.22948532185923104,27,0.32523269993724957,strong
72,late_to_early_mean_ratio,1.0179369701028629,0.8706280507752784,0.8335350677890998,0.31568890735927335,0.6736750792656631,1.0660708491553788,0.3961882487335073,1.3023070424278675,0.3923957698897157,0.9061187936943602,1.0,1.0,-0.1473089193275845,-0.18440190231376308,0.18440190231376308,0.03400406157693462,0.21599289675486977,0.22948532185923104,0.9412057163610765,0.3132115590604869,0.22948532185923104,27,0.32523269993724957,strong
73,peak_time,11.0,12.08,12.0,1.03162126007679,11.0,13.0,11.0,14.0,2.0,3.0,1.0,1.0,1.08,1.0,1.0,1.0,0.5043693205087276,0.09523592619945846,5.295998481207564,0.6849603671167936,0.09523592619945846,21,0.5454278985909682,strong
73,peak_height,0.586627721786499,0.5818538880348205,0.5797137022018433,0.02660445186116786,0.5675577968358994,0.5964778363704681,0.5427239149808883,0.623978692293167,0.028920039534568787,0.0812547773122787,1.0,1.0,-0.004773833751678502,-0.006914019584655762,0.006914019584655762,4.780366681700343e-05,0.5043693205087276,0.09523592619945846,5.295998481207564,0.6849603671167936,0.09523592619945846,21,0.5454278985909682,strong
73,cumulative_infected,10.154521364718676,10.237553600352975,10.257172106008511,0.5441706205667439,9.920921100769192,10.60526908445172,9.302652258452998,11.007490065856837,0.6843479836825281,1.7048378074038393,1.0,1.0,0.08303223563429896,0.10265074128983542,0.10265074128983542,0.010537174687352723,0.5043693205087276,0.09523592619945846,5.295998481207564,0.6849603671167936,0.09523592619945846,21,0.5454278985909682,strong
73,early_growth_slope,0.04238647810139116,0.037377885278035226,0.037057467664237176,0.005411346285165653,0.03360701539453917,0.040867743126693216,0.028802478855886004,0.046297140502567675,0.007260727732154047,0.01749466164668167,0.0,1.0,-0.005008592823355931,-0.005329010437153982,0.005329010437153982,2.8398352239296072e-05,0.5043693205087276,0.09523592619945846,5.295998481207564,0.6849603671167936,0.09523592619945846,21,0.5454278985909682,strong
73,post_peak_decline_slope,-0.02882324655850729,-0.030476881921291367,-0.030690699567397468,0.00394583969945382,-0.03334506389995416,-0.02747207259138425,-0.037217202881972056,-0.02426764215032259,0.00587299130856991,0.012949560731649466,1.0,1.0,-0.0016536353627840776,-0.0018674530088901783,0.0018674530088901783,3.4873807404129805e-06,0.5043693205087276,0.09523592619945846,5.295998481207564,0.6849603671167936,0.09523592619945846,21,0.5454278985909682,strong
73,late_phase_auc,2.058235458098352,2.094303193915366,2.0913516436703503,0.2562416793831137,1.949069102323847,2.2414949546800926,1.7154314000970772,2.565221511828713,0.29242585235624574,0.8497901117316358,1.0,1.0,0.03606773581701406,0.03311618557199836,0.03311618557199836,0.0010966817468390322,0.5043693205087276,0.09523592619945846,5.295998481207564,0.6849603671167936,0.09523592619945846,21,0.5454278985909682,strong
73,time_to_half_peak_after_peak,10.0,10.17,10.0,1.2557343217690144,9.75,11.0,8.0,12.0,1.25,4.0,1.0,1.0,0.16999999999999993,0.0,0.0,0.0,0.5043693205087276,0.09523592619945846,5.295998481207564,0.6849603671167936,0.09523592619945846,21,0.5454278985909682,strong
73,late_to_early_mean_ratio,0.27242339559488227,0.27514137135226496,0.2716885504889067,0.026627093848578687,0.26002085795480656,0.29575696267339147,0.23094869452876532,0.32387433419242484,0.035736104718584905,0.09292563966365952,1.0,1.0,0.0027179757573826957,-0.0007348451059755456,0.0007348451059755456,5.399973297762109e-07,0.5043693205087276,0.09523592619945846,5.295998481207564,0.6849603671167936,0.09523592619945846,21,0.5454278985909682,strong
74,peak_time,14.0,13.27,13.0,1.8359760567088232,12.0,15.0,10.0,17.0,3.0,7.0,1.0,1.0,-0.7300000000000004,-1.0,1.0,1.0,0.4787246460799123,0.32313664666840863,1.4814928947726642,0.6346798762950522,0.32313664666840863,26,0.4880777825956608,strong
74,peak_height,0.1497928351163864,0.15760805942118167,0.15639007091522217,0.015347378080653682,0.14565400779247284,0.16812046617269516,0.13484038636088372,0.1812090992927551,0.02246645838022232,0.04636871293187139,1.0,1.0,0.007815224304795254,0.006597235798835754,0.006597235798835754,4.3523520185440034e-05,0.4787246460799123,0.32313664666840863,1.4814928947726642,0.6346798762950522,0.32313664666840863,26,0.4880777825956608,strong
74,cumulative_infected,2.35249768383801,2.2997501702243754,2.285499180186889,0.2106258622367967,2.156354632024886,2.438862443668768,1.9689424276642966,2.6146396254102,0.2825078116438817,0.6456971977459034,1.0,1.0,-0.05274751361363439,-0.0669985036511207,0.0669985036511207,0.004488799491489234,0.4787246460799123,0.32313664666840863,1.4814928947726642,0.6346798762950522,0.32313664666840863,26,0.4880777825956608,strong
74,early_growth_slope,0.009608366992324589,0.007586192511319365,0.007669075054027848,0.0029466817499943375,0.005796164791155163,0.009750053389108783,0.0026832461118742493,0.011806401643843853,0.003953888597953621,0.009123155531969603,1.0,1.0,-0.002022174481005224,-0.0019392919382967408,0.0019392919382967408,3.7608532219427298e-06,0.4787246460799123,0.32313664666840863,1.4814928947726642,0.6346798762950522,0.32313664666840863,26,0.4880777825956608,strong
74,post_peak_decline_slope,-0.0128023092324535,-0.00991601239284501,-0.009938573744148017,0.0037609517144795647,-0.012355828750878579,-0.007577714199821162,-0.016306176418438564,-0.003482243393858281,0.004778114551057417,0.012823933024580283,0.0,1.0,0.0028862968396084904,0.002863735488305484,0.002863735488305484,8.200980946980248e-06,0.4787246460799123,0.32313664666840863,1.4814928947726642,0.6346798762950522,0.32313664666840863,26,0.4880777825956608,strong
74,late_phase_auc,0.3109876699745655,0.32439231815843983,0.3187982122035464,0.08695456834887955,0.2623641247919295,0.3923709810769651,0.18627961229358334,0.46956620912824293,0.1300068562850356,0.2832865968346596,1.0,1.0,0.013404648183874324,0.007810542228980921,0.007810542228980921,6.100456991069426e-05,0.4787246460799123,0.32313664666840863,1.4814928947726642,0.6346798762950522,0.32313664666840863,26,0.4880777825956608,strong
74,time_to_half_peak_after_peak,7.0,6.65,7.0,2.332792145031184,5.0,8.0,2.95,11.0,3.0,8.05,1.0,1.0,-0.34999999999999964,0.0,0.0,0.0,0.4787246460799123,0.32313664666840863,1.4814928947726642,0.6346798762950522,0.32313664666840863,26,0.4880777825956608,strong
74,late_to_early_mean_ratio,0.16380198287372305,0.17708414092939045,0.17564634806090276,0.0460134451785468,0.14280953418570497,0.20868907487498461,0.10763020613950339,0.2561636850240194,0.06587954068927965,0.14853347888451604,1.0,1.0,0.013282158055667403,0.011844365187179712,0.011844365187179712,0.00014028898668727469,0.4787246460799123,0.32313664666840863,1.4814928947726642,0.6346798762950522,0.32313664666840863,26,0.4880777825956608,strong
75,peak_time,7.0,22.53,19.0,14.225070342976384,11.75,36.0,1.0,45.05,24.25,44.05,0.0,1.0,15.530000000000001,12.0,12.0,144.0,0.1352835690242502,0.3128434453487288,0.43243216706505916,0.1956328376872004,0.3128434453487288,23,0.428736472605482,strong
75,peak_height,0.040843743830919266,0.05118216995149851,0.05069883167743683,0.012298909656985166,0.04186124540865421,0.0565588166937232,0.03543813470751047,0.07316410206258296,0.014697571285068989,0.03772596735507249,0.0,1.0,0.010338426120579246,0.009855087846517563,0.009855087846517563,9.712275646257817e-05,0.1352835690242502,0.3128434453487288,0.43243216706505916,0.1956328376872004,0.3128434453487288,23,0.428736472605482,strong
75,cumulative_infected,0.45763701110263355,0.5492057098123587,0.4938277370920332,0.2105512933048062,0.4386409613289288,0.5912034516513813,0.3400577337597497,1.030568452720763,0.1525624903224525,0.6905107189610133,1.0,1.0,0.09156869870972517,0.03619072598939965,0.03619072598939965,0.0013097686476398075,0.1352835690242502,0.3128434453487288,0.43243216706505916,0.1956328376872004,0.3128434453487288,23,0.428736472605482,strong
75,early_growth_slope,0.0008860594992126756,-0.00014793306984193697,-0.00019660527773556247,0.0021733823456547086,-0.0015341336797324127,0.0011792979178911383,-0.0034778834991378775,0.003634997435784453,0.002713431597623551,0.007112880934922331,1.0,1.0,-0.0010339925690546125,-0.001082664776948238,0.001082664776948238,1.172163019244378e-06,0.1352835690242502,0.3128434453487288,0.43243216706505916,0.1956328376872004,0.3128434453487288,23,0.428736472605482,strong
75,post_peak_decline_slope,-0.002037919685244562,-0.0036418759508362124,-0.0026820609908706217,0.005749743133532377,-0.0037636587920133018,-0.0016874327285525683,-0.00633338349571984,-0.0005300281010810625,0.0020762260634607337,0.005803355394638778,1.0,1.0,-0.0016039562655916504,-0.0006441413056260596,0.0006441413056260596,4.149180216136447e-07,0.1352835690242502,0.3128434453487288,0.43243216706505916,0.1956328376872004,0.3128434453487288,23,0.428736472605482,strong
75,late_phase_auc,0.2160327295132447,0.25857669084696683,0.21963272447464988,0.1384233449045362,0.1866098225582391,0.28926325489010196,0.10389084149865084,0.523162060771392,0.10265343233186286,0.4192712192727412,1.0,1.0,0.042543961333722125,0.003599994961405173,0.003599994961405173,1.2959963722142632e-05,0.1352835690242502,0.3128434453487288,0.43243216706505916,0.1956328376872004,0.3128434453487288,23,0.428736472605482,strong
75,time_to_half_peak_after_peak,2.0,1.12,1.0,0.38349798835288185,1.0,1.0,1.0,2.0,0.0,1.0,0.0,1.0,-0.8799999999999999,-1.0,1.0,1.0,0.1352835690242502,0.3128434453487288,0.43243216706505916,0.1956328376872004,0.3128434453487288,23,0.428736472605482,strong
75,late_to_early_mean_ratio,0.942782836882217,0.9519698996637993,0.8986174191228065,0.38401164176079644,0.6863028644549841,1.2110853859623294,0.4484313323245966,1.7351682930860954,0.5247825215073453,1.286736960761499,1.0,1.0,0.009187062781582322,-0.04416541775941052,0.04416541775941052,0.001950584125863254,0.1352835690242502,0.3128434453487288,0.43243216706505916,0.1956328376872004,0.3128434453487288,23,0.428736472605482,strong
76,peak_time,11.0,11.64,11.0,1.9411545039179152,10.0,13.0,9.0,15.0,3.0,6.0,1.0,1.0,0.6400000000000006,0.0,0.0,0.0,0.6078107502138779,0.46499854909492,1.3071239714552436,0.7902311024831781,0.46499854909492,23,0.5725105401396653,strong
76,peak_height,0.10927402973175049,0.12662359572947024,0.1266704425215721,0.01742039455143536,0.11527318321168423,0.13834569230675697,0.09917540624737739,0.15531391724944113,0.023072509095072746,0.05613851100206374,0.0,1.0,0.01734956599771975,0.017396412789821625,0.017396412789821625,0.0003026351779538694,0.6078107502138779,0.46499854909492,1.3071239714552436,0.7902311024831781,0.46499854909492,23,0.5725105401396653,strong
76,cumulative_infected,1.4419369447787176,1.6563975678758607,1.6471779251587577,0.1371754773507274,1.569103252259083,1.7638243279070593,1.443618448280904,1.862768358725134,0.19472107564797625,0.41914991044423,0.0,0.0,0.2144606230971431,0.20524098038004013,0.20524098038004013,0.042123860027360016,0.6078107502138779,0.46499854909492,1.3071239714552436,0.7902311024831781,0.46499854909492,23,0.5725105401396653,strong
76,early_growth_slope,0.006740220478691514,0.007586427027383162,0.007548437970052915,0.0033635361460070336,0.005449414574069947,0.00964439657400362,0.0021803858247862796,0.013426144213683848,0.004194981999933674,0.011245758388897568,1.0,1.0,0.0008462065486916481,0.0008082174913614003,0.0008082174913614003,6.532155133425152e-07,0.6078107502138779,0.46499854909492,1.3071239714552436,0.7902311024831781,0.46499854909492,23,0.5725105401396653,strong
76,post_peak_decline_slope,-0.009514140834410987,-0.008787964989828959,-0.009187372059871749,0.0032048200300392317,-0.011114150844514373,-0.006983429022754235,-0.013309156293980795,-0.003330064006149772,0.004130721821760138,0.009979092287831023,1.0,1.0,0.0007261758445820284,0.00032676877453923815,0.00032676877453923815,1.0677783201387545e-07,0.6078107502138779,0.46499854909492,1.3071239714552436,0.7902311024831781,0.46499854909492,23,0.5725105401396653,strong
76,late_phase_auc,0.14327163342386484,0.23776337407774462,0.2385777812305605,0.07603923352956893,0.18207170054665767,0.2828355656529311,0.11854902712293551,0.3784826369141228,0.10076386510627344,0.2599336097911873,0.0,1.0,0.09449174065387977,0.09530614780669566,0.09530614780669566,0.009083261809751721,0.6078107502138779,0.46499854909492,1.3071239714552436,0.7902311024831781,0.46499854909492,23,0.5725105401396653,strong
76,time_to_half_peak_after_peak,4.0,5.08,5.0,2.565032931444339,3.0,7.0,1.0,9.0,4.0,8.0,1.0,1.0,1.08,1.0,1.0,1.0,0.6078107502138779,0.46499854909492,1.3071239714552436,0.7902311024831781,0.46499854909492,23,0.5725105401396653,strong
76,late_to_early_mean_ratio,0.12043497230232013,0.17955681787653457,0.1701743145800056,0.06428536105468269,0.13272720759181794,0.21686537200414385,0.0978538369860355,0.29305936180891273,0.08413816441232591,0.19520552482287723,0.0,1.0,0.059121845574214446,0.049739342277685464,0.049739342277685464,0.0024740021702167486,0.6078107502138779,0.46499854909492,1.3071239714552436,0.7902311024831781,0.46499854909492,23,0.5725105401396653,strong
77,peak_time,10.0,11.26,11.0,0.8601150968318018,11.0,12.0,10.0,13.0,1.0,3.0,0.0,1.0,1.2599999999999998,1.0,1.0,1.0,0.36766693336828643,0.18089440429232445,2.032494785046742,0.7218342998880969,0.18089440429232445,10,0.38668859568131564,strong
77,peak_height,0.37409311532974243,0.36211828887462616,0.36183053255081177,0.01958692813482203,0.34534231573343277,0.3748629093170166,0.3317468211054802,0.3946974456310272,0.029520593583583832,0.062950624525547,1.0,1.0,-0.011974826455116272,-0.012262582778930664,0.012262582778930664,0.0001503709364101269,0.36766693336828643,0.18089440429232445,2.032494785046742,0.7218342998880969,0.18089440429232445,10,0.38668859568131564,strong
77,cumulative_infected,4.926388722582487,4.774577215973304,4.765113652392756,0.21871392170792583,4.600713791616727,4.918331642969861,4.462725635558309,5.1488361288793385,0.31761785135313403,0.6861104933210296,0.0,1.0,-0.1518115066091834,-0.1612750701897312,0.1612750701897312,0.026009648264702725,0.36766693336828643,0.18089440429232445,2.032494785046742,0.7218342998880969,0.18089440429232445,10,0.38668859568131564,strong
77,early_growth_slope,0.031020330752999998,0.02629030120037246,0.0269278955889777,0.0036506663851754366,0.02390611032578384,0.028397950313297938,0.019956649363129617,0.03155580546923113,0.004491839987514099,0.011599156106101516,0.0,1.0,-0.004730029552627538,-0.004092435164022298,0.004092435164022298,1.674802557172621e-05,0.36766693336828643,0.18089440429232445,2.032494785046742,0.7218342998880969,0.18089440429232445,10,0.38668859568131564,strong
77,post_peak_decline_slope,-0.025065422058105497,-0.027017475593835133,-0.027614665403962155,0.0040671188233015855,-0.029776992648839935,-0.02439074572175742,-0.03332190940777464,-0.02008884432415169,0.005386246927082516,0.013233065083622948,1.0,1.0,-0.0019520535357296365,-0.002549243345856659,0.002549243345856659,6.498641636394453e-06,0.36766693336828643,0.18089440429232445,2.032494785046742,0.7218342998880969,0.18089440429232445,10,0.38668859568131564,strong
77,late_phase_auc,0.520134679711191,0.40970223023604374,0.42015525058377534,0.0903841123190851,0.3408902695082361,0.46808112182770856,0.2753593902452849,0.5669497009017505,0.12719085231947247,0.29159031065646557,0.0,1.0,-0.11043244947514724,-0.09997942912741564,0.09997942912741564,0.009995886248643927,0.36766693336828643,0.18089440429232445,2.032494785046742,0.7218342998880969,0.18089440429232445,10,0.38668859568131564,strong
77,time_to_half_peak_after_peak,8.0,7.01,7.0,1.1590225767142475,6.0,8.0,5.0,9.0,2.0,4.0,1.0,1.0,-0.9900000000000002,-1.0,1.0,1.0,0.36766693336828643,0.18089440429232445,2.032494785046742,0.7218342998880969,0.18089440429232445,10,0.38668859568131564,strong
77,late_to_early_mean_ratio,0.1285402171939175,0.10189133029158481,0.10352498998508108,0.021906747970931867,0.08575943594817004,0.11635778774801747,0.06692487027445754,0.13787247458737525,0.030598351799847434,0.07094760431291772,0.0,1.0,-0.02664888690233269,-0.02501522720883642,0.02501522720883642,0.00062576159230971,0.36766693336828643,0.18089440429232445,2.032494785046742,0.7218342998880969,0.18089440429232445,10,0.38668859568131564,strong
78,peak_time,11.0,9.91,10.0,0.7925792188682581,9.0,10.0,9.0,11.0,1.0,2.0,0.0,1.0,-1.0899999999999999,-1.0,1.0,1.0,0.5951608263488414,0.2386919122428906,2.4934268645986273,0.7952676908264648,0.2386919122428906,22,0.5506749605333103,strong
78,peak_height,0.3501555621623993,0.34428431183099745,0.34374988079071045,0.020479967026459888,0.32915206253528595,0.3571929261088371,0.3147055387496948,0.3787294775247574,0.028040863573551178,0.06402393877506257,1.0,1.0,-0.005871250331401845,-0.006405681371688843,0.006405681371688843,4.1032753835601454e-05,0.5951608263488414,0.2386919122428906,2.4934268645986273,0.7952676908264648,0.2386919122428906,22,0.5506749605333103,strong
78,cumulative_infected,4.0957060768269,4.018058823551001,4.020393862505443,0.20426848241501086,3.8508041065651923,4.164203480046126,3.698254053472192,4.335676639231679,0.3133993734809337,0.6374225857594866,1.0,1.0,-0.07764725327589961,-0.07531221432145685,0.07531221432145685,0.0056719296260010505,0.5951608263488414,0.2386919122428906,2.4934268645986273,0.7952676908264648,0.2386919122428906,22,0.5506749605333103,strong
78,early_growth_slope,0.03615079582890583,0.03275972845791416,0.03237155542731107,0.00492330375790924,0.028953590108098323,0.03633631963852426,0.02510269309970594,0.040380384411712704,0.007382729530425937,0.015277691312006764,1.0,1.0,-0.0033910673709916725,-0.0037792404015947606,0.0037792404015947606,1.4282658013046127e-05,0.5951608263488414,0.2386919122428906,2.4934268645986273,0.7952676908264648,0.2386919122428906,22,0.5506749605333103,strong
78,post_peak_decline_slope,-0.0350569018473228,-0.029282852809876227,-0.029545670188963445,0.0038106707050604444,-0.031937200576067,-0.027204315861066204,-0.034768529950330695,-0.022636334250370687,0.004732884715000794,0.012132195699960008,0.0,0.0,0.00577404903744657,0.0055112316583593515,0.0055112316583593515,3.037367439210237e-05,0.5951608263488414,0.2386919122428906,2.4934268645986273,0.7952676908264648,0.2386919122428906,22,0.5506749605333103,strong
78,late_phase_auc,0.30839799297973514,0.2791925804217681,0.2770636473906052,0.06900178172365988,0.23159696807306318,0.3204628291132394,0.1799265836692939,0.40250394863542166,0.08886586104017624,0.22257736496612776,1.0,1.0,-0.029205412557967048,-0.03133434558912995,0.03133434558912995,0.0009818412134990277,0.5951608263488414,0.2386919122428906,2.4934268645986273,0.7952676908264648,0.2386919122428906,22,0.5506749605333103,strong
78,time_to_half_peak_after_peak,5.0,6.14,6.0,1.1372481406154653,5.0,7.0,4.0,8.0,2.0,4.0,1.0,1.0,1.1399999999999997,1.0,1.0,1.0,0.5951608263488414,0.2386919122428906,2.4934268645986273,0.7952676908264648,0.2386919122428906,22,0.5506749605333103,strong
78,late_to_early_mean_ratio,0.08601951870382793,0.07954269812994927,0.07668863567192527,0.019433038337997397,0.06525316022176939,0.09227718600766184,0.0488301206912386,0.11569013458512066,0.027024025785892455,0.06686001389388206,1.0,1.0,-0.006476820573878661,-0.00933088303190266,0.00933088303190266,8.706537815504896e-05,0.5951608263488414,0.2386919122428906,2.4934268645986273,0.7952676908264648,0.2386919122428906,22,0.5506749605333103,strong
79,peak_time,16.0,14.81,15.0,2.008542363068906,13.0,16.0,12.0,18.0,3.0,6.0,1.0,1.0,-1.1899999999999995,-1.0,1.0,1.0,0.3387238007007507,0.25228892267837133,1.3426027472976696,0.512515999636541,0.25228892267837133,15,0.5155769379212749,strong
79,peak_height,0.16865812242031097,0.15529119536280633,0.15518824756145477,0.013434375055905546,0.14621878415346146,0.1645280383527279,0.13396769091486932,0.17370555102825164,0.018309254199266434,0.03973786011338232,0.0,1.0,-0.01336692705750464,-0.013469874858856201,0.013469874858856201,0.00018143752871324637,0.3387238007007507,0.25228892267837133,1.3426027472976696,0.512515999636541,0.25228892267837133,15,0.5155769379212749,strong
79,cumulative_infected,2.483728808350861,2.427267150295884,2.4248804733506404,0.15463884425741464,2.3321177617181093,2.52165617798164,2.176720570749603,2.6899002001679038,0.18953841626353096,0.5131796294183006,1.0,1.0,-0.05646165805497727,-0.058848335000220686,0.058848335000220686,0.003463126532298199,0.3387238007007507,0.25228892267837133,1.3426027472976696,0.512515999636541,0.25228892267837133,15,0.5155769379212749,strong
79,early_growth_slope,-0.0017693568730638126,0.006098814176636682,0.005796271631316768,0.0030098566475574603,0.003966428323543542,0.008803646843824977,0.0010240358328225002,0.0105962856359838,0.004837218520281435,0.009572249803161301,0.0,0.0,0.007868171049700494,0.007565628504380581,0.007565628504380581,5.723873466629595e-05,0.3387238007007507,0.25228892267837133,1.3426027472976696,0.512515999636541,0.25228892267837133,15,0.5155769379212749,strong
79,post_peak_decline_slope,-0.010677006840705862,-0.008914936403123042,-0.008643099603553608,0.0032782225676700355,-0.011610292480327192,-0.006588727173705889,-0.014260421978930637,-0.0037604813401897787,0.005021565306621303,0.010499940638740858,1.0,1.0,0.00176207043758282,0.002033907237152254,0.002033907237152254,4.136778649340316e-06,0.3387238007007507,0.25228892267837133,1.3426027472976696,0.512515999636541,0.25228892267837133,15,0.5155769379212749,strong
79,late_phase_auc,0.3770936904475093,0.41392148870967505,0.4033614175859839,0.08321324401632403,0.36018315493129194,0.4676482292707078,0.29147708780365067,0.5509152750775683,0.10746507433941588,0.25943818727391765,1.0,1.0,0.036827798262165756,0.026267727138474584,0.026267727138474584,0.0006899934890213541,0.3387238007007507,0.25228892267837133,1.3426027472976696,0.512515999636541,0.25228892267837133,15,0.5155769379212749,strong
79,time_to_half_peak_after_peak,4.0,6.63,7.0,2.5767217446777115,5.0,8.0,2.0,11.0,3.0,9.0,0.0,1.0,2.63,3.0,3.0,9.0,0.3387238007007507,0.25228892267837133,1.3426027472976696,0.512515999636541,0.25228892267837133,15,0.5155769379212749,strong
79,late_to_early_mean_ratio,0.19226212584616897,0.22387791975494103,0.21628948515813873,0.04856681131776969,0.18798698489028684,0.25549148381455455,0.15781387183577242,0.3033041845973612,0.06750449892426771,0.14549031276158877,1.0,1.0,0.03161579390877206,0.024027359311969754,0.024027359311969754,0.0005773139955064996,0.3387238007007507,0.25228892267837133,1.3426027472976696,0.512515999636541,0.25228892267837133,15,0.5155769379212749,strong
80,peak_time,23.0,16.17,15.0,5.283966600036664,13.0,19.0,9.0,26.049999999999997,6.0,17.049999999999997,0.0,1.0,-6.829999999999998,-8.0,8.0,64.0,0.47069162860406466,0.4401458945565456,1.069399111579342,0.6300782006652179,0.4401458945565456,22,0.5482800732033916,strong
80,peak_height,0.08042019605636597,0.0892745815590024,0.08938808366656303,0.017527355405462165,0.07414229586720467,0.10059945657849312,0.06389173809438944,0.11680082380771636,0.026457160711288452,0.05290908571332692,1.0,1.0,0.008854385502636439,0.008967887610197067,0.008967887610197067,8.042300818912607e-05,0.47069162860406466,0.4401458945565456,1.069399111579342,0.6300782006652179,0.4401458945565456,22,0.5482800732033916,strong
80,cumulative_infected,1.2521774354972877,1.3619434034674065,1.373968936939491,0.26264971535930604,1.2006332374585327,1.5117659886163892,0.9979817252431531,1.7865807913360185,0.31113275115785655,0.7885990660928655,1.0,1.0,0.10976596797011884,0.1217915014422033,0.1217915014422033,0.014833169823546209,0.47069162860406466,0.4401458945565456,1.069399111579342,0.6300782006652179,0.4401458945565456,22,0.5482800732033916,strong
80,early_growth_slope,0.004965788241298425,0.0027329149615079153,0.0026191094324791,0.002823745203856811,0.0005385098879092506,0.0043923075510455024,-0.0013200896409606272,0.007928735231343166,0.0038537976631362516,0.009248824872303793,0.0,1.0,-0.00223287327979051,-0.0023466788088193254,0.0023466788088193254,5.506901431761688e-06,0.47069162860406466,0.4401458945565456,1.069399111579342,0.6300782006652179,0.4401458945565456,22,0.5482800732033916,strong
80,post_peak_decline_slope,-0.005137695868810028,-0.004159491775770828,-0.003915350884199146,0.002713809687235726,-0.006240783515386286,-0.0025501222815364644,-0.0084484926937148,0.0005181264396136057,0.003690661233849822,0.008966619133328404,1.0,1.0,0.0009782040930391995,0.0012223449846108818,0.0012223449846108818,1.4941272614033767e-06,0.47069162860406466,0.4401458945565456,1.069399111579342,0.6300782006652179,0.4401458945565456,22,0.5482800732033916,strong
80,late_phase_auc,0.24872023571515456,0.35571703272183525,0.34316297754412517,0.11201653752158841,0.2707213639514521,0.41470835864311084,0.20914682521397482,0.5175848793547629,0.14398699469165877,0.3084380541407881,0.0,1.0,0.10699679700668069,0.09444274182897061,0.09444274182897061,0.008919431484173596,0.47069162860406466,0.4401458945565456,1.069399111579342,0.6300782006652179,0.4401458945565456,22,0.5482800732033916,strong
80,time_to_half_peak_after_peak,1.0,3.12,2.0,2.6449112566503166,1.0,5.0,1.0,8.049999999999997,4.0,7.049999999999997,1.0,1.0,2.12,1.0,1.0,1.0,0.47069162860406466,0.4401458945565456,1.069399111579342,0.6300782006652179,0.4401458945565456,22,0.5482800732033916,strong
80,late_to_early_mean_ratio,0.24539455089164075,0.4188077001701652,0.3714275744782086,0.21538281149810728,0.268650256610215,0.4857312824286984,0.19127587218731693,0.8949079533025311,0.21708102581848338,0.7036320811152142,0.0,1.0,0.17341314927852447,0.12603302358656787,0.12603302358656787,0.015884323034372372,0.47069162860406466,0.4401458945565456,1.069399111579342,0.6300782006652179,0.4401458945565456,22,0.5482800732033916,strong
81,peak_time,23.0,20.62,19.0,10.301299319831827,14.75,26.0,4.95,41.099999999999994,11.25,36.14999999999999,1.0,1.0,-2.379999999999999,-4.0,4.0,16.0,0.23388968360446938,0.23774780584853872,0.9837722067284725,0.3180362455536828,0.23774780584853872,27,0.4248224498224073,strong
81,peak_height,0.06626122444868088,0.06839072540402412,0.06860116496682167,0.015460334360749886,0.055604749359190464,0.07680786028504372,0.04671869706362486,0.09451520033180713,0.021203110925853252,0.04779650326818227,1.0,1.0,0.0021295009553432415,0.002339940518140793,0.002339940518140793,5.475321628437002e-06,0.23388968360446938,0.23774780584853872,0.9837722067284725,0.3180362455536828,0.23774780584853872,27,0.4248224498224073,strong
81,cumulative_infected,1.2128187759662978,1.0237694858080795,1.0030009245383553,0.3180612531453976,0.8065505572067195,1.2480762949289783,0.5482065510062967,1.551880836224882,0.4415257377222588,1.0036742852185854,1.0,1.0,-0.18904929015821836,-0.20981785142794251,0.20981785142794251,0.04402353077783816,0.23388968360446938,0.23774780584853872,0.9837722067284725,0.3180362455536828,0.23774780584853872,27,0.4248224498224073,strong
81,early_growth_slope,0.0011575421189523442,0.0005520672114254842,0.0005533660725112514,0.0024579509831242612,-0.0012391969434074337,0.002089077635554574,-0.003131639590996893,0.004235876476637455,0.0033282745789620077,0.007367516067634348,1.0,1.0,-0.00060547490752686,-0.0006041760464410928,0.0006041760464410928,3.6502869509318957e-07,0.23388968360446938,0.23774780584853872,0.9837722067284725,0.3180362455536828,0.23774780584853872,27,0.4248224498224073,strong
81,post_peak_decline_slope,-0.0025450339230398376,-0.004112896191098807,-0.003347733448026703,0.006311542201174523,-0.00477780692745,-0.002052120511264854,-0.006990910232222331,-5.01605773267224e-05,0.0027256864161851464,0.006940749654895609,1.0,1.0,-0.0015678622680589697,-0.0008026995249868652,0.0008026995249868652,6.443265274141391e-07,0.23388968360446938,0.23774780584853872,0.9837722067284725,0.3180362455536828,0.23774780584853872,27,0.4248224498224073,strong
81,late_phase_auc,0.42767469258978963,0.4262982016486785,0.3997028366284212,0.17016842230443768,0.326344977658664,0.4830079147068318,0.21827767829381628,0.7727715590095613,0.1566629370481678,0.554493880715745,1.0,1.0,-0.0013764909411111415,-0.02797185596136842,0.02797185596136842,0.000782424725923542,0.23388968360446938,0.23774780584853872,0.9837722067284725,0.3180362455536828,0.23774780584853872,27,0.4248224498224073,strong
81,time_to_half_peak_after_peak,2.0,1.5,1.0,1.1146408580454255,1.0,2.0,1.0,3.049999999999997,1.0,2.049999999999997,1.0,1.0,-0.5,-1.0,1.0,1.0,0.23388968360446938,0.23774780584853872,0.9837722067284725,0.3180362455536828,0.23774780584853872,27,0.4248224498224073,strong
81,late_to_early_mean_ratio,0.5744278541624265,0.7954009786962353,0.7432251061033026,0.3042285882218917,0.6112179561336224,0.944868124079927,0.4120060444944579,1.1881742414615826,0.33365016794630464,0.7761681969671247,0.0,1.0,0.2209731245338088,0.16879725194087614,0.16879725194087614,0.028492512262791612,0.23388968360446938,0.23774780584853872,0.9837722067284725,0.3180362455536828,0.23774780584853872,27,0.4248224498224073,strong
82,peak_time,10.0,10.47,10.0,0.9151364638537509,10.0,11.0,9.0,12.0,1.0,3.0,1.0,1.0,0.47000000000000064,0.0,0.0,0.0,0.49187871069308725,0.17536908826992742,2.8048199117964816,0.7614287716140926,0.17536908826992742,19,0.4290232008777321,strong
82,peak_height,0.45521774888038635,0.4188011404871941,0.41689659655094147,0.017760181729040758,0.405924454331398,0.43334149569272995,0.3921246826648712,0.44579275846481325,0.02741704136133194,0.05366807579994204,0.0,0.0,-0.036416608393192273,-0.038321152329444885,0.038321152329444885,0.0014685107158565192,0.49187871069308725,0.17536908826992742,2.8048199117964816,0.7614287716140926,0.17536908826992742,19,0.4290232008777321,strong
82,cumulative_infected,5.5272601617034525,5.394109810345753,5.3690650837816065,0.22072740590978115,5.262670697295107,5.549402138205323,5.085090253560338,5.773729153396562,0.2867314409102164,0.6886388998362234,1.0,1.0,-0.13315035135769904,-0.15819507792184595,0.15819507792184595,0.025025682678698914,0.49187871069308725,0.17536908826992742,2.8048199117964816,0.7614287716140926,0.17536908826992742,19,0.4290232008777321,strong
82,early_growth_slope,0.03581096228611255,0.03467413020004945,0.03450746877795262,0.003964650741459966,0.031712858337587455,0.03736632358327152,0.02922891020508749,0.041522788632261956,0.005653465245684067,0.012293878427174467,1.0,1.0,-0.0011368320860631054,-0.0013034935081599336,0.0013034935081599336,1.6990953258150907e-06,0.49187871069308725,0.17536908826992742,2.8048199117964816,0.7614287716140926,0.17536908826992742,19,0.4290232008777321,strong
82,post_peak_decline_slope,-0.02956706931193673,-0.03136679768934849,-0.031540748104453106,0.004035987336033561,-0.03394293400148554,-0.029438206118841986,-0.0377725877861182,-0.023983494689067263,0.0045047278826435555,0.013789093097050939,1.0,1.0,-0.0017997283774117585,-0.001973678792516375,0.001973678792516375,3.895407976028896e-06,0.49187871069308725,0.17536908826992742,2.8048199117964816,0.7614287716140926,0.17536908826992742,19,0.4290232008777321,strong
82,late_phase_auc,0.3358612072188407,0.44761170650955134,0.45047220069682226,0.07870266815120072,0.40077014914595566,0.4919747503299732,0.30211846469319426,0.5534630823822226,0.09120460118401752,0.2513446176890284,0.0,1.0,0.11175049929071063,0.11461099347798154,0.11461099347798154,0.013135679826009926,0.49187871069308725,0.17536908826992742,2.8048199117964816,0.7614287716140926,0.17536908826992742,19,0.4290232008777321,strong
82,time_to_half_peak_after_peak,8.0,7.11,7.0,1.1,6.75,8.0,5.0,9.0,1.25,4.0,1.0,1.0,-0.8899999999999997,-1.0,1.0,1.0,0.49187871069308725,0.17536908826992742,2.8048199117964816,0.7614287716140926,0.17536908826992742,19,0.4290232008777321,strong
82,late_to_early_mean_ratio,0.07509883930644531,0.09754627073196605,0.09775735346037456,0.016307248829918273,0.08806497075933693,0.10794027584611815,0.07176526451404228,0.11948062050882298,0.019875305086781217,0.0477153559947807,0.0,1.0,0.022447431425520734,0.02265851415392925,0.02265851415392925,0.0005134082636638121,0.49187871069308725,0.17536908826992742,2.8048199117964816,0.7614287716140926,0.17536908826992742,19,0.4290232008777321,strong
83,peak_time,5.0,20.84,18.5,15.688070485421575,7.0,34.25,1.0,46.05,27.25,45.05,0.0,1.0,15.84,13.5,13.5,182.25,0.22841948378084764,0.3250636212203553,0.702691623637595,0.3040160480103402,0.3250636212203553,30,0.37835054494457676,strong
83,peak_height,0.0646437257528305,0.049665033258497714,0.048345526680350304,0.009907165442767497,0.042720647528767586,0.05522512178868055,0.03773331996053457,0.06434012874960898,0.012504474259912968,0.026606808789074413,0.0,0.0,-0.014978692494332792,-0.0162981990724802,0.0162981990724802,0.0002656312930061945,0.22841948378084764,0.3250636212203553,0.702691623637595,0.3040160480103402,0.3250636212203553,30,0.37835054494457676,strong
83,cumulative_infected,0.33494876988697797,0.5084044850234659,0.46257375659115496,0.18106148907735709,0.39949873886507703,0.5474713555631752,0.3083093669221853,0.9186785595578839,0.14797261669809814,0.6103691926356987,0.0,1.0,0.17345571513648794,0.127624986704177,0.127624986704177,0.016288137231241354,0.22841948378084764,0.3250636212203553,0.702691623637595,0.3040160480103402,0.3250636212203553,30,0.37835054494457676,strong
83,early_growth_slope,0.003415678503058318,-0.00032805971944981066,-0.00032873073567835824,0.0023699673289816147,-0.001764647966150992,0.0012136300806776577,-0.0042270354258583925,0.00363415048230395,0.0029782780468286495,0.007861185908162342,0.0,1.0,-0.003743738222508129,-0.0037444092387366765,0.0037444092387366765,1.4020600547136576e-05,0.22841948378084764,0.3250636212203553,0.702691623637595,0.3040160480103402,0.3250636212203553,30,0.37835054494457676,strong
83,post_peak_decline_slope,-0.0040944634742724395,-0.004512993241743407,-0.0029986438111033473,0.0075240602104336765,-0.0040703033014627505,-0.0018097965104971118,-0.0127081345464103,-0.000305132880651712,0.0022605067909656387,0.012403001665758587,0.0,1.0,-0.0004185297674709678,0.0010958196631690922,0.0010958196631690922,1.2008207341880227e-06,0.22841948378084764,0.3250636212203553,0.702691623637595,0.3040160480103402,0.3250636212203553,30,0.37835054494457676,strong
83,late_phase_auc,0.17896499892231077,0.2280192827202336,0.2045533902128227,0.10848362711495063,0.1733536157407798,0.25698801878024824,0.11262578298337758,0.48846658878901494,0.08363440303946845,0.3758408058056374,1.0,1.0,0.04905428379792284,0.025588391290511936,0.025588391290511936,0.0006547657688363471,0.22841948378084764,0.3250636212203553,0.702691623637595,0.3040160480103402,0.3250636212203553,30,0.37835054494457676,strong
83,time_to_half_peak_after_peak,1.0,1.14,1.0,0.4025173313289777,1.0,1.0,1.0,2.0,0.0,1.0,1.0,1.0,0.1399999999999999,0.0,0.0,0.0,0.22841948378084764,0.3250636212203553,0.702691623637595,0.3040160480103402,0.3250636212203553,30,0.37835054494457676,strong
83,late_to_early_mean_ratio,1.2689055722282125,0.8981551966107714,0.825193157347346,0.40314399711495524,0.5618285732030758,1.193730133328731,0.43758957588434205,1.6264148502376747,0.6319015601256551,1.1888252743533327,0.0,1.0,-0.3707503756174412,-0.44371241488086655,0.44371241488086655,0.19688070711941025,0.22841948378084764,0.3250636212203553,0.702691623637595,0.3040160480103402,0.3250636212203553,30,0.37835054494457676,strong
84,peak_time,9.0,8.73,9.0,0.9519252156349345,8.0,9.0,7.0,10.0,1.0,3.0,1.0,1.0,-0.2699999999999996,0.0,0.0,0.0,0.44376289374239036,0.34601078088206527,1.282511754723744,0.9026472650097189,0.34601078088206527,11,0.3482356626979414,strong
84,peak_height,0.30015435814857483,0.22891257882118224,0.22540196031332016,0.028949067691921907,0.20923630148172379,0.24242309480905533,0.19271101281046868,0.27398259192705154,0.03318679332733154,0.08127157911658286,0.0,0.0,-0.07124177932739259,-0.07475239783525467,0.07475239783525467,0.005587920982120187,0.44376289374239036,0.34601078088206527,1.282511754723744,0.9026472650097189,0.34601078088206527,11,0.3482356626979414,strong
84,cumulative_infected,2.416376690962352,2.3200107464380197,2.2685603800055105,0.2619141245868254,2.1576883613161044,2.4558359222719446,1.9851399706065422,2.6221461731387534,0.29814756095584016,0.6370062025322112,1.0,1.0,-0.09636594452433211,-0.14781631095684133,0.14781631095684133,0.02184966178488961,0.44376289374239036,0.34601078088206527,1.282511754723744,0.9026472650097189,0.34601078088206527,11,0.3482356626979414,strong
84,early_growth_slope,0.0345276187844796,0.025627802525732907,0.025412157155750757,0.005331727545019466,0.02234885242346319,0.02816896122281572,0.019345432352496396,0.032704930688071586,0.0058201087993525295,0.01335949833557519,0.0,0.0,-0.008899816258746696,-0.009115461628728845,0.009115461628728845,8.309164070482793e-05,0.44376289374239036,0.34601078088206527,1.282511754723744,0.9026472650097189,0.34601078088206527,11,0.3482356626979414,strong
84,post_peak_decline_slope,-0.031805685783426,-0.022243966196663686,-0.022351370689769598,0.003812299541382896,-0.024640482648586252,-0.01960178539156915,-0.027054571450377516,-0.016666909065097574,0.005038697257017104,0.010387662385279942,0.0,0.0,0.009561719586762312,0.0094543150936564,0.0094543150936564,8.938407389013922e-05,0.44376289374239036,0.34601078088206527,1.282511754723744,0.9026472650097189,0.34601078088206527,11,0.3482356626979414,strong
84,late_phase_auc,0.20928657555487007,0.1920135898686931,0.1804926540935412,0.05852967509159316,0.1524857609765604,0.22869464571704157,0.10567700506871916,0.28728271239015146,0.07620888474048115,0.1816057073214323,1.0,1.0,-0.017272985686176967,-0.028793921461328864,0.028793921461328864,0.0008290899131211749,0.44376289374239036,0.34601078088206527,1.282511754723744,0.9026472650097189,0.34601078088206527,11,0.3482356626979414,strong
84,time_to_half_peak_after_peak,3.0,4.94,5.0,1.384035966135113,4.0,6.0,2.0,7.0,2.0,5.0,0.0,1.0,1.9400000000000004,2.0,2.0,4.0,0.44376289374239036,0.34601078088206527,1.282511754723744,0.9026472650097189,0.34601078088206527,11,0.3482356626979414,strong
84,late_to_early_mean_ratio,0.09866555492516052,0.09514723420709396,0.0889938043725259,0.029155561810077477,0.07408859157040465,0.11262138817758222,0.05725601795539987,0.14827295957563233,0.038532796607177566,0.09101694162023247,1.0,1.0,-0.003518320718066556,-0.009671750552634625,0.009671750552634625,9.354275875238818e-05,0.44376289374239036,0.34601078088206527,1.282511754723744,0.9026472650097189,0.34601078088206527,11,0.3482356626979414,strong
85,peak_time,16.0,15.05,15.0,1.5067189585991212,14.0,16.0,13.0,18.0,2.0,5.0,1.0,1.0,-0.9499999999999993,-1.0,1.0,1.0,0.39804485313401444,0.2231256609512457,1.783949239352571,0.5528101045806079,0.2231256609512457,29,0.3334262690440212,strong
85,peak_height,0.2658627927303314,0.2383009384572506,0.23771732300519943,0.016285580735039485,0.22715981677174568,0.24965932220220566,0.2119941733777523,0.264862585067749,0.022499505430459976,0.0528684116899967,0.0,0.0,-0.027561854273080832,-0.02814546972513199,0.02814546972513199,0.0007921674660483213,0.39804485313401444,0.2231256609512457,1.783949239352571,0.5528101045806079,0.2231256609512457,29,0.3334262690440212,strong
85,cumulative_infected,4.0121810981072485,3.784709182601855,3.8298312725382857,0.21879016130220766,3.6100514447316527,3.9356849425385008,3.4269350122929607,4.1145223236933814,0.325633497806848,0.6875873114004207,0.0,1.0,-0.2274719155053937,-0.18234982556896284,0.18234982556896284,0.03325145888503118,0.39804485313401444,0.2231256609512457,1.783949239352571,0.5528101045806079,0.2231256609512457,29,0.3334262690440212,strong
85,early_growth_slope,0.004919947435458503,0.008914807011001571,0.009270387136244347,0.0030265066655746986,0.00708498069295837,0.01095064331838373,0.0037248917190091935,0.013700404488259836,0.0038656626254253606,0.009975512769250643,0.0,1.0,0.003994859575543069,0.0043504397007858445,0.0043504397007858445,1.892632559017363e-05,0.39804485313401444,0.2231256609512457,1.783949239352571,0.5528101045806079,0.2231256609512457,29,0.3334262690440212,strong
85,post_peak_decline_slope,-0.01466994720200697,-0.014037600567564368,-0.014488513643542929,0.003550855055543888,-0.01644696375976007,-0.012033009901642803,-0.01947822669520975,-0.007857462614774716,0.0044139538581172665,0.011620764080435032,1.0,1.0,0.0006323466344426015,0.00018143355846404058,0.00018143355846404058,3.291813613692443e-08,0.39804485313401444,0.2231256609512457,1.783949239352571,0.5528101045806079,0.2231256609512457,29,0.3334262690440212,strong
85,late_phase_auc,0.5868291393853724,0.6330517230278747,0.6283153468102682,0.09787101217920796,0.5672200276894728,0.7106618342513684,0.48425756345386617,0.7799100646749139,0.14344180656189565,0.2956525012210477,1.0,1.0,0.04622258364250231,0.04148620742489584,0.04148620742489584,0.0017211054065014825,0.39804485313401444,0.2231256609512457,1.783949239352571,0.5528101045806079,0.2231256609512457,29,0.3334262690440212,strong
85,time_to_half_peak_after_peak,7.0,7.96,8.0,1.9484259381263729,6.75,9.0,5.0,11.0,2.25,6.0,1.0,1.0,0.96,1.0,1.0,1.0,0.39804485313401444,0.2231256609512457,1.783949239352571,0.5528101045806079,0.2231256609512457,29,0.3334262690440212,strong
85,late_to_early_mean_ratio,0.18967204482240688,0.21893500816152517,0.21666246933591216,0.033156064821584924,0.19663959946175358,0.2438702134014213,0.1747569870492942,0.26803781620366673,0.04723061393966771,0.09328082915437252,0.0,1.0,0.029262963339118292,0.02699042451350528,0.02699042451350528,0.0007284830154192267,0.39804485313401444,0.2231256609512457,1.783949239352571,0.5528101045806079,0.2231256609512457,29,0.3334262690440212,strong
86,peak_time,22.0,23.31,23.0,5.204300863204152,20.0,26.0,16.0,33.05,6.0,17.049999999999997,1.0,1.0,1.3099999999999987,1.0,1.0,1.0,0.133122316794219,0.10197764176763263,1.3054068959307075,0.20418726096032935,0.10197764176763263,22,0.3785034119461228,strong
86,peak_height,0.1085582748055458,0.10555189482867718,0.10258853435516357,0.01970486382464459,0.09099056385457516,0.11696842685341835,0.08360080122947693,0.14435478150844575,0.025977862998843193,0.06075398027896882,1.0,1.0,-0.003006379976868631,-0.005969740450382233,0.005969740450382233,3.563780104492986e-05,0.133122316794219,0.10197764176763263,1.3054068959307075,0.20418726096032935,0.10197764176763263,22,0.3785034119461228,strong
86,cumulative_infected,2.0567710236646235,2.110993758189488,1.9938325853436254,0.4173379431275698,1.8263211891971878,2.413191243103938,1.5389318351750263,2.9526077982969583,0.5868700539067504,1.413675963121932,1.0,1.0,0.0542227345248647,-0.0629384383209981,0.0629384383209981,0.003961247018286082,0.133122316794219,0.10197764176763263,1.3054068959307075,0.20418726096032935,0.10197764176763263,22,0.3785034119461228,strong
86,early_growth_slope,0.0015448624090779403,0.002161556904031299,0.0019782926891431483,0.002313973326954031,0.0005591749310648687,0.003694039596233605,-0.0011296166151407204,0.005389512496324078,0.0031348646651687363,0.006519129111464799,1.0,1.0,0.0006166944949533586,0.00043343028006520806,0.00043343028006520806,1.878618076774047e-07,0.133122316794219,0.10197764176763263,1.3054068959307075,0.20418726096032935,0.10197764176763263,22,0.3785034119461228,strong
86,post_peak_decline_slope,-0.004865182749927049,-0.004578542952542196,-0.004764399848257502,0.002779991100558628,-0.006587584378818673,-0.002621510880999271,-0.009372497163712992,0.00021411004476248343,0.0039660734978194025,0.009586607208475475,1.0,1.0,0.00028663979738485345,0.00010078290166954697,0.00010078290166954697,1.0157193268933573e-08,0.133122316794219,0.10197764176763263,1.3054068959307075,0.20418726096032935,0.10197764176763263,22,0.3785034119461228,strong
86,late_phase_auc,1.0306450501084328,0.9816233202862168,0.9643412495643133,0.22934456342161774,0.8135453364229761,1.112200299394317,0.6729158364760224,1.420747181866318,0.29865496297134086,0.7478313453902956,1.0,1.0,-0.049021729822215976,-0.06630380054411944,0.06630380054411944,0.004396193966594374,0.133122316794219,0.10197764176763263,1.3054068959307075,0.20418726096032935,0.10197764176763263,22,0.3785034119461228,strong
86,time_to_half_peak_after_peak,7.0,3.83,3.0,2.968028288138764,1.0,5.25,1.0,10.0,4.25,9.0,0.0,1.0,-3.17,-4.0,4.0,16.0,0.133122316794219,0.10197764176763263,1.3054068959307075,0.20418726096032935,0.10197764176763263,22,0.3785034119461228,strong
86,late_to_early_mean_ratio,1.0819936553330871,0.9504015701609245,0.9077231142082501,0.22166762978596785,0.8176215815602238,1.0351122593544886,0.6169973016181807,1.3716872241140161,0.2174906777942648,0.7546899224958354,0.0,1.0,-0.1315920851721626,-0.17427054112483698,0.17427054112483698,0.030370221503943494,0.133122316794219,0.10197764176763263,1.3054068959307075,0.20418726096032935,0.10197764176763263,22,0.3785034119461228,strong
87,peak_time,38.0,35.35,35.0,3.893467722877758,33.0,38.0,29.0,42.0,5.0,13.0,1.0,1.0,-2.6499999999999986,-3.0,3.0,9.0,0.15326274861105277,0.07166368098564256,2.138639077746483,0.20057927886821716,0.07166368098564256,25,0.5282012127658324,strong
87,peak_height,0.18736805021762848,0.213756565451622,0.21179558336734772,0.02892148843220362,0.19748422130942345,0.23440887033939362,0.1661211222410202,0.25869701206684115,0.03692464902997017,0.09257588982582093,0.0,1.0,0.02638851523399352,0.02442753314971924,0.02442753314971924,0.0005967043757806323,0.15326274861105277,0.07166368098564256,2.138639077746483,0.20057927886821716,0.07166368098564256,25,0.5282012127658324,strong
87,cumulative_infected,5.018688563257456,5.367626487024536,5.407239505089819,0.7682494243098887,4.9364465542457765,5.8128616239264375,4.028531596151879,6.5485412406036625,0.876415069680661,2.5200096444517834,1.0,1.0,0.34893792376708,0.3885509418323636,0.3885509418323636,0.1509718343988168,0.15326274861105277,0.07166368098564256,2.138639077746483,0.20057927886821716,0.07166368098564256,25,0.5282012127658324,strong
87,early_growth_slope,-0.001995502461102745,0.0014903991311014885,0.001527361559315718,0.0025871730905852553,-1.288766985193671e-05,0.0031987726750750353,-0.003535201443758393,0.005275193341575295,0.003211660344926972,0.008810394785333688,0.0,1.0,0.0034859015922042336,0.003522864020418463,0.003522864020418463,1.2410570906358937e-05,0.15326274861105277,0.07166368098564256,2.138639077746483,0.20057927886821716,0.07166368098564256,25,0.5282012127658324,strong
87,post_peak_decline_slope,-0.007284789904952046,-0.005414514227016343,-0.005208406349023187,0.0044472449038379675,-0.007282474885384238,-0.002923388592898849,-0.011105230245739226,7.368175933757931e-05,0.004359086292485389,0.011178912005076806,0.0,1.0,0.0018702756779357035,0.0020763835559288596,0.0020763835559288596,4.3113686713317755e-06,0.15326274861105277,0.07166368098564256,2.138639077746483,0.20057927886821716,0.07166368098564256,25,0.5282012127658324,strong
87,late_phase_auc,3.5265421383082867,3.931611282210797,3.96920227445662,0.5673817964615809,3.6131593957543373,4.284071711823344,2.9821718020364645,4.800872855819762,0.6709123160690069,1.8187010537832973,0.0,1.0,0.4050691439025105,0.44266013614833355,0.44266013614833355,0.1959479961348612,0.15326274861105277,0.07166368098564256,2.138639077746483,0.20057927886821716,0.07166368098564256,25,0.5282012127658324,strong
87,time_to_half_peak_after_peak,11.0,12.86,13.0,4.1243793533700375,10.0,16.0,6.0,19.049999999999997,6.0,13.049999999999997,1.0,1.0,1.8599999999999994,2.0,2.0,4.0,0.15326274861105277,0.07166368098564256,2.138639077746483,0.20057927886821716,0.07166368098564256,25,0.5282012127658324,strong
87,late_to_early_mean_ratio,2.556561600692123,2.9774245411300733,2.9591914691052694,0.325978306630049,2.7700228589822458,3.175230485174055,2.421871692422584,3.600810035653306,0.4052076261918094,1.178938343230722,0.0,1.0,0.42086294043795025,0.4026298684131464,0.4026298684131464,0.16211081093838758,0.15326274861105277,0.07166368098564256,2.138639077746483,0.20057927886821716,0.07166368098564256,25,0.5282012127658324,strong
88,peak_time,16.0,14.64,14.0,3.9658135064166555,12.0,16.25,10.0,21.049999999999997,4.25,11.049999999999997,1.0,1.0,-1.3599999999999994,-2.0,2.0,4.0,0.39963138890077254,0.3901102894262513,1.0244061736708463,0.5891776804843937,0.3901102894262513,16,0.5268922165935896,strong
88,peak_height,0.10459557920694351,0.09862343076616525,0.09960313513875008,0.019985514110358128,0.0853264220058918,0.10893691144883633,0.06668195314705372,0.13311903327703475,0.023610489442944527,0.06643708012998104,1.0,1.0,-0.005972148440778258,-0.004992444068193436,0.004992444068193436,2.4924497774039822e-05,0.39963138890077254,0.3901102894262513,1.0244061736708463,0.5891776804843937,0.3901102894262513,16,0.5268922165935896,strong
88,cumulative_infected,1.2639982901746407,1.4483122288885533,1.463088700620574,0.19272603992129062,1.3358670511820492,1.5370240768970689,1.1584157000692357,1.737270167947281,0.2011570257150197,0.5788544678780454,0.0,1.0,0.18431393871391255,0.19909041044593323,0.19909041044593323,0.03963699153153016,0.39963138890077254,0.3901102894262513,1.0244061736708463,0.5891776804843937,0.3901102894262513,16,0.5268922165935896,strong
88,early_growth_slope,0.005270428966642135,0.00366617253943072,0.0034075644244218163,0.0033083321232658365,0.0014448921124096076,0.006154154037912598,-0.002005194419152322,0.008694301227972443,0.00470926192550299,0.010699495647124765,1.0,1.0,-0.0016042564272114152,-0.0018628645422203187,0.0018628645422203187,3.4702643026617173e-06,0.39963138890077254,0.3901102894262513,1.0244061736708463,0.5891776804843937,0.3901102894262513,16,0.5268922165935896,strong
88,post_peak_decline_slope,-0.010620365159896498,-0.005693517383003688,-0.005187683257584777,0.0030401855913874372,-0.007568555732723317,-0.0035756761518617496,-0.010956340959140417,-0.00062679938506335,0.003992879580861568,0.010329541574077067,0.0,1.0,0.00492684777689281,0.005432681902311722,0.005432681902311722,2.951403265170531e-05,0.39963138890077254,0.3901102894262513,1.0244061736708463,0.5891776804843937,0.3901102894262513,16,0.5268922165935896,strong
88,late_phase_auc,0.1812383496435359,0.3002732116016705,0.28828631446231157,0.09603135560598959,0.2292444869526662,0.36658436685684137,0.15428438548751727,0.44832403562031675,0.13733987990417518,0.2940396501327995,0.0,1.0,0.11903486195813456,0.10704796481877565,0.10704796481877565,0.01145926677184183,0.39963138890077254,0.3901102894262513,1.0244061736708463,0.5891776804843937,0.3901102894262513,16,0.5268922165935896,strong
88,time_to_half_peak_after_peak,2.0,3.65,3.0,2.4756388829528184,2.0,4.25,1.0,8.099999999999994,2.25,7.099999999999994,1.0,1.0,1.65,1.0,1.0,1.0,0.39963138890077254,0.3901102894262513,1.0244061736708463,0.5891776804843937,0.3901102894262513,16,0.5268922165935896,strong
88,late_to_early_mean_ratio,0.1775026695341472,0.3021080074087864,0.26355059198844877,0.14838474787524103,0.20161143214563826,0.36512189720237626,0.12597524269435234,0.6232937455026224,0.163510465056738,0.49731850280827006,0.0,1.0,0.1246053378746392,0.08604792245430157,0.08604792245430157,0.007404244958701496,0.39963138890077254,0.3901102894262513,1.0244061736708463,0.5891776804843937,0.3901102894262513,16,0.5268922165935896,strong
89,peak_time,15.0,20.35,17.0,15.4248749647045,6.0,33.0,0.0,46.0,27.0,46.0,1.0,1.0,5.350000000000001,2.0,2.0,4.0,0.16000687137521655,0.46410260330618214,0.3447661578180274,0.2312464797503152,0.46410260330618214,27,0.3302872587460481,strong
89,peak_height,0.06049031764268875,0.04933465426787734,0.04802960716187954,0.010839703356873504,0.04223036393523216,0.05636436026543379,0.03441401794552803,0.0676609929651022,0.014133996330201626,0.03324697501957417,0.0,1.0,-0.011155663374811414,-0.012460710480809212,0.012460710480809212,0.00015526930568654854,0.16000687137521655,0.46410260330618214,0.3447661578180274,0.2312464797503152,0.46410260330618214,27,0.3302872587460481,strong
89,cumulative_infected,0.3490619134681765,0.4691881406343055,0.4483246575427984,0.13829306509608444,0.37325880883145146,0.5334015453918255,0.2978338999499101,0.6743572736333588,0.16014273656037403,0.37652337368344874,0.0,1.0,0.12012622716612897,0.09926274407462188,0.09926274407462188,0.009853092361223881,0.16000687137521655,0.46410260330618214,0.3447661578180274,0.2312464797503152,0.46410260330618214,27,0.3302872587460481,strong
89,early_growth_slope,0.0007375952166815601,-0.0006390986814914771,-0.0002829220985794172,0.0022822619908156533,-0.0024477593057478453,0.001069503097650817,-0.004035708238370714,0.002905903257141332,0.0035172624033986623,0.006941611495512046,1.0,1.0,-0.0013766938981730373,-0.0010205173152609773,0.0010205173152609773,1.041455590747473e-06,0.16000687137521655,0.46410260330618214,0.3447661578180274,0.2312464797503152,0.46410260330618214,27,0.3302872587460481,strong
89,post_peak_decline_slope,-0.002609864792126854,-0.003803673033906134,-0.003291275934316218,0.004269139904929383,-0.004268814742681572,-0.0022327614167200684,-0.00746172736199307,-0.0005642837755537264,0.0020360533259615034,0.006897443586439343,1.0,1.0,-0.00119380824177928,-0.0006814111421893638,0.0006814111421893638,4.643211446998134e-07,0.16000687137521655,0.46410260330618214,0.3447661578180274,0.2312464797503152,0.46410260330618214,27,0.3302872587460481,strong
89,late_phase_auc,0.09141729629482143,0.20975374243716943,0.19778389390558004,0.08552732804009645,0.1570209512137808,0.24772931804545806,0.11056637855945155,0.32517572641299913,0.09070836683167727,0.21460934785354757,0.0,0.0,0.118336446142348,0.10636659761075862,0.10636659761075862,0.011313853087289041,0.16000687137521655,0.46410260330618214,0.3447661578180274,0.2312464797503152,0.46410260330618214,27,0.3302872587460481,strong
89,time_to_half_peak_after_peak,1.0,1.12,1.0,0.38349798835288185,1.0,1.0,1.0,2.0,0.0,1.0,1.0,1.0,0.1200000000000001,0.0,0.0,0.0,0.16000687137521655,0.46410260330618214,0.3447661578180274,0.2312464797503152,0.46410260330618214,27,0.3302872587460481,strong
89,late_to_early_mean_ratio,0.3452031203949298,0.8939847698663361,0.8556589461244213,0.3776744580050018,0.6479718039992753,1.0422442537467882,0.4408644086457337,1.6154901028650672,0.39427244974751285,1.1746256942193336,0.0,0.0,0.5487816494714064,0.5104558257294916,0.5104558257294916,0.260565150021177,0.16000687137521655,0.46410260330618214,0.3447661578180274,0.2312464797503152,0.46410260330618214,27,0.3302872587460481,strong
90,peak_time,8.0,8.34,8.0,0.7550503361372738,8.0,9.0,7.0,9.0,1.0,2.0,1.0,1.0,0.33999999999999986,0.0,0.0,0.0,0.780418026620555,0.3306509353024254,2.3602474491921708,0.9972644377727748,0.3306509353024254,26,0.5469974267045327,strong
90,peak_height,0.3220994770526886,0.29893178418278693,0.29690003395080566,0.02687633252978155,0.2811144143342972,0.31591395288705826,0.25868661403656007,0.3442930027842522,0.03479953855276108,0.08560638874769211,0.0,1.0,-0.023167692869901668,-0.025199443101882935,0.025199443101882935,0.0006350119326450354,0.780418026620555,0.3306509353024254,2.3602474491921708,0.9972644377727748,0.3306509353024254,26,0.5469974267045327,strong
90,cumulative_infected,3.15350495534949,2.9653553427624955,2.991966387431603,0.24184604457397116,2.8087329744066665,3.0635383029148215,2.6581586736007012,3.3528468613240876,0.25480532850815507,0.6946881877233864,0.0,1.0,-0.18814961258699459,-0.16153856791788712,0.16153856791788712,0.02609470892496183,0.780418026620555,0.3306509353024254,2.3602474491921708,0.9972644377727748,0.3306509353024254,26,0.5469974267045327,strong
90,early_growth_slope,0.04076546349651401,0.037167455561815846,0.03682134132939262,0.00533436419577656,0.03411968733347575,0.03984046955814673,0.029475428647406036,0.04660274185617232,0.005720782224670977,0.01712731320876628,0.0,1.0,-0.0035980079346981664,-0.003944122167121394,0.003944122167121394,1.5556099669178365e-05,0.780418026620555,0.3306509353024254,2.3602474491921708,0.9972644377727748,0.3306509353024254,26,0.5469974267045327,strong
90,post_peak_decline_slope,-0.028689750656485564,-0.029874801555338015,-0.029743620318671074,0.003240508072168285,-0.03162225835646194,-0.028129503363743456,-0.03523465333816906,-0.024396379807343074,0.003492754992718481,0.010838273530825986,1.0,1.0,-0.0011850508988524508,-0.0010538696621855102,0.0010538696621855102,1.1106412648750015e-06,0.780418026620555,0.3306509353024254,2.3602474491921708,0.9972644377727748,0.3306509353024254,26,0.5469974267045327,strong
90,late_phase_auc,0.2409801573958248,0.201518582314593,0.19936715823132545,0.0544191910943852,0.16046246426412836,0.2336335509462515,0.12009511547221337,0.2970582738687881,0.07317108668212313,0.17696315839657473,0.0,1.0,-0.0394615750812318,-0.04161299916449934,0.04161299916449934,0.001731641699464623,0.780418026620555,0.3306509353024254,2.3602474491921708,0.9972644377727748,0.3306509353024254,26,0.5469974267045327,strong
90,time_to_half_peak_after_peak,5.0,5.16,5.0,0.9504916324904409,5.0,6.0,4.0,7.0,1.0,3.0,1.0,1.0,0.16000000000000014,0.0,0.0,0.0,0.780418026620555,0.3306509353024254,2.3602474491921708,0.9972644377727748,0.3306509353024254,26,0.5469974267045327,strong
90,late_to_early_mean_ratio,0.08557595837903845,0.07686613793184593,0.07463658916933613,0.02097756684234447,0.0632224920725199,0.08765031569368577,0.04807143644144481,0.1178557614849027,0.02442782362116587,0.06978432504345788,1.0,1.0,-0.008709820447192512,-0.010939369209702315,0.010939369209702315,0.00011966979870618306,0.780418026620555,0.3306509353024254,2.3602474491921708,0.9972644377727748,0.3306509353024254,26,0.5469974267045327,strong
91,peak_time,14.0,13.55,13.0,2.602931525271559,12.0,15.0,10.0,18.0,3.0,8.0,1.0,1.0,-0.4499999999999993,-1.0,1.0,1.0,0.5076527050933275,0.45862198125261144,1.106908796012788,0.738158664178608,0.45862198125261144,27,0.32114877820670074,strong
91,peak_height,0.09657062590122223,0.11708531580865383,0.11732994019985199,0.016577287334575436,0.10436155274510384,0.12721778452396393,0.09490172043442727,0.14288218095898628,0.022856231778860092,0.04798046052455901,0.0,1.0,0.020514689907431605,0.02075931429862976,0.02075931429862976,0.00043094913014929404,0.5076527050933275,0.45862198125261144,1.106908796012788,0.738158664178608,0.45862198125261144,27,0.32114877820670074,strong
91,cumulative_infected,1.6479065878666006,1.64323624903167,1.6355157948564738,0.18177205987428138,1.5281354153121356,1.727552018724964,1.355345698876772,1.9250238714768784,0.1994166034128284,0.5696781726001063,1.0,1.0,-0.00467033883493051,-0.0123907930101268,0.0123907930101268,0.00015353175141980715,0.5076527050933275,0.45862198125261144,1.106908796012788,0.738158664178608,0.45862198125261144,27,0.32114877820670074,strong
91,early_growth_slope,0.0010645289772323208,0.005575802183445505,0.005462007075991659,0.0030362245481814114,0.003485677034838037,0.007604409858426411,0.0005984737505232689,0.010412295463417343,0.0041187328235883745,0.009813821712894074,0.0,1.0,0.004511273206213184,0.004397478098759338,0.004397478098759338,1.9337813629068045e-05,0.5076527050933275,0.45862198125261144,1.106908796012788,0.738158664178608,0.45862198125261144,27,0.32114877820670074,strong
91,post_peak_decline_slope,-0.01266853831863652,-0.007919141665799547,-0.008006370052074396,0.003279403874931572,-0.00995398176989208,-0.0060983032841856345,-0.013294831420450164,-0.002731512997609876,0.003855678485706445,0.01056331842284029,0.0,1.0,0.004749396652836973,0.004662168266562124,0.004662168266562124,2.1735812945738885e-05,0.5076527050933275,0.45862198125261144,1.106908796012788,0.738158664178608,0.45862198125261144,27,0.32114877820670074,strong
91,late_phase_auc,0.40228497883072123,0.2756055501483388,0.27840075280983,0.08227902683107219,0.2159556377446279,0.3184202715929132,0.1653287330555031,0.4181442556844558,0.1024646338482853,0.2528155226289527,0.0,1.0,-0.1266794286823824,-0.12388422602089122,0.12388422602089122,0.01534730145679526,0.5076527050933275,0.45862198125261144,1.106908796012788,0.738158664178608,0.45862198125261144,27,0.32114877820670074,strong
91,time_to_half_peak_after_peak,4.0,4.31,4.0,2.121058435991071,3.0,6.0,1.0,8.0,3.0,7.0,1.0,1.0,0.3099999999999996,0.0,0.0,0.0,0.5076527050933275,0.45862198125261144,1.106908796012788,0.738158664178608,0.45862198125261144,27,0.32114877820670074,strong
91,late_to_early_mean_ratio,0.34290533661533856,0.21835062007316033,0.2135976480255659,0.07423134299587195,0.16392051471769079,0.2643054977945192,0.11991065861684776,0.3336658931594506,0.10038498307682839,0.21375523454260287,0.0,0.0,-0.12455471654217823,-0.12930768858977265,0.12930768858977265,0.01672047832842962,0.5076527050933275,0.45862198125261144,1.106908796012788,0.738158664178608,0.45862198125261144,27,0.32114877820670074,strong
92,peak_time,21.0,19.08,19.0,3.416182522978395,16.0,21.25,14.0,25.0,5.25,11.0,1.0,1.0,-1.9200000000000017,-2.0,2.0,4.0,0.3028646541033547,0.2694458163441617,1.1240280447201574,0.43723691249654206,0.2694458163441617,28,0.3015422814958052,strong
92,peak_height,0.13761352002620697,0.11633772693574429,0.11547765135765076,0.01525831179382635,0.10796498507261276,0.12587189301848412,0.09228671155869961,0.13932266756892203,0.017906907945871353,0.047035956010222424,0.0,1.0,-0.02127579309046268,-0.022135868668556213,0.022135868668556213,0.0004899966817115686,0.3028646541033547,0.2694458163441617,1.1240280447201574,0.43723691249654206,0.2694458163441617,28,0.3015422814958052,strong
92,cumulative_infected,2.12853217497468,2.075035972058395,2.0723600484780036,0.2401484268923526,1.9013456157117616,2.2445321431951015,1.7096684231051769,2.456499662157148,0.3431865274833399,0.7468312390519714,1.0,1.0,-0.053496202916285096,-0.056172126496676356,0.056172126496676356,0.00315530779515861,0.3028646541033547,0.2694458163441617,1.1240280447201574,0.43723691249654206,0.2694458163441617,28,0.3015422814958052,strong
92,early_growth_slope,0.0003183076180340297,0.003058646887775034,0.0029527266486270706,0.0028306446351013424,0.001039704108344658,0.004688044243526486,-0.0015052471811594873,0.007811631623986788,0.0036483401351818283,0.009316878805146275,0.0,1.0,0.0027403392697410043,0.002634419030593041,0.002634419030593041,6.940163628750778e-06,0.3028646541033547,0.2694458163441617,1.1240280447201574,0.43723691249654206,0.2694458163441617,28,0.3015422814958052,strong
92,post_peak_decline_slope,-0.007439530082046983,-0.0054911159808471,-0.005652911262586709,0.0033850074473339036,-0.007524623124239346,-0.0034160167289276917,-0.010705549217139676,-0.00019028325565159527,0.004108606395311654,0.010515265961488081,1.0,1.0,0.0019484141011998826,0.0017866188194602733,0.0017866188194602733,3.1920068060496205e-06,0.3028646541033547,0.2694458163441617,1.1240280447201574,0.43723691249654206,0.2694458163441617,28,0.3015422814958052,strong
92,late_phase_auc,0.7157305125147104,0.6534259262755222,0.662613127460645,0.1188723124873906,0.5825903293734882,0.7342956221837085,0.4674041976366425,0.840067368268501,0.15170529281022027,0.37266317063185855,1.0,1.0,-0.06230458623918822,-0.05311738505406538,0.05311738505406538,0.002821456594981848,0.3028646541033547,0.2694458163441617,1.1240280447201574,0.43723691249654206,0.2694458163441617,28,0.3015422814958052,strong
92,time_to_half_peak_after_peak,5.0,5.02,4.0,3.422976435321704,2.0,7.0,1.0,11.099999999999994,5.0,10.099999999999994,1.0,1.0,0.019999999999999574,-1.0,1.0,1.0,0.3028646541033547,0.2694458163441617,1.1240280447201574,0.43723691249654206,0.2694458163441617,28,0.3015422814958052,strong
92,late_to_early_mean_ratio,0.541689814760392,0.5023646986871955,0.49320702604557576,0.09726898076108581,0.4305469622895718,0.5697376961542605,0.3591940964917503,0.667885595792094,0.13919073386468872,0.3086914993003436,1.0,1.0,-0.03932511607319655,-0.04848278871481626,0.04848278871481626,0.002350580801565515,0.3028646541033547,0.2694458163441617,1.1240280447201574,0.43723691249654206,0.2694458163441617,28,0.3015422814958052,strong
93,peak_time,9.0,10.33,10.0,0.8294454761946672,10.0,11.0,9.0,12.0,1.0,3.0,0.0,1.0,1.33,1.0,1.0,1.0,0.5792915461887065,0.1325630985801483,4.369930639773511,0.7680338070970025,0.1325630985801483,29,0.4148872987837298,strong
93,peak_height,0.5532642602920532,0.5254096987843514,0.5229367017745972,0.024286968378571007,0.5110896676778793,0.5430677384138107,0.4835954323410988,0.5700748771429062,0.031978070735931396,0.08647944480180736,0.0,1.0,-0.027854561507701825,-0.030327558517456055,0.030327558517456055,0.0009197608056297213,0.5792915461887065,0.1325630985801483,4.369930639773511,0.7680338070970025,0.1325630985801483,29,0.4148872987837298,strong
93,cumulative_infected,7.471132841426879,7.430606114286565,7.399618480994832,0.34105918271242835,7.217902184347622,7.689158917506575,6.847924526321004,8.043140956806019,0.47125673315895256,1.195216430485015,1.0,1.0,-0.04052672714031402,-0.0715143604320474,0.0715143604320474,0.005114303748004786,0.5792915461887065,0.1325630985801483,4.369930639773511,0.7680338070970025,0.1325630985801483,29,0.4148872987837298,strong
93,early_growth_slope,0.0495766453400609,0.04690514197968392,0.04638906031669604,0.00676093443925896,0.042831666318566664,0.05158756083221218,0.03650545048904383,0.05825628850254274,0.008755894513645515,0.021750838013498912,1.0,1.0,-0.002671503360376977,-0.0031875850233648584,0.0031875850233648584,1.0160698281179945e-05,0.5792915461887065,0.1325630985801483,4.369930639773511,0.7680338070970025,0.1325630985801483,29,0.4148872987837298,strong
93,post_peak_decline_slope,-0.03723660608132687,-0.034787276506423985,-0.0350572563707829,0.0037911299679541806,-0.037871463472644494,-0.03163858950138092,-0.04045921423782908,-0.02836819775402551,0.006232873971263576,0.012091016483803573,1.0,1.0,0.0024493295749028823,0.002179349710543968,0.002179349710543968,4.749565160848077e-06,0.5792915461887065,0.1325630985801483,4.369930639773511,0.7680338070970025,0.1325630985801483,29,0.4148872987837298,strong
93,late_phase_auc,0.8423012304119766,0.8381973054738046,0.8294226780417375,0.12681239588462642,0.7566134930239059,0.9212462362629594,0.6349184290069388,1.0233885223395192,0.16463274323905353,0.3884700933325803,1.0,1.0,-0.004103924938172021,-0.01287855237023905,0.01287855237023905,0.00016585711115298983,0.5792915461887065,0.1325630985801483,4.369930639773511,0.7680338070970025,0.1325630985801483,29,0.4148872987837298,strong
93,time_to_half_peak_after_peak,9.0,8.08,8.0,1.060588744447387,7.0,9.0,6.95,10.0,2.0,3.05,1.0,1.0,-0.9199999999999999,-1.0,1.0,1.0,0.5792915461887065,0.1325630985801483,4.369930639773511,0.7680338070970025,0.1325630985801483,29,0.4148872987837298,strong
93,late_to_early_mean_ratio,0.13535694087240588,0.13689057349364436,0.13448073203336813,0.01853590728551062,0.12485463329709298,0.14757739572147424,0.1102876533126081,0.1679645823781639,0.02272276242438126,0.057676929065555785,1.0,1.0,0.0015336326212384843,-0.0008762088390377454,0.0008762088390377454,7.677419296078735e-07,0.5792915461887065,0.1325630985801483,4.369930639773511,0.7680338070970025,0.1325630985801483,29,0.4148872987837298,strong
94,peak_time,16.0,16.08,16.0,1.2364824660660938,15.0,17.0,14.0,18.0,2.0,4.0,1.0,1.0,0.0799999999999983,0.0,0.0,0.0,0.3772376296240219,0.10987320116279928,3.4333907234127854,0.49915868712005673,0.10987320116279928,30,0.38936724611831464,strong
94,peak_height,0.4463106691837311,0.4512061533331871,0.45025619864463806,0.017042381507190493,0.4438846781849861,0.4622018560767174,0.41920265555381775,0.4803231284022331,0.018317177891731262,0.061120472848415375,1.0,1.0,0.004895484149456009,0.003945529460906982,0.003945529460906982,1.5567202726884943e-05,0.3772376296240219,0.10987320116279928,3.4333907234127854,0.49915868712005673,0.10987320116279928,30,0.38936724611831464,strong
94,cumulative_infected,8.83131863269955,8.681034053157127,8.638858249232726,0.3899384793523951,8.460718719637953,8.946142707776744,8.087704229960218,9.344586797221563,0.4854239881387912,1.2568825672613446,1.0,1.0,-0.15028457954242214,-0.19246038346682326,0.19246038346682326,0.03704099920419666,0.3772376296240219,0.10987320116279928,3.4333907234127854,0.49915868712005673,0.10987320116279928,30,0.38936724611831464,strong
94,early_growth_slope,0.008671526561513364,0.014601804096762079,0.014383195866165412,0.002892611772900969,0.012622301454289947,0.01629552293299985,0.010197200653852804,0.019031733732914457,0.003673221478709904,0.008834533079061653,0.0,0.0,0.0059302775352487146,0.0057116693046520475,0.0057116693046520475,3.26231662457044e-05,0.3772376296240219,0.10987320116279928,3.4333907234127854,0.49915868712005673,0.10987320116279928,30,0.38936724611831464,strong
94,post_peak_decline_slope,-0.01938679416974382,-0.021135368970533207,-0.021354705840349188,0.003900860649768118,-0.023797944436470674,-0.018965632592638317,-0.02682100024074318,-0.01424256280064584,0.004832311843832357,0.01257843744009734,1.0,1.0,-0.001748574800789389,-0.001967911670605369,0.001967911670605369,3.872676343304815e-06,0.3772376296240219,0.10987320116279928,3.4333907234127854,0.49915868712005673,0.10987320116279928,30,0.38936724611831464,strong
94,late_phase_auc,2.4022178556770086,2.351220988811983,2.368628103751689,0.2218457376562003,2.2358583676759736,2.5045020857360214,2.015308249928057,2.6947280269116165,0.26864371806004783,0.6794197769835595,1.0,1.0,-0.05099686686502558,-0.03358975192531943,0.03358975192531943,0.0011282714344045006,0.3772376296240219,0.10987320116279928,3.4333907234127854,0.49915868712005673,0.10987320116279928,30,0.38936724611831464,strong
94,time_to_half_peak_after_peak,11.0,10.5,10.0,1.42488702369803,9.75,11.25,8.0,13.0,1.5,5.0,1.0,1.0,-0.5,-1.0,1.0,1.0,0.3772376296240219,0.10987320116279928,3.4333907234127854,0.49915868712005673,0.10987320116279928,30,0.38936724611831464,strong
94,late_to_early_mean_ratio,0.3991109872437075,0.40094092096704437,0.39914682995494855,0.037143003046545255,0.37775919427732085,0.4225909819151861,0.3437906797205781,0.4643301104671665,0.04483178763786527,0.1205394307465884,1.0,1.0,0.0018299337233368407,3.5842711241018677e-05,3.5842711241018677e-05,1.2846999491070466e-09,0.3772376296240219,0.10987320116279928,3.4333907234127854,0.49915868712005673,0.10987320116279928,30,0.38936724611831464,strong
95,peak_time,10.0,10.47,10.0,0.9369518599580172,10.0,11.0,9.0,12.0,1.0,3.0,1.0,1.0,0.47000000000000064,0.0,0.0,0.0,0.38064711524675926,0.18702146495470656,2.035312445760948,0.7580027133842111,0.18702146495470656,10,0.3777139720702747,strong
95,peak_height,0.4044818878173828,0.383550383746624,0.38163916766643524,0.023319147040000328,0.3688977062702179,0.3967287465929985,0.35028409361839297,0.4284672960639,0.02783104032278061,0.07818320244550703,0.0,1.0,-0.020931504070758833,-0.02284272015094757,0.02284272015094757,0.0005217898638945062,0.38064711524675926,0.18702146495470656,2.035312445760948,0.7580027133842111,0.18702146495470656,10,0.3777139720702747,strong
95,cumulative_infected,4.827093192376196,4.7523011794911465,4.75032911618473,0.24441461333137166,4.601442492741626,4.897137539926916,4.3542598288855405,5.178227940096986,0.2956950471852906,0.8239681112114452,1.0,1.0,-0.07479201288504989,-0.0767640761914663,0.0767640761914663,0.005892723393529244,0.38064711524675926,0.18702146495470656,2.035312445760948,0.7580027133842111,0.18702146495470656,10,0.3777139720702747,strong
95,early_growth_slope,0.03909376783606906,0.033465550199519675,0.03383624093562719,0.00503789156440105,0.029574993390789516,0.03663890989507004,0.02517972045711108,0.042105247204502406,0.007063916504280527,0.016925526747391326,0.0,1.0,-0.0056282176365493874,-0.005257526900441872,0.005257526900441872,2.764158910886992e-05,0.38064711524675926,0.18702146495470656,2.035312445760948,0.7580027133842111,0.18702146495470656,10,0.3777139720702747,strong
95,post_peak_decline_slope,-0.027680411189794574,-0.03095269204303625,-0.03032572679221632,0.0039116777016029265,-0.033086404080192255,-0.028567543718963872,-0.03743465087066096,-0.025453466797868453,0.0045188603612283836,0.011981184072792507,0.0,1.0,-0.003272280853241674,-0.0026453156024217467,0.0026453156024217467,6.997694636415928e-06,0.38064711524675926,0.18702146495470656,2.035312445760948,0.7580027133842111,0.18702146495470656,10,0.3777139720702747,strong
95,late_phase_auc,0.5348970238119364,0.3595559579359133,0.3568993425251392,0.06974573040542947,0.30768284349318265,0.40748963836813346,0.24917799829418072,0.4767228438751772,0.09980679487495081,0.2275448455809965,0.0,0.0,-0.1753410658760231,-0.17799768128679716,0.17799768128679716,0.03168317454347622,0.38064711524675926,0.18702146495470656,2.035312445760948,0.7580027133842111,0.18702146495470656,10,0.3777139720702747,strong
95,time_to_half_peak_after_peak,5.0,6.56,7.0,1.0475560783909075,6.0,7.0,5.0,8.0,1.0,3.0,0.0,1.0,1.5599999999999996,2.0,2.0,4.0,0.38064711524675926,0.18702146495470656,2.035312445760948,0.7580027133842111,0.18702146495470656,10,0.3777139720702747,strong
95,late_to_early_mean_ratio,0.13138710913393029,0.08816912548628864,0.09020823269474895,0.016316300051518563,0.0757291630125545,0.09724797272121626,0.06378363849949316,0.11331222592730032,0.021518809708661754,0.049528587427807164,0.0,0.0,-0.04321798364764165,-0.04117887643918133,0.04117887643918133,0.0016956998647933636,0.38064711524675926,0.18702146495470656,2.035312445760948,0.7580027133842111,0.18702146495470656,10,0.3777139720702747,strong
96,peak_time,23.0,24.97,25.0,16.877128747138084,8.0,41.0,1.0,48.0,33.0,47.0,1.0,1.0,1.9699999999999989,2.0,2.0,4.0,0.09047726219931333,0.3957134628111631,0.2286433763374122,0.13415718657103629,0.3957134628111631,11,0.5825799238043914,strong
96,peak_height,0.0431443527340889,0.05207812808454037,0.04992777854204178,0.012408325983243755,0.043862463906407356,0.06064364034682512,0.03316502533853054,0.07658818252384662,0.016781176440417767,0.043423157185316086,0.0,1.0,0.008933775350451471,0.006783425807952881,0.006783425807952881,4.6014865692001194e-05,0.09047726219931333,0.3957134628111631,0.2286433763374122,0.13415718657103629,0.3957134628111631,11,0.5825799238043914,strong
96,cumulative_infected,0.27934781764633954,0.5218152583661732,0.47459907562006265,0.24893822842135468,0.3975811307245749,0.5607730512856506,0.28258701347076565,0.9627857297338778,0.16319192056107568,0.6801987162631121,0.0,0.0,0.24246744071983362,0.1952512579737231,0.1952512579737231,0.03812305374032137,0.09047726219931333,0.3957134628111631,0.2286433763374122,0.13415718657103629,0.3957134628111631,11,0.5825799238043914,strong
96,early_growth_slope,0.0011510065024984736,-0.0006540089710246571,-0.0007528203395417042,0.0023285624256684408,-0.002036936248519588,0.00102470801461355,-0.004150554391976798,0.0030673327859923496,0.003061644263133138,0.007217887177969147,0.0,1.0,-0.0018050154735231307,-0.0019038268420401778,0.0019038268420401778,3.624556644472676e-06,0.09047726219931333,0.3957134628111631,0.2286433763374122,0.13415718657103629,0.3957134628111631,11,0.5825799238043914,strong
96,post_peak_decline_slope,-0.002285924212386215,-0.006763761760375404,-0.0035302769215334036,0.011814506409365422,-0.004575252177892256,-0.0022175304465539168,-0.03505716156214457,-0.0006700619830129104,0.002357721731338339,0.03438709957913166,1.0,1.0,-0.004477837547989189,-0.0012443527091471887,0.0012443527091471887,1.548413664761948e-06,0.09047726219931333,0.3957134628111631,0.2286433763374122,0.13415718657103629,0.3957134628111631,11,0.5825799238043914,strong
96,late_phase_auc,0.13058540620841086,0.2472200490984551,0.21584928565425798,0.1573838210150015,0.1641375818871893,0.26268938460270874,0.10722334049642086,0.5225014572555664,0.09855180271551944,0.41527811675914555,0.0,1.0,0.11663464289004424,0.08526387944584712,0.08526387944584712,0.007269929138155952,0.09047726219931333,0.3957134628111631,0.2286433763374122,0.13415718657103629,0.3957134628111631,11,0.5825799238043914,strong
96,time_to_half_peak_after_peak,1.0,1.11,1.0,0.4239067936433311,1.0,1.0,1.0,2.0,0.0,1.0,1.0,1.0,0.1100000000000001,0.0,0.0,0.0,0.09047726219931333,0.3957134628111631,0.2286433763374122,0.13415718657103629,0.3957134628111631,11,0.5825799238043914,strong
96,late_to_early_mean_ratio,0.8616893097099223,0.9713700425030877,0.9159656729457997,0.3943838658995871,0.6535415585925173,1.1889155538797407,0.4355002718448318,1.70291770075798,0.5353739952872234,1.2674174289131483,1.0,1.0,0.10968073279316537,0.05427636323587737,0.05427636323587737,0.0029459236061129004,0.09047726219931333,0.3957134628111631,0.2286433763374122,0.13415718657103629,0.3957134628111631,11,0.5825799238043914,strong
97,peak_time,20.0,14.7,14.0,2.7321505201299696,13.0,16.0,11.0,20.0,3.0,9.0,0.0,1.0,-5.300000000000001,-6.0,6.0,36.0,0.5135489343956651,0.3962615235997931,1.2959848580058637,0.6533420888154887,0.3962615235997931,28,0.5137130761520038,strong
97,peak_height,0.11292226612567902,0.11378356002271175,0.11284386739134789,0.015135533023474163,0.10343879088759422,0.12103980593383312,0.09391282312572002,0.14179974645376206,0.0176010150462389,0.047886923328042036,1.0,1.0,0.0008612938970327388,-7.839873433113098e-05,7.839873433113098e-05,6.1463615447232556e-09,0.5135489343956651,0.3962615235997931,1.2959848580058637,0.6533420888154887,0.3962615235997931,28,0.5137130761520038,strong
97,cumulative_infected,1.7705762162804604,1.7376004647377703,1.7264547959493939,0.17437293216005179,1.599498247524025,1.8493954872101313,1.4931588012041175,2.033141400804743,0.24989723968610633,0.5399825996006253,1.0,1.0,-0.03297575154269006,-0.044121420331066474,0.044121420331066474,0.001946699732030646,0.5135489343956651,0.3962615235997931,1.2959848580058637,0.6533420888154887,0.3962615235997931,28,0.5137130761520038,strong
97,early_growth_slope,0.002918699146470143,0.005103181768414027,0.005355381071456664,0.0027248034075018856,0.0030458271454942105,0.006903496026227782,0.0006359044648152562,0.009784206867195841,0.003857668880733572,0.009148302402380584,0.0,1.0,0.0021844826219438837,0.0024366819249865205,0.0024366819249865205,5.937418803556015e-06,0.5135489343956651,0.3962615235997931,1.2959848580058637,0.6533420888154887,0.3962615235997931,28,0.5137130761520038,strong
97,post_peak_decline_slope,-0.008205794698248305,-0.006576574772111296,-0.006730999611318116,0.0031772193257242694,-0.00872899604340394,-0.0045172442526866955,-0.012016611645619076,-0.001493530236184595,0.004211751790717244,0.010523081409434481,1.0,1.0,0.0016292199261370094,0.0014747950869301897,0.0014747950869301897,2.175020548433426e-06,0.5135489343956651,0.3962615235997931,1.2959848580058637,0.6533420888154887,0.3962615235997931,28,0.5137130761520038,strong
97,late_phase_auc,0.3013263479806483,0.32803272287761504,0.3214365790481679,0.08231653440837239,0.27101877379755024,0.3849552463798318,0.2031551810185192,0.4709154030773789,0.11393647258228157,0.2677602220588597,1.0,1.0,0.026706374896966756,0.020110231067519635,0.020110231067519635,0.00040442139358903194,0.5135489343956651,0.3962615235997931,1.2959848580058637,0.6533420888154887,0.3962615235997931,28,0.5137130761520038,strong
97,time_to_half_peak_after_peak,1.0,4.91,5.0,2.8536526301099325,2.0,7.0,1.0,10.0,5.0,9.0,0.0,1.0,3.91,4.0,4.0,16.0,0.5135489343956651,0.3962615235997931,1.2959848580058637,0.6533420888154887,0.3962615235997931,28,0.5137130761520038,strong
97,late_to_early_mean_ratio,0.223720962360317,0.2526770772314783,0.24838020591955323,0.07199188282229027,0.20289061400926753,0.2925679352088889,0.1430052404010973,0.37777652691550934,0.08967732119962138,0.23477128651441204,1.0,1.0,0.028956114871161315,0.024659243559236238,0.024659243559236238,0.0006080782929137339,0.5135489343956651,0.3962615235997931,1.2959848580058637,0.6533420888154887,0.3962615235997931,28,0.5137130761520038,strong
98,peak_time,10.0,9.71,10.0,1.0179698552818872,9.0,10.0,8.0,11.049999999999997,1.0,3.049999999999997,1.0,1.0,-0.28999999999999915,0.0,0.0,0.0,0.4994019108492925,0.07195646945703671,6.940333713113483,0.828130649675451,0.07195646945703671,18,0.37976132797745066,strong
98,peak_height,0.715984046459198,0.7182479184865952,0.7185348868370056,0.02626794361823824,0.7008620500564575,0.7364252656698227,0.6741565078496933,0.7584813147783279,0.03556321561336517,0.08432480692863464,1.0,1.0,0.0022638720273971957,0.002550840377807617,0.002550840377807617,6.506786633053707e-06,0.4994019108492925,0.07195646945703671,6.940333713113483,0.828130649675451,0.07195646945703671,18,0.37976132797745066,strong
98,cumulative_infected,13.424523259978741,13.75451924913883,13.796704001259059,0.7744306946222285,13.268226969928946,14.260754593415186,12.648622710071503,14.869558606832287,0.9925276234862395,2.2209358967607837,1.0,1.0,0.3299959891600892,0.3721807412803173,0.3721807412803173,0.13851850417996647,0.4994019108492925,0.07195646945703671,6.940333713113483,0.828130649675451,0.07195646945703671,18,0.37976132797745066,strong
98,early_growth_slope,0.08247010033422458,0.0801572438724508,0.08165641346325475,0.01172896261345084,0.07279887470871296,0.08881397104622529,0.05996076014957256,0.09792502593842245,0.01601509633751233,0.03796426578884989,1.0,1.0,-0.002312856461773788,-0.0008136868709698319,0.0008136868709698319,6.620863239886759e-07,0.4994019108492925,0.07195646945703671,6.940333713113483,0.828130649675451,0.07195646945703671,18,0.37976132797745066,strong
98,post_peak_decline_slope,-0.032400889197985366,-0.03244991317888105,-0.03319555371999744,0.0038786240694929685,-0.03528647708396124,-0.029389582822720244,-0.038142232398192144,-0.026169585312406284,0.005896894261240994,0.01197264708578586,1.0,1.0,-4.9023980895686325e-05,-0.0007946645220120729,0.0007946645220120729,6.314917025446764e-07,0.4994019108492925,0.07195646945703671,6.940333713113483,0.828130649675451,0.07195646945703671,18,0.37976132797745066,strong
98,late_phase_auc,3.08718042075634,3.2813736589840845,3.306425476446748,0.4080410963056935,2.9821923980489373,3.5606512101367116,2.651534241752233,3.889867683686316,0.5784588120877743,1.238333441934083,1.0,1.0,0.19419323822774448,0.21924505569040775,0.21924505569040775,0.048068394444689994,0.4994019108492925,0.07195646945703671,6.940333713113483,0.828130649675451,0.07195646945703671,18,0.37976132797745066,strong
98,time_to_half_peak_after_peak,12.0,11.9,12.0,1.2350111437766567,11.0,13.0,10.0,14.0,2.0,4.0,1.0,1.0,-0.09999999999999964,0.0,0.0,0.0,0.4994019108492925,0.07195646945703671,6.940333713113483,0.828130649675451,0.07195646945703671,18,0.37976132797745066,strong
98,late_to_early_mean_ratio,0.31631703911589854,0.33279986462396594,0.3363532939084203,0.03317383868327781,0.3081210401783565,0.35406983083051713,0.2800165786265057,0.3826501080848453,0.04594879065216062,0.10263352945833959,1.0,1.0,0.0164828255080674,0.020036254792521746,0.020036254792521746,0.00040145150611085065,0.4994019108492925,0.07195646945703671,6.940333713113483,0.828130649675451,0.07195646945703671,18,0.37976132797745066,strong
99,peak_time,10.0,15.99,14.0,7.5778718261885,12.0,18.0,8.0,34.099999999999994,6.0,26.099999999999994,0.0,1.0,5.99,4.0,4.0,16.0,0.37220491896383906,0.48621258171231224,0.7655188963910223,0.7832814296515334,0.48621258171231224,11,0.3271624379212111,strong
99,peak_height,0.0873422622680664,0.09243126589804888,0.09237273782491684,0.025003867465641937,0.07648058794438839,0.10819991119205952,0.051413897424936295,0.1348596140742302,0.03171932324767113,0.0834457166492939,1.0,1.0,0.005089003629982478,0.005030475556850433,0.005030475556850433,2.5305684328069677e-05,0.37220491896383906,0.48621258171231224,0.7655188963910223,0.7832814296515334,0.48621258171231224,11,0.3271624379212111,strong
99,cumulative_infected,1.0749229079810902,1.3267264708939819,1.3665175758651458,0.33431868887342997,1.1655953353038058,1.4963418807456037,0.6755952954525128,1.8151890977591392,0.33074654544179793,1.1395938023066263,0.0,1.0,0.25180356291289163,0.2915946678840555,0.2915946678840555,0.08502745033841265,0.37220491896383906,0.48621258171231224,0.7655188963910223,0.7832814296515334,0.48621258171231224,11,0.3271624379212111,strong
99,early_growth_slope,0.00902754255193507,0.0033106516712489665,0.0032854496135509437,0.0032248702665212577,0.0011603949561027728,0.005483743378828789,-0.001688901895180432,0.008476599422283468,0.004323348422726016,0.0101655013174639,0.0,0.0,-0.0057168908806861036,-0.005742092938384126,0.005742092938384126,3.297163131304085e-05,0.37220491896383906,0.48621258171231224,0.7655188963910223,0.7832814296515334,0.48621258171231224,11,0.3271624379212111,strong
99,post_peak_decline_slope,-0.00984653507669768,-0.005797384451445398,-0.005221991341871523,0.004401389849038383,-0.007514366266938543,-0.003399333649819402,-0.011409493916047127,-0.0010608706786297353,0.004115032617119142,0.01034862323741739,0.0,1.0,0.004049150625252282,0.004624543734826157,0.004624543734826157,2.138640475531986e-05,0.37220491896383906,0.48621258171231224,0.7655188963910223,0.7832814296515334,0.48621258171231224,11,0.3271624379212111,strong
99,late_phase_auc,0.2319273529574275,0.30142276798703277,0.2831462533213198,0.10271960162508095,0.246183083509095,0.3532351834583096,0.16626964412716916,0.4492841215687804,0.10705209994921461,0.28301447744161123,0.0,1.0,0.06949541502960527,0.05121890036389232,0.05121890036389232,0.0026233757544863283,0.37220491896383906,0.48621258171231224,0.7655188963910223,0.7832814296515334,0.48621258171231224,11,0.3271624379212111,strong
99,time_to_half_peak_after_peak,4.0,2.96,2.0,2.3480918537262023,1.0,5.0,1.0,7.0,4.0,6.0,1.0,1.0,-1.04,-2.0,2.0,4.0,0.37220491896383906,0.48621258171231224,0.7655188963910223,0.7832814296515334,0.48621258171231224,11,0.3271624379212111,strong
99,late_to_early_mean_ratio,0.28326575120489855,0.3651992778696917,0.30242034553721314,0.22085182536580963,0.22514676051009552,0.41732138563345444,0.1435678976192055,0.772727131581082,0.19217462512335892,0.6291592339618765,1.0,1.0,0.08193352666479314,0.01915459433231459,0.01915459433231459,0.0003668984840355382,0.37220491896383906,0.48621258171231224,0.7655188963910223,0.7832814296515334,0.48621258171231224,11,0.3271624379212111,strong
