case_id,feature,observed_value,pred_mean,pred_median,pred_std,pred_ci50_low,pred_ci50_high,pred_ci90_low,pred_ci90_high,pred_width50,pred_width90,covered50,covered90,err_mean,err_median,abs_err_median,sq_err_median,true_beta,true_gamma,true_R0,beta0,gamma,tau,kappa,severity
0,peak_time,45.0,22.13,20.5,15.258483316873702,10.75,35.25,1.0,48.0,24.5,47.0,0.0,1.0,-22.87,-24.5,24.5,600.25,0.24477311957990025,0.33796092457181953,0.7242645577739977,0.26104133230789256,0.33796092457181953,17,0.9055750790662072,mild
0,peak_height,0.06312879920005798,0.050810154173523185,0.048868706449866295,0.011924696198002129,0.04205992817878723,0.05870591942220926,0.03535354323685169,0.07291743531823158,0.01664599124342203,0.03756389208137989,0.0,1.0,-0.012318645026534798,-0.014260092750191689,0.014260092750191689,0.00020335024524406956,0.24477311957990025,0.33796092457181953,0.7242645577739977,0.26104133230789256,0.33796092457181953,17,0.9055750790662072,mild
0,cumulative_infected,0.5906510837376118,0.5590741708659516,0.4692814023583196,0.23940930320800566,0.3986068331214483,0.6385677077269065,0.33287893691485804,1.0429255462950096,0.23996087460545823,0.7100466093801515,1.0,1.0,-0.0315769128716602,-0.12136968137929216,0.12136968137929216,0.014730599558110898,0.24477311957990025,0.33796092457181953,0.7242645577739977,0.26104133230789256,0.33796092457181953,17,0.9055750790662072,mild
0,early_growth_slope,0.00030466868026581256,-0.0008393382110019342,-0.0008202347588459283,0.0022380369014671697,-0.0026079018785129015,0.0008557338840633053,-0.004266075244785972,0.0027711235557771508,0.0034636357625762067,0.0070371988005631225,1.0,1.0,-0.0011440068912677466,-0.001124903439111741,0.001124903439111741,1.2654077473254223e-06,0.24477311957990025,0.33796092457181953,0.7242645577739977,0.26104133230789256,0.33796092457181953,17,0.9055750790662072,mild
0,post_peak_decline_slope,-0.01188033223152158,-0.004456357169211034,-0.0026991890044882876,0.00763153279557855,-0.0037339338159654498,-0.0018697371783976857,-0.017517091799527307,-0.00038582893786951713,0.001864196637567764,0.01713126286165779,0.0,1.0,0.007423975062310546,0.009181143227033292,0.009181143227033292,8.42933909552993e-05,0.24477311957990025,0.33796092457181953,0.7242645577739977,0.26104133230789256,0.33796092457181953,17,0.9055750790662072,mild
0,late_phase_auc,0.3909506911877543,0.26263304857316144,0.21860175509937108,0.1608921105324739,0.16101355706632603,0.28029855055501685,0.1096087749232538,0.5914514456759206,0.11928499348869082,0.48184267075266674,0.0,1.0,-0.12831764261459283,-0.1723489360883832,0.1723489360883832,0.029704155770797595,0.24477311957990025,0.33796092457181953,0.7242645577739977,0.26104133230789256,0.33796092457181953,17,0.9055750790662072,mild
0,time_to_half_peak_after_peak,2.0,1.2,1.0,0.5685352436149611,1.0,1.0,1.0,2.0,0.0,1.0,0.0,1.0,-0.8,-1.0,1.0,1.0,0.24477311957990025,0.33796092457181953,0.7242645577739977,0.26104133230789256,0.33796092457181953,17,0.9055750790662072,mild
0,late_to_early_mean_ratio,1.930684250418643,0.9259851441323755,0.8856761876410999,0.3785048013532192,0.6170402675300396,1.2026744750699347,0.3899763622155265,1.5698883996945054,0.5856342075398951,1.1799120374789789,0.0,0.0,-1.0046991062862674,-1.045008062777543,1.045008062777543,1.0920418512700734,0.24477311957990025,0.33796092457181953,0.7242645577739977,0.26104133230789256,0.33796092457181953,17,0.9055750790662072,mild
1,peak_time,23.0,21.03,21.0,1.3518038827336374,20.0,22.0,19.0,24.0,2.0,5.0,0.0,1.0,-1.9699999999999989,-2.0,2.0,4.0,0.35602557806608603,0.09375293050568131,3.7974874614133936,0.38426463760700225,0.09375293050568131,16,0.8919285703850962,mild
1,peak_height,0.4251188337802887,0.4219811651110649,0.4231404811143875,0.023078728280324003,0.40840567648410797,0.4352077469229698,0.3839092344045639,0.464194592833519,0.026802070438861847,0.08028535842895507,1.0,1.0,-0.00313766866922377,-0.001978352665901184,0.001978352665901184,3.913879270678322e-06,0.35602557806608603,0.09375293050568131,3.7974874614133936,0.38426463760700225,0.09375293050568131,16,0.8919285703850962,mild
1,cumulative_infected,9.656288583762944,9.690672301861195,9.64115774066886,0.4564976154172891,9.41092765587382,9.984639275062364,8.88944441420026,10.476016346528194,0.5737116191885434,1.5865719323279333,1.0,1.0,0.03438371809825114,-0.015130843094084412,0.015130843094084412,0.00022894241273780193,0.35602557806608603,0.09375293050568131,3.7974874614133936,0.38426463760700225,0.09375293050568131,16,0.8919285703850962,mild
1,early_growth_slope,0.011788665305911782,0.007827167609380662,0.007824567811829702,0.0024062836848504267,0.006027077102944963,0.009714924850933516,0.0042715896392196764,0.01175982506247237,0.003687847747988553,0.007488235423252694,0.0,0.0,-0.0039614976965311206,-0.0039640974940820806,0.0039640974940820806,1.571406894258783e-05,0.35602557806608603,0.09375293050568131,3.7974874614133936,0.38426463760700225,0.09375293050568131,16,0.8919285703850962,mild
1,post_peak_decline_slope,-0.023660538345575355,-0.01478522278368472,-0.015094041824340805,0.003972820812292661,-0.01762078640361625,-0.01200552061200142,-0.02145444873720404,-0.009111032411456083,0.0056152657916148305,0.012343416325747956,0.0,0.0,0.008875315561890635,0.00856649652123455,0.00856649652123455,7.338486264832365e-05,0.35602557806608603,0.09375293050568131,3.7974874614133936,0.38426463760700225,0.09375293050568131,16,0.8919285703850962,mild
1,late_phase_auc,4.232270509004593,4.358514045968186,4.361917594447732,0.27055791411941327,4.187930355779827,4.55903260409832,3.9227497327141463,4.766367314849049,0.37110224831849337,0.8436175821349026,1.0,1.0,0.12624353696359325,0.12964708544313908,0.12964708544313908,0.016808366763900604,0.35602557806608603,0.09375293050568131,3.7974874614133936,0.38426463760700225,0.09375293050568131,16,0.8919285703850962,mild
1,time_to_half_peak_after_peak,8.0,12.89,13.0,1.6629959577688562,12.0,14.0,10.0,15.049999999999997,2.0,5.049999999999997,0.0,0.0,4.890000000000001,5.0,5.0,25.0,0.35602557806608603,0.09375293050568131,3.7974874614133936,0.38426463760700225,0.09375293050568131,16,0.8919285703850962,mild
1,late_to_early_mean_ratio,0.8427191826837052,0.8892379910792418,0.8953003442564669,0.0758753553391537,0.8378270474883037,0.9379491284464743,0.7571544506235504,0.9969196513589894,0.10012208095817055,0.23976520073543905,1.0,1.0,0.04651880839553668,0.052581161572761714,0.052581161572761714,0.002764778552340873,0.35602557806608603,0.09375293050568131,3.7974874614133936,0.38426463760700225,0.09375293050568131,16,0.8919285703850962,mild
2,peak_time,2.0,20.41,18.0,15.106420469255427,8.0,31.5,0.0,44.099999999999994,23.5,44.099999999999994,0.0,1.0,18.41,16.0,16.0,256.0,0.2680481335883664,0.42381710222092844,0.632461814739693,0.27537615462093723,0.42381710222092844,17,0.9596803790587983,mild
2,peak_height,0.061977725476026535,0.048588619958609344,0.04691421613097191,0.010525188696766972,0.04167674947530031,0.05326343420892954,0.03510750234127045,0.06861865557730197,0.011586684733629227,0.03351115323603152,0.0,1.0,-0.01338910551741719,-0.015063509345054626,0.015063509345054626,0.00022690931378854806,0.2680481335883664,0.42381710222092844,0.632461814739693,0.27537615462093723,0.42381710222092844,17,0.9596803790587983,mild
2,cumulative_infected,0.31908234528964385,0.49514980971765,0.44143549376531155,0.20962448040941736,0.3902487990271766,0.5120266823651036,0.3297850675167865,1.0263546050569858,0.12177788333792705,0.6965695375401993,0.0,0.0,0.17606746442800614,0.1223531484756677,0.1223531484756677,0.014970292941908783,0.2680481335883664,0.42381710222092844,0.632461814739693,0.27537615462093723,0.42381710222092844,17,0.9596803790587983,mild
2,early_growth_slope,-0.0008123966254061083,-0.0005860912307841872,-0.0004660272887641832,0.0020999501541210607,-0.0020072767114513775,0.0005890872520727241,-0.003821428579976781,0.003106122647018525,0.0025963639635241016,0.006927551226995306,1.0,1.0,0.00022630539462192107,0.0003463693366419251,0.0003463693366419251,1.199717173657672e-07,0.2680481335883664,0.42381710222092844,0.632461814739693,0.27537615462093723,0.42381710222092844,17,0.9596803790587983,mild
2,post_peak_decline_slope,-0.003992661926895383,-0.0028040407775598818,-0.0027423546911450117,0.002101878271992547,-0.003581913484958934,-0.0017042763938661721,-0.00653977436634402,0.0,0.001877637091092762,0.00653977436634402,0.0,1.0,0.0011886211493355014,0.0012503072357503715,0.0012503072357503715,1.5632681837697349e-06,0.2680481335883664,0.42381710222092844,0.632461814739693,0.27537615462093723,0.42381710222092844,17,0.9596803790587983,mild
2,late_phase_auc,0.14281418186146766,0.23803407330008666,0.2060698437398969,0.149746268261369,0.17127317027188838,0.24184784755925648,0.11457702260568112,0.5478161606821229,0.0705746772873681,0.43323913807644177,0.0,1.0,0.095219891438619,0.06325566187842924,0.06325566187842924,0.0040012787596781655,0.2680481335883664,0.42381710222092844,0.632461814739693,0.27537615462093723,0.42381710222092844,17,0.9596803790587983,mild
2,time_to_half_peak_after_peak,1.0,1.13,1.0,0.69128777501037,1.0,1.0,1.0,2.0,0.0,1.0,1.0,1.0,0.1299999999999999,0.0,0.0,0.0,0.2680481335883664,0.42381710222092844,0.632461814739693,0.27537615462093723,0.42381710222092844,17,0.9596803790587983,mild
2,late_to_early_mean_ratio,0.8421460567090038,0.9941643008400206,0.9031523580047695,0.49434475829564695,0.6278791888005382,1.1995488234618583,0.4676838355551947,1.9053113205212138,0.5716696346613201,1.437627484966019,1.0,1.0,0.15201824413101683,0.061006301295765675,0.061006301295765675,0.003721768797789741,0.2680481335883664,0.42381710222092844,0.632461814739693,0.27537615462093723,0.42381710222092844,17,0.9596803790587983,mild
3,peak_time,19.0,16.34,16.0,1.897473067109001,15.0,17.25,13.95,19.049999999999997,2.25,5.099999999999998,0.0,1.0,-2.66,-3.0,3.0,9.0,0.4924990133121481,0.20865185201255343,2.3603864933943512,0.5088133920563621,0.20865185201255343,20,0.946560700514454,mild
3,peak_height,0.23492005467414856,0.23137784168124198,0.23011184483766556,0.014204925884595663,0.22273096814751625,0.24033194407820702,0.20982837229967116,0.25428049117326734,0.017600975930690765,0.04445211887359618,1.0,1.0,-0.0035422129929065793,-0.004808209836483002,0.004808209836483002,2.3118881831651894e-05,0.4924990133121481,0.20865185201255343,2.3603864933943512,0.5088133920563621,0.20865185201255343,20,0.946560700514454,mild
3,cumulative_infected,4.0754053355703945,3.988795656156217,3.9793597263633274,0.19598588752620416,3.8457174150698847,4.121339203147727,3.6813418474630453,4.298111904843244,0.2756217880778422,0.6167700573801991,1.0,1.0,-0.08660967941417752,-0.09604560920706717,0.09604560920706717,0.009224759047956667,0.4924990133121481,0.20865185201255343,2.3603864933943512,0.5088133920563621,0.20865185201255343,20,0.946560700514454,mild
3,early_growth_slope,0.007216104727593205,0.007102674374657777,0.007452440506312994,0.002924107844020024,0.005319583930984316,0.009130900807490216,0.0021489493343757383,0.011449276436663538,0.0038113168765059003,0.0093003271022878,1.0,1.0,-0.00011343035293542858,0.00023633577871978902,0.00023633577871978902,5.585460030308908e-08,0.4924990133121481,0.20865185201255343,2.3603864933943512,0.5088133920563621,0.20865185201255343,20,0.946560700514454,mild
3,post_peak_decline_slope,-0.019632888336976382,-0.01237324825301766,-0.012779079129298529,0.0041793642883095825,-0.015459514471391843,-0.010047473696370924,-0.017681363628556337,-0.004366457934180901,0.005412040775020919,0.013314905694375438,0.0,0.0,0.007259640083958721,0.006853809207677853,0.006853809207677853,4.697470065524972e-05,0.4924990133121481,0.20865185201255343,2.3603864933943512,0.5088133920563621,0.20865185201255343,20,0.946560700514454,mild
3,late_phase_auc,0.799364923084795,0.855820110520217,0.8587072139489464,0.10213497993404834,0.7997208934102673,0.9166944418102503,0.6880176009086426,1.029787695890991,0.11697354839998297,0.34177009498234845,0.0,1.0,0.056455187435421994,0.05934229086415144,0.05934229086415144,0.003521507485005551,0.4924990133121481,0.20865185201255343,2.3603864933943512,0.5088133920563621,0.20865185201255343,20,0.946560700514454,mild
3,time_to_half_peak_after_peak,4.0,8.37,8.0,2.2412793965352322,7.0,10.0,4.0,12.0,3.0,8.0,0.0,1.0,4.369999999999999,4.0,4.0,16.0,0.4924990133121481,0.20865185201255343,2.3603864933943512,0.5088133920563621,0.20865185201255343,20,0.946560700514454,mild
3,late_to_early_mean_ratio,0.26726813054434667,0.2978488377220915,0.3010621630554945,0.03610635728078973,0.2755274672153971,0.3191643246593352,0.2344707232332261,0.35603926745739933,0.04363685744393808,0.12156854422417324,0.0,1.0,0.030580707177744804,0.03379403251114782,0.03379403251114782,0.001142036633364516,0.4924990133121481,0.20865185201255343,2.3603864933943512,0.5088133920563621,0.20865185201255343,20,0.946560700514454,mild
4,peak_time,3.0,22.76,21.5,14.24966418175984,11.0,34.25,1.9000000000000004,46.05,23.25,44.15,0.0,1.0,19.76,18.5,18.5,342.25,0.1664624245393579,0.18700362221474154,0.8901561508161825,0.18254132540300172,0.18700362221474154,20,0.8531939655477466,mild
4,peak_height,0.06925215572118759,0.05507091423496604,0.05356514826416969,0.015220312762247043,0.04422430507838726,0.062197872437536716,0.03511908669024706,0.08612493388354778,0.017973567359149456,0.051005847193300716,0.0,1.0,-0.014181241486221553,-0.0156870074570179,0.0156870074570179,0.00024608220295653516,0.1664624245393579,0.18700362221474154,0.8901561508161825,0.18254132540300172,0.18700362221474154,20,0.8531939655477466,mild
4,cumulative_infected,0.684410819914774,0.6379953493479252,0.539306133890932,0.3550158636222391,0.438758211224922,0.7383690158967511,0.3490629784588236,1.0548618859749694,0.2996108046718291,0.7057989075161458,1.0,1.0,-0.046415470566848804,-0.14510468602384208,0.14510468602384208,0.02105536990607779,0.1664624245393579,0.18700362221474154,0.8901561508161825,0.18254132540300172,0.18700362221474154,20,0.8531939655477466,mild
4,early_growth_slope,-0.0009578291681550783,0.0002641427644565354,0.00019753192845244226,0.002770117488600102,-0.0013774759035662827,0.0014458609846639905,-0.004093520015123342,0.005025061582758399,0.0028233368882302733,0.009118581597881741,1.0,1.0,0.0012219719326116137,0.0011553610966075205,0.0011553610966075205,1.3348592635541324e-06,0.1664624245393579,0.18700362221474154,0.8901561508161825,0.18254132540300172,0.18700362221474154,20,0.8531939655477466,mild
4,post_peak_decline_slope,-0.005434599031529312,-0.0044718916368642345,-0.0031160615306968535,0.00680371733536249,-0.004483452983134029,-0.0019501121055024407,-0.011747141992673293,0.0,0.0025333408776315883,0.011747141992673293,0.0,1.0,0.0009627073946650777,0.0023185375008324587,0.0023185375008324587,5.3756161427664235e-06,0.1664624245393579,0.18700362221474154,0.8901561508161825,0.18254132540300172,0.18700362221474154,20,0.8531939655477466,mild
4,late_phase_auc,0.271908611379331,0.2852000126032317,0.23480810463661328,0.1937536397294727,0.18475810042582452,0.3219420518144034,0.13244448842597195,0.5761993310647086,0.13718395138857886,0.4437548426387366,1.0,1.0,0.013291401223900712,-0.0371005067427177,0.0371005067427177,0.0013764476005664415,0.1664624245393579,0.18700362221474154,0.8901561508161825,0.18254132540300172,0.18700362221474154,20,0.8531939655477466,mild
4,time_to_half_peak_after_peak,1.0,1.33,1.0,1.0352865216055807,1.0,1.0,1.0,2.049999999999997,0.0,1.0499999999999972,1.0,1.0,0.33000000000000007,0.0,0.0,0.0,0.1664624245393579,0.18700362221474154,0.8901561508161825,0.18254132540300172,0.18700362221474154,20,0.8531939655477466,mild
4,late_to_early_mean_ratio,0.7061178913654039,0.8867370240635986,0.8489696270274787,0.3634937576959396,0.629150504749403,1.0135458954374215,0.42392987113387226,1.5109492332223855,0.3843953906880184,1.0870193620885131,1.0,1.0,0.18061913269819463,0.14285173566207476,0.14285173566207476,0.020406618381667282,0.1664624245393579,0.18700362221474154,0.8901561508161825,0.18254132540300172,0.18700362221474154,20,0.8531939655477466,mild
5,peak_time,28.0,27.84,28.0,2.092410528118662,26.0,29.0,25.0,31.0,3.0,6.0,1.0,1.0,-0.16000000000000014,0.0,0.0,0.0,0.2808989508748742,0.07434764212810198,3.778182371821309,0.293222378204653,0.07434764212810198,14,0.9416283593491165,mild
5,peak_height,0.41368937492370605,0.4167173716425896,0.4212305098772049,0.03563760591824646,0.3967767283320427,0.44158126413822174,0.34776415675878525,0.4644215628504753,0.04480453580617905,0.11665740609169006,1.0,1.0,0.003027996718883541,0.00754113495349884,0.00754113495349884,5.686871638688196e-05,0.2808989508748742,0.07434764212810198,3.778182371821309,0.293222378204653,0.07434764212810198,14,0.9416283593491165,mild
5,cumulative_infected,10.910146753303707,10.878529790261437,10.89665784407407,0.975995313457751,10.315412382711656,11.54205330030527,9.091556860343553,12.349569555884226,1.2266409175936133,3.258012695540673,1.0,1.0,-0.031616963042269575,-0.013488909229636192,0.013488909229636192,0.00018195067220536446,0.2808989508748742,0.07434764212810198,3.778182371821309,0.293222378204653,0.07434764212810198,14,0.9416283593491165,mild
5,early_growth_slope,0.006660677803059418,0.0037739590057524414,0.0035476817671830463,0.0025337591658893075,0.0019419617816484323,0.005165511565878875,0.00018861909851520595,0.007798143511033794,0.0032235497842304428,0.007609524412518588,0.0,1.0,-0.0028867187973069764,-0.0031129960358763716,0.0031129960358763716,9.690744319382003e-06,0.2808989508748742,0.07434764212810198,3.778182371821309,0.293222378204653,0.07434764212810198,14,0.9416283593491165,mild
5,post_peak_decline_slope,-0.011504540840784696,-0.01004718987643718,-0.010490477085113518,0.003754436657426624,-0.012598078822096192,-0.007212853804230666,-0.015312492350737245,-0.0037591655055681877,0.0053852250178655255,0.011553326845169057,1.0,1.0,0.0014573509643475164,0.0010140637556711775,0.0010140637556711775,1.0283253005659335e-06,0.2808989508748742,0.07434764212810198,3.778182371821309,0.293222378204653,0.07434764212810198,14,0.9416283593491165,mild
5,late_phase_auc,6.905194066464901,7.138863661773502,7.159980557858944,0.5971839087621805,6.748416779562831,7.5686029978096485,5.9996102634817365,8.0219802480191,0.8201862182468176,2.022369984537363,1.0,1.0,0.23366959530860143,0.25478649139404297,0.25478649139404297,0.06491615619688673,0.2808989508748742,0.07434764212810198,3.778182371821309,0.293222378204653,0.07434764212810198,14,0.9416283593491165,mild
5,time_to_half_peak_after_peak,14.0,16.46,16.0,2.3631001722826785,15.0,18.0,12.95,20.0,3.0,7.050000000000001,0.0,1.0,2.460000000000001,2.0,2.0,4.0,0.2808989508748742,0.07434764212810198,3.778182371821309,0.293222378204653,0.07434764212810198,14,0.9416283593491165,mild
5,late_to_early_mean_ratio,1.8754146784827315,2.1084390131731037,2.105938905542371,0.2254378762941045,1.9245930974415058,2.2341313639312457,1.7887318706143784,2.517877612973747,0.3095382664897399,0.7291457423593684,0.0,1.0,0.2330243346903722,0.23052422705963949,0.23052422705963949,0.05314141926144422,0.2808989508748742,0.07434764212810198,3.778182371821309,0.293222378204653,0.07434764212810198,14,0.9416283593491165,mild
6,peak_time,11.0,9.59,10.0,0.6528105515091007,9.0,10.0,9.0,11.0,1.0,2.0,0.0,1.0,-1.4100000000000001,-1.0,1.0,1.0,0.7590071930467258,0.12007176008901925,6.321279812039153,0.8072158415831313,0.12007176008901925,23,0.889403465010884,mild
6,peak_height,0.5436809062957764,0.5830678933858872,0.5815185010433197,0.025778726133876946,0.5680027306079865,0.6001129448413849,0.5453931033611298,0.6224444568157196,0.03211021423339844,0.0770513534545898,0.0,0.0,0.03938698709011079,0.037837594747543335,0.037837594747543335,0.001431683576279319,0.7590071930467258,0.12007176008901925,6.321279812039153,0.8072158415831313,0.12007176008901925,23,0.889403465010884,mild
6,cumulative_infected,8.366183234378695,8.479677967281567,8.443943947786465,0.4143999071580571,8.216155479341978,8.802956050436478,7.7785572663327915,9.17163678810466,0.5868005710944999,1.3930795217718686,1.0,1.0,0.11349473290287193,0.0777607134077698,0.0777607134077698,0.00604672854968531,0.7590071930467258,0.12007176008901925,6.321279812039153,0.8072158415831313,0.12007176008901925,23,0.889403465010884,mild
6,early_growth_slope,0.060029247709150815,0.061825820777538884,0.06146405483152538,0.0075863901948552215,0.058018408566048084,0.06740262560682214,0.048640057482823185,0.07153096783052507,0.009384217040774058,0.02289091034770188,1.0,1.0,0.0017965730683880687,0.001434807122374565,0.001434807122374565,2.0586714784167804e-06,0.7590071930467258,0.12007176008901925,6.321279812039153,0.8072158415831313,0.12007176008901925,23,0.889403465010884,mild
6,post_peak_decline_slope,-0.03747810175021491,-0.03765497783571486,-0.03847338855266576,0.0036705162676800044,-0.04021567900975549,-0.035378002747893364,-0.04269486998518312,-0.03164802059531212,0.004837676261862128,0.011046849389871001,1.0,1.0,-0.00017687608549994682,-0.0009952868024508468,0.0009952868024508468,9.90595819132831e-07,0.7590071930467258,0.12007176008901925,6.321279812039153,0.8072158415831313,0.12007176008901925,23,0.889403465010884,mild
6,late_phase_auc,1.0542676411569118,1.051034601346437,1.0506111443974078,0.1555613732074852,0.9498467679368332,1.1381966825865675,0.806189118581824,1.3167736108036479,0.18834991464973427,0.5105844922218239,1.0,1.0,-0.003233039810474958,-0.00365649675950408,0.00365649675950408,1.3369968552263837e-05,0.7590071930467258,0.12007176008901925,6.321279812039153,0.8072158415831313,0.12007176008901925,23,0.889403465010884,mild
6,time_to_half_peak_after_peak,8.0,8.37,8.0,0.8487066809581684,8.0,9.0,7.0,10.0,1.0,3.0,1.0,1.0,0.3699999999999992,0.0,0.0,0.0,0.7590071930467258,0.12007176008901925,6.321279812039153,0.8072158415831313,0.12007176008901925,23,0.889403465010884,mild
6,late_to_early_mean_ratio,0.15655367072436782,0.15194679036142245,0.15291911705665048,0.01883835024171472,0.1385156873022397,0.16195920034221228,0.1244582699596138,0.18639911969900397,0.02344351303997258,0.061940849739390166,1.0,1.0,-0.004606880362945376,-0.0036345536677173385,0.0036345536677173385,1.3209980363517556e-05,0.7590071930467258,0.12007176008901925,6.321279812039153,0.8072158415831313,0.12007176008901925,23,0.889403465010884,mild
7,peak_time,20.0,18.71,18.0,3.0361292475915462,16.0,21.0,14.0,24.0,5.0,10.0,1.0,1.0,-1.2899999999999991,-2.0,2.0,4.0,0.4849315414756304,0.2922467506437757,1.6593222693063276,0.48996164703975054,0.2922467506437757,22,0.9816672765740551,mild
7,peak_height,0.13834640383720398,0.1321549381315708,0.13170907646417618,0.015423614755246296,0.12084168940782547,0.14338889718055725,0.1064261045306921,0.15595483407378197,0.02254720777273178,0.04952872954308987,1.0,1.0,-0.00619146570563317,-0.0066373273730278015,0.0066373273730278015,4.405411465674414e-05,0.4849315414756304,0.2922467506437757,1.6593222693063276,0.48996164703975054,0.2922467506437757,22,0.9816672765740551,mild
7,cumulative_infected,2.3793273917399347,2.358264267218365,2.356139705021633,0.20961700465211913,2.2465293748755357,2.52148832353123,2.0041989598277725,2.681384806393362,0.27495894865569426,0.6771858465655893,1.0,1.0,-0.021063124521569776,-0.023187686718301848,0.023187686718301848,0.000537668815346112,0.4849315414756304,0.2922467506437757,1.6593222693063276,0.48996164703975054,0.2922467506437757,22,0.9816672765740551,mild
7,early_growth_slope,0.004445895851988876,0.0036449939871540877,0.003999107306645738,0.0027958219579490642,0.0016750296455852324,0.005698433797252142,-0.001364561917060718,0.008103268877554606,0.0040234041516669095,0.009467830794615323,1.0,1.0,-0.0008009018648347885,-0.0004467885453431379,0.0004467885453431379,1.9962000424983718e-07,0.4849315414756304,0.2922467506437757,1.6593222693063276,0.48996164703975054,0.2922467506437757,22,0.9816672765740551,mild
7,post_peak_decline_slope,-0.012115044208864376,-0.006389139185737196,-0.006602830098321039,0.003063803562014616,-0.008489097235724335,-0.004351527678469818,-0.010420972018813084,-0.0011437490520378006,0.0041375695572545175,0.009277222966775283,0.0,0.0,0.00572590502312718,0.005512214110543336,0.005512214110543336,3.0384504400473065e-05,0.4849315414756304,0.2922467506437757,1.6593222693063276,0.48996164703975054,0.2922467506437757,22,0.9816672765740551,mild
7,late_phase_auc,0.7330553787760437,0.6939090345388468,0.6736741296481341,0.12069642439295021,0.6203714445582591,0.7849824731965782,0.5339033946191194,0.9009660226409324,0.1646110286383191,0.367062628021813,1.0,1.0,-0.03914634423719687,-0.05938124912790954,0.05938124912790954,0.0035261327479908576,0.4849315414756304,0.2922467506437757,1.6593222693063276,0.48996164703975054,0.2922467506437757,22,0.9816672765740551,mild
7,time_to_half_peak_after_peak,4.0,5.85,6.0,3.447660603418445,3.0,8.0,1.0,12.0,5.0,11.0,1.0,1.0,1.8499999999999996,2.0,2.0,4.0,0.4849315414756304,0.2922467506437757,1.6593222693063276,0.48996164703975054,0.2922467506437757,22,0.9816672765740551,mild
7,late_to_early_mean_ratio,0.49118954309059604,0.45857958194105714,0.4403508977349956,0.10003445733698144,0.3953423092872747,0.49933314152146646,0.33657323510665793,0.6114765109665682,0.10399083223419175,0.27490327585991026,1.0,1.0,-0.0326099611495389,-0.050838645355600454,0.050838645355600454,0.0025845678615925155,0.4849315414756304,0.2922467506437757,1.6593222693063276,0.48996164703975054,0.2922467506437757,22,0.9816672765740551,mild
8,peak_time,16.0,17.73,17.5,3.839862686938878,15.0,20.0,12.0,24.0,5.0,12.0,1.0,1.0,1.7300000000000004,1.5,1.5,2.25,0.5076193944287342,0.33693931512896735,1.5065602962789815,0.5227998506544365,0.33693931512896735,16,0.9572987629893741,mild
8,peak_height,0.10311321169137955,0.09991536013782025,0.09935401007533073,0.013647007845787734,0.09165131486952305,0.10772968642413616,0.07673094272613526,0.12316780611872673,0.016078371554613113,0.04643686339259147,1.0,1.0,-0.003197851553559297,-0.003759201616048813,0.003759201616048813,1.4131596790104006e-05,0.5076193944287342,0.33693931512896735,1.5065602962789815,0.5227998506544365,0.33693931512896735,16,0.9572987629893741,mild
8,cumulative_infected,1.814410425722599,1.7195971505513672,1.7208646254673567,0.2028805612025011,1.5853164723375812,1.8074287680792622,1.4313554813415976,2.0640869103837756,0.222112295741681,0.6327314290421779,0.0,1.0,-0.09481327517123184,-0.09354580025524228,0.09354580025524228,0.008750816745393688,0.5076193944287342,0.33693931512896735,1.5065602962789815,0.5227998506544365,0.33693931512896735,16,0.9572987629893741,mild
8,early_growth_slope,0.004068272798100396,0.0027444561694548093,0.002835496912926569,0.002262665524687276,0.001243451094653991,0.00427144819349494,-0.000934288061467841,0.0062132695573382055,0.0030279970988409495,0.007147557618806047,1.0,1.0,-0.0013238166286455868,-0.0012327758851738272,0.0012327758851738272,1.5197363830661132e-06,0.5076193944287342,0.33693931512896735,1.5065602962789815,0.5227998506544365,0.33693931512896735,16,0.9572987629893741,mild
8,post_peak_decline_slope,-0.006818798432747515,-0.005175488885996553,-0.00500579677366962,0.0026786951890738256,-0.006954751318941513,-0.0034010409843176687,-0.009693195279687641,-0.0012419317072878263,0.0035537103346238445,0.008451263572399816,1.0,1.0,0.0016433095467509621,0.0018130016590778945,0.0018130016590778945,3.2869750158191983e-06,0.5076193944287342,0.33693931512896735,1.5065602962789815,0.5227998506544365,0.33693931512896735,16,0.9572987629893741,mild
8,late_phase_auc,0.5685667265206575,0.4578726499902268,0.44946316232380923,0.10127834221933021,0.37721622828394175,0.5203551415852417,0.3319761158920301,0.6397964343195781,0.1431389133012999,0.30782031842754803,0.0,1.0,-0.11069407653043073,-0.11910356419684831,0.11910356419684831,0.014185659004392767,0.5076193944287342,0.33693931512896735,1.5065602962789815,0.5227998506544365,0.33693931512896735,16,0.9572987629893741,mild
8,time_to_half_peak_after_peak,6.0,4.14,3.0,3.051808538151657,2.0,5.0,1.0,10.0,3.0,9.0,0.0,1.0,-1.8600000000000003,-3.0,3.0,9.0,0.5076193944287342,0.33693931512896735,1.5065602962789815,0.5227998506544365,0.33693931512896735,16,0.9572987629893741,mild
8,late_to_early_mean_ratio,0.4902404659486136,0.3988535985871377,0.3832662834104603,0.10853522580117611,0.3223844349630776,0.4532100538019924,0.2513349560891395,0.6137790255944836,0.1308256188389148,0.3624440695053441,0.0,1.0,-0.09138686736147589,-0.10697418253815327,0.10697418253815327,0.011443475729706137,0.5076193944287342,0.33693931512896735,1.5065602962789815,0.5227998506544365,0.33693931512896735,16,0.9572987629893741,mild
9,peak_time,15.0,16.83,17.0,1.271720380929993,16.0,18.0,15.0,19.0,2.0,4.0,0.0,1.0,1.8299999999999983,2.0,2.0,4.0,0.4410679180152591,0.12948875842959828,3.406225554746231,0.4646839378666684,0.12948875842959828,16,0.9252622306736159,mild
9,peak_height,0.3749844431877136,0.37999587804079055,0.37873058021068573,0.022524018118866587,0.3663306385278702,0.39232975244522095,0.34899938851594925,0.4144286930561066,0.02599911391735077,0.06542930454015733,1.0,1.0,0.005011434853076924,0.003746137022972107,0.003746137022972107,1.403354259488232e-05,0.4410679180152591,0.12948875842959828,3.406225554746231,0.4646839378666684,0.12948875842959828,16,0.9252622306736159,mild
9,cumulative_infected,7.284675108036026,7.154064493527767,7.116037143685389,0.322119538320316,6.94487709999521,7.330894258106127,6.683644256158732,7.632563079893589,0.3860171581109171,0.9489188237348571,1.0,1.0,-0.13061061450825928,-0.16863796435063705,0.16863796435063705,0.028438763020326732,0.4410679180152591,0.12948875842959828,3.406225554746231,0.4646839378666684,0.12948875842959828,16,0.9252622306736159,mild
9,early_growth_slope,0.010418276843016166,0.010175775516105377,0.010030710979446578,0.0028170401080908417,0.008315577616615753,0.0118443834621541,0.005648518793307067,0.014761587041651912,0.003528805845538347,0.009113068248344847,1.0,1.0,-0.00024250132691078924,-0.00038756586356958854,0.00038756586356958854,1.5020729860444092e-07,0.4410679180152591,0.12948875842959828,3.406225554746231,0.4646839378666684,0.12948875842959828,16,0.9252622306736159,mild
9,post_peak_decline_slope,-0.00989248156547548,-0.018468194571634133,-0.018766311928629875,0.004381249157915197,-0.02227958378692467,-0.014997628082831697,-0.024835397886733206,-0.011659762958685555,0.007281955704092973,0.013175634928047651,0.0,0.0,-0.008575713006158652,-0.008873830363154395,0.008873830363154395,7.874486531404086e-05,0.4410679180152591,0.12948875842959828,3.406225554746231,0.4646839378666684,0.12948875842959828,16,0.9252622306736159,mild
9,late_phase_auc,2.0321477334946394,1.965863811623858,1.9638129617087543,0.16263606469010983,1.8550119086867198,2.0740235531702638,1.6521301495406078,2.195694457786158,0.21901164448354393,0.5435643082455501,1.0,1.0,-0.06628392187078136,-0.0683347717858851,0.0683347717858851,0.0046696410350289975,0.4410679180152591,0.12948875842959828,3.406225554746231,0.4646839378666684,0.12948875842959828,16,0.9252622306736159,mild
9,time_to_half_peak_after_peak,12.0,10.08,10.0,1.63101257512075,9.0,11.0,7.95,13.0,2.0,5.05,0.0,1.0,-1.92,-2.0,2.0,4.0,0.4410679180152591,0.12948875842959828,3.406225554746231,0.4646839378666684,0.12948875842959828,16,0.9252622306736159,mild
9,late_to_early_mean_ratio,0.4240888387533598,0.4106733342025988,0.410576626563007,0.03650274016811135,0.38703288340956776,0.43782358845656616,0.3473936683782168,0.46527893180276725,0.0507907050469984,0.11788526342455047,1.0,1.0,-0.01341550455076096,-0.013512212190352813,0.013512212190352813,0.00018257987827711915,0.4410679180152591,0.12948875842959828,3.406225554746231,0.4646839378666684,0.12948875842959828,16,0.9252622306736159,mild
10,peak_time,10.0,9.37,9.0,0.661418738375885,9.0,10.0,8.0,10.0,1.0,2.0,1.0,1.0,-0.6300000000000008,-1.0,1.0,1.0,0.7889747723977802,0.1551854573827073,5.084076727963413,0.8374964213564154,0.1551854573827073,27,0.874050989505828,mild
10,peak_height,0.49215662479400635,0.4942546653747559,0.4921029210090637,0.024113550338720795,0.4796649217605591,0.5088244825601578,0.4581939220428467,0.5338599145412445,0.029159560799598694,0.07566599249839778,1.0,1.0,0.0020980405807495273,-5.370378494262695e-05,5.370378494262695e-05,2.8840965171639255e-09,0.7889747723977802,0.1551854573827073,5.084076727963413,0.8374964213564154,0.1551854573827073,27,0.874050989505828,mild
10,cumulative_infected,6.322350293659838,6.23261859117114,6.217618605704047,0.29451240650772453,6.029798478659359,6.418590811663307,5.767885338346969,6.708981300663436,0.38879233300394844,0.9410959623164672,1.0,1.0,-0.08973170248869788,-0.10473168795579113,0.10473168795579113,0.010968726462069206,0.7889747723977802,0.1551854573827073,5.084076727963413,0.8374964213564154,0.1551854573827073,27,0.874050989505828,mild
10,early_growth_slope,0.06056264002940484,0.05447108392600316,0.055007287633738335,0.006950853301281749,0.0515659438956174,0.058336578342797485,0.040951982561853666,0.06454703219379075,0.006770634447180082,0.023595049631937086,0.0,1.0,-0.006091556103401681,-0.005555352395666506,0.005555352395666506,3.086194024003759e-05,0.7889747723977802,0.1551854573827073,5.084076727963413,0.8374964213564154,0.1551854573827073,27,0.874050989505828,mild
10,post_peak_decline_slope,-0.03599908724427226,-0.03815776894489928,-0.03848099261522295,0.0037309543308509377,-0.04078054844091342,-0.03620261314014597,-0.0431736709301671,-0.030729232082764346,0.004577935300767444,0.012444438847402754,0.0,1.0,-0.0021586817006270173,-0.0024819053709506864,0.0024819053709506864,6.159854270353864e-06,0.7889747723977802,0.1551854573827073,5.084076727963413,0.8374964213564154,0.1551854573827073,27,0.874050989505828,mild
10,late_phase_auc,0.4789709442120511,0.49621823597733966,0.49668912921333686,0.10165944968057605,0.4254726824583486,0.5598488482646644,0.3140793383179698,0.6578073923126794,0.13437616580631584,0.34372805399470957,1.0,1.0,0.017247291765288553,0.017718185001285747,0.017718185001285747,0.0003139340797397872,0.7889747723977802,0.1551854573827073,5.084076727963413,0.8374964213564154,0.1551854573827073,27,0.874050989505828,mild
10,time_to_half_peak_after_peak,6.0,7.09,7.0,0.9857059204530334,6.75,8.0,6.0,9.0,1.25,3.0,0.0,1.0,1.0899999999999999,1.0,1.0,1.0,0.7889747723977802,0.1551854573827073,5.084076727963413,0.8374964213564154,0.1551854573827073,27,0.874050989505828,mild
10,late_to_early_mean_ratio,0.09053268201112236,0.09307312895089943,0.0915728471779852,0.018161095116983154,0.08069692985302157,0.10516892546096397,0.06139238317993894,0.12283389680772434,0.0244719956079424,0.0614415136277854,1.0,1.0,0.0025404469397770774,0.0010401651668628387,0.0010401651668628387,1.081943574354797e-06,0.7889747723977802,0.1551854573827073,5.084076727963413,0.8374964213564154,0.1551854573827073,27,0.874050989505828,mild
11,peak_time,14.0,17.48,17.0,4.298179083558924,15.0,19.25,11.95,25.049999999999997,4.25,13.099999999999998,0.0,1.0,3.4800000000000004,3.0,3.0,9.0,0.6428050565965167,0.4142892524820762,1.551585161201658,0.6474256580029935,0.4142892524820762,10,0.9910788957979958,mild
11,peak_height,0.10630562156438828,0.09487696319818496,0.09525009617209435,0.014274176389163121,0.08402613550424576,0.10172094404697418,0.07500182278454304,0.12220433317124843,0.017694808542728424,0.04720251038670539,0.0,1.0,-0.011428658366203312,-0.01105552539229393,0.01105552539229393,0.00012222464169965586,0.6428050565965167,0.4142892524820762,1.551585161201658,0.6474256580029935,0.4142892524820762,10,0.9910788957979958,mild
11,cumulative_infected,1.5610385838663206,1.5559298709533687,1.5497896855231375,0.21357743323570577,1.4234441550797783,1.6598085977166193,1.2625286473194137,1.920834798477881,0.23636444263684098,0.6583061511584674,1.0,1.0,-0.005108712912951896,-0.0112488983431831,0.0112488983431831,0.00012653771393526748,0.6428050565965167,0.4142892524820762,1.551585161201658,0.6474256580029935,0.4142892524820762,10,0.9910788957979958,mild
11,early_growth_slope,0.00339396076188201,0.0026556704857934425,0.0024828886990213685,0.0024075712362893998,0.0008489522068495215,0.004429290872178085,-0.001374346198714365,0.006600762869874456,0.0035803386653285633,0.007975109068588821,1.0,1.0,-0.0007382902760885673,-0.0009110720628606414,0.0009110720628606414,8.300523037251445e-07,0.6428050565965167,0.4142892524820762,1.551585161201658,0.6474256580029935,0.4142892524820762,10,0.9910788957979958,mild
11,post_peak_decline_slope,-0.002781780809164043,-0.004762686988384304,-0.005085733967522781,0.00293486654420439,-0.006970258802175517,-0.0027683206368237733,-0.009098683803652719,-0.0004408892467230023,0.004201938165351743,0.008657794556929716,1.0,1.0,-0.0019809061792202608,-0.002303953158358738,0.002303953158358738,5.308200155911204e-06,0.6428050565965167,0.4142892524820762,1.551585161201658,0.6474256580029935,0.4142892524820762,10,0.9910788957979958,mild
11,late_phase_auc,0.4207556260516867,0.4444665334120873,0.4241023255744949,0.12440578349017573,0.3557397099357331,0.5101157497701934,0.2825954241299769,0.6602866380359046,0.15437603983446024,0.3776912139059277,1.0,1.0,0.0237109073604006,0.003346699522808194,0.003346699522808194,1.1200397695964595e-05,0.6428050565965167,0.4142892524820762,1.551585161201658,0.6474256580029935,0.4142892524820762,10,0.9910788957979958,mild
11,time_to_half_peak_after_peak,2.0,3.39,2.0,2.5893917229630388,1.0,5.0,1.0,8.0,4.0,7.0,1.0,1.0,1.3900000000000001,0.0,0.0,0.0,0.6428050565965167,0.4142892524820762,1.551585161201658,0.6474256580029935,0.4142892524820762,10,0.9910788957979958,mild
11,late_to_early_mean_ratio,0.37970039970563296,0.4469114267969234,0.4228732629415767,0.1619379774240634,0.33580056419571785,0.5240594065664728,0.2515645537254956,0.7334449904583215,0.1882588423707549,0.4818804367328259,1.0,1.0,0.06721102709129045,0.043172863235943715,0.043172863235943715,0.0018638961199895004,0.6428050565965167,0.4142892524820762,1.551585161201658,0.6474256580029935,0.4142892524820762,10,0.9910788957979958,mild
12,peak_time,13.0,14.37,14.0,1.4400827697873424,13.0,15.0,12.0,17.0,2.0,5.0,1.0,1.0,1.3699999999999992,1.0,1.0,1.0,0.5689294842393253,0.2540985352126566,2.2390112708173815,0.5994305981110294,0.2540985352126566,18,0.9204945650510318,mild
12,peak_height,0.25626665353775024,0.23591390639543533,0.2340526580810547,0.0178491023722854,0.2220660261809826,0.24634384363889694,0.21089054718613626,0.2660133749246597,0.024277817457914352,0.05512282773852345,0.0,1.0,-0.020352747142314914,-0.022213995456695557,0.022213995456695557,0.0004934615941500908,0.5689294842393253,0.2540985352126566,2.2390112708173815,0.5994305981110294,0.2540985352126566,18,0.9204945650510318,mild
12,cumulative_infected,3.7036013007164,3.6128155053338107,3.615214148951054,0.18155710678515322,3.4917165919177933,3.7181027632032055,3.3152652507691527,3.915380102797644,0.22638617128541227,0.6001148520284914,1.0,1.0,-0.09078579538258946,-0.08838715176534606,0.08838715176534606,0.007812288597190318,0.5689294842393253,0.2540985352126566,2.2390112708173815,0.5994305981110294,0.2540985352126566,18,0.9204945650510318,mild
12,early_growth_slope,0.013046229080784885,0.009807229625238547,0.010230746751143927,0.003052521064098645,0.0077621532282570295,0.011999508932820474,0.0042862435802817345,0.01446233820689875,0.004237355704563445,0.010176094626617015,0.0,1.0,-0.003238999455546338,-0.002815482329640958,0.002815482329640958,7.926940748520476e-06,0.5689294842393253,0.2540985352126566,2.2390112708173815,0.5994305981110294,0.2540985352126566,18,0.9204945650510318,mild
12,post_peak_decline_slope,-0.013522927214701982,-0.014709494821727277,-0.015706350530187294,0.003557866144904256,-0.017058768092344214,-0.012875784188508994,-0.018729783960928496,-0.008626271995405369,0.00418298390383522,0.010103511965523128,1.0,1.0,-0.001186567607025294,-0.002183423315485312,0.002183423315485312,4.767337374604872e-06,0.5689294842393253,0.2540985352126566,2.2390112708173815,0.5994305981110294,0.2540985352126566,18,0.9204945650510318,mild
12,late_phase_auc,0.46915166079998016,0.5339416866329976,0.5273837393615395,0.082458617706134,0.4765515241015237,0.5832501002878416,0.4059980084875406,0.6739270465448498,0.10669857618631795,0.2679290380573092,0.0,1.0,0.0647900258330174,0.05823207856155932,0.05823207856155932,0.0033909749735996165,0.5689294842393253,0.2540985352126566,2.2390112708173815,0.5994305981110294,0.2540985352126566,18,0.9204945650510318,mild
12,time_to_half_peak_after_peak,9.0,7.48,7.0,1.8720701014242134,6.0,9.0,4.95,11.0,3.0,6.05,1.0,1.0,-1.5199999999999996,-2.0,2.0,4.0,0.5689294842393253,0.2540985352126566,2.2390112708173815,0.5994305981110294,0.2540985352126566,18,0.9204945650510318,mild
12,late_to_early_mean_ratio,0.15958603875730606,0.18926398907308364,0.18655115755065224,0.03100121939184156,0.17015565044505854,0.20632746788891523,0.14023518545158387,0.24028584546425402,0.036171817443856696,0.10005066001267016,0.0,1.0,0.02967795031577758,0.026965118793346177,0.026965118793346177,0.0007271176315392712,0.5689294842393253,0.2540985352126566,2.2390112708173815,0.5994305981110294,0.2540985352126566,18,0.9204945650510318,mild
13,peak_time,19.0,20.2,20.0,1.775250729197189,19.0,21.0,18.0,24.0,2.0,6.0,1.0,1.0,1.1999999999999993,1.0,1.0,1.0,0.3999510867572313,0.15368390653517353,2.6024266025909144,0.4130429568877796,0.15368390653517353,25,0.9366077067179954,mild
13,peak_height,0.28870338201522827,0.2751957312226295,0.27450263500213623,0.015679572398508947,0.26501771062612534,0.2848895713686943,0.24655447974801065,0.3010207027196884,0.01987186074256897,0.05446622297167775,0.0,1.0,-0.013507650792598747,-0.014200747013092041,0.014200747013092041,0.00020166121572984252,0.3999510867572313,0.15368390653517353,2.6024266025909144,0.4130429568877796,0.15368390653517353,25,0.9366077067179954,mild
13,cumulative_infected,5.764702833257616,5.691838803997016,5.72069350827951,0.2919851449694189,5.529206313949544,5.895481161125645,5.152130118344212,6.114605179917999,0.3662748471761006,0.9624750615737865,1.0,1.0,-0.07286402926059932,-0.044009324978105724,0.044009324978105724,0.0019368206850285204,0.3999510867572313,0.15368390653517353,2.6024266025909144,0.4130429568877796,0.15368390653517353,25,0.9366077067179954,mild
13,early_growth_slope,0.006079675330381308,0.005513152820526772,0.005616607693290072,0.002659603795903,0.0037442816828843197,0.007565478173394997,0.001420801962653753,0.009637458261568097,0.003821196490510677,0.008216656298914344,1.0,1.0,-0.000566522509854536,-0.00046306763709123584,0.00046306763709123584,2.144316365212605e-07,0.3999510867572313,0.15368390653517353,2.6024266025909144,0.4130429568877796,0.15368390653517353,25,0.9366077067179954,mild
13,post_peak_decline_slope,-0.012073084215323132,-0.011457203050454456,-0.011325305700302121,0.003693228495433171,-0.01479698034624259,-0.008139675979812942,-0.017539005838334534,-0.0054752867544690794,0.006657304366429648,0.012063719083865453,1.0,1.0,0.0006158811648686764,0.0007477785150210112,0.0007477785150210112,5.591727075270287e-07,0.3999510867572313,0.15368390653517353,2.6024266025909144,0.4130429568877796,0.15368390653517353,25,0.9366077067179954,mild
13,late_phase_auc,2.1201683171093464,2.146129144232691,2.1406755107454956,0.19286900626492892,2.030102768796496,2.296551894105505,1.8332833673106506,2.4441235123202203,0.2664491253090091,0.6108401450095697,1.0,1.0,0.025960827123344465,0.020507193636149168,0.020507193636149168,0.00042054499083051694,0.3999510867572313,0.15368390653517353,2.6024266025909144,0.4130429568877796,0.15368390653517353,25,0.9366077067179954,mild
13,time_to_half_peak_after_peak,11.0,10.56,10.0,2.109717775179678,9.0,12.0,7.0,14.0,3.0,7.0,1.0,1.0,-0.4399999999999995,-1.0,1.0,1.0,0.3999510867572313,0.15368390653517353,2.6024266025909144,0.4130429568877796,0.15368390653517353,25,0.9366077067179954,mild
13,late_to_early_mean_ratio,0.6253019183548899,0.6591513908120143,0.6564227312016073,0.06598471305863648,0.6152805321754341,0.7060919855780734,0.5603016885429669,0.7717949994231695,0.0908114534026393,0.21149331088020262,1.0,1.0,0.03384947245712444,0.031120812846717416,0.031120812846717416,0.0009685049922404117,0.3999510867572313,0.15368390653517353,2.6024266025909144,0.4130429568877796,0.15368390653517353,25,0.9366077067179954,mild
14,peak_time,10.0,10.93,11.0,0.9455370981830402,10.0,12.0,10.0,12.049999999999997,2.0,2.049999999999997,1.0,1.0,0.9299999999999997,1.0,1.0,1.0,0.6913023235522036,0.184024715982677,3.75657323996239,0.7246202710627209,0.184024715982677,18,0.9281564495720863,mild
14,peak_height,0.418091356754303,0.39421972900629043,0.39054860174655914,0.023491804048739774,0.3785087764263153,0.4085920453071594,0.36115402430295945,0.4389980986714363,0.030083268880844116,0.07784407436847685,0.0,1.0,-0.023871627748012547,-0.027542755007743835,0.027542755007743835,0.0007586033534165981,0.6913023235522036,0.184024715982677,3.75657323996239,0.7246202710627209,0.184024715982677,18,0.9281564495720863,mild
14,cumulative_infected,5.269718728493899,5.08233458172258,5.0834330030484125,0.20643382742796956,4.94517722108867,5.22098971275409,4.791803292751865,5.390636722208001,0.27581249166541966,0.5988334294561355,0.0,1.0,-0.18738414677131932,-0.1862857254454866,0.1862857254454866,0.034702371504751216,0.6913023235522036,0.184024715982677,3.75657323996239,0.7246202710627209,0.184024715982677,18,0.9281564495720863,mild
14,early_growth_slope,0.036795217765583865,0.030897888781832337,0.031125085583577544,0.004948005791475913,0.027312361297108935,0.034470422622343025,0.022637289394957138,0.03878970554686106,0.00715806132523409,0.01615241615190392,0.0,1.0,-0.0058973289837515284,-0.005670132182006321,0.005670132182006321,3.215039896142376e-05,0.6913023235522036,0.184024715982677,3.75657323996239,0.7246202710627209,0.184024715982677,18,0.9281564495720863,mild
14,post_peak_decline_slope,-0.029190159092346863,-0.03023048800230028,-0.03048890754580498,0.0037874741834196322,-0.03296967018395666,-0.0281351571902633,-0.035570928702751796,-0.023462698770066126,0.004834512993693363,0.01210822993268567,1.0,1.0,-0.0010403289099534183,-0.0012987484534581172,0.0012987484534581172,1.686747545359851e-06,0.6913023235522036,0.184024715982677,3.75657323996239,0.7246202710627209,0.184024715982677,18,0.9281564495720863,mild
14,late_phase_auc,0.33838162710890174,0.4230540838349134,0.41993416839977726,0.07292586474992149,0.37416979277622886,0.4722328911157092,0.3073027978942264,0.5565490860382851,0.09806309833948035,0.24924628814405875,0.0,1.0,0.08467245672601165,0.08155254129087552,0.08155254129087552,0.006650816990999957,0.6913023235522036,0.184024715982677,3.75657323996239,0.7246202710627209,0.184024715982677,18,0.9281564495720863,mild
14,time_to_half_peak_after_peak,8.0,6.88,7.0,1.0078479923865384,6.0,7.0,5.0,9.0,1.0,4.0,0.0,1.0,-1.12,-1.0,1.0,1.0,0.6913023235522036,0.184024715982677,3.75657323996239,0.7246202710627209,0.184024715982677,18,0.9281564495720863,mild
14,late_to_early_mean_ratio,0.07518738471921205,0.09768763177165145,0.09583239934992584,0.01680666604880625,0.08735942906117015,0.11088556607736365,0.06947331041971617,0.12388204401173347,0.023526137016193494,0.0544087335920173,0.0,1.0,0.0225002470524394,0.02064501463071379,0.02064501463071379,0.00042621662910238644,0.6913023235522036,0.184024715982677,3.75657323996239,0.7246202710627209,0.184024715982677,18,0.9281564495720863,mild
15,peak_time,8.0,8.54,9.0,0.7023769168568492,8.0,9.0,8.0,10.0,1.0,2.0,1.0,1.0,0.5399999999999991,1.0,1.0,1.0,0.8866647233605935,0.19389193396296361,4.57298405992464,0.9051074483412495,0.19389193396296361,22,0.9636137814070442,mild
15,peak_height,0.46737879514694214,0.45734347492456434,0.45802193880081177,0.022106558766746155,0.4407956898212433,0.4713781401515007,0.4244562923908234,0.4939798533916473,0.030582450330257416,0.06952356100082391,1.0,1.0,-0.010035320222377797,-0.009356856346130371,0.009356856346130371,8.75507606821202e-05,0.8866647233605935,0.19389193396296361,4.57298405992464,0.9051074483412495,0.19389193396296361,22,0.9636137814070442,mild
15,cumulative_infected,5.15966234728694,5.107008228896375,5.103096776671009,0.24848138057275115,4.965164650304359,5.25031746487366,4.718547585885972,5.555954223941081,0.28515281456930097,0.8374066380551088,1.0,1.0,-0.05265411839056444,-0.05656557061593048,0.05656557061593048,0.003199663779105818,0.8866647233605935,0.19389193396296361,4.57298405992464,0.9051074483412495,0.19389193396296361,22,0.9636137814070442,mild
15,early_growth_slope,0.060735639145908245,0.05734802229100231,0.057864836996443375,0.006638396106363599,0.05266693588956036,0.06195605425663025,0.045052735530494124,0.06718554790900917,0.009289118367069887,0.022132812378515047,1.0,1.0,-0.0033876168549059338,-0.0028708021494648697,0.0028708021494648697,8.241504981372117e-06,0.8866647233605935,0.19389193396296361,4.57298405992464,0.9051074483412495,0.19389193396296361,22,0.9636137814070442,mild
15,post_peak_decline_slope,-0.040138999372720724,-0.03895012992496294,-0.038936435182889306,0.0035399971686498,-0.04093342386186128,-0.036918751336634185,-0.04575303410490358,-0.03337510706235965,0.004014672525227095,0.012377927042543924,1.0,1.0,0.0011888694477577844,0.0012025641898314177,0.0012025641898314177,1.446160630664894e-06,0.8866647233605935,0.19389193396296361,4.57298405992464,0.9051074483412495,0.19389193396296361,22,0.9636137814070442,mild
15,late_phase_auc,0.33760767756029963,0.31294397793339157,0.3103351125610061,0.06900673219615337,0.2753238715813495,0.34004884577007033,0.20397554746596142,0.44188395055825824,0.06472497418872081,0.23790840309229683,1.0,1.0,-0.024663699626908064,-0.027272564999293536,0.027272564999293536,0.0007437928016406909,0.8866647233605935,0.19389193396296361,4.57298405992464,0.9051074483412495,0.19389193396296361,22,0.9636137814070442,mild
15,time_to_half_peak_after_peak,6.0,6.23,6.0,0.851083682338837,6.0,7.0,5.0,8.0,1.0,3.0,1.0,1.0,0.23000000000000043,0.0,0.0,0.0,0.8866647233605935,0.19389193396296361,4.57298405992464,0.9051074483412495,0.19389193396296361,22,0.9636137814070442,mild
15,late_to_early_mean_ratio,0.07653677588160926,0.06937348631104304,0.06798873033176422,0.014994404854310235,0.0622144052178018,0.07476197387802128,0.045925582682690834,0.09609616703480975,0.012547568660219478,0.050170584352118915,0.0,1.0,-0.0071632895705662225,-0.008548045549845035,0.008548045549845035,7.30690827222255e-05,0.8866647233605935,0.19389193396296361,4.57298405992464,0.9051074483412495,0.19389193396296361,22,0.9636137814070442,mild
16,peak_time,10.0,11.98,12.0,1.9173845822796312,10.0,13.25,9.0,15.0,3.25,6.0,1.0,1.0,1.9800000000000004,2.0,2.0,4.0,0.7273824754427184,0.42179631479061813,1.724487507207821,0.740246937946567,0.42179631479061813,27,0.96222041402558,mild
16,peak_height,0.15583555400371552,0.14353143073618413,0.1438804790377617,0.016144873530819864,0.1338910087943077,0.15393859148025513,0.12267997711896897,0.1690097324550152,0.020047582685947418,0.04632975533604622,0.0,1.0,-0.012304123267531386,-0.011955074965953827,0.011955074965953827,0.0001429238174415759,0.7273824754427184,0.42179631479061813,1.724487507207821,0.740246937946567,0.42179631479061813,27,0.96222041402558,mild
16,cumulative_infected,2.000224908348173,1.9139700253711545,1.9046715977456188,0.15584435781310083,1.8022019981335688,2.02884440102207,1.6722651030286215,2.177426257001207,0.22664240288850124,0.5051611539725855,1.0,1.0,-0.08625488297701844,-0.09555331060255412,0.09555331060255412,0.009130435167108182,0.7273824754427184,0.42179631479061813,1.724487507207821,0.740246937946567,0.42179631479061813,27,0.96222041402558,mild
16,early_growth_slope,0.0021356747130907715,0.009063001604866125,0.008944033370512658,0.0030993214195481184,0.00678676611936507,0.011413081202633854,0.00410733299074872,0.013708431479920229,0.004626315083268784,0.009601098489171508,0.0,0.0,0.006927326891775354,0.0068083586574218865,0.0068083586574218865,4.635374760809155e-05,0.7273824754427184,0.42179631479061813,1.724487507207821,0.740246937946567,0.42179631479061813,27,0.96222041402558,mild
16,post_peak_decline_slope,-0.010595537597934412,-0.0101108761781361,-0.010357753808299706,0.00329031464794313,-0.012456878585120035,-0.007911498596270885,-0.014444245926570138,-0.0045625683230658435,0.0045453799888491506,0.009881677603504294,1.0,1.0,0.00048466141979831324,0.00023778378963470667,0.00023778378963470667,5.6541130613042436e-08,0.7273824754427184,0.42179631479061813,1.724487507207821,0.740246937946567,0.42179631479061813,27,0.96222041402558,mild
16,late_phase_auc,0.2817202019505203,0.2461465146221144,0.23446624708594754,0.07272238911475874,0.19664335533161648,0.28965591242013033,0.1505480852443725,0.3739514629924088,0.09301255708851386,0.22340337774803629,1.0,1.0,-0.03557368732840588,-0.047253954864572734,0.047253954864572734,0.002232936250343077,0.7273824754427184,0.42179631479061813,1.724487507207821,0.740246937946567,0.42179631479061813,27,0.96222041402558,mild
16,time_to_half_peak_after_peak,4.0,5.86,6.0,2.256393833379521,4.0,7.0,3.0,10.0,3.0,7.0,1.0,1.0,1.8600000000000003,2.0,2.0,4.0,0.7273824754427184,0.42179631479061813,1.724487507207821,0.740246937946567,0.42179631479061813,27,0.96222041402558,mild
16,late_to_early_mean_ratio,0.17196178022064967,0.15836842791091152,0.15185223958830976,0.05330671936990679,0.1218319248223423,0.18436154550686246,0.09438677175631884,0.23185031059242775,0.06252962068452016,0.1374635388361089,1.0,1.0,-0.013593352309738155,-0.020109540632339912,0.020109540632339912,0.0004043936244437299,0.7273824754427184,0.42179631479061813,1.724487507207821,0.740246937946567,0.42179631479061813,27,0.96222041402558,mild
17,peak_time,21.0,21.77,21.0,15.388474632501802,7.0,37.0,0.0,46.0,30.0,46.0,1.0,1.0,0.7699999999999996,0.0,0.0,0.0,0.29740716391092986,0.40585461416976637,0.7327923683196721,0.3123512109611524,0.40585461416976637,22,0.9145647675837318,mild
17,peak_height,0.0333888866007328,0.048186222054064275,0.04689391702413559,0.009916245653100645,0.040730454958975315,0.05384041462093592,0.03457066304981708,0.06486075408756733,0.013109959661960602,0.030290091037750252,0.0,0.0,0.014797335453331471,0.013505030423402786,0.013505030423402786,0.00018238584673703484,0.29740716391092986,0.40585461416976637,0.7327923683196721,0.3123512109611524,0.40585461416976637,22,0.9145647675837318,mild
17,cumulative_infected,0.3416603019627473,0.5086818442628226,0.4759878927434329,0.1668344985972541,0.4053290720185032,0.5694333539613581,0.31594078864291075,0.857640990591608,0.16410428194285487,0.5417002019486973,0.0,1.0,0.16702154230007527,0.13432759078068557,0.13432759078068557,0.018043901644943322,0.29740716391092986,0.40585461416976637,0.7327923683196721,0.3123512109611524,0.40585461416976637,22,0.9145647675837318,mild
17,early_growth_slope,-0.003304434924627586,-0.0007017748803428678,-0.000703993244748007,0.0022064110759192337,-0.002022578871609375,0.0006652270146462668,-0.0042014900148690994,0.0034801483759933707,0.002687805886255642,0.00768163839086247,0.0,1.0,0.0026026600442847184,0.002600441679879579,0.002600441679879579,6.762296930454927e-06,0.29740716391092986,0.40585461416976637,0.7327923683196721,0.3123512109611524,0.40585461416976637,22,0.9145647675837318,mild
17,post_peak_decline_slope,-0.0024069224251434245,-0.004145452771072692,-0.0027677944822547314,0.007602421973970869,-0.003684999016453126,-0.0018444527668179977,-0.010014386854600151,-0.000650619053461318,0.0018405462496351285,0.009363767801138833,1.0,1.0,-0.0017385303459292673,-0.00036087205711130693,0.00036087205711130693,1.3022864160374636e-07,0.29740716391092986,0.40585461416976637,0.7327923683196721,0.3123512109611524,0.40585461416976637,22,0.9145647675837318,mild
17,late_phase_auc,0.1484061989226575,0.23888413950016343,0.2122274856083095,0.11302811353333048,0.1663928856869461,0.27489525836426765,0.11053747546138766,0.46092661838629273,0.10850237267732155,0.3503891429249051,0.0,1.0,0.09047794057750594,0.06382128668565201,0.06382128668565201,0.004073156634212182,0.29740716391092986,0.40585461416976637,0.7327923683196721,0.3123512109611524,0.40585461416976637,22,0.9145647675837318,mild
17,time_to_half_peak_after_peak,1.0,1.15,1.0,0.4113294533484312,1.0,1.0,1.0,2.0,0.0,1.0,1.0,1.0,0.1499999999999999,0.0,0.0,0.0,0.29740716391092986,0.40585461416976637,0.7327923683196721,0.3123512109611524,0.40585461416976637,22,0.9145647675837318,mild
17,late_to_early_mean_ratio,0.7178498939292013,0.9606060382364869,0.8724526015010989,0.45558099425044796,0.6569793285493009,1.1596586221141751,0.4589367358190734,1.8350772361896768,0.5026792935648743,1.3761405003706033,1.0,1.0,0.24275614430728565,0.15460270757189765,0.15460270757189765,0.0239019971885617,0.29740716391092986,0.40585461416976637,0.7327923683196721,0.3123512109611524,0.40585461416976637,22,0.9145647675837318,mild
18,peak_time,20.0,20.26,20.0,3.0471712333330605,18.0,22.0,16.0,26.0,4.0,10.0,1.0,1.0,0.26000000000000156,0.0,0.0,0.0,0.4077904098966,0.2478963552731846,1.6450036526241394,0.43795130167305996,0.2478963552731846,26,0.8565247072884227,mild
18,peak_height,0.12699413299560547,0.1451627841591835,0.1455630585551262,0.016158821065148696,0.13528772071003914,0.15779675543308258,0.11511264257133007,0.1680672250688076,0.022509034723043442,0.052954582497477545,0.0,1.0,0.01816865116357802,0.01856892555952072,0.01856892555952072,0.00034480499643502194,0.4077904098966,0.2478963552731846,1.6450036526241394,0.43795130167305996,0.2478963552731846,26,0.8565247072884227,mild
18,cumulative_infected,2.8069681678898633,2.804862361537041,2.8169783363409806,0.2562976675252352,2.6621029386878945,2.9770027891208883,2.3495216451061425,3.1841488978476264,0.31489985043299384,0.834627252741484,1.0,1.0,-0.0021058063528220927,0.010010168451117352,0.010010168451117352,0.00010020347241974516,0.4077904098966,0.2478963552731846,1.6450036526241394,0.43795130167305996,0.2478963552731846,26,0.8565247072884227,mild
18,early_growth_slope,0.0027367009426511463,0.0033277363965169655,0.003310640458017761,0.0027088510820467778,0.0016721958361033894,0.00492217198743241,-0.0006276302144951405,0.008022848367857346,0.0032499761513290204,0.008650478582352487,1.0,1.0,0.0005910354538658192,0.0005739395153666147,0.0005739395153666147,3.2940656729926455e-07,0.4077904098966,0.2478963552731846,1.6450036526241394,0.43795130167305996,0.2478963552731846,26,0.8565247072884227,mild
18,post_peak_decline_slope,-0.005704439058899878,-0.006198010047121595,-0.006479863294710704,0.0030432264591332032,-0.00835831969355544,-0.003994306487341725,-0.011284929697091379,-0.001263024747992559,0.004364013206213715,0.01002190494909882,1.0,1.0,-0.0004935709882217167,-0.000775424235810826,0.000775424235810826,6.012827454828034e-07,0.4077904098966,0.2478963552731846,1.6450036526241394,0.43795130167305996,0.2478963552731846,26,0.8565247072884227,mild
18,late_phase_auc,1.0497471247799695,0.9825745881097351,0.9889662596397102,0.1462983229826953,0.8819878871872788,1.0796111550880596,0.7725510469754227,1.207858026213944,0.19762326790078077,0.43530697923852135,1.0,1.0,-0.06717253667023437,-0.060780865140259266,0.060780865140259266,0.003694313567198384,0.4077904098966,0.2478963552731846,1.6450036526241394,0.43795130167305996,0.2478963552731846,26,0.8565247072884227,mild
18,time_to_half_peak_after_peak,8.0,7.03,7.0,3.5232417349980856,5.0,9.0,1.0,13.0,4.0,12.0,1.0,1.0,-0.9699999999999998,-1.0,1.0,1.0,0.4077904098966,0.2478963552731846,1.6450036526241394,0.43795130167305996,0.2478963552731846,26,0.8565247072884227,mild
18,late_to_early_mean_ratio,0.653595797231231,0.5923113376628721,0.5879690082860985,0.10936913406183736,0.5178048782955381,0.652541510519629,0.451462757709699,0.781018297516538,0.13473663222409094,0.32955553980683894,0.0,1.0,-0.06128445956835882,-0.06562678894513241,0.06562678894513241,0.004306875427248953,0.4077904098966,0.2478963552731846,1.6450036526241394,0.43795130167305996,0.2478963552731846,26,0.8565247072884227,mild
19,peak_time,11.0,10.82,11.0,0.8454273917655346,10.0,11.0,9.95,12.0,1.0,2.0500000000000007,1.0,1.0,-0.17999999999999972,0.0,0.0,0.0,0.7112063507714652,0.1610967732962836,4.414777131900954,0.7313359580150246,0.1610967732962836,19,0.9556057539609084,mild
19,peak_height,0.46390336751937866,0.4415939021110535,0.4426509886980057,0.02434007178332973,0.42494145035743713,0.4594973623752594,0.39670484960079194,0.4776697739958763,0.034555912017822266,0.08096492439508435,0.0,1.0,-0.02230946540832518,-0.021252378821372986,0.021252378821372986,0.000451663605567143,0.7112063507714652,0.1610967732962836,4.414777131900954,0.7313359580150246,0.1610967732962836,19,0.9556057539609084,mild
19,cumulative_infected,6.116246973630041,5.946681794314336,5.939867828623392,0.27328669799908234,5.775066350484849,6.130019613076001,5.520112354040611,6.398413019924192,0.35495326259115245,0.8783006658835806,1.0,1.0,-0.16956517931570492,-0.1763791450066492,0.1763791450066492,0.031109602793276583,0.7112063507714652,0.1610967732962836,4.414777131900954,0.7313359580150246,0.1610967732962836,19,0.9556057539609084,mild
19,early_growth_slope,0.03885988979822113,0.03537749503177174,0.03571201287697823,0.005094227675396668,0.03247305869341029,0.038287529763433005,0.026666795599296505,0.04337597065826966,0.005814471070022718,0.016709175058973156,0.0,1.0,-0.00348239476644939,-0.0031478769212429022,0.0031478769212429022,9.909129111293693e-06,0.7112063507714652,0.1610967732962836,4.414777131900954,0.7313359580150246,0.1610967732962836,19,0.9556057539609084,mild
19,post_peak_decline_slope,-0.031901328514019646,-0.031768292044599876,-0.03233249063293142,0.004453698900496823,-0.035140757945676664,-0.02977951920280857,-0.037631375057001905,-0.023939855073889106,0.005361238742868094,0.013691519983112799,1.0,1.0,0.00013303646941977,-0.0004311621189117751,0.0004311621189117751,1.8590077278449167e-07,0.7112063507714652,0.1610967732962836,4.414777131900954,0.7313359580150246,0.1610967732962836,19,0.9556057539609084,mild
19,late_phase_auc,0.580182948615402,0.5550259533720237,0.5550898855435662,0.09668854686055993,0.49006516168810776,0.6150788314989768,0.39543464088928887,0.720480644950294,0.12501366981086903,0.3250460040610051,1.0,1.0,-0.025156995243378333,-0.025093063071835786,0.025093063071835786,0.0006296618143271288,0.7112063507714652,0.1610967732962836,4.414777131900954,0.7313359580150246,0.1610967732962836,19,0.9556057539609084,mild
19,time_to_half_peak_after_peak,6.0,7.46,7.0,1.0192094381371666,7.0,8.0,6.0,9.0,1.0,3.0,0.0,1.0,1.46,1.0,1.0,1.0,0.7112063507714652,0.1610967732962836,4.414777131900954,0.7313359580150246,0.1610967732962836,19,0.9556057539609084,mild
19,late_to_early_mean_ratio,0.11272104907235038,0.11175686349877711,0.11307717815419614,0.01868373771506094,0.10068382515732152,0.12299235760734487,0.08220107303808707,0.14140822034039638,0.022308532450023344,0.059207147302309304,1.0,1.0,-0.0009641855735732646,0.000356129081845763,0.000356129081845763,1.2682792293630615e-07,0.7112063507714652,0.1610967732962836,4.414777131900954,0.7313359580150246,0.1610967732962836,19,0.9556057539609084,mild
20,peak_time,18.0,17.58,18.0,1.3793571918202558,17.0,18.0,16.0,20.0,1.0,4.0,1.0,1.0,-0.4200000000000017,0.0,0.0,0.0,0.4418822058539373,0.10967194134528829,4.029127235586419,0.4449378633814678,0.10967194134528829,22,0.9877364195132938,mild
20,peak_height,0.4374837875366211,0.4238193342089653,0.4234645515680313,0.02150469959518027,0.4100808650255203,0.43898431211709976,0.3899563580751419,0.4558254271745682,0.028903447091579437,0.0658690690994263,1.0,1.0,-0.013664453327655812,-0.014019235968589783,0.014019235968589783,0.0001965389771430015,0.4418822058539373,0.10967194134528829,4.029127235586419,0.4449378633814678,0.10967194134528829,22,0.9877364195132938,mild
20,cumulative_infected,8.70674901176244,8.612317483326024,8.614147534128278,0.42244661474413864,8.325223297113553,8.933159482112387,7.941421961068409,9.27052769906004,0.6079361849988345,1.3291057379916307,1.0,1.0,-0.09443152843641656,-0.09260147763416171,0.09260147763416171,0.008575033660030151,0.4418822058539373,0.10967194134528829,4.029127235586419,0.4449378633814678,0.10967194134528829,22,0.9877364195132938,mild
20,early_growth_slope,0.011493449420889925,0.010463237730006895,0.010299687527419464,0.002834045988952587,0.008604865023309163,0.01232721332347691,0.006146743318753406,0.014857654828977367,0.003722348300167747,0.008710911510223962,1.0,1.0,-0.0010302116908830292,-0.0011937618934704606,0.0011937618934704606,1.4250674583021792e-06,0.4418822058539373,0.10967194134528829,4.029127235586419,0.4449378633814678,0.10967194134528829,22,0.9877364195132938,mild
20,post_peak_decline_slope,-0.02096804132064184,-0.01762429933995008,-0.018388078113396975,0.0045870818718330665,-0.021312124220033483,-0.014616284767786649,-0.02405114039778711,-0.009417801747719433,0.006695839452246834,0.014633338650067678,1.0,1.0,0.0033437419806917577,0.0025799632072448647,0.0025799632072448647,6.656210150737209e-06,0.4418822058539373,0.10967194134528829,4.029127235586419,0.4449378633814678,0.10967194134528829,22,0.9877364195132938,mild
20,late_phase_auc,2.7175447959452868,2.8093225192087994,2.810375267639756,0.23140377740345786,2.664943160081748,2.940117937803734,2.428950914554298,3.2042257152032105,0.2751747777219862,0.7752748006489125,1.0,1.0,0.09177772326351263,0.09283047169446945,0.09283047169446945,0.008617496475017694,0.4418822058539373,0.10967194134528829,4.029127235586419,0.4449378633814678,0.10967194134528829,22,0.9877364195132938,mild
20,time_to_half_peak_after_peak,10.0,11.36,11.0,1.6050425589876478,10.0,12.0,9.0,14.0,2.0,5.0,1.0,1.0,1.3599999999999994,1.0,1.0,1.0,0.4418822058539373,0.10967194134528829,4.029127235586419,0.4449378633814678,0.10967194134528829,22,0.9877364195132938,mild
20,late_to_early_mean_ratio,0.4940340802135327,0.5237126261779834,0.5207726459758417,0.03980373994490098,0.501894414099936,0.550263073404716,0.4606405504031168,0.5896177821592249,0.04836865930478007,0.1289772317561081,0.0,1.0,0.029678545964450742,0.02673856576230904,0.02673856576230904,0.0007149508990253253,0.4418822058539373,0.10967194134528829,4.029127235586419,0.4449378633814678,0.10967194134528829,22,0.9877364195132938,mild
21,peak_time,35.0,23.68,24.0,3.9616341898950562,21.0,26.0,16.95,29.049999999999997,5.0,12.099999999999998,0.0,0.0,-11.32,-11.0,11.0,121.0,0.3291080910057327,0.2100296851457668,1.566959883681785,0.3519870896761951,0.2100296851457668,15,0.9071435152777518,mild
21,peak_height,0.10151290893554688,0.1221716333180666,0.1211872287094593,0.018419040917329106,0.1116118710488081,0.13306530937552452,0.09487990848720074,0.1547573111951351,0.021453438326716423,0.059877402707934374,0.0,1.0,0.020658724382519728,0.01967431977391243,0.01967431977391243,0.00038707885856616164,0.3291080910057327,0.2100296851457668,1.566959883681785,0.3519870896761951,0.2100296851457668,15,0.9071435152777518,mild
21,cumulative_infected,2.5411687077139504,2.5847887013376383,2.5859176667872816,0.36945452090146713,2.346447459385672,2.782022605504608,2.007899993506726,3.154431137764186,0.43557514611893566,1.1465311442574602,1.0,1.0,0.04361999362368785,0.04474895907333121,0.04474895907333121,0.0020024693381466715,0.3291080910057327,0.2100296851457668,1.566959883681785,0.3519870896761951,0.2100296851457668,15,0.9071435152777518,mild
21,early_growth_slope,0.0028607442398511226,0.0021557941438298993,0.0022019090385930165,0.0027119910403776144,0.0005364134210269974,0.0035661449863774964,-0.0023092364679281907,0.0067475343434212146,0.003029731565350499,0.009056770811349405,1.0,1.0,-0.0007049500960212233,-0.0006588352012581061,0.0006588352012581061,4.3406382241680914e-07,0.3291080910057327,0.2100296851457668,1.566959883681785,0.3519870896761951,0.2100296851457668,15,0.9071435152777518,mild
21,post_peak_decline_slope,-0.003934648322562373,-0.004558178648973505,-0.004392245722313723,0.0024238467421029393,-0.00637493378793199,-0.00315074099538227,-0.008202669718496806,9.488801782337862e-06,0.0032241927925497197,0.008212158520279145,1.0,1.0,-0.0006235303264111314,-0.00045759739975134977,0.00045759739975134977,2.0939538025919661e-07,0.3291080910057327,0.2100296851457668,1.566959883681785,0.3519870896761951,0.2100296851457668,15,0.9071435152777518,mild
21,late_phase_auc,1.2892804679577239,1.1957186002425078,1.1776340291835368,0.2253789851046885,1.0348614213253313,1.320959049044177,0.8578417550539598,1.5856275290017947,0.2860976277188456,0.727785773947835,1.0,1.0,-0.09356186771521613,-0.11164643877418712,0.11164643877418712,0.012464927290958312,0.3291080910057327,0.2100296851457668,1.566959883681785,0.3519870896761951,0.2100296851457668,15,0.9071435152777518,mild
21,time_to_half_peak_after_peak,2.0,6.5,6.0,4.142658103394023,3.0,9.0,1.0,14.0,6.0,13.0,0.0,1.0,4.5,4.0,4.0,16.0,0.3291080910057327,0.2100296851457668,1.566959883681785,0.3519870896761951,0.2100296851457668,15,0.9071435152777518,mild
21,late_to_early_mean_ratio,1.111577539614626,0.9343260982918583,0.9432680341708019,0.16684264715390387,0.8140162084057193,1.053720473241326,0.6842556797948778,1.2193110260619466,0.23970426483560658,0.5350553462670689,0.0,1.0,-0.1772514413227676,-0.16830950544382406,0.16830950544382406,0.02832808962274464,0.3291080910057327,0.2100296851457668,1.566959883681785,0.3519870896761951,0.2100296851457668,15,0.9071435152777518,mild
22,peak_time,32.0,20.37,17.5,14.28190562504977,9.0,32.0,1.9500000000000002,46.0,23.0,44.05,1.0,1.0,-11.629999999999999,-14.5,14.5,210.25,0.11952730116429101,0.37430596003658884,0.3193304780736248,0.12342430858238262,0.37430596003658884,16,0.9535675481781275,mild
22,peak_height,0.04950601980090141,0.050555847082287074,0.0490180067718029,0.012707058894700106,0.04122577887028456,0.0549819627776742,0.03627310916781425,0.07487632371485232,0.01375618390738964,0.03860321454703807,1.0,1.0,0.001049827281385661,-0.00048801302909851074,0.00048801302909851074,2.381567165699039e-07,0.11952730116429101,0.37430596003658884,0.3193304780736248,0.12342430858238262,0.37430596003658884,16,0.9535675481781275,mild
22,cumulative_infected,0.4609471915755421,0.5296880365848756,0.49022994394181296,0.22415599441850712,0.3995446900589741,0.5778285269989283,0.33239351509255355,0.9125812996713647,0.1782838369399542,0.5801877845788111,1.0,1.0,0.06874084500933353,0.02928275236627087,0.02928275236627087,0.0008574795861443422,0.11952730116429101,0.37430596003658884,0.3193304780736248,0.12342430858238262,0.37430596003658884,16,0.9535675481781275,mild
22,early_growth_slope,0.0026324426289647818,3.353865508740641e-05,-0.00020655898697441325,0.00201498946774662,-0.0013543828792448717,0.0013036119021957605,-0.0034448972595869445,0.002969470331473054,0.002657994781440632,0.0064143675910599985,0.0,1.0,-0.0025989039738773755,-0.002839001615939195,0.002839001615939195,8.05993017530536e-06,0.11952730116429101,0.37430596003658884,0.3193304780736248,0.12342430858238262,0.37430596003658884,16,0.9535675481781275,mild
22,post_peak_decline_slope,-0.0024143983299533454,-0.00343342013779368,-0.0028948372637387413,0.0031704317136632882,-0.0038784432147319224,-0.001959436280109612,-0.007954727798933168,-0.00047911929897965003,0.0019190069346223105,0.007475608499953518,1.0,1.0,-0.0010190218078403347,-0.00048043893378539593,0.00048043893378539593,2.3082156909684805e-07,0.11952730116429101,0.37430596003658884,0.3193304780736248,0.12342430858238262,0.37430596003658884,16,0.9535675481781275,mild
22,late_phase_auc,0.2416943113785237,0.2430230524623039,0.22027932992205024,0.12818959097218383,0.17715626233257353,0.2580443605547771,0.12132071636733599,0.44144980805613143,0.08088809822220355,0.32012909168879544,1.0,1.0,0.0013287410837801994,-0.02141498145647347,0.02141498145647347,0.00045860143078110257,0.11952730116429101,0.37430596003658884,0.3193304780736248,0.12342430858238262,0.37430596003658884,16,0.9535675481781275,mild
22,time_to_half_peak_after_peak,1.0,1.16,1.0,0.5264710031632486,1.0,1.0,1.0,2.0,0.0,1.0,1.0,1.0,0.15999999999999992,0.0,0.0,0.0,0.11952730116429101,0.37430596003658884,0.3193304780736248,0.12342430858238262,0.37430596003658884,16,0.9535675481781275,mild
22,late_to_early_mean_ratio,1.324185545380631,0.9401766774604806,0.8390261650153523,0.44859990202006217,0.6679844447212719,1.1133188614750384,0.47871263377937656,1.5851461865563332,0.4453344167537665,1.1064335527769567,0.0,1.0,-0.38400886792015043,-0.4851593803652787,0.4851593803652787,0.2353796243564212,0.11952730116429101,0.37430596003658884,0.3193304780736248,0.12342430858238262,0.37430596003658884,16,0.9535675481781275,mild
23,peak_time,16.0,15.67,16.0,2.361539473917107,14.0,17.0,12.0,20.0,3.0,8.0,1.0,1.0,-0.33000000000000007,0.0,0.0,0.0,0.4992329265820949,0.2986049005386757,1.6718845728301555,0.508324410180716,0.2986049005386757,21,0.9691634487586627,mild
23,peak_height,0.11564908921718597,0.13833092220127582,0.13938948512077332,0.015920554854741156,0.12752725183963776,0.14938950538635254,0.11355734132230282,0.16576964035630226,0.021862253546714783,0.052212299033999446,0.0,1.0,0.02268183298408985,0.02374039590358734,0.02374039590358734,0.0005636063976590666,0.4992329265820949,0.2986049005386757,1.6718845728301555,0.508324410180716,0.2986049005386757,21,0.9691634487586627,mild
23,cumulative_infected,2.3433189457282424,2.249222978673464,2.241458760239766,0.18409972963071172,2.1295028310232738,2.3757003688951954,1.956177264082362,2.518424508778844,0.24619753787192167,0.5622472446964819,1.0,1.0,-0.0940959670547783,-0.10186018548847642,0.10186018548847642,0.010375497387746822,0.4992329265820949,0.2986049005386757,1.6718845728301555,0.508324410180716,0.2986049005386757,21,0.9691634487586627,mild
23,early_growth_slope,0.0014508428894692946,0.004516607767553588,0.004545074001985734,0.0026834470185494053,0.0029200940876935844,0.006120361781844014,9.200280820507663e-05,0.009557989253551651,0.00320026769415043,0.009465986445346575,0.0,1.0,0.0030657648780842935,0.0030942311125164395,0.0030942311125164395,9.574266177664723e-06,0.4992329265820949,0.2986049005386757,1.6718845728301555,0.508324410180716,0.2986049005386757,21,0.9691634487586627,mild
23,post_peak_decline_slope,-0.0025601275265216797,-0.007168030438013373,-0.007425659180929267,0.003239071266346531,-0.009327958570793275,-0.005014575800548001,-0.011778069878928363,-0.0016923233059545385,0.004313382770245274,0.010085746572973824,0.0,1.0,-0.004607902911491693,-0.0048655316544075865,0.0048655316544075865,2.3673398280042225e-05,0.4992329265820949,0.2986049005386757,1.6718845728301555,0.508324410180716,0.2986049005386757,21,0.9691634487586627,mild
23,late_phase_auc,0.5736963590607047,0.4641430174936647,0.45950392400663986,0.09243898572282233,0.3924218102329178,0.5410939311841503,0.32601618658809456,0.6070264140173094,0.1486721209512325,0.28101022742921483,0.0,1.0,-0.10955334156704,-0.11419243505406484,0.11419243505406484,0.013039912223576818,0.4992329265820949,0.2986049005386757,1.6718845728301555,0.508324410180716,0.2986049005386757,21,0.9691634487586627,mild
23,time_to_half_peak_after_peak,9.0,6.35,6.0,2.641452768321389,5.0,9.0,2.0,11.0,4.0,9.0,1.0,1.0,-2.6500000000000004,-3.0,3.0,9.0,0.4992329265820949,0.2986049005386757,1.6718845728301555,0.508324410180716,0.2986049005386757,21,0.9691634487586627,mild
23,late_to_early_mean_ratio,0.3411431812294229,0.28316779887219246,0.2773297848475982,0.06356913477930043,0.2330520631039349,0.31982075536988597,0.19447110704338813,0.39194657007702777,0.08676869226595108,0.19747546303363964,0.0,1.0,-0.05797538235723043,-0.0638133963818247,0.0638133963818247,0.004072149557783879,0.4992329265820949,0.2986049005386757,1.6718845728301555,0.508324410180716,0.2986049005386757,21,0.9691634487586627,mild
24,peak_time,3.0,18.99,17.5,14.107448423088458,6.0,27.5,0.0,43.05,21.5,43.05,0.0,1.0,15.989999999999998,14.5,14.5,210.25,0.23666504691932494,0.2545962562740742,0.9295700195393046,0.24183304297356684,0.2545962562740742,18,0.9666092204131279,mild
24,peak_height,0.05379835143685341,0.05224624108523131,0.05060582421720028,0.015361583313059776,0.042463227175176144,0.057304549030959606,0.03149210279807448,0.07366072535514831,0.014841321855783463,0.04216862255707383,1.0,1.0,-0.0015521103516221019,-0.0031925272196531296,0.0031925272196531296,1.0192230048226142e-05,0.23666504691932494,0.2545962562740742,0.9295700195393046,0.24183304297356684,0.2545962562740742,18,0.9666092204131279,mild
24,cumulative_infected,0.5941381413140334,0.5902812786905816,0.5195379315700848,0.3115619938101761,0.4260549837126746,0.6252633445838001,0.3048429008875246,1.1142069013032596,0.19920836087112548,0.809364000415735,1.0,1.0,-0.003856862623451862,-0.07460020974394865,0.07460020974394865,0.005565191293841132,0.23666504691932494,0.2545962562740742,0.9295700195393046,0.24183304297356684,0.2545962562740742,18,0.9666092204131279,mild
24,early_growth_slope,-0.005603631520422083,-0.00037373357742169483,-0.00039382081740768545,0.00249956690922589,-0.002032031686948832,0.0011655350792266074,-0.0044813072331072274,0.003503794299017282,0.0031975667661754397,0.007985101532124509,0.0,0.0,0.005229897943000388,0.005209810703014397,0.005209810703014397,2.7142127561243366e-05,0.23666504691932494,0.2545962562740742,0.9295700195393046,0.24183304297356684,0.2545962562740742,18,0.9666092204131279,mild
24,post_peak_decline_slope,-0.00013875982258469236,-0.0031202128849069323,-0.0029405483199904355,0.0019067688439465295,-0.004100395785644653,-0.0021508053410798284,-0.006105467886858,-0.0002404389018192961,0.0019495904445648248,0.005865028985038704,0.0,0.0,-0.00298145306232224,-0.0028017884974057433,0.0028017884974057433,7.850018784195132e-06,0.23666504691932494,0.2545962562740742,0.9295700195393046,0.24183304297356684,0.2545962562740742,18,0.9666092204131279,mild
24,late_phase_auc,0.23334712634095922,0.2608002111606038,0.2214137464761734,0.2031847230371971,0.17368448950583115,0.2729866090230644,0.11822685151710174,0.43680483072530474,0.09930211951723322,0.31857797920820297,1.0,1.0,0.02745308481964459,-0.01193337986478582,0.01193337986478582,0.00014240555499727564,0.23666504691932494,0.2545962562740742,0.9295700195393046,0.24183304297356684,0.2545962562740742,18,0.9666092204131279,mild
24,time_to_half_peak_after_peak,1.0,1.25,1.0,0.701729465267237,1.0,1.0,1.0,3.0,0.0,2.0,1.0,1.0,0.25,0.0,0.0,0.0,0.23666504691932494,0.2545962562740742,0.9295700195393046,0.24183304297356684,0.2545962562740742,18,0.9666092204131279,mild
24,late_to_early_mean_ratio,0.6748465750929759,0.8765226187261621,0.7690645687730089,0.4779421388615229,0.5861652489659073,0.9992103970675856,0.41956266844934537,1.4839529922367274,0.41304514810167836,1.064390323787382,1.0,1.0,0.20167604363318625,0.09421799368003303,0.09421799368003303,0.008877030333090744,0.23666504691932494,0.2545962562740742,0.9295700195393046,0.24183304297356684,0.2545962562740742,18,0.9666092204131279,mild
25,peak_time,36.0,35.97,36.0,3.0894247772919563,34.0,38.0,31.0,42.0,4.0,11.0,1.0,1.0,-0.030000000000001137,0.0,0.0,0.0,0.21735226759783938,0.06153147514099945,3.5323753753632006,0.2269015028017225,0.06153147514099945,20,0.9298577056125559,mild
25,peak_height,0.3899756073951721,0.39455390825867653,0.4024845361709595,0.04664482204774364,0.3751007914543152,0.42201342433691025,0.3036230430006981,0.4510605663061142,0.04691263288259506,0.1474375233054161,1.0,1.0,0.004578300863504414,0.012508928775787354,0.012508928775787354,0.0001564732991177209,0.21735226759783938,0.06153147514099945,3.5323753753632006,0.2269015028017225,0.06153147514099945,20,0.9298577056125559,mild
25,cumulative_infected,10.33288062736392,10.23284095646024,10.437596802716143,1.330577310740162,9.663561857771128,11.032039199548308,7.336079684985452,12.099845888267737,1.3684773417771794,4.763766203282285,1.0,1.0,-0.10003967090367993,0.10471617535222322,0.10471617535222322,0.010965477380397562,0.21735226759783938,0.06153147514099945,3.5323753753632006,0.2269015028017225,0.06153147514099945,20,0.9298577056125559,mild
25,early_growth_slope,0.006909254406179699,0.002485175535894952,0.002480236555649233,0.0024466813960251346,0.0007828206975578474,0.004238859399005636,-0.001713851874921514,0.005867418180527498,0.0034560387014477886,0.007581270055449012,0.0,0.0,-0.004424078870284747,-0.004429017850530466,0.004429017850530466,1.9616199120317507e-05,0.21735226759783938,0.06153147514099945,3.5323753753632006,0.2269015028017225,0.06153147514099945,20,0.9298577056125559,mild
25,post_peak_decline_slope,-0.0098642458518346,-0.007331127838009879,-0.007048921287059773,0.003969352897871728,-0.010234921106270365,-0.004705960427721343,-0.013973731299241378,-0.0012336537986993668,0.005528960678549022,0.012740077500542011,1.0,1.0,0.002533118013824721,0.002815324564774827,0.002815324564774827,7.926052405024568e-06,0.21735226759783938,0.06153147514099945,3.5323753753632006,0.2269015028017225,0.06153147514099945,20,0.9298577056125559,mild
25,late_phase_auc,7.926379173994064,7.94050371132791,8.204430758953094,1.0001142563884438,7.559016447514296,8.607423700392246,5.714408763498068,9.127525281906127,1.0484072528779507,3.413116518408059,1.0,1.0,0.014124537333845666,0.27805158495903015,0.27805158495903015,0.07731268389822876,0.21735226759783938,0.06153147514099945,3.5323753753632006,0.2269015028017225,0.06153147514099945,20,0.9298577056125559,mild
25,time_to_half_peak_after_peak,13.0,13.03,13.0,3.0894247772919563,11.0,15.0,7.0,18.0,4.0,11.0,1.0,1.0,0.02999999999999936,0.0,0.0,0.0,0.21735226759783938,0.06153147514099945,3.5323753753632006,0.2269015028017225,0.06153147514099945,20,0.9298577056125559,mild
25,late_to_early_mean_ratio,3.6152144687867627,3.8404298993770034,3.8242810120822277,0.4592669981511742,3.5163567794530635,4.100848384773241,3.156256980377891,4.615894945523031,0.5844916053201774,1.4596379651451405,1.0,1.0,0.22521543059024074,0.20906654329546503,0.20906654329546503,0.04370881952551456,0.21735226759783938,0.06153147514099945,3.5323753753632006,0.2269015028017225,0.06153147514099945,20,0.9298577056125559,mild
26,peak_time,10.0,9.35,9.0,0.7833494518006403,9.0,10.0,8.0,11.0,1.0,3.0,1.0,1.0,-0.6500000000000004,-1.0,1.0,1.0,0.8187499873388135,0.20565282354537723,3.981224148659241,0.8360559424568053,0.20565282354537723,16,0.9695595321979767,mild
26,peak_height,0.4110843241214752,0.3967548975348473,0.39646826684474945,0.022563950495752747,0.37775858491659164,0.41472725570201874,0.3625886231660843,0.4320483893156052,0.036968670785427094,0.06945976614952087,1.0,1.0,-0.014329426586627947,-0.014616057276725769,0.014616057276725769,0.0002136291303165283,0.8187499873388135,0.20565282354537723,3.981224148659241,0.8360559424568053,0.20565282354537723,16,0.9695595321979767,mild
26,cumulative_infected,4.802716032252647,4.592421472977257,4.591292439086828,0.22588096232244417,4.4175261366326595,4.7643670454999665,4.248104379547295,4.94775679865852,0.346840908867307,0.6996524191112252,0.0,1.0,-0.21029455927538976,-0.2114235931658186,0.2114235931658186,0.04469993574714558,0.8187499873388135,0.20565282354537723,3.981224148659241,0.8360559424568053,0.20565282354537723,16,0.9695595321979767,mild
26,early_growth_slope,0.042516013328817534,0.04080933672934146,0.040901422816594785,0.00499415268086932,0.0378219899957046,0.04400825265301612,0.03316052332187869,0.04920518869628375,0.006186262657311516,0.016044665374405062,1.0,1.0,-0.0017066765994760771,-0.0016145905122227494,0.0016145905122227494,2.6069025221597204e-06,0.8187499873388135,0.20565282354537723,3.981224148659241,0.8360559424568053,0.20565282354537723,16,0.9695595321979767,mild
26,post_peak_decline_slope,-0.035836954414844545,-0.03322639496624473,-0.03322640185554824,0.003924193927751822,-0.036136148745815,-0.030260331245760143,-0.03894907870640359,-0.026681857245663843,0.005875817500054857,0.01226722146073975,1.0,1.0,0.0026105594485998154,0.002610552559296306,0.002610552559296306,6.814984664848493e-06,0.8187499873388135,0.20565282354537723,3.981224148659241,0.8360559424568053,0.20565282354537723,16,0.9695595321979767,mild
26,late_phase_auc,0.16559890983626246,0.2965048006231882,0.29816845583263785,0.06186091074266004,0.24824153451481834,0.3384163483569864,0.2005868309730431,0.3818917387190595,0.09017481384216808,0.1813049077460164,0.0,0.0,0.13090589078692572,0.13256954599637538,0.13256954599637538,0.01757468452568509,0.8187499873388135,0.20565282354537723,3.981224148659241,0.8360559424568053,0.20565282354537723,16,0.9695595321979767,mild
26,time_to_half_peak_after_peak,6.0,6.53,7.0,0.9995453511926857,6.0,7.0,5.0,8.0,1.0,3.0,1.0,1.0,0.5300000000000002,1.0,1.0,1.0,0.8187499873388135,0.20565282354537723,3.981224148659241,0.8360559424568053,0.20565282354537723,16,0.9695595321979767,mild
26,late_to_early_mean_ratio,0.03729998025947251,0.07410888162615395,0.073836708648335,0.015689957509477426,0.06364794642045073,0.08235137285540885,0.05054779876211226,0.10033547664948646,0.01870342643495812,0.0497876778873742,0.0,0.0,0.03680890136668144,0.03653672838886249,0.03653672838886249,0.00133493252136151,0.8187499873388135,0.20565282354537723,3.981224148659241,0.8360559424568053,0.20565282354537723,16,0.9695595321979767,mild
27,peak_time,10.0,19.83,18.0,13.17562411072321,9.75,29.25,2.0,42.05,19.5,40.05,1.0,1.0,9.829999999999998,8.0,8.0,64.0,0.40651421018453937,0.3872814234409457,1.0496610102615118,0.4322910210675198,0.3872814234409457,18,0.9068306648951514,mild
27,peak_height,0.06315311044454575,0.05762715321034193,0.053748879581689835,0.017309473521539925,0.043903348967432976,0.06921895034611225,0.03658755291253328,0.0907987006008625,0.025315601378679276,0.054211147688329214,1.0,1.0,-0.005525957234203814,-0.009404230862855911,0.009404230862855911,8.843955812189164e-05,0.40651421018453937,0.3872814234409457,1.0496610102615118,0.4322910210675198,0.3872814234409457,18,0.9068306648951514,mild
27,cumulative_infected,0.6844047158956528,0.7298828296685701,0.6018798527657054,0.3449239058634535,0.47704747421084903,0.9623931210990122,0.36287630466686094,1.3478100731474114,0.4853456468881632,0.9849337684805505,1.0,1.0,0.04547811377291733,-0.08252486312994733,0.08252486312994733,0.006810353034616541,0.40651421018453937,0.3872814234409457,1.0496610102615118,0.4322910210675198,0.3872814234409457,18,0.9068306648951514,mild
27,early_growth_slope,0.0033372826098154,0.0002958590854752538,5.098954231167861e-05,0.002601818232151443,-0.0015488053114885182,0.0022026947238676553,-0.0028987837387137974,0.004375751008601149,0.0037515000353561733,0.007274534747314947,0.0,1.0,-0.003041423524340146,-0.0032862930675037214,0.0032862930675037214,1.0799722125523018e-05,0.40651421018453937,0.3872814234409457,1.0496610102615118,0.4322910210675198,0.3872814234409457,18,0.9068306648951514,mild
27,post_peak_decline_slope,-0.004616388814368596,-0.003960688041949955,-0.0034296371197948894,0.005945603072489954,-0.004372074796507757,-0.002011022069685474,-0.006548229088075462,-0.001000530604893957,0.0023610527268222836,0.005547698483181505,0.0,1.0,0.0006557007724186407,0.0011867516945737065,0.0011867516945737065,1.408379584573564e-06,0.40651421018453937,0.3872814234409457,1.0496610102615118,0.4322910210675198,0.3872814234409457,18,0.9068306648951514,mild
27,late_phase_auc,0.17274244059808552,0.2947764593649413,0.26163231031387113,0.1676631059851852,0.19778362884244416,0.3532516150007723,0.12540022883622443,0.5032749879894253,0.15546798615832813,0.37787475915320085,0.0,1.0,0.12203401876685577,0.08888986971578561,0.08888986971578561,0.00790140893808934,0.40651421018453937,0.3872814234409457,1.0496610102615118,0.4322910210675198,0.3872814234409457,18,0.9068306648951514,mild
27,time_to_half_peak_after_peak,2.0,1.43,1.0,0.9873441572463397,1.0,2.0,1.0,3.0,1.0,2.0,1.0,1.0,-0.5700000000000001,-1.0,1.0,1.0,0.40651421018453937,0.3872814234409457,1.0496610102615118,0.4322910210675198,0.3872814234409457,18,0.9068306648951514,mild
27,late_to_early_mean_ratio,0.3286218520360086,0.8217219062381226,0.7763670854567346,0.3946763134393284,0.554054583510467,1.0103496028975165,0.3225431849280458,1.484718496860255,0.4562950193870495,1.1621753119322091,0.0,1.0,0.493100054202114,0.44774523342072603,0.44774523342072603,0.20047579405098043,0.40651421018453937,0.3872814234409457,1.0496610102615118,0.4322910210675198,0.3872814234409457,18,0.9068306648951514,mild
28,peak_time,23.0,23.55,23.0,1.8055749804704901,22.0,25.0,21.0,26.0,3.0,5.0,1.0,1.0,0.5500000000000007,0.0,0.0,0.0,0.3062906141160054,0.0981174611839631,3.1216728441610693,0.34143081583494345,0.0981174611839631,15,0.852970833792051,mild
28,peak_height,0.3422822058200836,0.3588196715712547,0.3610934615135193,0.02347697458620799,0.34632331877946854,0.3721168413758278,0.32101626694202423,0.3987979769706726,0.025793522596359253,0.07778171002864837,0.0,1.0,0.0165374657511711,0.01881125569343567,0.01881125569343567,0.00035386334076381587,0.3062906141160054,0.0981174611839631,3.1216728441610693,0.34143081583494345,0.0981174611839631,15,0.852970833792051,mild
28,cumulative_infected,8.472508847946301,8.475547612961382,8.508852539816871,0.5011831621598319,8.134811770229135,8.821275235095527,7.719076598249376,9.268998880172148,0.6864634648663923,1.5499222819227727,1.0,1.0,0.0030387650150807133,0.03634369187057018,0.03634369187057018,0.0013208639387829492,0.3062906141160054,0.0981174611839631,3.1216728441610693,0.34143081583494345,0.0981174611839631,15,0.852970833792051,mild
28,early_growth_slope,0.007279604152288463,0.0047949901532064396,0.005098344658368399,0.0027656429830782998,0.0027671883595065164,0.00665534444297442,0.00018616849113078373,0.009124407815120533,0.0038881560834679034,0.008938239323989749,0.0,1.0,-0.002484613999082024,-0.002181259493920064,0.002181259493920064,4.757892979816414e-06,0.3062906141160054,0.0981174611839631,3.1216728441610693,0.34143081583494345,0.0981174611839631,15,0.852970833792051,mild
28,post_peak_decline_slope,-0.004846257468064628,-0.01231174923231204,-0.012552101289232554,0.0037315358597431016,-0.014628797831634677,-0.010275342067082725,-0.017812071368098235,-0.005879822174708036,0.004353455764551952,0.011932249193390199,0.0,0.0,-0.007465491764247411,-0.007705843821167926,0.007705843821167926,5.93800289962319e-05,0.3062906141160054,0.0981174611839631,3.1216728441610693,0.34143081583494345,0.0981174611839631,15,0.852970833792051,mild
28,late_phase_auc,4.41915529826656,4.388479795763269,4.411787454970181,0.3298906881401103,4.135959193110466,4.633269486017525,3.8804683081805704,4.845447907689959,0.4973102929070592,0.9649795995093884,1.0,1.0,-0.030675502503290986,-0.007367843296378851,0.007367843296378851,5.428511483999477e-05,0.3062906141160054,0.0981174611839631,3.1216728441610693,0.34143081583494345,0.0981174611839631,15,0.852970833792051,mild
28,time_to_half_peak_after_peak,13.0,12.92,13.0,2.111440697292211,12.0,14.0,9.0,16.0,2.0,7.0,1.0,1.0,-0.08000000000000007,0.0,0.0,0.0,0.3062906141160054,0.0981174611839631,3.1216728441610693,0.34143081583494345,0.0981174611839631,15,0.852970833792051,mild
28,late_to_early_mean_ratio,1.1714530569503652,1.1741026841559659,1.156239558789887,0.12354422266507407,1.1029273944606794,1.2500935827699169,0.9960872903220318,1.4142453503471781,0.14716618830923744,0.4181580600251463,1.0,1.0,0.002649627205600691,-0.015213498160478123,0.015213498160478123,0.00023145052627887122,0.3062906141160054,0.0981174611839631,3.1216728441610693,0.34143081583494345,0.0981174611839631,15,0.852970833792051,mild
29,peak_time,43.0,19.27,19.0,13.9637734762839,6.0,27.25,0.0,43.0,21.25,43.0,0.0,1.0,-23.73,-24.0,24.0,576.0,0.13425191712013937,0.25617608006732534,0.5240610953405829,0.14421184336208065,0.25617608006732534,20,0.8848924146387624,mild
29,peak_height,0.052794843912124634,0.04931163990870118,0.047412071377038956,0.010165467279508029,0.04239509720355272,0.05524045322090387,0.036008908040821554,0.06696057356894015,0.01284535601735115,0.0309516655281186,1.0,1.0,-0.0034832040034234527,-0.005382772535085678,0.005382772535085678,2.8974240164472698e-05,0.13425191712013937,0.25617608006732534,0.5240610953405829,0.14421184336208065,0.25617608006732534,20,0.8848924146387624,mild
29,cumulative_infected,0.5085966065526009,0.5320661876439954,0.4666614853194915,0.20915149968662972,0.4106808222059044,0.5678364508439699,0.3267929773341166,1.064098802235094,0.15715562863806554,0.7373058249009773,1.0,1.0,0.02346958109139452,-0.041935121233109385,0.041935121233109385,0.0017585543928355816,0.13425191712013937,0.25617608006732534,0.5240610953405829,0.14421184336208065,0.25617608006732534,20,0.8848924146387624,mild
29,early_growth_slope,0.003971479173439244,-0.0006336512158451929,-0.0005012223943291844,0.0023235799034424993,-0.002037680671492124,0.0006921799656646771,-0.004022988415783312,0.003090547173286765,0.002729860637156801,0.007113535589070077,0.0,0.0,-0.004605130389284437,-0.0044727015677684286,0.0044727015677684286,2.000505931431816e-05,0.13425191712013937,0.25617608006732534,0.5240610953405829,0.14421184336208065,0.25617608006732534,20,0.8848924146387624,mild
29,post_peak_decline_slope,-0.0035894642766964298,-0.002900028850758733,-0.0027018363703973608,0.002583317653900718,-0.003717753600115731,-0.0015424421416052197,-0.005781461614145278,-7.162169630950456e-05,0.002175311458510511,0.005709839917835773,1.0,1.0,0.000689435425937697,0.000887627906299069,0.000887627906299069,7.878833000408688e-07,0.13425191712013937,0.25617608006732534,0.5240610953405829,0.14421184336208065,0.25617608006732534,20,0.8848924146387624,mild
29,late_phase_auc,0.2332797358976677,0.23359998908597845,0.2090053842694033,0.12314920807225486,0.15668245334018138,0.264440259517869,0.11731482487521135,0.49712235385086373,0.1077578061776876,0.3798075289756524,1.0,1.0,0.00032025318831074845,-0.024274351628264412,0.024274351628264412,0.0005892441469726231,0.13425191712013937,0.25617608006732534,0.5240610953405829,0.14421184336208065,0.25617608006732534,20,0.8848924146387624,mild
29,time_to_half_peak_after_peak,1.0,1.21,1.0,0.49838121792844325,1.0,1.0,1.0,2.0,0.0,1.0,1.0,1.0,0.20999999999999996,0.0,0.0,0.0,0.13425191712013937,0.25617608006732534,0.5240610953405829,0.14421184336208065,0.25617608006732534,20,0.8848924146387624,mild
29,late_to_early_mean_ratio,0.8531767876878509,0.8331380791842784,0.7999461574801507,0.33011360141006224,0.586179967754006,0.9958311569176111,0.3986338267466797,1.4952253855371627,0.4096511891636051,1.0965915587904829,1.0,1.0,-0.020038708503572478,-0.053230630207700136,0.053230630207700136,0.0028334999923089184,0.13425191712013937,0.25617608006732534,0.5240610953405829,0.14421184336208065,0.25617608006732534,20,0.8848924146387624,mild
30,peak_time,21.0,18.87,19.0,3.1483681840315665,16.75,21.0,14.0,24.0,4.25,10.0,1.0,1.0,-2.129999999999999,-2.0,2.0,4.0,0.42248776386703063,0.26621328445714815,1.5870273518789695,0.4688872839710154,0.26621328445714815,16,0.8544754982256438,mild
30,peak_height,0.1183687373995781,0.12628464914858342,0.12654393911361694,0.015387866482472855,0.1152347307652235,0.13751277700066566,0.10203492306172848,0.1538904495537281,0.02227804623544216,0.05185552649199962,1.0,1.0,0.007915911749005328,0.008175201714038849,0.008175201714038849,6.683392306522373e-05,0.42248776386703063,0.26621328445714815,1.5870273518789695,0.4688872839710154,0.26621328445714815,16,0.8544754982256438,mild
30,cumulative_infected,2.2807767966296524,2.333141060238995,2.3113292880589142,0.21487607067509593,2.1640352455488028,2.4943822955247015,2.006395800417522,2.6858827501622726,0.3303470499758987,0.6794869497447507,1.0,1.0,0.052364263609342654,0.030552491429261863,0.030552491429261863,0.0009334547325351196,0.42248776386703063,0.26621328445714815,1.5870273518789695,0.4688872839710154,0.26621328445714815,16,0.8544754982256438,mild
30,early_growth_slope,-0.0001457574184141343,0.003121059963064215,0.0029688112526422466,0.0025676720372960734,0.0013878025541392476,0.004733055067758652,-0.0007600369217384242,0.007218771716690664,0.0033452525136194043,0.007978808638429088,0.0,1.0,0.0032668173814783493,0.003114568671056381,0.003114568671056381,9.700538006725911e-06,0.42248776386703063,0.26621328445714815,1.5870273518789695,0.4688872839710154,0.26621328445714815,16,0.8544754982256438,mild
30,post_peak_decline_slope,-0.0036199578394492506,-0.005563470679781556,-0.005595327696452541,0.003146112146796967,-0.007922832388430837,-0.00304597262293101,-0.010108296892916164,-0.0005410107970237649,0.0048768597654998275,0.0095672860958924,1.0,1.0,-0.0019435128403323051,-0.0019753698570032906,0.0019753698570032906,3.902086071957201e-06,0.42248776386703063,0.26621328445714815,1.5870273518789695,0.4688872839710154,0.26621328445714815,16,0.8544754982256438,mild
30,late_phase_auc,0.8521266561001539,0.7557991440445767,0.7620042371563613,0.12982665925650333,0.6770922079304,0.8408066976408008,0.5507863013655878,0.9517616908444324,0.1637144897104008,0.4009753894788446,0.0,1.0,-0.09632751205557721,-0.09012241894379258,0.09012241894379258,0.008122050396280464,0.42248776386703063,0.26621328445714815,1.5870273518789695,0.4688872839710154,0.26621328445714815,16,0.8544754982256438,mild
30,time_to_half_peak_after_peak,2.0,6.06,6.0,3.547142825179474,3.75,8.0,1.0,13.049999999999997,4.25,12.049999999999997,0.0,1.0,4.06,4.0,4.0,16.0,0.42248776386703063,0.26621328445714815,1.5870273518789695,0.4688872839710154,0.26621328445714815,16,0.8544754982256438,mild
30,late_to_early_mean_ratio,0.6366610648825555,0.5242868888130205,0.5175822257652021,0.10491846649532038,0.44635311935467104,0.5809346942159881,0.36823361554011674,0.7171367720893571,0.13458157486131705,0.34890315654924037,0.0,1.0,-0.11237417606953493,-0.1190788391173534,0.1190788391173534,0.014179769925536533,0.42248776386703063,0.26621328445714815,1.5870273518789695,0.4688872839710154,0.26621328445714815,16,0.8544754982256438,mild
31,peak_time,22.0,22.21,22.0,1.8162843634433705,21.0,23.0,19.0,25.0,2.0,6.0,1.0,1.0,0.21000000000000085,0.0,0.0,0.0,0.3599775381892833,0.14838527838054388,2.4259653121794,0.3709323607515289,0.14838527838054388,19,0.9523657935560411,mild
31,peak_height,0.274876207113266,0.26239115491509435,0.26005491614341736,0.02082154015194659,0.2490721121430397,0.27719075232744217,0.22729645296931267,0.29973031729459765,0.028118640184402466,0.07243386432528498,1.0,1.0,-0.012485052198171642,-0.014821290969848633,0.014821290969848633,0.00021967066601291663,0.3599775381892833,0.14838527838054388,2.4259653121794,0.3709323607515289,0.14838527838054388,19,0.9523657935560411,mild
31,cumulative_infected,5.88721806416288,5.831767795953092,5.823306184378453,0.3654871929260322,5.588726993650198,6.067607395234518,5.2513230815588035,6.533394935156684,0.47888040158431977,1.2820718535978806,1.0,1.0,-0.055450268209788156,-0.06391187978442758,0.06391187978442758,0.0040847283775791235,0.3599775381892833,0.14838527838054388,2.4259653121794,0.3709323607515289,0.14838527838054388,19,0.9523657935560411,mild
31,early_growth_slope,0.002692801916661363,0.004724678779813897,0.0050193864430877425,0.0030029925162664505,0.003079270158195868,0.006746166776533105,-0.0013707432262544004,0.009023685685774361,0.0036668966183372367,0.010394428912028762,0.0,1.0,0.002031876863152534,0.0023265845264263795,0.0023265845264263795,5.412995558606661e-06,0.3599775381892833,0.14838527838054388,2.4259653121794,0.3709323607515289,0.14838527838054388,19,0.9523657935560411,mild
31,post_peak_decline_slope,-0.011057855437199266,-0.009566745565583307,-0.009755204245448113,0.00391909673956882,-0.0123530433823665,-0.007073369249701485,-0.015307411116858297,-0.003106251681844392,0.005279674132665016,0.012201159435013905,1.0,1.0,0.001491109871615959,0.0013026511917511533,0.0013026511917511533,1.6969001273706999e-06,0.3599775381892833,0.14838527838054388,2.4259653121794,0.3709323607515289,0.14838527838054388,19,0.9523657935560411,mild
31,late_phase_auc,2.7365564266219735,2.6993320143566235,2.6977697066031396,0.20383921012313957,2.590955075691454,2.8159779175184667,2.396363641694188,3.0367309745401143,0.2250228418270126,0.6403673328459263,1.0,1.0,-0.037224412265350004,-0.038786720018833876,0.038786720018833876,0.0015044096498194085,0.3599775381892833,0.14838527838054388,2.4259653121794,0.3709323607515289,0.14838527838054388,19,0.9523657935560411,mild
31,time_to_half_peak_after_peak,11.0,11.29,12.0,2.3367723574420016,10.0,13.0,7.0,15.0,3.0,8.0,1.0,1.0,0.28999999999999915,1.0,1.0,1.0,0.3599775381892833,0.14838527838054388,2.4259653121794,0.3709323607515289,0.14838527838054388,19,0.9523657935560411,mild
31,late_to_early_mean_ratio,0.9320216951716894,0.9409887565995355,0.9272247718774984,0.09475804641242559,0.8783901577517572,1.0091354319037384,0.7946311077925742,1.1073902139668863,0.13074527415198123,0.31275910617431213,1.0,1.0,0.00896706142784609,-0.004796923294191013,0.004796923294191013,2.3010473090352363e-05,0.3599775381892833,0.14838527838054388,2.4259653121794,0.3709323607515289,0.14838527838054388,19,0.9523657935560411,mild
32,peak_time,21.0,20.66,21.0,1.505679483512579,20.0,22.0,18.0,23.0,2.0,5.0,1.0,1.0,-0.33999999999999986,0.0,0.0,0.0,0.34986400896332737,0.0777618267850433,4.499174253331972,0.3782914598017678,0.0777618267850433,15,0.8926472089108335,mild
32,peak_height,0.46979275345802307,0.49774386137723925,0.4950576573610306,0.028235648672921623,0.47759124636650085,0.514936625957489,0.45686774998903273,0.5489966839551925,0.03734537959098816,0.09212893396615979,0.0,1.0,0.027951107919216178,0.025264903903007507,0.025264903903007507,0.000638315369228204,0.34986400896332737,0.0777618267850433,4.499174253331972,0.3782914598017678,0.0777618267850433,15,0.8926472089108335,mild
32,cumulative_infected,11.828058381099254,11.973123973189358,11.946977172163315,0.7176925524880096,11.509602705482394,12.346913574201608,10.912386046198662,13.219633658090606,0.8373108687192143,2.3072476118919436,1.0,1.0,0.14506559209010383,0.11891879106406122,0.11891879106406122,0.014141678868137848,0.34986400896332737,0.0777618267850433,4.499174253331972,0.3782914598017678,0.0777618267850433,15,0.8926472089108335,mild
32,early_growth_slope,0.011456458845974076,0.008372397226868042,0.008431120864337397,0.0025422044484826843,0.006500407413113862,0.00986858543529663,0.004349094734477279,0.012078630887359998,0.0033681780221827672,0.007729536152882719,0.0,1.0,-0.0030840616191060346,-0.0030253379816366794,0.0030253379816366794,9.152669903133498e-06,0.34986400896332737,0.0777618267850433,4.499174253331972,0.3782914598017678,0.0777618267850433,15,0.8926472089108335,mild
32,post_peak_decline_slope,-0.015768916904926267,-0.015606178025404604,-0.015762105832497257,0.00400460862081082,-0.01834976114332676,-0.013822115088502581,-0.022057715753714232,-0.009131331120928121,0.004527646054824178,0.01292638463278611,1.0,1.0,0.0001627388795216629,6.811072429009635e-06,6.811072429009635e-06,4.639070763321521e-11,0.34986400896332737,0.0777618267850433,4.499174253331972,0.3782914598017678,0.0777618267850433,15,0.8926472089108335,mild
32,late_phase_auc,5.500473834574223,5.610155099052935,5.623056765645742,0.43281824090340765,5.391244169790298,5.879664123989642,4.869563552737236,6.206301046535373,0.4884199541993439,1.3367374937981369,1.0,1.0,0.10968126447871285,0.12258293107151985,0.12258293107151985,0.015026574990084987,0.34986400896332737,0.0777618267850433,4.499174253331972,0.3782914598017678,0.0777618267850433,15,0.8926472089108335,mild
32,time_to_half_peak_after_peak,14.0,14.5,14.0,1.7378728435078385,13.0,16.0,12.0,17.0,3.0,5.0,1.0,1.0,0.5,0.0,0.0,0.0,0.34986400896332737,0.0777618267850433,4.499174253331972,0.3782914598017678,0.0777618267850433,15,0.8926472089108335,mild
32,late_to_early_mean_ratio,0.9386500876497067,0.9583329159958132,0.9522844660415113,0.08920818458243734,0.9046304529332009,1.0208369873914274,0.8061881756650037,1.1045308394693794,0.11620653445822648,0.2983426638043757,1.0,1.0,0.019682828346106462,0.013634378391804591,0.013634378391804591,0.00018589627413090795,0.34986400896332737,0.0777618267850433,4.499174253331972,0.3782914598017678,0.0777618267850433,15,0.8926472089108335,mild
33,peak_time,10.0,9.33,9.0,1.054619467970425,9.0,10.0,8.0,11.0,1.0,3.0,1.0,1.0,-0.6699999999999999,-1.0,1.0,1.0,0.8203008427704087,0.3475094399093271,2.3605138409605315,0.8792886080567839,0.3475094399093271,20,0.8881903606584544,mild
33,peak_height,0.2461540251970291,0.24721992492675782,0.24707049876451492,0.020779513760501987,0.23449338227510452,0.2611071914434433,0.21509038284420967,0.28354613333940504,0.026613809168338776,0.06845575049519537,1.0,1.0,0.0010658997297287032,0.0009164735674858093,0.0009164735674858093,8.399237999001663e-07,0.8203008427704087,0.3475094399093271,2.3605138409605315,0.8792886080567839,0.3475094399093271,20,0.8881903606584544,mild
33,cumulative_infected,2.7686926362803206,2.6699644707718857,2.6796861014154274,0.1907704922663912,2.526756818391732,2.8113492211559787,2.400713136349805,2.9782966962480715,0.2845924027642468,0.5775835598982666,1.0,1.0,-0.09872816550843488,-0.08900653486489318,0.08900653486489318,0.007922163248655446,0.8203008427704087,0.3475094399093271,2.3605138409605315,0.8792886080567839,0.3475094399093271,20,0.8881903606584544,mild
33,early_growth_slope,0.028564527952333992,0.02545484918629578,0.025568872546067545,0.004707445364007904,0.022334084974967736,0.029184658440672563,0.017693654968891113,0.031886951888806095,0.0068505734657048276,0.014193296919914982,1.0,1.0,-0.003109678766038213,-0.0029956554062664474,0.0029956554062664474,8.973951313093395e-06,0.8203008427704087,0.3475094399093271,2.3605138409605315,0.8792886080567839,0.3475094399093271,20,0.8881903606584544,mild
33,post_peak_decline_slope,-0.023299751368661744,-0.022967076434753847,-0.022728541493415834,0.003534616105259687,-0.02529636765830219,-0.021055011078715342,-0.02903353748843077,-0.016385793754210076,0.004241356579586849,0.012647743734220694,1.0,1.0,0.000332674933907897,0.0005712098752459101,0.0005712098752459101,3.2628072157844817e-07,0.8203008427704087,0.3475094399093271,2.3605138409605315,0.8792886080567839,0.3475094399093271,20,0.8881903606584544,mild
33,late_phase_auc,0.22952403442468494,0.21371504628814592,0.20915133180096745,0.07015365672520375,0.16848011253750883,0.2564538276055828,0.10909890336297394,0.32949228142388165,0.08797371506807394,0.2203933780609077,1.0,1.0,-0.015808988136539026,-0.020372702623717487,0.020372702623717487,0.00041504701219442536,0.8203008427704087,0.3475094399093271,2.3605138409605315,0.8792886080567839,0.3475094399093271,20,0.8881903606584544,mild
33,time_to_half_peak_after_peak,4.0,5.33,5.0,1.1981045636565057,4.0,6.0,3.95,7.0,2.0,3.05,1.0,1.0,1.33,1.0,1.0,1.0,0.8203008427704087,0.3475094399093271,2.3605138409605315,0.8792886080567839,0.3475094399093271,20,0.8881903606584544,mild
33,late_to_early_mean_ratio,0.09875748385745611,0.09154304933018066,0.08732319585567905,0.029765855913549417,0.07373541340231934,0.10958375010340966,0.04641154784227272,0.1404902067836046,0.03584833670109032,0.09407865894133188,1.0,1.0,-0.007214434527275451,-0.011434288001777065,0.011434288001777065,0.00013074294210758296,0.8203008427704087,0.3475094399093271,2.3605138409605315,0.8792886080567839,0.3475094399093271,20,0.8881903606584544,mild
34,peak_time,37.0,20.72,21.0,10.339763395296195,12.75,27.25,3.9000000000000004,39.0,14.5,35.1,0.0,1.0,-16.28,-16.0,16.0,256.0,0.36848068961085756,0.3065617480356771,1.201978694249794,0.37054717281814487,0.3065617480356771,27,0.9878764294319548,mild
34,peak_height,0.08766412734985352,0.06590458348393441,0.06292037293314934,0.018748475696661812,0.05330894514918327,0.07661181129515171,0.041647127643227574,0.09787503257393837,0.023302866145968437,0.056227904930710795,0.0,1.0,-0.021759543865919106,-0.024743754416704178,0.024743754416704178,0.0006122533826341675,0.36848068961085756,0.3065617480356771,1.201978694249794,0.37054717281814487,0.3065617480356771,27,0.9878764294319548,mild
34,cumulative_infected,1.1180867849325296,0.9922739085932335,0.9494109098450281,0.4034718303315537,0.7184420566227345,1.1874911724007688,0.46980617102817634,1.7438270843937063,0.4690491157780343,1.27402091336553,1.0,1.0,-0.12581287633929605,-0.16867587508750148,0.16867587508750148,0.028451550836534403,0.36848068961085756,0.3065617480356771,1.201978694249794,0.37054717281814487,0.3065617480356771,27,0.9878764294319548,mild
34,early_growth_slope,0.002753095321601167,0.0005253950622353023,0.0004727910605392292,0.0025512547728424053,-0.0010949723544486205,0.001774956142374625,-0.003537480923945879,0.005008942286284372,0.0028699284968232456,0.00854642321023025,0.0,1.0,-0.0022277002593658647,-0.0022803042610619376,0.0022803042610619376,5.199787523017229e-06,0.36848068961085756,0.3065617480356771,1.201978694249794,0.37054717281814487,0.3065617480356771,27,0.9878764294319548,mild
34,post_peak_decline_slope,-0.004453740889827408,-0.0037591986864557265,-0.0035596537326152127,0.004893198381230565,-0.004469747676921546,-0.0019411769074698252,-0.0065714178769849295,-0.000519670005887748,0.002528570769451721,0.006051747871097182,1.0,1.0,0.0006945422033716817,0.0008940871572121955,0.0008940871572121955,7.993918446917852e-07,0.36848068961085756,0.3065617480356771,1.201978694249794,0.37054717281814487,0.3065617480356771,27,0.9878764294319548,mild
34,late_phase_auc,0.46913093636976555,0.4259524195696576,0.40097514813533053,0.19756057017113093,0.29419489886640804,0.4972854044754058,0.20982129159092439,0.8249967799521982,0.20309050560899777,0.6151754883612739,1.0,1.0,-0.043178516800107924,-0.06815578823443502,0.06815578823443502,0.004645211469857151,0.36848068961085756,0.3065617480356771,1.201978694249794,0.37054717281814487,0.3065617480356771,27,0.9878764294319548,mild
34,time_to_half_peak_after_peak,1.0,1.55,1.0,1.1043989178267832,1.0,2.0,1.0,4.0,1.0,3.0,1.0,1.0,0.55,0.0,0.0,0.0,0.36848068961085756,0.3065617480356771,1.201978694249794,0.37054717281814487,0.3065617480356771,27,0.9878764294319548,mild
34,late_to_early_mean_ratio,0.8260035536302869,0.8588416231389745,0.8149506804697026,0.3443795994529766,0.612398107269638,1.0263977475514459,0.419713208889608,1.5074629993085027,0.4139996402818079,1.0877497904188946,1.0,1.0,0.03283806950868762,-0.011052873160584231,0.011052873160584231,0.00012216600510396325,0.36848068961085756,0.3065617480356771,1.201978694249794,0.37054717281814487,0.3065617480356771,27,0.9878764294319548,mild
35,peak_time,18.0,17.8,18.0,2.4037008503093262,16.0,19.0,14.0,23.0,3.0,9.0,1.0,1.0,-0.1999999999999993,0.0,0.0,0.0,0.4553968015813542,0.26484155916900204,1.7195065721945628,0.48641627796217346,0.26484155916900204,23,0.8819047030663679,mild
35,peak_height,0.15550047159194946,0.14601189635694026,0.1461210921406746,0.013943985399261968,0.13426902890205383,0.15548447147011757,0.12411233521997929,0.16953595429658888,0.021215442568063736,0.04542361907660959,0.0,1.0,-0.009488575235009206,-0.009379379451274872,0.009379379451274872,8.797275889099732e-05,0.4553968015813542,0.26484155916900204,1.7195065721945628,0.48641627796217346,0.26484155916900204,23,0.8819047030663679,mild
35,cumulative_infected,2.6391454437034554,2.6070309996890866,2.614624413487036,0.19238051880336096,2.4558256393502234,2.722390809940407,2.314760581863811,2.9226568551654055,0.2665651705901837,0.6078962733015945,1.0,1.0,-0.032114444014368804,-0.024521030216419604,0.024521030216419604,0.0006012809228745633,0.4553968015813542,0.26484155916900204,1.7195065721945628,0.48641627796217346,0.26484155916900204,23,0.8819047030663679,mild
35,early_growth_slope,0.003291450296750381,0.004161622186961938,0.004048609072231642,0.0022052410569294513,0.002945809870392882,0.00551957864081487,0.00024070434433053455,0.007403470749878101,0.0025737687704219876,0.007162766405547567,1.0,1.0,0.0008701718902115576,0.0007571587754812616,0.0007571587754812616,5.732894112882835e-07,0.4553968015813542,0.26484155916900204,1.7195065721945628,0.48641627796217346,0.26484155916900204,23,0.8819047030663679,mild
35,post_peak_decline_slope,-0.006753351415197062,-0.006818050852278245,-0.006982785277068612,0.0028446489791036935,-0.008851342446481192,-0.005276047112420205,-0.011007006294482077,-0.0015471155879398248,0.0035752953340609872,0.009459890706542252,1.0,1.0,-6.46994370811834e-05,-0.00022943386187155006,0.00022943386187155006,5.263989697329351e-08,0.4553968015813542,0.26484155916900204,1.7195065721945628,0.48641627796217346,0.26484155916900204,23,0.8819047030663679,mild
35,late_phase_auc,0.7327931747058756,0.7084204302806029,0.7162709992844611,0.11903359204320034,0.6281331850914285,0.7958009839639999,0.4949215962580638,0.881757279660087,0.16766779887257144,0.3868356834020232,1.0,1.0,-0.024372744425272708,-0.01652217542141443,0.01652217542141443,0.00027298228065599113,0.4553968015813542,0.26484155916900204,1.7195065721945628,0.48641627796217346,0.26484155916900204,23,0.8819047030663679,mild
35,time_to_half_peak_after_peak,7.0,6.86,7.0,2.7997835414167076,5.0,9.0,1.0,11.0,4.0,10.0,1.0,1.0,-0.13999999999999968,0.0,0.0,0.0,0.4553968015813542,0.26484155916900204,1.7195065721945628,0.48641627796217346,0.26484155916900204,23,0.8819047030663679,mild
35,late_to_early_mean_ratio,0.4112474104179403,0.4080010730618044,0.4061060608924415,0.07802753307370715,0.36046074165135833,0.4426643656499345,0.2899735507783549,0.5383928725360279,0.08220362399857617,0.24841932175767295,1.0,1.0,-0.0032463373561358866,-0.005141349525498773,0.005141349525498773,2.6433474943346457e-05,0.4553968015813542,0.26484155916900204,1.7195065721945628,0.48641627796217346,0.26484155916900204,23,0.8819047030663679,mild
36,peak_time,14.0,12.29,12.0,1.3947593109040481,11.0,13.0,10.0,14.0,2.0,4.0,0.0,1.0,-1.7100000000000009,-2.0,2.0,4.0,0.6713555568313471,0.31041420465268965,2.1627733098828408,0.7031782773377269,0.31041420465268965,16,0.9334477188787528,mild
36,peak_height,0.21893881261348724,0.20014770641922952,0.2000836655497551,0.016970286934447375,0.18674125522375107,0.20888415724039078,0.17365190088748933,0.22959864363074303,0.02214290201663971,0.0559467427432537,0.0,1.0,-0.018791106194257723,-0.018855147063732147,0.018855147063732147,0.000355516570794967,0.6713555568313471,0.31041420465268965,2.1627733098828408,0.7031782773377269,0.31041420465268965,16,0.9334477188787528,mild
36,cumulative_infected,2.801542833680287,2.643580576418135,2.652238966045843,0.15415772387584864,2.5220353934855666,2.746147905534599,2.4094223959371446,2.8671376859390874,0.22411251204903238,0.4577152900019428,0.0,1.0,-0.15796225726215196,-0.14930386763444403,0.14930386763444403,0.022291644890603583,0.6713555568313471,0.31041420465268965,2.1627733098828408,0.7031782773377269,0.31041420465268965,16,0.9334477188787528,mild
36,early_growth_slope,0.015913584147624314,0.011954188275991498,0.011812349583210776,0.003208719396640373,0.009854120823244253,0.014110312230297406,0.006767122390391748,0.01716140129733719,0.004256191407053153,0.010394278906945442,0.0,1.0,-0.0039593958716328155,-0.004101234564413537,0.004101234564413537,1.6820124952340295e-05,0.6713555568313471,0.31041420465268965,2.1627733098828408,0.7031782773377269,0.31041420465268965,16,0.9334477188787528,mild
36,post_peak_decline_slope,-0.017742467423280082,-0.015136587758470956,-0.014825384970754394,0.003376109679749416,-0.017659880717595427,-0.012652677328636255,-0.020566649667064972,-0.009722437355667362,0.005007203388959172,0.01084421231139761,0.0,1.0,0.0026058796648091263,0.0029170824525256885,0.0029170824525256885,8.509370034833286e-06,0.6713555568313471,0.31041420465268965,2.1627733098828408,0.7031782773377269,0.31041420465268965,16,0.9334477188787528,mild
36,late_phase_auc,0.23578355298377573,0.26629303493256884,0.2656894790416118,0.06800776728900008,0.21583405416458845,0.31382351818319876,0.1531921513233101,0.3811746919440338,0.0979894640186103,0.2279825406207237,1.0,1.0,0.030509481948793105,0.02990592605783604,0.02990592605783604,0.0008943644133767567,0.6713555568313471,0.31041420465268965,2.1627733098828408,0.7031782773377269,0.31041420465268965,16,0.9334477188787528,mild
36,time_to_half_peak_after_peak,5.0,6.2,6.0,1.6017667013821226,5.0,7.0,3.95,9.0,2.0,5.05,1.0,1.0,1.2000000000000002,1.0,1.0,1.0,0.6713555568313471,0.31041420465268965,2.1627733098828408,0.7031782773377269,0.31041420465268965,16,0.9334477188787528,mild
36,late_to_early_mean_ratio,0.09988653946275523,0.1208096445647311,0.11753287555150144,0.03141490397768898,0.10151029428401973,0.14033820103654385,0.07221234185152565,0.1708911194412354,0.03882790675252412,0.09867877758970973,0.0,1.0,0.02092310510197587,0.017646336088746203,0.017646336088746203,0.00031139317735698666,0.6713555568313471,0.31041420465268965,2.1627733098828408,0.7031782773377269,0.31041420465268965,16,0.9334477188787528,mild
37,peak_time,11.0,10.49,11.0,0.8586458683722453,10.0,11.0,9.0,12.0,1.0,3.0,1.0,1.0,-0.5099999999999998,0.0,0.0,0.0,0.7356415631169443,0.1686178812456674,4.362773139375136,0.7540818043272001,0.1686178812456674,22,0.9563323210131683,mild
37,peak_height,0.44187131524086,0.4407430934906006,0.4402785748243332,0.020239322339804883,0.42771970480680466,0.45375102013349533,0.40861453413963317,0.4746631354093552,0.026031315326690674,0.06604860126972201,1.0,1.0,-0.001128221750259395,-0.0015927404165267944,0.0015927404165267944,2.5368220344379466e-06,0.7356415631169443,0.1686178812456674,4.362773139375136,0.7540818043272001,0.1686178812456674,22,0.9563323210131683,mild
37,cumulative_infected,5.957365567723173,5.7673432469349795,5.777443688886706,0.24637690555172873,5.602311002643546,5.940124276239658,5.377338394861726,6.144624437464517,0.3378132735961117,0.767286042602791,0.0,1.0,-0.19002232078819326,-0.17992187883646693,0.17992187883646693,0.03237188248404429,0.7356415631169443,0.1686178812456674,4.362773139375136,0.7540818043272001,0.1686178812456674,22,0.9563323210131683,mild
37,early_growth_slope,0.04143860878511552,0.03820916067842127,0.03866950330016801,0.004598141100229742,0.0351354809051069,0.04119177092936643,0.03177252542456179,0.04583704707980532,0.006056290024259524,0.01406452165524353,0.0,1.0,-0.0032294481066942535,-0.0027691054849475136,0.0027691054849475136,7.667945186766404e-06,0.7356415631169443,0.1686178812456674,4.362773139375136,0.7540818043272001,0.1686178812456674,22,0.9563323210131683,mild
37,post_peak_decline_slope,-0.033795562138160075,-0.03281486420333388,-0.032928059001763696,0.00357932077680832,-0.03457646413395803,-0.030253539855281533,-0.038572822933395756,-0.027267262103656945,0.004322924278676501,0.011305560829738812,1.0,1.0,0.0009806979348261982,0.0008675031363963789,0.0008675031363963789,7.525616916575545e-07,0.7356415631169443,0.1686178812456674,4.362773139375136,0.7540818043272001,0.1686178812456674,22,0.9563323210131683,mild
37,late_phase_auc,0.48737297851766925,0.49630607651510217,0.4884145045070909,0.0934958297154529,0.4232476390170632,0.5595376708515687,0.35110107410000635,0.6409966781138791,0.1362900318345055,0.2898956040138727,1.0,1.0,0.008933097997432915,0.0010415259894216433,0.0010415259894216433,1.084776386640733e-06,0.7356415631169443,0.1686178812456674,4.362773139375136,0.7540818043272001,0.1686178812456674,22,0.9563323210131683,mild
37,time_to_half_peak_after_peak,7.0,7.11,7.0,1.0907786117255782,6.0,8.0,5.95,9.0,2.0,3.05,1.0,1.0,0.11000000000000032,0.0,0.0,0.0,0.7356415631169443,0.1686178812456674,4.362773139375136,0.7540818043272001,0.1686178812456674,22,0.9563323210131683,mild
37,late_to_early_mean_ratio,0.09636969961949796,0.10173872922508675,0.10143271623533978,0.01772885927107532,0.08839204817507189,0.11164560443428226,0.07641724888817548,0.1333235450211604,0.02325355625921037,0.05690629613298491,1.0,1.0,0.005369029605588799,0.0050630166158418255,0.0050630166158418255,2.563413725229041e-05,0.7356415631169443,0.1686178812456674,4.362773139375136,0.7540818043272001,0.1686178812456674,22,0.9563323210131683,mild
38,peak_time,17.0,17.19,17.0,1.3758009604693127,16.0,18.0,15.0,19.0,2.0,4.0,1.0,1.0,0.19000000000000128,0.0,0.0,0.0,0.43638419436308906,0.11407017625384999,3.8255765765800738,0.4525458678863301,0.11407017625384999,30,0.9107180361698685,mild
38,peak_height,0.40994197130203247,0.40555124431848527,0.4031514674425125,0.0203077812697488,0.3914978802204132,0.4179498329758644,0.37705940157175066,0.44285438805818556,0.026451952755451202,0.06579498648643489,1.0,1.0,-0.0043907269835472,-0.0067905038595199585,0.0067905038595199585,4.611094266615545e-05,0.43638419436308906,0.11407017625384999,3.8255765765800738,0.4525458678863301,0.11407017625384999,30,0.9107180361698685,mild
38,cumulative_infected,8.150817671063123,7.937933809006791,7.954281555255875,0.32362528664091006,7.65244562891894,8.17172211164143,7.3798591721249975,8.393131153465948,0.5192764827224892,1.0132719813409503,1.0,1.0,-0.2128838620563327,-0.19653611580724828,0.19653611580724828,0.03862644481660011,0.43638419436308906,0.11407017625384999,3.8255765765800738,0.4525458678863301,0.11407017625384999,30,0.9107180361698685,mild
38,early_growth_slope,0.01324792060976116,0.010573556372879203,0.010387617360157447,0.0027705787470882026,0.00865996546660123,0.012676294759980266,0.0060796034395545085,0.01495711158079627,0.004016329293379035,0.008877508141241762,0.0,1.0,-0.002674364236881957,-0.0028603032496037125,0.0028603032496037125,8.181334679693557e-06,0.43638419436308906,0.11407017625384999,3.8255765765800738,0.4525458678863301,0.11407017625384999,30,0.9107180361698685,mild
38,post_peak_decline_slope,-0.015702853103478766,-0.01819031096001466,-0.017864219347635907,0.004191828597009868,-0.020941959756116083,-0.015484893446167323,-0.025142513550817976,-0.011024267027775455,0.005457066309948759,0.014118246523042522,1.0,1.0,-0.0024874578565358928,-0.0021613662441571403,0.0021613662441571403,4.671504041381943e-06,0.43638419436308906,0.11407017625384999,3.8255765765800738,0.4525458678863301,0.11407017625384999,30,0.9107180361698685,mild
38,late_phase_auc,2.432709790766239,2.3910084008587003,2.382288783308468,0.17919594214770568,2.3037459993647644,2.489781610434875,2.0866966139961733,2.6620378009276466,0.18603561107011046,0.5753411869314733,1.0,1.0,-0.04170138990753891,-0.05042100745777134,0.05042100745777134,0.002542277993056633,0.43638419436308906,0.11407017625384999,3.8255765765800738,0.4525458678863301,0.11407017625384999,30,0.9107180361698685,mild
38,time_to_half_peak_after_peak,11.0,10.61,11.0,1.536722210262854,10.0,12.0,8.0,13.0,2.0,5.0,1.0,1.0,-0.39000000000000057,0.0,0.0,0.0,0.43638419436308906,0.11407017625384999,3.8255765765800738,0.4525458678863301,0.11407017625384999,30,0.9107180361698685,mild
38,late_to_early_mean_ratio,0.45990331421445757,0.4671452154753005,0.4680269298892912,0.044275582806510755,0.4429183497862932,0.4870700184651189,0.3915115551108748,0.5224136622211281,0.044151668678825695,0.13090210711025324,1.0,1.0,0.007241901260842953,0.008123615674833606,0.008123615674833606,6.599313163240227e-05,0.43638419436308906,0.11407017625384999,3.8255765765800738,0.4525458678863301,0.11407017625384999,30,0.9107180361698685,mild
39,peak_time,15.0,17.72,18.0,4.694892991540936,14.0,21.0,11.0,25.0,7.0,14.0,1.0,1.0,2.719999999999999,3.0,3.0,9.0,0.5754505697072922,0.3945465818643039,1.4585111014982928,0.5933500901384514,0.3945465818643039,22,0.9461305730417982,mild
39,peak_height,0.08764970302581787,0.08920922420918942,0.0884791910648346,0.016127531585887537,0.07845192775130272,0.10067645832896233,0.061382886953651905,0.11072122305631638,0.022224530577659607,0.04933833610266447,1.0,1.0,0.0015595211833715483,0.0008294880390167236,0.0008294880390167236,6.880504068718096e-07,0.5754505697072922,0.3945465818643039,1.4585111014982928,0.5933500901384514,0.3945465818643039,22,0.9461305730417982,mild
39,cumulative_infected,1.4766763350344263,1.4357809739112053,1.4505115808133269,0.22995368644817307,1.31047527003102,1.5799769453296904,1.0853291384351906,1.7817731820425249,0.2695016752986703,0.6964440436073343,1.0,1.0,-0.04089536112322101,-0.02616475422109943,0.02616475422109943,0.0006845943634505403,0.5754505697072922,0.3945465818643039,1.4585111014982928,0.5933500901384514,0.3945465818643039,22,0.9461305730417982,mild
39,early_growth_slope,0.0018217522273993223,0.0020186020761039326,0.002061422642630835,0.0027998323434949225,0.00024007241803961532,0.0038211371270119253,-0.002601374501162874,0.006260883871471464,0.00358106470897231,0.008862258372634338,1.0,1.0,0.0001968498487046103,0.0002396704152315128,0.0002396704152315128,5.744190793724576e-08,0.5754505697072922,0.3945465818643039,1.4585111014982928,0.5933500901384514,0.3945465818643039,22,0.9461305730417982,mild
39,post_peak_decline_slope,-0.0023821224148074865,-0.004207076426978651,-0.004214568075258284,0.002381944103305629,-0.005801288302366932,-0.0024461439112201337,-0.00818615259234018,-0.0004915467370301421,0.003355144391146798,0.007694605855310038,0.0,1.0,-0.0018249540121711644,-0.0018324456604507976,0.0018324456604507976,3.3578570985049596e-06,0.5754505697072922,0.3945465818643039,1.4585111014982928,0.5933500901384514,0.3945465818643039,22,0.9461305730417982,mild
39,late_phase_auc,0.4173916656873189,0.4133212986220315,0.4040642100153491,0.10020157672691594,0.34385991061571985,0.4900710476213135,0.2560741026012693,0.5770411737728863,0.14621113700559363,0.32096707117161705,1.0,1.0,-0.004070367065287406,-0.013327455671969801,0.013327455671969801,0.00017762107468832002,0.5754505697072922,0.3945465818643039,1.4585111014982928,0.5933500901384514,0.3945465818643039,22,0.9461305730417982,mild
39,time_to_half_peak_after_peak,2.0,2.67,2.0,2.202179819995624,1.0,4.0,1.0,7.0,3.0,6.0,1.0,1.0,0.6699999999999999,0.0,0.0,0.0,0.5754505697072922,0.3945465818643039,1.4585111014982928,0.5933500901384514,0.3945465818643039,22,0.9461305730417982,mild
39,late_to_early_mean_ratio,0.4159247046739716,0.4578319986815887,0.43072933977801703,0.1655748324771479,0.3261153159123703,0.5282613774146787,0.26421651145002845,0.776774471394324,0.2021460615023084,0.5125579599442955,1.0,1.0,0.04190729400761711,0.01480463510404545,0.01480463510404545,0.00021917722056393482,0.5754505697072922,0.3945465818643039,1.4585111014982928,0.5933500901384514,0.3945465818643039,22,0.9461305730417982,mild
40,peak_time,21.0,24.27,23.0,13.427587311579881,15.75,36.0,1.9500000000000002,46.0,20.25,44.05,1.0,1.0,3.2699999999999996,2.0,2.0,4.0,0.42033872643508935,0.42040059676575253,0.9998528300598544,0.42248815497436476,0.42040059676575253,11,0.9934775032577592,mild
40,peak_height,0.053410302847623825,0.055978235211223366,0.05302499979734421,0.015275948155058774,0.04562424682080746,0.0653025470674038,0.036557932011783124,0.08685818575322628,0.019678300246596336,0.05030025374144315,1.0,1.0,0.0025679323635995413,-0.0003853030502796173,0.0003853030502796173,1.484584405547773e-07,0.42033872643508935,0.42040059676575253,0.9998528300598544,0.42248815497436476,0.42040059676575253,11,0.9934775032577592,mild
40,cumulative_infected,0.7414118015440181,0.6937090840081146,0.6268441521460772,0.2860217354003901,0.47544674637174467,0.8362171334447339,0.3440711336848835,1.320306376623921,0.36077038707298925,0.9762352429390374,1.0,1.0,-0.047702717535903494,-0.11456764939794084,0.11456764939794084,0.013125746288569494,0.42033872643508935,0.42040059676575253,0.9998528300598544,0.42248815497436476,0.42040059676575253,11,0.9934775032577592,mild
40,early_growth_slope,-0.0023313810095368383,-0.00020217872085985143,-0.00032999755404446065,0.0024351712806603572,-0.001758643165365874,0.001304774880520112,-0.003932527651722054,0.003823490445436269,0.003063418045885986,0.007756018097158323,0.0,1.0,0.002129202288676987,0.0020013834554923776,0.0020013834554923776,4.0055357359186095e-06,0.42033872643508935,0.42040059676575253,0.9998528300598544,0.42248815497436476,0.42040059676575253,11,0.9934775032577592,mild
40,post_peak_decline_slope,-0.0020896321007361114,-0.0035742064567294584,-0.003070262008501838,0.0031546828716837523,-0.004513576654183756,-0.001892671538613894,-0.00830265551339834,0.0,0.0026209051155698616,0.00830265551339834,1.0,1.0,-0.001484574355993347,-0.0009806299077657265,0.0009806299077657265,9.616350160046174e-07,0.42033872643508935,0.42040059676575253,0.9998528300598544,0.42248815497436476,0.42040059676575253,11,0.9934775032577592,mild
40,late_phase_auc,0.28010627173352987,0.29387154504009233,0.2662644069059752,0.15040233791550547,0.20076306482224027,0.33153836510609835,0.12674352314788848,0.5727087200153619,0.1307753002838581,0.4459651968674734,1.0,1.0,0.013765273306562464,-0.013841864827554673,0.013841864827554673,0.00019159722190429515,0.42033872643508935,0.42040059676575253,0.9998528300598544,0.42248815497436476,0.42040059676575253,11,0.9934775032577592,mild
40,time_to_half_peak_after_peak,1.0,1.24,1.0,0.7123726184201267,1.0,1.0,1.0,2.0,0.0,1.0,1.0,1.0,0.24,0.0,0.0,0.0,0.42033872643508935,0.42040059676575253,0.9998528300598544,0.42248815497436476,0.42040059676575253,11,0.9934775032577592,mild
40,late_to_early_mean_ratio,0.5944480603815169,0.8477146702319132,0.7507377171658869,0.41218658341520825,0.5706387187646613,1.0219359158453223,0.3877693621476025,1.560121125733346,0.45129719708066096,1.1723517635857434,1.0,1.0,0.2532666098503963,0.15628965678437,0.15628965678437,0.024426456817776176,0.42033872643508935,0.42040059676575253,0.9998528300598544,0.42248815497436476,0.42040059676575253,11,0.9934775032577592,mild
41,peak_time,22.0,23.2,23.0,1.83126605208947,22.0,24.0,21.0,26.049999999999997,2.0,5.049999999999997,1.0,1.0,1.1999999999999993,1.0,1.0,1.0,0.3534736153914683,0.09313352767300545,3.795342281380391,0.36424168603693796,0.09313352767300545,11,0.9620987401896575,mild
41,peak_height,0.42484548687934875,0.405179628431797,0.40286608040332794,0.027283745045433072,0.3875725492835045,0.4264003485441208,0.3629909008741379,0.4501997247338295,0.0388277992606163,0.08720882385969164,1.0,1.0,-0.019665858447551754,-0.021979406476020813,0.021979406476020813,0.00048309430903814565,0.3534736153914683,0.09313352767300545,3.795342281380391,0.36424168603693796,0.09313352767300545,11,0.9620987401896575,mild
41,cumulative_infected,9.699051746167243,9.775379862732224,9.661489922786132,0.5712581049499981,9.400937755752238,10.14833954256028,8.791204669652506,10.683042076742277,0.7474017868080409,1.8918374070897706,1.0,1.0,0.07632811656498184,-0.037561823381111026,0.037561823381111026,0.0014108905757137789,0.3534736153914683,0.09313352767300545,3.795342281380391,0.36424168603693796,0.09313352767300545,11,0.9620987401896575,mild
41,early_growth_slope,0.005747481049703699,0.005128391075193662,0.005390482521761442,0.002927144971017515,0.00274740016902797,0.0069500055861204755,0.0005106778272117182,0.010171387365525806,0.004202605417092505,0.009660709538314088,1.0,1.0,-0.0006190899745100367,-0.0003569985279422575,0.0003569985279422575,1.274479489529388e-07,0.3534736153914683,0.09313352767300545,3.795342281380391,0.36424168603693796,0.09313352767300545,11,0.9620987401896575,mild
41,post_peak_decline_slope,-0.015339058637619024,-0.012642631510893494,-0.012810348719358449,0.003948721627731068,-0.015241905053456633,-0.010637999574343344,-0.018816342838108537,-0.0062385146071513445,0.004603905479113289,0.012577828230957194,0.0,1.0,0.0026964271267255306,0.0025287099182605757,0.0025287099182605757,6.394373850709408e-06,0.3534736153914683,0.09313352767300545,3.795342281380391,0.36424168603693796,0.09313352767300545,11,0.9620987401896575,mild
41,late_phase_auc,4.837254924699664,5.090875678537413,5.109199575148523,0.32707365396514104,4.879586864262819,5.322777776047587,4.502376955375075,5.593510274682194,0.4431909117847681,1.0911333193071187,0.0,1.0,0.2536207538377493,0.27194465044885874,0.27194465044885874,0.07395389290775196,0.3534736153914683,0.09313352767300545,3.795342281380391,0.36424168603693796,0.09313352767300545,11,0.9620987401896575,mild
41,time_to_half_peak_after_peak,15.0,13.72,14.0,1.9801030480275716,13.0,15.0,11.0,16.049999999999997,2.0,5.049999999999997,1.0,1.0,-1.2799999999999994,-1.0,1.0,1.0,0.3534736153914683,0.09313352767300545,3.795342281380391,0.36424168603693796,0.09313352767300545,11,0.9620987401896575,mild
41,late_to_early_mean_ratio,1.0673054142068021,1.1880539799438852,1.171905560150808,0.12188521254969008,1.1157888331136958,1.2555436569676215,1.012973504663561,1.3947788827604832,0.13975482385392568,0.38180537809692217,0.0,1.0,0.12074856573708304,0.1046001459440058,0.1046001459440058,0.010941190531507312,0.3534736153914683,0.09313352767300545,3.795342281380391,0.36424168603693796,0.09313352767300545,11,0.9620987401896575,mild
42,peak_time,14.0,23.67,25.0,14.016624328837437,12.75,36.0,1.9500000000000002,44.0,23.25,42.05,1.0,1.0,9.670000000000002,11.0,11.0,121.0,0.1796434249283694,0.13262141182567433,1.3545582304952664,0.19151320661556806,0.13262141182567433,14,0.9139181668448608,mild
42,peak_height,0.07994537055492401,0.06269949760288,0.05504619516432285,0.024464095121652384,0.04971391428261995,0.07117966376245022,0.03677235674113035,0.10645416155457496,0.021465749479830265,0.0696818048134446,0.0,1.0,-0.01724587295204401,-0.024899175390601158,0.024899175390601158,0.0006199689351319183,0.1796434249283694,0.13262141182567433,1.3545582304952664,0.19151320661556806,0.13262141182567433,14,0.9139181668448608,mild
42,cumulative_infected,1.3875736738264095,0.9308280327126102,0.6738356782043411,0.7001897452635112,0.5047141371614998,1.0945857935512322,0.4036374481103849,2.185676954733206,0.5898716563897324,1.782039506622821,0.0,1.0,-0.45674564111379934,-0.7137379956220684,0.7137379956220684,0.5094219263946077,0.1796434249283694,0.13262141182567433,1.3545582304952664,0.19151320661556806,0.13262141182567433,14,0.9139181668448608,mild
42,early_growth_slope,-0.0031890285064859864,5.118574407571923e-05,-7.924524972969166e-05,0.002183413784946403,-0.0014244199945616317,0.0014463747886890941,-0.0030418279777569227,0.004259586602538114,0.002870794783250726,0.007301414580295037,0.0,0.0,0.0032402142505617054,0.0031097832567562947,0.0031097832567562947,9.670751904001786e-06,0.1796434249283694,0.13262141182567433,1.3545582304952664,0.19151320661556806,0.13262141182567433,14,0.9139181668448608,mild
42,post_peak_decline_slope,-0.003974807844497253,-0.0032558309312002453,-0.0026406748307636037,0.002553774328401168,-0.004037654996500354,-0.0018507721962426598,-0.006713701964666434,-0.0010278910103564596,0.0021868828002576945,0.005685810954309974,1.0,1.0,0.0007189769132970075,0.0013341330137336491,0.0013341330137336491,1.7799108983340292e-06,0.1796434249283694,0.13262141182567433,1.3545582304952664,0.19151320661556806,0.13262141182567433,14,0.9139181668448608,mild
42,late_phase_auc,0.8491284847259521,0.5136215496716738,0.33545918617164716,0.5151745998746278,0.22013630169385578,0.5954714811523445,0.14939743709401226,1.4768220452591765,0.3753351794584887,1.3274246081651642,0.0,1.0,-0.3355069350542783,-0.513669298554305,0.513669298554305,0.2638561482772717,0.1796434249283694,0.13262141182567433,1.3545582304952664,0.19151320661556806,0.13262141182567433,14,0.9139181668448608,mild
42,time_to_half_peak_after_peak,1.0,1.79,1.0,2.1048045087850844,1.0,2.0,1.0,6.049999999999997,1.0,5.049999999999997,1.0,1.0,0.79,0.0,0.0,0.0,0.1796434249283694,0.13262141182567433,1.3545582304952664,0.19151320661556806,0.13262141182567433,14,0.9139181668448608,mild
42,late_to_early_mean_ratio,1.6934642613165383,1.1649904195550398,1.0340032923917013,0.5952448310808848,0.7821458505160844,1.3865558138654088,0.5262477791681458,2.2469423603786707,0.6044099633493244,1.720694581210525,0.0,1.0,-0.5284738417614985,-0.659460968924837,0.659460968924837,0.43488876953528477,0.1796434249283694,0.13262141182567433,1.3545582304952664,0.19151320661556806,0.13262141182567433,14,0.9139181668448608,mild
43,peak_time,19.0,22.76,23.0,3.1370062290037106,20.0,25.0,18.0,28.0,5.0,10.0,0.0,1.0,3.7600000000000016,4.0,4.0,16.0,0.37742892680264023,0.22055145979148189,1.7112964346709676,0.3893056578906616,0.22055145979148189,28,0.930664838520854,mild
43,peak_height,0.14535848796367645,0.14714878849685192,0.14653407782316208,0.016608779199801346,0.13655520603060722,0.15808998048305511,0.11934923306107521,0.1730630487203598,0.02153477445244789,0.05371381565928458,1.0,1.0,0.0017903005331754707,0.0011755898594856262,0.0011755898594856262,1.3820115177254344e-06,0.37742892680264023,0.22055145979148189,1.7112964346709676,0.3893056578906616,0.22055145979148189,28,0.930664838520854,mild
43,cumulative_infected,3.1164105031639338,3.1084514384446265,3.1321256434748648,0.2960915907695338,2.9040787905978505,3.2949025274429005,2.633047193661332,3.568978451518342,0.39082373684505,0.9359312578570096,1.0,1.0,-0.007959064719307296,0.01571514031093102,0.01571514031093102,0.0002469656349922491,0.37742892680264023,0.22055145979148189,1.7112964346709676,0.3893056578906616,0.22055145979148189,28,0.930664838520854,mild
43,early_growth_slope,0.0029327626051824716,0.002474472976655523,0.002293910088372372,0.0026498518291511327,0.0007467143928113815,0.004310343752357377,-0.0017192620426482903,0.006454024990186246,0.003563629359545996,0.008173287032834537,1.0,1.0,-0.00045828962852694855,-0.0006388525168100996,0.0006388525168100996,4.0813253823459857e-07,0.37742892680264023,0.22055145979148189,1.7112964346709676,0.3893056578906616,0.22055145979148189,28,0.930664838520854,mild
43,post_peak_decline_slope,-0.0028536349534988383,-0.00546840734500438,-0.005416680686175826,0.002960126220038017,-0.007547599636018285,-0.00346817031192283,-0.00953044650455316,-0.0007636349027355562,0.004079429324095455,0.008766811601817604,0.0,1.0,-0.0026147723915055415,-0.002563045732676988,0.002563045732676988,6.5692034277937185e-06,0.37742892680264023,0.22055145979148189,1.7112964346709676,0.3893056578906616,0.22055145979148189,28,0.930664838520854,mild
43,late_phase_auc,1.5040563838556409,1.4129377168271458,1.4138923489954323,0.17727028686274843,1.2864443286671303,1.5313166762934998,1.158188927770243,1.7131294080929365,0.24487234762636945,0.5549404803226934,1.0,1.0,-0.09111866702849514,-0.09016403486020863,0.09016403486020863,0.008129553182272917,0.37742892680264023,0.22055145979148189,1.7112964346709676,0.3893056578906616,0.22055145979148189,28,0.930664838520854,mild
43,time_to_half_peak_after_peak,14.0,8.13,9.0,3.705455982791327,5.75,11.0,1.0,14.0,5.25,13.0,0.0,1.0,-5.869999999999999,-5.0,5.0,25.0,0.37742892680264023,0.22055145979148189,1.7112964346709676,0.3893056578906616,0.22055145979148189,28,0.930664838520854,mild
43,late_to_early_mean_ratio,1.0242567392475581,0.9145496413977999,0.9162964879305964,0.15621100952146455,0.8236027470645333,1.0078103794507054,0.6841229047424892,1.1879867254965044,0.1842076323861721,0.5038638207540153,0.0,1.0,-0.10970709784975818,-0.10796025131696174,0.10796025131696174,0.01165541586442154,0.37742892680264023,0.22055145979148189,1.7112964346709676,0.3893056578906616,0.22055145979148189,28,0.930664838520854,mild
44,peak_time,6.0,20.71,19.0,14.484610432936725,8.75,33.0,0.9500000000000002,45.05,24.25,44.099999999999994,0.0,1.0,14.71,13.0,13.0,169.0,0.269651501736285,0.3866667428395353,0.6973744360739838,0.2803081750708738,0.3866667428395353,23,0.929596843744394,mild
44,peak_height,0.04929821938276291,0.052238188683986664,0.04976745508611202,0.01217573436044902,0.04413709323853254,0.05732256546616554,0.038230139017105105,0.07524585798382759,0.013185472227633,0.03701571896672248,1.0,1.0,0.002939969301223755,0.00046923570334911346,0.00046923570334911346,2.201821452975372e-07,0.269651501736285,0.3866667428395353,0.6973744360739838,0.2803081750708738,0.3866667428395353,23,0.929596843744394,mild
44,cumulative_infected,0.48246483475668356,0.5448505619258026,0.4850166165851988,0.2319492107152185,0.41043299762532115,0.5763620510915644,0.3369691789150238,0.878635426548135,0.1659290534662432,0.5416662476331111,1.0,1.0,0.062385727169119054,0.0025517818285152316,0.0025517818285152316,6.511590500340539e-06,0.269651501736285,0.3866667428395353,0.6973744360739838,0.2803081750708738,0.3866667428395353,23,0.929596843744394,mild
44,early_growth_slope,0.001447537290264985,-0.0002762129177776132,-0.0004630907531550508,0.001995352283531757,-0.0014495210392245397,0.00107807446433331,-0.0038025991836288303,0.0027443318353367148,0.0025275955035578496,0.006546931018965545,0.0,1.0,-0.0017237502080425984,-0.001910628043420036,0.001910628043420036,3.6504995203030747e-06,0.269651501736285,0.3866667428395353,0.6973744360739838,0.2803081750708738,0.3866667428395353,23,0.929596843744394,mild
44,post_peak_decline_slope,-0.003469511183599631,-0.003747951531641385,-0.002877232758882681,0.006133467693566388,-0.0037133816668453324,-0.001763251661517037,-0.005397148986230617,-0.00031173796625808643,0.0019501300053282953,0.00508541101997253,1.0,1.0,-0.00027844034804175386,0.0005922784247169499,0.0005922784247169499,3.507937323851917e-07,0.269651501736285,0.3866667428395353,0.6973744360739838,0.2803081750708738,0.3866667428395353,23,0.929596843744394,mild
44,late_phase_auc,0.22809616703307256,0.2486055592535422,0.21669563578325324,0.1554132738898917,0.17610749311279505,0.26669035136001185,0.11499105167458765,0.471680673433002,0.09058285824721679,0.35668962175841434,1.0,1.0,0.02050939222046963,-0.011400531249819323,0.011400531249819323,0.00012997211277810696,0.269651501736285,0.3866667428395353,0.6973744360739838,0.2803081750708738,0.3866667428395353,23,0.929596843744394,mild
44,time_to_half_peak_after_peak,1.0,1.13,1.0,0.36666666666666664,1.0,1.0,1.0,2.0,0.0,1.0,1.0,1.0,0.1299999999999999,0.0,0.0,0.0,0.269651501736285,0.3866667428395353,0.6973744360739838,0.2803081750708738,0.3866667428395353,23,0.929596843744394,mild
44,late_to_early_mean_ratio,0.9182244399693351,0.8891849713125378,0.8065322412887135,0.400506166612446,0.6299917584093409,1.0352734530367198,0.4025643817849908,1.6492236085284182,0.40528169462737895,1.2466592267434273,1.0,1.0,-0.029039468656797296,-0.11169219868062163,0.11169219868062163,0.012475147246111457,0.269651501736285,0.3866667428395353,0.6973744360739838,0.2803081750708738,0.3866667428395353,23,0.929596843744394,mild
45,peak_time,8.0,19.59,17.0,15.007806049661038,6.0,33.25,1.0,46.0,27.25,45.0,1.0,1.0,11.59,9.0,9.0,81.0,0.43290076661746324,0.4643095108079695,0.9323538642664239,0.45518619796528914,0.4643095108079695,25,0.9020821305767042,mild
45,peak_height,0.05387051776051521,0.049107726234942674,0.04764693044126034,0.010108268778135436,0.042480869218707085,0.05435862671583891,0.03585400469601154,0.06653885692358016,0.011877757497131824,0.030684852227568622,1.0,1.0,-0.004762791525572539,-0.006223587319254875,0.006223587319254875,3.8733039120390084e-05,0.43290076661746324,0.4643095108079695,0.9323538642664239,0.45518619796528914,0.4643095108079695,25,0.9020821305767042,mild
45,cumulative_infected,0.5520866477163509,0.5183979525721929,0.4886448728337882,0.17288541838553342,0.3932988220481093,0.5822519038720202,0.3198880492898752,0.8319213301583657,0.1889530818239109,0.5120332808684904,1.0,1.0,-0.033688695144157954,-0.06344177488256264,0.06344177488256264,0.004024858800249756,0.43290076661746324,0.4643095108079695,0.9323538642664239,0.45518619796528914,0.4643095108079695,25,0.9020821305767042,mild
45,early_growth_slope,0.0009321699229379494,-7.728639101644854e-05,0.00020846829699751578,0.002282662916468062,-0.0016992654730399526,0.0015487073937297943,-0.0040298980596985305,0.003874760047377396,0.003247972866769747,0.007904658107075926,1.0,1.0,-0.001009456313954398,-0.0007237016259404336,0.0007237016259404336,5.237440433888273e-07,0.43290076661746324,0.4643095108079695,0.9323538642664239,0.45518619796528914,0.4643095108079695,25,0.9020821305767042,mild
45,post_peak_decline_slope,-0.005647377662050231,-0.0038922864816122453,-0.0030138584823968502,0.0059186368758851445,-0.0041340731069794915,-0.001912326742118849,-0.007040537482438,-0.0004639053840045981,0.0022217463648606427,0.006576632098433402,0.0,1.0,0.0017550911804379856,0.0026335191796533807,0.0026335191796533807,6.935423269602215e-06,0.43290076661746324,0.4643095108079695,0.9323538642664239,0.45518619796528914,0.4643095108079695,25,0.9020821305767042,mild
45,late_phase_auc,0.24294214230030775,0.23932641293827828,0.21976724051637575,0.10622577689396814,0.16368008608696982,0.2755618250437806,0.11731719561212231,0.4302957167266867,0.11188173895681075,0.31297852111456437,1.0,1.0,-0.003615729362029474,-0.023174901783932,0.023174901783932,0.0005370760726948946,0.43290076661746324,0.4643095108079695,0.9323538642664239,0.45518619796528914,0.4643095108079695,25,0.9020821305767042,mild
45,time_to_half_peak_after_peak,2.0,1.2,1.0,0.4494665749754947,1.0,1.0,1.0,2.0,0.0,1.0,0.0,1.0,-0.8,-1.0,1.0,1.0,0.43290076661746324,0.4643095108079695,0.9323538642664239,0.45518619796528914,0.4643095108079695,25,0.9020821305767042,mild
45,late_to_early_mean_ratio,0.82532392209015,0.9458482538389483,0.8688271930638707,0.39880152037142064,0.688592179070213,1.1635897828486923,0.4152502372419313,1.569961160428652,0.4749976037784793,1.1547109231867208,1.0,1.0,0.12052433174879829,0.04350327097372064,0.04350327097372064,0.001892534585412965,0.43290076661746324,0.4643095108079695,0.9323538642664239,0.45518619796528914,0.4643095108079695,25,0.9020821305767042,mild
46,peak_time,9.0,9.74,10.0,0.7865022940753946,9.0,10.0,9.0,11.0,1.0,2.0,1.0,1.0,0.7400000000000002,1.0,1.0,1.0,0.7907705595726828,0.08980683677432433,8.805237863569461,0.8170088790714031,0.08980683677432433,24,0.9382401978474726,mild
46,peak_height,0.6386351585388184,0.6557815462350846,0.657531350851059,0.025875690708361068,0.6397935748100281,0.6744979470968246,0.6148703217506408,0.6944376677274704,0.03470437228679657,0.07956734597682957,0.0,1.0,0.017146387696266197,0.0188961923122406,0.0188961923122406,0.0003570660839011808,0.7907705595726828,0.08980683677432433,8.805237863569461,0.8170088790714031,0.08980683677432433,24,0.9382401978474726,mild
46,cumulative_infected,10.876275262795389,11.090420327294268,11.091410907683894,0.6185926116697043,10.714509018405806,11.465370230027474,10.200503936083987,12.063982665719232,0.7508612116216682,1.8634787296352453,1.0,1.0,0.21414506449887938,0.21513564488850534,0.21513564488850534,0.04628334570159307,0.7907705595726828,0.08980683677432433,8.805237863569461,0.8170088790714031,0.08980683677432433,24,0.9382401978474726,mild
46,early_growth_slope,0.07424180466859111,0.07068777441902922,0.0713859231909737,0.00897685782428303,0.06612897886606375,0.07682263111096937,0.05256317959422067,0.08376561912120363,0.010693652244905621,0.031202439526982963,1.0,1.0,-0.0035540302495618847,-0.0028558814776174085,0.0028558814776174085,8.156059014198192e-06,0.7907705595726828,0.08980683677432433,8.805237863569461,0.8170088790714031,0.08980683677432433,24,0.9382401978474726,mild
46,post_peak_decline_slope,-0.03618394782145824,-0.03493453581134482,-0.03499398405353232,0.0034625590994459337,-0.037044174348314626,-0.03263786124686401,-0.040805586179097526,-0.03002712984879814,0.004406313101450614,0.010778456330299387,1.0,1.0,0.0012494120101134223,0.0011899637679259195,0.0011899637679259195,1.4160137689764516e-06,0.7907705595726828,0.08980683677432433,8.805237863569461,0.8170088790714031,0.08980683677432433,24,0.9382401978474726,mild
46,late_phase_auc,2.0411444073542953,2.057155820471235,2.027654764940962,0.2797913301060191,1.8642357620410621,2.263038412667811,1.6491755313705654,2.504587740357965,0.3988026506267488,0.8554122089873997,1.0,1.0,0.016011413116939543,-0.013489642413333058,0.013489642413333058,0.00018197045243959414,0.7907705595726828,0.08980683677432433,8.805237863569461,0.8170088790714031,0.08980683677432433,24,0.9382401978474726,mild
46,time_to_half_peak_after_peak,10.0,10.21,10.0,1.1036669824185228,10.0,11.0,8.0,12.0,1.0,4.0,1.0,1.0,0.21000000000000085,0.0,0.0,0.0,0.7907705595726828,0.08980683677432433,8.805237863569461,0.8170088790714031,0.08980683677432433,24,0.9382401978474726,mild
46,late_to_early_mean_ratio,0.2466518992819772,0.24220573530284933,0.23855980025473958,0.02631595719698077,0.22373105925127593,0.26354000985897996,0.20107619471371935,0.29015835131205436,0.039808950607704036,0.08908215659833502,1.0,1.0,-0.004446163979127865,-0.00809209902723762,0.00809209902723762,6.548206666662004e-05,0.7907705595726828,0.08980683677432433,8.805237863569461,0.8170088790714031,0.08980683677432433,24,0.9382401978474726,mild
47,peak_time,16.0,15.86,16.0,2.681850710297505,14.0,18.0,12.0,20.0,4.0,8.0,1.0,1.0,-0.14000000000000057,0.0,0.0,0.0,0.5453426025116443,0.345445152229597,1.5786662484387315,0.5800509461814752,0.345445152229597,23,0.8891912668657599,mild
47,peak_height,0.1264401227235794,0.11950043931603432,0.11584961414337158,0.017704127587101045,0.10569766536355019,0.1314868964254856,0.0962564043700695,0.15331143885850906,0.025789231061935425,0.05705503448843956,1.0,1.0,-0.006939683407545083,-0.010590508580207825,0.010590508580207825,0.00011215887198745556,0.5453426025116443,0.345445152229597,1.5786662484387315,0.5800509461814752,0.345445152229597,23,0.8891912668657599,mild
47,cumulative_infected,1.8613272094517015,1.8956311950499003,1.9013611672853585,0.16323648291086748,1.7723209375981241,2.01641477731755,1.6346317603849456,2.145711550797569,0.2440938397194259,0.5110797904126232,1.0,1.0,0.034303985598198805,0.04003395783365704,0.04003395783365704,0.00160271777982703,0.5453426025116443,0.345445152229597,1.5786662484387315,0.5800509461814752,0.345445152229597,23,0.8891912668657599,mild
47,early_growth_slope,0.005731074998731768,0.004224427418893832,0.004236119580344252,0.002581333157939313,0.002663320600515277,0.005998330633225296,-5.24190407651025e-05,0.00829558526678565,0.0033350100327100185,0.008348004307550753,1.0,1.0,-0.0015066475798379362,-0.0014949554183875165,0.0014949554183875165,2.2348917029661946e-06,0.5453426025116443,0.345445152229597,1.5786662484387315,0.5800509461814752,0.345445152229597,23,0.8891912668657599,mild
47,post_peak_decline_slope,-0.007305057346820825,-0.006476662119384855,-0.00629484249899784,0.0033357169793271717,-0.009020406139704094,-0.004019201515863343,-0.011535985005320982,-0.0013229196006432095,0.00500120462384075,0.010213065404677773,1.0,1.0,0.0008283952274359702,0.0010102148478229852,0.0010102148478229852,1.0205340387620171e-06,0.5453426025116443,0.345445152229597,1.5786662484387315,0.5800509461814752,0.345445152229597,23,0.8891912668657599,mild
47,late_phase_auc,0.3392646007123403,0.4093040903133442,0.39948582381475717,0.09374497937305977,0.3518558181312983,0.4527012008766178,0.2710440717579331,0.5728203855687752,0.10084538274531951,0.30177631381084213,0.0,1.0,0.07003948960100387,0.06022122310241684,0.06022122310241684,0.0036265957119510643,0.5453426025116443,0.345445152229597,1.5786662484387315,0.5800509461814752,0.345445152229597,23,0.8891912668657599,mild
47,time_to_half_peak_after_peak,1.0,4.73,4.0,3.0179764442721915,2.0,6.0,1.0,10.0,4.0,9.0,0.0,1.0,3.7300000000000004,3.0,3.0,9.0,0.5453426025116443,0.345445152229597,1.5786662484387315,0.5800509461814752,0.345445152229597,23,0.8891912668657599,mild
47,late_to_early_mean_ratio,0.24842557249105748,0.30379837150408995,0.28934244966812245,0.0910044166612234,0.2348008251449357,0.35467510154454834,0.19151040710728637,0.4600318322565455,0.11987427639961265,0.26852142514925914,1.0,1.0,0.055372799013032464,0.040916877177064964,0.040916877177064964,0.0016741908379230197,0.5453426025116443,0.345445152229597,1.5786662484387315,0.5800509461814752,0.345445152229597,23,0.8891912668657599,mild
48,peak_time,43.0,21.33,19.0,14.63982047138364,8.0,34.0,1.0,44.05,26.0,43.05,0.0,1.0,-21.67,-24.0,24.0,576.0,0.3388443434728235,0.373768153746296,0.9065629055781519,0.34336400979420834,0.373768153746296,11,0.9831244864444348,mild
48,peak_height,0.05575726553797722,0.04968014700338244,0.04728485085070133,0.011594112676849202,0.041697556152939796,0.055957441218197346,0.034685110487043855,0.07303306758403778,0.01425988506525755,0.03834795709699393,1.0,1.0,-0.006077118534594778,-0.008472414687275887,0.008472414687275887,7.178181063316816e-05,0.3388443434728235,0.373768153746296,0.9065629055781519,0.34336400979420834,0.373768153746296,11,0.9831244864444348,mild
48,cumulative_infected,0.6116648106835783,0.557095114787935,0.5073056191758951,0.21124994763084504,0.41701166809070855,0.6203595691986266,0.34787653127168594,0.8953345924295718,0.203347901107918,0.5474580611578859,1.0,1.0,-0.0545696958956432,-0.10435919150768314,0.10435919150768314,0.010890840852137283,0.3388443434728235,0.373768153746296,0.9065629055781519,0.34336400979420834,0.373768153746296,11,0.9831244864444348,mild
48,early_growth_slope,-0.002233776895861539,-0.00036838685782554124,-0.00042844799134486664,0.0023064632467360343,-0.001754268211481671,0.0011296730238730863,-0.003595011277745165,0.0030947223380540624,0.0028839412353547575,0.006689733615799227,0.0,1.0,0.0018653900380359977,0.0018053289045166722,0.0018053289045166722,3.2592124534833676e-06,0.3388443434728235,0.373768153746296,0.9065629055781519,0.34336400979420834,0.373768153746296,11,0.9831244864444348,mild
48,post_peak_decline_slope,-0.007076567787277904,-0.0038070423505008697,-0.0030028840526938457,0.004993210007832495,-0.003849198832176626,-0.0019233679337655079,-0.010238678162651406,-0.000528547397116204,0.0019258308984111182,0.009710130765535202,0.0,1.0,0.0032695254367770344,0.004073683734584058,0.004073683734584058,1.659489916941472e-05,0.3388443434728235,0.373768153746296,0.9065629055781519,0.34336400979420834,0.373768153746296,11,0.9831244864444348,mild
48,late_phase_auc,0.2977512360084802,0.2660606520834699,0.22888341010548174,0.12861160121404858,0.18579062609933317,0.3091328697737481,0.13143981012399308,0.5230981880245962,0.12334224367441493,0.3916583779006031,1.0,1.0,-0.031690583925010285,-0.06886782590299845,0.06886782590299845,0.004742777444605704,0.3388443434728235,0.373768153746296,0.9065629055781519,0.34336400979420834,0.373768153746296,11,0.9831244864444348,mild
48,time_to_half_peak_after_peak,1.0,1.25,1.0,0.519809599951771,1.0,1.0,1.0,2.0,0.0,1.0,1.0,1.0,0.25,0.0,0.0,0.0,0.3388443434728235,0.373768153746296,0.9065629055781519,0.34336400979420834,0.373768153746296,11,0.9831244864444348,mild
48,late_to_early_mean_ratio,0.9895090089899834,0.9869833152972055,0.8865892433167597,0.38566906750101315,0.6775672226306704,1.2516387296363711,0.5134627645610598,1.733368788041709,0.5740715070057008,1.2199060234806494,1.0,1.0,-0.002525693692777886,-0.1029197656732237,0.1029197656732237,0.010592478166231274,0.3388443434728235,0.373768153746296,0.9065629055781519,0.34336400979420834,0.373768153746296,11,0.9831244864444348,mild
49,peak_time,33.0,22.09,22.0,15.577175091729048,8.0,35.25,1.9500000000000002,47.0,27.25,45.05,1.0,1.0,-10.91,-11.0,11.0,121.0,0.33187019051935623,0.4435478323962886,0.748217365253284,0.3324186477713753,0.4435478323962886,28,0.9962502291524687,mild
49,peak_height,0.042248692363500595,0.051339902933686975,0.04807399958372116,0.016184533740696515,0.04159442521631718,0.056349435821175575,0.03624921850860119,0.07513517104089258,0.014755010604858398,0.03888595253229139,1.0,1.0,0.00909121057018638,0.005825307220220566,0.005825307220220566,3.3934204209953855e-05,0.33187019051935623,0.4435478323962886,0.748217365253284,0.3324186477713753,0.4435478323962886,28,0.9962502291524687,mild
49,cumulative_infected,0.38991312703001313,0.5501227567726437,0.4559555467458267,0.3949500211377675,0.3962465191143565,0.5402735634124838,0.33738244095038683,1.0757397071953163,0.1440270442981273,0.7383572662449295,0.0,1.0,0.16020962974263053,0.0660424197158136,0.0660424197158136,0.004361601201919684,0.33187019051935623,0.4435478323962886,0.748217365253284,0.3324186477713753,0.4435478323962886,28,0.9962502291524687,mild
49,early_growth_slope,2.2979044366539795e-05,-0.0003343798833845663,-0.00022410424864054645,0.001987105848975752,-0.0015793517328953983,0.0009108047878336428,-0.003617906390545179,0.003081888062990315,0.002490156520729041,0.006699794453535494,1.0,1.0,-0.0003573589277511061,-0.00024708329300708625,0.00024708329300708625,6.105015368322564e-08,0.33187019051935623,0.4435478323962886,0.748217365253284,0.3324186477713753,0.4435478323962886,28,0.9962502291524687,mild
49,post_peak_decline_slope,-0.0014626193791627963,-0.004138455449163473,-0.002910386148141703,0.006863199520683606,-0.004219404573086645,-0.0015858346596360207,-0.01289778338337783,1.852191208550819e-05,0.0026335699134506247,0.012916305295463339,0.0,1.0,-0.0026758360700006767,-0.0014477667689789067,0.0014477667689789067,2.096028617359623e-06,0.33187019051935623,0.4435478323962886,0.748217365253284,0.3324186477713753,0.4435478323962886,28,0.9962502291524687,mild
49,late_phase_auc,0.19762122276006266,0.270037463523613,0.20835969026666135,0.29264614031882097,0.15907462176619447,0.260606861411361,0.11990088545717299,0.5476177897013255,0.10153223964516656,0.4277169042441525,1.0,1.0,0.07241624076355035,0.010738467506598681,0.010738467506598681,0.0001153146843902757,0.33187019051935623,0.4435478323962886,0.748217365253284,0.3324186477713753,0.4435478323962886,28,0.9962502291524687,mild
49,time_to_half_peak_after_peak,1.0,1.3,1.0,0.8932971498777986,1.0,1.0,1.0,3.0,0.0,2.0,1.0,1.0,0.30000000000000004,0.0,0.0,0.0,0.33187019051935623,0.4435478323962886,0.748217365253284,0.3324186477713753,0.4435478323962886,28,0.9962502291524687,mild
49,late_to_early_mean_ratio,1.0031232016692473,0.9759359446181834,0.9095200909296035,0.4977004685148644,0.6324517499084776,1.097536451657756,0.45861495648779543,2.058983928526584,0.4650847017492783,1.6003689720387886,1.0,1.0,-0.02718725705106384,-0.09360311073964378,0.09360311073964378,0.008761542340138017,0.33187019051935623,0.4435478323962886,0.748217365253284,0.3324186477713753,0.4435478323962886,28,0.9962502291524687,mild
50,peak_time,38.0,21.7,19.5,16.233460891789296,6.0,36.0,0.0,48.0,30.0,48.0,0.0,1.0,-16.3,-18.5,18.5,342.25,0.3062150045150291,0.48096774104971846,0.6366643298087119,0.3247512768821289,0.48096774104971846,10,0.9286520420140345,mild
50,peak_height,0.04257260635495186,0.04922326724976301,0.04855005629360676,0.009288347954855962,0.04339719843119383,0.05459860432893038,0.03327246624976397,0.06514928340911866,0.01120140589773655,0.03187681715935469,0.0,1.0,0.0066506608948111515,0.0059774499386549,0.0059774499386549,3.572990776912546e-05,0.3062150045150291,0.48096774104971846,0.6366643298087119,0.3247512768821289,0.48096774104971846,10,0.9286520420140345,mild
50,cumulative_infected,0.3910262936260551,0.5101782561453547,0.4737208830192685,0.17572840851882793,0.40977909629873466,0.5786761357958312,0.3299720548413461,0.6941637277719561,0.16889703949709656,0.36419167293061,0.0,1.0,0.1191519625192996,0.08269458939321339,0.08269458939321339,0.006838395114912161,0.3062150045150291,0.48096774104971846,0.6366643298087119,0.3247512768821289,0.48096774104971846,10,0.9286520420140345,mild
50,early_growth_slope,-0.002217074825672342,-0.00034164504386007097,-0.0002552233470071626,0.00249017560485381,-0.0021416624485503946,0.0010221392942531523,-0.00490850465444271,0.004000844126165333,0.003163801742803547,0.008909348780608044,0.0,1.0,0.001875429781812271,0.0019618514786651792,0.0019618514786651792,3.84886122434075e-06,0.3062150045150291,0.48096774104971846,0.6366643298087119,0.3247512768821289,0.48096774104971846,10,0.9286520420140345,mild
50,post_peak_decline_slope,-0.002930940509152918,-0.004638366802674898,-0.0029633142131691194,0.00746776442907283,-0.004250384676076163,-0.002092928169960434,-0.01599819357506929,0.0,0.002157456506115729,0.01599819357506929,1.0,1.0,-0.0017074262935219795,-3.2373704016201276e-05,3.2373704016201276e-05,1.0480567117286067e-09,0.3062150045150291,0.48096774104971846,0.6366643298087119,0.3247512768821289,0.48096774104971846,10,0.9286520420140345,mild
50,late_phase_auc,0.08458371134474874,0.23511317427955875,0.2122840093798004,0.11330648820766223,0.17495646211318672,0.26097012498939876,0.1342664152587531,0.3609673297207337,0.08601366287621204,0.2267009144619806,0.0,0.0,0.15052946293481,0.12770029803505167,0.12770029803505167,0.01630736611824102,0.3062150045150291,0.48096774104971846,0.6366643298087119,0.3247512768821289,0.48096774104971846,10,0.9286520420140345,mild
50,time_to_half_peak_after_peak,1.0,1.19,1.0,0.4860685407045248,1.0,1.0,1.0,2.0,0.0,1.0,1.0,1.0,0.18999999999999995,0.0,0.0,0.0,0.3062150045150291,0.48096774104971846,0.6366643298087119,0.3247512768821289,0.48096774104971846,10,0.9286520420140345,mild
50,late_to_early_mean_ratio,0.26257271846678015,0.9379974380054766,0.8321285805694418,0.4047028049425256,0.6757549022472386,1.1730108132256074,0.4683419640077972,1.5746104372841712,0.49725591097836885,1.106268473276374,0.0,0.0,0.6754247195386964,0.5695558621026617,0.5695558621026617,0.32439388005550623,0.3062150045150291,0.48096774104971846,0.6366643298087119,0.3247512768821289,0.48096774104971846,10,0.9286520420140345,mild
51,peak_time,16.0,21.03,20.5,9.046965002561674,15.75,25.0,5.95,38.0,9.25,32.05,1.0,1.0,5.030000000000001,4.5,4.5,20.25,0.3395721089136821,0.26378591351412295,1.2873019047527783,0.3523744208519941,0.26378591351412295,30,0.9091711033723889,mild
51,peak_height,0.07195726782083511,0.07499708335846662,0.07233627513051033,0.019058054150436828,0.06032456457614899,0.08607524447143078,0.05209764484316111,0.1073778349906206,0.02575067989528179,0.055280190147459496,1.0,1.0,0.00303981553763151,0.0003790073096752167,0.0003790073096752167,1.436465407872456e-07,0.3395721089136821,0.26378591351412295,1.2873019047527783,0.3523744208519941,0.26378591351412295,30,0.9091711033723889,mild
51,cumulative_infected,1.4670158905209973,1.2558811696474095,1.2151752429163025,0.40593177974554856,1.0022050361949368,1.4449965383391827,0.7308605180267478,2.105186544012395,0.4427915021442459,1.3743260259856471,0.0,1.0,-0.21113472087358787,-0.2518406476046948,0.2518406476046948,0.06342371178595207,0.3395721089136821,0.26378591351412295,1.2873019047527783,0.3523744208519941,0.26378591351412295,30,0.9091711033723889,mild
51,early_growth_slope,0.0009803908511198005,0.0015212424926912289,0.0015777112941058086,0.0026383492429583773,-0.00013217265205596216,0.0031868315879061498,-0.003213268916685287,0.005744326792704494,0.0033190042399621118,0.008957595709389782,1.0,1.0,0.0005408516415714283,0.000597320442986008,0.000597320442986008,3.567917116090009e-07,0.3395721089136821,0.26378591351412295,1.2873019047527783,0.3523744208519941,0.26378591351412295,30,0.9091711033723889,mild
51,post_peak_decline_slope,-0.006357862226044133,-0.0032038464782249555,-0.0027366873070908196,0.002367200982314226,-0.005021240899804977,-0.0014938438139368076,-0.00742541444643091,1.6460816065442296e-07,0.003527397085868169,0.007425579054591564,0.0,1.0,0.0031540157478191773,0.003621174918953313,0.003621174918953313,1.3112907793656534e-05,0.3395721089136821,0.26378591351412295,1.2873019047527783,0.3523744208519941,0.26378591351412295,30,0.9091711033723889,mild
51,late_phase_auc,0.7022446643095464,0.5190666317782324,0.4946260379715568,0.1972752478908519,0.39979570847935975,0.6027631704928353,0.2856856263242662,0.8241884819435652,0.2029674620134756,0.538502855619299,0.0,1.0,-0.18317803253131393,-0.20761862633798955,0.20761862633798955,0.04310549400247373,0.3395721089136821,0.26378591351412295,1.2873019047527783,0.3523744208519941,0.26378591351412295,30,0.9091711033723889,mild
51,time_to_half_peak_after_peak,4.0,2.0,1.0,1.8422647458873531,1.0,2.0,1.0,4.0,1.0,3.0,0.0,1.0,-2.0,-3.0,3.0,9.0,0.3395721089136821,0.26378591351412295,1.2873019047527783,0.3523744208519941,0.26378591351412295,30,0.9091711033723889,mild
51,late_to_early_mean_ratio,0.97543503592481,0.7948653292809431,0.7575833658194548,0.26973944710283915,0.6004664664856743,0.9684772750171913,0.43183449659009,1.2618231012959116,0.368010808531517,0.8299886047058216,0.0,1.0,-0.18056970664386685,-0.2178516701053551,0.2178516701053551,0.047459350167692475,0.3395721089136821,0.26378591351412295,1.2873019047527783,0.3523744208519941,0.26378591351412295,30,0.9091711033723889,mild
52,peak_time,22.0,31.66,31.5,3.8011694107062484,29.0,34.0,25.95,38.05,5.0,12.099999999999998,0.0,0.0,9.66,9.5,9.5,90.25,0.27360433695300357,0.14747527762946946,1.8552556153881765,0.28037533648713875,0.14747527762946946,20,0.9597503854477718,mild
52,peak_height,0.15217524766921997,0.1696231746673584,0.1680915355682373,0.022904464091496973,0.15091975405812263,0.18839778378605843,0.1341512307524681,0.20681107118725775,0.03747802972793579,0.07265984043478965,1.0,1.0,0.017447926998138436,0.015916287899017334,0.015916287899017334,0.0002533282204844056,0.27360433695300357,0.14747527762946946,1.8552556153881765,0.28037533648713875,0.14747527762946946,20,0.9597503854477718,mild
52,cumulative_infected,3.929367761564208,4.2026550043580935,4.187127678422257,0.5684441683873647,3.827982123300899,4.499416933496832,3.305413732858142,5.276231590192765,0.6714348101959331,1.9708178573346231,1.0,1.0,0.2732872427938853,0.2577599168580491,0.2577599168580491,0.0664401747386684,0.27360433695300357,0.14747527762946946,1.8552556153881765,0.28037533648713875,0.14747527762946946,20,0.9597503854477718,mild
52,early_growth_slope,0.003502567852376072,0.0019150034597398536,0.002209957668951358,0.0026654571709707454,-3.1245589655424995e-05,0.0033911268747899505,-0.0023708990409172,0.0061918661330959595,0.0034223724644453753,0.00856276517401316,0.0,1.0,-0.0015875643926362183,-0.0012926101834247138,0.0012926101834247138,1.6708410862932724e-06,0.27360433695300357,0.14747527762946946,1.8552556153881765,0.28037533648713875,0.14747527762946946,20,0.9597503854477718,mild
52,post_peak_decline_slope,1.3723224401466954e-05,-0.005047087483950671,-0.004555984027683736,0.003085442611820313,-0.00722968767707546,-0.0026225820183753868,-0.011000951882451768,-0.001166934954623386,0.004607105658700074,0.009834016927828381,0.0,0.0,-0.005060810708352138,-0.0045697072520852035,0.0045697072520852035,2.08822243697601e-05,0.27360433695300357,0.14747527762946946,1.8552556153881765,0.28037533648713875,0.14747527762946946,20,0.9597503854477718,mild
52,late_phase_auc,2.581114638596773,2.8314117762469686,2.7908225636929274,0.37790738897116477,2.6143395085819066,3.0538406912237406,2.163190569821745,3.4170406501740214,0.439501182641834,1.2538500803522763,0.0,1.0,0.25029713765019546,0.2097079250961542,0.2097079250961542,0.04397741384813422,0.27360433695300357,0.14747527762946946,1.8552556153881765,0.28037533648713875,0.14747527762946946,20,0.9597503854477718,mild
52,time_to_half_peak_after_peak,21.0,11.66,12.0,4.517575107121613,8.0,15.0,4.0,18.049999999999997,7.0,14.049999999999997,0.0,0.0,-9.34,-9.0,9.0,81.0,0.27360433695300357,0.14747527762946946,1.8552556153881765,0.28037533648713875,0.14747527762946946,20,0.9597503854477718,mild
52,late_to_early_mean_ratio,2.1088859266749447,2.2540901306134558,2.2230525073261687,0.27762247089953596,2.0316633111854765,2.4338273827396204,1.8361825866142354,2.7606171850907604,0.4021640715541439,0.924434598476525,1.0,1.0,0.14520420393851108,0.11416658065122398,0.11416658065122398,0.01303400813759243,0.27360433695300357,0.14747527762946946,1.8552556153881765,0.28037533648713875,0.14747527762946946,20,0.9597503854477718,mild
53,peak_time,44.0,43.87,44.5,3.9277695626619624,41.0,47.0,36.95,49.0,6.0,12.049999999999997,1.0,1.0,-0.13000000000000256,0.5,0.5,0.25,0.17945935916010541,0.05764742881120199,3.1130505360064396,0.19032101172285026,0.05764742881120199,23,0.8943144993271618,mild
53,peak_height,0.33603501319885254,0.32436711244285105,0.3398980647325516,0.06426515597314136,0.2976614609360695,0.3713482841849327,0.1866932600736618,0.3906027004122734,0.07368682324886322,0.2039094403386116,1.0,1.0,-0.011667900756001492,0.0038630515336990356,0.0038630515336990356,1.4923167152014472e-05,0.17945935916010541,0.05764742881120199,3.1130505360064396,0.19032101172285026,0.05764742881120199,23,0.8943144993271618,mild
53,cumulative_infected,8.024736106584896,7.318368969613657,7.331010139780119,1.778103962701227,6.401004817831563,8.703379764512647,3.985201276699081,9.487312324019149,2.302374946681084,5.502111047320067,1.0,1.0,-0.706367136971239,-0.6937259668047773,0.6937259668047773,0.48125571701922293,0.17945935916010541,0.05764742881120199,3.1130505360064396,0.19032101172285026,0.05764742881120199,23,0.8943144993271618,mild
53,early_growth_slope,0.005545057729510257,0.0010389547290261755,0.0010758888771912713,0.0022682441780043617,-0.0007506927746968962,0.0025538812528143997,-0.0021997736227820567,0.004529039302308645,0.003304574027511296,0.006728812925090701,0.0,0.0,-0.0045061030004840815,-0.004469168852318985,0.004469168852318985,1.9973470230538196e-05,0.17945935916010541,0.05764742881120199,3.1130505360064396,0.19032101172285026,0.05764742881120199,23,0.8943144993271618,mild
53,post_peak_decline_slope,-0.013031813502311746,-0.009576182650136086,-0.006013410822266618,0.013139235687982288,-0.009862050414085409,-0.0029475116836173245,-0.03855075836181622,0.0,0.006914538730468085,0.03855075836181622,0.0,1.0,0.0034556308521756594,0.007018402680045128,0.007018402680045128,4.925797617926463e-05,0.17945935916010541,0.05764742881120199,3.1130505360064396,0.19032101172285026,0.05764742881120199,23,0.8943144993271618,mild
53,late_phase_auc,6.514307141304016,5.950160376271233,6.0865100380033255,1.4357464655596186,5.154059324413538,6.957883693277836,3.089225385244936,7.773206771165133,1.8038243688642979,4.683981385920196,1.0,1.0,-0.5641467650327829,-0.42779710330069065,0.42779710330069065,0.18301036159246178,0.17945935916010541,0.05764742881120199,3.1130505360064396,0.19032101172285026,0.05764742881120199,23,0.8943144993271618,mild
53,time_to_half_peak_after_peak,5.0,5.1,4.5,3.9093258092448986,2.0,8.0,0.0,12.049999999999997,6.0,12.049999999999997,1.0,1.0,0.09999999999999964,-0.5,0.5,0.25,0.17945935916010541,0.05764742881120199,3.1130505360064396,0.19032101172285026,0.05764742881120199,23,0.8943144993271618,mild
53,late_to_early_mean_ratio,4.72891816753818,4.77384533149855,4.745513341461537,0.6679373726566092,4.430821471468991,5.193219986650148,3.6895201867049447,5.83728233336049,0.7623985151811574,2.1477621466555457,1.0,1.0,0.04492716396037011,0.016595173923357187,0.016595173923357187,0.00027539979754647435,0.17945935916010541,0.05764742881120199,3.1130505360064396,0.19032101172285026,0.05764742881120199,23,0.8943144993271618,mild
54,peak_time,17.0,17.05,17.0,1.2900160518929267,16.0,18.0,15.0,19.0,2.0,4.0,1.0,1.0,0.05000000000000071,0.0,0.0,0.0,0.44642988403017825,0.07177988812874839,6.219428528913793,0.4649651272529849,0.07177988812874839,22,0.928814771964294,mild
54,peak_height,0.5849031209945679,0.561429523229599,0.5594262778759003,0.023662140481522966,0.5442550480365753,0.578730970621109,0.52691171169281,0.60365452170372,0.03447592258453369,0.07674281001090999,0.0,1.0,-0.023473597764968823,-0.025476843118667603,0.025476843118667603,0.0006490695352932008,0.44642988403017825,0.07177988812874839,6.219428528913793,0.4649651272529849,0.07177988812874839,22,0.928814771964294,mild
54,cumulative_infected,12.878846352919936,12.78298524984948,12.770884563418804,0.6384426393626998,12.323959869099781,13.170703378971666,11.69830795102025,13.778344919206575,0.8467435098718852,2.0800369681863238,1.0,1.0,-0.09586110307045637,-0.10796178950113244,0.10796178950113244,0.011655747992286832,0.44642988403017825,0.07177988812874839,6.219428528913793,0.4649651272529849,0.07177988812874839,22,0.928814771964294,mild
54,early_growth_slope,0.011879373275275742,0.014747521337697736,0.01484413797290818,0.003051832061769025,0.012778502101788207,0.01640360802758507,0.009750645863269233,0.019579530922402177,0.0036251059257968628,0.009828885059132944,0.0,1.0,0.002868148062421994,0.002964764697632438,0.002964764697632438,8.78982971232756e-06,0.44642988403017825,0.07177988812874839,6.219428528913793,0.4649651272529849,0.07177988812874839,22,0.928814771964294,mild
54,post_peak_decline_slope,-0.022155611713727312,-0.01899997842808564,-0.019604208817084617,0.004996845877630562,-0.022697083403666832,-0.01579761343697708,-0.026490040645003304,-0.010994211683670636,0.006899469966689751,0.015495828961332668,1.0,1.0,0.0031556332856416715,0.0025514028966426953,0.0025514028966426953,6.509656740996737e-06,0.44642988403017825,0.07177988812874839,6.219428528913793,0.4649651272529849,0.07177988812874839,22,0.928814771964294,mild
54,late_phase_auc,4.6374553963541985,4.846750875078142,4.881012760102749,0.39668250433608165,4.566577695775777,5.137253867462277,4.052618155721575,5.437676479108632,0.5706761716865003,1.3850583233870566,1.0,1.0,0.20929547872394316,0.24355736374855042,0.24355736374855042,0.0593201894361437,0.44642988403017825,0.07177988812874839,6.219428528913793,0.4649651272529849,0.07177988812874839,22,0.928814771964294,mild
54,time_to_half_peak_after_peak,12.0,13.92,14.0,1.5678589918043708,13.0,15.0,11.0,16.049999999999997,2.0,5.049999999999997,0.0,1.0,1.92,2.0,2.0,4.0,0.44642988403017825,0.07177988812874839,6.219428528913793,0.4649651272529849,0.07177988812874839,22,0.928814771964294,mild
54,late_to_early_mean_ratio,0.6025386158490288,0.6575204493504966,0.66715000132583,0.0515798465344224,0.6269642856610241,0.6920086835351014,0.5665186927337924,0.731963684787399,0.06504439787407723,0.16544499205360663,0.0,1.0,0.05498183350146779,0.06461138547680123,0.06461138547680123,0.004174631133231801,0.44642988403017825,0.07177988812874839,6.219428528913793,0.4649651272529849,0.07177988812874839,22,0.928814771964294,mild
55,peak_time,9.0,9.82,10.0,0.8805416147766868,9.0,10.25,9.0,11.0,1.25,2.0,1.0,1.0,0.8200000000000003,1.0,1.0,1.0,0.817001690930211,0.24275466082359726,3.365544818617931,0.8328253331275154,0.24275466082359726,25,0.962000093974371,mild
55,peak_height,0.3618850111961365,0.34294029951095584,0.34218834340572357,0.025632333622959892,0.3232604116201401,0.3616836220026016,0.30249551981687545,0.38389618396759034,0.03842321038246155,0.0814006641507149,0.0,1.0,-0.018944711685180637,-0.019696667790412903,0.019696667790412903,0.0003879587220458891,0.817001690930211,0.24275466082359726,3.365544818617931,0.8328253331275154,0.24275466082359726,25,0.962000093974371,mild
55,cumulative_infected,4.098146469797939,3.943291788056513,3.9603472891030833,0.21889315271029827,3.7920309201363125,4.068068351683905,3.5898457845454685,4.295413641323103,0.27603743154759286,0.7055678567776345,0.0,1.0,-0.15485468174142625,-0.13779918069485575,0.13779918069485575,0.018988614200173507,0.817001690930211,0.24275466082359726,3.365544818617931,0.8328253331275154,0.24275466082359726,25,0.962000093974371,mild
55,early_growth_slope,0.036417483485170765,0.03336202859848569,0.03294556506582358,0.005762197559092004,0.030174861978074265,0.036475245382115676,0.02396227559573682,0.04272962937996323,0.006300383404041411,0.018767353784226413,1.0,1.0,-0.0030554548866850717,-0.0034719184193471864,0.0034719184193471864,1.2054217510602266e-05,0.817001690930211,0.24275466082359726,3.365544818617931,0.8328253331275154,0.24275466082359726,25,0.962000093974371,mild
55,post_peak_decline_slope,-0.027335846672455515,-0.02976901916662854,-0.030287231132388147,0.00422765434309787,-0.03236667638023695,-0.028128003887832195,-0.03631563913077117,-0.021755604557693042,0.004238672492404755,0.014560034573078126,0.0,1.0,-0.0024331724941730262,-0.0029513844599326315,0.0029513844599326315,8.71067023033183e-06,0.817001690930211,0.24275466082359726,3.365544818617931,0.8328253331275154,0.24275466082359726,25,0.962000093974371,mild
55,late_phase_auc,0.24451208813115954,0.25824265697358895,0.2509437503758818,0.0641968795979095,0.20885136409197003,0.3036678778589703,0.1718087574990932,0.3686848598284996,0.09481651376700029,0.1968761023294064,1.0,1.0,0.013730568842429403,0.006431662244722247,0.006431662244722247,4.1366279230185615e-05,0.817001690930211,0.24275466082359726,3.365544818617931,0.8328253331275154,0.24275466082359726,25,0.962000093974371,mild
55,time_to_half_peak_after_peak,8.0,5.97,6.0,1.067944310582275,5.0,7.0,4.0,8.0,2.0,4.0,0.0,1.0,-2.0300000000000002,-2.0,2.0,4.0,0.817001690930211,0.24275466082359726,3.365544818617931,0.8328253331275154,0.24275466082359726,25,0.962000093974371,mild
55,late_to_early_mean_ratio,0.06803444687724457,0.07458962245797263,0.07267540971869788,0.018928126592762017,0.06239103495266499,0.0856895362658105,0.048679962882900094,0.11069211604649715,0.02329850131314551,0.06201215316359705,1.0,1.0,0.006555175580728059,0.004640962841453308,0.004640962841453308,2.1538536095750365e-05,0.817001690930211,0.24275466082359726,3.365544818617931,0.8328253331275154,0.24275466082359726,25,0.962000093974371,mild
56,peak_time,26.0,20.31,20.5,13.603100508132087,8.0,31.0,0.0,44.05,23.0,44.05,1.0,1.0,-5.690000000000001,-5.5,5.5,30.25,0.38388055920433006,0.36524074568062576,1.0510343211816882,0.3929383450482381,0.36524074568062576,25,0.9538971649977496,mild
56,peak_height,0.05447451025247574,0.05164156660437584,0.04797252081334591,0.012755069348713939,0.04204478859901428,0.059461385011672974,0.03569813277572394,0.07281908504664897,0.01741659641265869,0.03712095227092503,1.0,1.0,-0.0028329436480998976,-0.006501989439129829,0.006501989439129829,4.2275866666555834e-05,0.38388055920433006,0.36524074568062576,1.0510343211816882,0.3929383450482381,0.36524074568062576,25,0.9538971649977496,mild
56,cumulative_infected,0.6407594671472907,0.5619745029621208,0.5192441178842273,0.22637269937112947,0.4179590821986494,0.6492807818140136,0.32568958183983343,0.8361884649457801,0.2313216996153642,0.5104988831059467,1.0,1.0,-0.07878496418516989,-0.1215153492630634,0.1215153492630634,0.014765980106524282,0.38388055920433006,0.36524074568062576,1.0510343211816882,0.3929383450482381,0.36524074568062576,25,0.9538971649977496,mild
56,early_growth_slope,0.000757522792333649,8.572988832427363e-05,-0.00010853648252252952,0.0023422757684761486,-0.001161198533650132,0.0015013636134210083,-0.0033896433588649533,0.003611431642812455,0.0026625621470711403,0.007001075001677409,1.0,1.0,-0.0006717929040093754,-0.0008660592748561786,0.0008660592748561786,7.500586675644098e-07,0.38388055920433006,0.36524074568062576,1.0510343211816882,0.3929383450482381,0.36524074568062576,25,0.9538971649977496,mild
56,post_peak_decline_slope,-0.002542133318881195,-0.0033689376174657988,-0.0029124306417846425,0.00294136798091788,-0.004094261224963704,-0.0018366511135051655,-0.006596494724397506,-0.0003994100222674506,0.0022576101114585388,0.006197084702130056,1.0,1.0,-0.0008268042985846037,-0.00037029732290344737,0.00037029732290344737,1.3712010734945998e-07,0.38388055920433006,0.36524074568062576,1.0510343211816882,0.3929383450482381,0.36524074568062576,25,0.9538971649977496,mild
56,late_phase_auc,0.35303238313645124,0.2550699336809703,0.23106519374414347,0.14075109892610774,0.1878289056403446,0.29003571716020815,0.11016875763307325,0.47404242071788755,0.10220681151986355,0.3638736630848143,0.0,1.0,-0.09796244945548094,-0.12196718939230777,0.12196718939230777,0.014875995288259074,0.38388055920433006,0.36524074568062576,1.0510343211816882,0.3929383450482381,0.36524074568062576,25,0.9538971649977496,mild
56,time_to_half_peak_after_peak,1.0,1.24,1.0,0.6215003027051768,1.0,1.0,1.0,2.0,0.0,1.0,1.0,1.0,0.24,0.0,0.0,0.0,0.38388055920433006,0.36524074568062576,1.0510343211816882,0.3929383450482381,0.36524074568062576,25,0.9538971649977496,mild
56,late_to_early_mean_ratio,1.298242423981608,0.8859411215853492,0.825528007679194,0.33252066978789335,0.6660508504223821,1.1095527295152123,0.4203752721393126,1.3972937687407523,0.44350187909283023,0.9769184966014397,0.0,1.0,-0.41230130239625873,-0.47271441630241395,0.47271441630241395,0.22345891938013193,0.38388055920433006,0.36524074568062576,1.0510343211816882,0.3929383450482381,0.36524074568062576,25,0.9538971649977496,mild
57,peak_time,20.0,20.43,20.0,1.718908509678879,19.0,22.0,18.0,23.0,3.0,5.0,1.0,1.0,0.4299999999999997,0.0,0.0,0.0,0.3868788984392593,0.06903863817893392,5.603802575545435,0.38729714209150956,0.06903863817893392,21,0.9981380969109015,mild
57,peak_height,0.5362367630004883,0.5305980253219604,0.53311488032341,0.028954485746980844,0.5122753530740738,0.5471561998128891,0.4734069868922234,0.5771708846092224,0.03488084673881531,0.10376389771699901,1.0,1.0,-0.00563873767852785,-0.003121882677078247,0.003121882677078247,9.746151449441243e-06,0.3868788984392593,0.06903863817893392,5.603802575545435,0.38729714209150956,0.06903863817893392,21,0.9981380969109015,mild
57,cumulative_infected,12.97952435654588,12.890731395512367,12.884331591776572,0.7119017546073408,12.510770541033708,13.360636880184757,11.489463324192911,13.99528736189095,0.849866339151049,2.505824037698039,1.0,1.0,-0.08879296103351386,-0.09519276476930827,0.09519276476930827,0.009061662464424858,0.3868788984392593,0.06903863817893392,5.603802575545435,0.38729714209150956,0.06903863817893392,21,0.9981380969109015,mild
57,early_growth_slope,0.011989577099614374,0.009301932324480969,0.009536686708175,0.003032226468329824,0.0074155433505352225,0.011489587076842627,0.004573729966345819,0.013735322214363672,0.004074043726307404,0.009161592248017852,0.0,1.0,-0.002687644775133405,-0.002452890391439373,0.002452890391439373,6.016671272415601e-06,0.3868788984392593,0.06903863817893392,5.603802575545435,0.38729714209150956,0.06903863817893392,21,0.9981380969109015,mild
57,post_peak_decline_slope,-0.016643517216046642,-0.016611800258358313,-0.016904929776986433,0.00470488555465524,-0.01957483552396299,-0.013761855040987328,-0.02351095664004485,-0.008299961487452198,0.005812980482975662,0.015210995152592652,1.0,1.0,3.171695768832902e-05,-0.0002614125609397902,0.0002614125609397902,6.833652701709953e-08,0.3868788984392593,0.06903863817893392,5.603802575545435,0.38729714209150956,0.06903863817893392,21,0.9981380969109015,mild
57,late_phase_auc,5.867246061563492,6.0140086518321185,6.063879273831844,0.45295104540918846,5.785981628112495,6.335217980667949,5.049657384864986,6.6063613798469305,0.5492363525554538,1.5567039949819446,1.0,1.0,0.1467625902686267,0.1966332122683525,0.1966332122683525,0.038664620166970975,0.3868788984392593,0.06903863817893392,5.603802575545435,0.38729714209150956,0.06903863817893392,21,0.9981380969109015,mild
57,time_to_half_peak_after_peak,15.0,14.68,15.0,1.8956622466925253,14.0,16.0,11.95,18.0,2.0,6.050000000000001,1.0,1.0,-0.3200000000000003,0.0,0.0,0.0,0.3868788984392593,0.06903863817893392,5.603802575545435,0.38729714209150956,0.06903863817893392,21,0.9981380969109015,mild
57,late_to_early_mean_ratio,0.8926246050310239,0.9498202080851051,0.9441008211202665,0.0912974703354784,0.8885659218761289,1.0036207609005117,0.7986772645639374,1.109660082391086,0.11505483902438274,0.31098281782714865,1.0,1.0,0.05719560305408122,0.05147621608924258,0.05147621608924258,0.0026498008228663964,0.3868788984392593,0.06903863817893392,5.603802575545435,0.38729714209150956,0.06903863817893392,21,0.9981380969109015,mild
58,peak_time,29.0,21.08,19.0,15.596995307630975,7.0,36.0,1.0,46.0,29.0,45.0,1.0,1.0,-7.920000000000002,-10.0,10.0,100.0,0.19521181412637426,0.48252369273529055,0.40456420496115664,0.2011855363965291,0.48252369273529055,18,0.9536053077457807,mild
58,peak_height,0.0595533587038517,0.05009095074608922,0.04883577674627304,0.011312506212096922,0.04090533498674631,0.059293944388628006,0.03339951802045107,0.06891510896384716,0.018388609401881695,0.03551559094339609,0.0,1.0,-0.00946240795776248,-0.010717581957578659,0.010717581957578659,0.0001148665630174156,0.19521181412637426,0.48252369273529055,0.40456420496115664,0.2011855363965291,0.48252369273529055,18,0.9536053077457807,mild
58,cumulative_infected,0.5563456756062806,0.561494272086602,0.5183596812421456,0.21009588011110147,0.4017382590463967,0.6448605335172033,0.32923659541702366,0.974022052496002,0.2431222744708066,0.6447854570789784,1.0,1.0,0.005148596480321399,-0.03798599436413497,0.03798599436413497,0.0014429357678320935,0.19521181412637426,0.48252369273529055,0.40456420496115664,0.2011855363965291,0.48252369273529055,18,0.9536053077457807,mild
58,early_growth_slope,-0.0007792757325140487,-0.00012281568306900064,-0.00018126792911927857,0.002073245752879947,-0.001506684591558517,0.001134147630918527,-0.0032019882275129735,0.003116999388467297,0.002640832222477044,0.00631898761598027,1.0,1.0,0.0006564600494450481,0.0005980078033947702,0.0005980078033947702,3.5761333292103816e-07,0.19521181412637426,0.48252369273529055,0.40456420496115664,0.2011855363965291,0.48252369273529055,18,0.9536053077457807,mild
58,post_peak_decline_slope,-0.003926331332574294,-0.004052683445606646,-0.0032373914320487553,0.004340743656326444,-0.004413436018027523,-0.002069812696815161,-0.011820960838813347,-0.0007712595148283708,0.002343623321212362,0.011049701323984976,1.0,1.0,-0.00012635211303235142,0.0006889399005255391,0.0006889399005255391,4.7463818653613967e-07,0.19521181412637426,0.48252369273529055,0.40456420496115664,0.2011855363965291,0.48252369273529055,18,0.9536053077457807,mild
58,late_phase_auc,0.26015528896823525,0.2502108336577294,0.22502439038362354,0.1113721927741712,0.1703620750340633,0.29859966202639043,0.11357641693175538,0.4953685776446946,0.12823758699232712,0.3817921607129392,1.0,1.0,-0.009944455310505862,-0.035130898584611714,0.035130898584611714,0.0012341800353622733,0.19521181412637426,0.48252369273529055,0.40456420496115664,0.2011855363965291,0.48252369273529055,18,0.9536053077457807,mild
58,time_to_half_peak_after_peak,1.0,1.26,1.0,0.5245488682206026,1.0,1.0,1.0,2.0,0.0,1.0,1.0,1.0,0.26,0.0,0.0,0.0,0.19521181412637426,0.48252369273529055,0.40456420496115664,0.2011855363965291,0.48252369273529055,18,0.9536053077457807,mild
58,late_to_early_mean_ratio,0.9180931356810407,0.9025357976409617,0.8157835046704726,0.41335760596573884,0.6248805865483064,1.1319565771653632,0.4048398291892199,1.5649501325580393,0.5070759906170569,1.1601103033688194,1.0,1.0,-0.015557338040078972,-0.10230963101056811,0.10230963101056811,0.010467260597518601,0.19521181412637426,0.48252369273529055,0.40456420496115664,0.2011855363965291,0.48252369273529055,18,0.9536053077457807,mild
59,peak_time,26.0,27.51,27.0,2.0424534662058185,26.0,29.0,25.0,31.049999999999997,3.0,6.049999999999997,1.0,1.0,1.5100000000000016,1.0,1.0,1.0,0.28730469820497817,0.08747943527080108,3.2842541485961654,0.289698322354362,0.08747943527080108,24,0.9841106316157084,mild
59,peak_height,0.35780036449432373,0.3754669505357742,0.37528714537620544,0.03393396813936778,0.3533077910542488,0.3959863632917404,0.3219292268157005,0.4348302632570267,0.04267857223749161,0.11290103644132615,1.0,1.0,0.017666586041450494,0.017486780881881714,0.017486780881881714,0.0003057875056109438,0.28730469820497817,0.08747943527080108,3.2842541485961654,0.289698322354362,0.08747943527080108,24,0.9841106316157084,mild
59,cumulative_infected,9.526349197141826,9.619111385247288,9.584131143754348,0.8893629102790813,8.930308090755716,10.270586674923834,8.143242844310588,11.035107317386428,1.340278584168118,2.89186447307584,1.0,1.0,0.09276218810546233,0.057781946612522006,0.057781946612522006,0.0033387533543323433,0.28730469820497817,0.08747943527080108,3.2842541485961654,0.289698322354362,0.08747943527080108,24,0.9841106316157084,mild
59,early_growth_slope,0.0018620252542729896,0.0036081662207949365,0.0034650534895869596,0.0028328848237211155,0.0017590910318263239,0.005994415415140489,-0.0008966388469118443,0.007830805554979068,0.0042353243833141655,0.008727444401890912,1.0,1.0,0.0017461409665219469,0.00160302823531397,0.00160302823531397,2.5696995232138206e-06,0.28730469820497817,0.08747943527080108,3.2842541485961654,0.289698322354362,0.08747943527080108,24,0.9841106316157084,mild
59,post_peak_decline_slope,-0.005469576517740892,-0.010063296819726624,-0.010288021092613526,0.003829578132277735,-0.012331160033742555,-0.007644493753711396,-0.016996042703588794,-0.00367209553718568,0.004686666280031159,0.013323947166403114,0.0,1.0,-0.004593720301985732,-0.004818444574872634,0.004818444574872634,2.3217408121119515e-05,0.28730469820497817,0.08747943527080108,3.2842541485961654,0.289698322354362,0.08747943527080108,24,0.9841106316157084,mild
59,late_phase_auc,5.964499413967133,6.104136638194323,6.101862663403153,0.5471342440603735,5.73611746262759,6.448623416945338,5.109109883010388,7.014377548545599,0.7125059543177485,1.9052676655352112,1.0,1.0,0.13963722422719016,0.13736324943602085,0.13736324943602085,0.018868662295622483,0.28730469820497817,0.08747943527080108,3.2842541485961654,0.289698322354362,0.08747943527080108,24,0.9841106316157084,mild
59,time_to_half_peak_after_peak,18.0,15.04,15.0,2.420117703123073,13.0,17.0,11.95,19.0,4.0,7.050000000000001,0.0,1.0,-2.960000000000001,-3.0,3.0,9.0,0.28730469820497817,0.08747943527080108,3.2842541485961654,0.289698322354362,0.08747943527080108,24,0.9841106316157084,mild
59,late_to_early_mean_ratio,1.8194010606405773,1.9166744451490856,1.9151334237635822,0.22843371860103476,1.7438632322585075,2.0557929188028545,1.5854488785932248,2.4183280166781547,0.31192968654434705,0.8328791380849299,1.0,1.0,0.09727338450850831,0.09573236312300493,0.09573236312300493,0.009164685349114873,0.28730469820497817,0.08747943527080108,3.2842541485961654,0.289698322354362,0.08747943527080108,24,0.9841106316157084,mild
60,peak_time,12.0,10.68,11.0,1.324821314423766,10.0,11.25,9.0,13.0,1.25,4.0,0.0,1.0,-1.3200000000000003,-1.0,1.0,1.0,0.7626794277957274,0.39527599222973603,1.929485834678406,0.7775393660192726,0.39527599222973603,26,0.9601843893886928,mild
60,peak_height,0.14946602284908295,0.16816834077239037,0.16860981285572052,0.015489348462762446,0.15891531482338905,0.17817509919404984,0.1423267126083374,0.19445915818214415,0.019259784370660782,0.05213244557380675,0.0,1.0,0.018702317923307427,0.019143790006637573,0.019143790006637573,0.0003664846958182366,0.7626794277957274,0.39527599222973603,1.929485834678406,0.7775393660192726,0.39527599222973603,26,0.9601843893886928,mild
60,cumulative_infected,1.9886838470847579,2.012980608492526,2.004719062242657,0.15976042293483111,1.8866294820036273,2.1232711218035547,1.8078769287054457,2.2482564409147012,0.23664163979992736,0.44037951220925553,1.0,1.0,0.02429676140776804,0.016035215157899074,0.016035215157899074,0.00025712812516011623,0.7626794277957274,0.39527599222973603,1.929485834678406,0.7775393660192726,0.39527599222973603,26,0.9601843893886928,mild
60,early_growth_slope,0.01616128995305015,0.012764967966658807,0.012508247169621643,0.003045194644336138,0.010676123684139123,0.01494636019647476,0.007683095334124074,0.017308148443477136,0.004270236512335638,0.009625053109353063,0.0,1.0,-0.0033963219863913444,-0.0036530427834285083,0.0036530427834285083,1.3344721577559104e-05,0.7626794277957274,0.39527599222973603,1.929485834678406,0.7775393660192726,0.39527599222973603,26,0.9601843893886928,mild
60,post_peak_decline_slope,-0.017446614351744473,-0.013919965780340144,-0.01413126929352682,0.0026916925866282654,-0.015802058763802064,-0.01192311005045971,-0.018051266976787397,-0.00949348852659265,0.003878948713342354,0.008557778450194748,0.0,1.0,0.0035266485714043286,0.0033153450582176537,0.0033153450582176537,1.0991512855048218e-05,0.7626794277957274,0.39527599222973603,1.929485834678406,0.7775393660192726,0.39527599222973603,26,0.9601843893886928,mild
60,late_phase_auc,0.18993566145945806,0.21819972640661944,0.2207985507848207,0.057658252029803334,0.1805467287049396,0.2518300387891941,0.1286064634052309,0.3145891138439765,0.07128331008425448,0.18598265043874557,1.0,1.0,0.028264064947161383,0.03086288932536263,0.03086288932536263,0.0009525179375095826,0.7626794277957274,0.39527599222973603,1.929485834678406,0.7775393660192726,0.39527599222973603,26,0.9601843893886928,mild
60,time_to_half_peak_after_peak,5.0,5.22,5.0,1.4946368769501819,4.0,6.0,3.0,8.0,2.0,5.0,1.0,1.0,0.21999999999999975,0.0,0.0,0.0,0.7626794277957274,0.39527599222973603,1.929485834678406,0.7775393660192726,0.39527599222973603,26,0.9601843893886928,mild
60,late_to_early_mean_ratio,0.10883817864445736,0.12829148950096686,0.1228460800403997,0.03474855375717508,0.10495888555628174,0.15443689219785572,0.07445933406680094,0.1834225596945734,0.04947800664157398,0.10896322562777247,1.0,1.0,0.019453310856509504,0.014007901395942338,0.014007901395942338,0.0001962213015184433,0.7626794277957274,0.39527599222973603,1.929485834678406,0.7775393660192726,0.39527599222973603,26,0.9601843893886928,mild
61,peak_time,4.0,20.14,19.0,13.306047838892999,9.0,30.5,2.95,41.05,21.5,38.099999999999994,0.0,1.0,16.14,15.0,15.0,225.0,0.2117638321310359,0.2303376661337327,0.9193625848760969,0.21660678702793257,0.2303376661337327,16,0.967120178489523,mild
61,peak_height,0.05405883863568306,0.05687689546495676,0.055745068937540054,0.013636026598071935,0.047962186858057976,0.06550795212388039,0.03692828062921762,0.07939109206199646,0.01754576526582241,0.04246281143277884,1.0,1.0,0.0028180568292736977,0.0016862303018569946,0.0016862303018569946,2.8433726309007312e-06,0.2117638321310359,0.2303376661337327,0.9193625848760969,0.21660678702793257,0.2303376661337327,16,0.967120178489523,mild
61,cumulative_infected,0.7240454652346671,0.6719493838936068,0.5704125499760266,0.3015954906813992,0.46093916589961736,0.7976749764347915,0.3941434742126148,1.242749238456599,0.3367358105351741,0.8486057642439842,1.0,1.0,-0.05209608134106025,-0.15363291525864042,0.15363291525864042,0.02360307265086859,0.2117638321310359,0.2303376661337327,0.9193625848760969,0.21660678702793257,0.2303376661337327,16,0.967120178489523,mild
61,early_growth_slope,0.0009221817821352967,0.0001612612090193153,0.00017775667029560588,0.0023197570136464798,-0.0011481541545695741,0.0017486480265645132,-0.0038933140064944458,0.004018682784226255,0.0028968021811340873,0.007911996790720702,1.0,1.0,-0.0007609205731159814,-0.0007444251118396909,0.0007444251118396909,5.541687471375363e-07,0.2117638321310359,0.2303376661337327,0.9193625848760969,0.21660678702793257,0.2303376661337327,16,0.967120178489523,mild
61,post_peak_decline_slope,-0.003727175605793795,-0.003389574670699013,-0.0030924241757020335,0.003513783067687093,-0.00461504529763867,-0.001679174791206613,-0.00646845809494455,-0.0002567754313349764,0.0029358705064320566,0.006211682663609574,1.0,1.0,0.00033760093509478195,0.0006347514300917615,0.0006347514300917615,4.029093780035364e-07,0.2117638321310359,0.2303376661337327,0.9193625848760969,0.21660678702793257,0.2303376661337327,16,0.967120178489523,mild
61,late_phase_auc,0.26484371814876795,0.29761844231126816,0.25965135620208457,0.16113098783086627,0.1954842374252621,0.35457031516489224,0.13712818191124826,0.569250769796781,0.15908607773963013,0.43212258788553276,1.0,1.0,0.03277472416250021,-0.005192361946683377,0.005192361946683377,2.696062258536559e-05,0.2117638321310359,0.2303376661337327,0.9193625848760969,0.21660678702793257,0.2303376661337327,16,0.967120178489523,mild
61,time_to_half_peak_after_peak,3.0,1.28,1.0,0.766469012729639,1.0,1.0,1.0,2.0,0.0,1.0,0.0,0.0,-1.72,-2.0,2.0,4.0,0.2117638321310359,0.2303376661337327,0.9193625848760969,0.21660678702793257,0.2303376661337327,16,0.967120178489523,mild
61,late_to_early_mean_ratio,0.6052308341291165,0.8909345437336091,0.8204630928272161,0.38095521653250763,0.6350358447341863,1.078428166102783,0.36336592624297603,1.6354776215149585,0.44339232136859674,1.2721116952719824,0.0,1.0,0.28570370960449265,0.2152322586980996,0.2152322586980996,0.046324925184285666,0.2117638321310359,0.2303376661337327,0.9193625848760969,0.21660678702793257,0.2303376661337327,16,0.967120178489523,mild
62,peak_time,8.0,22.25,22.0,14.717113655314154,8.0,36.0,1.0,44.05,28.0,43.05,1.0,1.0,14.25,14.0,14.0,196.0,0.2972372572460316,0.27536807668235685,1.079417995096437,0.3325904610574312,0.27536807668235685,12,0.860136176821922,mild
62,peak_height,0.06998760998249054,0.05376145036891103,0.052285438403487206,0.013437735777866677,0.043833572417497635,0.06181398034095764,0.03488055188208818,0.07740095518529415,0.017980407923460007,0.042520403303205966,0.0,1.0,-0.01622615961357951,-0.017702171579003334,0.017702171579003334,0.0003133668786124734,0.2972372572460316,0.27536807668235685,1.079417995096437,0.3325904610574312,0.27536807668235685,12,0.860136176821922,mild
62,cumulative_infected,0.6948707943774934,0.6368617860938594,0.5635437915625516,0.29010492124709847,0.44096004075254314,0.7129355624492746,0.3419843326737464,1.224012201235746,0.27197552169673145,0.8820278685619996,1.0,1.0,-0.05800900828363409,-0.1313270028149418,0.1313270028149418,0.017246781668355735,0.2972372572460316,0.27536807668235685,1.079417995096437,0.3325904610574312,0.27536807668235685,12,0.860136176821922,mild
62,early_growth_slope,0.0018501297301901057,0.0002518887781380255,0.0004776373694074298,0.002276999952974834,-0.0010371904299106638,0.0018757705970312514,-0.0037709439389540665,0.0029996531208910564,0.002912961026941915,0.006770597059845123,1.0,1.0,-0.0015982409520520803,-0.0013724923607826758,0.0013724923607826758,1.8837352804068025e-06,0.2972372572460316,0.27536807668235685,1.079417995096437,0.3325904610574312,0.27536807668235685,12,0.860136176821922,mild
62,post_peak_decline_slope,-0.003693648800253874,-0.003876573874258955,-0.002996799317528109,0.004959140094014012,-0.0041690825174252235,-0.002137745676251748,-0.006049528973463954,-0.000525635766874391,0.0020313368411734754,0.0055238932065895625,1.0,1.0,-0.00018292507400508116,0.000696849482725765,0.000696849482725765,4.855992015751662e-07,0.2972372572460316,0.27536807668235685,1.079417995096437,0.3325904610574312,0.27536807668235685,12,0.860136176821922,mild
62,late_phase_auc,0.3255604248952295,0.28692684913304217,0.24208515853388235,0.17200853696942225,0.18229625988010412,0.3286727669301399,0.11157160848852073,0.5833448333054548,0.1463765070500358,0.4717732248169341,1.0,1.0,-0.038633575762187344,-0.08347526636134717,0.08347526636134717,0.0069681200940978575,0.2972372572460316,0.27536807668235685,1.079417995096437,0.3325904610574312,0.27536807668235685,12,0.860136176821922,mild
62,time_to_half_peak_after_peak,1.0,1.18,1.0,0.4794778304562056,1.0,1.0,1.0,2.0,0.0,1.0,1.0,1.0,0.17999999999999994,0.0,0.0,0.0,0.2972372572460316,0.27536807668235685,1.079417995096437,0.3325904610574312,0.27536807668235685,12,0.860136176821922,mild
62,late_to_early_mean_ratio,0.9332862624661582,0.8737993082602,0.8461403589726961,0.33552061568573077,0.6455919723033068,1.0633015516440871,0.3860596193660223,1.4162118652721827,0.41770957934078035,1.0301522459061605,1.0,1.0,-0.059486954205958176,-0.08714590349346207,0.08714590349346207,0.007594408495691805,0.2972372572460316,0.27536807668235685,1.079417995096437,0.3325904610574312,0.27536807668235685,12,0.860136176821922,mild
63,peak_time,46.0,45.53,47.0,4.071221989138946,44.0,48.0,39.0,49.0,4.0,10.0,1.0,1.0,-0.46999999999999886,1.0,1.0,1.0,0.14371193644589736,0.05161869025613436,2.7841066042705074,0.15617569375639376,0.05161869025613436,22,0.8574892869197318,mild
63,peak_height,0.2657521367073059,0.24263084385544062,0.2542036920785904,0.06465719444409235,0.20961172133684158,0.2900683060288429,0.12584963366389276,0.3263475030660629,0.08045658469200134,0.20049786940217015,1.0,1.0,-0.023121292851865288,-0.011548444628715515,0.011548444628715515,0.00013336657334250823,0.14371193644589736,0.05161869025613436,2.7841066042705074,0.15617569375639376,0.05161869025613436,22,0.8574892869197318,mild
63,cumulative_infected,5.4192156756762415,4.912185413392072,5.050355382525595,1.435300191376355,4.063567516477633,5.969689464618568,2.2759735174942763,6.912081423518248,1.9061219481409353,4.636107906023971,1.0,1.0,-0.5070302622841698,-0.3688602931506466,0.3688602931506466,0.13605791586318094,0.14371193644589736,0.05161869025613436,2.7841066042705074,0.15617569375639376,0.05161869025613436,22,0.8574892869197318,mild
63,early_growth_slope,0.0028003003597924744,0.000940058392832379,0.0010078121058107914,0.002427999881602061,-0.0006811163810717904,0.0027946977619042928,-0.002651646055026156,0.004667453108621494,0.003475814142976083,0.00731909916364765,0.0,1.0,-0.0018602419669600954,-0.001792488253981683,0.001792488253981683,3.2130141406623023e-06,0.14371193644589736,0.05161869025613436,2.7841066042705074,0.15617569375639376,0.05161869025613436,22,0.8574892869197318,mild
63,post_peak_decline_slope,-0.007243959605693823,-0.009151921732722583,-0.0030538527450213984,0.014883600272146016,-0.011702731251716567,0.0,-0.03920062705874442,0.0,0.011702731251716567,0.03920062705874442,1.0,1.0,-0.00190796212702876,0.004190106860672425,0.004190106860672425,1.755699550385412e-05,0.14371193644589736,0.05161869025613436,2.7841066042705074,0.15617569375639376,0.05161869025613436,22,0.8574892869197318,mild
63,late_phase_auc,4.365239705890417,3.950631116370205,4.097076579928398,1.2367259759066302,3.2572287684306502,4.828786549158394,1.7129005884751678,5.6567326579242945,1.571557780727744,3.943832069449127,1.0,1.0,-0.41460858952021207,-0.26816312596201897,0.26816312596201897,0.07191146212572165,0.14371193644589736,0.05161869025613436,2.7841066042705074,0.15617569375639376,0.05161869025613436,22,0.8574892869197318,mild
63,time_to_half_peak_after_peak,3.0,2.8,2.0,2.6628760937957843,1.0,4.25,0.0,8.0,3.25,8.0,1.0,1.0,-0.20000000000000018,-1.0,1.0,1.0,0.14371193644589736,0.05161869025613436,2.7841066042705074,0.15617569375639376,0.05161869025613436,22,0.8574892869197318,mild
63,late_to_early_mean_ratio,4.436698872801754,4.359517066689022,4.540402403510937,0.8646049504996336,3.9199895341086863,4.960886827018345,2.688888614121104,5.40277003313927,1.0408972929096585,2.713881419018166,1.0,1.0,-0.07718180611273251,0.1037035307091827,0.1037035307091827,0.010754422281550399,0.14371193644589736,0.05161869025613436,2.7841066042705074,0.15617569375639376,0.05161869025613436,22,0.8574892869197318,mild
64,peak_time,18.0,24.74,25.0,2.2456242523691006,23.0,26.0,21.0,29.0,3.0,8.0,0.0,0.0,6.739999999999998,7.0,7.0,49.0,0.339422486568646,0.15121587434230033,2.244622054694543,0.34721511891881074,0.15121587434230033,24,0.9568399224973593,mild
64,peak_height,0.22457613050937653,0.23847688749432563,0.23609156161546707,0.020346161896280357,0.22654780372977257,0.2520225942134857,0.20762872844934463,0.2752931520342827,0.02547479048371315,0.06766442358493804,0.0,1.0,0.013900756984949109,0.011515431106090546,0.011515431106090546,0.00013260515355911773,0.339422486568646,0.15121587434230033,2.244622054694543,0.34721511891881074,0.15121587434230033,24,0.9568399224973593,mild
64,cumulative_infected,5.486672750674188,5.572520552766328,5.610169974272139,0.40916433377143646,5.260247501195408,5.850223251269199,4.8408443906460885,6.24281638765242,0.5899757500737906,1.4019719970063313,1.0,1.0,0.0858478020921396,0.12349722359795123,0.12349722359795123,0.015251564236402363,0.339422486568646,0.15121587434230033,2.244622054694543,0.34721511891881074,0.15121587434230033,24,0.9568399224973593,mild
64,early_growth_slope,0.004461665759750065,0.0032997276002632646,0.003433151395126645,0.0026089893588743225,0.0014328092033143286,0.005176911847056111,-0.0007038236692010067,0.007857395464573829,0.0037441026437417826,0.008561219133774835,1.0,1.0,-0.0011619381594868004,-0.00102851436462342,0.00102851436462342,1.0578417982367172e-06,0.339422486568646,0.15121587434230033,2.244622054694543,0.34721511891881074,0.15121587434230033,24,0.9568399224973593,mild
64,post_peak_decline_slope,-0.0028843847413857816,-0.008202916766206422,-0.008411282176772759,0.0034882217778079224,-0.01036238279193641,-0.006087365870674445,-0.014398091646532237,-0.002242852784693243,0.0042750169212619656,0.012155238861838995,0.0,1.0,-0.005318532024820641,-0.005526897435386978,0.005526897435386978,3.054659526128715e-05,0.339422486568646,0.15121587434230033,2.244622054694543,0.34721511891881074,0.15121587434230033,24,0.9568399224973593,mild
64,late_phase_auc,2.9227384217083454,2.9928907877104574,3.0052446867339313,0.2315553216336649,2.8311885436996818,3.137258573435247,2.602571223137784,3.359530426096171,0.3060700297355652,0.7569592029583871,1.0,1.0,0.07015236600211194,0.08250626502558589,0.08250626502558589,0.006807283768472217,0.339422486568646,0.15121587434230033,2.244622054694543,0.34721511891881074,0.15121587434230033,24,0.9568399224973593,mild
64,time_to_half_peak_after_peak,20.0,11.84,12.0,2.6994949022498127,10.0,14.0,7.95,16.0,4.0,8.05,0.0,0.0,-8.16,-8.0,8.0,64.0,0.339422486568646,0.15121587434230033,2.244622054694543,0.34721511891881074,0.15121587434230033,24,0.9568399224973593,mild
64,late_to_early_mean_ratio,1.2154575672231807,1.2691235020850093,1.2638700845872042,0.13149564537844738,1.182115697482315,1.341278504576024,1.0865148737787074,1.487796926400169,0.159162807093709,0.40128205262146155,1.0,1.0,0.05366593486182869,0.04841251736402352,0.04841251736402352,0.002343771837521879,0.339422486568646,0.15121587434230033,2.244622054694543,0.34721511891881074,0.15121587434230033,24,0.9568399224973593,mild
65,peak_time,10.0,10.28,10.0,1.2233420031069222,9.0,11.0,9.0,13.0,2.0,4.0,1.0,1.0,0.27999999999999936,0.0,0.0,0.0,0.8304595670022451,0.3676398367471465,2.2588943960755112,0.8362032366375812,0.3676398367471465,30,0.982828129025093,mild
65,peak_height,0.2034505009651184,0.20736332952976227,0.20677552372217178,0.017419029044090716,0.19607921317219734,0.2172142043709755,0.18254983499646188,0.2400250978767872,0.021134991198778152,0.05747526288032531,1.0,1.0,0.0039128285646438665,0.0033250227570533752,0.0033250227570533752,1.1055776334922829e-05,0.8304595670022451,0.3676398367471465,2.2588943960755112,0.8362032366375812,0.3676398367471465,30,0.982828129025093,mild
65,cumulative_infected,2.544685685337754,2.418668671118803,2.4133804146258626,0.1767839042105699,2.286121715151239,2.537588646679069,2.1695127394923475,2.7266751997798564,0.25146693152782973,0.5571624602875089,0.0,1.0,-0.12601701421895095,-0.13130527071189135,0.13130527071189135,0.017241074116723074,0.8304595670022451,0.3676398367471465,2.2588943960755112,0.8362032366375812,0.3676398367471465,30,0.982828129025093,mild
65,early_growth_slope,0.018702110574979867,0.017008124467981924,0.016875398361922374,0.0034326245885907326,0.014803277817831948,0.019681419290247415,0.011218383879445138,0.021859415259123553,0.004878141472415467,0.010641031379678414,1.0,1.0,-0.0016939861069979432,-0.001826712213057493,0.001826712213057493,3.3368775093334034e-06,0.8304595670022451,0.3676398367471465,2.2588943960755112,0.8362032366375812,0.3676398367471465,30,0.982828129025093,mild
65,post_peak_decline_slope,-0.016375935201843602,-0.018083257457707093,-0.01794143139074247,0.0035646365576348362,-0.02072374639101326,-0.01590970130637289,-0.023306422894820586,-0.011646705456078077,0.0048140450846403705,0.01165971743874251,1.0,1.0,-0.0017073222558634908,-0.0015654961888988683,0.0015654961888988683,2.450778317456881e-06,0.8304595670022451,0.3676398367471465,2.2588943960755112,0.8362032366375812,0.3676398367471465,30,0.982828129025093,mild
65,late_phase_auc,0.3008197464805562,0.21886681165485242,0.2046085409965599,0.06255445083940268,0.17688962133979658,0.25161641236627474,0.14117911720823031,0.3227418112282975,0.07472679102647817,0.18156269402006717,0.0,1.0,-0.08195293482570379,-0.09621120548399631,0.09621120548399631,0.00925659606068376,0.8304595670022451,0.3676398367471465,2.2588943960755112,0.8362032366375812,0.3676398367471465,30,0.982828129025093,mild
65,time_to_half_peak_after_peak,7.0,5.73,6.0,1.4060116240162055,5.0,7.0,3.95,8.0,2.0,4.05,1.0,1.0,-1.2699999999999996,-1.0,1.0,1.0,0.8304595670022451,0.3676398367471465,2.2588943960755112,0.8362032366375812,0.3676398367471465,30,0.982828129025093,mild
65,late_to_early_mean_ratio,0.1352351731169895,0.1049550568134458,0.10086674305436413,0.029715851197060782,0.08266157491884199,0.12204497361784108,0.06651089642520983,0.1547548933179994,0.039383398698999095,0.08824399689278958,0.0,1.0,-0.030280116303543686,-0.034368430062625355,0.034368430062625355,0.0011811889849695702,0.8304595670022451,0.3676398367471465,2.2588943960755112,0.8362032366375812,0.3676398367471465,30,0.982828129025093,mild
66,peak_time,11.0,9.4,9.0,1.0824588545146516,9.0,10.0,8.0,11.049999999999997,1.0,3.049999999999997,0.0,1.0,-1.5999999999999996,-2.0,2.0,4.0,0.8625355349268742,0.40265383384192155,2.142126716383131,0.8797285661201962,0.40265383384192155,25,0.9609128727758671,mild
66,peak_height,0.2217094600200653,0.21649664580821992,0.21745698899030685,0.017097086354624272,0.20595146715641022,0.226679977029562,0.18725545778870584,0.2458363853394985,0.02072850987315178,0.058580927550792666,1.0,1.0,-0.005212814211845385,-0.004252471029758453,0.004252471029758453,1.808350985893492e-05,0.8625355349268742,0.40265383384192155,2.142126716383131,0.8797285661201962,0.40265383384192155,25,0.9609128727758671,mild
66,cumulative_infected,2.469481689739041,2.377772766302769,2.3845814807282295,0.159348004633803,2.281967129354598,2.4616259496542625,2.125506885891082,2.6321157106780446,0.1796588202996645,0.5066088247869627,0.0,1.0,-0.09170892343627202,-0.08490020901081152,0.08490020901081152,0.007208045490079482,0.8625355349268742,0.40265383384192155,2.142126716383131,0.8797285661201962,0.40265383384192155,25,0.9609128727758671,mild
66,early_growth_slope,0.022560744690487064,0.021537423704798386,0.022362528213610247,0.004074596367249142,0.018545940532238174,0.024484866442868392,0.01382893918614302,0.027541820727942857,0.005938925910630218,0.013712881541799837,1.0,1.0,-0.0010233209856886777,-0.00019821647687681687,0.00019821647687681687,3.9289771705457676e-08,0.8625355349268742,0.40265383384192155,2.142126716383131,0.8797285661201962,0.40265383384192155,25,0.9609128727758671,mild
66,post_peak_decline_slope,-0.02159650996327401,-0.019710477659168356,-0.020270244590938097,0.003802182198660503,-0.022307444239656152,-0.016912010529388982,-0.025204441246266186,-0.01239693033819399,0.0053954337102671696,0.012807510908072195,1.0,1.0,0.0018860323041056531,0.0013262653723359122,0.0013262653723359122,1.7589798378573158e-06,0.8625355349268742,0.40265383384192155,2.142126716383131,0.8797285661201962,0.40265383384192155,25,0.9609128727758671,mild
66,late_phase_auc,0.1742193418322131,0.2089033525007835,0.20780962554272264,0.05665989858448416,0.16474448220105842,0.24194454843382118,0.11944875638000667,0.298212738521397,0.07720006623276277,0.17876398214139033,1.0,1.0,0.03468401066857041,0.03359028371050954,0.03359028371050954,0.0011283071597525225,0.8625355349268742,0.40265383384192155,2.142126716383131,0.8797285661201962,0.40265383384192155,25,0.9609128727758671,mild
66,time_to_half_peak_after_peak,5.0,5.45,5.0,1.2583057392117916,5.0,6.0,4.0,8.0,1.0,4.0,1.0,1.0,0.4500000000000002,0.0,0.0,0.0,0.8625355349268742,0.40265383384192155,2.142126716383131,0.8797285661201962,0.40265383384192155,25,0.9609128727758671,mild
66,late_to_early_mean_ratio,0.07950790945560254,0.10085737101038975,0.10212371835569778,0.02648766330859695,0.08376685601655118,0.1148932538495074,0.060320337731705,0.14400162419045714,0.031126397832956218,0.08368128645875214,0.0,1.0,0.021349461554787202,0.022615808900095236,0.022615808900095236,0.0005114748122056269,0.8625355349268742,0.40265383384192155,2.142126716383131,0.8797285661201962,0.40265383384192155,25,0.9609128727758671,mild
67,peak_time,22.0,14.8,15.0,2.8497740473960604,13.0,16.0,11.0,20.049999999999997,3.0,9.049999999999997,0.0,0.0,-7.199999999999999,-7.0,7.0,49.0,0.5949132398535829,0.38483502997329866,1.5458915990440378,0.610087580512059,0.38483502997329866,10,0.9689095034401862,mild
67,peak_height,0.09878246486186981,0.11058173216879368,0.11025779694318771,0.014032591161139661,0.09941555745899677,0.12022409774363041,0.08862240239977837,0.13236013427376747,0.020808540284633636,0.043737731873989105,0.0,1.0,0.011799267306923863,0.011475332081317902,0.011475332081317902,0.00013168324637652384,0.5949132398535829,0.38483502997329866,1.5458915990440378,0.610087580512059,0.38483502997329866,10,0.9689095034401862,mild
67,cumulative_infected,1.6710672698682174,1.6969640815482854,1.703673427051399,0.1798226445676148,1.5621023880084977,1.8171610438657808,1.4009462102199906,1.9986539992096368,0.25505865585728316,0.5977077889896463,1.0,1.0,0.025896811680067966,0.032606157183181494,0.032606157183181494,0.0010631614862543382,0.5949132398535829,0.38483502997329866,1.5458915990440378,0.610087580512059,0.38483502997329866,10,0.9689095034401862,mild
67,early_growth_slope,0.007447057339872809,0.0039256318779462155,0.004076650224825635,0.003226235614703609,0.001613567914492229,0.006218528618254431,-0.0013512234554149296,0.009261924671729847,0.004604960703762202,0.010613148127144777,0.0,1.0,-0.0035214254619265932,-0.003370407115047174,0.003370407115047174,1.1359644121160613e-05,0.5949132398535829,0.38483502997329866,1.5458915990440378,0.610087580512059,0.38483502997329866,10,0.9689095034401862,mild
67,post_peak_decline_slope,-0.009200230923791724,-0.005941184781569369,-0.006003300081162408,0.0026933695701390433,-0.00782576406685014,-0.004393822265168035,-0.010516793054994202,-0.0018822080176323706,0.003431941801682106,0.00863458503736183,0.0,1.0,0.0032590461422223552,0.003196930842629316,0.003196930842629316,1.0220366812554588e-05,0.5949132398535829,0.38483502997329866,1.5458915990440378,0.610087580512059,0.38483502997329866,10,0.9689095034401862,mild
67,late_phase_auc,0.3169718871358782,0.3555259014397234,0.3557220171496738,0.09945060352207921,0.2950301706659957,0.4194247613668267,0.1796862007002346,0.49898241152986883,0.12439459070083103,0.3192962108296342,1.0,1.0,0.0385540143038452,0.03875013001379557,0.03875013001379557,0.0015015725760860602,0.5949132398535829,0.38483502997329866,1.5458915990440378,0.610087580512059,0.38483502997329866,10,0.9689095034401862,mild
67,time_to_half_peak_after_peak,1.0,4.37,4.0,2.983642272813752,2.0,6.25,1.0,10.0,4.25,9.0,0.0,1.0,3.37,3.0,3.0,9.0,0.5949132398535829,0.38483502997329866,1.5458915990440378,0.610087580512059,0.38483502997329866,10,0.9689095034401862,mild
67,late_to_early_mean_ratio,0.2494800305575722,0.2873781493430242,0.27642202474295646,0.09315772238090994,0.2238385388011198,0.34135957783575094,0.1536629500524675,0.43116827013413855,0.11752103903463113,0.27750532008167106,1.0,1.0,0.03789811878545199,0.02694199418538426,0.02694199418538426,0.0007258710506852793,0.5949132398535829,0.38483502997329866,1.5458915990440378,0.610087580512059,0.38483502997329866,10,0.9689095034401862,mild
68,peak_time,11.0,9.98,10.0,0.7911122460552521,9.0,11.0,9.0,11.0,2.0,2.0,1.0,1.0,-1.0199999999999996,-1.0,1.0,1.0,0.7225281779245912,0.16393192507269058,4.407489130651081,0.8043513924151916,0.16393192507269058,15,0.8546775606813312,mild
68,peak_height,0.4743167459964752,0.4568463930487633,0.4570949226617813,0.023414237530079946,0.43992871791124344,0.4703349992632866,0.4240627661347389,0.5003091096878052,0.030406281352043152,0.07624634355306625,0.0,1.0,-0.01747035294771193,-0.01722182333469391,0.01722182333469391,0.0002965911989714076,0.7225281779245912,0.16393192507269058,4.407489130651081,0.8043513924151916,0.16393192507269058,15,0.8546775606813312,mild
68,cumulative_infected,6.106839709216729,5.884614774452261,5.8388377897499595,0.26561187387432655,5.733326563320588,6.017345937743812,5.552060341780361,6.326749565347564,0.2840193744232238,0.7746892235672025,0.0,1.0,-0.22222493476446736,-0.2680019194667693,0.2680019194667693,0.07182502883787271,0.7225281779245912,0.16393192507269058,4.407489130651081,0.8043513924151916,0.16393192507269058,15,0.8546775606813312,mild
68,early_growth_slope,0.04457898455716314,0.04294339947138637,0.04335708125325341,0.005478348556399386,0.03947148486761198,0.046907466495473,0.03389155416128535,0.051658237346314945,0.007435981627861014,0.017766683185029594,1.0,1.0,-0.0016355850857767695,-0.0012219033039097271,0.0012219033039097271,1.493047684105507e-06,0.7225281779245912,0.16393192507269058,4.407489130651081,0.8043513924151916,0.16393192507269058,15,0.8546775606813312,mild
68,post_peak_decline_slope,-0.03672227859497071,-0.034300469470520845,-0.03478879009683931,0.003598580760005807,-0.037034928736587376,-0.03228095248341565,-0.03961636827637756,-0.02749639005710685,0.004753976253171727,0.01211997821927071,1.0,1.0,0.002421809124449864,0.0019334884981314013,0.0019334884981314013,3.7383777724064216e-06,0.7225281779245912,0.16393192507269058,4.407489130651081,0.8043513924151916,0.16393192507269058,15,0.8546775606813312,mild
68,late_phase_auc,0.472476709401235,0.4887340945439655,0.4838392068268149,0.09499772363887331,0.43617708404781297,0.5279866888886318,0.3562428590899799,0.6789600773830897,0.09180960484081879,0.32271721829310984,1.0,1.0,0.016257385142730507,0.011362497425579932,0.011362497425579932,0.00012910634774631057,0.7225281779245912,0.16393192507269058,4.407489130651081,0.8043513924151916,0.16393192507269058,15,0.8546775606813312,mild
68,time_to_half_peak_after_peak,7.0,7.19,7.0,0.9712534856222309,6.75,8.0,6.0,9.0,1.25,3.0,1.0,1.0,0.1900000000000004,0.0,0.0,0.0,0.7225281779245912,0.16393192507269058,4.407489130651081,0.8043513924151916,0.16393192507269058,15,0.8546775606813312,mild
68,late_to_early_mean_ratio,0.08509725683573122,0.09780359484788899,0.09791246445141931,0.01771333591749547,0.08626004213868368,0.10504418711227419,0.07075689025212338,0.13109941125884755,0.018784144973590503,0.06034252100672417,0.0,1.0,0.012706338012157772,0.012815207615688093,0.012815207615688093,0.00016422954623319008,0.7225281779245912,0.16393192507269058,4.407489130651081,0.8043513924151916,0.16393192507269058,15,0.8546775606813312,mild
69,peak_time,13.0,13.55,14.0,1.0087996667707457,13.0,14.0,12.0,15.0,1.0,3.0,1.0,1.0,0.5500000000000007,1.0,1.0,1.0,0.57804580820776,0.07091875502191004,8.15081719961349,0.5925256432108177,0.07091875502191004,24,0.953004841455555,mild
69,peak_height,0.6604127287864685,0.6374507874250412,0.6379942893981934,0.024329962058678278,0.620652437210083,0.6538956016302109,0.5989754110574722,0.6837553232908249,0.03324316442012787,0.08477991223335268,0.0,1.0,-0.022961941361427263,-0.022418439388275146,0.022418439388275146,0.0005025864246057665,0.57804580820776,0.07091875502191004,8.15081719961349,0.5925256432108177,0.07091875502191004,24,0.953004841455555,mild
69,cumulative_infected,13.344289643224329,13.431863074242656,13.443910974776372,0.5871206225740232,13.027405949804233,13.881824969721492,12.433101220283424,14.359829370863736,0.854419019917259,1.9267281505803115,1.0,1.0,0.0875734310183276,0.09962133155204356,0.09962133155204356,0.00992440970020219,0.57804580820776,0.07091875502191004,8.15081719961349,0.5925256432108177,0.07091875502191004,24,0.953004841455555,mild
69,early_growth_slope,0.03215436862471202,0.029906479003409772,0.030052556159457053,0.00491630808910551,0.026113563011417026,0.03302504354394927,0.02221738302614539,0.038456478202715506,0.006911480532532245,0.016239095176570115,1.0,1.0,-0.0022478896213022487,-0.002101812465254968,0.002101812465254968,4.417615639101166e-06,0.57804580820776,0.07091875502191004,8.15081719961349,0.5925256432108177,0.07091875502191004,24,0.953004841455555,mild
69,post_peak_decline_slope,-0.02943218052387242,-0.025091202860077235,-0.025349667171637235,0.003835151909868709,-0.02808874808251862,-0.022128563622633643,-0.030686844463149697,-0.01899547564486666,0.005960184459884978,0.011691368818283036,0.0,1.0,0.004340977663795185,0.004082513352235185,0.004082513352235185,1.6666915271178566e-05,0.57804580820776,0.07091875502191004,8.15081719961349,0.5925256432108177,0.07091875502191004,24,0.953004841455555,mild
69,late_phase_auc,3.867572935298085,4.1008474579267205,4.12730963435024,0.3742753260588623,3.8666702918708324,4.368033365346491,3.467452726047486,4.65969525296241,0.5013630734756589,1.1922425269149244,1.0,1.0,0.23327452262863524,0.259736699052155,0.259736699052155,0.06746315283450975,0.57804580820776,0.07091875502191004,8.15081719961349,0.5925256432108177,0.07091875502191004,24,0.953004841455555,mild
69,time_to_half_peak_after_peak,12.0,12.93,13.0,1.3651876697866026,12.0,14.0,11.0,15.0,2.0,4.0,1.0,1.0,0.9299999999999997,1.0,1.0,1.0,0.57804580820776,0.07091875502191004,8.15081719961349,0.5925256432108177,0.07091875502191004,24,0.953004841455555,mild
69,late_to_early_mean_ratio,0.43397734411486216,0.4696826769196889,0.4729789273595572,0.03920646803624516,0.44011110992767605,0.49463014238875136,0.40238115794694435,0.5325905504267932,0.05451903246107531,0.1302093924798488,0.0,1.0,0.03570533280482674,0.03900158324469505,0.03900158324469505,0.0015211234955928776,0.57804580820776,0.07091875502191004,8.15081719961349,0.5925256432108177,0.07091875502191004,24,0.953004841455555,mild
70,peak_time,8.0,8.65,9.0,0.9360890055238479,8.0,9.0,7.0,10.0,1.0,3.0,1.0,1.0,0.6500000000000004,1.0,1.0,1.0,0.8342707024618278,0.2602568776668978,3.205566400168717,0.9291661929828106,0.2602568776668978,15,0.8541003886254664,mild
70,peak_height,0.38601964712142944,0.3782821047306061,0.3772183060646057,0.024581155113381457,0.35822486132383347,0.39413733035326004,0.34560300707817077,0.4215076074004173,0.035912469029426575,0.07590460032224655,1.0,1.0,-0.00773754239082336,-0.00880134105682373,0.00880134105682373,7.746360439853106e-05,0.8342707024618278,0.2602568776668978,3.205566400168717,0.9291661929828106,0.2602568776668978,15,0.8541003886254664,mild
70,cumulative_infected,4.048232980654575,3.9880420006029724,4.03390858421335,0.24240343412129164,3.8408582481497433,4.134173063677736,3.5682860548011375,4.35641993755321,0.2933148155279923,0.7881338827520725,1.0,1.0,-0.060190980051602505,-0.014324396441224962,0.014324396441224962,0.00020518833340537837,0.8342707024618278,0.2602568776668978,3.205566400168717,0.9291661929828106,0.2602568776668978,15,0.8541003886254664,mild
70,early_growth_slope,0.047470449824773116,0.04704014130099016,0.04707924468398447,0.006000235841676509,0.043186792951365474,0.05134986930837233,0.036409637112436534,0.05663744680600106,0.008163076357006853,0.020227809693564525,1.0,1.0,-0.00043030852378295875,-0.00039120514078864327,0.00039120514078864327,1.530414621794622e-07,0.8342707024618278,0.2602568776668978,3.205566400168717,0.9291661929828106,0.2602568776668978,15,0.8541003886254664,mild
70,post_peak_decline_slope,-0.03614938246707122,-0.034807474151253716,-0.034698733376959986,0.0032361219761010917,-0.036786534761389114,-0.03270593263829749,-0.040487549112488856,-0.02994934904078641,0.004080602123091623,0.010538200071702447,1.0,1.0,0.0013419083158175069,0.0014506490901112362,0.0014506490901112362,2.1043827826405574e-06,0.8342707024618278,0.2602568776668978,3.205566400168717,0.9291661929828106,0.2602568776668978,15,0.8541003886254664,mild
70,late_phase_auc,0.33183973154518753,0.22704023326895367,0.2256655436140136,0.0602942650013141,0.1871263971904682,0.2648230822524056,0.13426867593661881,0.3273711304296739,0.07769668506193739,0.1931024544930551,0.0,0.0,-0.10479949827623386,-0.10617418793117395,0.10617418793117395,0.011272958182844243,0.8342707024618278,0.2602568776668978,3.205566400168717,0.9291661929828106,0.2602568776668978,15,0.8541003886254664,mild
70,time_to_half_peak_after_peak,6.0,5.61,6.0,0.9836542876314612,5.0,6.0,4.0,7.0,1.0,3.0,1.0,1.0,-0.3899999999999997,0.0,0.0,0.0,0.8342707024618278,0.2602568776668978,3.205566400168717,0.9291661929828106,0.2602568776668978,15,0.8541003886254664,mild
70,late_to_early_mean_ratio,0.09332863817839923,0.06393979675936136,0.0628035025336004,0.01618952244485607,0.05350633780064043,0.0760883598216448,0.03790709135218589,0.08905541060415961,0.022582022021004372,0.051148319251973724,0.0,0.0,-0.029388841419037873,-0.030525135644798834,0.030525135644798834,0.0009317839061333684,0.8342707024618278,0.2602568776668978,3.205566400168717,0.9291661929828106,0.2602568776668978,15,0.8541003886254664,mild
71,peak_time,22.0,20.49,19.0,15.158086150882497,6.0,32.25,0.0,46.0,26.25,46.0,1.0,1.0,-1.5100000000000016,-3.0,3.0,9.0,0.2580358563031592,0.25149033345325,1.0260269361451457,0.26264490174615396,0.25149033345325,28,0.9601168604077539,mild
71,peak_height,0.05296241119503975,0.04918222103267908,0.04709823243319988,0.011065168863668708,0.04157069232314825,0.05531218275427818,0.0361676312983036,0.06796384640038013,0.013741490431129932,0.031796215102076524,1.0,1.0,-0.0037801901623606693,-0.005864178761839867,0.005864178761839867,3.438859255081375e-05,0.2580358563031592,0.25149033345325,1.0260269361451457,0.26264490174615396,0.25149033345325,28,0.9601168604077539,mild
71,cumulative_infected,0.6422414724365808,0.5276618524866262,0.48107886237994535,0.18575972201652044,0.4093495012493804,0.6011072541223257,0.32102173123385,0.9015922345002764,0.19175775287294528,0.5805705032664263,0.0,1.0,-0.11457961994995458,-0.16116261005663546,0.16116261005663546,0.025973386880267138,0.2580358563031592,0.25149033345325,1.0260269361451457,0.26264490174615396,0.25149033345325,28,0.9601168604077539,mild
71,early_growth_slope,0.002516342746232459,-0.000622347031213783,-0.0006803492516545303,0.002280902898724006,-0.0020467728442911575,0.0009911071018515421,-0.0043814448659152995,0.0032311008487816983,0.0030378799461426996,0.007612545714696998,0.0,1.0,-0.003138689777446242,-0.0031966919978869894,0.0031966919978869894,1.0218839729354712e-05,0.2580358563031592,0.25149033345325,1.0260269361451457,0.26264490174615396,0.25149033345325,28,0.9601168604077539,mild
71,post_peak_decline_slope,-0.003360236583588033,-0.003564219878646586,-0.0029186434597553044,0.0037942651984336556,-0.003799176704099714,-0.001797501665957203,-0.00816265166354287,-0.0007355229005528013,0.002001675038142511,0.0074271287629900686,1.0,1.0,-0.00020398329505855314,0.00044159312383272847,0.00044159312383272847,1.9500448701634745e-07,0.2580358563031592,0.25149033345325,1.0260269361451457,0.26264490174615396,0.25149033345325,28,0.9601168604077539,mild
71,late_phase_auc,0.21431047352962196,0.23402225712903602,0.21212335233576596,0.10438777201012492,0.16464807357260725,0.2815668321636622,0.126484661302311,0.39240207081456896,0.11691875859105494,0.26591740951225795,1.0,1.0,0.019711783599414057,-0.002187121193856001,0.002187121193856001,4.783499116614099e-06,0.2580358563031592,0.25149033345325,1.0260269361451457,0.26264490174615396,0.25149033345325,28,0.9601168604077539,mild
71,time_to_half_peak_after_peak,1.0,1.2,1.0,0.6963106238227913,1.0,1.0,1.0,2.0,0.0,1.0,1.0,1.0,0.19999999999999996,0.0,0.0,0.0,0.2580358563031592,0.25149033345325,1.0260269361451457,0.26264490174615396,0.25149033345325,28,0.9601168604077539,mild
71,late_to_early_mean_ratio,0.5861414150748513,0.8781000405819188,0.8112365575652922,0.360212015725066,0.6432013871727962,1.0555519336940142,0.43335853749014935,1.4230141598052053,0.41235054652121805,0.9896556223150559,0.0,1.0,0.2919586255070675,0.22509514249044094,0.22509514249044094,0.050667823172791907,0.2580358563031592,0.25149033345325,1.0260269361451457,0.26264490174615396,0.25149033345325,28,0.9601168604077539,mild
72,peak_time,30.0,24.02,24.5,12.997264669494458,14.0,34.25,2.0,45.05,20.25,43.05,1.0,1.0,-5.98,-5.5,5.5,30.25,0.2934176913412431,0.22948532185923104,1.2785902338504636,0.3132115590604869,0.22948532185923104,27,0.8626163499686248,mild
72,peak_height,0.06721536815166473,0.0685523208603263,0.06379588693380356,0.02247010263409672,0.0525088757276535,0.0788590032607317,0.04056540764868259,0.11770612336695194,0.026350127533078194,0.07714071571826935,1.0,1.0,0.0013369527086615624,-0.0034194812178611755,0.0034194812178611755,1.1692851799305348e-05,0.2934176913412431,0.22948532185923104,1.2785902338504636,0.3132115590604869,0.22948532185923104,27,0.8626163499686248,mild
72,cumulative_infected,1.3656624099239707,1.1051626277592914,0.9466801850867341,0.6046309012396008,0.6480482557381038,1.367532156753441,0.47341988429543563,2.254047491715755,0.7194839010153373,1.7806276074203196,1.0,1.0,-0.2604997821646793,-0.41898222483723657,0.41898222483723657,0.17554610472956067,0.2934176913412431,0.22948532185923104,1.2785902338504636,0.3132115590604869,0.22948532185923104,27,0.8626163499686248,mild
72,early_growth_slope,-0.0006861358941976151,0.0004812219245035354,0.0005520813338946382,0.002171495973666906,-0.0011446632189680333,0.002268411808126118,-0.0032669842207161243,0.0034160208059585686,0.0034130750270941514,0.0066830050266746925,1.0,1.0,0.0011673578187011504,0.0012382172280922532,0.0012382172280922532,1.533181903944463e-06,0.2934176913412431,0.22948532185923104,1.2785902338504636,0.3132115590604869,0.22948532185923104,27,0.8626163499686248,mild
72,post_peak_decline_slope,-0.002546424500178562,-0.004009005021406625,-0.003033427055925137,0.007038542502216804,-0.004503772407770158,-0.0016149821904643587,-0.006465942095965137,-0.00031439678665872616,0.0028887902173057997,0.006151545309306411,1.0,1.0,-0.001462580521228063,-0.0004870025557465749,0.0004870025557465749,2.371714893036958e-07,0.2934176913412431,0.22948532185923104,1.2785902338504636,0.3132115590604869,0.22948532185923104,27,0.8626163499686248,mild
72,late_phase_auc,0.8319515173789114,0.5726141933016788,0.4542153591901297,0.39388841579410366,0.285537721018045,0.7301254282310765,0.22333056384522934,1.4145561710465697,0.44458770721303154,1.1912256072013403,0.0,1.0,-0.25933732407723253,-0.3777361581887817,0.3777361581887817,0.14268460520322032,0.2934176913412431,0.22948532185923104,1.2785902338504636,0.3132115590604869,0.22948532185923104,27,0.8626163499686248,mild
72,time_to_half_peak_after_peak,1.0,1.6,1.0,1.1547005383792515,1.0,2.0,1.0,4.0,1.0,3.0,1.0,1.0,0.6000000000000001,0.0,0.0,0.0,0.2934176913412431,0.22948532185923104,1.2785902338504636,0.3132115590604869,0.22948532185923104,27,0.8626163499686248,mild
72,late_to_early_mean_ratio,1.7002953753004384,1.104271149940044,1.038320713075784,0.418551088023243,0.8250367423321833,1.3105074022904812,0.5842283678826448,1.6464146632656658,0.48547065995829797,1.062186295383021,0.0,0.0,-0.5960242253603945,-0.6619746622246543,0.6619746622246543,0.43821045342744513,0.2934176913412431,0.22948532185923104,1.2785902338504636,0.3132115590604869,0.22948532185923104,27,0.8626163499686248,mild
73,peak_time,11.0,11.94,12.0,1.0032271160931838,11.0,13.0,11.0,13.0,2.0,2.0,1.0,1.0,0.9399999999999995,1.0,1.0,1.0,0.6741202463983086,0.09523592619945846,7.0784237976166375,0.6849603671167936,0.09523592619945846,21,0.972713949295484,mild
73,peak_height,0.586627721786499,0.5852292048931121,0.5846940577030182,0.023056158336976662,0.5704268962144852,0.6004314571619034,0.5467177838087082,0.623985669016838,0.030004560947418213,0.07726788520812988,1.0,1.0,-0.0013985168933868808,-0.001933664083480835,0.001933664083480835,3.7390567877437775e-06,0.6741202463983086,0.09523592619945846,7.0784237976166375,0.6849603671167936,0.09523592619945846,21,0.972713949295484,mild
73,cumulative_infected,10.167093759402633,10.26500895973073,10.293907268089242,0.444275688764553,9.942086722767272,10.580928733572364,9.530158427800052,10.898614397458733,0.6388420108050923,1.3684559696586813,1.0,1.0,0.09791520032809764,0.12681350868660957,0.12681350868660957,0.0160816659854088,0.6741202463983086,0.09523592619945846,7.0784237976166375,0.6849603671167936,0.09523592619945846,21,0.972713949295484,mild
73,early_growth_slope,0.04238647810139116,0.03803132835909352,0.037940191310813776,0.004890853706624542,0.0348824061553127,0.04212913361005207,0.029351868267015864,0.04565902936710266,0.007246727454739373,0.016307161100086794,0.0,1.0,-0.004355149742297636,-0.004446286790577382,0.004446286790577382,1.9769466224062916e-05,0.6741202463983086,0.09523592619945846,7.0784237976166375,0.6849603671167936,0.09523592619945846,21,0.972713949295484,mild
73,post_peak_decline_slope,-0.02882324655850729,-0.030642476727565152,-0.031336245437463134,0.00419635697033331,-0.03359811591605348,-0.02793514554699261,-0.036243371491630906,-0.023778168062369077,0.005662970369060872,0.012465203429261829,1.0,1.0,-0.001819230169057863,-0.0025129988789558445,0.0025129988789558445,6.315163365633332e-06,0.6741202463983086,0.09523592619945846,7.0784237976166375,0.6849603671167936,0.09523592619945846,21,0.972713949295484,mild
73,late_phase_auc,2.068339698947966,2.0901600182878246,2.0910012029617064,0.22465272958199006,1.9519598563201725,2.2616294678591657,1.687434504367411,2.408081995593238,0.3096696115389932,0.7206474912258272,1.0,1.0,0.021820319339858507,0.02266150401374034,0.02266150401374034,0.0005135437641647696,0.6741202463983086,0.09523592619945846,7.0784237976166375,0.6849603671167936,0.09523592619945846,21,0.972713949295484,mild
73,time_to_half_peak_after_peak,10.0,10.19,10.0,1.1343578257180036,9.0,11.0,8.95,12.0,2.0,3.0500000000000007,1.0,1.0,0.1899999999999995,0.0,0.0,0.0,0.6741202463983086,0.09523592619945846,7.0784237976166375,0.6849603671167936,0.09523592619945846,21,0.972713949295484,mild
73,late_to_early_mean_ratio,0.2736794202612424,0.2736878219959633,0.27585447160623894,0.024746170019990122,0.25807826373393444,0.2902477669915387,0.23137263754413753,0.311818610598275,0.03216950325760426,0.08044597305413745,1.0,1.0,8.401734720886456e-06,0.0021750513449965148,0.0021750513449965148,4.730848353371148e-06,0.6741202463983086,0.09523592619945846,7.0784237976166375,0.6849603671167936,0.09523592619945846,21,0.972713949295484,mild
74,peak_time,14.0,13.54,13.0,1.8002244528969382,12.0,15.0,11.0,17.0,3.0,6.0,1.0,1.0,-0.46000000000000085,-1.0,1.0,1.0,0.6176315293118071,0.32313664666840863,1.9113633061421185,0.6346798762950522,0.32313664666840863,26,0.9440388912978304,mild
74,peak_height,0.1497928351163864,0.1584884662926197,0.15751375257968903,0.014557245726289674,0.1509103812277317,0.16635145246982574,0.13511400446295738,0.17727775350213051,0.01544107124209404,0.04216374903917314,0.0,1.0,0.008695631176233287,0.007720917463302612,0.007720917463302612,5.9612566475131246e-05,0.6176315293118071,0.32313664666840863,1.9113633061421185,0.6346798762950522,0.32313664666840863,26,0.9440388912978304,mild
74,cumulative_infected,2.381534480198752,2.327182014263053,2.341767666512169,0.19292973568271535,2.194508596279775,2.4665712117857765,2.00775444485771,2.5770332719082942,0.27206261550600175,0.5692788270505842,1.0,1.0,-0.05435246593569909,-0.03976681368658319,0.03976681368658319,0.0015813994707834203,0.6176315293118071,0.32313664666840863,1.9113633061421185,0.6346798762950522,0.32313664666840863,26,0.9440388912978304,mild
74,early_growth_slope,0.009608366992324589,0.007397686128651478,0.0074205921098057705,0.0028782611191166753,0.0058257327819730914,0.009299267773582998,0.0023096007608165523,0.011482662588795866,0.0034735349916099065,0.009173061827979313,0.0,1.0,-0.002210680863673111,-0.0021877748825188184,0.0021877748825188184,4.78635893658023e-06,0.6176315293118071,0.32313664666840863,1.9113633061421185,0.6346798762950522,0.32313664666840863,26,0.9440388912978304,mild
74,post_peak_decline_slope,-0.0128023092324535,-0.010043346514304483,-0.010396413815518228,0.0036650755943206615,-0.012415509950369592,-0.007632129732519396,-0.01576594708642613,-0.0036509631760418457,0.004783380217850196,0.012114983910384283,0.0,1.0,0.002758962718149018,0.0024058954169352727,0.0024058954169352727,5.788332757230149e-06,0.6176315293118071,0.32313664666840863,1.9113633061421185,0.6346798762950522,0.32313664666840863,26,0.9440388912978304,mild
74,late_phase_auc,0.3400244663353078,0.33490887114556245,0.34010524849873036,0.08061686361823148,0.28368840002804063,0.38095467154835205,0.20723639354691842,0.476862345484551,0.09726627152031142,0.26962595193763256,1.0,1.0,-0.005115595189745359,8.078216342255473e-05,8.078216342255473e-05,6.5257579272283396e-09,0.6176315293118071,0.32313664666840863,1.9113633061421185,0.6346798762950522,0.32313664666840863,26,0.9440388912978304,mild
74,time_to_half_peak_after_peak,7.0,6.47,7.0,2.1623733687452282,5.0,8.0,3.0,10.0,3.0,7.0,1.0,1.0,-0.5300000000000002,0.0,0.0,0.0,0.6176315293118071,0.32313664666840863,1.9113633061421185,0.6346798762950522,0.32313664666840863,26,0.9440388912978304,mild
74,late_to_early_mean_ratio,0.1781667483831236,0.18139124465129494,0.18555824065402957,0.04137560553340896,0.15363014950738002,0.21049603177348455,0.11332802271213717,0.24284837164947196,0.056865882266104534,0.12952034893733477,1.0,1.0,0.0032244962681713396,0.007391492270905964,0.007391492270905964,5.46341579908626e-05,0.6176315293118071,0.32313664666840863,1.9113633061421185,0.6346798762950522,0.32313664666840863,26,0.9440388912978304,mild
75,peak_time,7.0,22.4,19.5,14.138563926332472,11.0,35.25,1.0,45.05,24.25,44.05,0.0,1.0,15.399999999999999,12.5,12.5,156.25,0.18658654982594297,0.3128434453487288,0.5964214772598275,0.1956328376872004,0.3128434453487288,23,0.914368236302741,mild
75,peak_height,0.040843743830919266,0.051035518925637006,0.049991194158792496,0.012206758273855658,0.04219418577849865,0.05575679708272219,0.035292025469243524,0.07207570485770702,0.013562611304223537,0.0367836793884635,0.0,1.0,0.01019177509471774,0.00914745032787323,0.00914745032787323,8.367584750090806e-05,0.18658654982594297,0.3128434453487288,0.5964214772598275,0.1956328376872004,0.3128434453487288,23,0.914368236302741,mild
75,cumulative_infected,0.4587790725636296,0.5313663190978878,0.48101232026237994,0.22135578358883157,0.4186155643728853,0.5561387858324451,0.33856776334032473,0.9365828564070398,0.13752322145955986,0.598015093066715,1.0,1.0,0.07258724653425819,0.022233247698750347,0.022233247698750347,0.0004943173032339876,0.18658654982594297,0.3128434453487288,0.5964214772598275,0.1956328376872004,0.3128434453487288,23,0.914368236302741,mild
75,early_growth_slope,0.0008860594992126756,-0.0001917189862641467,-0.00016519936339353089,0.0021445402980947124,-0.0017021378596490683,0.0011115699706438361,-0.003724907965044533,0.00350802204271271,0.0028137078302929042,0.007232930007757243,1.0,1.0,-0.0010777784854768223,-0.0010512588626062065,0.0010512588626062065,1.105145196208095e-06,0.18658654982594297,0.3128434453487288,0.5964214772598275,0.1956328376872004,0.3128434453487288,23,0.914368236302741,mild
75,post_peak_decline_slope,-0.002037919685244562,-0.003872254528609553,-0.002801463784029086,0.00643397055505258,-0.0037971153913531467,-0.0018006226552339881,-0.006376566632804632,-0.0006819934698675402,0.0019964927361191586,0.005694573162937091,1.0,1.0,-0.001834334843364991,-0.0007635440987845241,0.0007635440987845241,5.829995907886711e-07,0.18658654982594297,0.3128434453487288,0.5964214772598275,0.1956328376872004,0.3128434453487288,23,0.914368236302741,mild
75,late_phase_auc,0.21712723764358088,0.24673555354331256,0.21347563609015197,0.15390108633122698,0.16993028791284814,0.2844101151567884,0.10145515087642706,0.46027309584897,0.11447982724394024,0.35881794497254293,1.0,1.0,0.029608315899731674,-0.003651601553428918,0.003651601553428918,1.3334193905004488e-05,0.18658654982594297,0.3128434453487288,0.5964214772598275,0.1956328376872004,0.3128434453487288,23,0.914368236302741,mild
75,time_to_half_peak_after_peak,2.0,1.12,1.0,0.35618630921006345,1.0,1.0,1.0,2.0,0.0,1.0,0.0,1.0,-0.8799999999999999,-1.0,1.0,1.0,0.18658654982594297,0.3128434453487288,0.5964214772598275,0.1956328376872004,0.3128434453487288,23,0.914368236302741,mild
75,late_to_early_mean_ratio,0.9471581871375857,0.9310553184050518,0.8296530606001882,0.425077639655993,0.6769282520803774,1.1669895208065124,0.4144109552736894,1.7565993462529965,0.490061268726135,1.342188390979307,1.0,1.0,-0.01610286873253386,-0.11750512653739753,0.11750512653739753,0.013807454762569806,0.18658654982594297,0.3128434453487288,0.5964214772598275,0.1956328376872004,0.3128434453487288,23,0.914368236302741,mild
76,peak_time,11.0,12.26,12.0,2.3208323132580317,11.0,14.0,9.0,15.049999999999997,3.0,6.049999999999997,1.0,1.0,1.2599999999999998,1.0,1.0,1.0,0.7843658854167113,0.46499854909492,1.6868136189745377,0.7902311024831781,0.46499854909492,23,0.9862552700698326,mild
76,peak_height,0.10927402973175049,0.12526532359421252,0.12337948754429817,0.018434059598236893,0.11485370993614197,0.13485678285360336,0.09649297818541527,0.16250198557972909,0.020003072917461395,0.06600900739431381,0.0,1.0,0.015991293862462036,0.014105457812547684,0.014105457812547684,0.00019896394010156249,0.7843658854167113,0.46499854909492,1.6868136189745377,0.7902311024831781,0.46499854909492,23,0.9862552700698326,mild
76,cumulative_infected,1.457833839871455,1.6524340616280226,1.6405030916212127,0.14101095234181243,1.5696942497306736,1.7436631140735699,1.4303794437130506,1.8739883510395885,0.17396886434289627,0.4436089073265379,0.0,1.0,0.19460022175656766,0.18266925174975768,0.18266925174975768,0.03336805553481635,0.7843658854167113,0.46499854909492,1.6868136189745377,0.7902311024831781,0.46499854909492,23,0.9862552700698326,mild
76,early_growth_slope,0.006740220478691514,0.007446597372556711,0.007565676400970136,0.0030640112007804376,0.005570070313600201,0.009285939458225454,0.003366720205416467,0.01175962491903365,0.003715869144625253,0.008392904713617182,1.0,1.0,0.000706376893865197,0.0008254559222786216,0.0008254559222786216,6.813774796248498e-07,0.7843658854167113,0.46499854909492,1.6868136189745377,0.7902311024831781,0.46499854909492,23,0.9862552700698326,mild
76,post_peak_decline_slope,-0.009514140834410987,-0.009074512561822005,-0.00917251441472521,0.0034818227388973793,-0.011323492791658894,-0.0070298776185760935,-0.014857426454157885,-0.0025428139946113066,0.0042936151730828005,0.012314612459546579,1.0,1.0,0.00043962827258898184,0.00034162641968577684,0.00034162641968577684,1.1670861062732253e-07,0.7843658854167113,0.46499854909492,1.6868136189745377,0.7902311024831781,0.46499854909492,23,0.9862552700698326,mild
76,late_phase_auc,0.15587691962718964,0.24050415123414495,0.23510026533040218,0.07217586717419178,0.18240018145297654,0.28756598357722396,0.13522700427565723,0.3627963864884805,0.10516580212424742,0.22756938221282327,0.0,1.0,0.08462723160695532,0.07922334570321254,0.07922334570321254,0.006276338504410725,0.7843658854167113,0.46499854909492,1.6868136189745377,0.7902311024831781,0.46499854909492,23,0.9862552700698326,mild
76,time_to_half_peak_after_peak,4.0,4.67,4.5,2.3912931288913177,3.0,6.0,1.0,9.0,3.0,8.0,1.0,1.0,0.6699999999999999,0.5,0.5,0.25,0.7843658854167113,0.46499854909492,1.6868136189745377,0.7902311024831781,0.46499854909492,23,0.9862552700698326,mild
76,late_to_early_mean_ratio,0.1311040743733792,0.1844173128787369,0.17606045827202838,0.07034879454076053,0.13509519734234327,0.2141120280144636,0.0991943577816914,0.31123994587865145,0.07901683067212034,0.21204558809696006,0.0,1.0,0.053313238505357685,0.04495638389864917,0.04495638389864917,0.0020210764532427226,0.7843658854167113,0.46499854909492,1.6868136189745377,0.7902311024831781,0.46499854909492,23,0.9862552700698326,mild
77,peak_time,12.0,11.57,11.0,0.9239244361073927,11.0,12.0,10.0,13.0,1.0,3.0,1.0,1.0,-0.4299999999999997,-1.0,1.0,1.0,0.6602441046102873,0.18089440429232445,3.6498868342181336,0.7218342998880969,0.18089440429232445,10,0.8933442978406578,mild
77,peak_height,0.389735609292984,0.38623664796352386,0.3865639716386795,0.01847716531252063,0.3726012632250786,0.3995956853032112,0.3585124284029007,0.41472009271383287,0.02699442207813263,0.05620766431093216,1.0,1.0,-0.0034989613294601485,-0.0031716376543045044,0.0031716376543045044,1.0059285410202179e-05,0.6602441046102873,0.18089440429232445,3.6498868342181336,0.7218342998880969,0.18089440429232445,10,0.8933442978406578,mild
77,cumulative_infected,5.479714006651193,5.280622839211719,5.272924232209334,0.19604733877803743,5.179457778169308,5.402498739029397,4.967209766561427,5.568569066852797,0.2230409608600894,0.60135930029137,0.0,1.0,-0.19909116743947397,-0.20678977444185875,0.20678977444185875,0.04276201081371482,0.6602441046102873,0.18089440429232445,3.6498868342181336,0.7218342998880969,0.18089440429232445,10,0.8933442978406578,mild
77,early_growth_slope,0.031020330752999998,0.02665423343253115,0.02650493314667117,0.004209860697470041,0.023857249379424107,0.02919676666247791,0.018757662003848787,0.03315201868815727,0.005339517283053801,0.014394356684308485,0.0,1.0,-0.004366097320468849,-0.004515397606328828,0.004515397606328828,2.0388815543240113e-05,0.6602441046102873,0.18089440429232445,3.6498868342181336,0.7218342998880969,0.18089440429232445,10,0.8933442978406578,mild
77,post_peak_decline_slope,-0.02643120388189955,-0.027694715773065905,-0.02798182343443238,0.003469965599303416,-0.03018552536765738,-0.025233214783171812,-0.033474051828185754,-0.02213629676649967,0.004952310584485569,0.011337755061686085,1.0,1.0,-0.0012635118911663544,-0.0015506195525328281,0.0015506195525328281,2.4044209966971083e-06,0.6602441046102873,0.18089440429232445,3.6498868342181336,0.7218342998880969,0.18089440429232445,10,0.8933442978406578,mild
77,late_phase_auc,0.5351664642803371,0.5035919215703325,0.4959492717316607,0.09273319375730739,0.4381153618451208,0.570441025076434,0.35732932640239595,0.6416394369560294,0.13232566323131323,0.2843101105536335,1.0,1.0,-0.031574542710004594,-0.039217192548676394,0.039217192548676394,0.0015379881913999594,0.6602441046102873,0.18089440429232445,3.6498868342181336,0.7218342998880969,0.18089440429232445,10,0.8933442978406578,mild
77,time_to_half_peak_after_peak,8.0,7.49,8.0,1.2101840581272976,7.0,8.0,5.0,9.0,1.0,4.0,1.0,1.0,-0.5099999999999998,0.0,0.0,0.0,0.6602441046102873,0.18089440429232445,3.6498868342181336,0.7218342998880969,0.18089440429232445,10,0.8933442978406578,mild
77,late_to_early_mean_ratio,0.11836905840216541,0.11474579583497642,0.11222615754081117,0.021277233998030158,0.09853926124700564,0.132514532841247,0.0811194112597433,0.14670248570610725,0.033975271594241366,0.06558307444636395,1.0,1.0,-0.0036232625671889923,-0.006142900861354245,0.006142900861354245,3.773523099242672e-05,0.6602441046102873,0.18089440429232445,3.6498868342181336,0.7218342998880969,0.18089440429232445,10,0.8933442978406578,mild
78,peak_time,11.0,10.05,10.0,0.8918825850158446,10.0,11.0,9.0,11.049999999999997,1.0,2.049999999999997,1.0,1.0,-0.9499999999999993,-1.0,1.0,1.0,0.784284239960217,0.2386919122428906,3.28575959105869,0.7952676908264648,0.2386919122428906,22,0.9753374802666552,mild
78,peak_height,0.3501555621623993,0.34558270037174227,0.3449697047472,0.023806446068655375,0.3277904763817787,0.3637238144874573,0.3113993123173714,0.3793790370225906,0.03593333810567856,0.06797972470521924,1.0,1.0,-0.0045728617906570235,-0.00518585741519928,0.00518585741519928,2.6893117130777355e-05,0.784284239960217,0.2386919122428906,3.28575959105869,0.7952676908264648,0.2386919122428906,22,0.9753374802666552,mild
78,cumulative_infected,4.1076011513359845,4.052423333336128,4.047234632416803,0.209450431070541,3.911078179059359,4.213445534667699,3.710804468090646,4.379217489986331,0.3023673556083395,0.6684130218956854,1.0,1.0,-0.05517781799985677,-0.060366518919181544,0.060366518919181544,0.003644116606419903,0.784284239960217,0.2386919122428906,3.28575959105869,0.7952676908264648,0.2386919122428906,22,0.9753374802666552,mild
78,early_growth_slope,0.03615079582890583,0.032368204669758024,0.03244557727261312,0.005649814542885551,0.028569241730673677,0.036164965652417204,0.022489640557961092,0.041954666530225594,0.007595723921743527,0.019465025972264502,1.0,1.0,-0.003782591159147808,-0.0037052185562927095,0.0037052185562927095,1.372864454989583e-05,0.784284239960217,0.2386919122428906,3.28575959105869,0.7952676908264648,0.2386919122428906,22,0.9753374802666552,mild
78,post_peak_decline_slope,-0.0350569018473228,-0.02937620770062012,-0.029350786159435937,0.0033296239648358855,-0.03161838430290423,-0.02692980039864781,-0.03497400649512811,-0.023172177808980145,0.004688583904256419,0.011801828686147962,0.0,0.0,0.005680694146702678,0.00570611568788686,0.00570611568788686,3.255975624354853e-05,0.784284239960217,0.2386919122428906,3.28575959105869,0.7952676908264648,0.2386919122428906,22,0.9753374802666552,mild
78,late_phase_auc,0.3188851517625153,0.2844933012313504,0.28083675328525715,0.06790305346465376,0.23885016664280556,0.3296190329674573,0.16848005194442522,0.396581484307535,0.09076886632465175,0.22810143236310976,1.0,1.0,-0.03439185053116489,-0.03804839847725816,0.03804839847725816,0.001447680626684221,0.784284239960217,0.2386919122428906,3.28575959105869,0.7952676908264648,0.2386919122428906,22,0.9753374802666552,mild
78,time_to_half_peak_after_peak,5.0,6.13,6.0,0.9282872247947678,5.75,7.0,5.0,8.0,1.25,3.0,0.0,1.0,1.13,1.0,1.0,1.0,0.784284239960217,0.2386919122428906,3.28575959105869,0.7952676908264648,0.2386919122428906,22,0.9753374802666552,mild
78,late_to_early_mean_ratio,0.08896386528297023,0.08066163114852892,0.08057765462132332,0.019639113065267312,0.0675781085587012,0.09378742002420706,0.051964980816101604,0.11146643111136048,0.02620931146550587,0.05950145029525888,1.0,1.0,-0.00830223413444131,-0.008386210661646909,0.008386210661646909,7.032852926152029e-05,0.784284239960217,0.2386919122428906,3.28575959105869,0.7952676908264648,0.2386919122428906,22,0.9753374802666552,mild
79,peak_time,16.0,16.71,17.0,1.8273732320719074,15.75,18.0,14.0,20.0,2.25,6.0,1.0,1.0,0.7100000000000009,1.0,1.0,1.0,0.49737214011776154,0.25228892267837133,1.9714386776776274,0.512515999636541,0.25228892267837133,15,0.9577884689606374,mild
79,peak_height,0.18730509281158447,0.18278100296854974,0.182569682598114,0.013356551069600557,0.17359237745404243,0.19040966778993607,0.15912521556019782,0.20573582425713538,0.01681729033589363,0.04661060869693756,1.0,1.0,-0.004524089843034734,-0.004735410213470459,0.004735410213470459,2.2424109889840338e-05,0.49737214011776154,0.25228892267837133,1.9714386776776274,0.512515999636541,0.25228892267837133,15,0.9577884689606374,mild
79,cumulative_infected,3.239708686247468,3.1248930556632697,3.1273620980791748,0.16974305553135516,3.0065978605271084,3.234357818029821,2.832477160001872,3.4146575741819105,0.2277599575027125,0.5821804141800384,0.0,1.0,-0.1148156305841983,-0.11234658816829324,0.11234658816829324,0.012621755873056086,0.49737214011776154,0.25228892267837133,1.9714386776776274,0.512515999636541,0.25228892267837133,15,0.9577884689606374,mild
79,early_growth_slope,-0.0017693568730638126,0.005648537991007852,0.005754195680353967,0.0029688040812760946,0.0037411362476026016,0.007632854671794033,0.0003343281086667339,0.01029297021284167,0.0038917184241914317,0.009958642104174936,0.0,0.0,0.0074178948640716644,0.00752355255341778,0.00752355255341778,5.6603843024039194e-05,0.49737214011776154,0.25228892267837133,1.9714386776776274,0.512515999636541,0.25228892267837133,15,0.9577884689606374,mild
79,post_peak_decline_slope,-0.0070737401644388785,-0.010058234949596226,-0.010257761118312673,0.0034896193286330446,-0.012561080201218527,-0.008132472758491823,-0.015014735711738472,-0.0045501930266618725,0.004428607442726704,0.0104645426850766,0.0,1.0,-0.002984494785157347,-0.0031840209538737943,0.0031840209538737943,1.0137989434707387e-05,0.49737214011776154,0.25228892267837133,1.9714386776776274,0.512515999636541,0.25228892267837133,15,0.9577884689606374,mild
79,late_phase_auc,0.692398538812995,0.6843401541365892,0.6874646647484042,0.10444141396018433,0.6026518486178247,0.7515808967873454,0.5412805987114553,0.8559619045139698,0.14892904816952068,0.3146813058025145,1.0,1.0,-0.008058384676405739,-0.004933874064590782,0.004933874064590782,2.4343113285241563e-05,0.49737214011776154,0.25228892267837133,1.9714386776776274,0.512515999636541,0.25228892267837133,15,0.9577884689606374,mild
79,time_to_half_peak_after_peak,10.0,7.47,7.0,2.380285187904503,6.0,9.0,4.0,12.0,3.0,8.0,0.0,1.0,-2.5300000000000002,-3.0,3.0,9.0,0.49737214011776154,0.25228892267837133,1.9714386776776274,0.512515999636541,0.25228892267837133,15,0.9577884689606374,mild
79,late_to_early_mean_ratio,0.29460129130349977,0.30611385376624317,0.3014365172500959,0.04984087662863833,0.2651828135299971,0.34153546664633216,0.2295024417918528,0.38791336931705117,0.07635265311633505,0.15841092752519836,1.0,1.0,0.011512562462743403,0.006835225946596135,0.006835225946596135,4.672031374102103e-05,0.49737214011776154,0.25228892267837133,1.9714386776776274,0.512515999636541,0.25228892267837133,15,0.9577884689606374,mild
80,peak_time,23.0,16.64,16.0,4.793766996861865,13.0,19.0,9.95,25.049999999999997,6.0,15.099999999999998,0.0,1.0,-6.359999999999999,-7.0,7.0,49.0,0.6209536731091455,0.4401458945565456,1.410790560104546,0.6300782006652179,0.4401458945565456,22,0.9741400366016958,mild
80,peak_height,0.08594826608896255,0.08858904357999563,0.0866335928440094,0.015085233238576542,0.07877998799085617,0.09822027385234833,0.06589037142693996,0.11170734874904155,0.019440285861492157,0.04581697732210159,1.0,1.0,0.0026407774910330722,0.0006853267550468445,0.0006853267550468445,4.696727611830376e-07,0.6209536731091455,0.4401458945565456,1.410790560104546,0.6300782006652179,0.4401458945565456,22,0.9741400366016958,mild
80,cumulative_infected,1.3928504329815041,1.3925635807974868,1.404680030362215,0.20310702448852266,1.241262541283504,1.5355567159494967,1.0721222876978573,1.6919454566726926,0.2942941746659926,0.6198231689748352,1.0,1.0,-0.000286852184017361,0.011829597380710766,0.011829597380710766,0.000139939374189719,0.6209536731091455,0.4401458945565456,1.410790560104546,0.6300782006652179,0.4401458945565456,22,0.9741400366016958,mild
80,early_growth_slope,0.004965788241298425,0.0024898801393716157,0.002494977282670637,0.0025797598882964733,0.0008789056973044021,0.004086549016868784,-0.0016898451345263108,0.0068986691351580805,0.0032076433195643824,0.008588514269684391,0.0,1.0,-0.0024759081019268096,-0.002470810958627788,0.002470810958627788,6.10490679327517e-06,0.6209536731091455,0.4401458945565456,1.410790560104546,0.6300782006652179,0.4401458945565456,22,0.9741400366016958,mild
80,post_peak_decline_slope,-0.004824392311275012,-0.004080490875019072,-0.004166235666101179,0.002605761368756486,-0.0057855728858460945,-0.0022110789859046505,-0.00851886546627308,0.00014223486495514154,0.003574493899941444,0.008661100331228222,1.0,1.0,0.0007439014362559402,0.0006581566451738328,0.0006581566451738328,4.3317016958647443e-07,0.6209536731091455,0.4401458945565456,1.410790560104546,0.6300782006652179,0.4401458945565456,22,0.9741400366016958,mild
80,late_phase_auc,0.36919671899522655,0.382496731384017,0.37755741841101553,0.09479089652294446,0.3095012395933736,0.43641917865897994,0.2467813069044496,0.5903367213410092,0.12691793906560633,0.3435554144365596,1.0,1.0,0.013300012388790472,0.008360699415788986,0.008360699415788986,6.990129472117428e-05,0.6209536731091455,0.4401458945565456,1.410790560104546,0.6300782006652179,0.4401458945565456,22,0.9741400366016958,mild
80,time_to_half_peak_after_peak,1.0,2.71,2.0,2.1755993020849043,1.0,3.0,1.0,8.0,2.0,7.0,1.0,1.0,1.71,1.0,1.0,1.0,0.6209536731091455,0.4401458945565456,1.410790560104546,0.6300782006652179,0.4401458945565456,22,0.9741400366016958,mild
80,late_to_early_mean_ratio,0.3644813211372256,0.4321535239062342,0.3918493117269539,0.17836392429446674,0.3152986073087857,0.5161232026804241,0.22173198006048686,0.8186638647368589,0.20082459537163838,0.596931884676372,1.0,1.0,0.0676722027690086,0.02736799058972833,0.02736799058972833,0.0007490069089194584,0.6209536731091455,0.4401458945565456,1.410790560104546,0.6300782006652179,0.4401458945565456,22,0.9741400366016958,mild
81,peak_time,44.0,23.78,23.0,9.873523416008322,18.0,30.0,8.850000000000001,41.0,12.0,32.15,0.0,0.0,-20.22,-21.0,21.0,441.0,0.30522229917001487,0.23774780584853872,1.2838070075164518,0.3180362455536828,0.23774780584853872,27,0.9124112249112036,mild
81,peak_height,0.0763322114944458,0.07558629427105189,0.0739872194826603,0.01952265326209904,0.06071153935045004,0.08559874072670937,0.04904367476701736,0.10881718322634693,0.024887201376259327,0.05977350845932956,1.0,1.0,-0.0007459172233939132,-0.002344992011785507,0.002344992011785507,5.49898753533784e-06,0.30522229917001487,0.23774780584853872,1.2838070075164518,0.3180362455536828,0.23774780584853872,27,0.9124112249112036,mild
81,cumulative_infected,1.5837836770224385,1.3059094909792384,1.2451983419596218,0.5446811949754429,0.9252542757749325,1.6061508017010055,0.6231423653895035,2.304507684456166,0.6808965259260731,1.6813653190666624,1.0,1.0,-0.27787418604320013,-0.33858533506281674,0.33858533506281674,0.11464002911959988,0.30522229917001487,0.23774780584853872,1.2838070075164518,0.3180362455536828,0.23774780584853872,27,0.9124112249112036,mild
81,early_growth_slope,0.0011575421189523442,0.0005496027146312248,0.0004438956852287193,0.002511408684464405,-0.0011457234601645412,0.002121408994536891,-0.0032630889158185893,0.004483430994774346,0.0032671324547014326,0.007746519910592936,1.0,1.0,-0.0006079394043211194,-0.0007136464337236249,0.0007136464337236249,5.092912323664482e-07,0.30522229917001487,0.23774780584853872,1.2838070075164518,0.3180362455536828,0.23774780584853872,27,0.9124112249112036,mild
81,post_peak_decline_slope,-0.006634016547884267,-0.003824532551875434,-0.0033509021004041037,0.00585194205310183,-0.004772142540120206,-0.0016766794258728634,-0.006165577024997522,-0.00038534392534225905,0.003095463114247343,0.005780233099655262,0.0,0.0,0.002809483996008833,0.0032831144474801633,0.0032831144474801633,1.0778840475252979e-05,0.30522229917001487,0.23774780584853872,1.2838070075164518,0.3180362455536828,0.23774780584853872,27,0.9124112249112036,mild
81,late_phase_auc,0.7986395936459303,0.643466339851002,0.5503504073712975,0.31973294005919745,0.4534007330221357,0.7594312428846024,0.26470480568823407,1.282444208418019,0.3060305098624667,1.0177394027297848,0.0,1.0,-0.1551732537949283,-0.2482891862746328,0.2482891862746328,0.06164752002091931,0.30522229917001487,0.23774780584853872,1.2838070075164518,0.3180362455536828,0.23774780584853872,27,0.9124112249112036,mild
81,time_to_half_peak_after_peak,1.0,2.18,1.0,2.3154291440707317,1.0,2.0,1.0,5.049999999999997,1.0,4.049999999999997,1.0,1.0,1.1800000000000002,0.0,0.0,0.0,0.30522229917001487,0.23774780584853872,1.2838070075164518,0.3180362455536828,0.23774780584853872,27,0.9124112249112036,mild
81,late_to_early_mean_ratio,1.0607501483968524,1.030749090550791,1.016712455804433,0.2950444689947119,0.8218474021952498,1.1866869556986899,0.6141621258176072,1.5630523915667631,0.3648395535034401,0.9488902657491559,1.0,1.0,-0.03000105784606144,-0.04403769259241952,0.04403769259241952,0.001939318368864441,0.30522229917001487,0.23774780584853872,1.2838070075164518,0.3180362455536828,0.23774780584853872,27,0.9124112249112036,mild
82,peak_time,10.0,10.75,11.0,0.9031370691409835,10.0,11.0,9.0,12.0,1.0,3.0,1.0,1.0,0.75,1.0,1.0,1.0,0.7210709088337376,0.17536908826992742,4.111733236155439,0.7614287716140926,0.17536908826992742,19,0.914511600438866,mild
82,peak_height,0.45521774888038635,0.4137982481718063,0.41373512148857117,0.020584483754982688,0.3962802365422249,0.4287847504019737,0.38450706750154495,0.44611983150243756,0.03250451385974884,0.061612764000892606,0.0,0.0,-0.041419500708580026,-0.041482627391815186,0.041482627391815186,0.0017208083753281755,0.7210709088337376,0.17536908826992742,4.111733236155439,0.7614287716140926,0.17536908826992742,19,0.914511600438866,mild
82,cumulative_infected,5.561877756146714,5.412743927195361,5.404600988491438,0.23062339537793905,5.24754417330405,5.578790312421916,5.033176539841224,5.800168253793527,0.3312461391178658,0.7669917139523026,1.0,1.0,-0.14913382895135285,-0.15727676765527576,0.15727676765527576,0.024735981644091597,0.7210709088337376,0.17536908826992742,4.111733236155439,0.7614287716140926,0.17536908826992742,19,0.914511600438866,mild
82,early_growth_slope,0.03581096228611255,0.03315449412668904,0.03307329191427145,0.00457281950347973,0.02956775506581401,0.03646406173443427,0.0259780748614243,0.0412220264685207,0.006896306668620258,0.015243951607096403,1.0,1.0,-0.0026564681594235112,-0.002737670371841104,0.002737670371841104,7.4948390648566096e-06,0.7210709088337376,0.17536908826992742,4.111733236155439,0.7614287716140926,0.17536908826992742,19,0.914511600438866,mild
82,post_peak_decline_slope,-0.02956706931193673,-0.031190844510992393,-0.031145622457067212,0.003757888050163106,-0.03342963661998514,-0.028685962719221917,-0.037853101988633495,-0.02557323301831882,0.004743673900763221,0.012279868970314675,1.0,1.0,-0.0016237751990556618,-0.0015785531451304805,0.0015785531451304805,2.4918300320013316e-06,0.7210709088337376,0.17536908826992742,4.111733236155439,0.7614287716140926,0.17536908826992742,19,0.914511600438866,mild
82,late_phase_auc,0.3573542202357203,0.4649567891655442,0.46866895974380895,0.08342215620479478,0.41914727035327815,0.5100201667519286,0.3390862666012254,0.6054914968670346,0.09087289639865048,0.26640523026580926,0.0,1.0,0.10760256892982395,0.11131473950808868,0.11131473950808868,0.012390971231753638,0.7210709088337376,0.17536908826992742,4.111733236155439,0.7614287716140926,0.17536908826992742,19,0.914511600438866,mild
82,time_to_half_peak_after_peak,8.0,6.97,7.0,1.0584436831041273,6.0,8.0,5.0,8.0,2.0,3.0,1.0,1.0,-1.0300000000000002,-1.0,1.0,1.0,0.7210709088337376,0.17536908826992742,4.111733236155439,0.7614287716140926,0.17536908826992742,19,0.914511600438866,mild
82,late_to_early_mean_ratio,0.07935807606706688,0.10137055483780893,0.1015705419004948,0.017404075670217123,0.0901650874417228,0.111850061597384,0.07291127101003253,0.1278611434566647,0.021684974155661202,0.05494987244663216,0.0,1.0,0.022012478770742056,0.022212465833427925,0.022212465833427925,0.000493393638401203,0.7210709088337376,0.17536908826992742,4.111733236155439,0.7614287716140926,0.17536908826992742,19,0.914511600438866,mild
83,peak_time,5.0,20.51,18.5,15.481820554339455,7.0,32.25,1.0,46.0,25.25,45.0,0.0,1.0,15.510000000000002,13.5,13.5,182.25,0.29053904973642114,0.3250636212203553,0.8937913404326148,0.3040160480103402,0.3250636212203553,30,0.8891752724722883,mild
83,peak_height,0.0646437257528305,0.04985567612573504,0.048444388434290886,0.011636140665816821,0.04167475551366806,0.0559944799169898,0.03439602386206388,0.06784452907741069,0.014319724403321743,0.033448505215346806,0.0,1.0,-0.014788049627095463,-0.01619933731853962,0.01619933731853962,0.0002624185295598304,0.29053904973642114,0.3250636212203553,0.8937913404326148,0.3040160480103402,0.3250636212203553,30,0.8891752724722883,mild
83,cumulative_infected,0.345025924150832,0.5054663820802512,0.4522570294357138,0.21406116747832415,0.40041191478667315,0.532501757834325,0.3298924465285381,0.833444691360637,0.1320898430476518,0.5035522448320989,0.0,1.0,0.1604404579294192,0.10723110528488178,0.10723110528488178,0.0114985099406174,0.29053904973642114,0.3250636212203553,0.8937913404326148,0.3040160480103402,0.3250636212203553,30,0.8891752724722883,mild
83,early_growth_slope,0.003415678503058318,-0.00037546982964288664,-0.0004526897314679521,0.0023827808760342674,-0.001968660582774428,0.0011872124367593123,-0.004433039220557905,0.0038666444478578682,0.00315587301953374,0.008299683668415773,0.0,1.0,-0.003791148332701205,-0.0038683682345262704,0.0038683682345262704,1.4964272797891894e-05,0.29053904973642114,0.3250636212203553,0.8937913404326148,0.3040160480103402,0.3250636212203553,30,0.8891752724722883,mild
83,post_peak_decline_slope,-0.0040944634742724395,-0.0041851230730419395,-0.0028816388260262706,0.007119310830946689,-0.003923325695601914,-0.0016373651815229128,-0.013189822426065813,-0.00026745708639889213,0.002285960514079001,0.012922365339666921,0.0,1.0,-9.06595987695e-05,0.001212824648246169,0.001212824648246169,1.4709436273934434e-06,0.29053904973642114,0.3250636212203553,0.8937913404326148,0.3040160480103402,0.3250636212203553,30,0.8891752724722883,mild
83,late_phase_auc,0.1890421531861648,0.2318632628682667,0.19605502204649383,0.16241330928140435,0.16465469697141089,0.2372621975664515,0.12260203483992882,0.48326985779858656,0.07260750059504062,0.36066782295865774,1.0,1.0,0.0428211096821019,0.007012868860329036,0.007012868860329036,4.9180329652172665e-05,0.29053904973642114,0.3250636212203553,0.8937913404326148,0.3040160480103402,0.3250636212203553,30,0.8891752724722883,mild
83,time_to_half_peak_after_peak,1.0,1.16,1.0,0.5453198486885815,1.0,1.0,1.0,2.0,0.0,1.0,1.0,1.0,0.15999999999999992,0.0,0.0,0.0,0.29053904973642114,0.3250636212203553,0.8937913404326148,0.3040160480103402,0.3250636212203553,30,0.8891752724722883,mild
83,late_to_early_mean_ratio,1.3361112484155828,0.9094407556526741,0.7453725397559945,0.4703679181773105,0.5530474966789217,1.1438480284822856,0.437750397981671,1.7716516135113847,0.5908005318033639,1.3339012155297136,0.0,1.0,-0.4266704927629087,-0.5907387086595883,0.5907387086595883,0.34897222190879795,0.29053904973642114,0.3250636212203553,0.8937913404326148,0.3040160480103402,0.3250636212203553,30,0.8891752724722883,mild
84,peak_time,9.0,8.79,9.0,0.9133687230480493,8.0,9.0,7.0,10.0,1.0,3.0,1.0,1.0,-0.21000000000000085,0.0,0.0,0.0,0.8140180527175709,0.34601078088206527,2.35258002840964,0.9026472650097189,0.34601078088206527,11,0.8741178313489707,mild
84,peak_height,0.30015435814857483,0.2451622562110424,0.24328704178333282,0.02490546578580136,0.23185129836201668,0.2620217353105545,0.20647623315453528,0.28670541793107984,0.030170436948537827,0.08022918477654456,0.0,0.0,-0.05499210193753243,-0.056867316365242004,0.056867316365242004,0.003233891670584521,0.8140180527175709,0.34601078088206527,2.35258002840964,0.9026472650097189,0.34601078088206527,11,0.8741178313489707,mild
84,cumulative_infected,2.6431390239158645,2.5084274435059797,2.504366857087007,0.20351686363918914,2.364626100039459,2.6382943254575366,2.2262016925931674,2.7962959047144977,0.2736682254180778,0.5700942121213304,0.0,1.0,-0.13471158040988485,-0.13877216682885773,0.13877216682885773,0.019257714286376324,0.8140180527175709,0.34601078088206527,2.35258002840964,0.9026472650097189,0.34601078088206527,11,0.8741178313489707,mild
84,early_growth_slope,0.0345276187844796,0.026927969993989352,0.027396841889380342,0.004270494907349322,0.023965312722360802,0.02972395253060052,0.020401226957550356,0.03313818614849532,0.005758639808239718,0.012736959190944964,0.0,0.0,-0.00759964879049025,-0.0071307768950992605,0.0071307768950992605,5.084797912768145e-05,0.8140180527175709,0.34601078088206527,2.35258002840964,0.9026472650097189,0.34601078088206527,11,0.8741178313489707,mild
84,post_peak_decline_slope,-0.028023247296611493,-0.023673774195835003,-0.023669374501332642,0.003839045238484349,-0.02558364449068904,-0.021258592481414477,-0.030507054353753754,-0.01717062762938439,0.004325052009274563,0.013336426724369365,0.0,1.0,0.004349473100776491,0.004353872795278851,0.004353872795278851,1.895620831746928e-05,0.8140180527175709,0.34601078088206527,2.35258002840964,0.9026472650097189,0.34601078088206527,11,0.8741178313489707,mild
84,late_phase_auc,0.22036663221661001,0.19487880622832562,0.1839144873811165,0.05897040716021366,0.15351822809316218,0.22954577731434256,0.11140297403053409,0.295420334659866,0.07602754922118038,0.1840173606293319,1.0,1.0,-0.02548782598828439,-0.03645214483549353,0.03645214483549353,0.0013287588631077975,0.8140180527175709,0.34601078088206527,2.35258002840964,0.9026472650097189,0.34601078088206527,11,0.8741178313489707,mild
84,time_to_half_peak_after_peak,3.0,5.19,5.0,1.203488196196306,4.0,6.0,3.0,7.0,2.0,4.0,0.0,1.0,2.1900000000000004,2.0,2.0,4.0,0.8140180527175709,0.34601078088206527,2.35258002840964,0.9026472650097189,0.34601078088206527,11,0.8741178313489707,mild
84,late_to_early_mean_ratio,0.09538136049233385,0.08875983611032169,0.0825596025510575,0.02758515669302381,0.06773204156396631,0.1055413702269787,0.051233788632371796,0.13935711935513348,0.037809328663012384,0.08812333072276168,1.0,1.0,-0.006621524382012162,-0.012821757941276352,0.012821757941276352,0.00016439747670468318,0.8140180527175709,0.34601078088206527,2.35258002840964,0.9026472650097189,0.34601078088206527,11,0.8741178313489707,mild
85,peak_time,16.0,14.89,15.0,1.4347420843081342,14.0,16.0,13.0,17.0,2.0,4.0,1.0,1.0,-1.1099999999999994,-1.0,1.0,1.0,0.5218635276420822,0.2231256609512457,2.3388772291686903,0.5528101045806079,0.2231256609512457,29,0.8667131345220106,mild
85,peak_height,0.2658627927303314,0.24230666264891623,0.2433798462152481,0.01617565535190157,0.23098070546984673,0.2532390132546425,0.21867262274026872,0.26836144626140596,0.02225830778479576,0.04968882352113724,0.0,1.0,-0.02355613008141519,-0.022482946515083313,0.022482946515083313,0.0005054828840000969,0.5218635276420822,0.2231256609512457,2.3388772291686903,0.5528101045806079,0.2231256609512457,29,0.8667131345220106,mild
85,cumulative_infected,4.044277387205511,3.8449638920386677,3.8434350477764383,0.18144569838433144,3.7062742492453253,3.965222249404178,3.5653051677243637,4.158963999501429,0.25894800015885266,0.5936588317770655,0.0,1.0,-0.1993134951668436,-0.20084233942907304,0.20084233942907304,0.04033764530734298,0.5218635276420822,0.2231256609512457,2.3388772291686903,0.5528101045806079,0.2231256609512457,29,0.8667131345220106,mild
85,early_growth_slope,0.004919947435458503,0.009066306071373608,0.008949515443029146,0.002858231573146283,0.007354896374246371,0.010985648252591046,0.004743513250390866,0.014085966629153557,0.0036307518783446745,0.009342453378762692,0.0,1.0,0.0041463586359151055,0.004029568007570644,0.004029568007570644,1.6237418327636847e-05,0.5218635276420822,0.2231256609512457,2.3388772291686903,0.5528101045806079,0.2231256609512457,29,0.8667131345220106,mild
85,post_peak_decline_slope,-0.01466994720200697,-0.01422248015552759,-0.014238494200011095,0.003592945377336844,-0.0167754393691818,-0.011659391814221922,-0.019781554968406737,-0.008048280850052844,0.005116047554959877,0.011733274118353893,1.0,1.0,0.0004474670464793794,0.000431453001995874,0.000431453001995874,1.8615169293125164e-07,0.5218635276420822,0.2231256609512457,2.3388772291686903,0.5528101045806079,0.2231256609512457,29,0.8667131345220106,mild
85,late_phase_auc,0.6189254284836352,0.6425418976891706,0.6439631449466106,0.09390132005856512,0.5754763828008436,0.708854760741815,0.4896276096435031,0.7931089402263751,0.1333783779409714,0.303481330582872,1.0,1.0,0.023616469205535395,0.025037716462975368,0.025037716462975368,0.0006268872456803477,0.5218635276420822,0.2231256609512457,2.3388772291686903,0.5528101045806079,0.2231256609512457,29,0.8667131345220106,mild
85,time_to_half_peak_after_peak,7.0,7.96,8.0,1.9380298232895168,7.0,9.0,5.0,11.0,2.0,6.0,1.0,1.0,0.96,1.0,1.0,1.0,0.5218635276420822,0.2231256609512457,2.3388772291686903,0.5528101045806079,0.2231256609512457,29,0.8667131345220106,mild
85,late_to_early_mean_ratio,0.19912865615026104,0.21877098705411777,0.2240127729674636,0.03212747967675916,0.19305619537968996,0.2431145974285969,0.16628394144471836,0.26429169493717475,0.050058402048906936,0.09800775349245638,1.0,1.0,0.019642330903856725,0.024884116817202567,0.024884116817202567,0.0006192192697721836,0.5218635276420822,0.2231256609512457,2.3388772291686903,0.5528101045806079,0.2231256609512457,29,0.8667131345220106,mild
86,peak_time,41.0,38.66,38.0,5.268967659989972,35.75,43.0,30.0,47.05,7.25,17.049999999999997,1.0,1.0,-2.3400000000000034,-3.0,3.0,9.0,0.19152376210483107,0.10197764176763263,1.8780956176770514,0.20418726096032935,0.10197764176763263,22,0.8892517059730614,mild
86,peak_height,0.16248969733715057,0.18638540796935557,0.1829804629087448,0.046414874298990855,0.15561886504292488,0.21946823224425316,0.1130173735320568,0.24985403716564172,0.06384936720132828,0.13683666363358493,1.0,1.0,0.023895710632204997,0.02049076557159424,0.02049076557159424,0.00041987147371003175,0.19152376210483107,0.10197764176763263,1.8780956176770514,0.20418726096032935,0.10197764176763263,22,0.8892517059730614,mild
86,cumulative_infected,3.8460923531092703,4.49335811303572,4.444089329757844,1.2385320314382275,3.758846667900798,5.281419415492564,2.2488296735449693,6.349488189828117,1.5225727475917665,4.100658516283147,1.0,1.0,0.6472657599264497,0.5979969766485738,0.5979969766485738,0.3576003840808349,0.19152376210483107,0.10197764176763263,1.8780956176770514,0.20418726096032935,0.10197764176763263,22,0.8892517059730614,mild
86,early_growth_slope,0.0015448624090779403,0.0017007789396960842,0.0016560650567823483,0.002202886527412221,9.370674975105523e-05,0.003035720623475277,-0.0013198510969578757,0.004832391055450507,0.0029420138737242217,0.006152242152408383,1.0,1.0,0.0001559165306181439,0.00011120264770440804,0.00011120264770440804,1.2366028856470686e-08,0.19152376210483107,0.10197764176763263,1.8780956176770514,0.20418726096032935,0.10197764176763263,22,0.8892517059730614,mild
86,post_peak_decline_slope,-0.0017908311138550347,-0.006682780979489457,-0.004169002636557537,0.011559483369307514,-0.006470237423976257,-0.0019043224464569653,-0.020283764600753703,2.0802194873490312e-05,0.004565914977519292,0.020304566795627192,0.0,1.0,-0.004891949865634422,-0.002378171522702503,0.002378171522702503,5.6556997913931416e-06,0.19152376210483107,0.10197764176763263,1.8780956176770514,0.20418726096032935,0.10197764176763263,22,0.8892517059730614,mild
86,late_phase_auc,2.7910308986902237,3.3517658223956825,3.3479399159550667,1.0035972871374044,2.7703208420425653,3.945674349553883,1.5252892951481045,4.887101439759135,1.1753535075113177,3.3618121446110307,1.0,1.0,0.5607349237054589,0.556909017264843,0.556909017264843,0.3101476535108932,0.19152376210483107,0.10197764176763263,1.8780956176770514,0.20418726096032935,0.10197764176763263,22,0.8892517059730614,mild
86,time_to_half_peak_after_peak,5.0,8.98,9.0,5.266589949575503,5.0,13.0,1.0,18.0,8.0,17.0,1.0,1.0,3.9800000000000004,4.0,4.0,16.0,0.19152376210483107,0.10197764176763263,1.8780956176770514,0.20418726096032935,0.10197764176763263,22,0.8892517059730614,mild
86,late_to_early_mean_ratio,2.8452281067503162,3.1290652622046173,3.10158139410765,0.5838484652491356,2.75384661106703,3.4610760699971106,2.315657927564731,4.014729121425084,0.7072294589300805,1.699071193860353,1.0,1.0,0.2838371554543011,0.25635328735733376,0.25635328735733376,0.06571700793891173,0.19152376210483107,0.10197764176763263,1.8780956176770514,0.20418726096032935,0.10197764176763263,22,0.8892517059730614,mild
87,peak_time,38.0,42.09,42.0,3.776843318771042,39.0,45.0,35.0,48.0,6.0,13.0,0.0,1.0,4.090000000000003,4.0,4.0,16.0,0.19697894162645668,0.07166368098564256,2.748657882448438,0.20057927886821716,0.07166368098564256,25,0.9641006063829162,mild
87,peak_height,0.29853302240371704,0.30676430851221087,0.31757113337516785,0.0599107347003979,0.27555592358112335,0.3448527231812477,0.19337624832987785,0.3866323888301849,0.06929679960012436,0.19325614050030707,1.0,1.0,0.00823128610849383,0.019038110971450806,0.019038110971450806,0.00036244966936127554,0.19697894162645668,0.07166368098564256,2.748657882448438,0.20057927886821716,0.07166368098564256,25,0.9641006063829162,mild
87,cumulative_infected,7.110377378761768,7.2485973914677375,7.4375010104849935,1.5766869482842605,6.490513064440165,8.266975012607872,4.360119621723425,9.289770178403703,1.7764619481677073,4.929650556680278,1.0,1.0,0.13822001270596918,0.3271236317232251,0.3271236317232251,0.10700987043179222,0.19697894162645668,0.07166368098564256,2.748657882448438,0.20057927886821716,0.07166368098564256,25,0.9641006063829162,mild
87,early_growth_slope,-0.001995502461102745,0.0013814723060018186,0.001444378828247344,0.0025396490178454987,1.566776752172605e-05,0.003206394569826356,-0.0034170005259857982,0.004702910279212073,0.00319072680230463,0.008119910805197871,0.0,1.0,0.0033769747671045635,0.003439881289350089,0.003439881289350089,1.1832783284820832e-05,0.19697894162645668,0.07166368098564256,2.748657882448438,0.20057927886821716,0.07166368098564256,25,0.9641006063829162,mild
87,post_peak_decline_slope,-0.006751248240470882,-0.007619295053361417,-0.005559665523469448,0.007173608108216031,-0.008884431129055351,-0.0033729955554009103,-0.0230860181152819,-0.0002648927768071479,0.005511435573654441,0.02282112533847475,1.0,1.0,-0.0008680468128905343,0.0011915827170014348,0.0011915827170014348,1.4198693714565217e-06,0.19697894162645668,0.07166368098564256,2.748657882448438,0.20057927886821716,0.07166368098564256,25,0.9641006063829162,mild
87,late_phase_auc,5.61821386218071,5.811063524372876,6.035550465807319,1.2759029374410515,5.264860957860947,6.620597315952182,3.4051808369345964,7.488588817417621,1.3557363580912352,4.083407980483024,1.0,1.0,0.19284966219216582,0.41733660362660885,0.41733660362660885,0.17416984072659322,0.19697894162645668,0.07166368098564256,2.748657882448438,0.20057927886821716,0.07166368098564256,25,0.9641006063829162,mild
87,time_to_half_peak_after_peak,11.0,6.73,7.0,3.70872571979197,3.75,10.0,1.0,12.099999999999994,6.25,11.099999999999994,0.0,1.0,-4.27,-4.0,4.0,16.0,0.19697894162645668,0.07166368098564256,2.748657882448438,0.20057927886821716,0.07166368098564256,25,0.9641006063829162,mild
87,late_to_early_mean_ratio,4.0562499043130105,4.397499804484903,4.4242948724864934,0.5204802899054178,4.066926092832105,4.766236903098958,3.5449976608279266,5.248064705712127,0.6993108102668533,1.7030670448842007,0.0,1.0,0.34124990017189294,0.368044968173483,0.368044968173483,0.1354570985978201,0.19697894162645668,0.07166368098564256,2.748657882448438,0.20057927886821716,0.07166368098564256,25,0.9641006063829162,mild
88,peak_time,16.0,16.05,16.0,3.089163202702197,13.75,18.0,11.0,21.0,4.25,10.0,1.0,1.0,0.05000000000000071,0.0,0.0,0.0,0.5745326992384606,0.3901102894262513,1.472744284913494,0.5891776804843937,0.3901102894262513,16,0.9634461082967949,mild
88,peak_height,0.10459720343351364,0.10626333482563495,0.10752424597740173,0.015124029938698555,0.09415261633694172,0.11538506485521793,0.0841449648141861,0.1306594856083393,0.021232448518276215,0.04651452079415319,1.0,1.0,0.001666131392121309,0.002927042543888092,0.002927042543888092,8.567578053730873e-06,0.5745326992384606,0.3901102894262513,1.472744284913494,0.5891776804843937,0.3901102894262513,16,0.9634461082967949,mild
88,cumulative_infected,1.654703616979532,1.6877325107542491,1.6920063279103488,0.19618383487614968,1.5566635762043006,1.78203812319407,1.3918328270672646,2.007644035865087,0.22537454698976944,0.6158112087978223,1.0,1.0,0.03302889377471718,0.03730271093081683,0.03730271093081683,0.0013914922427880813,0.5745326992384606,0.3901102894262513,1.472744284913494,0.5891776804843937,0.3901102894262513,16,0.9634461082967949,mild
88,early_growth_slope,0.005270428966642135,0.0031697366362433443,0.00304401239762748,0.0028083300530650787,0.0010554283189343388,0.00534440653947448,-0.000996941113234718,0.007446323221804394,0.004288978220540141,0.008443264335039112,1.0,1.0,-0.0021006923303987907,-0.002226416569014655,0.002226416569014655,4.956930738782988e-06,0.5745326992384606,0.3901102894262513,1.472744284913494,0.5891776804843937,0.3901102894262513,16,0.9634461082967949,mild
88,post_peak_decline_slope,-0.007172753972311801,-0.00562658457414121,-0.005543232802301646,0.0031416688046682073,-0.007491775462403893,-0.0035433259482185093,-0.011022199713625015,-0.0006828795125087115,0.003948449514185383,0.010339320201116303,1.0,1.0,0.0015461693981705911,0.0016295211700101554,0.0016295211700101554,2.6553392435112657e-06,0.5745326992384606,0.3901102894262513,1.472744284913494,0.5891776804843937,0.3901102894262513,16,0.9634461082967949,mild
88,late_phase_auc,0.3531427214620635,0.38614357061680493,0.37839559523854405,0.09990560186519826,0.32214306651439983,0.44157334393821657,0.24790793504289468,0.5522288330015725,0.11943027742381673,0.3043208979586779,1.0,1.0,0.03300084915474144,0.025252873776480556,0.025252873776480556,0.0006377076339708593,0.5745326992384606,0.3901102894262513,1.472744284913494,0.5891776804843937,0.3901102894262513,16,0.9634461082967949,mild
88,time_to_half_peak_after_peak,7.0,4.32,3.0,2.991165442945393,2.0,6.0,1.0,10.099999999999994,4.0,9.099999999999994,0.0,1.0,-2.6799999999999997,-4.0,4.0,16.0,0.5745326992384606,0.3901102894262513,1.472744284913494,0.5891776804843937,0.3901102894262513,16,0.9634461082967949,mild
88,late_to_early_mean_ratio,0.2942970832684812,0.3269480008170059,0.31930046584188143,0.10553398492925112,0.2608057736219749,0.38556608379526625,0.19572580779474116,0.46975193196547776,0.12476031017329137,0.2740261241707366,1.0,1.0,0.03265091754852473,0.025003382573400235,0.025003382573400235,0.0006251691401118146,0.5745326992384606,0.3901102894262513,1.472744284913494,0.5891776804843937,0.3901102894262513,16,0.9634461082967949,mild
89,peak_time,15.0,20.37,17.0,15.483882137907342,6.0,33.25,0.0,46.0,27.25,46.0,1.0,1.0,5.370000000000001,2.0,2.0,4.0,0.21690135169979485,0.46410260330618214,0.4673564641840603,0.2312464797503152,0.46410260330618214,27,0.865143629373024,mild
89,peak_height,0.06049031764268875,0.049589926898479464,0.048454271629452705,0.010078689915616869,0.042434374801814556,0.05634512007236481,0.036192454397678375,0.06615868657827377,0.013910745270550251,0.029966232180595395,0.0,1.0,-0.010900390744209287,-0.012036046013236046,0.012036046013236046,0.0001448664036327353,0.21690135169979485,0.46410260330618214,0.4673564641840603,0.2312464797503152,0.46410260330618214,27,0.865143629373024,mild
89,cumulative_infected,0.3490658359078225,0.47573034039728557,0.44517444728990085,0.13808521911480878,0.38408726996567566,0.5192444864660501,0.3121283477419638,0.7864457909483462,0.1351572165003745,0.4743174432063824,0.0,1.0,0.1266645044894631,0.09610861138207838,0.09610861138207838,0.009236865181791365,0.21690135169979485,0.46410260330618214,0.4673564641840603,0.2312464797503152,0.46410260330618214,27,0.865143629373024,mild
89,early_growth_slope,0.0007375952166815601,-0.0006378069466015956,-0.00046457217762335294,0.0022727538545623737,-0.0023835493068742946,0.001145927383428595,-0.004110127566188261,0.0030298918798854135,0.0035294766903028896,0.007140019446073675,1.0,1.0,-0.0013754021632831556,-0.001202167394304913,0.001202167394304913,1.4452064439298642e-06,0.21690135169979485,0.46410260330618214,0.4673564641840603,0.2312464797503152,0.46410260330618214,27,0.865143629373024,mild
89,post_peak_decline_slope,-0.002609864792126854,-0.003908284889392818,-0.003278733332020544,0.004270918729577668,-0.004264044711211075,-0.002250009088311343,-0.00761905637536463,-0.0005688837240730567,0.002014035622899732,0.007050172651291573,1.0,1.0,-0.0012984200972659637,-0.0006688685398936901,0.0006688685398936901,4.473851236595169e-07,0.21690135169979485,0.46410260330618214,0.4673564641840603,0.2312464797503152,0.46410260330618214,27,0.865143629373024,mild
89,late_phase_auc,0.0914212187344674,0.21006284652226895,0.19763602456077933,0.07612091855358881,0.1583551249350421,0.24476531782420352,0.11132163394613599,0.372334776003845,0.08641019288916141,0.26101314205770904,0.0,0.0,0.11864162778780155,0.10621480582631193,0.10621480582631193,0.011281584976721147,0.21690135169979485,0.46410260330618214,0.4673564641840603,0.2312464797503152,0.46410260330618214,27,0.865143629373024,mild
89,time_to_half_peak_after_peak,1.0,1.17,1.0,0.4934930126509934,1.0,1.0,1.0,2.0,0.0,1.0,1.0,1.0,0.16999999999999993,0.0,0.0,0.0,0.21690135169979485,0.46410260330618214,0.4673564641840603,0.2312464797503152,0.46410260330618214,27,0.865143629373024,mild
89,late_to_early_mean_ratio,0.34521793201658385,0.889887122271729,0.855864203208462,0.3983304501712248,0.6272142018089558,1.0098748958821033,0.37237085862160996,1.5025273307619453,0.3826606940731475,1.1301564721403354,0.0,0.0,0.544669190255145,0.5106462711918782,0.5106462711918782,0.26075961428216926,0.21690135169979485,0.46410260330618214,0.4673564641840603,0.2312464797503152,0.46410260330618214,27,0.865143629373024,mild
90,peak_time,8.0,8.38,8.0,0.735533888417183,8.0,9.0,7.0,9.049999999999997,1.0,2.049999999999997,1.0,1.0,0.3800000000000008,0.0,0.0,0.0,0.9845786182228514,0.3306509353024254,2.9776979681679108,0.9972644377727748,0.3306509353024254,26,0.9734987133522663,mild
90,peak_height,0.3220994770526886,0.29994948372244834,0.2993181198835373,0.032784717301404,0.2791232317686081,0.3173033893108368,0.25010363310575484,0.3446070373058319,0.0381801575422287,0.09450340420007708,0.0,1.0,-0.02214999333024026,-0.022781357169151306,0.022781357169151306,0.0005189902344684416,0.9845786182228514,0.3306509353024254,2.9776979681679108,0.9972644377727748,0.3306509353024254,26,0.9734987133522663,mild
90,cumulative_infected,3.154248623526655,2.987028847925944,2.9788362915278412,0.3065375284410672,2.828613640856929,3.161347903085698,2.4924700175324688,3.379819273811881,0.3327342622287688,0.8873492562794123,1.0,1.0,-0.167219775600711,-0.1754123319988139,0.1754123319988139,0.03076948621726211,0.9845786182228514,0.3306509353024254,2.9776979681679108,0.9972644377727748,0.3306509353024254,26,0.9734987133522663,mild
90,early_growth_slope,0.04076546349651401,0.037222445035056013,0.03729848312546631,0.005518462519562416,0.03468726053445909,0.03959146957259646,0.02766860733584811,0.045453595961277765,0.004904209038137368,0.017784988625429654,0.0,1.0,-0.0035430184614579988,-0.003466980371047701,0.003466980371047701,1.2019952893230054e-05,0.9845786182228514,0.3306509353024254,2.9776979681679108,0.9972644377727748,0.3306509353024254,26,0.9734987133522663,mild
90,post_peak_decline_slope,-0.028689750656485564,-0.030043182226518802,-0.030311063242455326,0.0037050067520642085,-0.03212796909113727,-0.027044769190251842,-0.03599107654144365,-0.02439122064659991,0.005083199900885429,0.01159985589484374,1.0,1.0,-0.001353431570033238,-0.001621312585969762,0.001621312585969762,2.628654501423957e-06,0.9845786182228514,0.3306509353024254,2.9776979681679108,0.9972644377727748,0.3306509353024254,26,0.9734987133522663,mild
90,late_phase_auc,0.24172382557298988,0.20203612806985347,0.1961752090137452,0.05346157079798461,0.16522547841304913,0.23111671468359418,0.1258019345928915,0.300444417023391,0.06589123627054505,0.17464248243049948,0.0,1.0,-0.039687697503136415,-0.04554861655924469,0.04554861655924469,0.0020746764704611,0.9845786182228514,0.3306509353024254,2.9776979681679108,0.9972644377727748,0.3306509353024254,26,0.9734987133522663,mild
90,time_to_half_peak_after_peak,5.0,5.19,5.0,0.9395356686828193,5.0,6.0,4.0,7.0,1.0,3.0,1.0,1.0,0.1900000000000004,0.0,0.0,0.0,0.9845786182228514,0.3306509353024254,2.9776979681679108,0.9972644377727748,0.3306509353024254,26,0.9734987133522663,mild
90,late_to_early_mean_ratio,0.08583197625840916,0.07690939320154219,0.07264913288294145,0.021171917626909995,0.06331810190736915,0.08897724852069305,0.048232110563062876,0.11511929830302414,0.0256591466133239,0.06688718773996127,1.0,1.0,-0.008922583056866967,-0.013182843375467712,0.013182843375467712,0.00017378735946211294,0.9845786182228514,0.3306509353024254,2.9776979681679108,0.9972644377727748,0.3306509353024254,26,0.9734987133522663,mild
91,peak_time,14.0,13.51,13.0,2.8050999730109187,12.0,15.0,9.95,18.0,3.0,8.05,1.0,1.0,-0.4900000000000002,-1.0,1.0,1.0,0.6908162817403997,0.45862198125261144,1.5062868985337499,0.738158664178608,0.45862198125261144,27,0.8605743891033504,mild
91,peak_height,0.09657062590122223,0.117612893730402,0.11454779282212257,0.01788815437221971,0.10519474744796753,0.12903668358922005,0.09286594577133656,0.1514246992766857,0.023841936141252518,0.05855875350534914,0.0,1.0,0.02104226782917977,0.017977166920900345,0.017977166920900345,0.0003231785305019136,0.6908162817403997,0.45862198125261144,1.5062868985337499,0.738158664178608,0.45862198125261144,27,0.8605743891033504,mild
91,cumulative_infected,1.6652325520990416,1.6544339276162168,1.6346158651813312,0.18763448775882846,1.5274777519516647,1.7663323794404278,1.3715693772558892,2.0135317951033356,0.23885462748876307,0.6419624178474463,1.0,1.0,-0.01079862448282487,-0.030616686917710467,0.030616686917710467,0.0009373815178171033,0.6908162817403997,0.45862198125261144,1.5062868985337499,0.738158664178608,0.45862198125261144,27,0.8605743891033504,mild
91,early_growth_slope,0.0010645289772323208,0.005616545682463591,0.0054323012300301335,0.003417053366202391,0.003323830254625396,0.007350511338916562,0.0010773314595488572,0.011041655076578963,0.004026681084291166,0.009964323617030105,0.0,0.0,0.004552016705231271,0.004367772252797813,0.004367772252797813,1.9077434452310482e-05,0.6908162817403997,0.45862198125261144,1.5062868985337499,0.738158664178608,0.45862198125261144,27,0.8605743891033504,mild
91,post_peak_decline_slope,-0.01266853831863652,-0.007595058024744503,-0.0077620460962255795,0.0035743060824741106,-0.009819340892136099,-0.005742646039774022,-0.012572997423315729,-0.0013998461328446916,0.004076694852362076,0.011173151290471037,0.0,0.0,0.005073480293892017,0.0049064922224109405,0.0049064922224109405,2.407366592857905e-05,0.6908162817403997,0.45862198125261144,1.5062868985337499,0.738158664178608,0.45862198125261144,27,0.8605743891033504,mild
91,late_phase_auc,0.41961094306316227,0.2798200270409757,0.26069498457945883,0.09605589834750053,0.2198389315744862,0.32156862602278125,0.16839264396330691,0.4618064329260959,0.10172969444829505,0.293413788962789,0.0,1.0,-0.13979091602218657,-0.15891595848370343,0.15891595848370343,0.025254281860794155,0.6908162817403997,0.45862198125261144,1.5062868985337499,0.738158664178608,0.45862198125261144,27,0.8605743891033504,mild
91,time_to_half_peak_after_peak,4.0,4.59,5.0,2.2297121252789927,3.0,6.0,1.0,9.0,3.0,8.0,1.0,1.0,0.5899999999999999,1.0,1.0,1.0,0.6908162817403997,0.45862198125261144,1.5062868985337499,0.738158664178608,0.45862198125261144,27,0.8605743891033504,mild
91,late_to_early_mean_ratio,0.3567920910088434,0.22214937970804666,0.19644869914884033,0.10315320883571742,0.16355400695998976,0.2539191233392676,0.12606093528858348,0.3612040011336239,0.09036511637927783,0.2351430658450404,0.0,1.0,-0.13464271130079675,-0.16034339186000307,0.16034339186000307,0.0257100033131705,0.6908162817403997,0.45862198125261144,1.5062868985337499,0.738158664178608,0.45862198125261144,27,0.8605743891033504,mild
92,peak_time,21.0,20.39,20.0,2.856482968528773,19.0,22.0,15.95,25.0,3.0,9.05,1.0,1.0,-0.6099999999999994,-1.0,1.0,1.0,0.40852763159964417,0.2694458163441617,1.5161773047455078,0.43723691249654206,0.2694458163441617,28,0.8507711407479026,mild
92,peak_height,0.13761352002620697,0.1245397861301899,0.12374259531497955,0.015631001850466508,0.11406443081796169,0.13562354445457458,0.10145070552825927,0.15147515460848807,0.021559113636612892,0.050024449080228794,0.0,1.0,-0.01307373389601707,-0.013870924711227417,0.013870924711227417,0.0001924025523445394,0.40852763159964417,0.2694458163441617,1.5161773047455078,0.43723691249654206,0.2694458163441617,28,0.8507711407479026,mild
92,cumulative_infected,2.3436643416061997,2.349206148965386,2.3585432574618608,0.2702384276355903,2.2034981053875526,2.5358719277428463,1.8473418395151384,2.7948537599397243,0.33237382235529367,0.9475119204245859,1.0,1.0,0.0055418073591861905,0.014878915855661035,0.014878915855661035,0.00022138213703984134,0.40852763159964417,0.2694458163441617,1.5161773047455078,0.43723691249654206,0.2694458163441617,28,0.8507711407479026,mild
92,early_growth_slope,0.0003183076180340297,0.0029331217798547493,0.0030087038037544555,0.002797405201607467,0.0009667951796602992,0.004633808290929577,-0.0013854522716775074,0.007649088234618483,0.003667013111269278,0.00903454050629599,0.0,1.0,0.0026148141618207196,0.002690396185720426,0.002690396185720426,7.238231636139016e-06,0.40852763159964417,0.2694458163441617,1.5161773047455078,0.43723691249654206,0.2694458163441617,28,0.8507711407479026,mild
92,post_peak_decline_slope,-0.006942044633130231,-0.005718974443783132,-0.005750603042542934,0.003076284590084885,-0.00755904538867374,-0.0036633401488264353,-0.010895971183975539,-0.0006920490662256928,0.003895705239847305,0.010203922117749845,1.0,1.0,0.0012230701893470993,0.0011914415905872966,0.0011914415905872966,1.4195330637811875e-06,0.40852763159964417,0.2694458163441617,1.5161773047455078,0.43723691249654206,0.2694458163441617,28,0.8507711407479026,mild
92,late_phase_auc,0.9308626791462302,0.8476307652333344,0.8523218119516969,0.1446332055188346,0.739578600769164,0.9248659531440353,0.6354448030586355,1.0731316131481434,0.18528735237487126,0.43768681008950794,0.0,1.0,-0.08323191391289586,-0.07854086719453335,0.07854086719453335,0.006168667819669325,0.40852763159964417,0.2694458163441617,1.5161773047455078,0.43723691249654206,0.2694458163441617,28,0.8507711407479026,mild
92,time_to_half_peak_after_peak,5.0,6.1,5.0,3.430404752748102,3.75,9.0,1.0,12.0,5.25,11.0,1.0,1.0,1.0999999999999996,0.0,0.0,0.0,0.40852763159964417,0.2694458163441617,1.5161773047455078,0.43723691249654206,0.2694458163441617,28,0.8507711407479026,mild
92,late_to_early_mean_ratio,0.6961469046196823,0.6176711598564519,0.6057296457868719,0.11392833257892121,0.535645439615838,0.6793549761386282,0.46692770299225966,0.8237083786323327,0.14370953652279017,0.35678067564007304,0.0,1.0,-0.07847574476323038,-0.09041725883281038,0.09041725883281038,0.008175280694839426,0.40852763159964417,0.2694458163441617,1.5161773047455078,0.43723691249654206,0.2694458163441617,28,0.8507711407479026,mild
93,peak_time,9.0,10.23,10.0,0.8022065529122495,10.0,11.0,9.0,11.049999999999997,1.0,2.049999999999997,0.0,1.0,1.2300000000000004,1.0,1.0,1.0,0.7381775164390026,0.1325630985801483,5.568499260695063,0.7680338070970025,0.1325630985801483,29,0.907443649391865,mild
93,peak_height,0.5532642602920532,0.526438427567482,0.5244552493095398,0.024004898669294217,0.5076536536216736,0.5422252416610718,0.49272147864103316,0.5645588546991348,0.03457158803939819,0.07183737605810164,0.0,1.0,-0.026825832724571175,-0.028809010982513428,0.028809010982513428,0.0008299591137905793,0.7381775164390026,0.1325630985801483,5.568499260695063,0.7680338070970025,0.1325630985801483,29,0.907443649391865,mild
93,cumulative_infected,7.473966112727794,7.454284576884529,7.466989607739379,0.36421029316447395,7.20068068683031,7.688887896678352,6.913256316340994,8.024955192359629,0.4882072098480421,1.111698876018635,1.0,1.0,-0.019681535843265152,-0.0069765049884153996,0.0069765049884153996,4.8671621853384957e-05,0.7381775164390026,0.1325630985801483,5.568499260695063,0.7680338070970025,0.1325630985801483,29,0.907443649391865,mild
93,early_growth_slope,0.0495766453400609,0.047154444231921264,0.04684607170721781,0.005764209686660068,0.04282142459574277,0.05165998559234485,0.03793637182319625,0.05744868734784955,0.008838560996602081,0.019512315524653302,1.0,1.0,-0.002422201108139635,-0.0027305736328430905,0.0027305736328430905,7.456032364377913e-06,0.7381775164390026,0.1325630985801483,5.568499260695063,0.7680338070970025,0.1325630985801483,29,0.907443649391865,mild
93,post_peak_decline_slope,-0.03723660608132687,-0.03470253137250746,-0.0350131033609311,0.0037857379536645045,-0.037362807927032345,-0.03268896328906222,-0.040053415857255505,-0.027492066000898745,0.0046738446379701246,0.01256134985635676,1.0,1.0,0.00253407470881941,0.002223502720395766,0.002223502720395766,4.9439643476073726e-06,0.7381775164390026,0.1325630985801483,5.568499260695063,0.7680338070970025,0.1325630985801483,29,0.907443649391865,mild
93,late_phase_auc,0.8451345017128915,0.8419940341352776,0.8424177083652467,0.117397287511862,0.7788184474338777,0.915256813459564,0.6285764593776548,1.0416932908818126,0.13643836602568626,0.4131168315041578,1.0,1.0,-0.0031404675776138813,-0.0027167933476448525,0.0027167933476448525,7.380966093807324e-06,0.7381775164390026,0.1325630985801483,5.568499260695063,0.7680338070970025,0.1325630985801483,29,0.907443649391865,mild
93,time_to_half_peak_after_peak,9.0,8.1,8.0,1.0588730430094635,7.0,9.0,6.0,10.0,2.0,4.0,1.0,1.0,-0.9000000000000004,-1.0,1.0,1.0,0.7381775164390026,0.1325630985801483,5.568499260695063,0.7680338070970025,0.1325630985801483,29,0.907443649391865,mild
93,late_to_early_mean_ratio,0.13579288720842533,0.1371097626567935,0.13700410556196074,0.01652362372563577,0.127731902463835,0.14814270337104152,0.10838867555442336,0.16151852471690062,0.02041080090720651,0.05312984916247726,1.0,1.0,0.001316875448368171,0.0012112183535354093,0.0012112183535354093,1.4670498999410277e-06,0.7381775164390026,0.1325630985801483,5.568499260695063,0.7680338070970025,0.1325630985801483,29,0.907443649391865,mild
94,peak_time,16.0,16.28,16.0,1.2478668667657287,15.0,17.0,14.0,18.0,2.0,4.0,1.0,1.0,0.28000000000000114,0.0,0.0,0.0,0.47813085334164396,0.10987320116279928,4.351660352857079,0.49915868712005673,0.10987320116279928,30,0.8946836230591573,mild
94,peak_height,0.4463106691837311,0.4524175778031349,0.45355361700057983,0.022272584389870422,0.43605582416057587,0.46959663182497025,0.41496982127428056,0.49099968671798705,0.03354080766439438,0.07602986544370649,1.0,1.0,0.006106908619403828,0.007242947816848755,0.007242947816848755,5.2460293077594145e-05,0.47813085334164396,0.10987320116279928,4.351660352857079,0.49915868712005673,0.10987320116279928,30,0.8946836230591573,mild
94,cumulative_infected,8.865152159705758,8.743832928486736,8.76840452523902,0.43022133547865904,8.397465299494797,9.020298448507674,8.109536229725927,9.51490782678593,0.6228331490128767,1.405371597060002,1.0,1.0,-0.12131923121902233,-0.09674763446673751,0.09674763446673751,0.009360104774909455,0.47813085334164396,0.10987320116279928,4.351660352857079,0.49915868712005673,0.10987320116279928,30,0.8946836230591573,mild
94,early_growth_slope,0.008671526561513364,0.01438744755174758,0.014365154806347116,0.002721669424061925,0.01252412248868495,0.01593966310749584,0.009992091233115863,0.018845367881779863,0.003415540618810888,0.008853276648664,0.0,0.0,0.005715920990234215,0.005693628244833751,0.005693628244833751,3.241740259036867e-05,0.47813085334164396,0.10987320116279928,4.351660352857079,0.49915868712005673,0.10987320116279928,30,0.8946836230591573,mild
94,post_peak_decline_slope,-0.01938679416974382,-0.021372481430570276,-0.021575889488061266,0.0038556964645526793,-0.024246670367817077,-0.01848498048881687,-0.02725914839655155,-0.01543308379749458,0.005761689879000206,0.01182606459905697,1.0,1.0,-0.0019856872608264575,-0.0021890953183174473,0.0021890953183174473,4.7921383126793665e-06,0.47813085334164396,0.10987320116279928,4.351660352857079,0.49915868712005673,0.10987320116279928,30,0.8946836230591573,mild
94,late_phase_auc,2.4360513826832175,2.4041656859728393,2.3815033773425967,0.2274629282274434,2.260475537943421,2.561366514535621,2.0466230703750625,2.751126297470182,0.3008909765921999,0.7045032270951195,1.0,1.0,-0.03188569671037822,-0.054548005340620875,0.054548005340620875,0.0029754848866404035,0.47813085334164396,0.10987320116279928,4.351660352857079,0.49915868712005673,0.10987320116279928,30,0.8946836230591573,mild
94,time_to_half_peak_after_peak,11.0,10.28,10.0,1.2719189352225944,9.0,11.0,8.0,12.0,2.0,4.0,1.0,1.0,-0.7200000000000006,-1.0,1.0,1.0,0.47813085334164396,0.10987320116279928,4.351660352857079,0.49915868712005673,0.10987320116279928,30,0.8946836230591573,mild
94,late_to_early_mean_ratio,0.40455701315938625,0.40895952925352125,0.4053622116864301,0.033082690673951504,0.38507003058488487,0.435661772132305,0.35476016734620436,0.4639801249754314,0.05059174154742013,0.10921995762922704,1.0,1.0,0.0044025160941350006,0.00080519852704386,0.00080519852704386,6.483446679536017e-07,0.47813085334164396,0.10987320116279928,4.351660352857079,0.49915868712005673,0.10987320116279928,30,0.8946836230591573,mild
95,peak_time,10.0,10.71,11.0,0.8680059581790573,10.0,11.0,9.0,12.0,1.0,3.0,1.0,1.0,0.7100000000000009,1.0,1.0,1.0,0.6906053484569589,0.18702146495470656,3.692652865403508,0.7580027133842111,0.18702146495470656,10,0.8888569860351373,mild
95,peak_height,0.40449070930480957,0.4042620065808296,0.4048547148704529,0.019245332753151507,0.3913062587380409,0.4139856919646263,0.37166950553655625,0.43694519996643066,0.022679433226585388,0.06527569442987441,1.0,1.0,-0.0002287027239799566,0.00036400556564331055,0.00036400556564331055,1.3250005181930646e-07,0.6906053484569589,0.18702146495470656,3.692652865403508,0.7580027133842111,0.18702146495470656,10,0.8888569860351373,mild
95,cumulative_infected,5.288456306792796,5.18343814654399,5.203154833230656,0.23546977717609163,5.028851369395852,5.356964655715274,4.737501708586933,5.552271007851232,0.3281132863194216,0.8147692992642988,1.0,1.0,-0.10501816024880561,-0.08530147356214002,0.08530147356214002,0.007276341391872472,0.6906053484569589,0.18702146495470656,3.692652865403508,0.7580027133842111,0.18702146495470656,10,0.8888569860351373,mild
95,early_growth_slope,0.03909376783606906,0.033507093938245636,0.034083253077586126,0.004568979692914737,0.03046639520575159,0.03693881994833992,0.02602455677531127,0.04069097238673185,0.0064724247425883286,0.014666415611420576,0.0,1.0,-0.005586673897823427,-0.005010514758482937,0.005010514758482937,2.5105258144975324e-05,0.6906053484569589,0.18702146495470656,3.692652865403508,0.7580027133842111,0.18702146495470656,10,0.8888569860351373,mild
95,post_peak_decline_slope,-0.02560925285021466,-0.0315212584299346,-0.03158508067329725,0.003599581233909324,-0.034040753729641444,-0.029208631254732637,-0.0374234797929724,-0.025781265869736676,0.004832122474908808,0.011642213923235722,0.0,0.0,-0.005912005579719937,-0.005975827823082591,0.005975827823082591,3.5710518171128024e-05,0.6906053484569589,0.18702146495470656,3.692652865403508,0.7580027133842111,0.18702146495470656,10,0.8888569860351373,mild
95,late_phase_auc,0.5503172241151333,0.4273967082685658,0.4267894246149808,0.08045902630149561,0.38166690460639074,0.46920667485392187,0.29100732028528,0.5668750121258199,0.08753977024753112,0.27586769184053994,0.0,1.0,-0.12292051584656749,-0.12352779950015247,0.12352779950015247,0.015259117249349868,0.6906053484569589,0.18702146495470656,3.692652865403508,0.7580027133842111,0.18702146495470656,10,0.8888569860351373,mild
95,time_to_half_peak_after_peak,7.0,6.84,7.0,1.0891568419023159,6.0,8.0,5.0,8.049999999999997,2.0,3.049999999999997,1.0,1.0,-0.16000000000000014,0.0,0.0,0.0,0.6906053484569589,0.18702146495470656,3.692652865403508,0.7580027133842111,0.18702146495470656,10,0.8888569860351373,mild
95,late_to_early_mean_ratio,0.12298764749903514,0.09689626933508856,0.09684592646738699,0.016895549814280365,0.08684721434156796,0.1065909376693081,0.06992770755633866,0.12541253265278127,0.019743723327740145,0.055484825096442605,0.0,1.0,-0.026091378163946577,-0.02614172103164815,0.02614172103164815,0.0006833895784965152,0.6906053484569589,0.18702146495470656,3.692652865403508,0.7580027133842111,0.18702146495470656,10,0.8888569860351373,mild
96,peak_time,23.0,24.02,24.5,16.480156417812168,9.75,40.0,1.0,48.0,30.25,47.0,1.0,1.0,1.0199999999999996,1.5,1.5,2.25,0.13324574549025647,0.3957134628111631,0.33672280074494754,0.13415718657103629,0.3957134628111631,11,0.9912899619021958,mild
96,peak_height,0.043155353516340256,0.051218695137649775,0.04876141995191574,0.011304988414469945,0.04452702961862087,0.056751822121441364,0.03588459007441998,0.07246477119624613,0.012224792502820492,0.03658018112182615,0.0,1.0,0.00806334162130952,0.005606066435575485,0.005606066435575485,3.1427980880086026e-05,0.13324574549025647,0.3957134628111631,0.33672280074494754,0.13415718657103629,0.3957134628111631,11,0.9912899619021958,mild
96,cumulative_infected,0.2794467390049249,0.4904642577003142,0.4670013639697572,0.14368873685297429,0.4127333557335078,0.5218218783265911,0.3002221140490292,0.8198488671710947,0.10908852259308333,0.5196267531220655,0.0,0.0,0.21101751869538932,0.18755462496483233,0.18755462496483233,0.03517673734569891,0.13324574549025647,0.3957134628111631,0.33672280074494754,0.13415718657103629,0.3957134628111631,11,0.9912899619021958,mild
96,early_growth_slope,0.0011510065024984736,-0.0006736817310844508,-0.0008541978452177271,0.0023034246570108447,-0.002295553963492801,0.0008338698569873701,-0.004283149270451669,0.002856295013251448,0.003129423820480171,0.0071394442837031166,0.0,1.0,-0.0018246882335829244,-0.0020052043477162005,0.0020052043477162005,4.020844476099953e-06,0.13324574549025647,0.3957134628111631,0.33672280074494754,0.13415718657103629,0.3957134628111631,11,0.9912899619021958,mild
96,post_peak_decline_slope,-0.002287084391961499,-0.006936661848068542,-0.00361848218114271,0.011870095299008185,-0.004882316413568339,-0.0023252835768895865,-0.02782511310651895,-0.0007348921658316071,0.002557032836678752,0.027090220940687342,0.0,1.0,-0.004649577456107043,-0.001331397789181211,0.001331397789181211,1.7726200730366164e-06,0.13324574549025647,0.3957134628111631,0.33672280074494754,0.13415718657103629,0.3957134628111631,11,0.9912899619021958,mild
96,late_phase_auc,0.13059493782930076,0.22621865635024732,0.21241881660535,0.09393561245301517,0.16849611389625352,0.26068603672320023,0.10918499473300472,0.3550372971218165,0.09218992282694671,0.24585230238881176,0.0,1.0,0.09562371852094656,0.08182387877604924,0.08182387877604924,0.006695147137957601,0.13324574549025647,0.3957134628111631,0.33672280074494754,0.13415718657103629,0.3957134628111631,11,0.9912899619021958,mild
96,time_to_half_peak_after_peak,1.0,1.1,1.0,0.36237153766973934,1.0,1.0,1.0,2.0,0.0,1.0,1.0,1.0,0.10000000000000009,0.0,0.0,0.0,0.13324574549025647,0.3957134628111631,0.33672280074494754,0.13415718657103629,0.3957134628111631,11,0.9912899619021958,mild
96,late_to_early_mean_ratio,0.8612536827456045,0.9420467993128991,0.9281659868816095,0.36793326136096105,0.6967948569024083,1.1002938374622464,0.4095942011030058,1.592429099379971,0.4034989805598381,1.1828348982769652,1.0,1.0,0.0807931165672946,0.06691230413600491,0.06691230413600491,0.004477256444789219,0.13324574549025647,0.3957134628111631,0.33672280074494754,0.13415718657103629,0.3957134628111631,11,0.9912899619021958,mild
97,peak_time,20.0,15.61,15.0,3.5898144348653567,13.0,17.25,11.0,21.0,4.25,10.0,0.0,1.0,-4.390000000000001,-5.0,5.0,25.0,0.6409396154213398,0.3962615235997931,1.6174661864689668,0.6533420888154887,0.3962615235997931,28,0.9568565380760019,mild
97,peak_height,0.11292226612567902,0.1143213852494955,0.11370139569044113,0.01621015945773757,0.10289652645587921,0.12391962110996246,0.09166489131748676,0.1381062872707844,0.021023094654083252,0.04644139595329763,1.0,1.0,0.001399119123816489,0.0007791295647621155,0.0007791295647621155,6.070428786864035e-07,0.6409396154213398,0.3962615235997931,1.6174661864689668,0.6533420888154887,0.3962615235997931,28,0.9568565380760019,mild
97,cumulative_infected,1.796650009113364,1.7745869201286042,1.7552743560809176,0.1828983627077735,1.6563804596080445,1.9045686966001085,1.4960735402870342,2.096841325517744,0.24818823699206405,0.6007677852307096,1.0,1.0,-0.022063088984759727,-0.04137565303244628,0.04137565303244628,0.001711944663861381,0.6409396154213398,0.3962615235997931,1.6174661864689668,0.6533420888154887,0.3962615235997931,28,0.9568565380760019,mild
97,early_growth_slope,0.002918699146470143,0.004800635873412137,0.005176083872183446,0.002618299148887776,0.0032322970496135813,0.006521517062321349,0.0001270956659157372,0.008463709947786158,0.0032892200127077674,0.008336614281870422,0.0,1.0,0.0018819367269419939,0.0022573847257133027,0.0022573847257133027,5.095785799883722e-06,0.6409396154213398,0.3962615235997931,1.6174661864689668,0.6533420888154887,0.3962615235997931,28,0.9568565380760019,mild
97,post_peak_decline_slope,-0.008205390488728877,-0.006953648209144982,-0.007159330695867537,0.0030208249112420285,-0.008708060494003193,-0.00475735773410027,-0.012204313787321248,-0.0023810953740030566,0.003950702759902922,0.00982321841331819,1.0,1.0,0.0012517422795838944,0.0010460597928613393,0.0010460597928613393,1.0942410902411082e-06,0.6409396154213398,0.3962615235997931,1.6174661864689668,0.6533420888154887,0.3962615235997931,28,0.9568565380760019,mild
97,late_phase_auc,0.32740014081355184,0.357523572498867,0.34990510036004707,0.09145232262177419,0.29899907941126,0.4099610771081643,0.2378715234619449,0.5214262196212075,0.11096199769690429,0.2835546961592626,1.0,1.0,0.030123431685315172,0.02250495954649523,0.02250495954649523,0.0005064732041893868,0.6409396154213398,0.3962615235997931,1.6174661864689668,0.6533420888154887,0.3962615235997931,28,0.9568565380760019,mild
97,time_to_half_peak_after_peak,1.0,4.47,4.0,2.5720133213598495,2.0,6.25,1.0,8.0,4.25,7.0,0.0,1.0,3.4699999999999998,3.0,3.0,9.0,0.6409396154213398,0.3962615235997931,1.6174661864689668,0.6533420888154887,0.3962615235997931,28,0.9568565380760019,mild
97,late_to_early_mean_ratio,0.24185160072586115,0.27629043080904003,0.26000625003059596,0.08870449429607187,0.22470765439446624,0.31479575326724996,0.1709146020909698,0.44046237434046803,0.09008809887278371,0.2695477722494982,1.0,1.0,0.034438830083178884,0.018154649304734816,0.018154649304734816,0.0003295912913779083,0.6409396154213398,0.3962615235997931,1.6174661864689668,0.6533420888154887,0.3962615235997931,28,0.9568565380760019,mild
98,peak_time,10.0,9.78,10.0,0.9906634854551476,9.0,10.0,8.0,11.0,1.0,3.0,1.0,1.0,-0.22000000000000064,0.0,0.0,0.0,0.7697670034208295,0.07195646945703671,10.697676098192073,0.828130649675451,0.07195646945703671,18,0.8898806639887253,mild
98,peak_height,0.715984046459198,0.7133395785093307,0.7136508524417877,0.031117035318911062,0.6946518272161484,0.7310805022716522,0.6680534034967422,0.7669385522603989,0.036428675055503845,0.09888514876365662,1.0,1.0,-0.0026444679498672796,-0.0023331940174102783,0.0023331940174102783,5.443794322879114e-06,0.7697670034208295,0.07195646945703671,10.697676098192073,0.828130649675451,0.07195646945703671,18,0.8898806639887253,mild
98,cumulative_infected,13.42814765451476,13.666002440275333,13.602603544830345,0.7352747381940773,13.101865682168864,14.214457283029333,12.572887008730323,15.026040165667656,1.112591600860469,2.453153156937333,1.0,1.0,0.2378547857605735,0.17445589031558484,0.17445589031558484,0.030434857665803366,0.7697670034208295,0.07195646945703671,10.697676098192073,0.828130649675451,0.07195646945703671,18,0.8898806639887253,mild
98,early_growth_slope,0.08247010033422458,0.07922312388370516,0.07965343333559019,0.012542333844929364,0.07070620548273879,0.08736551116176303,0.058358451155834774,0.09838232778794395,0.01665930567902424,0.04002387663210918,1.0,1.0,-0.003246976450519426,-0.002816666998634393,0.002816666998634393,7.933612981196079e-06,0.7697670034208295,0.07195646945703671,10.697676098192073,0.828130649675451,0.07195646945703671,18,0.8898806639887253,mild
98,post_peak_decline_slope,-0.03240093886852268,-0.03238936342795694,-0.032547564059495965,0.003858341071587141,-0.03516478712360067,-0.02966471686959267,-0.03808204861978694,-0.026139422853787755,0.005500070254007998,0.011942625765999183,1.0,1.0,1.1575440565743389e-05,-0.00014662519097328325,0.00014662519097328325,2.1498946627951782e-08,0.7697670034208295,0.07195646945703671,10.697676098192073,0.828130649675451,0.07195646945703671,18,0.8898806639887253,mild
98,late_phase_auc,3.0888266414403915,3.244050589830731,3.200906530022621,0.3569325779514729,3.0197584410198033,3.502651251386851,2.700884342659265,3.8634300547651947,0.4828928103670478,1.16254571210593,1.0,1.0,0.15522394839033948,0.11207988858222961,0.11207988858222961,0.012561901424605004,0.7697670034208295,0.07195646945703671,10.697676098192073,0.828130649675451,0.07195646945703671,18,0.8898806639887253,mild
98,time_to_half_peak_after_peak,12.0,11.87,12.0,1.2605514265550213,11.0,13.0,10.0,14.0,2.0,4.0,1.0,1.0,-0.13000000000000078,0.0,0.0,0.0,0.7697670034208295,0.07195646945703671,10.697676098192073,0.828130649675451,0.07195646945703671,18,0.8898806639887253,mild
98,late_to_early_mean_ratio,0.3164342944903259,0.33097173831265875,0.32956411607080693,0.028937057962861293,0.31230373126851974,0.35091377160907805,0.2870538992050347,0.3802104183012717,0.038610040340558316,0.09315651909623701,1.0,1.0,0.014537443822332852,0.013129821580481038,0.013129821580481038,0.0001723922147352656,0.7697670034208295,0.07195646945703671,10.697676098192073,0.828130649675451,0.07195646945703671,18,0.8898806639887253,mild
99,peak_time,13.0,14.14,13.0,3.7498013415393223,12.0,15.25,9.95,20.049999999999997,3.25,10.099999999999998,1.0,1.0,1.1400000000000006,0.0,0.0,0.0,0.6999350773333254,0.48621258171231224,1.4395659504909128,0.7832814296515334,0.48621258171231224,11,0.8635812189606056,mild
99,peak_height,0.10883994400501251,0.10869681105017662,0.10880644246935844,0.015299076639449728,0.09915020875632763,0.1185375414788723,0.08249534629285335,0.1349333122372627,0.01938733272254467,0.05243796594440936,1.0,1.0,-0.00014313295483589505,-3.350153565406799e-05,3.350153565406799e-05,1.122352891180789e-09,0.6999350773333254,0.48621258171231224,1.4395659504909128,0.7832814296515334,0.48621258171231224,11,0.8635812189606056,mild
99,cumulative_infected,1.4735125934239477,1.5840887946287694,1.5700328408565838,0.17655837663058954,1.45986630707921,1.7107703945948742,1.3063474407274043,1.841253872960806,0.2509040875156643,0.5349064322334016,1.0,1.0,0.1105762012048217,0.0965202474326361,0.0965202474326361,0.009316158164457295,0.6999350773333254,0.48621258171231224,1.4395659504909128,0.7832814296515334,0.48621258171231224,11,0.8635812189606056,mild
99,early_growth_slope,0.00902754255193507,0.004711025691928322,0.0047919049337949784,0.003151376045985448,0.002963678301880248,0.006856971276907382,-0.00027033359122773006,0.009525248707394069,0.003893292975027134,0.009795582298621798,0.0,1.0,-0.004316516860006748,-0.004235637618140092,0.004235637618140092,1.7940626032203468e-05,0.6999350773333254,0.48621258171231224,1.4395659504909128,0.7832814296515334,0.48621258171231224,11,0.8635812189606056,mild
99,post_peak_decline_slope,-0.006198767665773633,-0.00661132430874083,-0.006547441085179649,0.0027862065869361293,-0.007936236790070933,-0.004873828620960316,-0.010903683750463349,-0.0026479882405449984,0.003062408169110617,0.008255695509918351,1.0,1.0,-0.00041255664296719653,-0.00034867341940601586,0.00034867341940601586,1.2157315340028344e-07,0.6999350773333254,0.48621258171231224,1.4395659504909128,0.7832814296515334,0.48621258171231224,11,0.8635812189606056,mild
99,late_phase_auc,0.27522402280010283,0.29239646585978335,0.27998479950474575,0.09920798050389668,0.22480083696427755,0.346989824261982,0.15512773761874996,0.44572290178621177,0.12218898729770444,0.2905951641674618,1.0,1.0,0.01717244305968052,0.004760776704642922,0.004760776704642922,2.2664994831470717e-05,0.6999350773333254,0.48621258171231224,1.4395659504909128,0.7832814296515334,0.48621258171231224,11,0.8635812189606056,mild
99,time_to_half_peak_after_peak,1.0,4.09,4.0,2.538969010516599,2.0,6.0,1.0,8.0,4.0,7.0,0.0,1.0,3.09,3.0,3.0,9.0,0.6999350773333254,0.48621258171231224,1.4395659504909128,0.7832814296515334,0.48621258171231224,11,0.8635812189606056,mild
99,late_to_early_mean_ratio,0.24110515509418542,0.2519484699052255,0.2290743718401282,0.13200608093075555,0.18327987882185054,0.28914844572564036,0.12059377725796736,0.42761798641392335,0.10586856690378982,0.30702420915595596,1.0,1.0,0.010843314811040089,-0.012030783254057237,0.012030783254057237,0.00014473974570610403,0.6999350773333254,0.48621258171231224,1.4395659504909128,0.7832814296515334,0.48621258171231224,11,0.8635812189606056,mild
