case_id,feature,observed_value,pred_mean,pred_median,pred_std,pred_ci50_low,pred_ci50_high,pred_ci90_low,pred_ci90_high,pred_width50,pred_width90,covered50,covered90,err_mean,err_median,abs_err_median,sq_err_median,true_beta,true_gamma,true_R0,true_beta_timeavg,true_beta_infweighted,true_R0_timeavg,true_R0_infweighted,beta_ref_mode,beta0,gamma,tau,kappa,severity
0,peak_time,18.0,21.34,19.0,14.279475982802532,10.0,31.5,1.0,45.05,21.5,44.05,1.0,1.0,3.34,1.0,1.0,1.0,0.10155303552756438,0.22364714789828816,0.4540770427072443,0.10155303552756438,0.1059155294578794,0.4540770427072443,0.4735831887561044,time_avg,0.1072049143651905,0.22364714789828816,15,0.9246852378644143,mild
0,peak_height,0.049706026911735535,0.04965123973786831,0.04800205118954182,0.011657765020054472,0.04146387800574303,0.05517427995800972,0.03342687226831913,0.07324493862688541,0.013710401952266693,0.03981806635856629,1.0,1.0,-5.478717386722676e-05,-0.001703975722193718,0.001703975722193718,2.9035332618256027e-06,0.10155303552756438,0.22364714789828816,0.4540770427072443,0.10155303552756438,0.1059155294578794,0.4540770427072443,0.4735831887561044,time_avg,0.1072049143651905,0.22364714789828816,15,0.9246852378644143,mild
0,cumulative_infected,0.42983622767496854,0.5153035617624414,0.4797943870216841,0.1840748922818962,0.4267843213456217,0.5593616065198148,0.3146680769015802,0.7511999441441728,0.1325772851741931,0.4365318672425926,1.0,1.0,0.08546733408747287,0.04995815934671555,0.04995815934671555,0.002495817685311822,0.10155303552756438,0.22364714789828816,0.4540770427072443,0.10155303552756438,0.1059155294578794,0.4540770427072443,0.4735831887561044,time_avg,0.1072049143651905,0.22364714789828816,15,0.9246852378644143,mild
0,early_growth_slope,-0.0022423823524843002,-0.00023765223608192797,-0.000552584329852834,0.0018477172060764402,-0.0014183008734973883,0.0009660599538446626,-0.0028321973037063347,0.002916697867441966,0.002384360827342051,0.005748895171148301,0.0,1.0,0.0020047301164023723,0.0016897980226314663,0.0016897980226314663,2.8554173572892134e-06,0.10155303552756438,0.22364714789828816,0.4540770427072443,0.10155303552756438,0.1059155294578794,0.4540770427072443,0.4735831887561044,time_avg,0.1072049143651905,0.22364714789828816,15,0.9246852378644143,mild
1,peak_time,14.0,14.41,14.0,1.3034143197344767,13.75,15.0,12.0,16.049999999999997,1.25,4.049999999999997,1.0,1.0,0.41000000000000014,0.0,0.0,0.0,0.5677141789814228,0.19935750869708702,2.8477190685806266,0.5677141789814228,0.5697802206162395,2.8477190685806266,2.858082569049304,time_avg,0.5704258660249205,0.19935750869708702,27,0.9896656652778207,mild
1,peak_height,0.30441567301750183,0.2895605570077896,0.2910502552986145,0.02004987159405534,0.27378561347723007,0.30363891273736954,0.26147742569446564,0.31984427869319915,0.029853299260139465,0.05836685299873351,0.0,1.0,-0.014855116009712233,-0.013365417718887329,0.013365417718887329,0.00017863439080034738,0.5677141789814228,0.19935750869708702,2.8477190685806266,0.5677141789814228,0.5697802206162395,2.8477190685806266,2.858082569049304,time_avg,0.5704258660249205,0.19935750869708702,27,0.9896656652778207,mild
1,cumulative_infected,4.733468987047672,4.546610538682662,4.543752831494203,0.22569809326340096,4.39957068694639,4.682282960566226,4.20121343486826,4.893518893027794,0.2827122736198362,0.6923054581595345,0.0,1.0,-0.18685844836500998,-0.18971615555346943,0.18971615555346943,0.03599221967798821,0.5677141789814228,0.19935750869708702,2.8477190685806266,0.5677141789814228,0.5697802206162395,2.8477190685806266,2.858082569049304,time_avg,0.5704258660249205,0.19935750869708702,27,0.9896656652778207,mild
1,early_growth_slope,0.0168009168424067,0.012224801449622083,0.012282187533509426,0.0031229734707981078,0.010477633229345968,0.01435005674994456,0.007475255715793797,0.01726945438921185,0.003872423520598592,0.009794198673418054,0.0,1.0,-0.004576115392784616,-0.004518729308897273,0.004518729308897273,2.0418914567087227e-05,0.5677141789814228,0.19935750869708702,2.8477190685806266,0.5677141789814228,0.5697802206162395,2.8477190685806266,2.858082569049304,time_avg,0.5704258660249205,0.19935750869708702,27,0.9896656652778207,mild
2,peak_time,15.0,21.23,21.0,15.829173297198032,7.0,39.25,0.9500000000000002,46.0,32.25,45.05,1.0,1.0,6.23,6.0,6.0,36.0,0.12828531475301574,0.4600703231768622,0.2788384911836614,0.12828531475301574,0.13256303440201975,0.2788384911836614,0.2881364602842668,time_avg,0.13256470427688344,0.4600703231768622,26,0.9327468432112235,mild
2,peak_height,0.037634458392858505,0.04905530521646142,0.04816868714988232,0.010402036114052039,0.042607638984918594,0.05614543333649635,0.03366414587944746,0.06616514213383197,0.013537794351577759,0.03250099625438451,0.0,1.0,0.011420846823602913,0.010534228757023811,0.010534228757023811,0.00011096997550530743,0.12828531475301574,0.4600703231768622,0.2788384911836614,0.12828531475301574,0.13256303440201975,0.2788384911836614,0.2881364602842668,time_avg,0.13256470427688344,0.4600703231768622,26,0.9327468432112235,mild
2,cumulative_infected,0.4018925236305222,0.5067514411797083,0.4697078337048879,0.18983774394832428,0.407994154462358,0.5234637230169028,0.32633505242374666,0.8747222212026826,0.11546956855454482,0.5483871687789359,0.0,1.0,0.10485891754918608,0.0678153100743657,0.0678153100743657,0.004598916280482365,0.12828531475301574,0.4600703231768622,0.2788384911836614,0.12828531475301574,0.13256303440201975,0.2788384911836614,0.2881364602842668,time_avg,0.13256470427688344,0.4600703231768622,26,0.9327468432112235,mild
2,early_growth_slope,-0.0016820941597134572,-0.0004554301187117519,-0.0007114941129527452,0.002122887968228968,-0.0018771743274382522,0.0008841001822258388,-0.003432153329430589,0.0037985273444237884,0.002761274509664091,0.007230680673854377,1.0,1.0,0.0012266640410017052,0.000970600046760712,0.000970600046760712,9.420644507718963e-07,0.12828531475301574,0.4600703231768622,0.2788384911836614,0.12828531475301574,0.13256303440201975,0.2788384911836614,0.2881364602842668,time_avg,0.13256470427688344,0.4600703231768622,26,0.9327468432112235,mild
3,peak_time,8.0,9.84,10.0,1.4050414279093033,9.0,11.0,8.0,13.0,2.0,5.0,0.0,1.0,1.8399999999999999,2.0,2.0,4.0,0.8199819955607712,0.3989365571725036,2.0554195418250525,0.8199819955607712,0.8754906209405934,2.0554195418250525,2.19456102781281,time_avg,0.8764734823496965,0.3989365571725036,28,0.8535155423551338,mild
3,peak_height,0.18917037546634674,0.18825823798775673,0.18785171955823898,0.01831964004145837,0.17593339830636978,0.20047757774591446,0.15890616178512573,0.22023209929466248,0.024544179439544678,0.06132593750953674,1.0,1.0,-0.0009121374785900083,-0.0013186559081077576,0.0013186559081077576,1.7388534039874948e-06,0.8199819955607712,0.3989365571725036,2.0554195418250525,0.8199819955607712,0.8754906209405934,2.0554195418250525,2.19456102781281,time_avg,0.8764734823496965,0.3989365571725036,28,0.8535155423551338,mild
3,cumulative_infected,2.2563134348019958,2.1770668475652055,2.1834107155009406,0.18232619118046162,2.082657323069725,2.2730626466154717,1.8486168708259356,2.4358178287395273,0.1904053235457468,0.5872009579135917,1.0,1.0,-0.07924658723679023,-0.07290271930105519,0.07290271930105519,0.005314806481488445,0.8199819955607712,0.3989365571725036,2.0554195418250525,0.8199819955607712,0.8754906209405934,2.0554195418250525,2.19456102781281,time_avg,0.8764734823496965,0.3989365571725036,28,0.8535155423551338,mild
3,early_growth_slope,0.018313246222013337,0.01710447111471564,0.016790599894842932,0.0037160819038046873,0.014989180895056393,0.01933953293233311,0.010642500295458983,0.023041516577134075,0.0043503520372767165,0.012399016281675092,1.0,1.0,-0.0012087751072976972,-0.0015226463271704044,0.0015226463271704044,2.318451837645522e-06,0.8199819955607712,0.3989365571725036,2.0554195418250525,0.8199819955607712,0.8754906209405934,2.0554195418250525,2.19456102781281,time_avg,0.8764734823496965,0.3989365571725036,28,0.8535155423551338,mild
4,peak_time,16.0,20.55,20.0,11.617102509105733,13.75,27.0,2.9000000000000004,44.05,13.25,41.15,1.0,1.0,4.550000000000001,4.0,4.0,16.0,0.5956815717339522,0.45055085923042926,1.3221183791579398,0.5956815717339522,0.6004886530471698,1.3221183791579398,1.3327877213969679,time_avg,0.6080337044720686,0.45055085923042926,22,0.9637234256468645,mild
4,peak_height,0.07082017511129379,0.06413217440247536,0.06235899217426777,0.014694182828327738,0.05380816385149956,0.07417549379169941,0.04123393353074789,0.08712038435041904,0.020367329940199852,0.045886450819671146,1.0,1.0,-0.006688000708818434,-0.008461182937026024,0.008461182937026024,7.159161669382033e-05,0.5956815717339522,0.45055085923042926,1.3221183791579398,0.5956815717339522,0.6004886530471698,1.3221183791579398,1.3327877213969679,time_avg,0.6080337044720686,0.45055085923042926,22,0.9637234256468645,mild
4,cumulative_infected,1.0123047581873834,0.8937070625828346,0.8873791760206586,0.3254040524449267,0.6385756455129012,1.080698462876171,0.4269227829994634,1.440955612482503,0.44212281736326986,1.0140328294830394,1.0,1.0,-0.1185976956045488,-0.12492558216672478,0.12492558216672478,0.015606401079695104,0.5956815717339522,0.45055085923042926,1.3221183791579398,0.5956815717339522,0.6004886530471698,1.3221183791579398,1.3327877213969679,time_avg,0.6080337044720686,0.45055085923042926,22,0.9637234256468645,mild
4,early_growth_slope,0.005822903651278464,0.0005214961477854346,0.00093212722761867,0.0024259970743217983,-0.0010296322452523735,0.0019172399479430165,-0.0035681425399767823,0.0041966881436694935,0.00294687219319539,0.007764830683646275,0.0,0.0,-0.0053014075034930296,-0.004890776423659794,0.004890776423659794,2.3919694026226486e-05,0.5956815717339522,0.45055085923042926,1.3221183791579398,0.5956815717339522,0.6004886530471698,1.3221183791579398,1.3327877213969679,time_avg,0.6080337044720686,0.45055085923042926,22,0.9637234256468645,mild
5,peak_time,9.0,19.86,19.5,15.259386910649093,5.0,31.25,0.0,45.0,26.25,45.0,1.0,1.0,10.86,10.5,10.5,110.25,0.20150237231822893,0.37119618663849296,0.5428460193597613,0.20150237231822893,0.2153318806131424,0.5428460193597613,0.5801026205661255,time_avg,0.21789895491899808,0.37119618663849296,13,0.8983127566475462,mild
5,peak_height,0.042058613151311874,0.04951870057731867,0.048214141279459,0.01047729381680466,0.04263214021921158,0.05624665878713131,0.03465594183653593,0.06840668022632598,0.013614518567919731,0.03375073838979005,0.0,1.0,0.0074600874260067965,0.006155528128147125,0.006155528128147125,3.789052653641045e-05,0.20150237231822893,0.37119618663849296,0.5428460193597613,0.20150237231822893,0.2153318806131424,0.5428460193597613,0.5801026205661255,time_avg,0.21789895491899808,0.37119618663849296,13,0.8983127566475462,mild
5,cumulative_infected,0.42832255925168283,0.52934510030203,0.4661876966129057,0.19256510742960492,0.40275655637378804,0.6162522820595768,0.31262598171624634,0.890131623588968,0.21349572568578878,0.5775056418727217,1.0,1.0,0.10102254105034714,0.03786513736122288,0.03786513736122288,0.0014337686273842767,0.20150237231822893,0.37119618663849296,0.5428460193597613,0.20150237231822893,0.2153318806131424,0.5428460193597613,0.5801026205661255,time_avg,0.21789895491899808,0.37119618663849296,13,0.8983127566475462,mild
5,early_growth_slope,0.0023753534714203496,-0.0007578761904098223,-0.0005958009977413369,0.002518988709435533,-0.0023241685273768806,0.0008920914049321301,-0.005461105967212154,0.0029719956668226837,0.0032162599323090108,0.008433101634034837,0.0,1.0,-0.003133229661830172,-0.0029711544691616862,0.0029711544691616862,8.82775887961946e-06,0.20150237231822893,0.37119618663849296,0.5428460193597613,0.20150237231822893,0.2153318806131424,0.5428460193597613,0.5801026205661255,time_avg,0.21789895491899808,0.37119618663849296,13,0.8983127566475462,mild
6,peak_time,14.0,15.33,15.0,1.6209175603261683,14.0,16.25,13.0,18.0,2.25,5.0,1.0,1.0,1.33,1.0,1.0,1.0,0.5127610322757503,0.26288154406981845,1.9505402484229422,0.5127610322757503,0.5389632456157119,1.9505402484229422,2.050213329059605,time_avg,0.5547981800236328,0.26288154406981845,24,0.8542881507965937,mild
6,peak_height,0.22176602482795715,0.19382532000541686,0.19452519714832306,0.015068624724472252,0.18409305438399315,0.20356066524982452,0.16855478286743164,0.21610870063304902,0.019467610865831375,0.047553917765617376,0.0,0.0,-0.027940704822540297,-0.027240827679634094,0.027240827679634094,0.000742062692671519,0.5127610322757503,0.26288154406981845,1.9505402484229422,0.5127610322757503,0.5389632456157119,1.9505402484229422,2.050213329059605,time_avg,0.5547981800236328,0.26288154406981845,24,0.8542881507965937,mild
6,cumulative_infected,3.232003311160952,3.116654927304171,3.119079488737043,0.19948791851377956,2.981657230760902,3.2480873553431593,2.8034234034596013,3.4484249864937735,0.2664301245822571,0.6450015830341722,1.0,1.0,-0.11534838385678103,-0.11292382242390886,0.11292382242390886,0.012751789670826501,0.5127610322757503,0.26288154406981845,1.9505402484229422,0.5127610322757503,0.5389632456157119,1.9505402484229422,2.050213329059605,time_avg,0.5547981800236328,0.26288154406981845,24,0.8542881507965937,mild
6,early_growth_slope,0.007451853764775609,0.0072459542635919015,0.007152347725683024,0.0022890168947203747,0.005647996760325484,0.00885402211930514,0.003747991256282798,0.010708258569952916,0.0032060253589796563,0.0069602673136701185,1.0,1.0,-0.00020589950118370722,-0.0002995060390925848,0.0002995060390925848,8.970386745292894e-08,0.5127610322757503,0.26288154406981845,1.9505402484229422,0.5127610322757503,0.5389632456157119,1.9505402484229422,2.050213329059605,time_avg,0.5547981800236328,0.26288154406981845,24,0.8542881507965937,mild
7,peak_time,31.0,20.76,17.0,14.480303585187428,9.0,33.25,1.0,46.05,24.25,45.05,1.0,1.0,-10.239999999999998,-14.0,14.0,196.0,0.4094021182838752,0.4555254171651098,0.8987470355259742,0.4094021182838752,0.4170312005485372,0.8987470355259742,0.9154949094692998,time_avg,0.420317695592922,0.4555254171651098,26,0.9458961963796583,mild
7,peak_height,0.039149317890405655,0.04880900645628571,0.047726524993777275,0.010163818745229843,0.0427353261038661,0.05475778039544821,0.034013817086815834,0.06382029429078101,0.012022454291582108,0.029806477203965176,0.0,1.0,0.009659688565880058,0.00857720710337162,0.00857720710337162,7.356848169412858e-05,0.4094021182838752,0.4555254171651098,0.8987470355259742,0.4094021182838752,0.4170312005485372,0.8987470355259742,0.9154949094692998,time_avg,0.420317695592922,0.4555254171651098,26,0.9458961963796583,mild
7,cumulative_infected,0.45423256256617606,0.5126853291950101,0.4598017642274499,0.15864711785502536,0.417856579500949,0.5765686868398916,0.33128736450598806,0.8546572330174965,0.1587121073389426,0.5233698685115085,1.0,1.0,0.05845276662883403,0.005569201661273837,0.005569201661273837,3.101600714393527e-05,0.4094021182838752,0.4555254171651098,0.8987470355259742,0.4094021182838752,0.4170312005485372,0.8987470355259742,0.9154949094692998,time_avg,0.420317695592922,0.4555254171651098,26,0.9458961963796583,mild
7,early_growth_slope,0.0012040385710341594,-0.0005375712884068926,-0.0005309239460898202,0.002460783269549044,-0.0021850121335037745,0.0010813770779696781,-0.004256388444420213,0.003132099800443807,0.0032663892114734526,0.00738848824486402,0.0,1.0,-0.001741609859441052,-0.0017349625171239795,0.0017349625171239795,3.010094935825175e-06,0.4094021182838752,0.4555254171651098,0.8987470355259742,0.4094021182838752,0.4170312005485372,0.8987470355259742,0.9154949094692998,time_avg,0.420317695592922,0.4555254171651098,26,0.9458961963796583,mild
8,peak_time,19.0,21.75,20.0,15.761079155997415,6.0,35.25,1.0,47.0,29.25,46.0,1.0,1.0,2.75,1.0,1.0,1.0,0.3545580255419742,0.4071236940829213,0.8708852633611622,0.3545580255419742,0.3614845157037198,0.8708852633611622,0.887898496102008,time_avg,0.3650678070283543,0.4071236940829213,23,0.9466878263889218,mild
8,peak_height,0.045063868165016174,0.04859502155333757,0.04766646958887577,0.011116093645900098,0.04131024330854416,0.05355404317378998,0.03574125878512859,0.06495591662824153,0.012243799865245819,0.02921465784311294,1.0,1.0,0.003531153388321398,0.0026026014238595963,0.0026026014238595963,6.773534171475998e-06,0.3545580255419742,0.4071236940829213,0.8708852633611622,0.3545580255419742,0.3614845157037198,0.8708852633611622,0.887898496102008,time_avg,0.3650678070283543,0.4071236940829213,23,0.9466878263889218,mild
8,cumulative_infected,0.47903523669810966,0.5027308988316872,0.46937062593315204,0.1908087742936922,0.41529992204596056,0.5434359878490795,0.3517846143760835,0.6882283539860505,0.12813606580311898,0.33644373960996704,1.0,1.0,0.023695662133577544,-0.009664610764957615,0.009664610764957615,9.340470123813462e-05,0.3545580255419742,0.4071236940829213,0.8708852633611622,0.3545580255419742,0.3614845157037198,0.8708852633611622,0.887898496102008,time_avg,0.3650678070283543,0.4071236940829213,23,0.9466878263889218,mild
8,early_growth_slope,-0.0020422626638762825,-0.00028943888801569195,-0.00044065269910442093,0.002351192176390745,-0.002107099724179577,0.0013924421128606252,-0.0038091446470172635,0.0034373176688816203,0.003499541837040202,0.007246462315898884,1.0,1.0,0.0017528237758605905,0.0016016099647718615,0.0016016099647718615,2.5651544792565233e-06,0.3545580255419742,0.4071236940829213,0.8708852633611622,0.3545580255419742,0.3614845157037198,0.8708852633611622,0.887898496102008,time_avg,0.3650678070283543,0.4071236940829213,23,0.9466878263889218,mild
9,peak_time,15.0,13.63,14.0,3.1929689170191597,12.0,15.0,8.95,18.049999999999997,3.0,9.099999999999998,1.0,1.0,-1.3699999999999992,-1.0,1.0,1.0,0.7028845821672449,0.49438448963967485,1.4217367188835808,0.7028845821672449,0.7263264520822296,1.4217367188835808,1.4691529918578197,time_avg,0.7299880611509427,0.49438448963967485,28,0.9156166803948547,mild
9,peak_height,0.1052829846739769,0.10880665298551322,0.10966651141643524,0.01789327388440548,0.0973609946668148,0.12275040335953236,0.08268641531467438,0.13359200283885003,0.025389408692717552,0.05090558752417565,1.0,1.0,0.003523668311536318,0.0043835267424583435,0.0043835267424583435,1.9215306701847457e-05,0.7028845821672449,0.49438448963967485,1.4217367188835808,0.7028845821672449,0.7263264520822296,1.4217367188835808,1.4691529918578197,time_avg,0.7299880611509427,0.49438448963967485,28,0.9156166803948547,mild
9,cumulative_infected,1.5391369401477277,1.5847422850443775,1.5939654701505788,0.1822057941883746,1.4892292619260843,1.6746685040561715,1.3462319356403896,1.8894173936001606,0.18543924213008722,0.543185457959771,1.0,1.0,0.0456053448966498,0.05482853000285104,0.05482853000285104,0.0030061677022735368,0.7028845821672449,0.49438448963967485,1.4217367188835808,0.7028845821672449,0.7263264520822296,1.4217367188835808,1.4691529918578197,time_avg,0.7299880611509427,0.49438448963967485,28,0.9156166803948547,mild
9,early_growth_slope,0.005658676759118126,0.005407184895216881,0.005741554106602311,0.003185511108270364,0.0031247636416949142,0.007638784826710997,0.0004330854240660779,0.009889249599516566,0.004514021185016083,0.009456164175450489,1.0,1.0,-0.00025149186390124433,8.287734748418495e-05,8.287734748418495e-05,6.868654726014338e-09,0.7028845821672449,0.49438448963967485,1.4217367188835808,0.7028845821672449,0.7263264520822296,1.4217367188835808,1.4691529918578197,time_avg,0.7299880611509427,0.49438448963967485,28,0.9156166803948547,mild
10,peak_time,10.0,8.33,8.0,0.7255092255537737,8.0,9.0,7.0,9.0,1.0,2.0,0.0,0.0,-1.67,-2.0,2.0,4.0,0.8620330419762442,0.23837948620855742,3.6162215788234997,0.8620330419762442,0.9238984949835978,3.6162215788234997,3.8757466495052433,time_avg,0.9472898215410569,0.23837948620855742,15,0.8714275223815173,mild
10,peak_height,0.3933405876159668,0.394917955994606,0.39481939375400543,0.027023920573268183,0.37577517330646515,0.40866147726774216,0.3538092985749245,0.44095624089241026,0.03288630396127701,0.08714694231748576,1.0,1.0,0.001577368378639199,0.0014788061380386353,0.0014788061380386353,2.186867593900743e-06,0.8620330419762442,0.23837948620855742,3.6162215788234997,0.8620330419762442,0.9238984949835978,3.6162215788234997,3.8757466495052433,time_avg,0.9472898215410569,0.23837948620855742,15,0.8714275223815173,mild
10,cumulative_infected,4.275907756760716,4.166287163236375,4.200514834559726,0.25131343225378433,3.9746129584964365,4.291697628214024,3.7699357956089443,4.5574329818562545,0.31708466971758753,0.7874971862473101,1.0,1.0,-0.10962059352434128,-0.07539292220099014,0.07539292220099014,0.0056840927180045525,0.8620330419762442,0.23837948620855742,3.6162215788234997,0.8620330419762442,0.9238984949835978,3.6162215788234997,3.8757466495052433,time_avg,0.9472898215410569,0.23837948620855742,15,0.8714275223815173,mild
10,early_growth_slope,0.05189903193552579,0.0504610473198218,0.05122329738722847,0.007104601516525984,0.04653641621310573,0.055233436387165304,0.03748014745346846,0.06066375449299811,0.008697020174059572,0.023183607039529645,1.0,1.0,-0.0014379846157039841,-0.0006757345482973146,0.0006757345482973146,4.566171797625757e-07,0.8620330419762442,0.23837948620855742,3.6162215788234997,0.8620330419762442,0.9238984949835978,3.6162215788234997,3.8757466495052433,time_avg,0.9472898215410569,0.23837948620855742,15,0.8714275223815173,mild
11,peak_time,15.0,14.36,14.0,1.275408431313933,13.0,15.0,12.95,16.049999999999997,2.0,3.099999999999998,1.0,1.0,-0.6400000000000006,-1.0,1.0,1.0,0.5498079795005648,0.18982086001376658,2.896457109406682,0.5498079795005648,0.5505535829551491,2.896457109406682,2.9003850415345327,time_avg,0.5510929229146162,0.18982086001376658,23,0.995682171296537,mild
11,peak_height,0.32682010531425476,0.3082742014527321,0.30834685266017914,0.017266215484731513,0.29472340643405914,0.32025257498025894,0.28235106319189074,0.33922437131404876,0.0255291685461998,0.05687330812215802,0.0,1.0,-0.01854590386152266,-0.018473252654075623,0.018473252654075623,0.00034126106362131203,0.5498079795005648,0.18982086001376658,2.896457109406682,0.5498079795005648,0.5505535829551491,2.896457109406682,2.9003850415345327,time_avg,0.5510929229146162,0.18982086001376658,23,0.995682171296537,mild
11,cumulative_infected,5.091698094387539,4.930935315771331,4.919873057864606,0.2375902842070325,4.758680026512593,5.11944974862854,4.568813246267382,5.319726652593817,0.36076972211594693,0.7509134063264353,1.0,1.0,-0.16076277861620802,-0.17182503652293235,0.17182503652293235,0.029523843176107036,0.5498079795005648,0.18982086001376658,2.896457109406682,0.5498079795005648,0.5505535829551491,2.896457109406682,2.9003850415345327,time_avg,0.5510929229146162,0.18982086001376658,23,0.995682171296537,mild
11,early_growth_slope,0.01682371951063119,0.012454986871468591,0.012695015341575654,0.0035112185498814424,0.010289541695133915,0.014788854150018385,0.006315700823186141,0.01778863241945925,0.0044993124548844705,0.01147293159627311,0.0,1.0,-0.0043687326391626,-0.004128704169055537,0.004128704169055537,1.7046198115576576e-05,0.5498079795005648,0.18982086001376658,2.896457109406682,0.5498079795005648,0.5505535829551491,2.896457109406682,2.9003850415345327,time_avg,0.5510929229146162,0.18982086001376658,23,0.995682171296537,mild
12,peak_time,46.0,44.66,45.0,3.4821913453537507,42.0,48.0,38.95,49.0,6.0,10.049999999999997,1.0,1.0,-1.3400000000000034,-1.0,1.0,1.0,0.15772715728594572,0.06716894073547608,2.348215641915583,0.15772715728594572,0.15275417984454806,2.348215641915583,2.2741787822160653,time_avg,0.16420260212156723,0.06716894073547608,30,0.9014107457501284,mild
12,peak_height,0.20982149243354797,0.25947856590151785,0.2715092897415161,0.058984100265465945,0.23453008756041527,0.2972439080476761,0.12775384560227393,0.3298164993524551,0.06271382048726082,0.20206265375018118,0.0,1.0,0.04965707346796988,0.06168779730796814,0.06168779730796814,0.0038053843367089613,0.15772715728594572,0.06716894073547608,2.348215641915583,0.15772715728594572,0.15275417984454806,2.348215641915583,2.2741787822160653,time_avg,0.16420260212156723,0.06716894073547608,30,0.9014107457501284,mild
12,cumulative_infected,5.033245487138629,5.682644576924868,5.950787361478433,1.4579345324155293,4.973057712195441,6.617384540906642,2.752189934980561,7.638564899680205,1.6443268287112005,4.886374964699644,1.0,1.0,0.6493990897862387,0.917541874339804,0.917541874339804,0.8418830911670008,0.15772715728594572,0.06716894073547608,2.348215641915583,0.15772715728594572,0.15275417984454806,2.348215641915583,2.2741787822160653,time_avg,0.16420260212156723,0.06716894073547608,30,0.9014107457501284,mild
12,early_growth_slope,0.003769969490046303,0.00156891656454155,0.0017440676788932517,0.002556125493970077,-0.0003249050628039091,0.0033544409993087995,-0.002842691582294978,0.004916584750199467,0.0036793460621127086,0.007759276332494444,0.0,1.0,-0.002201052925504753,-0.0020259018111530515,0.0020259018111530515,4.104278148433215e-06,0.15772715728594572,0.06716894073547608,2.348215641915583,0.15772715728594572,0.15275417984454806,2.348215641915583,2.2741787822160653,time_avg,0.16420260212156723,0.06716894073547608,30,0.9014107457501284,mild
13,peak_time,46.0,40.5,41.0,5.018148879997303,38.0,44.0,33.95,47.05,6.0,13.099999999999994,0.0,1.0,-5.5,-5.0,5.0,25.0,0.17825516380948742,0.08061596621682687,2.211164514608031,0.17825516380948742,0.17244574848456617,2.211164514608031,2.139101676468796,time_avg,0.19105383158896616,0.08061596621682687,20,0.8883502477370373,mild
13,peak_height,0.2233978509902954,0.2372574582695961,0.24025826901197433,0.06024659130149074,0.19994355738162994,0.28580930829048157,0.13449618518352507,0.31762453764677046,0.08586575090885162,0.18312835246324538,1.0,1.0,0.01385960727930069,0.016860418021678925,0.016860418021678925,0.00028427369586575546,0.17825516380948742,0.08061596621682687,2.211164514608031,0.17825516380948742,0.17244574848456617,2.211164514608031,2.139101676468796,time_avg,0.19105383158896616,0.08061596621682687,20,0.8883502477370373,mild
13,cumulative_infected,5.023227296769619,5.6135625326351875,5.716229255544022,1.6115688904915189,4.514078798296396,6.802668011747301,3.4122627668140924,8.107675110921264,2.288589213450905,4.695412344107171,1.0,1.0,0.5903352358655685,0.6930019587744027,0.6930019587744027,0.480251714865159,0.17825516380948742,0.08061596621682687,2.211164514608031,0.17825516380948742,0.17244574848456617,2.211164514608031,2.139101676468796,time_avg,0.19105383158896616,0.08061596621682687,20,0.8883502477370373,mild
13,early_growth_slope,0.00271531402887333,0.0012741956637126442,0.00138574475671963,0.0023132025640146495,-0.00017423877008176047,0.0029156289778516768,-0.002553080905982778,0.004884751569590576,0.003089867747933437,0.007437832475573353,1.0,1.0,-0.0014411183651606857,-0.0013295692721536998,0.0013295692721536998,1.767754449455319e-06,0.17825516380948742,0.08061596621682687,2.211164514608031,0.17825516380948742,0.17244574848456617,2.211164514608031,2.139101676468796,time_avg,0.19105383158896616,0.08061596621682687,20,0.8883502477370373,mild
14,peak_time,14.0,13.05,13.0,1.0187633620614691,12.0,14.0,12.0,15.0,2.0,3.0,1.0,1.0,-0.9499999999999993,-1.0,1.0,1.0,0.6187037700467435,0.06533992855498873,9.468999794299672,0.6187037700467435,0.6182776492857378,9.468999794299672,9.462478196091203,time_avg,0.6232517652903978,0.06533992855498873,10,0.9908784950622338,mild
14,peak_height,0.6736878752708435,0.6548651182651519,0.6548418402671814,0.02515317534322117,0.63924440741539,0.6739435493946075,0.6092180401086807,0.6940363556146621,0.03469914197921753,0.0848183155059814,1.0,1.0,-0.01882275700569158,-0.01884603500366211,0.01884603500366211,0.0003551730353592575,0.6187037700467435,0.06533992855498873,9.468999794299672,0.6187037700467435,0.6182776492857378,9.468999794299672,9.462478196091203,time_avg,0.6232517652903978,0.06533992855498873,10,0.9908784950622338,mild
14,cumulative_infected,14.10116601549089,13.738943685613958,13.795076523907483,0.650723991097588,13.280874060466886,14.266121201799251,12.575638636597432,14.646433403203265,0.9852471413323656,2.0707947666058324,1.0,1.0,-0.36222232987693204,-0.3060894915834069,0.3060894915834069,0.09369077685778854,0.6187037700467435,0.06533992855498873,9.468999794299672,0.6187037700467435,0.6182776492857378,9.468999794299672,9.462478196091203,time_avg,0.6232517652903978,0.06533992855498873,10,0.9908784950622338,mild
14,early_growth_slope,0.04148381367503177,0.03693382432894525,0.03653175397942374,0.006865589206442428,0.03218276997462712,0.042337785954996,0.0266861119798185,0.04741034205293371,0.01015501598036888,0.020724230073115208,1.0,1.0,-0.004549989346086518,-0.004952059695608031,0.004952059695608031,2.4522895228865505e-05,0.6187037700467435,0.06533992855498873,9.468999794299672,0.6187037700467435,0.6182776492857378,9.468999794299672,9.462478196091203,time_avg,0.6232517652903978,0.06533992855498873,10,0.9908784950622338,mild
15,peak_time,8.0,8.79,9.0,0.832363071518843,8.0,9.0,8.0,10.0,1.0,2.0,1.0,1.0,0.7899999999999991,1.0,1.0,1.0,0.8959378811230032,0.28836670675614245,3.1069393939455496,0.8959378811230032,0.9134477928266324,3.1069393939455496,3.167660383204675,time_avg,0.913956139374223,0.28836670675614245,26,0.9589279655705615,mild
15,peak_height,0.3471231758594513,0.32523202896118164,0.32315129041671753,0.025348100319351405,0.3057684600353241,0.34407341480255127,0.2886460945010185,0.3667448341846466,0.03830495476722717,0.07809873968362807,0.0,1.0,-0.021891146898269653,-0.023971885442733765,0.023971885442733765,0.000574651291679551,0.8959378811230032,0.28836670675614245,3.1069393939455496,0.8959378811230032,0.9134477928266324,3.1069393939455496,3.167660383204675,time_avg,0.913956139374223,0.28836670675614245,26,0.9589279655705615,mild
15,cumulative_infected,3.4796445241663605,3.3216755443367765,3.329763665504288,0.21244043090802414,3.2016210389483604,3.4538445705766208,2.975033848916064,3.6509727260039653,0.2522235316282604,0.6759388770879013,0.0,1.0,-0.15796897982958402,-0.14988085866207257,0.14988085866207257,0.022464271793280175,0.8959378811230032,0.28836670675614245,3.1069393939455496,0.8959378811230032,0.9134477928266324,3.1069393939455496,3.167660383204675,time_avg,0.913956139374223,0.28836670675614245,26,0.9589279655705615,mild
15,early_growth_slope,0.041824241179884175,0.03804667859491365,0.03860395746527327,0.005190012246068045,0.035280590545707605,0.04122844708312878,0.028113537742978045,0.04624515333506721,0.005947856537421178,0.018131615592089163,0.0,1.0,-0.0037775625849705285,-0.0032202837146109026,0.0032202837146109026,1.0370227202588194e-05,0.8959378811230032,0.28836670675614245,3.1069393939455496,0.8959378811230032,0.9134477928266324,3.1069393939455496,3.167660383204675,time_avg,0.913956139374223,0.28836670675614245,26,0.9589279655705615,mild
16,peak_time,8.0,9.06,9.0,0.8969082698049141,8.0,10.0,8.0,11.0,2.0,3.0,1.0,1.0,1.0600000000000005,1.0,1.0,1.0,0.8466389122311088,0.2314239913615988,3.6583886884408616,0.8466389122311088,0.8850570842995841,3.6583886884408616,3.824396421011886,time_avg,0.88644438272607,0.2314239913615988,28,0.8979439881840898,mild
16,peak_height,0.43284666538238525,0.39081309467554093,0.391341969370842,0.02738213316549146,0.3760703280568123,0.4077912047505379,0.34342585504055023,0.4333430141210556,0.031720876693725586,0.08991715908050535,0.0,1.0,-0.042033570706844325,-0.041504696011543274,0.041504696011543274,0.0017226397910106162,0.8466389122311088,0.2314239913615988,3.6583886884408616,0.8466389122311088,0.8850570842995841,3.6583886884408616,3.824396421011886,time_avg,0.88644438272607,0.2314239913615988,28,0.8979439881840898,mild
16,cumulative_infected,4.473816634781542,4.336340565862802,4.349296229309402,0.2464859163144577,4.144997478520963,4.4973883132770425,3.9766535454778933,4.759207827760838,0.35239083475607913,0.7825542822829443,1.0,1.0,-0.13747606891874042,-0.12452040547213983,0.12452040547213983,0.01550533137894611,0.8466389122311088,0.2314239913615988,3.6583886884408616,0.8466389122311088,0.8850570842995841,3.6583886884408616,3.824396421011886,time_avg,0.88644438272607,0.2314239913615988,28,0.8979439881840898,mild
16,early_growth_slope,0.04607786337978072,0.04510436779785647,0.04616162896439032,0.006862298596697279,0.03987988019140347,0.04958646609780511,0.03276203673199883,0.055157314686766754,0.009706585906401638,0.022395277954767923,1.0,1.0,-0.0009734955819242497,8.376558460960332e-05,8.376558460960332e-05,7.016673164988612e-09,0.8466389122311088,0.2314239913615988,3.6583886884408616,0.8466389122311088,0.8850570842995841,3.6583886884408616,3.824396421011886,time_avg,0.88644438272607,0.2314239913615988,28,0.8979439881840898,mild
17,peak_time,11.0,9.43,9.0,0.94553709818304,9.0,10.0,8.0,11.0,1.0,3.0,0.0,1.0,-1.5700000000000003,-2.0,2.0,4.0,0.7756174233166869,0.07263987527929502,10.6775709668346,0.7756174233166869,0.8029779534177891,10.6775709668346,11.054230893574603,time_avg,0.838220185145072,0.07263987527929502,21,0.871232167670651,mild
17,peak_height,0.7040202617645264,0.7123598057031632,0.7144637703895569,0.024960713695134255,0.6974399983882904,0.7267800569534302,0.6710838675498962,0.74966861307621,0.02934005856513977,0.07858474552631378,1.0,1.0,0.008339543938636784,0.010443508625030518,0.010443508625030518,0.00010906687240108681,0.7756174233166869,0.07263987527929502,10.6775709668346,0.7756174233166869,0.8029779534177891,10.6775709668346,11.054230893574603,time_avg,0.838220185145072,0.07263987527929502,21,0.871232167670651,mild
17,cumulative_infected,12.99222876461863,13.11724091246666,13.171773755457252,0.760444816920005,12.647577470401302,13.595121255493723,11.90798065867275,14.214256216032663,0.9475437850924209,2.3062755573599123,1.0,1.0,0.12501214784802883,0.17954499083862174,0.17954499083862174,0.03223640373524077,0.7756174233166869,0.07263987527929502,10.6775709668346,0.7756174233166869,0.8029779534177891,10.6775709668346,11.054230893574603,time_avg,0.838220185145072,0.07263987527929502,21,0.871232167670651,mild
17,early_growth_slope,0.08821733017109742,0.0841530595120622,0.08544054685903357,0.011232625572607312,0.07813351726300813,0.09191905982637154,0.06677998351542987,0.10083481332265014,0.01378554256336341,0.03405482980722027,1.0,1.0,-0.004064270659035224,-0.002776783312063852,0.002776783312063852,7.710525562156296e-06,0.7756174233166869,0.07263987527929502,10.6775709668346,0.7756174233166869,0.8029779534177891,10.6775709668346,11.054230893574603,time_avg,0.838220185145072,0.07263987527929502,21,0.871232167670651,mild
18,peak_time,45.0,32.07,32.0,9.116812086813166,28.0,37.0,19.55,46.05,9.0,26.499999999999996,0.0,1.0,-12.93,-13.0,13.0,169.0,0.2007596860986542,0.1360175458577101,1.475983740426193,0.2007596860986542,0.197465821326913,1.475983740426193,1.451767270771705,time_avg,0.2126578314981165,0.1360175458577101,17,0.9152277021613098,mild
18,peak_height,0.089312344789505,0.09413477212190628,0.0867941789329052,0.03291817947699436,0.07012999430298805,0.11066437885165215,0.05206099227070808,0.16249310821294785,0.04053438454866409,0.11043211594223977,1.0,1.0,0.004822427332401277,-0.0025181658565998077,0.0025181658565998077,6.3411592813450435e-06,0.2007596860986542,0.1360175458577101,1.475983740426193,0.2007596860986542,0.197465821326913,1.475983740426193,1.451767270771705,time_avg,0.2126578314981165,0.1360175458577101,17,0.9152277021613098,mild
18,cumulative_infected,2.070348040666431,1.9328320307989815,1.7132988594821654,0.981495923271662,1.2256231304781977,2.546269560982182,0.6624661463269149,3.9339343842002563,1.3206464305039844,3.2714682378733415,1.0,1.0,-0.13751600986744972,-0.35704918118426576,0.35704918118426576,0.12748411778435464,0.2007596860986542,0.1360175458577101,1.475983740426193,0.2007596860986542,0.197465821326913,1.475983740426193,1.451767270771705,time_avg,0.2126578314981165,0.1360175458577101,17,0.9152277021613098,mild
18,early_growth_slope,-0.0026633578762855553,0.0006790830218098915,0.0007593050333006047,0.00259866342845492,-0.0012892982617597134,0.002073524040280885,-0.0027168659640405424,0.005382800112454873,0.003362822302040599,0.008099666076495416,0.0,1.0,0.003342440898095447,0.00342266290958616,0.00342266290958616,1.1714621392656797e-05,0.2007596860986542,0.1360175458577101,1.475983740426193,0.2007596860986542,0.197465821326913,1.475983740426193,1.451767270771705,time_avg,0.2126578314981165,0.1360175458577101,17,0.9152277021613098,mild
19,peak_time,15.0,20.03,20.0,9.1314253702765,14.0,26.0,4.9,34.05,12.0,29.15,1.0,1.0,5.030000000000001,5.0,5.0,25.0,0.33421283540441676,0.2659369063978252,1.256737321387258,0.33421283540441676,0.3337319436039615,1.256737321387258,1.2549290285595756,time_avg,0.3622948668353909,0.2659369063978252,24,0.8509393548140884,mild
19,peak_height,0.08027580380439758,0.07557446863502264,0.07174752652645111,0.019321169957098202,0.062085479497909546,0.08806475438177586,0.05003314074128866,0.10979295335710046,0.02597927488386631,0.0597598126158118,1.0,1.0,-0.0047013351693749456,-0.008528277277946472,0.008528277277946472,7.273151332953809e-05,0.33421283540441676,0.2659369063978252,1.256737321387258,0.33421283540441676,0.3337319436039615,1.256737321387258,1.2549290285595756,time_avg,0.3622948668353909,0.2659369063978252,24,0.8509393548140884,mild
19,cumulative_infected,1.4442098988220096,1.270868951521261,1.2003826199288596,0.4950407622436136,0.9410372577112867,1.5368919379543513,0.5942195762283518,2.1113126737298438,0.5958546802430646,1.517093097501492,1.0,1.0,-0.17334094730074856,-0.24382727889314992,0.24382727889314992,0.059451741932437914,0.33421283540441676,0.2659369063978252,1.256737321387258,0.33421283540441676,0.3337319436039615,1.256737321387258,1.2549290285595756,time_avg,0.3622948668353909,0.2659369063978252,24,0.8509393548140884,mild
19,early_growth_slope,0.0028226766569007717,0.0010697562699429652,0.0013156846169814738,0.002746881797730866,-0.0006355807632817651,0.0032458174440156045,-0.0037112731569712704,0.005252608386702678,0.0038813982072973697,0.00896388154367395,1.0,1.0,-0.0017529203869578066,-0.0015069920399192979,0.0015069920399192979,2.271025008380127e-06,0.33421283540441676,0.2659369063978252,1.256737321387258,0.33421283540441676,0.3337319436039615,1.256737321387258,1.2549290285595756,time_avg,0.3622948668353909,0.2659369063978252,24,0.8509393548140884,mild
20,peak_time,13.0,12.06,12.0,2.214826075667014,10.0,14.0,9.0,15.049999999999997,4.0,6.049999999999997,1.0,1.0,-0.9399999999999995,-1.0,1.0,1.0,0.7391224117298367,0.45798545239509403,1.6138556538521054,0.7391224117298367,0.7440739218042945,1.6138556538521054,1.6246671546291787,time_avg,0.757582245654678,0.45798545239509403,13,0.96707192959822,mild
20,peak_height,0.1366305947303772,0.1306751748174429,0.13072223961353302,0.015072425912799513,0.12233552150428295,0.13766324520111084,0.10471221283078194,0.15881219357252122,0.015327723696827888,0.05409998074173927,1.0,1.0,-0.005955419912934301,-0.005908355116844177,0.005908355116844177,3.490866018673877e-05,0.7391224117298367,0.45798545239509403,1.6138556538521054,0.7391224117298367,0.7440739218042945,1.6138556538521054,1.6246671546291787,time_avg,0.757582245654678,0.45798545239509403,13,0.96707192959822,mild
20,cumulative_infected,1.7812966365017928,1.770994414052222,1.752906069625169,0.16967761135932172,1.6450504620443098,1.888686261343537,1.5151908311014268,2.052381078073813,0.24363579929922707,0.5371902469723864,1.0,1.0,-0.010302222449570797,-0.02839056687662378,0.02839056687662378,0.0008060242875760473,0.7391224117298367,0.45798545239509403,1.6138556538521054,0.7391224117298367,0.7440739218042945,1.6138556538521054,1.6246671546291787,time_avg,0.757582245654678,0.45798545239509403,13,0.96707192959822,mild
20,early_growth_slope,0.003959594150295568,0.007758145050410391,0.007867623616697354,0.0027368836636743215,0.00613082149842133,0.009696346854547124,0.002786133111692921,0.012139158013243492,0.0035655253561257937,0.009353024901550572,0.0,1.0,0.0037985509001148233,0.003908029466401786,0.003908029466401786,1.5272694310264625e-05,0.7391224117298367,0.45798545239509403,1.6138556538521054,0.7391224117298367,0.7440739218042945,1.6138556538521054,1.6246671546291787,time_avg,0.757582245654678,0.45798545239509403,13,0.96707192959822,mild
21,peak_time,23.0,20.57,20.0,8.123112057269031,14.75,24.25,10.0,37.05,9.5,27.049999999999997,1.0,1.0,-2.4299999999999997,-3.0,3.0,9.0,0.5385420517518286,0.40622173373448467,1.3257342161407626,0.5385420517518286,0.5421452353554914,1.3257342161407626,1.3346042083259122,time_avg,0.5551993028177133,0.40622173373448467,20,0.9499961816073769,mild
21,peak_height,0.08903161436319351,0.07756045285612345,0.07448090985417366,0.021972228362131755,0.06398561038076878,0.08803853206336498,0.052186483331024644,0.10677880607545374,0.024052921682596207,0.0545923227444291,0.0,1.0,-0.01147116150707006,-0.014550704509019852,0.014550704509019852,0.00021172300170881064,0.5385420517518286,0.40622173373448467,1.3257342161407626,0.5385420517518286,0.5421452353554914,1.3257342161407626,1.3346042083259122,time_avg,0.5551993028177133,0.40622173373448467,20,0.9499961816073769,mild
21,cumulative_infected,1.3816522560082376,1.3001706504589947,1.2321632814127952,0.5411324404275095,1.067320116184419,1.4508594062717748,0.7306836922463844,1.8641352023929356,0.38353929008735577,1.1334515101465512,1.0,1.0,-0.08148160554924289,-0.14948897459544241,0.14948897459544241,0.02234695352559683,0.5385420517518286,0.40622173373448467,1.3257342161407626,0.5385420517518286,0.5421452353554914,1.3257342161407626,1.3346042083259122,time_avg,0.5551993028177133,0.40622173373448467,20,0.9499961816073769,mild
21,early_growth_slope,-0.0008152542591449743,0.0011656051861826289,0.00115227240270802,0.0024889020631217117,-0.0005293677268560875,0.002688918086711229,-0.002545281997022572,0.005195995901678022,0.0032182858135673164,0.007741277898700594,0.0,1.0,0.001980859445327603,0.001967526661852994,0.001967526661852994,3.871161165102386e-06,0.5385420517518286,0.40622173373448467,1.3257342161407626,0.5385420517518286,0.5421452353554914,1.3257342161407626,1.3346042083259122,time_avg,0.5551993028177133,0.40622173373448467,20,0.9499961816073769,mild
22,peak_time,5.0,19.83,19.0,16.1170309569935,4.0,35.25,0.0,46.05,31.25,46.05,1.0,1.0,14.829999999999998,14.0,14.0,196.0,0.1398249112472622,0.48611407769724624,0.2876380620565893,0.1398249112472622,0.15419300207983327,0.2876380620565893,0.31719509710612676,time_avg,0.15483385448112277,0.48611407769724624,10,0.8788302525620258,mild
22,peak_height,0.04550870880484581,0.05067958924919367,0.048522502183914185,0.010519592167244428,0.04425529483705759,0.056755293160676956,0.03649231102317572,0.06725810691714286,0.012499998323619366,0.030765795893967142,1.0,1.0,0.00517088044434786,0.0030137933790683746,0.0030137933790683746,9.082950531716372e-06,0.1398249112472622,0.48611407769724624,0.2876380620565893,0.1398249112472622,0.15419300207983327,0.2876380620565893,0.31719509710612676,time_avg,0.15483385448112277,0.48611407769724624,10,0.8788302525620258,mild
22,cumulative_infected,0.3566818044055253,0.5199245982401567,0.47136240755207837,0.2068765051530084,0.3961570660940197,0.566317780161171,0.33132931724830994,0.9087260837084614,0.17016071406715128,0.5773967664601515,0.0,1.0,0.16324279383463136,0.11468060314655304,0.11468060314655304,0.013151640738057191,0.1398249112472622,0.48611407769724624,0.2876380620565893,0.1398249112472622,0.15419300207983327,0.2876380620565893,0.31719509710612676,time_avg,0.15483385448112277,0.48611407769724624,10,0.8788302525620258,mild
22,early_growth_slope,-0.001959796085776316,-0.0005203599174806828,-0.0004437091452668283,0.002381083485955452,-0.001985084117179558,0.0007160313615405103,-0.004490554933450072,0.0032516924855631895,0.0027011154787200684,0.007742247419013262,1.0,1.0,0.0014394361682956332,0.0015160869405094876,0.0015160869405094876,2.2985196111834184e-06,0.1398249112472622,0.48611407769724624,0.2876380620565893,0.1398249112472622,0.15419300207983327,0.2876380620565893,0.31719509710612676,time_avg,0.15483385448112277,0.48611407769724624,10,0.8788302525620258,mild
23,peak_time,21.0,16.4,16.0,5.015128627614167,13.0,19.0,10.0,24.0,6.0,14.0,0.0,1.0,-4.600000000000001,-5.0,5.0,25.0,0.5642611413057699,0.3939358620723191,1.4323680467613336,0.5642611413057699,0.5645398955658008,1.4323680467613336,1.4330756600732177,time_avg,0.5905764858336026,0.3939358620723191,12,0.9413700779548957,mild
23,peak_height,0.10452050715684891,0.09095446061342954,0.09043491631746292,0.0160172169196899,0.0797771941870451,0.09950301423668861,0.06808562241494656,0.12277378104627132,0.019725820049643517,0.05468815863132476,0.0,1.0,-0.013566046543419363,-0.014085590839385986,0.014085590839385986,0.00019840386929459441,0.5642611413057699,0.3939358620723191,1.4323680467613336,0.5642611413057699,0.5645398955658008,1.4323680467613336,1.4330756600732177,time_avg,0.5905764858336026,0.3939358620723191,12,0.9413700779548957,mild
23,cumulative_infected,1.395243002451025,1.4457633702102692,1.4372712482290808,0.22720706329235554,1.2872542494442314,1.595801086359188,1.1121753610670566,1.815935828530928,0.30854683691495666,0.7037604674638713,1.0,1.0,0.05052036775924429,0.04202824577805586,0.04202824577805586,0.0017663734431806704,0.5642611413057699,0.3939358620723191,1.4323680467613336,0.5642611413057699,0.5645398955658008,1.4323680467613336,1.4330756600732177,time_avg,0.5905764858336026,0.3939358620723191,12,0.9413700779548957,mild
23,early_growth_slope,0.0029419223179242434,0.0024701975414929966,0.0025472235075929862,0.002850418819209354,0.000982455389540911,0.004484732313791201,-0.0024195419239168526,0.006618521381945659,0.0035022769242502904,0.009038063305862511,1.0,1.0,-0.00047172477643124674,-0.00039469881033125714,0.00039469881033125714,1.557871508769097e-07,0.5642611413057699,0.3939358620723191,1.4323680467613336,0.5642611413057699,0.5645398955658008,1.4323680467613336,1.4330756600732177,time_avg,0.5905764858336026,0.3939358620723191,12,0.9413700779548957,mild
24,peak_time,37.0,21.46,22.5,15.49481503372315,6.75,32.25,0.0,47.0,25.5,47.0,0.0,1.0,-15.54,-14.5,14.5,210.25,0.3321277235841555,0.43935215307256603,0.7559487788131979,0.3321277235841555,0.3558228161869039,0.7559487788131979,0.8098806702061025,time_avg,0.3625024604645344,0.43935215307256603,18,0.8690752986482544,mild
24,peak_height,0.042204540222883224,0.04912156470119953,0.04903675988316536,0.009979228999497764,0.043194010853767395,0.0541003393009305,0.035211965627968314,0.06427313983440398,0.010906328447163105,0.02906117420643567,0.0,1.0,0.006917024478316304,0.006832219660282135,0.006832219660282135,4.667922548634573e-05,0.3321277235841555,0.43935215307256603,0.7559487788131979,0.3321277235841555,0.3558228161869039,0.7559487788131979,0.8098806702061025,time_avg,0.3625024604645344,0.43935215307256603,18,0.8690752986482544,mild
24,cumulative_infected,0.43458188517251983,0.5148584447940493,0.4713156626676209,0.20551968785084088,0.3987519440415781,0.557066892113653,0.3013128521895851,0.8611050064733713,0.1583149480720749,0.5597921542837863,1.0,1.0,0.08027655962152946,0.036733777495101094,0.036733777495101094,0.0013493704090595956,0.3321277235841555,0.43935215307256603,0.7559487788131979,0.3321277235841555,0.3558228161869039,0.7559487788131979,0.8098806702061025,time_avg,0.3625024604645344,0.43935215307256603,18,0.8690752986482544,mild
24,early_growth_slope,-0.00256946451762425,-0.0003793052057636436,-0.000299702008349066,0.002318906442874023,-0.0019548652905671446,0.0011774563626247637,-0.004353871885888069,0.003650077295761937,0.003132321653191908,0.008003949181650006,0.0,1.0,0.0021901593118606065,0.002269762509275184,0.002269762509275184,5.151821848511179e-06,0.3321277235841555,0.43935215307256603,0.7559487788131979,0.3321277235841555,0.3558228161869039,0.7559487788131979,0.8098806702061025,time_avg,0.3625024604645344,0.43935215307256603,18,0.8690752986482544,mild
25,peak_time,33.0,28.95,31.5,12.590179754976743,21.0,39.0,3.95,46.05,18.0,42.099999999999994,1.0,1.0,-4.050000000000001,-1.5,1.5,2.25,0.253240097553416,0.18232823694296957,1.3889241831073424,0.253240097553416,0.25256822570294174,1.3889241831073424,1.3852392253534627,time_avg,0.2557471766255679,0.18232823694296957,18,0.9846828766521531,mild
25,peak_height,0.07513368874788284,0.07755729272961616,0.06587054952979088,0.03306119497151682,0.055758386850357056,0.0918457992374897,0.039869147911667825,0.1498576171696186,0.036087412387132645,0.10998846925795078,1.0,1.0,0.002423603981733316,-0.009263139218091965,0.009263139218091965,8.580574817375342e-05,0.253240097553416,0.18232823694296957,1.3889241831073424,0.253240097553416,0.25256822570294174,1.3889241831073424,1.3852392253534627,time_avg,0.2557471766255679,0.18232823694296957,18,0.9846828766521531,mild
25,cumulative_infected,1.4739698567427695,1.3717598692986668,1.0928285808477085,0.921781351634014,0.6280935243412387,1.9242525094887242,0.42092764952976724,3.2524011103203514,1.2961589851474855,2.8314734607905843,1.0,1.0,-0.1022099874441027,-0.38114127589506097,0.38114127589506097,0.145268672190915,0.253240097553416,0.18232823694296957,1.3889241831073424,0.253240097553416,0.25256822570294174,1.3889241831073424,1.3852392253534627,time_avg,0.2557471766255679,0.18232823694296957,18,0.9846828766521531,mild
25,early_growth_slope,-0.0014338654409151604,0.0005011866386952798,0.00043877241980572673,0.0024179506705460448,-0.0008731952714567462,0.0016487325826476861,-0.0032570376302742034,0.004603431352214619,0.0025219278541044323,0.007860468982488822,0.0,1.0,0.0019350520796104402,0.001872637860720887,0.001872637860720887,3.5067725574053005e-06,0.253240097553416,0.18232823694296957,1.3889241831073424,0.253240097553416,0.25256822570294174,1.3889241831073424,1.3852392253534627,time_avg,0.2557471766255679,0.18232823694296957,18,0.9846828766521531,mild
26,peak_time,9.0,10.22,10.0,0.8112840551753857,10.0,11.0,9.0,12.0,1.0,3.0,0.0,1.0,1.2200000000000006,1.0,1.0,1.0,0.6921895162860183,0.16956722212813363,4.082095039352385,0.6921895162860183,0.7322550639805685,4.082095039352385,4.318376245069576,time_avg,0.7600553030865141,0.16956722212813363,17,0.8647112265645006,mild
26,peak_height,0.445259153842926,0.4477947026491165,0.4474591612815857,0.01933279814652669,0.43499917536973953,0.46349161118268967,0.40927315354347227,0.4772981658577919,0.028492435812950134,0.06802501231431962,1.0,1.0,0.002535548806190502,0.002200007438659668,0.002200007438659668,4.840032730157873e-06,0.6921895162860183,0.16956722212813363,4.082095039352385,0.6921895162860183,0.7322550639805685,4.082095039352385,4.318376245069576,time_avg,0.7600553030865141,0.16956722212813363,17,0.8647112265645006,mild
26,cumulative_infected,6.082566166762263,5.893926887687582,5.886592389899306,0.23058371234030867,5.748666887695435,6.074834159677266,5.51613026856794,6.256014508221415,0.3261672719818307,0.7398842396534748,0.0,1.0,-0.18863927907468092,-0.19597377686295658,0.19597377686295658,0.0384057212179319,0.6921895162860183,0.16956722212813363,4.082095039352385,0.6921895162860183,0.7322550639805685,4.082095039352385,4.318376245069576,time_avg,0.7600553030865141,0.16956722212813363,17,0.8647112265645006,mild
26,early_growth_slope,0.04565554979212936,0.03970089893942973,0.0398073155277719,0.004460858225308264,0.03683305328567733,0.042320741720253685,0.03213487449212975,0.04726517944474748,0.0054876884345763585,0.015130304952617732,0.0,1.0,-0.005954650852699632,-0.00584823426435746,0.00584823426435746,3.4201844010804646e-05,0.6921895162860183,0.16956722212813363,4.082095039352385,0.6921895162860183,0.7322550639805685,4.082095039352385,4.318376245069576,time_avg,0.7600553030865141,0.16956722212813363,17,0.8647112265645006,mild
27,peak_time,16.0,20.78,18.0,16.02118546919621,6.75,36.0,1.0,48.0,29.25,47.0,1.0,1.0,4.780000000000001,2.0,2.0,4.0,0.17360121878234255,0.2614899540680059,0.663892497901445,0.17360121878234255,0.17509441273149146,0.663892497901445,0.6696028279769192,time_avg,0.1759978696072186,0.2614899540680059,14,0.981086806853711,mild
27,peak_height,0.04557407647371292,0.04858075147494674,0.0477028526365757,0.009152260553187826,0.04256811924278736,0.05582322273403406,0.03490489721298218,0.06406864672899246,0.0132551034912467,0.02916374951601028,1.0,1.0,0.003006675001233819,0.0021287761628627777,0.0021287761628627777,4.5316879515727715e-06,0.17360121878234255,0.2614899540680059,0.663892497901445,0.17360121878234255,0.17509441273149146,0.663892497901445,0.6696028279769192,time_avg,0.1759978696072186,0.2614899540680059,14,0.981086806853711,mild
27,cumulative_infected,0.3946814661612734,0.4744973084197954,0.4686500789866841,0.11836667405320328,0.3999266707105562,0.5301704565390537,0.30204183898167686,0.6632681753602809,0.1302437858284975,0.3612263363786041,0.0,1.0,0.07981584225852201,0.07396861282541067,0.07396861282541067,0.005471355683315508,0.17360121878234255,0.2614899540680059,0.663892497901445,0.17360121878234255,0.17509441273149146,0.663892497901445,0.6696028279769192,time_avg,0.1759978696072186,0.2614899540680059,14,0.981086806853711,mild
27,early_growth_slope,-0.0015500555302770341,-9.012206430075504e-05,-7.319231268151496e-05,0.0022843268508127464,-0.0015015863776040642,0.0014873851255937814,-0.0037033391528807197,0.0033964703768669118,0.0029889715031978454,0.0070998095297476315,0.0,1.0,0.0014599334659762791,0.0014768632175955192,0.0014768632175955192,2.18112496348659e-06,0.17360121878234255,0.2614899540680059,0.663892497901445,0.17360121878234255,0.17509441273149146,0.663892497901445,0.6696028279769192,time_avg,0.1759978696072186,0.2614899540680059,14,0.981086806853711,mild
28,peak_time,13.0,12.42,12.0,0.9231041177035296,12.0,13.0,11.0,14.0,1.0,3.0,1.0,1.0,-0.5800000000000001,-1.0,1.0,1.0,0.5911996224676925,0.15659492402428188,3.775343461171322,0.5911996224676925,0.620776143864979,3.775343461171322,3.964216258815135,time_avg,0.6463488980904517,0.15659492402428188,19,0.8623801404850704,mild
28,peak_height,0.42866942286491394,0.4099330121278763,0.41123004257678986,0.020916580371545302,0.39851195365190506,0.4257659539580345,0.3723630428314209,0.43791909515857697,0.027254000306129456,0.06555605232715606,0.0,1.0,-0.018736410737037634,-0.017439380288124084,0.017439380288124084,0.0003041319848338109,0.5911996224676925,0.15659492402428188,3.775343461171322,0.5911996224676925,0.620776143864979,3.775343461171322,3.964216258815135,time_avg,0.6463488980904517,0.15659492402428188,19,0.8623801404850704,mild
28,cumulative_infected,6.240406991913915,6.110175539865886,6.084602891089162,0.26790070265598026,5.900943083252059,6.352094813351869,5.680954698950518,6.498020782932872,0.45115173009980936,0.817066083982354,1.0,1.0,-0.13023145204802855,-0.15580410082475282,0.15580410082475282,0.024274917833809743,0.5911996224676925,0.15659492402428188,3.775343461171322,0.5911996224676925,0.620776143864979,3.775343461171322,3.964216258815135,time_avg,0.6463488980904517,0.15659492402428188,19,0.8623801404850704,mild
28,early_growth_slope,0.024460890407984447,0.023169673142121955,0.02346202067842352,0.003559391382789352,0.021168428592361684,0.02543079324043771,0.01626485527764695,0.029215035338364975,0.004262364648076028,0.012950180060718026,1.0,1.0,-0.0012912172658624925,-0.0009988697295609285,0.0009988697295609285,9.977407366331224e-07,0.5911996224676925,0.15659492402428188,3.775343461171322,0.5911996224676925,0.620776143864979,3.775343461171322,3.964216258815135,time_avg,0.6463488980904517,0.15659492402428188,19,0.8623801404850704,mild
29,peak_time,21.0,19.78,19.5,4.398300865681031,17.0,23.0,14.0,27.049999999999997,6.0,13.049999999999997,1.0,1.0,-1.2199999999999989,-1.5,1.5,2.25,0.4290553981076475,0.3020418139717494,1.4205165585046378,0.4290553981076475,0.4318341700542707,1.4205165585046378,1.4297165163187011,time_avg,0.44632839082860243,0.3020418139717494,25,0.9225996236139593,mild
29,peak_height,0.09889023751020432,0.09462210111320019,0.09247475489974022,0.014827971644705262,0.08660821244120598,0.10133588686585426,0.07490517534315586,0.11434497833251953,0.014727674424648285,0.03943980298936367,1.0,1.0,-0.00426813639700413,-0.006415482610464096,0.006415482610464096,4.115841712516721e-05,0.4290553981076475,0.3020418139717494,1.4205165585046378,0.4290553981076475,0.4318341700542707,1.4205165585046378,1.4297165163187011,time_avg,0.44632839082860243,0.3020418139717494,25,0.9225996236139593,mild
29,cumulative_infected,1.7485246460710187,1.7044478913422791,1.7160582593642175,0.2705819799835201,1.490024598853779,1.8551985166268423,1.313599458889803,2.136044172744732,0.3651739177730633,0.8224447138549289,1.0,1.0,-0.04407675472873951,-0.03246638670680113,0.03246638670680113,0.0010540662657955533,0.4290553981076475,0.3020418139717494,1.4205165585046378,0.4290553981076475,0.4318341700542707,1.4205165585046378,1.4297165163187011,time_avg,0.44632839082860243,0.3020418139717494,25,0.9225996236139593,mild
29,early_growth_slope,0.0009844031273609115,0.0018320303870937751,0.0015549633286095102,0.002879704140331388,6.298073345706731e-05,0.0037793227801601104,-0.002596070627259903,0.006320223395111194,0.003716342046703043,0.008916294022371096,1.0,1.0,0.0008476272597328636,0.0005705602012485986,0.0005705602012485986,3.2553894324884136e-07,0.4290553981076475,0.3020418139717494,1.4205165585046378,0.4290553981076475,0.4318341700542707,1.4205165585046378,1.4297165163187011,time_avg,0.44632839082860243,0.3020418139717494,25,0.9225996236139593,mild
30,peak_time,13.0,15.11,15.0,1.1449934938723894,14.0,16.0,13.95,17.0,2.0,3.0500000000000007,0.0,0.0,2.1099999999999994,2.0,2.0,4.0,0.4855829791959391,0.14165506411305312,3.427925307410129,0.4855829791959391,0.4988228374828795,3.427925307410129,3.5213907854700857,time_avg,0.529274578510692,0.14165506411305312,19,0.8668548909458264,mild
30,peak_height,0.39137011766433716,0.3824022564291954,0.3822908103466034,0.016982125588719785,0.37209878116846085,0.3927953392267227,0.3547434970736504,0.4086017027497291,0.02069655805826187,0.05385820567607874,1.0,1.0,-0.00896786123514176,-0.009079307317733765,0.009079307317733765,8.243382136985389e-05,0.4855829791959391,0.14165506411305312,3.427925307410129,0.4855829791959391,0.4988228374828795,3.427925307410129,3.5213907854700857,time_avg,0.529274578510692,0.14165506411305312,19,0.8668548909458264,mild
30,cumulative_infected,6.6665588999167085,6.573269610311727,6.57162617391441,0.2667458184057793,6.391977975144982,6.744602961698547,6.143167228659149,7.004460243510403,0.35262498655356467,0.8612930148512534,1.0,1.0,-0.09328928960498128,-0.0949327260022983,0.0949327260022983,0.009012222466227442,0.4855829791959391,0.14165506411305312,3.427925307410129,0.4855829791959391,0.4988228374828795,3.427925307410129,3.5213907854700857,time_avg,0.529274578510692,0.14165506411305312,19,0.8668548909458264,mild
30,early_growth_slope,0.017859282337927388,0.013983027927216816,0.013840373544510275,0.00324399149053619,0.011488094593265222,0.016584703736866466,0.008861724356011975,0.01926274527906484,0.005096609143601244,0.010401020923052864,0.0,1.0,-0.0038762544107105723,-0.004018908793417113,0.004018908793417113,1.6151627889805397e-05,0.4855829791959391,0.14165506411305312,3.427925307410129,0.4855829791959391,0.4988228374828795,3.427925307410129,3.5213907854700857,time_avg,0.529274578510692,0.14165506411305312,19,0.8668548909458264,mild
31,peak_time,47.0,40.63,45.0,10.776569233501192,40.0,47.0,14.9,49.0,7.0,34.1,1.0,1.0,-6.369999999999997,-2.0,2.0,4.0,0.16433070301681416,0.08760267421837212,1.8758640016762247,0.16433070301681416,0.1608540881052204,1.8758640016762247,1.836177828364581,time_avg,0.1706424923034168,0.08760267421837212,25,0.9260232407367821,mild
31,peak_height,0.18901638686656952,0.14171608299016952,0.15213515609502792,0.0611620673308029,0.08560475520789623,0.19567489624023438,0.050449101440608504,0.2363692469894886,0.11007014103233814,0.1859201455488801,1.0,1.0,-0.047300303876399996,-0.036881230771541595,0.036881230771541595,0.0013602251832237067,0.16433070301681416,0.08760267421837212,1.8758640016762247,0.16433070301681416,0.1608540881052204,1.8758640016762247,1.836177828364581,time_avg,0.1706424923034168,0.08760267421837212,25,0.9260232407367821,mild
31,cumulative_infected,3.1103784404695034,2.751216882260851,2.8706085921730846,1.3873801700398583,1.4684677618788555,3.858646790147759,0.5571513908762427,4.892422688705846,2.3901790282689035,4.335271297829603,1.0,1.0,-0.3591615582086525,-0.23976984829641879,0.23976984829641879,0.05748958015208768,0.16433070301681416,0.08760267421837212,1.8758640016762247,0.16433070301681416,0.1608540881052204,1.8758640016762247,1.836177828364581,time_avg,0.1706424923034168,0.08760267421837212,25,0.9260232407367821,mild
31,early_growth_slope,0.002060965235744204,0.000506108044436198,0.0005261251104197334,0.0023679668058415424,-0.0011703903617758654,0.0017723647785411836,-0.0027540425192845355,0.004398167747699299,0.002942755140317049,0.007152210266983834,0.0,1.0,-0.001554857191308006,-0.0015348401253244708,0.0015348401253244708,2.355734210306037e-06,0.16433070301681416,0.08760267421837212,1.8758640016762247,0.16433070301681416,0.1608540881052204,1.8758640016762247,1.836177828364581,time_avg,0.1706424923034168,0.08760267421837212,25,0.9260232407367821,mild
32,peak_time,20.0,20.35,20.5,1.816729217716567,19.0,22.0,17.0,23.0,3.0,6.0,1.0,1.0,0.3500000000000014,0.5,0.5,0.25,0.40437898387309085,0.20421300689590982,1.980182310714461,0.40437898387309085,0.4011991189353534,1.980182310714461,1.9646109963007896,time_avg,0.4246484831124244,0.20421300689590982,11,0.9388045912801595,mild
32,peak_height,0.169985830783844,0.18101837530732154,0.1800924390554428,0.016665616921183797,0.16836601123213768,0.19023194536566734,0.15657159611582755,0.207608762383461,0.021865934133529663,0.05103716626763344,1.0,1.0,0.011032544523477544,0.010106608271598816,0.010106608271598816,0.0001021435307555496,0.40437898387309085,0.20421300689590982,1.980182310714461,0.40437898387309085,0.4011991189353534,1.980182310714461,1.9646109963007896,time_avg,0.4246484831124244,0.20421300689590982,11,0.9388045912801595,mild
32,cumulative_infected,3.6301013324409723,3.59790749367181,3.620214672293514,0.24226005138924625,3.4101197671843693,3.7755283842561767,3.1911955609219147,3.994945755507797,0.3654086170718074,0.8037501945858825,1.0,1.0,-0.032193838769162486,-0.009886660147458315,0.009886660147458315,9.774604887134047e-05,0.40437898387309085,0.20421300689590982,1.980182310714461,0.40437898387309085,0.4011991189353534,1.980182310714461,1.9646109963007896,time_avg,0.4246484831124244,0.20421300689590982,11,0.9388045912801595,mild
32,early_growth_slope,0.006208638799199389,0.003511474109012137,0.003321094044838987,0.0027756475030755764,0.001720686184853548,0.005200175057758488,-0.0008316716159849113,0.008643519030080085,0.0034794888729049395,0.009475190646064996,0.0,1.0,-0.0026971646901872517,-0.002887544754360402,0.002887544754360402,8.337914708434274e-06,0.40437898387309085,0.20421300689590982,1.980182310714461,0.40437898387309085,0.4011991189353534,1.980182310714461,1.9646109963007896,time_avg,0.4246484831124244,0.20421300689590982,11,0.9388045912801595,mild
33,peak_time,11.0,10.04,10.0,0.8752488823532457,9.0,10.25,9.0,12.0,1.25,3.0,0.0,1.0,-0.9600000000000009,-1.0,1.0,1.0,0.7610249729521533,0.0768661767746748,9.900648176935075,0.7610249729521533,0.7779402532445786,9.900648176935075,10.120709600596234,time_avg,0.7873221977733241,0.0768661767746748,30,0.9164978934432954,mild
33,peak_height,0.6782882809638977,0.6810701495409012,0.6824217438697815,0.026912314598649664,0.6673128306865692,0.6972415298223495,0.6280883193016052,0.7211046338081359,0.029928699135780334,0.0930163145065307,1.0,1.0,0.0027818685770034657,0.004133462905883789,0.004133462905883789,1.7085515594317258e-05,0.7610249729521533,0.0768661767746748,9.900648176935075,0.7610249729521533,0.7779402532445786,9.900648176935075,10.120709600596234,time_avg,0.7873221977733241,0.0768661767746748,30,0.9164978934432954,mild
33,cumulative_infected,12.367623694241047,12.523792393048497,12.510248695500195,0.7429216749415086,11.89023017580621,13.13105880934745,11.3602696616319,13.590181962214409,1.2408286335412413,2.2299123005825088,1.0,1.0,0.1561686988074502,0.14262500125914812,0.14262500125914812,0.020341890984172002,0.7610249729521533,0.0768661767746748,9.900648176935075,0.7610249729521533,0.7779402532445786,9.900648176935075,10.120709600596234,time_avg,0.7873221977733241,0.0768661767746748,30,0.9164978934432954,mild
33,early_growth_slope,0.0713086275583399,0.06724563091488171,0.06930567107407286,0.009862536777942384,0.06028136408366705,0.07347251112029576,0.047867843273395126,0.08113461674767587,0.013191147036628714,0.033266773474280746,1.0,1.0,-0.004062996643458189,-0.0020029564842670433,0.0020029564842670433,4.0118346778673945e-06,0.7610249729521533,0.0768661767746748,9.900648176935075,0.7610249729521533,0.7779402532445786,9.900648176935075,10.120709600596234,time_avg,0.7873221977733241,0.0768661767746748,30,0.9164978934432954,mild
34,peak_time,13.0,13.21,13.0,1.0376254944182253,12.0,14.0,12.0,15.0,2.0,3.0,1.0,1.0,0.21000000000000085,0.0,0.0,0.0,0.5556231230759835,0.13222102330977845,4.202229790448856,0.5556231230759835,0.576675465430264,4.202229790448856,4.361450630125443,time_avg,0.5847746086181913,0.13222102330977845,28,0.8867027137364161,mild
34,peak_height,0.4777412712574005,0.44714746534824373,0.4461037814617157,0.018593370120036135,0.4331989213824272,0.45855291187763214,0.4175231844186783,0.47794403731822965,0.025353990495204926,0.06042085289955135,0.0,1.0,-0.03059380590915678,-0.031637489795684814,0.031637489795684814,0.0010009307605720608,0.5556231230759835,0.13222102330977845,4.202229790448856,0.5556231230759835,0.576675465430264,4.202229790448856,4.361450630125443,time_avg,0.5847746086181913,0.13222102330977845,28,0.8867027137364161,mild
34,cumulative_infected,7.4609370063990355,7.369505923264938,7.343590807489818,0.28939969762001805,7.157848257746082,7.537400500499643,6.966748752375134,7.905250681226607,0.3795522427535616,0.9385019288514735,1.0,1.0,-0.09143108313409787,-0.11734619890921749,0.11734619890921749,0.013770130398441636,0.5556231230759835,0.13222102330977845,4.202229790448856,0.5556231230759835,0.576675465430264,4.202229790448856,4.361450630125443,time_avg,0.5847746086181913,0.13222102330977845,28,0.8867027137364161,mild
34,early_growth_slope,0.021791763293246426,0.021243026069388996,0.021024766677458367,0.003534289087525169,0.019054228348457918,0.02383165208378895,0.015458311773614865,0.026658379386866545,0.004777423735331032,0.01120006761325168,1.0,1.0,-0.0005487372238574297,-0.0007669966157880584,0.0007669966157880584,5.882838086303345e-07,0.5556231230759835,0.13222102330977845,4.202229790448856,0.5556231230759835,0.576675465430264,4.202229790448856,4.361450630125443,time_avg,0.5847746086181913,0.13222102330977845,28,0.8867027137364161,mild
35,peak_time,8.0,8.25,8.0,0.6871842709362768,8.0,9.0,7.0,9.0,1.0,2.0,1.0,1.0,0.25,0.0,0.0,0.0,0.9053518012930717,0.22328648370230958,4.054664600747202,0.9053518012930717,0.933151613551319,4.054664600747202,4.1791674895799655,time_avg,0.9422965780253638,0.22328648370230958,16,0.942342405475005,mild
35,peak_height,0.4438328444957733,0.4229332888126373,0.42254549264907837,0.02520500487618167,0.40722615271806717,0.44202981144189835,0.38288190960884094,0.46245915740728377,0.03480365872383118,0.07957724779844283,0.0,1.0,-0.020899555683136006,-0.021287351846694946,0.021287351846694946,0.00045315134864498674,0.9053518012930717,0.22328648370230958,4.054664600747202,0.9053518012930717,0.933151613551319,4.054664600747202,4.1791674895799655,time_avg,0.9422965780253638,0.22328648370230958,16,0.942342405475005,mild
35,cumulative_infected,4.68368315754924,4.589440752954472,4.624758386838948,0.265480853392867,4.414562446443597,4.754080879560206,4.110409988113679,4.991590720924433,0.33951843311660923,0.8811807328107539,1.0,1.0,-0.09424240459476785,-0.05892477071029134,0.05892477071029134,0.0034721286032604083,0.9053518012930717,0.22328648370230958,4.054664600747202,0.9053518012930717,0.933151613551319,4.054664600747202,4.1791674895799655,time_avg,0.9422965780253638,0.22328648370230958,16,0.942342405475005,mild
35,early_growth_slope,0.0598481971780226,0.05453577222083755,0.05428844226047484,0.005428080183859975,0.051247147604867455,0.05813468193394197,0.046094308371123445,0.06349142396457387,0.006887534329074518,0.017397115593450425,0.0,1.0,-0.00531242495718505,-0.00555975491754776,0.00555975491754776,3.09108747431965e-05,0.9053518012930717,0.22328648370230958,4.054664600747202,0.9053518012930717,0.933151613551319,4.054664600747202,4.1791674895799655,time_avg,0.9422965780253638,0.22328648370230958,16,0.942342405475005,mild
36,peak_time,3.0,21.16,19.5,15.401508518533651,7.75,32.25,1.0,47.05,24.5,46.05,0.0,1.0,18.16,16.5,16.5,272.25,0.40903503198591545,0.39314969823244206,1.0404053057267808,0.40903503198591545,0.41118001376749236,1.0404053057267808,1.0458611964249562,time_avg,0.4179314647378862,0.39314969823244206,21,0.9632985825362773,mild
36,peak_height,0.03824504092335701,0.05100990476086736,0.048887940123677254,0.011394476553417045,0.043584578670561314,0.05631215311586857,0.03686055392026901,0.073217998072505,0.012727574445307255,0.03635744415223598,0.0,1.0,0.012764863837510347,0.010642899200320244,0.010642899200320244,0.00011327130338817729,0.40903503198591545,0.39314969823244206,1.0404053057267808,0.40903503198591545,0.41118001376749236,1.0404053057267808,1.0458611964249562,time_avg,0.4179314647378862,0.39314969823244206,21,0.9632985825362773,mild
36,cumulative_infected,0.5721916034817696,0.5508811413553303,0.48239093797747046,0.2469740797820181,0.4218889662879519,0.6031197482952848,0.3500033383606933,0.9908591260493267,0.1812307820073329,0.6408557876886334,1.0,1.0,-0.021310462126439278,-0.0898006655042991,0.0898006655042991,0.008064159525015015,0.40903503198591545,0.39314969823244206,1.0404053057267808,0.40903503198591545,0.41118001376749236,1.0404053057267808,1.0458611964249562,time_avg,0.4179314647378862,0.39314969823244206,21,0.9632985825362773,mild
36,early_growth_slope,0.0005776020919992814,-0.0006395666448810553,-0.00038526733295016273,0.0021624838000332642,-0.0022469754944073154,0.0008828180185186543,-0.004014980586500659,0.0026053789153506614,0.0031297935129259696,0.00662035950185132,1.0,1.0,-0.0012171687368803367,-0.0009628694249494442,0.0009628694249494442,9.271175295024734e-07,0.40903503198591545,0.39314969823244206,1.0404053057267808,0.40903503198591545,0.41118001376749236,1.0404053057267808,1.0458611964249562,time_avg,0.4179314647378862,0.39314969823244206,21,0.9632985825362773,mild
37,peak_time,39.0,24.05,24.5,14.609651576677631,11.0,36.0,2.95,48.0,25.0,45.05,0.0,1.0,-14.95,-14.5,14.5,210.25,0.5004322801106467,0.48421428221433394,1.0334934315075281,0.5004322801106467,0.5012035993460636,1.0334934315075281,1.0350863610508074,time_avg,0.5051256695977634,0.48421428221433394,11,0.9880877841470308,mild
37,peak_height,0.04838542267680168,0.048807233851402995,0.04671601764857769,0.012790327053373626,0.04113331437110901,0.054638550616800785,0.03215061835944653,0.06620993018150328,0.013505236245691776,0.03405931182205676,1.0,1.0,0.0004218111746013137,-0.0016694050282239914,0.0016694050282239914,2.7869131482595455e-06,0.5004322801106467,0.48421428221433394,1.0334934315075281,0.5004322801106467,0.5012035993460636,1.0334934315075281,1.0350863610508074,time_avg,0.5051256695977634,0.48421428221433394,11,0.9880877841470308,mild
37,cumulative_infected,0.4787667305499781,0.5274403991558938,0.46094073183485307,0.2678660951377078,0.3894399005912419,0.5887112290947698,0.3208462256923667,0.8161323371721659,0.1992713285035279,0.49528611147979923,1.0,1.0,0.04867366860591571,-0.017825998715125024,0.017825998715125024,0.000317766230191639,0.5004322801106467,0.48421428221433394,1.0334934315075281,0.5004322801106467,0.5012035993460636,1.0334934315075281,1.0350863610508074,time_avg,0.5051256695977634,0.48421428221433394,11,0.9880877841470308,mild
37,early_growth_slope,0.0009353815084545031,-0.0004022468354109837,-0.00041129538190684035,0.0017342628193898813,-0.0016351061806614896,0.0007822047673038297,-0.003326523523788808,0.002205277349761065,0.0024173109479653193,0.005531800873549873,0.0,1.0,-0.0013376283438654869,-0.0013466768903613435,0.0013466768903613435,1.813538647033298e-06,0.5004322801106467,0.48421428221433394,1.0334934315075281,0.5004322801106467,0.5012035993460636,1.0334934315075281,1.0350863610508074,time_avg,0.5051256695977634,0.48421428221433394,11,0.9880877841470308,mild
38,peak_time,48.0,20.37,17.5,14.330623422474252,8.0,31.25,1.9500000000000002,45.0,23.25,43.05,0.0,0.0,-27.63,-30.5,30.5,930.25,0.20983952079609644,0.2467794649602425,0.8503119205234629,0.20983952079609644,0.21143879247564554,0.8503119205234629,0.8567924908570065,time_avg,0.21271758321235096,0.2467794649602425,29,0.9677857868680747,mild
38,peak_height,0.036865200847387314,0.05253352202475071,0.05066758394241333,0.01164383199666212,0.04451045021414757,0.05927217658609152,0.03856508824974299,0.07104730717837808,0.01476172637194395,0.03248221892863509,0.0,0.0,0.015668321177363394,0.013802383095026016,0.013802383095026016,0.00019050577910185995,0.20983952079609644,0.2467794649602425,0.8503119205234629,0.20983952079609644,0.21143879247564554,0.8503119205234629,0.8567924908570065,time_avg,0.21271758321235096,0.2467794649602425,29,0.9677857868680747,mild
38,cumulative_infected,0.4366197888748502,0.5632913388613724,0.4987634080753196,0.24963374324187776,0.42298580387432594,0.6131141238474811,0.3310949971062655,1.0563186184153892,0.19012831997315516,0.7252236213091237,1.0,1.0,0.1266715499865222,0.0621436192004694,0.0621436192004694,0.0038618294073329493,0.20983952079609644,0.2467794649602425,0.8503119205234629,0.20983952079609644,0.21143879247564554,0.8503119205234629,0.8567924908570065,time_avg,0.21271758321235096,0.2467794649602425,29,0.9677857868680747,mild
38,early_growth_slope,0.0011393938302284184,-0.0004283140854126285,-0.000272416991979948,0.0024039379130557643,-0.0021990123152049582,0.001255559152923524,-0.004046589464858349,0.0033149295530858487,0.003454571468128482,0.007361519017944197,1.0,1.0,-0.001567707915641047,-0.0014118108222083664,0.0014118108222083664,1.9932097977046633e-06,0.20983952079609644,0.2467794649602425,0.8503119205234629,0.20983952079609644,0.21143879247564554,0.8503119205234629,0.8567924908570065,time_avg,0.21271758321235096,0.2467794649602425,29,0.9677857868680747,mild
39,peak_time,18.0,21.01,19.5,14.226518842775219,8.75,33.0,1.0,44.05,24.25,43.05,1.0,1.0,3.0100000000000016,1.5,1.5,2.25,0.4290143440725122,0.42740962257738596,1.0037545282332423,0.4290143440725122,0.43750288954813754,1.0037545282332423,1.023614973640244,time_avg,0.47371672184762115,0.42740962257738596,11,0.879018961978391,mild
39,peak_height,0.048522815108299255,0.049513311907649044,0.0492235142737627,0.011149893702237616,0.041628241539001465,0.05404946580529213,0.033268891461193564,0.07230511493980885,0.012421224266290665,0.03903622347861528,1.0,1.0,0.0009904967993497882,0.0007006991654634476,0.0007006991654634476,4.909793204811719e-07,0.4290143440725122,0.42740962257738596,1.0037545282332423,0.4290143440725122,0.43750288954813754,1.0037545282332423,1.023614973640244,time_avg,0.47371672184762115,0.42740962257738596,11,0.879018961978391,mild
39,cumulative_infected,0.5331204000394791,0.533325840164871,0.48018841638986487,0.17222793533206898,0.42919489031191915,0.5955809040024178,0.32703176072100176,0.9359228140365302,0.16638601369049866,0.6088910533155285,1.0,1.0,0.00020544012539180923,-0.05293198364961427,0.05293198364961427,0.0028017948930830323,0.4290143440725122,0.42740962257738596,1.0037545282332423,0.4290143440725122,0.43750288954813754,1.0037545282332423,1.023614973640244,time_avg,0.47371672184762115,0.42740962257738596,11,0.879018961978391,mild
39,early_growth_slope,0.0017212731763720504,-0.00031830190181738336,-0.0003023187787870742,0.0022239224097148945,-0.0016500093527914324,0.0007706941659784034,-0.004052820181823331,0.0030099173543498,0.002420703518769836,0.007062737536173131,0.0,1.0,-0.0020395750781894337,-0.0020235919551591245,0.0020235919551591245,4.094924400984728e-06,0.4290143440725122,0.42740962257738596,1.0037545282332423,0.4290143440725122,0.43750288954813754,1.0037545282332423,1.023614973640244,time_avg,0.47371672184762115,0.42740962257738596,11,0.879018961978391,mild
40,peak_time,17.0,15.67,16.0,2.6248809496813377,14.0,17.0,11.95,20.0,3.0,8.05,1.0,1.0,-1.33,-1.0,1.0,1.0,0.564760263182628,0.3662791716971214,1.5418847338926274,0.564760263182628,0.5855594230602876,1.5418847338926274,1.5986697260102207,time_avg,0.5952852156566941,0.3662791716971214,26,0.8931711231607125,mild
40,peak_height,0.12021039426326752,0.12157415449619294,0.12051434814929962,0.014139205198462502,0.11399664357304573,0.12974629551172256,0.09613815434277058,0.14714332073926925,0.015749651938676834,0.05100516639649867,1.0,1.0,0.0013637602329254206,0.0003039538860321045,0.0003039538860321045,9.238796483401757e-08,0.564760263182628,0.3662791716971214,1.5418847338926274,0.564760263182628,0.5855594230602876,1.5418847338926274,1.5986697260102207,time_avg,0.5952852156566941,0.3662791716971214,26,0.8931711231607125,mild
40,cumulative_infected,1.887491625311668,1.9349137303220414,1.9438975548837334,0.17574830740531033,1.8109632637351751,2.0560216808735277,1.6820844967565791,2.201901855098549,0.24505841713835252,0.5198173583419701,1.0,1.0,0.04742210501037336,0.05640592957206536,0.05640592957206536,0.0031816288908887978,0.564760263182628,0.3662791716971214,1.5418847338926274,0.564760263182628,0.5855594230602876,1.5418847338926274,1.5986697260102207,time_avg,0.5952852156566941,0.3662791716971214,26,0.8931711231607125,mild
40,early_growth_slope,0.005396431062503584,0.003719991086458148,0.0037730567218247973,0.0029098672880586854,0.0019129444474293405,0.005429952642381457,-0.0014388116456280986,0.008129677056734048,0.0035170081949521164,0.009568488702362148,1.0,1.0,-0.001676439976045436,-0.0016233743406787867,0.0016233743406787867,2.6353442499742856e-06,0.564760263182628,0.3662791716971214,1.5418847338926274,0.564760263182628,0.5855594230602876,1.5418847338926274,1.5986697260102207,time_avg,0.5952852156566941,0.3662791716971214,26,0.8931711231607125,mild
41,peak_time,12.0,12.28,12.0,2.1792409020323817,11.0,14.0,9.0,16.049999999999997,3.0,7.049999999999997,1.0,1.0,0.27999999999999936,0.0,0.0,0.0,0.8259898769977039,0.4473208727078089,1.846526570507794,0.8259898769977039,0.8279520479255023,1.846526570507794,1.8509130658571404,time_avg,0.8370370686310825,0.4473208727078089,10,0.9835025352409936,mild
41,peak_height,0.14951103925704956,0.15665268160402776,0.1538635790348053,0.018456614562849232,0.14623576030135155,0.16740591451525688,0.1275783024728298,0.19103886261582373,0.021170154213905334,0.06346056014299392,1.0,1.0,0.0071416423469782,0.004352539777755737,0.004352539777755737,1.8944602516945963e-05,0.8259898769977039,0.4473208727078089,1.846526570507794,0.8259898769977039,0.8279520479255023,1.846526570507794,1.8509130658571404,time_avg,0.8370370686310825,0.4473208727078089,10,0.9835025352409936,mild
41,cumulative_infected,2.1056060071568936,2.075535315160805,2.0764422338543227,0.16995341108610096,1.9782479802379385,2.1737138375319773,1.8018857331655453,2.3564735031104647,0.19546585729403887,0.5545877699449193,1.0,1.0,-0.030070691996088694,-0.029163773302570917,0.029163773302570917,0.0008505256732437482,0.8259898769977039,0.4473208727078089,1.846526570507794,0.8259898769977039,0.8279520479255023,1.846526570507794,1.8509130658571404,time_avg,0.8370370686310825,0.4473208727078089,10,0.9835025352409936,mild
41,early_growth_slope,0.009607228928611478,0.00932842537241716,0.00943701514708144,0.0034316621086639344,0.006849258944081762,0.011677511271998462,0.0034554852255886163,0.01468349241047343,0.0048282523279167,0.011228007184884814,1.0,1.0,-0.0002788035561943191,-0.00017021378153003752,0.00017021378153003752,2.8972731422755343e-08,0.8259898769977039,0.4473208727078089,1.846526570507794,0.8259898769977039,0.8279520479255023,1.846526570507794,1.8509130658571404,time_avg,0.8370370686310825,0.4473208727078089,10,0.9835025352409936,mild
42,peak_time,0.0,22.13,23.0,14.85121836310701,9.0,34.0,1.0,44.05,25.0,43.05,0.0,0.0,22.13,23.0,23.0,529.0,0.24481416312309023,0.42387357578928675,0.5775641066259593,0.24481416312309023,0.2592097230509765,0.5775641066259593,0.6115260253444842,time_avg,0.25944906408492063,0.42387357578928675,28,0.871800892144564,mild
42,peak_height,0.040671613067388535,0.04961402574554086,0.047182681038975716,0.010928761452140199,0.04279045946896076,0.05489046033471823,0.035642420686781404,0.07324792705476284,0.012100000865757465,0.037605506367981434,0.0,1.0,0.008942412678152323,0.006511067971587181,0.006511067971587181,4.239400613062841e-05,0.24481416312309023,0.42387357578928675,0.5775641066259593,0.24481416312309023,0.2592097230509765,0.5775641066259593,0.6115260253444842,time_avg,0.25944906408492063,0.42387357578928675,28,0.871800892144564,mild
42,cumulative_infected,0.27982159542443696,0.5091410348988938,0.46660703234374523,0.21504101064622308,0.39518486587985535,0.5415625015375554,0.3146394956798758,0.7606167021614962,0.1463776356577,0.4459772064816204,0.0,0.0,0.22931943947445688,0.18678543691930827,0.18678543691930827,0.03488879944513689,0.24481416312309023,0.42387357578928675,0.5775641066259593,0.24481416312309023,0.2592097230509765,0.5775641066259593,0.6115260253444842,time_avg,0.25944906408492063,0.42387357578928675,28,0.871800892144564,mild
42,early_growth_slope,-0.003542417679411644,-0.00040941916815080687,-0.0004556528874672947,0.0022114895105698144,-0.0021682306648602065,0.000819387609659489,-0.0037498621114840087,0.003566817136708691,0.0029876182745196956,0.0073166792481927,0.0,1.0,0.003132998511260837,0.003086764791944349,0.003086764791944349,9.52811688078724e-06,0.24481416312309023,0.42387357578928675,0.5775641066259593,0.24481416312309023,0.2592097230509765,0.5775641066259593,0.6115260253444842,time_avg,0.25944906408492063,0.42387357578928675,28,0.871800892144564,mild
43,peak_time,24.0,23.46,24.0,2.037130086641251,22.0,25.0,20.0,27.0,3.0,7.0,1.0,1.0,-0.5399999999999991,0.0,0.0,0.0,0.35878727318607395,0.13486071261813543,2.660428424414435,0.35878727318607395,0.35886104123863627,2.660428424414435,2.660975418799458,time_avg,0.35944537496563156,0.13486071261813543,28,0.9958389063629656,mild
43,peak_height,0.2948673367500305,0.26764286920428276,0.26561595499515533,0.018124450656438328,0.25491566956043243,0.2799559757113457,0.24159882888197898,0.2949505716562271,0.02504030615091324,0.053351742774248145,0.0,1.0,-0.027224467545747755,-0.029251381754875183,0.029251381754875183,0.0008556433345694447,0.35878727318607395,0.13486071261813543,2.660428424414435,0.35878727318607395,0.35886104123863627,2.660428424414435,2.660975418799458,time_avg,0.35944537496563156,0.13486071261813543,28,0.9958389063629656,mild
43,cumulative_infected,6.233187627396546,6.081767861163971,6.07371471170336,0.31078961502642516,5.920781981665641,6.233945667278022,5.549250985705294,6.578160189196932,0.3131636856123805,1.0289092034916383,1.0,1.0,-0.15141976623257491,-0.15947291569318622,0.15947291569318622,0.02543161083968608,0.35878727318607395,0.13486071261813543,2.660428424414435,0.35878727318607395,0.35886104123863627,2.660428424414435,2.660975418799458,time_avg,0.35944537496563156,0.13486071261813543,28,0.9958389063629656,mild
43,early_growth_slope,0.0063790307031013046,0.003780072531901949,0.00365532955176951,0.0030063271950889893,0.0016773573611100724,0.006124987383373082,-0.0008206741752690581,0.009002113053464286,0.004447630022263009,0.009822787228733344,0.0,1.0,-0.0025989581711993556,-0.0027237011513317946,0.0027237011513317946,7.418547961766143e-06,0.35878727318607395,0.13486071261813543,2.660428424414435,0.35878727318607395,0.35886104123863627,2.660428424414435,2.660975418799458,time_avg,0.35944537496563156,0.13486071261813543,28,0.9958389063629656,mild
44,peak_time,11.0,10.57,10.0,0.9770601131181563,10.0,11.0,9.0,12.0,1.0,3.0,1.0,1.0,-0.4299999999999997,-1.0,1.0,1.0,0.7137788511577169,0.10992693045123098,6.493211883819357,0.7137788511577169,0.7307629994504299,6.493211883819357,6.647715864081482,time_avg,0.7573722680418912,0.10992693045123098,16,0.9153547486338743,mild
44,peak_height,0.5813194513320923,0.5750543153285981,0.5773864686489105,0.022571403757635958,0.5606590062379837,0.590304434299469,0.5374930471181869,0.6116142868995667,0.02964542806148529,0.07412123978137974,1.0,1.0,-0.006265136003494209,-0.003932982683181763,0.003932982683181763,1.5468352786207618e-05,0.7137788511577169,0.10992693045123098,6.493211883819357,0.7137788511577169,0.7307629994504299,6.493211883819357,6.647715864081482,time_avg,0.7573722680418912,0.10992693045123098,16,0.9153547486338743,mild
44,cumulative_infected,8.841828159056604,8.942962477031033,8.938176227733493,0.4558041871360118,8.625713019631803,9.289292412548093,8.208817241562064,9.593055499182082,0.6635793929162901,1.3842382576200176,1.0,1.0,0.10113431797442907,0.09634806867688894,0.09634806867688894,0.009282950337766507,0.7137788511577169,0.10992693045123098,6.493211883819357,0.7137788511577169,0.7307629994504299,6.493211883819357,6.647715864081482,time_avg,0.7573722680418912,0.10992693045123098,16,0.9153547486338743,mild
44,early_growth_slope,0.05947697060626176,0.050183995105769645,0.05027400911785661,0.006062880803029293,0.04620665639231447,0.053949839107060256,0.039909914898176094,0.0602256757792063,0.007743182714745785,0.02031576088103021,0.0,1.0,-0.009292975500492115,-0.009202961488405152,0.009202961488405152,8.469450015706838e-05,0.7137788511577169,0.10992693045123098,6.493211883819357,0.7137788511577169,0.7307629994504299,6.493211883819357,6.647715864081482,time_avg,0.7573722680418912,0.10992693045123098,16,0.9153547486338743,mild
45,peak_time,13.0,16.1,15.0,5.387040191069863,13.0,18.0,10.0,27.099999999999994,5.0,17.099999999999994,1.0,1.0,3.1000000000000014,2.0,2.0,4.0,0.6911935220418265,0.4811202332496343,1.436633660931889,0.6911935220418265,0.7094173702265303,1.436633660931889,1.4745116110268461,time_avg,0.7122473629309103,0.4811202332496343,29,0.9296196866397958,mild
45,peak_height,0.08838044852018356,0.0919060042873025,0.08963682875037193,0.017430157198436675,0.08028263039886951,0.10388663783669472,0.06702827140688897,0.12205271869897842,0.023604007437825203,0.055024447292089454,1.0,1.0,0.0035255557671189375,0.0012563802301883698,0.0012563802301883698,1.578491282808181e-06,0.6911935220418265,0.4811202332496343,1.436633660931889,0.6911935220418265,0.7094173702265303,1.436633660931889,1.4745116110268461,time_avg,0.7122473629309103,0.4811202332496343,29,0.9296196866397958,mild
45,cumulative_infected,1.3404524771030992,1.40598217809591,1.3947313008247875,0.23303303449540738,1.3054631805207464,1.5177502835867926,1.0430533745442516,1.8122264039586298,0.21228710306604626,0.7691730294143782,1.0,1.0,0.06552970099281086,0.05427882372168824,0.05427882372168824,0.002946190704610106,0.6911935220418265,0.4811202332496343,1.436633660931889,0.6911935220418265,0.7094173702265303,1.436633660931889,1.4745116110268461,time_avg,0.7122473629309103,0.4811202332496343,29,0.9296196866397958,mild
45,early_growth_slope,0.00287910923084599,0.0031053370578021187,0.0029591691175786155,0.0026602576368688863,0.0011847155747957373,0.004943596419512426,-0.0010526994686837724,0.007641154154303615,0.003758880844716689,0.008693853622987387,1.0,1.0,0.00022622782695612886,8.005988673262564e-05,8.005988673262564e-05,6.409585463640847e-09,0.6911935220418265,0.4811202332496343,1.436633660931889,0.6911935220418265,0.7094173702265303,1.436633660931889,1.4745116110268461,time_avg,0.7122473629309103,0.4811202332496343,29,0.9296196866397958,mild
46,peak_time,10.0,8.92,9.0,0.8248660742229857,8.0,9.0,8.0,10.0,1.0,2.0,0.0,1.0,-1.08,-1.0,1.0,1.0,0.8499091485240016,0.2913686597227136,2.9169545871296982,0.8499091485240016,0.8690094380007425,2.9169545871296982,2.9825082726047185,time_avg,0.8694694506775583,0.2913686597227136,28,0.9488708520667042,mild
46,peak_height,0.3288140892982483,0.3212117427587509,0.3219481408596039,0.022510010287107345,0.3048022985458374,0.33167513459920883,0.28970270305871965,0.36305016875267027,0.02687283605337143,0.07334746569395062,1.0,1.0,-0.007602346539497373,-0.006865948438644409,0.006865948438644409,4.71412479621236e-05,0.8499091485240016,0.2913686597227136,2.9169545871296982,0.8499091485240016,0.8690094380007425,2.9169545871296982,2.9825082726047185,time_avg,0.8694694506775583,0.2913686597227136,28,0.9488708520667042,mild
46,cumulative_infected,3.580534572713077,3.4309814965834082,3.4216654687188566,0.2344064188550804,3.279422909254208,3.5758869219280314,3.047612507402664,3.8167394321179016,0.29646401267382316,0.7691269247152377,0.0,1.0,-0.14955307612966884,-0.1588691039942205,0.1588691039942205,0.025239392203926448,0.8499091485240016,0.2913686597227136,2.9169545871296982,0.8499091485240016,0.8690094380007425,2.9169545871296982,2.9825082726047185,time_avg,0.8694694506775583,0.2913686597227136,28,0.9488708520667042,mild
46,early_growth_slope,0.03775271879775183,0.03609131744217197,0.036409940152052074,0.0052208832792274935,0.032736439920318786,0.03953161287271151,0.026509007146315912,0.04406504045085359,0.006795172952392722,0.01755603330453768,1.0,1.0,-0.001661401355579857,-0.0013427786456997534,0.0013427786456997534,1.803054491347264e-06,0.8499091485240016,0.2913686597227136,2.9169545871296982,0.8499091485240016,0.8690094380007425,2.9169545871296982,2.9825082726047185,time_avg,0.8694694506775583,0.2913686597227136,28,0.9488708520667042,mild
47,peak_time,9.0,9.62,10.0,1.253520295532997,9.0,10.0,7.95,12.0,1.0,4.05,1.0,1.0,0.6199999999999992,1.0,1.0,1.0,0.8215027071534218,0.4048661867165254,2.029072157929089,0.8215027071534218,0.8533213804323955,2.029072157929089,2.1076627498899145,time_avg,0.9011944245807871,0.4048661867165254,11,0.8866294933591616,mild
47,peak_height,0.2042602002620697,0.19128531590104103,0.19208941608667374,0.01823236610308579,0.17895504087209702,0.20401284098625183,0.15997555255889892,0.21884969025850295,0.025057800114154816,0.058874137699604034,0.0,1.0,-0.012974884361028671,-0.012170784175395966,0.012170784175395966,0.00014812798744406885,0.8215027071534218,0.4048661867165254,2.029072157929089,0.8215027071534218,0.8533213804323955,2.029072157929089,2.1076627498899145,time_avg,0.9011944245807871,0.4048661867165254,11,0.8866294933591616,mild
47,cumulative_infected,2.2139189118752256,2.157591805762113,2.1627890440286137,0.16110661611719068,2.062632779310661,2.2707254406559514,1.8558262524519704,2.4028685990779195,0.20809266134529025,0.5470423466259491,1.0,1.0,-0.056327106113112535,-0.05112986784661189,0.05112986784661189,0.002614263386011996,0.8215027071534218,0.4048661867165254,2.029072157929089,0.8215027071534218,0.8533213804323955,2.029072157929089,2.1076627498899145,time_avg,0.9011944245807871,0.4048661867165254,11,0.8866294933591616,mild
47,early_growth_slope,0.021915217163041227,0.018080358217495287,0.018264241555395223,0.003489526243053486,0.016135127200478952,0.019984978669699987,0.012282916271526896,0.023973696099017696,0.003849851469221035,0.0116907798274908,0.0,1.0,-0.00383485894554594,-0.0036509756076460037,0.0036509756076460037,1.3329622887626106e-05,0.8215027071534218,0.4048661867165254,2.029072157929089,0.8215027071534218,0.8533213804323955,2.029072157929089,2.1076627498899145,time_avg,0.9011944245807871,0.4048661867165254,11,0.8866294933591616,mild
48,peak_time,35.0,36.89,37.0,4.779786986505114,33.0,40.0,29.95,45.05,7.0,15.099999999999998,1.0,1.0,1.8900000000000006,2.0,2.0,4.0,0.2532954199866666,0.1458545775467237,1.73662989703237,0.2532954199866666,0.24984089756758932,1.73662989703237,1.712945193561403,time_avg,0.26485996447516263,0.1458545775467237,16,0.9357899065454548,mild
48,peak_height,0.150949627161026,0.1575401932001114,0.15505244582891464,0.03246400522839646,0.13735689222812653,0.18068217113614082,0.10953271202743053,0.21081945821642875,0.0433252789080143,0.10128674618899822,1.0,1.0,0.006590566039085394,0.004102818667888641,0.004102818667888641,1.6833121021575526e-05,0.2532954199866666,0.1458545775467237,1.73662989703237,0.2532954199866666,0.24984089756758932,1.73662989703237,1.712945193561403,time_avg,0.26485996447516263,0.1458545775467237,16,0.9357899065454548,mild
48,cumulative_infected,3.327352711596177,3.7756314250886134,3.6925816443981603,0.897925094988364,3.1252818282519,4.373803986527491,2.359397866218933,5.164560813829302,1.2485221582755912,2.8051629476103694,1.0,1.0,0.4482787134924364,0.3652289328019833,0.3652289328019833,0.13339217335567566,0.2532954199866666,0.1458545775467237,1.73662989703237,0.2532954199866666,0.24984089756758932,1.73662989703237,1.712945193561403,time_avg,0.26485996447516263,0.1458545775467237,16,0.9357899065454548,mild
48,early_growth_slope,0.0028618943646766377,0.0010629484559554151,0.0011725621297955513,0.0029223576325472355,-0.0005752757729385925,0.0026875866405178033,-0.0039344976609364864,0.006145221527826615,0.003262862413456396,0.010079719188763102,0.0,1.0,-0.0017989459087212225,-0.0016893322348810864,0.0016893322348810864,2.8538433998083258e-06,0.2532954199866666,0.1458545775467237,1.73662989703237,0.2532954199866666,0.24984089756758932,1.73662989703237,1.712945193561403,time_avg,0.26485996447516263,0.1458545775467237,16,0.9357899065454548,mild
49,peak_time,27.0,21.04,17.5,15.636605588919684,6.0,34.25,1.0,46.099999999999994,28.25,45.099999999999994,1.0,1.0,-5.960000000000001,-9.5,9.5,90.25,0.3205414064107927,0.49959837313820676,0.6415981789478716,0.3205414064107927,0.3265057889991796,0.6415981789478716,0.6535365336525154,time_avg,0.32657473314251984,0.49959837313820676,29,0.9560129361241786,mild
49,peak_height,0.06264733523130417,0.049058753289282324,0.04739888571202755,0.009320309712263967,0.042580265551805496,0.05367576889693737,0.03714563455432653,0.065815244987607,0.011095503345131874,0.028669610433280472,0.0,1.0,-0.013588581942021845,-0.015248449519276619,0.015248449519276619,0.00023251521274192735,0.3205414064107927,0.49959837313820676,0.6415981789478716,0.3205414064107927,0.3265057889991796,0.6415981789478716,0.6535365336525154,time_avg,0.32657473314251984,0.49959837313820676,29,0.9560129361241786,mild
49,cumulative_infected,0.433684553951025,0.5128782050811788,0.4717924324395426,0.18908818814610967,0.41126117753447033,0.5660102849651594,0.3361194847078878,0.7949127210566074,0.15474910743068904,0.4587932363487196,1.0,1.0,0.07919365113015375,0.0381078784885176,0.0381078784885176,0.0014522104028956225,0.3205414064107927,0.49959837313820676,0.6415981789478716,0.3205414064107927,0.3265057889991796,0.6415981789478716,0.6535365336525154,time_avg,0.32657473314251984,0.49959837313820676,29,0.9560129361241786,mild
49,early_growth_slope,-0.0034872073997359505,-0.0005336368720115078,-0.00043721795165246034,0.0022611917077614016,-0.0020229068679674072,0.0009103870537988506,-0.004292063982298019,0.003217470452987721,0.002933293921766258,0.00750953443528574,0.0,1.0,0.0029535705277244427,0.00304998944808349,0.00304998944808349,9.302435633420632e-06,0.3205414064107927,0.49959837313820676,0.6415981789478716,0.3205414064107927,0.3265057889991796,0.6415981789478716,0.6535365336525154,time_avg,0.32657473314251984,0.49959837313820676,29,0.9560129361241786,mild
50,peak_time,10.0,9.19,9.0,0.8491826135237998,9.0,10.0,8.0,11.0,1.0,3.0,1.0,1.0,-0.8100000000000005,-1.0,1.0,1.0,0.7672473859516016,0.24095911641648082,3.1841392737574146,0.7672473859516016,0.7917370385984793,3.1841392737574146,3.285773331065913,time_avg,0.8613896681229373,0.24095911641648082,10,0.8633860411042514,mild
50,peak_height,0.37298572063446045,0.3581525593996048,0.35834410786628723,0.02363892221508141,0.3420843854546547,0.3761154040694237,0.3196725264191628,0.3903175204992294,0.03403101861476898,0.07064499408006664,1.0,1.0,-0.014833161234855674,-0.014641612768173218,0.014641612768173218,0.000214376824453133,0.7672473859516016,0.24095911641648082,3.1841392737574146,0.7672473859516016,0.7917370385984793,3.1841392737574146,3.285773331065913,time_avg,0.8613896681229373,0.24095911641648082,10,0.8633860411042514,mild
50,cumulative_infected,4.060800180865044,3.974286009000425,3.991045012138784,0.21651171884964113,3.839010190877161,4.112556488325936,3.601905708112463,4.312103567901067,0.27354629744877457,0.7101978597886043,1.0,1.0,-0.08651417186461918,-0.06975516872626031,0.06975516872626031,0.004865783564029044,0.7672473859516016,0.24095911641648082,3.1841392737574146,0.7672473859516016,0.7917370385984793,3.1841392737574146,3.285773331065913,time_avg,0.8613896681229373,0.24095911641648082,10,0.8633860411042514,mild
50,early_growth_slope,0.03770961710030123,0.03790942783421736,0.03778621262504851,0.005130389879332817,0.034763258403039614,0.04063274089934392,0.028782270347888,0.04691996058903722,0.0058694824963043055,0.01813769024114922,1.0,1.0,0.00019981073391612397,7.65955247472791e-05,7.65955247472791e-05,5.866874411311045e-09,0.7672473859516016,0.24095911641648082,3.1841392737574146,0.7672473859516016,0.7917370385984793,3.1841392737574146,3.285773331065913,time_avg,0.8613896681229373,0.24095911641648082,10,0.8633860411042514,mild
51,peak_time,16.0,24.85,24.0,6.995489167089653,21.0,28.0,15.0,38.0,7.0,23.0,0.0,1.0,8.850000000000001,8.0,8.0,64.0,0.3905067214893625,0.2784027918681636,1.402668122934217,0.3905067214893625,0.388110769754375,1.402668122934217,1.3940620607646892,time_avg,0.4098509093367513,0.2784027918681636,15,0.9325741301576751,mild
51,peak_height,0.09677406400442123,0.08967556580901145,0.08893822133541107,0.017481401247364227,0.07888872548937798,0.09889303334057331,0.059450830705463885,0.11695232838392257,0.020004307851195335,0.057501497678458684,1.0,1.0,-0.00709849819540978,-0.007835842669010162,0.007835842669010162,6.14004303334803e-05,0.3905067214893625,0.2784027918681636,1.402668122934217,0.3905067214893625,0.388110769754375,1.402668122934217,1.3940620607646892,time_avg,0.4098509093367513,0.2784027918681636,15,0.9325741301576751,mild
51,cumulative_infected,1.8625472877174616,1.6948756493321617,1.6979355250950903,0.37542365284708934,1.3938266292097978,1.979186214855872,1.179375302104745,2.324260882724775,0.5853595856460743,1.1448855806200298,1.0,1.0,-0.16767163838529986,-0.16461176262237132,0.16461176262237132,0.027097032393643923,0.3905067214893625,0.2784027918681636,1.402668122934217,0.3905067214893625,0.388110769754375,1.402668122934217,1.3940620607646892,time_avg,0.4098509093367513,0.2784027918681636,15,0.9325741301576751,mild
51,early_growth_slope,0.0007938607817604431,0.0012529416956091333,0.001367449901105525,0.002145536980191003,-1.672749584984815e-07,0.0024651476789066297,-0.0026711508490344753,0.004724934156235706,0.002465314953865128,0.007396085005270181,1.0,1.0,0.00045908091384869014,0.0005735891193450819,0.0005735891193450819,3.2900447783106657e-07,0.3905067214893625,0.2784027918681636,1.402668122934217,0.3905067214893625,0.388110769754375,1.402668122934217,1.3940620607646892,time_avg,0.4098509093367513,0.2784027918681636,15,0.9325741301576751,mild
52,peak_time,40.0,37.04,37.0,3.402078984112716,35.0,39.0,32.0,42.0,4.0,10.0,0.0,1.0,-2.960000000000001,-3.0,3.0,9.0,0.2084630125640645,0.061572437372365146,3.3856547094825022,0.2084630125640645,0.2046146571426081,3.3856547094825022,3.3231534412903225,time_avg,0.221373478872909,0.061572437372365146,13,0.9211894027149959,mild
52,peak_height,0.3693656921386719,0.3874016298353672,0.3970760852098465,0.0479286005514845,0.3722004294395447,0.41748443245887756,0.29110431522130964,0.4509013459086418,0.045284003019332886,0.15979703068733214,0.0,1.0,0.018035937696695314,0.02771039307117462,0.02771039307117462,0.0007678658841590025,0.2084630125640645,0.061572437372365146,3.3856547094825022,0.2084630125640645,0.2046146571426081,3.3856547094825022,3.3231534412903225,time_avg,0.221373478872909,0.061572437372365146,13,0.9211894027149959,mild
52,cumulative_infected,9.826711577828974,9.824655994665008,9.986534651368856,1.3837343296203317,9.112314287820482,10.703213065164164,7.4495094365775,11.943164145818445,1.590898777343682,4.4936547092409445,1.0,1.0,-0.00205558316396548,0.1598230735398829,0.1598230735398829,0.02554341483573482,0.2084630125640645,0.061572437372365146,3.3856547094825022,0.2084630125640645,0.2046146571426081,3.3856547094825022,3.3231534412903225,time_avg,0.221373478872909,0.061572437372365146,13,0.9211894027149959,mild
52,early_growth_slope,0.008541371684432737,0.0022273871377988795,0.002024488012206607,0.002519194768008761,0.000601656980247105,0.0034404626321269285,-0.0015028270375859404,0.006820133095329979,0.0028388056518798234,0.008322960132915919,0.0,0.0,-0.006313984546633858,-0.00651688367222613,0.00651688367222613,4.246977279732753e-05,0.2084630125640645,0.061572437372365146,3.3856547094825022,0.2084630125640645,0.2046146571426081,3.3856547094825022,3.3231534412903225,time_avg,0.221373478872909,0.061572437372365146,13,0.9211894027149959,mild
53,peak_time,19.0,20.2,20.0,1.4213381090374029,19.0,21.0,18.0,23.0,2.0,5.0,1.0,1.0,1.1999999999999993,1.0,1.0,1.0,0.3631494005673966,0.0894728649880811,4.058765756699225,0.3631494005673966,0.3611912699594926,4.058765756699225,4.036880567170926,time_avg,0.39323453615461834,0.0894728649880811,20,0.8724885836943527,mild
53,peak_height,0.46942248940467834,0.4539121100306511,0.4520837664604187,0.027469479516227316,0.4352266490459442,0.47086893022060394,0.41521458625793456,0.5002517342567444,0.03564228117465973,0.08503714799880985,1.0,1.0,-0.015510379374027272,-0.017338722944259644,0.017338722944259644,0.0003006313133377958,0.3631494005673966,0.0894728649880811,4.058765756699225,0.3631494005673966,0.3611912699594926,4.058765756699225,4.036880567170926,time_avg,0.39323453615461834,0.0894728649880811,20,0.8724885836943527,mild
53,cumulative_infected,10.322108174674213,10.508136080707773,10.553869535215199,0.6345387488323871,10.100462531787343,10.937282752944157,9.53387462552637,11.415130916237832,0.8368202211568132,1.8812562907114625,1.0,1.0,0.18602790603356034,0.23176136054098606,0.23176136054098606,0.05371332823980893,0.3631494005673966,0.0894728649880811,4.058765756699225,0.3631494005673966,0.3611912699594926,4.058765756699225,4.036880567170926,time_avg,0.39323453615461834,0.0894728649880811,20,0.8724885836943527,mild
53,early_growth_slope,0.006103821866591239,0.007998517400178352,0.008166243684605607,0.0029653938734987575,0.006386960311959098,0.010327038470201102,0.002786723045366151,0.011821418531222398,0.003940078158242004,0.009034695485856246,0.0,1.0,0.0018946955335871138,0.002062421818014368,0.002062421818014368,4.253583755421691e-06,0.3631494005673966,0.0894728649880811,4.058765756699225,0.3631494005673966,0.3611912699594926,4.058765756699225,4.036880567170926,time_avg,0.39323453615461834,0.0894728649880811,20,0.8724885836943527,mild
54,peak_time,35.0,22.4,21.0,14.690751574313065,8.0,36.5,1.9500000000000002,44.05,28.5,42.099999999999994,1.0,1.0,-12.600000000000001,-14.0,14.0,196.0,0.18602289809588834,0.1853495767989753,1.0036327101930387,0.18602289809588834,0.1862068841551139,1.0036327101930387,1.004625353728584,time_avg,0.18737602501966902,0.1853495767989753,30,0.9819463706250752,mild
54,peak_height,0.057386357337236404,0.055375246740877626,0.05152264982461929,0.018375355064170262,0.045308188535273075,0.058999874629080296,0.03677235655486584,0.083131255954504,0.01369168609380722,0.046358899399638165,1.0,1.0,-0.0020111105963587783,-0.005863707512617111,0.005863707512617111,3.438306579352235e-05,0.18602289809588834,0.1853495767989753,1.0036327101930387,0.18602289809588834,0.1862068841551139,1.0036327101930387,1.004625353728584,time_avg,0.18737602501966902,0.1853495767989753,30,0.9819463706250752,mild
54,cumulative_infected,0.8441935727314558,0.6809482691360518,0.5460382234014105,0.4864736717853504,0.4484199477483344,0.6899568896187702,0.3541243909625337,1.3793045459315174,0.24153694187043584,1.0251801549689836,0.0,1.0,-0.163245303595404,-0.2981553493300453,0.2981553493300453,0.08889661233412133,0.18602289809588834,0.1853495767989753,1.0036327101930387,0.18602289809588834,0.1862068841551139,1.0036327101930387,1.004625353728584,time_avg,0.18737602501966902,0.1853495767989753,30,0.9819463706250752,mild
54,early_growth_slope,-0.004395565267519225,-5.440550584558987e-05,0.00023713912620830074,0.0022668009190188023,-0.0017432032840415117,0.0015379307461400795,-0.003909198171320545,0.00304946250467938,0.0032811340301815914,0.006958660675999925,0.0,0.0,0.0043411597616736354,0.004632704393727526,0.004632704393727526,2.1461949999662324e-05,0.18602289809588834,0.1853495767989753,1.0036327101930387,0.18602289809588834,0.1862068841551139,1.0036327101930387,1.004625353728584,time_avg,0.18737602501966902,0.1853495767989753,30,0.9819463706250752,mild
55,peak_time,41.0,23.81,23.0,15.035107064615284,11.75,38.25,1.0,46.0,26.5,45.0,0.0,1.0,-17.19,-18.0,18.0,324.0,0.23574266677917513,0.2372919391561622,0.9934710282089798,0.23574266677917513,0.23765340158548612,0.9934710282089798,1.0015232815350126,time_avg,0.26045244030857917,0.2372919391561622,11,0.8783685927648197,mild
55,peak_height,0.041950423270463943,0.05341571614146232,0.051624542102217674,0.014027416655429404,0.04327213764190674,0.05988913495093584,0.03533448986709118,0.07910277135670185,0.016616997309029102,0.04376828148961067,0.0,1.0,0.01146529287099838,0.00967411883175373,0.00967411883175373,9.358857517089217e-05,0.23574266677917513,0.2372919391561622,0.9934710282089798,0.23574266677917513,0.23765340158548612,0.9934710282089798,1.0015232815350126,time_avg,0.26045244030857917,0.2372919391561622,11,0.8783685927648197,mild
55,cumulative_infected,0.7271065774839371,0.6273638213768891,0.5169145600666525,0.3286927135115057,0.4079093999534962,0.7224689975337242,0.32770120473494446,1.344097420608159,0.314559597580228,1.0163962158732147,0.0,1.0,-0.09974275610704808,-0.21019201741728466,0.21019201741728466,0.044180684185948095,0.23574266677917513,0.2372919391561622,0.9934710282089798,0.23574266677917513,0.23765340158548612,0.9934710282089798,1.0015232815350126,time_avg,0.26045244030857917,0.2372919391561622,11,0.8783685927648197,mild
55,early_growth_slope,-0.0012338683674378039,1.3424616849339525e-05,-0.00017217631518308592,0.0019464755702864366,-0.0013301951029071838,0.0014000449948417515,-0.002993544202521053,0.003255141239406795,0.0027302400977489353,0.006248685441927849,1.0,1.0,0.0012472929842871434,0.0010616920522547178,0.0010616920522547178,1.1271900138208345e-06,0.23574266677917513,0.2372919391561622,0.9934710282089798,0.23574266677917513,0.23765340158548612,0.9934710282089798,1.0015232815350126,time_avg,0.26045244030857917,0.2372919391561622,11,0.8783685927648197,mild
56,peak_time,10.0,11.5,11.0,1.1055415967851334,11.0,12.0,10.0,13.0,1.0,3.0,0.0,1.0,1.5,1.0,1.0,1.0,0.671407743893877,0.06386143204699286,10.513509051908155,0.671407743893877,0.6761529406395218,10.513509051908155,10.587813629703295,time_avg,0.7181101287438748,0.06386143204699286,14,0.9096734319619803,mild
56,peak_height,0.7038492560386658,0.6937978720664978,0.6923411190509796,0.024886930917188573,0.6771947145462036,0.7131362706422806,0.6494467288255692,0.7321263670921325,0.035941556096076965,0.08267963826656333,1.0,1.0,-0.010051383972167982,-0.011508136987686157,0.011508136987686157,0.00013243721692735022,0.671407743893877,0.06386143204699286,10.513509051908155,0.671407743893877,0.6761529406395218,10.513509051908155,10.587813629703295,time_avg,0.7181101287438748,0.06386143204699286,14,0.9096734319619803,mild
56,cumulative_infected,14.424381185323,14.342762733566342,14.37418210785836,0.6807602667762355,13.932946274988353,14.743059976957738,13.146465445589275,15.53716059019789,0.8101137019693851,2.3906951446086158,1.0,1.0,-0.0816184517566576,-0.05019907746464014,0.05019907746464014,0.0025199473783009416,0.671407743893877,0.06386143204699286,10.513509051908155,0.671407743893877,0.6761529406395218,10.513509051908155,10.587813629703295,time_avg,0.7181101287438748,0.06386143204699286,14,0.9096734319619803,mild
56,early_growth_slope,0.06340402539353816,0.05347479043450825,0.05456622081830919,0.009085213505682888,0.0478582887444645,0.06031541710919034,0.03742767763712132,0.06546194889261163,0.012457128364725838,0.02803427125549031,0.0,1.0,-0.009929234959029913,-0.008837804575228973,0.008837804575228973,7.810678970993818e-05,0.671407743893877,0.06386143204699286,10.513509051908155,0.671407743893877,0.6761529406395218,10.513509051908155,10.587813629703295,time_avg,0.7181101287438748,0.06386143204699286,14,0.9096734319619803,mild
57,peak_time,10.0,12.43,12.0,1.4088823566747846,11.0,13.0,11.0,15.0,2.0,4.0,0.0,0.0,2.4299999999999997,2.0,2.0,4.0,0.6555552748355941,0.3244582308151546,2.0204612260524435,0.6555552748355941,0.6567460357139655,2.0204612260524435,2.024131223498278,time_avg,0.6867831191223527,0.3244582308151546,10,0.9431628351489895,mild
57,peak_height,0.1959342211484909,0.19167480543255805,0.18939116597175598,0.018136466538564378,0.17863167449831963,0.20567939803004265,0.16452945843338967,0.22145385071635246,0.027047723531723022,0.05692439228296278,1.0,1.0,-0.004259415715932857,-0.006543055176734924,0.006543055176734924,4.281157104579769e-05,0.6555552748355941,0.3244582308151546,2.0204612260524435,0.6555552748355941,0.6567460357139655,2.0204612260524435,2.024131223498278,time_avg,0.6867831191223527,0.3244582308151546,10,0.9431628351489895,mild
57,cumulative_infected,2.7133157216740074,2.592507590275943,2.602371176602901,0.18100260104225088,2.485434938353137,2.6924478203809485,2.324316637433367,2.85435609279084,0.20701288202781143,0.530039455357473,0.0,1.0,-0.12080813139806423,-0.1109445450711064,0.1109445450711064,0.01230869208103476,0.6555552748355941,0.3244582308151546,2.0204612260524435,0.6555552748355941,0.6567460357139655,2.0204612260524435,2.024131223498278,time_avg,0.6867831191223527,0.3244582308151546,10,0.9431628351489895,mild
57,early_growth_slope,0.00793828382267661,0.011060626659819675,0.011251862018807079,0.0030214637829300813,0.008818787719757807,0.013475738343827069,0.00634737243665205,0.015493077527831436,0.0046569506240692615,0.009145705091179386,0.0,1.0,0.003122342837143065,0.003313578196130469,0.003313578196130469,1.0979800461871251e-05,0.6555552748355941,0.3244582308151546,2.0204612260524435,0.6555552748355941,0.6567460357139655,2.0204612260524435,2.024131223498278,time_avg,0.6867831191223527,0.3244582308151546,10,0.9431628351489895,mild
58,peak_time,12.0,12.04,12.0,1.1713757775031939,11.0,13.0,10.0,14.0,2.0,4.0,1.0,1.0,0.03999999999999915,0.0,0.0,0.0,0.6558695424169292,0.24642867036992627,2.661498523821806,0.6558695424169292,0.6823307709670283,2.661498523821806,2.7688773791732424,time_avg,0.6858457837666214,0.24642867036992627,26,0.9089438117285139,mild
58,peak_height,0.2767248749732971,0.27605690151453016,0.2757354825735092,0.01861712852520985,0.26254499703645706,0.2877156063914299,0.2460182212293148,0.3054841086268425,0.02517060935497284,0.0594658873975277,1.0,1.0,-0.0006679734587669572,-0.0009893923997879028,0.0009893923997879028,9.788973207580653e-07,0.6558695424169292,0.24642867036992627,2.661498523821806,0.6558695424169292,0.6823307709670283,2.661498523821806,2.7688773791732424,time_avg,0.6858457837666214,0.24642867036992627,26,0.9089438117285139,mild
58,cumulative_infected,3.784195509797428,3.6902563900120184,3.7049522740999237,0.20602282301979388,3.5641034731816035,3.8114992924201943,3.332991085475078,4.014099422318395,0.24739581923859078,0.6811083368433173,1.0,1.0,-0.09393911978540936,-0.07924323569750413,0.07924323569750413,0.006279490403810193,0.6558695424169292,0.24642867036992627,2.661498523821806,0.6558695424169292,0.6823307709670283,2.661498523821806,2.7688773791732424,time_avg,0.6858457837666214,0.24642867036992627,26,0.9089438117285139,mild
58,early_growth_slope,0.021464927676355553,0.017487572045829437,0.01776593506968181,0.0034589054612553845,0.015439835856557779,0.019510962878398243,0.011752368926924342,0.023235178680624805,0.004071127021840464,0.011482809753700463,0.0,1.0,-0.003977355630526116,-0.003698992606673744,0.003698992606673744,1.368254630422702e-05,0.6558695424169292,0.24642867036992627,2.661498523821806,0.6558695424169292,0.6823307709670283,2.661498523821806,2.7688773791732424,time_avg,0.6858457837666214,0.24642867036992627,26,0.9089438117285139,mild
59,peak_time,11.0,11.8,12.0,0.9847319278346619,11.0,12.0,10.0,13.0,1.0,3.0,1.0,1.0,0.8000000000000007,1.0,1.0,1.0,0.664095877056881,0.19346178710744216,3.432697934750621,0.664095877056881,0.6772611449953666,3.432697934750621,3.5007489340478313,time_avg,0.6796018861480377,0.19346178710744216,26,0.9524660153760376,mild
59,peak_height,0.3628723919391632,0.3524713945388794,0.3511870354413986,0.022335482962775977,0.3393181338906288,0.3670879006385803,0.31905708014965056,0.39089452028274535,0.027769766747951508,0.07183744013309479,1.0,1.0,-0.010400997400283829,-0.011685356497764587,0.011685356497764587,0.00013654755647984906,0.664095877056881,0.19346178710744216,3.432697934750621,0.664095877056881,0.6772611449953666,3.432697934750621,3.5007489340478313,time_avg,0.6796018861480377,0.19346178710744216,26,0.9524660153760376,mild
59,cumulative_infected,4.956289406400174,4.823495542275378,4.820076769799925,0.23062947219637892,4.665183001157857,4.946764558320865,4.465004731121008,5.209565639885841,0.28158155716300826,0.744560908764833,0.0,1.0,-0.1327938641247961,-0.13621263660024852,0.13621263660024852,0.01855388236959136,0.664095877056881,0.19346178710744216,3.432697934750621,0.664095877056881,0.6772611449953666,3.432697934750621,3.5007489340478313,time_avg,0.6796018861480377,0.19346178710744216,26,0.9524660153760376,mild
59,early_growth_slope,0.026666668942198154,0.022641807015681387,0.02291499558625565,0.0033497973970091598,0.020252914905237653,0.024926750288744054,0.017697310695491197,0.028482595381016527,0.004673835383506401,0.01078528468552533,0.0,1.0,-0.004024861926516767,-0.003751673355942505,0.003751673355942505,1.4075052969688899e-05,0.664095877056881,0.19346178710744216,3.432697934750621,0.664095877056881,0.6772611449953666,3.432697934750621,3.5007489340478313,time_avg,0.6796018861480377,0.19346178710744216,26,0.9524660153760376,mild
60,peak_time,2.0,22.28,20.5,14.619814974854842,9.0,33.5,2.0,46.05,24.5,44.05,0.0,1.0,20.28,18.5,18.5,342.25,0.12291093019326911,0.1945119586377279,0.6318939516833855,0.12291093019326911,0.12730201054095514,0.6318939516833855,0.6544688122649103,time_avg,0.1290172153658571,0.1945119586377279,25,0.9053415444555631,mild
60,peak_height,0.06308336555957794,0.04875106412917376,0.0468869898468256,0.011123194665475487,0.04140079487115145,0.05483878031373024,0.03221845719963312,0.07029872573912144,0.013437985442578793,0.038080268539488316,0.0,1.0,-0.014332301430404183,-0.016196375712752342,0.016196375712752342,0.00026232258622863394,0.12291093019326911,0.1945119586377279,0.6318939516833855,0.12291093019326911,0.12730201054095514,0.6318939516833855,0.6544688122649103,time_avg,0.1290172153658571,0.1945119586377279,25,0.9053415444555631,mild
60,cumulative_infected,0.47758238774258643,0.5217221818672806,0.4880650312261423,0.2287205149415942,0.38816710516402964,0.5656001705065137,0.28425086138013284,0.8556431834003888,0.17743306534248404,0.5713923220202559,1.0,1.0,0.044139794124694154,0.010482643483555876,0.010482643483555876,0.00010988581440333647,0.12291093019326911,0.1945119586377279,0.6318939516833855,0.12291093019326911,0.12730201054095514,0.6318939516833855,0.6544688122649103,time_avg,0.1290172153658571,0.1945119586377279,25,0.9053415444555631,mild
60,early_growth_slope,-0.0054588452219918706,-0.00036820977226333063,-0.0005693443901171632,0.0023522881366959685,-0.0018060017627075926,0.001023419109904872,-0.004019608192417455,0.0031053149310450636,0.0028294208726124645,0.007124923123462519,0.0,0.0,0.00509063544972854,0.004889500831874708,0.004889500831874708,2.390721838490346e-05,0.12291093019326911,0.1945119586377279,0.6318939516833855,0.12291093019326911,0.12730201054095514,0.6318939516833855,0.6544688122649103,time_avg,0.1290172153658571,0.1945119586377279,25,0.9053415444555631,mild
61,peak_time,12.0,12.67,13.0,1.4568195606605618,12.0,14.0,11.0,15.0,2.0,4.0,1.0,1.0,0.6699999999999999,1.0,1.0,1.0,0.6030059519552767,0.3284261206029424,1.8360474826065778,0.6030059519552767,0.6154074509872564,1.8360474826065778,1.8738078745303757,time_avg,0.6652794512738976,0.3284261206029424,13,0.8735067236836246,mild
61,peak_height,0.19722101092338562,0.20312857806682585,0.20089935511350632,0.01791000530155893,0.19119083881378174,0.21618135273456573,0.178242027759552,0.23190148323774337,0.024990513920783997,0.05365945547819137,1.0,1.0,0.005907567143440234,0.003678344190120697,0.003678344190120697,1.3530215980994686e-05,0.6030059519552767,0.3284261206029424,1.8360474826065778,0.6030059519552767,0.6154074509872564,1.8360474826065778,1.8738078745303757,time_avg,0.6652794512738976,0.3284261206029424,13,0.8735067236836246,mild
61,cumulative_infected,2.8909083832986653,2.795745684666181,2.810094403579569,0.1943647114193597,2.6593643551750574,2.9017713297798764,2.5174464342156626,3.1528246097266672,0.24240697460481897,0.6353781755110046,1.0,1.0,-0.0951626986324845,-0.0808139797190961,0.0808139797190961,0.0065308993180384755,0.6030059519552767,0.3284261206029424,1.8360474826065778,0.6030059519552767,0.6154074509872564,1.8360474826065778,1.8738078745303757,time_avg,0.6652794512738976,0.3284261206029424,13,0.8735067236836246,mild
61,early_growth_slope,0.011827566150930663,0.010723327293036116,0.010655200724223894,0.003268752486249306,0.008521946135997062,0.013068757471046409,0.005291652947198599,0.015525212510865888,0.004546811335049347,0.01023355956366729,1.0,1.0,-0.0011042388578945475,-0.0011723654267067687,0.0011723654267067687,1.374440693737344e-06,0.6030059519552767,0.3284261206029424,1.8360474826065778,0.6030059519552767,0.6154074509872564,1.8360474826065778,1.8738078745303757,time_avg,0.6652794512738976,0.3284261206029424,13,0.8735067236836246,mild
62,peak_time,25.0,23.43,23.0,14.781407240178453,11.0,34.25,0.0,48.0,23.25,48.0,1.0,1.0,-1.5700000000000003,-2.0,2.0,4.0,0.2520985295766131,0.46552312923419686,0.541538140094832,0.2520985295766131,0.256757650893634,0.541538140094832,0.5515464963384527,time_avg,0.2569461652524362,0.46552312923419686,17,0.9714146248031764,mild
62,peak_height,0.04751939699053764,0.05071533419191837,0.04923965223133564,0.013138677314821637,0.041166674345731735,0.05775739625096321,0.03437467403709889,0.07253104597330093,0.016590721905231476,0.03815637193620204,1.0,1.0,0.0031959372013807275,0.0017202552407979965,0.0017202552407979965,2.959278093492973e-06,0.2520985295766131,0.46552312923419686,0.541538140094832,0.2520985295766131,0.256757650893634,0.541538140094832,0.5515464963384527,time_avg,0.2569461652524362,0.46552312923419686,17,0.9714146248031764,mild
62,cumulative_infected,0.43774235260207206,0.5458935090167324,0.4844518245445215,0.2595262087129397,0.3855710899861151,0.5973660209565423,0.312703818358932,1.0153543535590868,0.21179493097042723,0.7026505352001547,1.0,1.0,0.10815115641466033,0.046709471942449454,0.046709471942449454,0.002181774769142473,0.2520985295766131,0.46552312923419686,0.541538140094832,0.2520985295766131,0.256757650893634,0.541538140094832,0.5515464963384527,time_avg,0.2569461652524362,0.46552312923419686,17,0.9714146248031764,mild
62,early_growth_slope,-0.00341306632340309,-0.00046453100319749334,-0.0003181651232547918,0.0018540883679721144,-0.0015161651577467888,0.0006192819550744313,-0.0035858014394761968,0.00243858440732029,0.00213544711282122,0.006024385846796487,0.0,1.0,0.002948535320205597,0.0030949012001482983,0.0030949012001482983,9.578413438679377e-06,0.2520985295766131,0.46552312923419686,0.541538140094832,0.2520985295766131,0.256757650893634,0.541538140094832,0.5515464963384527,time_avg,0.2569461652524362,0.46552312923419686,17,0.9714146248031764,mild
63,peak_time,8.0,9.51,9.5,1.1502744512208003,9.0,10.0,8.0,12.0,1.0,4.0,0.0,1.0,1.5099999999999998,1.5,1.5,2.25,0.9331052675796849,0.4532056735352181,2.0589002346352454,0.9331052675796849,0.9407058519636278,2.0589002346352454,2.0756709522757695,time_avg,0.9407598698000622,0.4532056735352181,30,0.9796584589061919,mild
63,peak_height,0.17809180915355682,0.1726931817829609,0.17247703671455383,0.016965626974910684,0.15926838666200638,0.18177754431962967,0.1477060340344906,0.19959858879446982,0.02250915765762329,0.051892554759979226,1.0,1.0,-0.005398627370595932,-0.005614772439002991,0.005614772439002991,3.152566954178759e-05,0.9331052675796849,0.4532056735352181,2.0589002346352454,0.9331052675796849,0.9407058519636278,2.0589002346352454,2.0756709522757695,time_avg,0.9407598698000622,0.4532056735352181,30,0.9796584589061919,mild
63,cumulative_infected,1.8524957376066595,1.9170147533874842,1.9053752593754325,0.13198150045277934,1.8241186906088842,1.9967949687852524,1.7307689412438776,2.1499076095526104,0.17267627817636821,0.4191386683087328,1.0,1.0,0.06451901578082464,0.052879521768772975,0.052879521768772975,0.0027962438224941348,0.9331052675796849,0.4532056735352181,2.0589002346352454,0.9331052675796849,0.9407058519636278,2.0589002346352454,2.0756709522757695,time_avg,0.9407598698000622,0.4532056735352181,30,0.9796584589061919,mild
63,early_growth_slope,0.020390086674264493,0.016389667250897175,0.016778046431552084,0.0033875687943586475,0.014436590831748962,0.018370346101056336,0.009863417383859907,0.021332258522133555,0.003933755269307374,0.011468841138273648,0.0,1.0,-0.0040004194233673185,-0.0036120402427124096,0.0036120402427124096,1.3046834714973922e-05,0.9331052675796849,0.4532056735352181,2.0589002346352454,0.9331052675796849,0.9407058519636278,2.0589002346352454,2.0756709522757695,time_avg,0.9407598698000622,0.4532056735352181,30,0.9796584589061919,mild
64,peak_time,11.0,9.69,10.0,0.8001893715259096,9.0,10.0,9.0,11.0,1.0,2.0,0.0,1.0,-1.3100000000000005,-1.0,1.0,1.0,0.7546887215828966,0.271317189481482,2.7815735634929455,0.7546887215828966,0.7772355286490682,2.7815735634929455,2.8646748484106506,time_avg,0.8130180448702262,0.271317189481482,12,0.9055997464350962,mild
64,peak_height,0.32212191820144653,0.296182871311903,0.29674436151981354,0.02526356645522677,0.28012603521347046,0.31213994324207306,0.25606063902378084,0.34321034550666807,0.0320139080286026,0.08714970648288722,0.0,1.0,-0.025939046889543516,-0.025377556681632996,0.025377556681632996,0.0006440203831294955,0.7546887215828966,0.271317189481482,2.7815735634929455,0.7546887215828966,0.7772355286490682,2.7815735634929455,2.8646748484106506,time_avg,0.8130180448702262,0.271317189481482,12,0.9055997464350962,mild
64,cumulative_infected,3.4700698396191,3.351038217490309,3.349664036068134,0.19918890837285827,3.2002573361387476,3.484243215745664,3.0350218759762355,3.6789240372789207,0.28398587960691657,0.6439021613026852,1.0,1.0,-0.11903162212879126,-0.12040580355096608,0.12040580355096608,0.014497557528753837,0.7546887215828966,0.271317189481482,2.7815735634929455,0.7546887215828966,0.7772355286490682,2.7815735634929455,2.8646748484106506,time_avg,0.8130180448702262,0.271317189481482,12,0.9055997464350962,mild
64,early_growth_slope,0.03250718525738366,0.029095515672413183,0.029021168643209545,0.004922788774946186,0.02592893363700048,0.032255232647349606,0.021054632086972037,0.03675406181913179,0.006326299010349125,0.01569942973215975,0.0,1.0,-0.003411669584970474,-0.0034860166141741124,0.0034860166141741124,1.2152311834297943e-05,0.7546887215828966,0.271317189481482,2.7815735634929455,0.7546887215828966,0.7772355286490682,2.7815735634929455,2.8646748484106506,time_avg,0.8130180448702262,0.271317189481482,12,0.9055997464350962,mild
65,peak_time,43.0,23.4,23.0,16.469745755552065,8.0,39.0,1.0,48.0,31.0,47.0,0.0,1.0,-19.6,-20.0,20.0,400.0,0.10928461720356453,0.1993788862511785,0.5481253269008998,0.10928461720356453,0.11223947560549187,0.5481253269008998,0.5629456444254184,time_avg,0.11345481410824892,0.1993788862511785,18,0.9425680371980301,mild
65,peak_height,0.03722969815135002,0.048789781518280506,0.04677145555615425,0.012470524295991521,0.03996590618044138,0.053969141095876694,0.0341637471690774,0.06849144548177719,0.014003234915435314,0.034327698312699786,0.0,1.0,0.011560083366930485,0.00954175740480423,0.00954175740480423,9.104513437213635e-05,0.10928461720356453,0.1993788862511785,0.5481253269008998,0.10928461720356453,0.11223947560549187,0.5481253269008998,0.5629456444254184,time_avg,0.11345481410824892,0.1993788862511785,18,0.9425680371980301,mild
65,cumulative_infected,0.4402697281257133,0.5008431682080914,0.4597773519344628,0.22357880908483937,0.37429604725912213,0.5547755353036337,0.2984273066433275,0.8331317320560627,0.18047948804451153,0.5347044254127352,1.0,1.0,0.06057344008237808,0.019507623808749486,0.019507623808749486,0.0003805473866636898,0.10928461720356453,0.1993788862511785,0.5481253269008998,0.10928461720356453,0.11223947560549187,0.5481253269008998,0.5629456444254184,time_avg,0.11345481410824892,0.1993788862511785,18,0.9425680371980301,mild
65,early_growth_slope,0.00017084548294189427,-0.00023142341576853348,-0.0002967204863601918,0.0019253049233603908,-0.001389006505633005,0.0011656061369216156,-0.0032251903152514566,0.003126265910084059,0.0025546126425546206,0.006351456225335516,1.0,1.0,-0.00040226889871042775,-0.00046756596930208605,0.00046756596930208605,2.1861793564939928e-07,0.10928461720356453,0.1993788862511785,0.5481253269008998,0.10928461720356453,0.11223947560549187,0.5481253269008998,0.5629456444254184,time_avg,0.11345481410824892,0.1993788862511785,18,0.9425680371980301,mild
66,peak_time,12.0,13.41,13.0,1.652026609710606,12.0,14.0,11.0,16.0,2.0,5.0,1.0,1.0,1.4100000000000001,1.0,1.0,1.0,0.5828404201017942,0.27897290707603106,2.089236643839924,0.5828404201017942,0.5836231952599656,2.089236643839924,2.09204256204315,time_avg,0.6492422404934769,0.27897290707603106,10,0.8721551520946712,mild
66,peak_height,0.22556358575820923,0.21965419948101045,0.2184470221400261,0.018771258635334433,0.20579858124256134,0.2305474691092968,0.1944311663508415,0.2515499636530876,0.02474888786673546,0.057118797302246116,1.0,1.0,-0.00590938627719878,-0.007116563618183136,0.007116563618183136,5.064547773164785e-05,0.5828404201017942,0.27897290707603106,2.089236643839924,0.5828404201017942,0.5836231952599656,2.089236643839924,2.09204256204315,time_avg,0.6492422404934769,0.27897290707603106,10,0.8721551520946712,mild
66,cumulative_infected,3.2132504521869123,3.161474107742579,3.1676890694361646,0.17676289249699367,3.023708106193226,3.290668389061466,2.87977216214349,3.447155957677751,0.26696028286824003,0.5673837955342607,1.0,1.0,-0.05177634444433332,-0.045561382750747725,0.045561382750747725,0.0020758395981601324,0.5828404201017942,0.27897290707603106,2.089236643839924,0.5828404201017942,0.5836231952599656,2.089236643839924,2.09204256204315,time_avg,0.6492422404934769,0.27897290707603106,10,0.8721551520946712,mild
66,early_growth_slope,0.013295479562310943,0.01153847659108318,0.011231559517216824,0.0027637210185305094,0.009573335096883098,0.013648588917151623,0.007022417782129543,0.016385020242471775,0.004075253820268526,0.009362602460342232,1.0,1.0,-0.0017570029712277637,-0.0020639200450941197,0.0020639200450941197,4.259765952541313e-06,0.5828404201017942,0.27897290707603106,2.089236643839924,0.5828404201017942,0.5836231952599656,2.089236643839924,2.09204256204315,time_avg,0.6492422404934769,0.27897290707603106,10,0.8721551520946712,mild
67,peak_time,11.0,13.81,14.0,1.7678098074033628,13.0,15.0,11.0,17.0,2.0,6.0,0.0,1.0,2.8100000000000005,3.0,3.0,9.0,0.62361636396774,0.34321988838262557,1.8169587051217881,0.62361636396774,0.6522526705629839,1.8169587051217881,1.900392991899831,time_avg,0.6568974600625646,0.34321988838262557,27,0.8898607266727725,mild
67,peak_height,0.1459399163722992,0.16307781815528868,0.16290533542633057,0.015050693774852908,0.15292509272694588,0.17086293548345566,0.13891439363360406,0.1907610662281513,0.01793784275650978,0.051846672594547255,0.0,1.0,0.01713790178298949,0.016965419054031372,0.016965419054031372,0.00028782544367889074,0.62361636396774,0.34321988838262557,1.8169587051217881,0.62361636396774,0.6522526705629839,1.8169587051217881,1.900392991899831,time_avg,0.6568974600625646,0.34321988838262557,27,0.8898607266727725,mild
67,cumulative_infected,2.459892612241674,2.3767320337665843,2.371226673538331,0.14081575828302514,2.2667576254025334,2.4674740404007025,2.15895461877808,2.6044552843493873,0.20071641499816906,0.4455006655713074,1.0,1.0,-0.08316057847508995,-0.08866593870334327,0.08866593870334327,0.007861648686145027,0.62361636396774,0.34321988838262557,1.8169587051217881,0.62361636396774,0.6522526705629839,1.8169587051217881,1.900392991899831,time_avg,0.6568974600625646,0.34321988838262557,27,0.8898607266727725,mild
67,early_growth_slope,0.0012460315843955405,0.008381630084773599,0.00838621006169844,0.002449449894483875,0.006886204137810549,0.0098325801248263,0.004167637379751321,0.012609729503795578,0.0029463759870157515,0.008442092124044258,0.0,0.0,0.007135598500378058,0.007140178477302899,0.007140178477302899,5.0982148687739544e-05,0.62361636396774,0.34321988838262557,1.8169587051217881,0.62361636396774,0.6522526705629839,1.8169587051217881,1.900392991899831,time_avg,0.6568974600625646,0.34321988838262557,27,0.8898607266727725,mild
68,peak_time,18.0,19.99,20.0,1.445962683062077,19.0,21.0,18.0,22.0,2.0,4.0,0.0,1.0,1.9899999999999984,2.0,2.0,4.0,0.3809644858612637,0.10367238330717621,3.6746959383820137,0.3809644858612637,0.3841591749549829,3.6746959383820137,3.705511175688303,time_avg,0.3969083986669887,0.10367238330717621,26,0.9163119623482799,mild
68,peak_height,0.4027622938156128,0.3989867118000984,0.3984437584877014,0.021760748982429367,0.38700371235609055,0.41144708544015884,0.36277871429920194,0.43298306316137314,0.0244433730840683,0.0702043488621712,1.0,1.0,-0.003775582015514367,-0.004318535327911377,0.004318535327911377,1.8649747378418624e-05,0.3809644858612637,0.10367238330717621,3.6746959383820137,0.3809644858612637,0.3841591749549829,3.6746959383820137,3.705511175688303,time_avg,0.3969083986669887,0.10367238330717621,26,0.9163119623482799,mild
68,cumulative_infected,8.831547300796956,8.713058844772458,8.722810094070155,0.39796493833172125,8.492244548397139,8.910305654397234,7.966083218576387,9.365435488487128,0.4180611060000956,1.3993522699107412,1.0,1.0,-0.11848845602449742,-0.10873720672680065,0.10873720672680065,0.01182378012674698,0.3809644858612637,0.10367238330717621,3.6746959383820137,0.3809644858612637,0.3841591749549829,3.6746959383820137,3.705511175688303,time_avg,0.3969083986669887,0.10367238330717621,26,0.9163119623482799,mild
68,early_growth_slope,0.01001851773998212,0.007583558622088406,0.0076598708678613445,0.002706240534169976,0.005729797875530839,0.00961955818751275,0.003513853606723604,0.01180058484883158,0.0038897603119819116,0.008286731242107976,0.0,1.0,-0.0024349591178937143,-0.0023586468721207756,0.0023586468721207756,5.563215067365119e-06,0.3809644858612637,0.10367238330717621,3.6746959383820137,0.3809644858612637,0.3841591749549829,3.6746959383820137,3.705511175688303,time_avg,0.3969083986669887,0.10367238330717621,26,0.9163119623482799,mild
69,peak_time,8.0,8.84,9.0,1.002219758558194,8.0,10.0,7.0,10.0,2.0,3.0,1.0,1.0,0.8399999999999999,1.0,1.0,1.0,0.9205500171691865,0.42726747519896874,2.1545052469545154,0.9205500171691865,0.9646631582651137,2.1545052469545154,2.2577500377623925,time_avg,0.964894141280031,0.42726747519896874,30,0.885106245820869,mild
69,peak_height,0.21341867744922638,0.19695790201425553,0.1953585222363472,0.016923245471345442,0.18563874810934067,0.20939888060092926,0.1703154556453228,0.2256224825978279,0.023760132491588593,0.05530702695250511,0.0,1.0,-0.016460775434970848,-0.01806015521287918,0.01806015521287918,0.00032616920631328705,0.9205500171691865,0.42726747519896874,2.1545052469545154,0.9205500171691865,0.9646631582651137,2.1545052469545154,2.2577500377623925,time_avg,0.964894141280031,0.42726747519896874,30,0.885106245820869,mild
69,cumulative_infected,2.2422401142539456,2.1132278137113873,2.0995726973487763,0.15553633960279958,1.9997630903089885,2.216534013943601,1.8971545115433401,2.39836468299618,0.2167709236346127,0.5012101714528399,0.0,1.0,-0.1290123005425583,-0.14266741690516938,0.14266741690516938,0.02035399184639341,0.9205500171691865,0.42726747519896874,2.1545052469545154,0.9205500171691865,0.9646631582651137,2.1545052469545154,2.2577500377623925,time_avg,0.964894141280031,0.42726747519896874,30,0.885106245820869,mild
69,early_growth_slope,0.021792654180899255,0.020364045730509258,0.020399995685909826,0.003651880091896269,0.01799648556680906,0.02232401599619714,0.01423058187189911,0.025839942405998167,0.00432753042938808,0.011609360534099058,1.0,1.0,-0.0014286084503899975,-0.0013926584949894294,0.0013926584949894294,1.9394976836662227e-06,0.9205500171691865,0.42726747519896874,2.1545052469545154,0.9205500171691865,0.9646631582651137,2.1545052469545154,2.2577500377623925,time_avg,0.964894141280031,0.42726747519896874,30,0.885106245820869,mild
70,peak_time,29.0,28.97,29.0,2.2982426312117683,28.0,30.0,25.0,33.0,2.0,8.0,1.0,1.0,-0.030000000000001137,0.0,0.0,0.0,0.26731694302008846,0.09106882650441542,2.9353287319138537,0.26731694302008846,0.264332364153371,2.9353287319138537,2.9025559491595625,time_avg,0.2791514826197025,0.09106882650441542,30,0.8940132836788782,mild
70,peak_height,0.3467494547367096,0.32948696836829183,0.32757745683193207,0.03586732939830452,0.3081863448023796,0.3479570373892784,0.27275318205356597,0.38052537739276887,0.039770692586898804,0.1077721953392029,1.0,1.0,-0.017262486368417762,-0.019171997904777527,0.019171997904777527,0.0003675655036607939,0.26731694302008846,0.09106882650441542,2.9353287319138537,0.26731694302008846,0.264332364153371,2.9353287319138537,2.9025559491595625,time_avg,0.2791514826197025,0.09106882650441542,30,0.8940132836788782,mild
70,cumulative_infected,8.589382776990533,8.481346667326726,8.49559360864805,0.8581548269724578,8.012091459007934,9.040308375959285,7.089770412817598,9.830615519953426,1.0282169169513509,2.7408451071358284,1.0,1.0,-0.10803610966380717,-0.0937891683424823,0.0937891683424823,0.008796408098374484,0.26731694302008846,0.09106882650441542,2.9353287319138537,0.26731694302008846,0.264332364153371,2.9353287319138537,2.9025559491595625,time_avg,0.2791514826197025,0.09106882650441542,30,0.8940132836788782,mild
70,early_growth_slope,0.000661889224180153,0.0024951312351861685,0.002620157139192868,0.002957306098285158,0.000735755537226353,0.004484311427794246,-0.002447561797175911,0.007185469618222362,0.0037485558905678926,0.009633031415398273,0.0,1.0,0.0018332420110060157,0.001958267915012715,0.001958267915012715,3.8348132269682455e-06,0.26731694302008846,0.09106882650441542,2.9353287319138537,0.26731694302008846,0.264332364153371,2.9353287319138537,2.9025559491595625,time_avg,0.2791514826197025,0.09106882650441542,30,0.8940132836788782,mild
71,peak_time,36.0,20.94,19.5,14.517714710106421,7.75,34.0,1.0,45.0,26.25,44.0,0.0,1.0,-15.059999999999999,-16.5,16.5,272.25,0.12119176384040317,0.24478379864164718,0.4950971613028305,0.12119176384040317,0.12787627683326902,0.4950971613028305,0.522404985717516,time_avg,0.12868088007638212,0.24478379864164718,23,0.8922238194042565,mild
71,peak_height,0.04296451061964035,0.04782439421862364,0.046660998836159706,0.010054990142865662,0.04105766210705042,0.05274953693151474,0.03323457892984152,0.06766976937651634,0.011691874824464321,0.03443519044667482,1.0,1.0,0.004859883598983289,0.0036964882165193558,0.0036964882165193558,1.3664025134866448e-05,0.12119176384040317,0.24478379864164718,0.4950971613028305,0.12119176384040317,0.12787627683326902,0.4950971613028305,0.522404985717516,time_avg,0.12868088007638212,0.24478379864164718,23,0.8922238194042565,mild
71,cumulative_infected,0.42386634391732514,0.5125715746981768,0.4463988533898373,0.20152124500143004,0.3864835291460622,0.5472862588285352,0.3163507756471972,0.908540754416026,0.160802729682473,0.5921899787688287,1.0,1.0,0.08870523078085168,0.022532509472512174,0.022532509472512174,0.0005077139831288509,0.12119176384040317,0.24478379864164718,0.4950971613028305,0.12119176384040317,0.12787627683326902,0.4950971613028305,0.522404985717516,time_avg,0.12868088007638212,0.24478379864164718,23,0.8922238194042565,mild
71,early_growth_slope,-0.0023638938243190424,-0.0002450044422654339,-0.00023299831775061368,0.002006355286979613,-0.001636058380037346,0.0007289217541082979,-0.0035214862928287798,0.00325257898075506,0.002364980134145644,0.00677406527358384,0.0,1.0,0.0021188893820536085,0.0021308955065684285,0.0021308955065684285,4.54071565991352e-06,0.12119176384040317,0.24478379864164718,0.4950971613028305,0.12119176384040317,0.12787627683326902,0.4950971613028305,0.522404985717516,time_avg,0.12868088007638212,0.24478379864164718,23,0.8922238194042565,mild
72,peak_time,27.0,18.98,15.0,15.65020411652477,5.0,33.5,0.0,46.05,28.5,46.05,1.0,1.0,-8.02,-12.0,12.0,144.0,0.24235707198171963,0.3737160540142773,0.6485059161318788,0.24235707198171963,0.252864802615363,0.6485059161318788,0.6766227993130384,time_avg,0.25352098817606294,0.3737160540142773,27,0.9042707146032157,mild
72,peak_height,0.033899419009685516,0.05141921082511544,0.04857012815773487,0.012360232758860229,0.044009797275066376,0.05840482283383608,0.035294953361153604,0.070615890994668,0.014395025558769703,0.0353209376335144,0.0,0.0,0.017519791815429925,0.014670709148049355,0.014670709148049355,0.00021522970690665902,0.24235707198171963,0.3737160540142773,0.6485059161318788,0.24235707198171963,0.252864802615363,0.6485059161318788,0.6766227993130384,time_avg,0.25352098817606294,0.3737160540142773,27,0.9042707146032157,mild
72,cumulative_infected,0.39727780094835907,0.5190739783467779,0.4642758312547812,0.19180510041886067,0.3974181173252873,0.5846302582358476,0.340145818318706,0.844809952675132,0.18721214091056027,0.504664134356426,0.0,1.0,0.12179617739841886,0.06699803030642215,0.06699803030642215,0.004488736064940261,0.24235707198171963,0.3737160540142773,0.6485059161318788,0.24235707198171963,0.252864802615363,0.6485059161318788,0.6766227993130384,time_avg,0.25352098817606294,0.3737160540142773,27,0.9042707146032157,mild
72,early_growth_slope,-0.0009817230637140912,-0.0002949508314352326,-0.00039398081190440557,0.002371698498662345,-0.0016554492987259938,0.0007924566542940393,-0.004347401742485261,0.0035515466236531543,0.002447905953020033,0.007898948366138414,1.0,1.0,0.0006867722322788586,0.0005877422518096856,0.0005877422518096856,3.4544095456231984e-07,0.24235707198171963,0.3737160540142773,0.6485059161318788,0.24235707198171963,0.252864802615363,0.6485059161318788,0.6766227993130384,time_avg,0.25352098817606294,0.3737160540142773,27,0.9042707146032157,mild
73,peak_time,13.0,21.19,18.5,14.360224949702586,10.75,33.25,1.0,46.0,22.5,45.0,1.0,1.0,8.190000000000001,5.5,5.5,30.25,0.12090649044716223,0.2714882301583751,0.44534707960131587,0.12090649044716223,0.12675937417228272,0.44534707960131587,0.46690559696947637,time_avg,0.12722708004934427,0.2714882301583751,21,0.9143455286767749,mild
73,peak_height,0.0370512418448925,0.04878795452415943,0.04851116985082626,0.01048736316217178,0.04110540263354778,0.05313882231712341,0.03387273848056793,0.06775086261332035,0.01203341968357563,0.033878124132752416,0.0,1.0,0.01173671267926693,0.011459928005933762,0.011459928005933762,0.00013132994990118496,0.12090649044716223,0.2714882301583751,0.44534707960131587,0.12090649044716223,0.12675937417228272,0.44534707960131587,0.46690559696947637,time_avg,0.12722708004934427,0.2714882301583751,21,0.9143455286767749,mild
73,cumulative_infected,0.4250303848530166,0.5150864545926594,0.46152677317149937,0.215129734144778,0.4137615584768355,0.5510176833195146,0.3155185824070941,0.8509356339098302,0.13725612484267913,0.5354170515027361,1.0,1.0,0.09005606973964286,0.036496388318482786,0.036496388318482786,0.0013319863602934867,0.12090649044716223,0.2714882301583751,0.44534707960131587,0.12090649044716223,0.12675937417228272,0.44534707960131587,0.46690559696947637,time_avg,0.12722708004934427,0.2714882301583751,21,0.9143455286767749,mild
73,early_growth_slope,0.0006087403079228742,-0.00028464635763222174,-0.00020573210592071168,0.002252893513540293,-0.0015739395007369147,0.001398926731781103,-0.004171464219689366,0.0032675845676013045,0.0029728662325180177,0.00743904878729067,1.0,1.0,-0.000893386665555096,-0.0008144724138435859,0.0008144724138435859,6.633653129121974e-07,0.12090649044716223,0.2714882301583751,0.44534707960131587,0.12090649044716223,0.12675937417228272,0.44534707960131587,0.46690559696947637,time_avg,0.12722708004934427,0.2714882301583751,21,0.9143455286767749,mild
74,peak_time,25.0,20.93,18.5,14.732808848473416,8.0,32.0,0.9500000000000002,47.0,24.0,46.05,1.0,1.0,-4.07,-6.5,6.5,42.25,0.1789072736691082,0.16604354449852726,1.0774720222302592,0.1789072736691082,0.17858872936467352,1.0774720222302592,1.0755535838748462,time_avg,0.1952040934100503,0.16604354449852726,10,0.8956424308511514,mild
74,peak_height,0.0534452386200428,0.052034645080566405,0.05146289803087711,0.010995743022376507,0.04397829994559288,0.06049415562301874,0.03548904247581959,0.06874943636357785,0.01651585567742586,0.033260393887758255,1.0,1.0,-0.0014105935394763958,-0.0019823405891656876,0.0019823405891656876,3.929674211453765e-06,0.1789072736691082,0.16604354449852726,1.0774720222302592,0.1789072736691082,0.17858872936467352,1.0774720222302592,1.0755535838748462,time_avg,0.1952040934100503,0.16604354449852726,10,0.8956424308511514,mild
74,cumulative_infected,0.6224217313574627,0.6116669732937772,0.547079093506909,0.23378146623745788,0.4641283177334117,0.6725813064622344,0.36624920028862107,1.076421498709169,0.20845298872882267,0.7101722984205479,1.0,1.0,-0.010754758063685532,-0.07534263785055373,0.07534263785055373,0.005676513078279691,0.1789072736691082,0.16604354449852726,1.0774720222302592,0.1789072736691082,0.17858872936467352,1.0774720222302592,1.0755535838748462,time_avg,0.1952040934100503,0.16604354449852726,10,0.8956424308511514,mild
74,early_growth_slope,0.0024946759443818813,-0.0002077284525935709,-0.0001841836621971582,0.002464135242712455,-0.001930144012606302,0.0011417614677200275,-0.003993095485618269,0.004418240119619959,0.0030719054803263297,0.008411335605238228,0.0,1.0,-0.0027024043969754523,-0.0026788596065790396,0.0026788596065790396,7.176288791760807e-06,0.1789072736691082,0.16604354449852726,1.0774720222302592,0.1789072736691082,0.17858872936467352,1.0774720222302592,1.0755535838748462,time_avg,0.1952040934100503,0.16604354449852726,10,0.8956424308511514,mild
75,peak_time,27.0,27.58,27.0,9.665287257902778,21.0,34.0,13.8,44.05,13.0,30.249999999999996,1.0,1.0,0.5799999999999983,0.0,0.0,0.0,0.2722684016233004,0.19841472729635684,1.3722187124579417,0.2722684016233004,0.26869929403480214,1.3722187124579417,1.3542305941507389,time_avg,0.2886835928424735,0.19841472729635684,17,0.9138451146380053,mild
75,peak_height,0.07390448451042175,0.08646248992532492,0.08468808606266975,0.023830012560434922,0.06896866299211979,0.1004581768065691,0.05308472737669945,0.12543282359838487,0.03148951381444931,0.07234809622168542,1.0,1.0,0.012558005414903164,0.010783601552248001,0.010783601552248001,0.0001162860624376455,0.2722684016233004,0.19841472729635684,1.3722187124579417,0.2722684016233004,0.26869929403480214,1.3722187124579417,1.3542305941507389,time_avg,0.2886835928424735,0.19841472729635684,17,0.9138451146380053,mild
75,cumulative_infected,1.8405268457718194,1.6693443340163503,1.5911766412318684,0.6338178210507879,1.2476730295093148,2.0985536209773272,0.7150338443927466,2.829300171812065,0.8508805914680124,2.114266327419318,1.0,1.0,-0.17118251175546906,-0.24935020453995094,0.24935020453995094,0.06217552450411537,0.2722684016233004,0.19841472729635684,1.3722187124579417,0.2722684016233004,0.26869929403480214,1.3722187124579417,1.3542305941507389,time_avg,0.2886835928424735,0.19841472729635684,17,0.9138451146380053,mild
75,early_growth_slope,0.0012221016610662167,0.0009965989510627494,0.0008721295952065186,0.0027913932416614292,-0.0012116114450604746,0.0027708800667564253,-0.0031587362965746282,0.005678809846618345,0.0039824915118169,0.008837546143192973,1.0,1.0,-0.0002255027100034673,-0.00034997206585969806,0.00034997206585969806,1.2248044688210482e-07,0.2722684016233004,0.19841472729635684,1.3722187124579417,0.2722684016233004,0.26869929403480214,1.3722187124579417,1.3542305941507389,time_avg,0.2886835928424735,0.19841472729635684,17,0.9138451146380053,mild
76,peak_time,36.0,19.23,16.0,14.447994513237658,8.0,29.25,0.9500000000000002,46.0,21.25,45.05,0.0,1.0,-16.77,-20.0,20.0,400.0,0.10572119883947374,0.46346005926641953,0.22811285832658995,0.10572119883947374,0.11933573739197936,0.22811285832658995,0.2574887199144368,time_avg,0.11987591206446396,0.46346005926641953,10,0.8524024449405396,mild
76,peak_height,0.04125339165329933,0.05033139137551188,0.04844318516552448,0.012990287576582108,0.04214996285736561,0.05677511729300022,0.035056255757808685,0.06968202963471412,0.014625154435634613,0.034625773876905436,0.0,1.0,0.00907799972221255,0.007189793512225151,0.007189793512225151,5.1693130748434873e-05,0.10572119883947374,0.46346005926641953,0.22811285832658995,0.10572119883947374,0.11933573739197936,0.22811285832658995,0.2574887199144368,time_avg,0.11987591206446396,0.46346005926641953,10,0.8524024449405396,mild
76,cumulative_infected,0.4233484803480678,0.5191044157116244,0.46093992443638854,0.308394298449823,0.39579804186723777,0.522483511842438,0.3168002923563904,0.8709611428843343,0.12668546997520025,0.554160850527944,1.0,1.0,0.09575593536355653,0.037591444088320713,0.037591444088320713,0.0014131166686453423,0.10572119883947374,0.46346005926641953,0.22811285832658995,0.10572119883947374,0.11933573739197936,0.22811285832658995,0.2574887199144368,time_avg,0.11987591206446396,0.46346005926641953,10,0.8524024449405396,mild
76,early_growth_slope,0.002009016275960242,-0.0003406148899055198,-0.0005132541749238335,0.0023417363958449532,-0.002056671603635809,0.0010215917191956012,-0.0037558567297223573,0.0035425214897952073,0.00307826332283141,0.007298378219517565,0.0,1.0,-0.0023496311658657617,-0.0025222704508840754,0.0025222704508840754,6.361848227402957e-06,0.10572119883947374,0.46346005926641953,0.22811285832658995,0.10572119883947374,0.11933573739197936,0.22811285832658995,0.2574887199144368,time_avg,0.11987591206446396,0.46346005926641953,10,0.8524024449405396,mild
77,peak_time,14.0,15.18,15.0,3.3435600696553873,13.0,17.0,11.0,21.0,4.0,10.0,1.0,1.0,1.1799999999999997,1.0,1.0,1.0,0.6759676052899485,0.44512069686846634,1.5186164338022181,0.6759676052899485,0.6803144117984578,1.5186164338022181,1.5283818896417019,time_avg,0.681268302894532,0.44512069686846634,28,0.9823167466338414,mild
77,peak_height,0.09019486606121063,0.10564924187958241,0.10697241872549057,0.015565736903206569,0.0932957325130701,0.11487818695604801,0.08111335784196853,0.13357241228222846,0.021582454442977905,0.05245905444025993,0.0,1.0,0.01545437581837178,0.016777552664279938,0.016777552664279938,0.00028148627340268684,0.6759676052899485,0.44512069686846634,1.5186164338022181,0.6759676052899485,0.6803144117984578,1.5186164338022181,1.5283818896417019,time_avg,0.681268302894532,0.44512069686846634,28,0.9823167466338414,mild
77,cumulative_infected,1.5427477781195194,1.6199958908052121,1.6156420783372596,0.1813961680764934,1.5184062038897537,1.7383458046824671,1.3453936627760412,1.9128116598185443,0.21993960079271346,0.5674179970425031,1.0,1.0,0.07724811268569276,0.07289430021774024,0.07289430021774024,0.005313579004234044,0.6759676052899485,0.44512069686846634,1.5186164338022181,0.6759676052899485,0.6803144117984578,1.5186164338022181,1.5283818896417019,time_avg,0.681268302894532,0.44512069686846634,28,0.9823167466338414,mild
77,early_growth_slope,0.002974231730193076,0.003943382249213062,0.0036220399072460297,0.002709817352720799,0.002521330167794422,0.005885833696950051,-0.0006689946763799497,0.007914559966247039,0.0033645035291556286,0.008583554642626988,1.0,1.0,0.0009691505190199861,0.0006478081770529536,0.0006478081770529536,4.196554342566709e-07,0.6759676052899485,0.44512069686846634,1.5186164338022181,0.6759676052899485,0.6803144117984578,1.5186164338022181,1.5283818896417019,time_avg,0.681268302894532,0.44512069686846634,28,0.9823167466338414,mild
78,peak_time,10.0,11.44,11.0,1.0854408404799492,11.0,12.0,10.0,13.0,1.0,3.0,0.0,1.0,1.4399999999999995,1.0,1.0,1.0,0.7047527818552795,0.06036938635411579,11.67400936828028,0.7047527818552795,0.7101171319344481,11.67400936828028,11.762868149247547,time_avg,0.7174105271989549,0.06036938635411579,26,0.9632423810363032,mild
78,peak_height,0.7254431247711182,0.7106949746608734,0.7074480354785919,0.02409940256714343,0.6948883235454559,0.7272527664899826,0.6724247962236405,0.7452420204877853,0.03236444294452667,0.07281722426414483,1.0,1.0,-0.014748150110244773,-0.017995089292526245,0.017995089292526245,0.0003238232386459927,0.7047527818552795,0.06036938635411579,11.67400936828028,0.7047527818552795,0.7101171319344481,11.67400936828028,11.762868149247547,time_avg,0.7174105271989549,0.06036938635411579,26,0.9632423810363032,mild
78,cumulative_infected,15.303990207612514,15.198621984637576,15.199806201271713,0.6916290446665314,14.80421661422588,15.716659527039155,13.964962076989469,16.24280340995174,0.912442912813276,2.2778413329622715,1.0,1.0,-0.10536822297493842,-0.10418400634080172,0.10418400634080172,0.010854307177220213,0.7047527818552795,0.06036938635411579,11.67400936828028,0.7047527818552795,0.7101171319344481,11.67400936828028,11.762868149247547,time_avg,0.7174105271989549,0.06036938635411579,26,0.9632423810363032,mild
78,early_growth_slope,0.059420631300391887,0.054510585010757916,0.054984949263078814,0.009792961748081792,0.04813853143076855,0.06103387413202739,0.037594619157746256,0.06998360123695982,0.01289534270125884,0.03238898207921356,1.0,1.0,-0.004910046289633971,-0.004435682037313073,0.004435682037313073,1.967527513614185e-05,0.7047527818552795,0.06036938635411579,11.67400936828028,0.7047527818552795,0.7101171319344481,11.67400936828028,11.762868149247547,time_avg,0.7174105271989549,0.06036938635411579,26,0.9632423810363032,mild
79,peak_time,42.0,21.58,20.5,15.652269335579915,5.0,35.0,1.0,46.0,30.0,45.0,0.0,1.0,-20.42,-21.5,21.5,462.25,0.15487113275225087,0.3963592205471857,0.39073427518211046,0.15487113275225087,0.1644064172147197,0.39073427518211046,0.41479145353992714,time_avg,0.165658333592008,0.3963592205471857,10,0.918603545277079,mild
79,peak_height,0.05145511403679848,0.04995821865275502,0.04816322587430477,0.012852910198246022,0.04147101193666458,0.0568500030785799,0.033447892777621745,0.07052079625427722,0.015378991141915321,0.037072903476655476,1.0,1.0,-0.0014968953840434548,-0.0032918881624937057,0.0032918881624937057,1.0836527674366186e-05,0.15487113275225087,0.3963592205471857,0.39073427518211046,0.15487113275225087,0.1644064172147197,0.39073427518211046,0.41479145353992714,time_avg,0.165658333592008,0.3963592205471857,10,0.918603545277079,mild
79,cumulative_infected,0.4733436819515191,0.5224097532353631,0.48416893315152265,0.2535629282095308,0.39735365028354863,0.5624539050622843,0.26911282969995226,0.842779047839576,0.1651002547787357,0.5736662181396237,1.0,1.0,0.04906607128384399,0.01082525120000355,0.01082525120000355,0.00011718606354317829,0.15487113275225087,0.3963592205471857,0.39073427518211046,0.15487113275225087,0.1644064172147197,0.39073427518211046,0.41479145353992714,time_avg,0.165658333592008,0.3963592205471857,10,0.918603545277079,mild
79,early_growth_slope,0.0021355562507995355,-0.0008367903133434335,-0.0007375015910448771,0.0023834351180184307,-0.002694227699456469,0.0008085929972973345,-0.004270787160619093,0.002581651553711188,0.0035028206967538033,0.006852438714330281,0.0,1.0,-0.002972346564142969,-0.002873057841844413,0.002873057841844413,8.254461362583675e-06,0.15487113275225087,0.3963592205471857,0.39073427518211046,0.15487113275225087,0.1644064172147197,0.39073427518211046,0.41479145353992714,time_avg,0.165658333592008,0.3963592205471857,10,0.918603545277079,mild
80,peak_time,0.0,21.23,19.0,14.71812941012999,8.0,34.0,0.9500000000000002,45.05,26.0,44.099999999999994,0.0,0.0,21.23,19.0,19.0,361.0,0.39310672655203804,0.41308465617465256,0.9516372023894109,0.39310672655203804,0.40665806460875736,0.9516372023894109,0.9844424345716244,time_avg,0.4208321475747494,0.41308465617465256,23,0.8779956033298035,mild
80,peak_height,0.04171193018555641,0.05008961411193013,0.04805408976972103,0.011177637865682745,0.043017405085265636,0.05572177190333605,0.036165363155305386,0.07173151187598704,0.012704366818070412,0.03556614872068166,0.0,1.0,0.008377683926373718,0.0063421595841646194,0.0063421595841646194,4.022298819101114e-05,0.39310672655203804,0.41308465617465256,0.9516372023894109,0.39310672655203804,0.40665806460875736,0.9516372023894109,0.9844424345716244,time_avg,0.4208321475747494,0.41308465617465256,23,0.8779956033298035,mild
80,cumulative_infected,0.45707750640576705,0.51058807096897,0.48216836008941755,0.17296644682059742,0.3851892961465637,0.578648332375451,0.3143944100094814,0.7656567187197196,0.19345903622888727,0.45126230871023826,1.0,1.0,0.05351056456320291,0.025090853683650494,0.025090853683650494,0.0006295509385743575,0.39310672655203804,0.41308465617465256,0.9516372023894109,0.39310672655203804,0.40665806460875736,0.9516372023894109,0.9844424345716244,time_avg,0.4208321475747494,0.41308465617465256,23,0.8779956033298035,mild
80,early_growth_slope,-0.002848286503216339,-0.0001927407418019177,-6.663911866174487e-05,0.002175357584705635,-0.0013624877797805562,0.0011106993053025304,-0.004219627441350546,0.0026867088773066066,0.0024731870850830864,0.006906336318657152,0.0,1.0,0.0026555457614144216,0.0027816473845545943,0.0027816473845545943,7.737562171999415e-06,0.39310672655203804,0.41308465617465256,0.9516372023894109,0.39310672655203804,0.40665806460875736,0.9516372023894109,0.9844424345716244,time_avg,0.4208321475747494,0.41308465617465256,23,0.8779956033298035,mild
81,peak_time,11.0,12.01,12.0,1.1054959123041623,11.0,13.0,10.0,14.0,2.0,4.0,1.0,1.0,1.0099999999999998,1.0,1.0,1.0,0.6582449452123644,0.0786354498216088,8.370842243614668,0.6582449452123644,0.663059109627244,8.370842243614668,8.432063542987926,time_avg,0.6679157949886697,0.0786354498216088,25,0.9710417096021234,mild
81,peak_height,0.6451423168182373,0.6410989302396775,0.6448144614696503,0.025533196514938152,0.6231946349143982,0.6567448079586029,0.5989644378423691,0.6777030229568481,0.03355017304420471,0.07873858511447906,1.0,1.0,-0.004043386578559849,-0.00032785534858703613,0.00032785534858703613,1.0748912959712698e-07,0.6582449452123644,0.0786354498216088,8.370842243614668,0.6582449452123644,0.663059109627244,8.370842243614668,8.432063542987926,time_avg,0.6679157949886697,0.0786354498216088,25,0.9710417096021234,mild
81,cumulative_infected,12.083186255767941,12.255988596712704,12.27754258364439,0.580747959540491,11.866130504058674,12.737992723472416,11.30023798965849,12.996521239238792,0.8718622194137424,1.6962832495803024,1.0,1.0,0.172802340944763,0.19435632787644863,0.19435632787644863,0.0377743821856176,0.6582449452123644,0.0786354498216088,8.370842243614668,0.6582449452123644,0.663059109627244,8.370842243614668,8.432063542987926,time_avg,0.6679157949886697,0.0786354498216088,25,0.9710417096021234,mild
81,early_growth_slope,0.048015993221529885,0.04315649041447787,0.04329781364538661,0.007074557313359974,0.03735036564259124,0.04790373630800915,0.031942207506758025,0.054870527130108135,0.010553370665417908,0.02292831962335011,0.0,1.0,-0.004859502807052017,-0.004718179576143275,0.004718179576143275,2.2261218512735534e-05,0.6582449452123644,0.0786354498216088,8.370842243614668,0.6582449452123644,0.663059109627244,8.370842243614668,8.432063542987926,time_avg,0.6679157949886697,0.0786354498216088,25,0.9710417096021234,mild
82,peak_time,9.0,10.34,10.0,1.3121037160286384,9.0,11.0,9.0,12.049999999999997,2.0,3.049999999999997,1.0,1.0,1.3399999999999999,1.0,1.0,1.0,0.7889743762567255,0.33831232119460863,2.3320888032419043,0.7889743762567255,0.8166865797590079,2.3320888032419043,2.414001881087926,time_avg,0.8172357894226538,0.33831232119460863,30,0.9135457185927516,mild
82,peak_height,0.2376394420862198,0.2298177494108677,0.2297517955303192,0.018369807050918462,0.2174856700003147,0.24287230893969536,0.20084255263209344,0.2591442659497261,0.025386638939380646,0.058301713317632675,1.0,1.0,-0.007821692675352099,-0.007887646555900574,0.007887646555900574,6.221496819081018e-05,0.7889743762567255,0.33831232119460863,2.3320888032419043,0.7889743762567255,0.8166865797590079,2.3320888032419043,2.414001881087926,time_avg,0.8172357894226538,0.33831232119460863,30,0.9135457185927516,mild
82,cumulative_infected,2.7607830120250583,2.6828295112372507,2.674167129502166,0.1746949234157674,2.5729771205078578,2.789560536331919,2.344886911954018,2.938468459312571,0.21658341582406138,0.5935815473585531,1.0,1.0,-0.0779535007878076,-0.0866158825228922,0.0866158825228922,0.007502311105219464,0.7889743762567255,0.33831232119460863,2.3320888032419043,0.7889743762567255,0.8166865797590079,2.3320888032419043,2.414001881087926,time_avg,0.8172357894226538,0.33831232119460863,30,0.9135457185927516,mild
82,early_growth_slope,0.018890850035296305,0.019278558747034925,0.019145934487737354,0.00401349331418944,0.016566015148003183,0.02215159461290265,0.012553472026983009,0.02522853785915122,0.005585579464899466,0.012675065832168212,1.0,1.0,0.0003877087117386199,0.0002550844524410491,0.0002550844524410491,6.506807787714982e-08,0.7889743762567255,0.33831232119460863,2.3320888032419043,0.7889743762567255,0.8166865797590079,2.3320888032419043,2.414001881087926,time_avg,0.8172357894226538,0.33831232119460863,30,0.9135457185927516,mild
83,peak_time,14.0,21.68,21.5,14.021541868269564,10.75,33.25,1.0,46.0,22.5,45.0,1.0,1.0,7.68,7.5,7.5,56.25,0.1249141133729002,0.4531360505865233,0.275665803264198,0.1249141133729002,0.12611338763619967,0.275665803264198,0.2783124129562478,time_avg,0.126171961817057,0.4531360505865233,10,0.9875383521619823,mild
83,peak_height,0.057047680020332336,0.04945268042385578,0.047294897958636284,0.009719612736008907,0.04245397634804249,0.05512896180152893,0.03681950848549605,0.06892852820456027,0.012674985453486443,0.03210901971906423,0.0,1.0,-0.007594999596476554,-0.009752782061696053,0.009752782061696053,9.51167579429403e-05,0.1249141133729002,0.4531360505865233,0.275665803264198,0.1249141133729002,0.12611338763619967,0.275665803264198,0.2783124129562478,time_avg,0.126171961817057,0.4531360505865233,10,0.9875383521619823,mild
83,cumulative_infected,0.5966990308370441,0.5175149815830378,0.4852582740713842,0.1739385334773466,0.4304495855831192,0.5650749272790563,0.33701256147760433,0.8035959972970885,0.1346253416959371,0.4665834358194842,0.0,1.0,-0.07918404925400635,-0.1114407567656599,0.1114407567656599,0.012419042268502973,0.1249141133729002,0.4531360505865233,0.275665803264198,0.1249141133729002,0.12611338763619967,0.275665803264198,0.2783124129562478,time_avg,0.126171961817057,0.4531360505865233,10,0.9875383521619823,mild
83,early_growth_slope,-0.0012479630864358343,-0.00016419123241305262,-0.00035978875738302337,0.0022909266284612375,-0.0016330869901659208,0.0015166317876026455,-0.004581359135391676,0.0036459114179403203,0.0031497187777685663,0.008227270553331997,1.0,1.0,0.0010837718540227816,0.000888174329052811,0.000888174329052811,7.888536387884109e-07,0.1249141133729002,0.4531360505865233,0.275665803264198,0.1249141133729002,0.12611338763619967,0.275665803264198,0.2783124129562478,time_avg,0.126171961817057,0.4531360505865233,10,0.9875383521619823,mild
84,peak_time,13.0,13.61,13.0,1.569243528750478,13.0,15.0,11.0,16.0,2.0,5.0,1.0,1.0,0.6099999999999994,0.0,0.0,0.0,0.6098595583934807,0.30211147281115747,2.0186573939702352,0.6098595583934807,0.6293397718019672,2.0186573939702352,2.083137611246403,time_avg,0.6416286875031633,0.30211147281115747,20,0.9174778971897567,mild
84,peak_height,0.20636045932769775,0.20676516830921174,0.20749516785144806,0.017111865654382764,0.19660985842347145,0.21838410943746567,0.17626483142375945,0.2340478479862213,0.021774251013994217,0.05778301656246185,1.0,1.0,0.0004047089815139848,0.0011347085237503052,0.0011347085237503052,1.2875634338715969e-06,0.6098595583934807,0.30211147281115747,2.0186573939702352,0.6098595583934807,0.6293397718019672,2.0186573939702352,2.083137611246403,time_avg,0.6416286875031633,0.30211147281115747,20,0.9174778971897567,mild
84,cumulative_infected,3.0625253363978118,2.9291527672428765,2.932723985693883,0.17234148133285326,2.843430158289266,3.0414707851596177,2.6672686170451927,3.1534263356348675,0.19804062687035184,0.4861577185896748,0.0,1.0,-0.13337256915493523,-0.12980135070392862,0.12980135070392862,0.01684839064456427,0.6098595583934807,0.30211147281115747,2.0186573939702352,0.6098595583934807,0.6293397718019672,2.0186573939702352,2.083137611246403,time_avg,0.6416286875031633,0.30211147281115747,20,0.9174778971897567,mild
84,early_growth_slope,0.010975924786180254,0.009815332032525733,0.009800551540961133,0.0029993024521220496,0.0085127458663746,0.011941644473110843,0.005305417799501723,0.013657873618025661,0.0034288986067362442,0.008352455818523938,1.0,1.0,-0.001160592753654521,-0.0011753732452191214,0.0011753732452191214,1.381502265576929e-06,0.6098595583934807,0.30211147281115747,2.0186573939702352,0.6098595583934807,0.6293397718019672,2.0186573939702352,2.083137611246403,time_avg,0.6416286875031633,0.30211147281115747,20,0.9174778971897567,mild
85,peak_time,25.0,19.16,18.0,7.637917109904884,14.0,23.25,9.0,33.05,9.25,24.049999999999997,0.0,1.0,-5.84,-7.0,7.0,49.0,0.37207810224325444,0.288278324627055,1.290690525292219,0.37207810224325444,0.36856490904755407,1.290690525292219,1.278503715200807,time_avg,0.41710081854812187,0.288278324627055,12,0.8579709903307697,mild
85,peak_height,0.08963507413864136,0.08103211473673583,0.07984178885817528,0.01842182270959951,0.06851478479802608,0.09071825258433819,0.05621174424886703,0.1152636881917715,0.022203467786312103,0.05905194394290447,1.0,1.0,-0.00860295940190553,-0.00979328528046608,0.00979328528046608,9.590843658459358e-05,0.37207810224325444,0.288278324627055,1.290690525292219,0.37207810224325444,0.36856490904755407,1.290690525292219,1.278503715200807,time_avg,0.41710081854812187,0.288278324627055,12,0.8579709903307697,mild
85,cumulative_infected,1.4852489207405597,1.3314352182832954,1.3182751337462832,0.3478762214089265,1.122717734600883,1.517000918625854,0.7795871607260779,1.978891168994596,0.394283184024971,1.199304008268518,1.0,1.0,-0.15381370245726433,-0.16697378699427645,0.16697378699427645,0.027880245543210003,0.37207810224325444,0.288278324627055,1.290690525292219,0.37207810224325444,0.36856490904755407,1.290690525292219,1.278503715200807,time_avg,0.41710081854812187,0.288278324627055,12,0.8579709903307697,mild
85,early_growth_slope,0.0037868802236126994,0.002037993759574333,0.0017961271722534936,0.0028884046237819924,-0.0002929001999464586,0.0038735692561160592,-0.002339131514062975,0.006965628467566731,0.0041664694560625175,0.009304759981629706,1.0,1.0,-0.0017488864640383662,-0.0019907530513592056,0.0019907530513592056,3.963097711495988e-06,0.37207810224325444,0.288278324627055,1.290690525292219,0.37207810224325444,0.36856490904755407,1.290690525292219,1.278503715200807,time_avg,0.41710081854812187,0.288278324627055,12,0.8579709903307697,mild
86,peak_time,41.0,25.05,25.0,12.752797276826696,17.75,34.5,3.0,45.0,16.75,42.0,0.0,1.0,-15.95,-16.0,16.0,256.0,0.3092505906802863,0.25175373264088036,1.228385324961293,0.3092505906802863,0.3087169138026986,1.228385324961293,1.22626548796031,time_avg,0.31298035445150735,0.25175373264088036,17,0.9819440512839014,mild
86,peak_height,0.05693100020289421,0.06328359130769969,0.05873332731425762,0.022137594833780957,0.04725612048059702,0.07196020148694515,0.03721053972840309,0.10729569643735885,0.024704081006348133,0.07008515670895576,1.0,1.0,0.0063525911048054745,0.001802327111363411,0.001802327111363411,3.248383016355577e-06,0.3092505906802863,0.25175373264088036,1.228385324961293,0.3092505906802863,0.3087169138026986,1.228385324961293,1.22626548796031,time_avg,0.31298035445150735,0.25175373264088036,17,0.9819440512839014,mild
86,cumulative_infected,1.2263945299200714,0.9181983781808049,0.7286607294272471,0.5626509630055392,0.5385380885272752,1.173665171423636,0.3734746294794604,1.7750794848427174,0.6351270828963607,1.401604855363257,0.0,1.0,-0.3081961517392665,-0.49773380049282423,0.49773380049282423,0.24773893615303055,0.3092505906802863,0.25175373264088036,1.228385324961293,0.3092505906802863,0.3087169138026986,1.228385324961293,1.22626548796031,time_avg,0.31298035445150735,0.25175373264088036,17,0.9819440512839014,mild
86,early_growth_slope,0.0011462217108124775,0.000321674050123442,0.0002989535098008474,0.002404910948752217,-0.0012274051287455383,0.001660778920354676,-0.003066107372904167,0.003922130663635295,0.0028881840491002146,0.006988238036539462,1.0,1.0,-0.0008245476606890355,-0.0008472682010116301,0.0008472682010116301,7.17863404445484e-07,0.3092505906802863,0.25175373264088036,1.228385324961293,0.3092505906802863,0.3087169138026986,1.228385324961293,1.22626548796031,time_avg,0.31298035445150735,0.25175373264088036,17,0.9819440512839014,mild
87,peak_time,10.0,9.47,9.0,0.9040313751594727,9.0,10.0,8.0,11.0,1.0,3.0,1.0,1.0,-0.5299999999999994,-1.0,1.0,1.0,0.8399033550629624,0.23151013933536368,3.627933348725972,0.8399033550629624,0.882521115585251,3.627933348725972,3.812019283988414,time_avg,0.885665523175402,0.23151013933536368,24,0.9006349833609023,mild
87,peak_height,0.38848403096199036,0.3822075936198235,0.38198113441467285,0.020540040425718074,0.36800655722618103,0.39616937935352325,0.3459584578871727,0.41635425984859464,0.028162822127342224,0.07039580196142192,1.0,1.0,-0.006276437342166874,-0.006502896547317505,0.006502896547317505,4.2287663505113926e-05,0.8399033550629624,0.23151013933536368,3.627933348725972,0.8399033550629624,0.882521115585251,3.627933348725972,3.812019283988414,time_avg,0.885665523175402,0.23151013933536368,24,0.9006349833609023,mild
87,cumulative_infected,4.463099624030292,4.301063318014103,4.305325967242425,0.2012592733666077,4.175967972863873,4.4371818857616745,3.9326628704031465,4.576102126476689,0.2612139128978015,0.6434392560735427,0.0,1.0,-0.1620363060161889,-0.15777365678786737,0.15777365678786737,0.024892526776215767,0.8399033550629624,0.23151013933536368,3.627933348725972,0.8399033550629624,0.882521115585251,3.627933348725972,3.812019283988414,time_avg,0.885665523175402,0.23151013933536368,24,0.9006349833609023,mild
87,early_growth_slope,0.04584161932801916,0.04041527910017888,0.04053026752773716,0.005633274897598345,0.036572783922089167,0.04355147011145682,0.03142280793267889,0.04991024193753088,0.006978686189367651,0.01848743400485199,0.0,1.0,-0.005426340227840283,-0.005311351800281999,0.005311351800281999,2.8210457946358835e-05,0.8399033550629624,0.23151013933536368,3.627933348725972,0.8399033550629624,0.882521115585251,3.627933348725972,3.812019283988414,time_avg,0.885665523175402,0.23151013933536368,24,0.9006349833609023,mild
88,peak_time,17.0,16.03,16.0,1.2098501451573969,15.0,17.0,14.0,18.0,2.0,4.0,1.0,1.0,-0.9699999999999989,-1.0,1.0,1.0,0.4879605156984848,0.13311947803269708,3.665583150638789,0.4879605156984848,0.48854785404252843,3.665583150638789,3.669995264874238,time_avg,0.49835452126535584,0.13311947803269708,16,0.969328456646863,mild
88,peak_height,0.37779220938682556,0.39121624171733854,0.39083734154701233,0.0213419965424571,0.3772309646010399,0.4045059010386467,0.35682266056537626,0.4260087579488754,0.02727493643760681,0.06918609738349912,1.0,1.0,0.01342403233051298,0.013045132160186768,0.013045132160186768,0.00017017547307673908,0.4879605156984848,0.13311947803269708,3.665583150638789,0.4879605156984848,0.48854785404252843,3.665583150638789,3.669995264874238,time_avg,0.49835452126535584,0.13311947803269708,16,0.969328456646863,mild
88,cumulative_infected,7.138958439230919,7.104632196834646,7.085347896674648,0.34493178072502934,6.88155567611102,7.314745799987577,6.583738903436824,7.666593104228378,0.43319012387655675,1.0828542007915534,1.0,1.0,-0.03432624239627291,-0.05361054255627096,0.05361054255627096,0.0028740902731777393,0.4879605156984848,0.13311947803269708,3.665583150638789,0.4879605156984848,0.48854785404252843,3.665583150638789,3.669995264874238,time_avg,0.49835452126535584,0.13311947803269708,16,0.969328456646863,mild
88,early_growth_slope,0.014785310985254388,0.012524813368046514,0.012855409428344238,0.003305905007392273,0.010046686299444576,0.014903870482590887,0.0066500245973223895,0.017122135634556227,0.004857184183146311,0.010472111037233837,1.0,1.0,-0.0022604976172078736,-0.0019299015569101494,0.0019299015569101494,3.7245200193642186e-06,0.4879605156984848,0.13311947803269708,3.665583150638789,0.4879605156984848,0.48854785404252843,3.665583150638789,3.669995264874238,time_avg,0.49835452126535584,0.13311947803269708,16,0.969328456646863,mild
89,peak_time,11.0,11.55,11.5,0.9468181696950299,11.0,12.0,10.0,13.0,1.0,3.0,1.0,1.0,0.5500000000000007,0.5,0.5,0.25,0.6888813474310865,0.13537112108273952,5.088835358097084,0.6888813474310865,0.6933831614829061,5.088835358097084,5.122090708394937,time_avg,0.6949247743376288,0.13537112108273952,25,0.9826069608403226,mild
89,peak_height,0.4853704571723938,0.486750528216362,0.48716090619564056,0.021841368270959824,0.47207050025463104,0.49778876453638077,0.4539202719926834,0.5252001643180847,0.025718264281749725,0.07127989232540127,1.0,1.0,0.0013800710439682007,0.0017904490232467651,0.0017904490232467651,3.2057077048452953e-06,0.6888813474310865,0.13537112108273952,5.088835358097084,0.6888813474310865,0.6933831614829061,5.088835358097084,5.122090708394937,time_avg,0.6949247743376288,0.13537112108273952,25,0.9826069608403226,mild
89,cumulative_infected,7.4349730478425045,7.21993668614974,7.224206921993755,0.32440506991788554,6.989526302117156,7.423913716513198,6.699726244455087,7.819589677074691,0.434387414396042,1.1198634326196037,0.0,1.0,-0.2150363616927642,-0.21076612584874965,0.21076612584874965,0.044422359805290974,0.6888813474310865,0.13537112108273952,5.088835358097084,0.6888813474310865,0.6933831614829061,5.088835358097084,5.122090708394937,time_avg,0.6949247743376288,0.13537112108273952,25,0.9826069608403226,mild
89,early_growth_slope,0.03706923817905285,0.03440110819315338,0.03428666270337998,0.004652558750374827,0.03143313960615722,0.03726567350912816,0.026959263212380125,0.04357050946703002,0.005832533902970942,0.016611246254649895,1.0,1.0,-0.0026681299858994714,-0.0027825754756728716,0.0027825754756728716,7.742726277816108e-06,0.6888813474310865,0.13537112108273952,5.088835358097084,0.6888813474310865,0.6933831614829061,5.088835358097084,5.122090708394937,time_avg,0.6949247743376288,0.13537112108273952,25,0.9826069608403226,mild
90,peak_time,27.0,30.05,30.0,2.9928365653791897,28.0,32.0,25.95,35.0,4.0,9.05,0.0,1.0,3.0500000000000007,3.0,3.0,9.0,0.24281152756669436,0.07684457906945909,3.159774319893396,0.24281152756669436,0.23690134652457365,3.159774319893396,3.0828634809807567,time_avg,0.2703888784784815,0.07684457906945909,10,0.8725107007591758,mild
90,peak_height,0.33631256222724915,0.37095809444785116,0.37021496891975403,0.044229237161509234,0.34145376086235046,0.4026852771639824,0.30392241179943086,0.4405046984553337,0.06123151630163193,0.13658228665590283,0.0,1.0,0.034645532220602016,0.03390240669250488,0.03390240669250488,0.0011493731795439999,0.24281152756669436,0.07684457906945909,3.159774319893396,0.24281152756669436,0.23690134652457365,3.159774319893396,3.0828634809807567,time_avg,0.2703888784784815,0.07684457906945909,10,0.8725107007591758,mild
90,cumulative_infected,9.351742134895176,9.769850156022876,9.770422828849405,1.1477838759499892,9.052213359987945,10.538214021828026,8.176138542289845,11.549970383348409,1.4860006618400803,3.373831841058564,1.0,1.0,0.4181080211277006,0.41868069395422935,0.41868069395422935,0.17529352348999508,0.24281152756669436,0.07684457906945909,3.159774319893396,0.24281152756669436,0.23690134652457365,3.159774319893396,3.0828634809807567,time_avg,0.2703888784784815,0.07684457906945909,10,0.8725107007591758,mild
90,early_growth_slope,0.0035731390761655013,0.0028721400709833863,0.0027902901527427485,0.0026455870330977815,0.0010071052335357926,0.004497855646713149,-0.0012275540354450983,0.0076165595863823795,0.003490750413177356,0.008844113621827477,1.0,1.0,-0.000700999005182115,-0.0007828489234227528,0.0007828489234227528,6.128524369041631e-07,0.24281152756669436,0.07684457906945909,3.159774319893396,0.24281152756669436,0.23690134652457365,3.159774319893396,3.0828634809807567,time_avg,0.2703888784784815,0.07684457906945909,10,0.8725107007591758,mild
91,peak_time,7.0,8.07,8.0,0.7142842712828137,8.0,8.25,7.0,9.0,0.25,2.0,0.0,1.0,1.0700000000000003,1.0,1.0,1.0,0.9764987246871516,0.22856705844575703,4.272263603194998,0.9764987246871516,0.9822539863863875,4.272263603194998,4.297443354548371,time_avg,0.9827229230780687,0.22856705844575703,22,0.9886899555075324,mild
91,peak_height,0.4094681739807129,0.41568088173866274,0.4155547469854355,0.021890093207625486,0.40318314731121063,0.4304756447672844,0.3775162860751152,0.4496563538908958,0.02729249745607376,0.07214006781578058,1.0,1.0,0.0062127077579498535,0.006086573004722595,0.006086573004722595,3.704637094181784e-05,0.9764987246871516,0.22856705844575703,4.272263603194998,0.9764987246871516,0.9822539863863875,4.272263603194998,4.297443354548371,time_avg,0.9827229230780687,0.22856705844575703,22,0.9886899555075324,mild
91,cumulative_infected,4.372557865397539,4.27416792810227,4.265202840397251,0.2473490536927333,4.151825416949578,4.4396918752318015,3.824057150055887,4.6655720375943925,0.2878664582822239,0.8415148875385055,1.0,1.0,-0.09838993729526901,-0.10735502500028815,0.10735502500028815,0.011525101392812494,0.9764987246871516,0.22856705844575703,4.272263603194998,0.9764987246871516,0.9822539863863875,4.272263603194998,4.297443354548371,time_avg,0.9827229230780687,0.22856705844575703,22,0.9886899555075324,mild
91,early_growth_slope,0.05921904956700191,0.05551954348642451,0.056088636372892534,0.00568669496735726,0.051946168263731066,0.05904237349196114,0.046721580924488415,0.06330680657521864,0.007096205228230075,0.01658522565073023,0.0,1.0,-0.003699506080577397,-0.003130413194109373,0.003130413194109373,9.799486765854046e-06,0.9764987246871516,0.22856705844575703,4.272263603194998,0.9764987246871516,0.9822539863863875,4.272263603194998,4.297443354548371,time_avg,0.9827229230780687,0.22856705844575703,22,0.9886899555075324,mild
92,peak_time,10.0,9.59,9.0,1.0645338525534653,9.0,10.0,8.0,11.049999999999997,1.0,3.049999999999997,1.0,1.0,-0.41000000000000014,-1.0,1.0,1.0,0.7294581881251518,0.29364269741518556,2.4841693478035336,0.7294581881251518,0.7488566341922583,2.4841693478035336,2.550230742273285,time_avg,0.8197163067318931,0.29364269741518556,10,0.8623637869200912,mild
92,peak_height,0.2824155390262604,0.2761815857887268,0.27340665459632874,0.021497614397819848,0.26184146851301193,0.28913791477680206,0.2414527267217636,0.31335111409425737,0.02729644626379013,0.07189838737249377,1.0,1.0,-0.006233953237533563,-0.00900888442993164,0.00900888442993164,8.115999867186474e-05,0.7294581881251518,0.29364269741518556,2.4841693478035336,0.7294581881251518,0.7488566341922583,2.4841693478035336,2.550230742273285,time_avg,0.8197163067318931,0.29364269741518556,10,0.8623637869200912,mild
92,cumulative_infected,3.2587382392957807,3.084194157302554,3.0929300860643707,0.21880799783892382,2.9630208188755205,3.209072597557679,2.7443781107780523,3.4192853487205865,0.24605177868215833,0.6749072379425343,0.0,1.0,-0.17454408199322646,-0.16580815323140996,0.16580815323140996,0.027492343678010726,0.7294581881251518,0.29364269741518556,2.4841693478035336,0.7294581881251518,0.7488566341922583,2.4841693478035336,2.550230742273285,time_avg,0.8197163067318931,0.29364269741518556,10,0.8623637869200912,mild
92,early_growth_slope,0.02100349040258498,0.02680128651584232,0.027183233668828112,0.004693827743959533,0.023830407124478366,0.029882092555497015,0.01850470930914439,0.033492386455777914,0.006051685431018649,0.014987677146633526,0.0,1.0,0.005797796113257342,0.006179743266243133,0.006179743266243133,3.818922683667735e-05,0.7294581881251518,0.29364269741518556,2.4841693478035336,0.7294581881251518,0.7488566341922583,2.4841693478035336,2.550230742273285,time_avg,0.8197163067318931,0.29364269741518556,10,0.8623637869200912,mild
93,peak_time,11.0,9.9,10.0,1.2102257907706582,9.0,11.0,8.0,12.0,2.0,4.0,1.0,1.0,-1.0999999999999996,-1.0,1.0,1.0,0.8612198001155872,0.4185094299125052,2.05782651133007,0.8612198001155872,0.8815065030117766,2.05782651133007,2.1063002169295606,time_avg,0.8817425518074206,0.4185094299125052,30,0.9418119505240927,mild
93,peak_height,0.18559637665748596,0.17839461639523507,0.17658571898937225,0.016655052411002836,0.16511402651667595,0.19103483483195305,0.15329437628388404,0.20637743026018143,0.0259208083152771,0.053083053976297395,1.0,1.0,-0.007201760262250889,-0.009010657668113708,0.009010657668113708,8.119195161193637e-05,0.8612198001155872,0.4185094299125052,2.05782651133007,0.8612198001155872,0.8815065030117766,2.05782651133007,2.1063002169295606,time_avg,0.8817425518074206,0.4185094299125052,30,0.9418119505240927,mild
93,cumulative_infected,2.060475927661173,2.034795444699412,2.0440107913746033,0.15981461376919606,1.9191483268659795,2.139693152574182,1.7999487107386813,2.2863723790389487,0.22054482570820255,0.4864236683002674,1.0,1.0,-0.025680482961761175,-0.01646513628656976,0.01646513628656976,0.00027110071293531623,0.8612198001155872,0.4185094299125052,2.05782651133007,0.8612198001155872,0.8815065030117766,2.05782651133007,2.1063002169295606,time_avg,0.8817425518074206,0.4185094299125052,30,0.9418119505240927,mild
93,early_growth_slope,0.020008818642790645,0.016045754117763603,0.016071558370077538,0.003671058044848646,0.013728545901055135,0.018577490581221694,0.00972490527506341,0.021912340755530054,0.004848944680166559,0.012187435480466644,0.0,1.0,-0.0039630645250270415,-0.003937260272713107,0.003937260272713107,1.550201845508489e-05,0.8612198001155872,0.4185094299125052,2.05782651133007,0.8612198001155872,0.8815065030117766,2.05782651133007,2.1063002169295606,time_avg,0.8817425518074206,0.4185094299125052,30,0.9418119505240927,mild
94,peak_time,13.0,13.88,14.0,1.9760178300426503,13.0,15.0,11.0,17.0,2.0,6.0,1.0,1.0,0.8800000000000008,1.0,1.0,1.0,0.685979817191866,0.35825932675661026,1.9147577354152132,0.685979817191866,0.6861735533222256,1.9147577354152132,1.915298506069012,time_avg,0.6874646137192117,0.35825932675661026,12,0.9971581378848359,mild
94,peak_height,0.15208613872528076,0.1518285422027111,0.15035711228847504,0.012682517385878103,0.1450475938618183,0.15943151712417603,0.13173872530460357,0.1731216788291931,0.014383923262357712,0.04138295352458954,1.0,1.0,-0.00025759652256965304,-0.001729026436805725,0.001729026436805725,2.989532419173102e-06,0.685979817191866,0.35825932675661026,1.9147577354152132,0.685979817191866,0.6861735533222256,1.9147577354152132,1.915298506069012,time_avg,0.6874646137192117,0.35825932675661026,12,0.9971581378848359,mild
94,cumulative_infected,2.314779655338498,2.244812903350212,2.251196996541694,0.1957880226262611,2.1195516337975278,2.403770147366231,1.9255041304888436,2.5088376523823173,0.2842185135687032,0.5833335218934736,1.0,1.0,-0.06996675198828584,-0.06358265879680403,0.06358265879680403,0.0040427544996708,0.685979817191866,0.35825932675661026,1.9147577354152132,0.685979817191866,0.6861735533222256,1.9147577354152132,1.915298506069012,time_avg,0.6874646137192117,0.35825932675661026,12,0.9971581378848359,mild
94,early_growth_slope,0.0022854748004603968,0.006684350622228869,0.006559812583007096,0.0028802081480877087,0.00476470383416329,0.008580087855946095,0.0025366276278094,0.011508810348320927,0.0038153840217828054,0.008972182720511528,0.0,0.0,0.004398875821768472,0.004274337782546699,0.004274337782546699,1.8269963479306233e-05,0.685979817191866,0.35825932675661026,1.9147577354152132,0.685979817191866,0.6861735533222256,1.9147577354152132,1.915298506069012,time_avg,0.6874646137192117,0.35825932675661026,12,0.9971581378848359,mild
95,peak_time,44.0,19.71,18.0,14.163757277008816,6.75,29.0,1.9500000000000002,45.05,22.25,43.099999999999994,0.0,1.0,-24.29,-26.0,26.0,676.0,0.21336746399434856,0.4439279206111221,0.4806353781501773,0.21336746399434856,0.22265808763522213,0.4806353781501773,0.5015636036785106,time_avg,0.22321688178355803,0.4439279206111221,14,0.9387154465193088,mild
95,peak_height,0.03819417580962181,0.05041958579793573,0.05049578472971916,0.009421356705638697,0.044405450113117695,0.055741834454238415,0.03498862814158201,0.065329809486866,0.01133638434112072,0.030341181345283984,0.0,1.0,0.012225409988313916,0.012301608920097351,0.012301608920097351,0.00015132958202301872,0.21336746399434856,0.4439279206111221,0.4806353781501773,0.21336746399434856,0.22265808763522213,0.4806353781501773,0.5015636036785106,time_avg,0.22321688178355803,0.4439279206111221,14,0.9387154465193088,mild
95,cumulative_infected,0.3963962011912372,0.47976770756310544,0.46376336066168733,0.11155663446282421,0.40565488272113726,0.5411711802298669,0.32666713802536834,0.6748018226237035,0.13551629750872962,0.34813468459833513,0.0,1.0,0.08337150637186824,0.06736715947045013,0.06736715947045013,0.004538334175117059,0.21336746399434856,0.4439279206111221,0.4806353781501773,0.21336746399434856,0.22265808763522213,0.4806353781501773,0.5015636036785106,time_avg,0.22321688178355803,0.4439279206111221,14,0.9387154465193088,mild
95,early_growth_slope,-0.001011559368288588,-0.00019550021455134285,-4.8370599480611486e-05,0.0023516234172889458,-0.0014547987583292902,0.0011579996924930515,-0.0041331943823717555,0.003801955350597078,0.0026127984508223416,0.007935149732968834,1.0,1.0,0.0008160591537372451,0.0009631887688079765,0.0009631887688079765,9.277326043578256e-07,0.21336746399434856,0.4439279206111221,0.4806353781501773,0.21336746399434856,0.22265808763522213,0.4806353781501773,0.5015636036785106,time_avg,0.22321688178355803,0.4439279206111221,14,0.9387154465193088,mild
96,peak_time,23.0,19.02,17.0,14.62181848326588,6.0,29.25,1.0,45.0,23.25,44.0,1.0,1.0,-3.9800000000000004,-6.0,6.0,36.0,0.12271175378282446,0.36838807224872777,0.33310457918401903,0.12271175378282446,0.12609015104508733,0.33310457918401903,0.34227533555959966,time_avg,0.12617142689586766,0.36838807224872777,17,0.9584539139477066,mild
96,peak_height,0.04347904399037361,0.04852953417226672,0.04753951542079449,0.011331841840252087,0.04147179611027241,0.05546546448022127,0.03271122686564922,0.0723833754658699,0.013993668369948864,0.039672148600220676,1.0,1.0,0.0050504901818931094,0.0040604714304208755,0.0040604714304208755,1.648742823726415e-05,0.12271175378282446,0.36838807224872777,0.33310457918401903,0.12271175378282446,0.12609015104508733,0.33310457918401903,0.34227533555959966,time_avg,0.12617142689586766,0.36838807224872777,17,0.9584539139477066,mild
96,cumulative_infected,0.42006301577202976,0.49190659644880724,0.4703680129168788,0.1778322690312564,0.40397067871526815,0.527028818258259,0.290481269393058,0.735797033268318,0.12305813954299083,0.44531576387526,1.0,1.0,0.07184358067677749,0.05030499714484904,0.05030499714484904,0.00253059273774327,0.12271175378282446,0.36838807224872777,0.33310457918401903,0.12271175378282446,0.12609015104508733,0.33310457918401903,0.34227533555959966,time_avg,0.12617142689586766,0.36838807224872777,17,0.9584539139477066,mild
96,early_growth_slope,-0.0024007302764359677,-0.0007603589151862937,-0.0007209321927456622,0.0022764170710649987,-0.0020528539639815863,0.0007791888687539298,-0.004674578561493293,0.0030874225755161155,0.002832042832735516,0.007762001137009408,0.0,1.0,0.0016403713612496741,0.0016797980836903055,0.0016797980836903055,2.8217216019696227e-06,0.12271175378282446,0.36838807224872777,0.33310457918401903,0.12271175378282446,0.12609015104508733,0.33310457918401903,0.34227533555959966,time_avg,0.12617142689586766,0.36838807224872777,17,0.9584539139477066,mild
97,peak_time,12.0,12.62,12.0,1.0325999352424087,12.0,13.0,11.0,14.0,1.0,3.0,1.0,1.0,0.6199999999999992,0.0,0.0,0.0,0.5970778694585579,0.1468125767881357,4.066939512411101,0.5970778694585579,0.6142978262401542,4.066939512411101,4.184231621563618,time_avg,0.645712949785264,0.1468125767881357,16,0.889235337505894,mild
97,peak_height,0.49134159088134766,0.4506900444626808,0.44848328828811646,0.01964418635048421,0.43891188502311707,0.4625503122806549,0.4236547723412514,0.4811940088868141,0.023638427257537842,0.0575392365455627,0.0,0.0,-0.04065154641866686,-0.0428583025932312,0.0428583025932312,0.0018368341011729683,0.5970778694585579,0.1468125767881357,4.066939512411101,0.5970778694585579,0.6142978262401542,4.066939512411101,4.184231621563618,time_avg,0.645712949785264,0.1468125767881357,16,0.889235337505894,mild
97,cumulative_infected,7.025377100566402,7.0207462192837555,6.965984002919868,0.3213500364020861,6.815901347901672,7.194795637857169,6.565101386606694,7.524135228234809,0.3788942899554968,0.9590338416281154,1.0,1.0,-0.004630881282646548,-0.05939309764653444,0.05939309764653444,0.003527540048050775,0.5970778694585579,0.1468125767881357,4.066939512411101,0.5970778694585579,0.6142978262401542,4.066939512411101,4.184231621563618,time_avg,0.645712949785264,0.1468125767881357,16,0.889235337505894,mild
97,early_growth_slope,0.023966151777477487,0.025695465389539342,0.02634179628772211,0.0037221184526239144,0.022804704195420654,0.028346086472516782,0.019642702393632912,0.03102730191205322,0.005541382277096128,0.011384599518420309,1.0,1.0,0.0017293136120618557,0.002375644510244624,0.002375644510244624,5.64368683905542e-06,0.5970778694585579,0.1468125767881357,4.066939512411101,0.5970778694585579,0.6142978262401542,4.066939512411101,4.184231621563618,time_avg,0.645712949785264,0.1468125767881357,16,0.889235337505894,mild
98,peak_time,14.0,15.28,14.0,5.893122168162551,12.0,17.0,9.95,25.099999999999994,5.0,15.149999999999995,1.0,1.0,1.2799999999999994,0.0,0.0,0.0,0.6224233594718384,0.47186042682593665,1.3190836189817683,0.6224233594718384,0.653263065846329,1.3190836189817683,1.3844413065970236,time_avg,0.6684249292454706,0.47186042682593665,24,0.8676522173449677,mild
98,peak_height,0.086918406188488,0.0939086602255702,0.09337818622589111,0.01972985134218836,0.08265799842774868,0.10640798322856426,0.05833057165145874,0.12357869781553744,0.023749984800815582,0.06524812616407871,1.0,1.0,0.0069902540370822,0.006459780037403107,0.006459780037403107,4.172875813163168e-05,0.6224233594718384,0.47186042682593665,1.3190836189817683,0.6224233594718384,0.653263065846329,1.3190836189817683,1.3844413065970236,time_avg,0.6684249292454706,0.47186042682593665,24,0.8676522173449677,mild
98,cumulative_infected,1.1494721070630476,1.3393459799591438,1.355811629560776,0.2361234549879892,1.2320259245607303,1.487346062247525,0.8711332598584705,1.6293518816819414,0.2553201376867946,0.758218621823471,0.0,1.0,0.18987387289609625,0.20633952249772847,0.20633952249772847,0.04257599854459059,0.6224233594718384,0.47186042682593665,1.3190836189817683,0.6224233594718384,0.653263065846329,1.3190836189817683,1.3844413065970236,time_avg,0.6684249292454706,0.47186042682593665,24,0.8676522173449677,mild
98,early_growth_slope,0.0071615951157928915,0.0037568531149476513,0.003648758243625274,0.003021512478011398,0.0015994728892110303,0.00591691277943374,-0.0010135971343732393,0.008742467673922266,0.004317439890222709,0.009756064808295505,0.0,1.0,-0.00340474200084524,-0.0035128368721676177,0.0035128368721676177,1.2340022890460371e-05,0.6224233594718384,0.47186042682593665,1.3190836189817683,0.6224233594718384,0.653263065846329,1.3190836189817683,1.3844413065970236,time_avg,0.6684249292454706,0.47186042682593665,24,0.8676522173449677,mild
99,peak_time,44.0,26.98,27.5,11.441533414218867,19.0,36.0,6.95,43.05,17.0,36.099999999999994,0.0,0.0,-17.02,-16.5,16.5,272.25,0.19328709646595044,0.137823503429502,1.4024247799274567,0.19328709646595044,0.19212423407957288,1.4024247799274567,1.3939874498825682,time_avg,0.19843263330731364,0.137823503429502,15,0.9629558566364989,mild
99,peak_height,0.08160659670829773,0.06987148087471723,0.060329463332891464,0.030435142941404134,0.05000673979520798,0.07866065204143524,0.040557237714529036,0.1207391321659088,0.028653912246227264,0.08018189445137977,0.0,1.0,-0.0117351158335805,-0.021277133375406265,0.021277133375406265,0.0004527164046748272,0.19328709646595044,0.137823503429502,1.4024247799274567,0.19328709646595044,0.19212423407957288,1.4024247799274567,1.3939874498825682,time_avg,0.19843263330731364,0.137823503429502,15,0.9629558566364989,mild
99,cumulative_infected,1.7066612048074603,1.2038772653843262,0.9344828007742763,0.8119514114927746,0.6428216377971694,1.527931654592976,0.488527636352228,2.583524422105983,0.8851100167958066,2.094996785753755,0.0,1.0,-0.5027839394231342,-0.772178404033184,0.772178404033184,0.5962594876552353,0.19328709646595044,0.137823503429502,1.4024247799274567,0.19328709646595044,0.19212423407957288,1.4024247799274567,1.3939874498825682,time_avg,0.19843263330731364,0.137823503429502,15,0.9629558566364989,mild
99,early_growth_slope,-0.002146104874555022,0.0005692754562616241,0.00044588426369175904,0.002308270847346145,-0.00082860131043985,0.001962101822885286,-0.0031375992348850025,0.004815213534069092,0.002790703133325136,0.007952812768954095,0.0,1.0,0.002715380330816646,0.002591989138246781,0.002591989138246781,6.718407692789291e-06,0.19328709646595044,0.137823503429502,1.4024247799274567,0.19328709646595044,0.19212423407957288,1.4024247799274567,1.3939874498825682,time_avg,0.19843263330731364,0.137823503429502,15,0.9629558566364989,mild
