case_id,true_beta,true_gamma,true_R0,beta_ref,gamma_ref,R0_ref,beta_seir,gamma_seir,sigma_seir,sigma,severity,reference_mode,reference_window_days,projection_loss,beta_mean,beta_median,beta_std,beta_ci50_low,beta_ci50_high,beta_ci90_low,beta_ci90_high,beta_width50,beta_width90,gamma_mean,gamma_median,gamma_std,gamma_ci50_low,gamma_ci50_high,gamma_ci90_low,gamma_ci90_high,gamma_width50,gamma_width90,R0_mean,R0_median,R0_std,R0_ci50_low,R0_ci50_high,R0_ci90_low,R0_ci90_high,R0_width50,R0_width90,beta_covered50,beta_covered90,beta_err_mean,beta_err_median,beta_abs_err_median,beta_sq_err_median,gamma_covered50,gamma_covered90,gamma_err_mean,gamma_err_median,gamma_abs_err_median,gamma_sq_err_median,R0_covered50,R0_covered90,R0_err_mean,R0_err_median,R0_abs_err_median,R0_sq_err_median
0,0.1,0.16016287848698557,0.6243644029420072,0.1,0.16016287848698557,0.6243644029420072,0.26104133230789256,0.33796092457181953,0.27009026017152277,0.27009026017152277,medium,full_curve,50,2.2920243281240667e-05,0.19709169617216118,0.17744407487632435,0.07949621662038336,0.13603092968911237,0.2416461606812,0.10456771580262202,0.3553164996067412,0.10561523099208764,0.2507487838041192,0.2772490564746315,0.27969478535646186,0.12688588653988253,0.1708169670760892,0.38190634485091857,0.0726550818541368,0.47630286198260124,0.21108937777482936,0.4036477801284645,0.8686381582587362,0.7859887523140644,0.45173781048851486,0.5379936264528766,1.0618627850902742,0.2970756793904241,1.9006072433417895,0.5238691586373976,1.6035315639513654,0.0,0.0,0.09709169617216118,0.07744407487632435,0.07744407487632435,0.005997584733449732,0.0,1.0,0.11708617798764592,0.11953190686947629,0.11953190686947629,0.014287876759853152,1.0,1.0,0.244273755316729,0.16162434937205716,0.16162434937205716,0.026122430309940794
1,0.2800662369727216,0.16336760849608037,1.7143314978467175,0.2800662369727216,0.16336760849608037,1.7143314978467175,0.6194597540465793,0.23732178934660986,0.20027035304102286,0.20027035304102286,medium,full_curve,50,0.001622990928014397,0.26883764358824364,0.2680650826058229,0.015427670998397596,0.2586827720510673,0.2789280571322803,0.24400702077398623,0.294914632742092,0.020245285081212983,0.05090761196810578,0.1391714262703772,0.1389070536790251,0.020173637729318666,0.12589882315832912,0.15210293396442792,0.10589560693203066,0.17383372469852879,0.0262041108060988,0.06793811776649812,1.9657201018126176,1.9443501249850574,0.2566215550074906,1.7960934084149862,2.112966728740908,1.5835603452098463,2.422998035281261,0.31687332032592197,0.8394376900714144,0.0,1.0,-0.011228593384477958,-0.012001154366898692,0.012001154366898692,0.00014402770613813155,0.0,1.0,-0.02419618222570316,-0.02446055481705528,0.02446055481705528,0.0005983187419581663,0.0,1.0,0.2513886039659001,0.23001862713833998,0.23001862713833998,0.05290856883060668
2,0.1,0.0891740103929305,1.1214029688624136,0.1,0.0891740103929305,1.1214029688624136,0.21550996129784816,0.17599628488815172,0.20490775672953732,0.20490775672953732,medium,full_curve,50,4.881214080373017e-05,0.33662227014673535,0.33115238806900066,0.10906218451647728,0.2558952653231021,0.41305693868876053,0.16809651660658265,0.5317098845784671,0.15716167336565845,0.3636133679718845,0.35050628209853274,0.3680353960572478,0.0956981763015195,0.29060683566990597,0.42609834937341395,0.16774936942976373,0.4759870463035151,0.13549151370350798,0.30823767687375137,1.0064858920088287,1.0035574697900356,0.32099269749063986,0.8122408916781847,1.1561861198565753,0.5019951002926301,1.5298143905806043,0.34394522817839057,1.0278192902879741,0.0,0.0,0.23662227014673534,0.23115238806900065,0.23115238806900065,0.05343142651000188,0.0,0.0,0.26133227170560225,0.2788613856643173,0.2788613856643173,0.0777636724146231,1.0,1.0,-0.11491707685358499,-0.11784549907237807,0.11784549907237807,0.01388756165161786
3,0.35977446240385336,0.06233760749603269,5.771387078446189,0.35977446240385336,0.06233760749603269,5.771387078446189,0.9688323428602119,0.06370916365620277,0.21807036164358112,0.21807036164358112,medium,full_curve,50,0.0017779273607721787,0.35127183478065604,0.3512295269177047,0.012312660261880794,0.3427931872738604,0.35927163721056976,0.3313666978138911,0.37187556119362136,0.016478449936709383,0.04050886337973025,0.061722180379367594,0.0609751332610461,0.004414195251634165,0.058609425586690106,0.06403289062633628,0.05604638421486378,0.06995474116382445,0.0054234650396461775,0.013908356948960678,5.7185113442097135,5.729011392475481,0.4357522524095343,5.4447848716201666,6.016649978249772,4.98748094646956,6.392493604574983,0.5718651066296054,1.4050126581054228,0.0,1.0,-0.008502627623197312,-0.008544935486148653,0.008544935486148653,7.301592246244251e-05,1.0,1.0,-0.000615427116665096,-0.0013624742349865882,0.0013624742349865882,1.8563360410022886e-06,1.0,1.0,-0.0528757342364754,-0.04237568597070762,0.04237568597070762,0.0017956987614880268
4,0.13667338709905655,0.11911532879233325,1.1474038520880396,0.13667338709905655,0.11911532879233325,1.1474038520880396,0.3797137105977739,0.3087497789608495,0.34637480205060933,0.34637480205060933,medium,full_curve,50,3.602589362941197e-05,0.2837174368496814,0.28013726067732814,0.07871714772949878,0.2283882076556454,0.3340900161186739,0.16099086346234578,0.42267020767636754,0.10570180846302848,0.2616793442140217,0.2994607392398192,0.3044719064538691,0.08679572190791801,0.24419092838020817,0.36520909373084887,0.14610032715591098,0.4300705001703189,0.1210181653506407,0.2839701730144079,1.0136475421153777,0.9883807652299262,0.3381575195909168,0.8104603430853876,1.1641733549410027,0.5068466110664439,1.6346824673561344,0.3537130118556151,1.1278358562896904,0.0,0.0,0.14704404975062488,0.1434638735782716,0.1434638735782716,0.020581883022082293,0.0,0.0,0.18034541044748595,0.18535657766153588,0.18535657766153588,0.034357060882396984,1.0,1.0,-0.13375630997266197,-0.1590230868581134,0.1590230868581134,0.02528834215388308
5,0.1,0.09927867806434683,1.0072656279245142,0.1,0.09927867806434683,1.0072656279245142,0.47014181963976176,0.3901769745606405,0.22560946648823815,0.22560946648823815,medium,full_curve,50,0.0001759925611912985,0.3136941450625875,0.30572520998922786,0.10468432330309896,0.2363251708807575,0.38251117592599204,0.1542059701652903,0.5033289334524204,0.14618600504523455,0.34912296328713005,0.3465775330620301,0.3623383845620588,0.0972988960307983,0.28424735787642313,0.4256803565880002,0.1620443573351892,0.4733822625701408,0.14143299871157705,0.31133790523495164,0.954572035950122,0.9413530118603008,0.3233496924009968,0.7677453744808105,1.1034028192895198,0.46339732479565454,1.4844021903907607,0.3356574448087093,1.0210048655951063,0.0,0.0,0.21369414506258752,0.20572520998922786,0.20572520998922786,0.042322862025111894,0.0,0.0,0.24729885499768328,0.263059706497712,0.263059706497712,0.06920040918266238,1.0,1.0,-0.05269359197439227,-0.06591261606421339,0.06591261606421339,0.004344472956428401
6,0.39295038222813905,0.18637459343023774,2.1083902853702274,0.39295038222813905,0.18637459343023774,2.1083902853702274,0.7403594957319698,0.23075823601625456,0.32406407105200385,0.32406407105200385,medium,full_curve,50,0.0042479963533716995,0.38610458714004464,0.38589898528668454,0.010523344771205798,0.37879072090458366,0.39310078367392504,0.36922749461413007,0.40329558449680963,0.01431006276934138,0.034068089882679564,0.18906572617338904,0.18862692382089877,0.008816363885356145,0.1827314189069651,0.1948717352064087,0.17554598481114234,0.20410028681401202,0.012140316299443621,0.02855430200286968,2.0451332832935933,2.043801104661556,0.07864803789939707,1.9899204252940383,2.0992864800420725,1.9189581088240608,2.172702683390459,0.10936605474803418,0.2537445745663982,1.0,1.0,-0.0068457950880944085,-0.007051396941454513,0.007051396941454513,4.972219882595406e-05,1.0,1.0,0.0026911327431513032,0.002252330390661028,0.002252330390661028,5.0729921886952595e-06,0.0,1.0,-0.0632570020766341,-0.06458918070867137,0.06458918070867137,0.004171762264617406
7,0.38817756934412295,0.2236221530267922,1.7358636614933913,0.38817756934412295,0.2236221530267922,1.7358636614933913,0.9372643740217701,0.31923358024572585,0.22312362544141343,0.22312362544141343,medium,full_curve,50,0.0024358335401876243,0.39308188013264106,0.3926865991969353,0.014602399741003564,0.383594712743371,0.4025629582216154,0.36943331427379617,0.4172970704124378,0.01896824547824444,0.04786375613864163,0.2208879379405378,0.2203522471044092,0.013463905972190588,0.2118426231500094,0.2296162399622421,0.1992918997229342,0.24380521893301033,0.01777361681223269,0.04451331921007612,1.7836537009718632,1.7825411099657134,0.08517534771493794,1.724245080267034,1.8403549015670957,1.6475940775847127,1.9256117909574237,0.11610982130006176,0.2780177133727111,1.0,1.0,0.004904310788518107,0.004509029852812374,0.004509029852812374,2.033135021355318e-05,1.0,1.0,-0.0027342150862544046,-0.003269905922382993,0.003269905922382993,1.0692284741235372e-05,1.0,1.0,0.047790039478471824,0.046677448472322025,0.046677448472322025,0.0021787841958862777
8,0.37652563299907826,0.20254199159520275,1.8590003486861948,0.37652563299907826,0.20254199159520275,1.8590003486861948,0.8309845136136211,0.2731726148844541,0.2435689424428814,0.2435689424428814,medium,full_curve,50,0.003019125215465703,0.39121712838516204,0.39109079870520663,0.01282977243695559,0.38225424706196043,0.39950836178837346,0.37047085784655104,0.412752947379111,0.017254114726413028,0.04228208953255996,0.20890134022938184,0.20857735343478565,0.011499799166969462,0.20109330132886516,0.21631373567719422,0.1907279374754013,0.22843337166174865,0.015220434348329065,0.037705434186347364,1.8764762344861188,1.8746134099442144,0.0848501184276637,1.8206946935704127,1.9308170586841409,1.739495187300818,2.017131447121754,0.1101223651137282,0.27763625982093587,0.0,1.0,0.014691495386083775,0.014565165706128369,0.014565165706128369,0.00021214405204697791,1.0,1.0,0.006359348634179085,0.006035361839582892,0.006035361839582892,3.6425592534693394e-05,1.0,1.0,0.017475885799923985,0.015613061258019645,0.015613061258019645,0.00024376768184667397
9,0.3728283083368036,0.21993056875735084,1.6952091309696227,0.3728283083368036,0.21993056875735084,1.6952091309696227,0.813955298805505,0.31228697542759054,0.2524946281640073,0.2524946281640073,medium,full_curve,50,0.002095827205535283,0.360959119305737,0.36090680448640394,0.014568980765537275,0.3508310045360394,0.370368512237819,0.3379230946032918,0.38483674074012564,0.019537507701779644,0.04691364613683385,0.2059394246054177,0.20541690023491876,0.01436553687547831,0.19631330905275307,0.21513163940846552,0.18368639691204763,0.22986409591845017,0.018818330355712454,0.046177699006402534,1.7581551276904206,1.756715754937051,0.09540395423604828,1.6929286512763404,1.822011217616203,1.606773670883756,1.919910703245345,0.1290825663398627,0.3131370323615892,0.0,1.0,-0.011869189031066596,-0.01192150385039964,0.01192150385039964,0.00014212225405509343,0.0,1.0,-0.013991144151933144,-0.014513668522432077,0.014513668522432077,0.0002106465739790357,1.0,1.0,0.06294599672079793,0.06150662396742823,0.06150662396742823,0.003783064791870617
10,0.32408419569104346,0.23913392717918056,1.3552413892664028,0.32408419569104346,0.23913392717918056,1.3552413892664028,0.8729612017928233,0.44685629078115185,0.21531532448844604,0.21531532448844604,medium,full_curve,50,0.0008743754881665757,0.3042696417431601,0.30347652974728345,0.04060336822689392,0.2768892566050279,0.32919404742312774,0.2419347928687993,0.37330067445740067,0.052304790818099856,0.13136588158860138,0.23118373755991967,0.23133766406106818,0.0527140260425334,0.1957830735165355,0.2649519395261619,0.14278539772033969,0.3146833121829343,0.0691688660096264,0.17189791446259464,1.3719688290400938,1.3322328757529236,0.2926827764472295,1.198545030034221,1.5107401243303262,0.9815423808356144,1.8861404861504032,0.31219509429610515,0.9045981053147888,1.0,1.0,-0.01981455394788334,-0.020607665943760012,0.020607665943760012,0.0004246758956496062,1.0,1.0,-0.007950189619260889,-0.007796263118112379,0.007796263118112379,6.078171860683935e-05,1.0,1.0,0.016727439773690955,-0.023008513513479212,0.023008513513479212,0.0005293916940999555
11,0.1,0.09970122348660158,1.0029967186254096,0.1,0.09970122348660158,1.0029967186254096,0.5581935084158897,0.45794144871036324,0.23579041574922988,0.23579041574922988,medium,full_curve,50,0.00019926183174120464,0.26824214186383166,0.253499206992684,0.10067415234474342,0.1920267065126045,0.3322243332464485,0.1236563940094183,0.4497278000365834,0.140197626733844,0.3260714060271651,0.3230725804153917,0.3421313147869611,0.11065886665021434,0.2487231740527854,0.41152023043133157,0.11623923539754405,0.47435192908868096,0.16279705637854616,0.3581126936911369,0.9146368221459971,0.8779005004486612,0.3817445890405332,0.6605106999731111,1.0861727525005056,0.37935876462363716,1.6163201938642577,0.42566205252739453,1.2369614292406206,0.0,0.0,0.16824214186383166,0.15349920699268402,0.15349920699268402,0.023562006547382854,0.0,0.0,0.22337135692879012,0.24243009130035953,0.24243009130035953,0.05877234916790066,1.0,1.0,-0.08835989647941256,-0.12509621817674843,0.12509621817674843,0.015649063802124646
12,0.26279630486743144,0.2004988235185915,1.3107124533479537,0.26279630486743144,0.2004988235185915,1.3107124533479537,0.5731611696121026,0.35679534518959455,0.2799494735775245,0.2799494735775245,medium,full_curve,50,0.00030307079928360475,0.23058215611302088,0.22672096796380617,0.05495536644077828,0.19238740919819258,0.2625903745886064,0.15034928088282645,0.325957215174676,0.07020296539041382,0.17560793429184957,0.21446837750620748,0.20755007086456081,0.08910355462823719,0.14577144575047418,0.27588023479031676,0.0801125755983913,0.37141469709567115,0.13010878903984258,0.29130212149727985,1.251778232391805,1.1566703682721111,0.5040520100318973,0.8980130494392687,1.5237166103289088,0.583266190074337,2.2877915319442197,0.6257035608896401,1.7045253418698827,0.0,1.0,-0.03221414875441056,-0.03607533690362527,0.03607533690362527,0.0013014299327100674,1.0,1.0,0.013969553987615985,0.007051247345969319,0.007051247345969319,4.972008913403937e-05,1.0,1.0,-0.05893422095614875,-0.1540420850758426,0.1540420850758426,0.023728963974513132
13,0.2139151635676768,0.39157080592432064,0.5463000824658528,0.2139151635676768,0.39157080592432064,0.5463000824658528,0.18774299735492933,0.43882343737166407,0.29747391168074144,0.29747391168074144,medium,full_curve,50,3.861620278002043e-06,0.24298535176484756,0.22329264445218006,0.10612609973889917,0.1590053607886109,0.30738317944547666,0.10948408711064857,0.45033201958496616,0.14837781865686575,0.3408479324743176,0.3327924420039352,0.3544843045697635,0.11817455494490481,0.2510739161534703,0.4316050071574084,0.10687126582583421,0.4881740965358093,0.1805310910039381,0.38130283070997506,0.8062311223772316,0.7706796024389533,0.36172297969810907,0.5586677724039049,0.9707097595520365,0.30773104119112316,1.5083368847459624,0.41204198714813167,1.2006058435548392,1.0,1.0,0.02907018819717075,0.009377480884503242,0.009377480884503242,8.793714773922371e-05,1.0,1.0,-0.058778363920385435,-0.037086501354557155,0.037086501354557155,0.0013754085827215696,0.0,1.0,0.2599310399113788,0.22437951997310046,0.22437951997310046,0.05034616898335899
14,0.301122761022719,0.1399594497995195,2.1515000341459816,0.301122761022719,0.1399594497995195,2.1515000341459816,0.5377934135779678,0.17265674719576185,0.28450033440434674,0.28450033440434674,medium,full_curve,50,0.003393338976294633,0.29440126345291645,0.2943406836481348,0.011178174035884626,0.2866526180991448,0.3016098088045597,0.2761429272415497,0.31319868243637,0.014957190705414902,0.037055755194820295,0.1268680741112433,0.126589687894896,0.009858111121179474,0.12009018501240683,0.13343523195627996,0.11092141551781796,0.14305083838690563,0.013345046943873132,0.03212942286908767,2.3312890692316928,2.325214129395464,0.1588489538545369,2.224400317368068,2.435237319282353,2.0798872908206425,2.591274347731241,0.2108370019142849,0.5113870569105985,1.0,1.0,-0.006721497569802559,-0.0067820773745841945,0.0067820773745841945,4.599657351484684e-05,0.0,1.0,-0.013091375688276202,-0.013369761904623495,0.013369761904623495,0.00017875053338632166,0.0,1.0,0.1797890350857112,0.17371409524948245,0.17371409524948245,0.03017658688834626
15,0.1,0.17887515386335007,0.5590491347747157,0.1,0.17887515386335007,0.5590491347747157,0.38991571308913775,0.47798158111504574,0.2677805353187829,0.2677805353187829,medium,full_curve,50,4.8286242768311304e-05,0.20068750400136798,0.17143679381784463,0.09430404923220943,0.12567551739923352,0.25022516669008765,0.10166909611562766,0.3967781347029373,0.12454964929085413,0.29510903858730964,0.32138561407028854,0.3435589031881815,0.13178735853586884,0.22036835428727788,0.4371900848869685,0.07833771492765827,0.49181922739473705,0.2168217305996906,0.41348151246707876,0.7326787319262335,0.6550891735326989,0.3904112015559309,0.458970086044478,0.8935292291906332,0.2641156336623231,1.6151210554727604,0.4345591431461552,1.3510054218104373,0.0,0.0,0.10068750400136797,0.07143679381784462,0.07143679381784462,0.005103215510973244,0.0,1.0,0.14251046020693847,0.16468374932483143,0.16468374932483143,0.027120737291683916,1.0,1.0,0.1736295971515177,0.09604003875798317,0.09604003875798317,0.009223689044634909
16,0.3598012912212869,0.24502661692759334,1.4684171692563919,0.3598012912212869,0.24502661692759334,1.4684171692563919,0.8759250289893802,0.4010112925529148,0.23181179718197148,0.23181179718197148,medium,full_curve,50,0.0012334358041468706,0.355828221037195,0.3551791966764176,0.024733195915804602,0.3388765457926144,0.3721386013523462,0.3161425593199735,0.3966402346567256,0.03326205555973183,0.08049767533675212,0.22998583050993104,0.22908117078729404,0.027945585283322333,0.21207963875547842,0.24864933264865274,0.18517195543066595,0.2762252650497231,0.036569693893174327,0.09105330961905717,1.562146823758599,1.5483472134769833,0.14951801868038408,1.4620100610712214,1.6515033348369426,1.339553008043002,1.8189715698575093,0.18949327376572112,0.47941856181450726,1.0,1.0,-0.003973070184091876,-0.004622094544869282,0.004622094544869282,2.1363757981710372e-05,1.0,1.0,-0.015040786417662294,-0.015945446140299302,0.015945446140299302,0.00025425725261318593,1.0,1.0,0.09372965450220705,0.07993004422059147,0.07993004422059147,0.0063888119691057075
17,0.38668027525126525,0.20805972343966506,1.8585061484203986,0.38668027525126525,0.20805972343966506,1.8585061484203986,0.7461158385659213,0.2724475877517289,0.309951154824718,0.309951154824718,medium,full_curve,50,0.0027134824329100985,0.41752399122293515,0.4175438377699311,0.01209376517811938,0.4091558281050238,0.42495859433212513,0.39783821192038593,0.4382408753833891,0.015802766227101306,0.04040266346300314,0.2277964737334125,0.22731448521506295,0.01050221058375509,0.22068647797345706,0.2346435106423177,0.2114874648715271,0.24599581201067527,0.013957032668860642,0.03450834713914819,1.8353347886255098,1.8332545915896434,0.0686248103933193,1.788119745498708,1.8813732080481493,1.7269588790055574,1.9530020771994105,0.09325346254944145,0.2260431981938531,0.0,0.0,0.030843715971669905,0.030863562518665844,0.030863562518665844,0.0009525594913435951,0.0,0.0,0.01973675029374744,0.019254761775397894,0.019254761775397894,0.0003707458510273239,1.0,1.0,-0.023171359794888824,-0.025251556830755195,0.025251556830755195,0.0006376411223768594
18,0.40754191667196565,0.23687677210781424,1.7204807083679499,0.40754191667196565,0.23687677210781424,1.7204807083679499,0.9526099141776209,0.33757397497816216,0.24533286383984027,0.24533286383984027,medium,full_curve,50,0.002315405966605563,0.42669764422499307,0.42672893498292874,0.014529610228603886,0.4169212337171924,0.43619802263606877,0.4038002718390592,0.450596553530571,0.019276788918876353,0.04679628169151179,0.2471347277778658,0.24674241542156006,0.013895245276056732,0.23731446712357443,0.2561213653513416,0.22566440424710166,0.27053173207555037,0.018806898227767183,0.04486732782844871,1.7299142571299353,1.7287984385200872,0.07503912388453081,1.6780627692907073,1.778504517380783,1.6093232089959895,1.8576697153786104,0.10044174809007567,0.2483465063826209,0.0,1.0,0.019155727553027413,0.01918701831096309,0.01918701831096309,0.00036814167166523287,0.0,1.0,0.010257955670051555,0.009865643313745814,0.009865643313745814,9.73309179940575e-05,1.0,1.0,0.009433548761985433,0.008317730152137326,0.008317730152137326,6.918463488377443e-05
19,0.3026531844582855,0.2345469773720089,1.2903734162314744,0.3026531844582855,0.2345469773720089,1.2903734162314744,0.6070779531046078,0.39176478229508177,0.3324130341943802,0.3324130341943802,medium,full_curve,50,0.00026697455880758604,0.33032457403102056,0.3267596562875274,0.058767514080951426,0.28740109528043645,0.3701599119842236,0.24429081219622314,0.43162849258897573,0.08275881670378715,0.1873376803927526,0.2768553281924216,0.27972392566154186,0.067036875024268,0.23197203829399715,0.3237193001910169,0.1612119361678105,0.3844021109505796,0.09174726189701976,0.2231901747827691,1.2483624386223602,1.2121028209869442,0.3019289522917982,1.0687765834917613,1.3837290865861493,0.8457748972081408,1.758638773109932,0.31495250309438805,0.9128638759017912,1.0,1.0,0.027671389572735072,0.024106471829241916,0.024106471829241916,0.0005811219840540341,1.0,1.0,0.04230835082041268,0.04517694828953295,0.04517694828953295,0.002040956656755134,1.0,1.0,-0.04201097760911421,-0.07827059524453017,0.07827059524453017,0.00612628607993307
20,0.1,0.1496120730319054,0.6683952569701683,0.1,0.1496120730319054,0.6683952569701683,0.38303717670811166,0.4197523624239557,0.21250589730808073,0.21250589730808073,medium,full_curve,50,9.257448522038393e-05,0.21966303734580328,0.19547425913743144,0.09993994183468391,0.13755031788367122,0.27946560549605776,0.10324978497405138,0.41749972826242754,0.14191528761238653,0.3142499432883762,0.33317557837190775,0.3585563009627414,0.1248850304284771,0.24023140728604095,0.4412029855826618,0.09480007822593711,0.49186476876554003,0.20097157829662085,0.3970646905396029,0.7471168744146709,0.6908797479136065,0.3717329951738545,0.4800774586521617,0.9199874025948861,0.2710816184503994,1.469175703916324,0.43990994394272437,1.1980940854659246,0.0,0.0,0.11966303734580327,0.09547425913743143,0.09547425913743143,0.00911533415784141,0.0,1.0,0.18356350534000235,0.20894422793083597,0.20894422793083597,0.04365769038561314,1.0,1.0,0.07872161744450257,0.022484490943438185,0.022484490943438185,0.0005055523329855538
21,0.1,0.1150494866103377,0.8691911884725835,0.1,0.1150494866103377,0.8691911884725835,0.39165956157649406,0.3728237767960459,0.26787100568610783,0.26787100568610783,medium,full_curve,50,8.455610696541517e-05,0.25572173663854614,0.23896321286248356,0.10966370246279082,0.16376278525049726,0.3295480994456081,0.10811623878991888,0.45711823734479734,0.16578531419511083,0.34900199855487846,0.3479071485046095,0.37666819995862844,0.11330550628626358,0.2712396616684766,0.44055416873675735,0.12693036541326808,0.48805180816723864,0.16931450706828077,0.36112144275397057,0.7893371115460388,0.7684922610159604,0.3268450132855538,0.5706528716803666,0.9576244323675336,0.3029946662377812,1.351638813395476,0.386971560687167,1.0486441471576948,0.0,0.0,0.15572173663854613,0.13896321286248356,0.13896321286248356,0.019310774529063917,0.0,0.0,0.23285766189427182,0.26161871334829073,0.26161871334829073,0.06844435117401512,1.0,1.0,-0.07985407692654467,-0.10069892745662312,0.10069892745662312,0.010140273990914246
22,0.36551545850716843,0.13122601115985352,2.7853887752628115,0.36551545850716843,0.13122601115985352,2.7853887752628115,0.697977548664477,0.14991832003914152,0.30248753761477304,0.30248753761477304,medium,full_curve,50,0.008555106790555583,0.360961140699009,0.36069741319653786,0.009324840621975297,0.35492516545329167,0.36699369254775704,0.34590162372389016,0.37656449722634705,0.012068527094465376,0.03066287350245689,0.13351280299540755,0.1330558263342068,0.0059451112399256,0.1292202425866966,0.13750411352359132,0.12441558589749323,0.14382033528716545,0.008283870936894727,0.019404749389672224,2.7079735938509613,2.7062552933780673,0.11965494942890198,2.6269325507750563,2.7853473131264908,2.513625119084561,2.903422484933401,0.15841476235143448,0.38979736584883984,1.0,1.0,-0.004554317808159458,-0.00481804531063057,0.00481804531063057,2.3213560615289224e-05,1.0,1.0,0.002286791835554025,0.0018298151743532665,0.0018298151743532665,3.348223572293475e-06,0.0,1.0,-0.07741518141185022,-0.07913348188474423,0.07913348188474423,0.0062621079552031425
23,0.30661910749456744,0.16226939787906894,1.8895682827582496,0.30661910749456744,0.16226939787906894,1.8895682827582496,0.5631710958878215,0.21089419700231232,0.27854980440686467,0.27854980440686467,medium,full_curve,50,0.0021522456005584173,0.2976512787975535,0.2974240919609641,0.013598970584341093,0.2884414017716468,0.30689068181036283,0.2763144553856911,0.32078358785163824,0.018449280038716043,0.04446913246594714,0.14233497775457418,0.14199772100891836,0.01408736266541659,0.13278027940041345,0.15163020164773483,0.11993442411203102,0.16633159357420396,0.018849922247321377,0.04639716946217294,2.106625153037717,2.095933620954,0.17569679708184008,1.9848978569168316,2.2225465642216378,1.835186764183521,2.408794699487362,0.23764870730480614,0.5736079353038412,1.0,1.0,-0.008967828697013958,-0.009195015533603357,0.009195015533603357,8.454831066320702e-05,0.0,1.0,-0.019934420124494756,-0.02027167687015058,0.02027167687015058,0.000410940883127798,0.0,1.0,0.2170568702794673,0.2063653381957502,0.2063653381957502,0.04258665280864636
24,0.1,0.15288315214408515,0.6540943105735727,0.1,0.15288315214408515,0.6540943105735727,0.3814650908791042,0.4394650615249385,0.34933338940752856,0.34933338940752856,medium,full_curve,50,3.1018148788588845e-05,0.19113571105460425,0.16368968737554584,0.08475556158525117,0.12475939743740747,0.23723777519885592,0.1013363416928863,0.3618619745280089,0.11247837776144845,0.2605256328351226,0.3090800806228757,0.331229772602767,0.13176117821504615,0.20336406493376147,0.42172301315282573,0.07677792223490026,0.48914192938115836,0.21835894821906426,0.4123640071462581,0.746179558949804,0.6624643572697045,0.4086816914855559,0.4428292966952564,0.9284704672846031,0.2526331011523169,1.653953303723427,0.48564117058934675,1.4013202025711102,0.0,0.0,0.09113571105460425,0.06368968737554584,0.06368968737554584,0.004056376277994763,0.0,1.0,0.15619692847879052,0.17834662045868183,0.17834662045868183,0.03180751702903311,1.0,1.0,0.09208524837623133,0.008370046696131839,0.008370046696131839,7.005768169542751e-05
25,0.18989924596588595,0.38642013445027656,0.4914320684558471,0.18989924596588595,0.38642013445027656,0.4914320684558471,0.15695178071660107,0.4370093687861621,0.2940404215622344,0.2940404215622344,medium,full_curve,50,2.437028359368835e-06,0.19504154067458984,0.1679831649901916,0.08812793406487349,0.12510731789681087,0.24204112834560546,0.1016834972744426,0.3780721786100671,0.11693381044879458,0.2763886813356245,0.3121233540285088,0.33128165512283503,0.13206490877439833,0.21019258978890754,0.42935117216548324,0.075258212719378,0.49024235976013747,0.2191585823765757,0.4149841470407595,0.7458216449853651,0.6621403299318955,0.40148288116243963,0.459574220446875,0.9076170812919111,0.2523091937068702,1.6227439500691205,0.4480428608450361,1.3704347563622503,1.0,1.0,0.005142294708703893,-0.021916080975694335,0.021916080975694335,0.00048031460533319115,1.0,1.0,-0.07429678042176774,-0.055138479327441536,0.055138479327441536,0.0030402519025426976,1.0,1.0,0.254389576529518,0.17070826147604845,0.17070826147604845,0.029141310536174928
26,0.1,0.14896478766080096,0.6712995840849596,0.1,0.14896478766080096,0.6712995840849596,0.4077749284898452,0.4380689330414299,0.20758011244867422,0.20758011244867422,medium,full_curve,50,0.0001063897633866476,0.19927881793322968,0.17871557602831023,0.08145797574567819,0.13548111569842916,0.24494582141996515,0.1039722394815865,0.3651778876349316,0.109464705721536,0.26120564815334507,0.29718686982730885,0.31040285484114066,0.1229402157616397,0.2003071662565229,0.4004888003827751,0.07878530613126332,0.47536841150915526,0.20018163412625223,0.39658310537789193,0.7890321645076768,0.7200347369786905,0.39316109901625595,0.5091858022148139,0.9606814398845358,0.28874898753185724,1.6267805379811466,0.4514956376697219,1.3380315504492895,0.0,0.0,0.09927881793322968,0.07871557602831022,0.07871557602831022,0.0061961419094686875,0.0,1.0,0.1482220821665079,0.1614380671803397,0.1614380671803397,0.026062249534923875,1.0,1.0,0.11773258042271717,0.04873515289373087,0.04873515289373087,0.0023751151275753246
27,0.1891080451767687,0.09430492603868351,2.005282789779161,0.1891080451767687,0.09430492603868351,2.005282789779161,0.2945705327602721,0.12157756079057097,0.28908691999940084,0.28908691999940084,medium,full_curve,50,0.0001842781992358644,0.17859488290279565,0.1786584997255281,0.016732509067793336,0.16787622461064006,0.18887914827579302,0.15165850676791215,0.20690246425970713,0.021002923665152967,0.055243957491794976,0.07006499637941838,0.05908970678767034,0.03605075243429788,0.052501536614022425,0.07324823862849486,0.05011055411312199,0.12360897528248355,0.020746702014472436,0.07349842116936156,2.8183851122667005,3.029392779925769,0.6408375167234873,2.5476235346128293,3.2776540896125503,1.4612020482244072,3.4837633367506653,0.730030554999721,2.022561288526258,0.0,1.0,-0.010513162273973059,-0.010449545451240605,0.010449545451240605,0.00010919300013754321,0.0,1.0,-0.024239929659265136,-0.035215219251013175,0.035215219251013175,0.0012401116668969289,0.0,1.0,0.8131023224875396,1.024109990146608,1.024109990146608,1.0488012719180855
28,0.3722022101567626,0.15964295094872316,2.3314666131191273,0.3722022101567626,0.15964295094872316,2.3314666131191273,0.713223794285313,0.19175548917566831,0.2998465084289348,0.2998465084289348,medium,full_curve,50,0.005849389860621889,0.37560103719496146,0.3755502186244804,0.00940521665744588,0.36947276108824145,0.3816530056865828,0.3602034305824169,0.3913659790641366,0.012180244598341328,0.031162548481719732,0.16769995652440084,0.1675606162795653,0.006936114862215502,0.16294349839400546,0.17214051369767297,0.15641060503950405,0.17955682778267643,0.00919701530366751,0.02314622274317238,2.2424169533133984,2.2397536961765754,0.08179976122164921,2.186887182073305,2.295666666745581,2.109400823729632,2.3810697401911596,0.10877948467227627,0.2716689164615276,1.0,1.0,0.0033988270381988817,0.0033480084677178223,0.0033480084677178223,1.1209160699910241e-05,0.0,1.0,0.008057005575677678,0.00791766533084215,0.00791766533084215,6.268942429121972e-05,0.0,1.0,-0.08904965980572888,-0.0917129169425519,0.0917129169425519,0.008411259134111424
29,0.3588010414149853,0.22981143857016242,1.5612845193754001,0.3588010414149853,0.22981143857016242,1.5612845193754001,0.7030975657039238,0.3311753012915889,0.30247770228641724,0.30247770228641724,medium,full_curve,50,0.0011513471716708922,0.372140495688301,0.37188866607606313,0.022221450788099666,0.3565666008717191,0.38714787847257925,0.3365584007731335,0.4086905371679175,0.030581277600860157,0.072132136394784,0.22799675599610025,0.22726057029849703,0.023370549886979765,0.21161147761036178,0.24356173013143478,0.19180395140112777,0.2675279381737395,0.031950252521073,0.07572398677261172,1.6429968440230067,1.639096467337839,0.12961111114844504,1.5542816217013642,1.721913804758395,1.4445849493226188,1.874158164611588,0.16763218305703087,0.4295732152889691,1.0,1.0,0.013339454273315676,0.013087624661077824,0.013087624661077824,0.0001712859192692524,1.0,1.0,-0.0018146825740621708,-0.0025508682716653963,0.0025508682716653963,6.506928939389206e-06,1.0,1.0,0.08171232464760658,0.07781194796243884,0.07781194796243884,0.006054699245709291
30,0.16371637259584462,0.12017292791676173,1.3623398833158449,0.16371637259584462,0.12017292791676173,1.3623398833158449,0.274343409135228,0.18656490912743934,0.31785373256903365,0.31785373256903365,medium,full_curve,50,2.102611890838407e-05,0.2428698401293657,0.23541722827535663,0.06464314826248636,0.1972369616509062,0.28104280701624895,0.14821277698339191,0.36461354614431674,0.08380584536534275,0.21640076916092482,0.23562267069221976,0.2345842414860023,0.09532044113825777,0.16129498713253002,0.3055129489242865,0.08315554712771916,0.3946443746870991,0.14421796179175647,0.31148882755937995,1.1980798374457398,1.1061084891379291,0.5006859381905229,0.8617603998795462,1.450929423824016,0.5197973311880599,2.280410563593301,0.5891690239444698,1.7606132324052413,0.0,1.0,0.07915346753352107,0.07170085567951201,0.07170085567951201,0.005141012705174209,0.0,1.0,0.11544974277545803,0.11441131356924056,0.11441131356924056,0.013089948672639089,1.0,1.0,-0.16426004587010512,-0.25623139417791574,0.25623139417791574,0.06565452736235843
31,0.3620368429761064,0.13491083088828562,2.683526893966689,0.3620368429761064,0.13491083088828562,2.683526893966689,0.8161120191963066,0.15661384300193715,0.22941460122625557,0.22941460122625557,medium,full_curve,50,0.007231136186935161,0.35750453788235975,0.35734787102696647,0.009621056031055918,0.351084213922761,0.3639585706095374,0.34177667786421145,0.3733319734051242,0.01287435668677639,0.03155529554091274,0.134867592262465,0.13461643847107502,0.006304690221687561,0.13054439726173686,0.1389555564473289,0.12485949881133632,0.14534688979802346,0.008411159185592043,0.020487390986687143,2.6554708373565163,2.651159558134138,0.12124289726799091,2.573976785950612,2.737944832644719,2.455868490942835,2.8571653834546646,0.16396804669410692,0.40129689251182965,1.0,1.0,-0.004532305093746636,-0.0046889719491399195,0.0046889719491399195,2.1986457939821015e-05,1.0,1.0,-4.323862582061855e-05,-0.00029439241721060383,0.00029439241721060383,8.666689531110223e-08,1.0,1.0,-0.028056056610172853,-0.03236733583255136,0.03236733583255136,0.0010476444288971631
32,0.3931122117655797,0.251340263433022,1.5640638168995058,0.3931122117655797,0.251340263433022,1.5640638168995058,0.7767119178831637,0.3616089290736841,0.3210878003752593,0.3210878003752593,medium,full_curve,50,0.0012451590411341922,0.41871936616502203,0.4186369986025236,0.02084604044760695,0.4045259211873927,0.43247727482430454,0.38475863932905313,0.45285723254673893,0.027951353636911813,0.0680985932176858,0.2710411551325841,0.27131012819052747,0.020918682208459417,0.25737301103190163,0.2840564810031379,0.23658464267693782,0.3062873972994563,0.026683469971236273,0.06970275462251849,1.5500088875927167,1.5459664818409202,0.08728677994451038,1.4933665921599202,1.604619088526297,1.4137269998960376,1.6995164290364062,0.1112524963663768,0.28578942914036864,0.0,1.0,0.025607154399442333,0.025524786836943925,0.025524786836943925,0.0006515147430714259,0.0,1.0,0.019700891699562073,0.01996986475750545,0.01996986475750545,0.00039879549843305825,1.0,1.0,-0.014054929306789088,-0.018097335058585573,0.018097335058585573,0.0003275135362227105
33,0.35813194063015524,0.26626032002858935,1.3450443558082605,0.35813194063015524,0.26626032002858935,1.3450443558082605,0.8054252411554398,0.45378593560292485,0.289018212467991,0.289018212467991,medium,full_curve,50,0.0006415788131345522,0.4133146060083631,0.4133340820675782,0.06590941726357881,0.3679581369893843,0.45867309330598016,0.3079985499704069,0.5222157695535363,0.09071495631659587,0.21421721958312945,0.3303815250278353,0.3329967332305763,0.06007859450776907,0.29252015134668835,0.37140080283266613,0.22819005667338835,0.42455293948880946,0.07888065148597778,0.1963628828154211,1.2729979919289818,1.2582772114182155,0.2005954541457258,1.1582005614284738,1.3752989249036927,0.9837966690903884,1.6027071716002792,0.21709836347521883,0.6189105025098908,0.0,1.0,0.055182665378207874,0.05520214143742297,0.05520214143742297,0.00304727641927725,0.0,1.0,0.06412120499924595,0.06673641320198698,0.06673641320198698,0.004453748847066342,1.0,1.0,-0.07204636387927876,-0.08676714439004507,0.08676714439004507,0.00752853734560293
34,0.3753165630178444,0.10425775189164026,3.5998911947375163,0.3753165630178444,0.10425775189164026,3.5998911947375163,0.7781494576444906,0.11297864664542902,0.2857628876980231,0.2857628876980231,medium,full_curve,50,0.010105246788153523,0.36155687910105017,0.3614025712620463,0.009503449148399517,0.35510166352295147,0.3680035598429834,0.345764131787672,0.3771010650280956,0.012901896320031914,0.03133693324042358,0.10791159459244293,0.10758915420011275,0.005224820430876757,0.10429374831902138,0.11132414025476038,0.09949780599558736,0.11674116087577374,0.007030391935738997,0.017243354880186385,3.3578219613356324,3.3539394905920394,0.1757845827146971,3.2348332172317433,3.469555459224928,3.0851236704424365,3.657588784106696,0.2347222419931847,0.5724651136642596,0.0,1.0,-0.013759683916794219,-0.013913991755798105,0.013913991755798105,0.00019359916658041765,0.0,1.0,0.0036538427008026703,0.0033314023084724947,0.0033314023084724947,1.1098241340895867e-05,0.0,1.0,-0.2420692334018839,-0.24595170414547685,0.24595170414547685,0.06049224077206417
35,0.23136566555425783,0.30848450866254884,0.7500074041233257,0.23136566555425783,0.30848450866254884,0.7500074041233257,0.21400475145919554,0.32698251708873605,0.3063894524142081,0.3063894524142081,medium,full_curve,50,7.740064137840303e-06,0.21580506574348532,0.19323245119149346,0.09614712031503472,0.13800711978595379,0.2691929854636722,0.10329965689792166,0.40698475927835087,0.13118586567771842,0.30368510238042923,0.3218964998744486,0.33803759887943885,0.12516881078561337,0.22888611358026767,0.4334449652683314,0.09892406108347614,0.48865378985040386,0.2045588516880637,0.38972972876692774,0.7647140558564735,0.702713717621718,0.3734166290362304,0.49344109145354126,0.9491040660558948,0.28657636079143434,1.4933885222488203,0.45566297460235355,1.206812161457386,1.0,1.0,-0.015560599810772513,-0.03813321436276437,0.03813321436276437,0.0014541420376365391,1.0,1.0,0.013411991211899787,0.02955309021689001,0.02955309021689001,0.00087338514136764,1.0,1.0,0.01470665173314778,-0.0472936865016077,0.0472936865016077,0.0022366927829123506
36,0.1,0.1083703421291869,0.9227616895477849,0.1,0.1083703421291869,0.9227616895477849,0.4051365079337408,0.36328753196458413,0.23054334447846084,0.23054334447846084,medium,full_curve,50,0.0001299536179776742,0.24879467953726056,0.23161171760986687,0.10532100155745772,0.1641803035484565,0.3222058776192213,0.10900207319408546,0.44468569871607216,0.1580255740707648,0.3356836255219867,0.333578321821896,0.35577235526607354,0.11588090956459358,0.2516150380417298,0.42948164855672655,0.11134602011458358,0.4848267926474373,0.17786661051499675,0.3734807725328537,0.8183057054883008,0.7857793271456208,0.35518705301318326,0.5765261255099847,0.99309479650686,0.309558224018675,1.4977402390978634,0.4165686709968752,1.1881820150791884,0.0,0.0,0.14879467953726055,0.13161171760986687,0.13161171760986687,0.01732164421221934,0.0,0.0,0.22520797969270911,0.24740201313688664,0.24740201313688664,0.06120775610418423,1.0,1.0,-0.10445598405948409,-0.1369823624021641,0.1369823624021641,0.01876416760927782
37,0.1,0.15573837956047995,0.6421024816247409,0.1,0.15573837956047995,0.6421024816247409,0.33723943067739903,0.3927348455559877,0.22422222818651655,0.22422222818651655,medium,full_curve,50,6.406378139920614e-05,0.22133628553990367,0.20326249673259394,0.09346300344956043,0.1444808254047641,0.2749968322694931,0.10659755863033357,0.41014108099643576,0.13051600686472903,0.30354352236610216,0.3211313107102657,0.339195236048464,0.12000531217023105,0.23256571970373388,0.42248476543290675,0.0959742098736719,0.48148241660258134,0.18991904572917287,0.38550820672890945,0.7781729311296669,0.7268249773730031,0.36512943077713605,0.5245624626507577,0.9423911083377101,0.30269168282808184,1.546639429694746,0.41782864568695244,1.2439477468666642,0.0,0.0,0.12133628553990367,0.10326249673259394,0.10326249673259394,0.010663143231448974,0.0,1.0,0.16539293114978573,0.18345685648798407,0.18345685648798407,0.03365641819245278,1.0,1.0,0.13607044950492597,0.08472249574826218,0.08472249574826218,0.007177901285814304
38,0.41873229902464065,0.14973973299384816,2.7964007324752185,0.41873229902464065,0.14973973299384816,2.7964007324752185,0.8038352333217442,0.17034217393499862,0.3413756815086906,0.3413756815086906,medium,full_curve,50,0.00834170371634462,0.42135641876152785,0.4212254844796965,0.009701283783312876,0.4146469308327412,0.42788192413088844,0.4060509960381421,0.4376893914211098,0.013234993298147257,0.0316383953829677,0.15413574102749653,0.15398068295090098,0.0059255837574144305,0.15017923222919607,0.15798614646751846,0.14469637113825384,0.1644470416070272,0.007806914238322388,0.01975067046877335,2.736905125364482,2.7316759484488315,0.10338007240948048,2.664604851088203,2.8033454838410594,2.5759224572340407,2.9095444517270597,0.1387406327528562,0.333621994493019,1.0,1.0,0.0026241197368871982,0.0024931854550558352,0.0024931854550558352,6.2159737133019724e-06,0.0,1.0,0.004396008033648369,0.00424094995705282,0.00424094995705282,1.7985656538226313e-05,1.0,1.0,-0.059495607110736426,-0.06472478402638693,0.06472478402638693,0.004189297667262433
39,0.27088688058847327,0.1570108415506138,1.725275005937412,0.27088688058847327,0.1570108415506138,1.725275005937412,0.4289367662643344,0.2019389584120258,0.34999346406402604,0.34999346406402604,medium,full_curve,50,0.000538504884550603,0.27505238023248146,0.2739842756884152,0.016047854105982425,0.2640953884014,0.28597823769138603,0.25063962947486285,0.30284736018270697,0.021882849289986017,0.052207730707844124,0.13390442832231925,0.13331888773913853,0.018475818378795344,0.12214279955095801,0.14539756342090365,0.10472306038410403,0.16475003472019714,0.02325476386994564,0.06002697433609311,2.0861282443102147,2.06698403155713,0.25663310432506786,1.9204617637175125,2.2250681715690455,1.709104653217424,2.5439188013357374,0.3046064078515329,0.8348141481183133,1.0,1.0,0.004165499644008197,0.0030973950999419464,0.0030973950999419464,9.593856405144381e-06,0.0,1.0,-0.023106413228294542,-0.023691953811475264,0.023691953811475264,0.0005613086754050773,0.0,1.0,0.3608532383728027,0.34170902561971794,0.34170902561971794,0.11676505818997705
40,0.3745394185163811,0.15231049454151982,2.4590519493998606,0.3745394185163811,0.15231049454151982,2.4590519493998606,0.7749219262003795,0.18104667349244824,0.2666878826272404,0.2666878826272404,medium,full_curve,50,0.0067022592445780856,0.3753514589207283,0.3752742612741271,0.009434770469375072,0.36882379151171546,0.38155986154811383,0.36018223654941084,0.3911421306716379,0.012736070036398373,0.03095989412222705,0.159777807209,0.15967510425440098,0.006547175443883001,0.15529294332222457,0.16397900723022785,0.14929769887660166,0.17099613519170087,0.008686063908003278,0.021698436315099212,2.352140159071455,2.3503494003601184,0.08961841193241152,2.2917056966251166,2.410206023288531,2.202745530640626,2.506623698546106,0.11850032666341459,0.3038781679054803,1.0,1.0,0.0008120404043471807,0.0007348427577459904,0.0007348427577459904,5.399938786117323e-07,0.0,1.0,0.007467312667480186,0.007364609712881165,0.007364609712881165,5.42374762230636e-05,0.0,1.0,-0.10691179032840559,-0.10870254903974219,0.10870254903974219,0.011816244167737557
41,0.41062210206106786,0.1938752574248518,2.1179706349080134,0.41062210206106786,0.1938752574248518,2.1179706349080134,0.9325853516917011,0.24528076130671794,0.24967737839024107,0.24967737839024107,medium,full_curve,50,0.004400580990511806,0.40385086578333584,0.4033332178570366,0.010634778005350856,0.3966294481693057,0.4111124329913018,0.3871569940899694,0.4216824029728228,0.014482984821996114,0.03452540888285338,0.1924572950112532,0.19222021448423535,0.008246242714814691,0.18695900897309045,0.19773993329258555,0.17917651720204672,0.2063547055735128,0.010780924319495094,0.027178188371466072,2.100960649385031,2.097125059797461,0.07611140260342954,2.0485670466200787,2.15269311590019,1.9762774004736972,2.230284981031634,0.10412606928011137,0.2540075805579367,1.0,1.0,-0.006771236277732018,-0.007288884204031287,0.007288884204031287,5.312783293977681e-05,1.0,1.0,-0.0014179624135985947,-0.0016550429406164413,0.0016550429406164413,2.739167135284317e-06,1.0,1.0,-0.017009985522982607,-0.020845575110552517,0.020845575110552517,0.0004345380016896866
42,0.14384435969150675,0.21479998017742333,0.6696665408101634,0.14384435969150675,0.21479998017742333,0.6696665408101634,0.1257989918880074,0.2335029113278166,0.3248563969724352,0.3248563969724352,medium,full_curve,50,9.583879370750403e-10,0.2617275580839408,0.2452897242504979,0.11639813568774247,0.16354737074639814,0.3431811170670025,0.10985490036664358,0.4781725371807753,0.17963374632060436,0.3683176368141317,0.3577300453346538,0.3866296350271412,0.11462437462034711,0.2864961313114792,0.4516640023725109,0.12383757090745162,0.4918062389083579,0.1651678710610317,0.3679686680009063,0.7858065796192195,0.7617114648223394,0.33894974641131764,0.5497999904019081,0.9707616891549791,0.29541886698184333,1.3771666350037195,0.420961698753071,1.081747768021876,0.0,1.0,0.11788319839243408,0.10144536455899114,0.10144536455899114,0.010291161990506616,0.0,1.0,0.14293006515723047,0.17182965484971788,0.17182965484971788,0.029525430285773174,1.0,1.0,0.1161400388090561,0.09204492401217601,0.09204492401217601,0.008472268036407255
43,0.39592008496701464,0.2901719772992739,1.3644325294674322,0.39592008496701464,0.2901719772992739,1.3644325294674322,0.9166873629942611,0.4925318933978054,0.29122001876051123,0.29122001876051123,medium,full_curve,50,0.0007925722058326286,0.419325263243711,0.419255796007371,0.04772622873613589,0.3847939746991025,0.45048354252809397,0.3456176681026049,0.5009609798575918,0.06568956782899149,0.1553433117549869,0.32052458540539397,0.3220765560124683,0.04315884890430827,0.2921267742850178,0.34898521316238335,0.24757785452000602,0.39041243947141463,0.056858438877365525,0.1428345849514086,1.3194456626835052,1.310705631132183,0.1404068295829385,1.2316615395718822,1.3974405112511774,1.1078032675032816,1.5605239627639893,0.16577897167929523,0.4527206952607077,1.0,1.0,0.02340517827669636,0.023335711040356366,0.023335711040356366,0.00054455540975901,0.0,1.0,0.03035260810612006,0.03190457871319441,0.03190457871319441,0.001017902142866418,1.0,1.0,-0.04498686678392705,-0.05372689833524924,0.05372689833524924,0.0028865796047262077
44,0.1291403029860993,0.10136347855509843,1.2740318784137044,0.1291403029860993,0.10136347855509843,1.2740318784137044,0.32399551266129123,0.24033645239511953,0.29133526200820825,0.29133526200820825,medium,full_curve,50,4.2400190798918156e-05,0.2921232939437117,0.2826957095027383,0.09026150496302028,0.22538632912716508,0.35015376950089044,0.15808246195401132,0.4563216274473438,0.12476744037372536,0.29823916549333246,0.29758544576781853,0.3064893408010517,0.10181847225849326,0.22285606348739917,0.37747882693324275,0.11348788764791115,0.4486313682338793,0.15462276344584358,0.3351434805859681,1.0814807841503433,1.0194343962866772,0.4129600468521152,0.8357087077673924,1.2427047464902858,0.5226450978768248,1.888026025067887,0.40699603872289347,1.3653809271910622,0.0,0.0,0.16298299095761243,0.15355540651663901,0.15355540651663901,0.023579262870490263,0.0,0.0,0.19622196721272012,0.2051258622459533,0.2051258622459533,0.04207661936214581,0.0,1.0,-0.19255109426336103,-0.25459748212702715,0.25459748212702715,0.06481987790542192
45,0.22971803358799375,0.11149988621098478,2.060253524862901,0.22971803358799375,0.11149988621098478,2.060253524862901,0.36250343403631957,0.13888868348781958,0.3081355192161362,0.3081355192161362,medium,full_curve,50,0.0007052660821968098,0.2193684949149702,0.21899618928517836,0.012809521960559813,0.21084244014821601,0.22767763398138216,0.1992344482339611,0.24074674150086744,0.016835193833166145,0.041512293266906336,0.08237703565103058,0.08014604576874701,0.018142725834817488,0.06981934271044976,0.09192408764864796,0.05814715173976716,0.11273221003223156,0.022104744938198195,0.054585058292464406,2.7671319525251077,2.7663271588343274,0.5024134958939745,2.4241757251756337,3.117023788656359,1.9615668068326404,3.5927716652459143,0.6928480634807253,1.631204858413274,0.0,1.0,-0.010349538673023545,-0.010721844302815392,0.010721844302815392,0.00011495794525381488,0.0,1.0,-0.0291228505599542,-0.03135384044223777,0.03135384044223777,0.0009830633104773046,0.0,1.0,0.7068784276622067,0.7060736339714264,0.7060736339714264,0.49853997658961585
46,0.1,0.12218667777332999,0.8184198295784033,0.1,0.12218667777332999,0.8184198295784033,0.46238154511834206,0.43990615472524097,0.23955998475641194,0.23955998475641194,medium,full_curve,50,0.00013363244845950552,0.2746130233903429,0.25940218299065354,0.1142624152355598,0.1816374072921867,0.3496773047990642,0.11656016074540695,0.49061012158175055,0.16803989750687753,0.37404996083634356,0.35304036206148404,0.37375555812302996,0.10808696591700706,0.28178837950507984,0.4441640669050619,0.14517499935673756,0.4879144150979264,0.16237568739998204,0.3427394157411888,0.8241206029526255,0.8110161643955015,0.32574396248132814,0.6010296077460485,1.005762224325287,0.3320056489716055,1.3553729552910472,0.40473261657923854,1.0233673063194417,0.0,0.0,0.17461302339034288,0.15940218299065353,0.15940218299065353,0.025409055942185794,0.0,0.0,0.23085368428815406,0.2515688803497,0.2515688803497,0.06328690156040166,1.0,1.0,0.005700773374222146,-0.0074036651829018085,0.0074036651829018085,5.481425814051247e-05
47,0.3378723937209347,0.07724709232584367,4.37391730287687,0.3378723937209347,0.07724709232584367,4.37391730287687,0.6911234309059281,0.08192255879629959,0.276006645550822,0.276006645550822,medium,full_curve,50,0.009832463308889962,0.3274721833079414,0.3274208244695447,0.010512062165786002,0.3200872659221215,0.334573891823067,0.3103115867626262,0.3445973236744605,0.014486625900945516,0.034285736911834286,0.0790390098457716,0.07863088090745107,0.005314463424016898,0.07520683175122923,0.0825409195066197,0.07133182146946626,0.08842954270327999,0.0073340877553904615,0.01709772123381373,4.161301197255125,4.164371080137331,0.302617743660023,3.943735877095557,4.35888759374779,3.676498502998861,4.665624038743284,0.41515171665223294,0.9891255357444235,0.0,1.0,-0.010400210412993272,-0.010451569251390014,0.010451569251390014,0.00010923529981660121,1.0,1.0,0.0017919175199279241,0.001383788581607398,0.001383788581607398,1.9148708385870145e-06,0.0,1.0,-0.21261610562174482,-0.20954622273953927,0.20954622273953927,0.043909619464408606
48,0.3997248232561326,0.2581723973905854,1.5482864446248084,0.3997248232561326,0.2581723973905854,1.5482864446248084,0.8645012271371765,0.3864955117398511,0.28518293757980934,0.28518293757980934,medium,full_curve,50,0.0013893840161026561,0.39851208499402846,0.39849935432721106,0.017397907162317993,0.38667902329638826,0.4104196483019458,0.3698944020686232,0.4262182472890535,0.02374062500555757,0.056323845220430324,0.24868668526711307,0.24858456016391828,0.017373340875467574,0.2370609883925277,0.26015691481042075,0.22072475533898728,0.27716775262776727,0.023095926417893042,0.056442997288779995,1.6069820074878958,1.60108077773807,0.08290555447922539,1.5460511666315089,1.6615882825257344,1.4826928439094693,1.7505589657364256,0.11553711589422555,0.26786612182695624,1.0,1.0,-0.0012127382621041627,-0.0012254689289215581,0.0012254689289215581,1.5017740957521508e-06,1.0,1.0,-0.009485712123472323,-0.009587837226667117,0.009587837226667117,9.19266226850638e-05,1.0,1.0,0.058695562863087414,0.05279433311326165,0.05279433311326165,0.0027872416088740356
49,0.2553539160189005,0.20255994322678872,1.2606338249858362,0.2553539160189005,0.20255994322678872,1.2606338249858362,0.5035029504456945,0.3463906922384634,0.3389590462902082,0.3389590462902082,medium,full_curve,50,0.00014178926770327775,0.29199620081995176,0.28416810473692766,0.08282612893784297,0.23396824818213027,0.3452158998867617,0.16631447775386532,0.4434137585528561,0.11124765170463144,0.27709928079899077,0.29436590316592903,0.30019523580325824,0.09295848443966237,0.22861108251827172,0.3658399409322667,0.12608023881325736,0.43573460515031603,0.13722885841399496,0.3096543663370587,1.0732663495340542,1.034029356464385,0.36568567069879465,0.8503871985284214,1.2485394776948984,0.556427221525778,1.7335061258379405,0.398152279166477,1.1770789043121626,1.0,1.0,0.03664228480105125,0.028814188718027156,0.028814188718027156,0.0008302574714780834,0.0,1.0,0.09180595993914031,0.09763529257646952,0.09763529257646952,0.009532650356492804,0.0,1.0,-0.187367475451782,-0.22660446852145122,0.22660446852145122,0.05134958515388938
50,0.1,0.17199217243375872,0.5814218088239692,0.1,0.17199217243375872,0.5814218088239692,0.41107838158506704,0.48072217355810354,0.233773198331281,0.233773198331281,medium,full_curve,50,7.162555186011996e-05,0.28552356819212293,0.2669450074251538,0.12785893259966377,0.17575334682636604,0.3757030216155376,0.11265154086935475,0.5190620518367912,0.19994967478917156,0.40641051096743647,0.3643336743393086,0.40065167214308633,0.11555648745058024,0.2939543563079577,0.46094542291678375,0.12968227234599924,0.4946498355909406,0.16699106660882607,0.3649675632449414,0.8316646360291864,0.8094748908251874,0.3433250031816377,0.5909172680362105,1.0143338047520327,0.3282526130499099,1.4389052996471383,0.42341653671582224,1.1106526865972284,0.0,0.0,0.18552356819212293,0.1669450074251538,0.1669450074251538,0.02787063550418466,0.0,1.0,0.19234150190554986,0.2286594997093276,0.2286594997093276,0.05228516680732,0.0,1.0,0.2502428272052172,0.2280530820012182,0.2280530820012182,0.052008208210254356
51,0.23567485279753303,0.16977597916457882,1.388151927953675,0.23567485279753303,0.16977597916457882,1.388151927953675,0.39604067424663036,0.249279432881369,0.3437501499973391,0.3437501499973391,medium,full_curve,50,0.00010537135478630514,0.24745942675260874,0.24475311269286165,0.03635643114817104,0.22378246501326887,0.2698253845746644,0.19329957093689354,0.3099571266803419,0.0460429195613955,0.11665755574344838,0.1740827757441315,0.17132692414745848,0.05608459067455023,0.1343528806833871,0.20906651194743336,0.0870745043546411,0.2703606581949227,0.07471363126404626,0.18328615384028163,1.5552917318447625,1.4920235929875045,0.47262536484413775,1.2387046254544334,1.7936292172331738,0.9287969103914057,2.468845509454352,0.5549245917787404,1.5400485990629464,1.0,1.0,0.011784573955075706,0.009078259895328622,0.009078259895328622,8.241480272713204e-05,1.0,1.0,0.004306796579552685,0.001550944982879665,0.001550944982879665,2.4054303399196045e-06,1.0,1.0,0.16713980389108762,0.10387166503382961,0.10387166503382961,0.0107893227969001
52,0.39159931576744966,0.20278183271586825,1.931136091052825,0.39159931576744966,0.20278183271586825,1.931136091052825,0.755662016173611,0.26109730998833136,0.31173757048286116,0.31173757048286116,medium,full_curve,50,0.003167118261807526,0.3941761214778062,0.39432189426416353,0.011938019026368615,0.3860702116265534,0.4022016147602442,0.37445620290294307,0.41366291051197435,0.01613140313369077,0.03920670760903128,0.20341885602684245,0.20309496444945177,0.010077716892394025,0.19641904270643218,0.21007875985290503,0.18784642519685973,0.2202353635179581,0.01365971714647285,0.032388938321098376,1.9408297024286612,1.937421657354514,0.07865313257926448,1.8852736297124055,1.9924732821514923,1.819881628069337,2.0778604690561036,0.1071996524390868,0.2579788409867665,1.0,1.0,0.002576805710356511,0.0027225784967138678,0.0027225784967138678,7.412433670768744e-06,1.0,1.0,0.0006370233109742052,0.00031313173358352153,0.00031313173358352153,9.805148257702151e-08,1.0,1.0,0.00969361137583613,0.006285566301688972,0.006285566301688972,3.950834373292798e-05
53,0.3721016087340219,0.1140818520922201,3.261707290947792,0.3721016087340219,0.1140818520922201,3.261707290947792,0.7520762188344363,0.12594738265441055,0.2884689988743966,0.2884689988743966,medium,full_curve,50,0.010008608708686162,0.37588730787843416,0.3758678068848396,0.009307252006635267,0.3696264304663641,0.38227770928977584,0.36069804853397014,0.39133986479045757,0.012651278823411716,0.03064181625648743,0.1172680390492849,0.11703694958534357,0.005455239452320398,0.11356862770014454,0.12084605233413667,0.10837111543271685,0.1267848543064274,0.007277424633992127,0.01841373887371056,3.2114919182870687,3.207465798899082,0.15345468215378882,3.106228499453708,3.307159989188371,2.9663665775738073,3.4769897237758145,0.20093148973466324,0.5106231462020072,1.0,1.0,0.0037856991444122357,0.00376619815081769,0.00376619815081769,1.4184248511222588e-05,1.0,1.0,0.003186186957064796,0.0029550974931234625,0.0029550974931234625,8.732601193864572e-06,1.0,1.0,-0.05021537266072329,-0.05424149204870998,0.05424149204870998,0.0029421394596702683
54,0.2544249170216919,0.12295475119151511,2.0692564911574505,0.2544249170216919,0.12295475119151511,2.0692564911574505,0.41660446906439763,0.15277801673715963,0.3022207855519694,0.3022207855519694,medium,full_curve,50,0.0013657010743392997,0.24020863320036975,0.23997659165048507,0.012629406139930247,0.2315284919463782,0.24875888997978995,0.22009696719353447,0.26156683090338595,0.017230398033411753,0.04146986370985148,0.09345345143667555,0.09197619719941802,0.015608690094343864,0.08273810204311274,0.10266034437656371,0.0702324902510628,0.12018195473692618,0.019922242333450968,0.049949464485863376,2.63101517621241,2.61807637427978,0.3862055025615481,2.3796033633057654,2.881918101274105,2.0082909417957677,3.2561974103999103,0.5023147379683395,1.2479064686041426,0.0,1.0,-0.014216283821322145,-0.014448325371206827,0.014448325371206827,0.0002087541060322589,0.0,0.0,-0.02950129975483956,-0.03097855399209709,0.03097855399209709,0.0009596708074412746,0.0,1.0,0.5617586850549596,0.5488198831223294,0.5488198831223294,0.3012032641104073
55,0.23908621026733357,0.19941198033365198,1.1989561001665971,0.23908621026733357,0.19941198033365198,1.1989561001665971,0.6730153192514028,0.46312699311867817,0.2803725041449837,0.2803725041449837,medium,full_curve,50,0.0002517584334742148,0.28628262058075693,0.27952127383972836,0.07308859886463367,0.23523270750799086,0.33109172121200503,0.1782345115273127,0.4190686108662495,0.09585901370401417,0.24083409933893682,0.2760403781759959,0.2784945455335286,0.08732104890365662,0.21453301637781294,0.3403518197937393,0.12416432312798567,0.4126139217674287,0.12581880341592636,0.2884495986394431,1.1284931926006967,1.0826505266237927,0.3841842339965863,0.8913428893914624,1.3030385902244588,0.6008955352997413,1.8287392738350485,0.41169570083299634,1.2278437385353071,1.0,1.0,0.047196410313423365,0.04043506357239479,0.04043506357239479,0.0016349943661036082,0.0,1.0,0.07662839784234393,0.07908256519987661,0.07908256519987661,0.006254052118592735,1.0,1.0,-0.07046290756590046,-0.11630557354280446,0.11630557354280446,0.013526986437120697
56,0.1,0.1132151667432908,0.8832738834960562,0.1,0.1132151667432908,0.8832738834960562,0.25733237533208636,0.2507639125925823,0.20216655889818178,0.20216655889818178,medium,full_curve,50,6.980803977863905e-05,0.2987638816752956,0.2893012096849571,0.1240506175760439,0.19675079779246527,0.3881968603441369,0.12010590641221446,0.5198066654613035,0.19144606255167165,0.399700759049089,0.3691190802337317,0.3989638698944469,0.11002439403372598,0.3062535308283707,0.45775414134210585,0.13907577463449047,0.49272015127808194,0.15150061051373515,0.3536443766435915,0.8587600411426747,0.846751498909502,0.3471080665404268,0.6232462452452345,1.0404114534039395,0.33921974485681566,1.4938703995301637,0.41716520815870495,1.154650654673348,0.0,0.0,0.1987638816752956,0.1893012096849571,0.1893012096849571,0.03583494798818809,0.0,0.0,0.2559039134904409,0.2857487031511561,0.2857487031511561,0.08165232135256752,1.0,1.0,-0.0245138423533815,-0.03652238458655421,0.03652238458655421,0.0013338845758881727
57,0.11915349963822139,0.10785893112246946,1.1047161176011229,0.11915349963822139,0.10785893112246946,1.1047161176011229,0.6043523060765108,0.48013275095245417,0.3257796616879728,0.3257796616879728,medium,full_curve,50,0.00011160615771808619,0.3308707536832823,0.3245889007326642,0.10810982671755787,0.25085823143285846,0.4035028273317698,0.1602115016611174,0.520347009955446,0.15264459589891133,0.3601355082943286,0.3540397817694127,0.3705785841328329,0.09280974471031726,0.2949683269076945,0.4269513016175643,0.16725416981036967,0.47696260700456555,0.1319829747098698,0.3097084371941959,0.972430724181637,0.9722041628977766,0.3038163135705587,0.7873112846218824,1.1325648301744047,0.4895827318001826,1.464194991503004,0.3452535455525223,0.9746122597028213,0.0,0.0,0.2117172540450609,0.20543540109444283,0.20543540109444283,0.042203704022834604,0.0,0.0,0.24618085064694323,0.26271965301036343,0.26271965301036343,0.06902161607788576,1.0,1.0,-0.13228539341948586,-0.1325119547033463,0.1325119547033463,0.017559418139301706
58,0.23206891334587598,0.31204153941394497,0.7437116025697473,0.23206891334587598,0.31204153941394497,0.7437116025697473,0.21772035194527417,0.33638471990303664,0.34952267549957683,0.34952267549957683,medium,full_curve,50,4.411883811079437e-06,0.221687267422038,0.19825448998224016,0.09819789602833112,0.1396922864794318,0.28336908920573944,0.10649151425885643,0.4174189687542699,0.14367680272630765,0.3109274544954135,0.32007596614183614,0.3395953178510087,0.12576559053824143,0.22581477308311593,0.42861620660778793,0.08755662930272676,0.4879958003195048,0.202801433524672,0.40043917101677806,0.7929444471832122,0.7426793804343603,0.3840942198569534,0.5158429007261652,0.9649991217785434,0.29172002889336635,1.5647992912302102,0.4491562210523782,1.2730792623368439,1.0,1.0,-0.010381645923837973,-0.033814423363635826,0.033814423363635826,0.0011434152274152004,1.0,1.0,0.008034426727891175,0.027553778437063747,0.027553778437063747,0.0007592107061587991,1.0,1.0,0.04923284461346489,-0.0010322221353870065,0.0010322221353870065,1.0654825367829115e-06
59,0.1137473062675895,0.0662347157286931,1.7173366718068932,0.1137473062675895,0.0662347157286931,1.7173366718068932,0.2235556594616107,0.12400413065381383,0.22105598212371144,0.22105598212371144,medium,full_curve,50,3.535618055136704e-05,0.22982572023280737,0.22314170230939315,0.0609128603012175,0.18686100976328396,0.2659808597103776,0.14059401100517108,0.33815275597872796,0.07911984994709365,0.19755874497355688,0.2100131367399865,0.19930796934829584,0.09557196787357966,0.1339365025208882,0.27700435039204985,0.0704649811875129,0.3828313263404286,0.14306784787116164,0.3123663451529157,1.3136012413830922,1.21562650330438,0.5711251204680857,0.8991313234301465,1.6447835794450416,0.5169918091657162,2.441111245569188,0.7456522560148952,1.9241194364034717,0.0,0.0,0.11607841396521787,0.10939439604180365,0.10939439604180365,0.011967133885350987,0.0,0.0,0.1437784210112934,0.13307325361960273,0.13307325361960273,0.017708490828907113,0.0,1.0,-0.403735430423801,-0.5017101685025132,0.5017101685025132,0.2517130931788201
60,0.1783709025712361,0.29475476028515923,0.6051502014714604,0.1783709025712361,0.29475476028515923,0.6051502014714604,0.1660396955799766,0.32566602305074127,0.20322170064452355,0.20322170064452355,medium,full_curve,50,1.0888183672345638e-05,0.24490318821339657,0.22522756886116901,0.10289842693557048,0.16325940656495075,0.30943246209257713,0.11010178700968126,0.4411000533435274,0.14617305552762638,0.33099826633384616,0.3356677317344245,0.3586022472361113,0.11253016572769887,0.2544930167807999,0.42728380159515655,0.12310605456249732,0.4847885330257645,0.17279078481435667,0.3616824784632672,0.7927657020738668,0.766663492173344,0.33513279821347935,0.5630543346307605,0.9590992847573554,0.3171049626287402,1.392860975658107,0.3960449501265949,1.0757560130293666,1.0,1.0,0.06653228564216046,0.0468566662899329,0.0468566662899329,0.0021955471758061344,1.0,1.0,0.040912971449265256,0.06384748695095205,0.06384748695095205,0.004076501589951992,1.0,1.0,0.1876155006024064,0.16151329070188358,0.16151329070188358,0.026086543073351155
61,0.22896075163314628,0.4238488367267616,0.5401943612759001,0.22896075163314628,0.4238488367267616,0.5401943612759001,0.2063187314688032,0.4688533542221715,0.2568476245250307,0.2568476245250307,medium,full_curve,50,6.756841529152723e-06,0.297084601965613,0.2859190862051218,0.11919044327704001,0.20218657734909623,0.3779471734349783,0.12513257692537835,0.5085286952554415,0.17576059608588207,0.38339611833006315,0.3583498712566702,0.38404849889902815,0.10922782700008168,0.2905176034430816,0.44862788524913777,0.13079810906045464,0.4890015113165314,0.15811028180605619,0.3582034022560768,0.8789430201400983,0.8671704280714054,0.3346084078766565,0.6553262977752785,1.0652630205387008,0.36338897311562957,1.441639880614265,0.4099367227634223,1.0782509074986355,1.0,1.0,0.0681238503324667,0.05695833457197552,0.05695833457197552,0.003244251877213102,1.0,1.0,-0.06549896547009137,-0.039800337827733456,0.039800337827733456,0.0015840668912017106,0.0,1.0,0.33874865886419814,0.3269760667955053,0.3269760667955053,0.10691334825705873
62,0.2850522636688709,0.10200625056865213,2.794458791297552,0.2850522636688709,0.10200625056865213,2.794458791297552,0.45785190635828155,0.11625968854656599,0.34016670152067746,0.34016670152067746,medium,full_curve,50,0.005372269473498231,0.27999903448269586,0.2800193293104154,0.01030535415757238,0.27300406549251016,0.28705239577828,0.2630401699830746,0.2970150478506777,0.01404833028576985,0.033974877867603115,0.09409896039126119,0.09376967077498116,0.007616871530337664,0.08874668405960362,0.09890249792403608,0.08216724104336572,0.1074961726258983,0.010155813864432456,0.02532893158253259,2.9925161487353136,2.9865504231542923,0.2354133916120062,2.831398463280593,3.155683927519523,2.6053354839765848,3.391870242123613,0.3242854642389301,0.7865347581470283,1.0,1.0,-0.005053229186175012,-0.005032934358455476,0.005032934358455476,2.5330428256521638e-05,0.0,1.0,-0.007907290177390947,-0.00823657979367097,0.00823657979367097,6.784124669750891e-05,0.0,1.0,0.19805735743776154,0.19209163185674027,0.19209163185674027,0.036899195029385434
63,0.1,0.13701096949419822,0.7298685672334765,0.1,0.13701096949419822,0.7298685672334765,0.30644645352733124,0.33970602763721763,0.25063745831236467,0.25063745831236467,medium,full_curve,50,5.023071502004984e-05,0.24242615432892461,0.22465992431920345,0.0959099947209429,0.16564086872399808,0.3041579317813889,0.11455878415633901,0.4277506969313029,0.1385170630573908,0.3131919127749639,0.30739786296682425,0.32216154328296814,0.11927032644720278,0.2167734609050354,0.40690376771015935,0.08907254236715423,0.47399628399479576,0.19013030680512394,0.38492374162764154,0.902288343907216,0.8327120465422122,0.4157506482559081,0.6205622657867351,1.0971466437132213,0.33658117815007743,1.7425707537281379,0.4765843779264862,1.4059895755780605,0.0,0.0,0.1424261543289246,0.12465992431920345,0.12465992431920345,0.01554009673126953,0.0,1.0,0.17038689347262603,0.18515057378876992,0.18515057378876992,0.034280734974310736,1.0,1.0,0.17241977667373953,0.10284347930873572,0.10284347930873572,0.010576781236326351
64,0.15541247443818249,0.10781978011763108,1.4414096770428202,0.15541247443818249,0.10781978011763108,1.4414096770428202,0.38345280040236773,0.22909861154380856,0.21877960652750886,0.21877960652750886,medium,full_curve,50,0.0001763541328898987,0.23820807092114157,0.23485208316544132,0.05021708975099051,0.20432305205142398,0.2676522898127941,0.16444924894386936,0.3273923366641893,0.06332923776137012,0.16294308772031996,0.20133451586858853,0.19976762838193685,0.07584859867900672,0.14506009958984076,0.25119889632506176,0.08158033088012275,0.3313276026740069,0.106138796735221,0.24974727179388417,1.344277767853867,1.254311766484677,0.5039216971340793,1.0040723389391537,1.6183982669774823,0.6637819956460392,2.3539351600782354,0.6143259280383286,1.6901531644321963,0.0,0.0,0.08279559648295909,0.07943960872725883,0.07943960872725883,0.006310651434739977,0.0,1.0,0.09351473575095745,0.09194784826430577,0.09194784826430577,0.008454406800435797,1.0,1.0,-0.09713190918895309,-0.18709791055814318,0.18709791055814318,0.03500562813522294
65,0.28938320135806894,0.07874483305732113,3.674948439441312,0.28938320135806894,0.07874483305732113,3.674948439441312,0.5822899657605273,0.08667950378965864,0.23722154924213384,0.23722154924213384,medium,full_curve,50,0.00888300020736273,0.2871158986385617,0.28720463872007274,0.010755012388520705,0.2797101913603774,0.29407391904589375,0.26974129076099507,0.3052205860824373,0.014363727685516359,0.03547929532144223,0.07700577172699363,0.0762375085785052,0.006717604273377104,0.07233251931205552,0.08078458916434791,0.0672761306377696,0.08905323600251806,0.008452069852292396,0.02177710536474846,3.7547127340055626,3.751228011361074,0.3344460172665347,3.534632059594902,3.978292399804247,3.2134382922636924,4.3011148097483165,0.4436603402093451,1.0876765174846241,1.0,1.0,-0.002267302719507258,-0.0021785626379962064,0.0021785626379962064,4.74613516767299e-06,1.0,1.0,-0.0017390613303275015,-0.0025073244788159366,0.0025073244788159366,6.286676042069608e-06,1.0,1.0,0.07976429456425072,0.0762795719197622,0.0762795719197622,0.005818573092262174
66,0.2774952984628713,0.16698733743119729,1.661774495788975,0.2774952984628713,0.16698733743119729,1.661774495788975,0.5542860441557212,0.23972041849767228,0.23848603435544255,0.23848603435544255,medium,full_curve,50,0.0011166913569506907,0.266044163016905,0.26541270805401573,0.01926778420294501,0.2536079410966097,0.27785819884205715,0.23604971477167194,0.2982493953889516,0.024250257745447423,0.06219968061727968,0.14243440942938523,0.14193954689300742,0.02565723745054711,0.12513537013510706,0.15893380348766759,0.10212153047719819,0.18342631416653626,0.033798433352560525,0.08130478368933808,1.9188858787527028,1.8905186055957617,0.3116954336787083,1.7236449499230688,2.0878769539976307,1.4835219267761297,2.446816402873758,0.3642320040745619,0.9632944760976283,1.0,1.0,-0.01145113544596632,-0.012082590408855565,0.012082590408855565,0.00014598899098816848,0.0,1.0,-0.024552928001812052,-0.025047790538189868,0.025047790538189868,0.0006273918108450338,0.0,1.0,0.2571113829637277,0.2287441098067866,0.2287441098067866,0.05232386777129925
67,0.1816404659388478,0.07958557921522237,2.282328880809419,0.1816404659388478,0.07958557921522237,2.282328880809419,0.28898710468812194,0.10162167609387214,0.26613833526045777,0.26613833526045777,medium,full_curve,50,0.00029314448833970554,0.20807386238538295,0.2072710278546896,0.015040367129776844,0.19821702263721935,0.2178747526748983,0.1851691936682454,0.23272817117430866,0.019657730037678955,0.04755897750606325,0.07065802161694304,0.06460094081875303,0.023040841095889688,0.057375626006975225,0.07680099211739658,0.05147409638103607,0.10858327220666313,0.019425366110421352,0.05710917582562706,3.1157584844920385,3.241718132053748,0.6133017147405114,2.7781014516142806,3.5911108844952375,1.8978396507325246,3.8610905396264115,0.813009432880957,1.9632508888938869,0.0,0.0,0.02643339644653514,0.025630561915841787,0.025630561915841787,0.0006569257041217994,0.0,1.0,-0.008927557598279331,-0.014984638396469338,0.014984638396469338,0.00022453938787294318,0.0,1.0,0.8334296036826196,0.9593892512443292,0.9593892512443292,0.9204277354031546
68,0.2899155079666123,0.18277071421257765,1.5862251740692783,0.2899155079666123,0.18277071421257765,1.5862251740692783,0.47995529275870874,0.2459553448902011,0.3468176230483132,0.3468176230483132,medium,full_curve,50,0.0004838588012307785,0.30044092776462866,0.2993382089704774,0.020636662995376476,0.2865933014148361,0.3141868289677674,0.2674700631933178,0.3338832979455301,0.02759352755293132,0.06641323475221234,0.17775702809678848,0.1775359089335947,0.026162143977357936,0.16128766154876606,0.19496871841352792,0.1344071843481065,0.2203924949254839,0.03368105686476186,0.0859853105773774,1.7194406636290265,1.703524210940662,0.22466001658388046,1.5724314733746407,1.8438222125733787,1.4014426633228116,2.099644662090805,0.271390739198738,0.6982019987679933,1.0,1.0,0.010525419798016356,0.009422701003865108,0.009422701003865108,8.878729420824052e-05,1.0,1.0,-0.005013686115789173,-0.005234805278982957,0.005234805278982957,2.7403186308867834e-05,1.0,1.0,0.13321548955974816,0.11729903687138377,0.11729903687138377,0.013759064050954247
69,0.2949213478194475,0.14013573469753882,2.1045406330939738,0.2949213478194475,0.14013573469753882,2.1045406330939738,0.5156528503637429,0.17358029935181424,0.29207218854030254,0.29207218854030254,medium,full_curve,50,0.0028512394681785226,0.28000538040125084,0.280016264978753,0.01137345380800375,0.27212992641333744,0.28726640126025593,0.2615323686333958,0.29891462061799384,0.01513647484691849,0.03738225198459805,0.12299055495530771,0.12254303360091624,0.010879931574080482,0.11560384809478139,0.12989861997504046,0.10630597587410279,0.14171484437437845,0.014294771880259072,0.035408868500275664,2.2906216757542333,2.28616324256629,0.17861821284822124,2.169843176613822,2.407940477272372,2.01147436298001,2.5993731731838516,0.23809730065854984,0.5878988102038418,0.0,1.0,-0.014915967418196674,-0.014905082840694528,0.014905082840694528,0.00022216149448796646,0.0,1.0,-0.017145179742231106,-0.017592701096622573,0.017592701096622573,0.0003095031318751051,0.0,1.0,0.1860810426602595,0.18162260947231612,0.18162260947231612,0.03298677227153345
70,0.27065791318414495,0.19119199232718484,1.4156341481131225,0.27065791318414495,0.19119199232718484,1.4156341481131225,0.6457040525900928,0.333722090828918,0.21716635812060148,0.21716635812060148,medium,full_curve,50,0.0006887655675724924,0.2768081226020607,0.2753253986635386,0.03175728305584191,0.2551642632047807,0.2961535276197619,0.22950825315829168,0.3314603638980906,0.040989264414981186,0.1019521107397989,0.17769160913330057,0.175763292150324,0.04483736016389035,0.14829630601528793,0.20775860531631435,0.10536670579141819,0.2519398536342673,0.05946229930102642,0.1465731478428491,1.6438631245826032,1.5953948894379852,0.3882408241250841,1.387544307798481,1.8263336011453626,1.1290011077943214,2.3549543543768072,0.43878929334688155,1.2259532465824858,1.0,1.0,0.006150209417915775,0.004667485479393663,0.004667485479393663,2.1785420700350688e-05,1.0,1.0,-0.013500383193884274,-0.015428700176860849,0.015428700176860849,0.000238044789147466,1.0,1.0,0.2282289764694807,0.17976074132486275,0.17976074132486275,0.03231392412166422
71,0.3819377765057407,0.2229898555242799,1.7128033721881755,0.3819377765057407,0.2229898555242799,1.7128033721881755,0.697427260988185,0.2979058612856408,0.3439115858887415,0.3439115858887415,medium,full_curve,50,0.001683906126863598,0.39468579796437403,0.394417429989929,0.014359543862345543,0.38517647900990704,0.40431825115322495,0.3712806391105306,0.4178351377625763,0.019141772143317914,0.046554498652045695,0.22422507393748004,0.22370495922085842,0.013768322093374962,0.2150111953194972,0.23291369934999268,0.20256660749158,0.24772910669046405,0.01790250403049548,0.04516249919888404,1.7643298996725336,1.7603205968359124,0.08314277095123017,1.7052478464368794,1.8200505782385548,1.6344885369237168,1.9030445732946677,0.11480273180167533,0.26855603637095093,0.0,1.0,0.012748021458633352,0.012479653484188336,0.012479653484188336,0.00015574175108541406,1.0,1.0,0.0012352184132001232,0.0007151036965785118,0.0007151036965785118,5.113732968602523e-07,1.0,1.0,0.05152652748435815,0.04751722464773689,0.04751722464773689,0.002257886638223494
72,0.33552108072849857,0.11732048709696706,2.859867777834792,0.33552108072849857,0.11732048709696706,2.859867777834792,0.6993231261961549,0.1342064038436912,0.2435851315693937,0.2435851315693937,medium,full_curve,50,0.008316551158245984,0.32557261021910155,0.32584130166082903,0.009419685449476427,0.31904224662519076,0.33199655896725744,0.31003666790368123,0.3411378654392168,0.012954312342066676,0.031101197535535585,0.11793176385910226,0.11768332411416792,0.006437918640662225,0.11361934437516841,0.12188321570123917,0.10785296578436103,0.1289010223745089,0.00826387132607076,0.02104805659014787,2.7675826680317304,2.765484714178883,0.14818564846846155,2.6692314623489812,2.865280204318455,2.5232793328604686,3.01829002980342,0.19604874196947364,0.4950106969429515,0.0,1.0,-0.009948470509397012,-0.009679779067669536,0.009679779067669536,9.369812279889331e-05,1.0,1.0,0.0006112767621351961,0.0003628370172008566,0.0003628370172008566,1.316507010512147e-07,1.0,1.0,-0.0922851098030617,-0.0943830636559091,0.0943830636559091,0.008908162705075388
73,0.3617985890405681,0.23468602197769442,1.5416281975027684,0.3617985890405681,0.23468602197769442,1.5416281975027684,0.6556438355648078,0.3290453580591502,0.3489140354727547,0.3489140354727547,medium,full_curve,50,0.0008725369749255971,0.3602003214065433,0.3599336901958618,0.01754869801046457,0.3480439999830323,0.37177092841501747,0.3319549693680233,0.38984313536062404,0.02372692843198515,0.057888165992600715,0.2220296273222058,0.22191052943451117,0.018771750445751446,0.20985598210800438,0.2341904879513905,0.19179824902064868,0.25304445080379806,0.024334505843386117,0.06124620178314938,1.6298409353617613,1.6257126080546431,0.10910840627018455,1.5505480460122834,1.697055369859673,1.462140936437175,1.8267369749784064,0.14650732384738974,0.36459603854123146,1.0,1.0,-0.0015982676340248192,-0.0018648988447063086,0.0018648988447063086,3.4778477009869245e-06,0.0,1.0,-0.012656394655488623,-0.012775492543183248,0.012775492543183248,0.00016321320972093078,0.0,1.0,0.08821273785899297,0.08408441055187477,0.08408441055187477,0.007070188097856228
74,0.3595484698004314,0.21241540064294992,1.6926666744131147,0.3595484698004314,0.21241540064294992,1.6926666744131147,0.7105270697130691,0.2937469174042659,0.286978980213207,0.286978980213207,medium,full_curve,50,0.001793027334851453,0.39278289550062173,0.39245727844438494,0.014109902858942102,0.38286526598491655,0.40231689617171873,0.3700904628660563,0.4158248193977085,0.019451630186802182,0.0457343565316522,0.22552838920306434,0.22502050080148175,0.014143767685386383,0.21539108263156495,0.23535678775545393,0.2030380171057354,0.2489310006667224,0.019965705123888983,0.045892983560987005,1.746001271532471,1.743660437348988,0.08556985985915924,1.685705567133724,1.8030413351058991,1.6125164277359685,1.8957267143666547,0.11733576797217515,0.28321028663068626,0.0,0.0,0.033234425700190307,0.03290880864395351,0.03290880864395351,0.0010829896863643494,0.0,1.0,0.01311298856011442,0.012605100158531835,0.012605100158531835,0.00015888855000661928,1.0,1.0,0.0533345971193564,0.05099376293587321,0.05099376293587321,0.0026003638583600363
75,0.1,0.0738712102007093,1.3537073472642231,0.1,0.0738712102007093,1.3537073472642231,0.19803807333165643,0.14521118363218685,0.26717238125822856,0.26717238125822856,medium,full_curve,50,5.6941393353392455e-06,0.3085057387108285,0.2980858079329178,0.10428131226159802,0.22710471556977474,0.37631875724403074,0.15863607294969445,0.4989165371889062,0.149214041674256,0.34028046423921177,0.32352900245307764,0.33526635759406265,0.10582202182213292,0.24948600861523867,0.40940884168850056,0.12570113423913953,0.4738526279718092,0.15992283307326188,0.3481514937326697,1.0320963453689023,0.9979571301960808,0.3791918235922844,0.7992727953713396,1.204162818815121,0.4816981927624216,1.7500669163914626,0.40489002344378144,1.268368723629041,0.0,0.0,0.20850573871082848,0.19808580793291777,0.19808580793291777,0.03923798730443679,0.0,0.0,0.24965779225236834,0.26139514739335334,0.26139514739335334,0.06832742308079293,0.0,1.0,-0.3216110018953209,-0.35575021706814236,0.35575021706814236,0.1265582169440304
76,0.16588777049867598,0.09101476356791059,1.8226468321801326,0.16588777049867598,0.09101476356791059,1.8226468321801326,0.2463871522016275,0.11894785363678441,0.3033771082039343,0.3033771082039343,medium,full_curve,50,2.9581457202445513e-05,0.1994574437504642,0.19804045149813537,0.023411829128656483,0.1838455008248941,0.21494764774458205,0.16230032446389292,0.23883377891416174,0.031102146919687962,0.07653345445026882,0.09661082511558465,0.0843819774898795,0.04581028631665191,0.06662879258623837,0.11078932391834714,0.05290313495376798,0.1778152849568599,0.044160531332108774,0.12491215000309192,2.3510899545660395,2.4182899808674723,0.6872325496883597,1.888910211542201,2.9125142938068054,1.1483925621315703,3.328025293659086,1.0236040822646044,2.1796327315275157,0.0,1.0,0.033569673251788223,0.03215268099945939,0.03215268099945939,0.0010337948954529971,1.0,1.0,0.005596061547674058,-0.006632786078031097,0.006632786078031097,4.3993851156923145e-05,0.0,1.0,0.528443122385907,0.5956431486873397,0.5956431486873397,0.3547907605781683
77,0.1,0.11162585313964908,0.8958498160358551,0.1,0.11162585313964908,0.8958498160358551,0.3590155788423668,0.33155368766323984,0.21816689375760565,0.21816689375760565,medium,full_curve,50,0.00011575131896057883,0.24427657977643555,0.23152152097482212,0.08924148964299519,0.17549939483768398,0.3004397789897955,0.12367923011778421,0.4138805463998622,0.12494038415211153,0.290201316282078,0.31178191914898423,0.3276776370680672,0.1104182307363227,0.23270390591626933,0.4003734196179633,0.10462240771572393,0.469182871559756,0.16766951370169397,0.36456046384403207,0.8750558652769166,0.8234227119489622,0.37792905405537686,0.6196516248636588,1.0397071745742115,0.371612439489405,1.6368178340059152,0.4200555497105527,1.2652053945165103,0.0,0.0,0.14427657977643554,0.13152152097482211,0.13152152097482211,0.017297910479530575,0.0,1.0,0.20015606600933517,0.21605178392841812,0.21605178392841812,0.046678373338651866,1.0,1.0,-0.02079395075893853,-0.0724271040868929,0.0724271040868929,0.005245685406413619
78,0.33019289113540573,0.16243201002673155,2.03280677916296,0.33019289113540573,0.16243201002673155,2.03280677916296,0.6820472135231674,0.20879316170582496,0.2384502529448111,0.2384502529448111,medium,full_curve,50,0.0037443951690050163,0.3326498653871057,0.3323563913640579,0.011990908010415554,0.3245156612514437,0.3406169047352836,0.3136183791963094,0.3525977673213556,0.0161012434838399,0.0389793881250462,0.15865671148692195,0.15807172402555336,0.010615803064395002,0.15151914112444353,0.16538355941648786,0.14223103117473493,0.17691362525953452,0.013864418292044323,0.034682594084799595,2.1033413404847763,2.103988905050958,0.11892444333956431,2.0260075908632267,2.1828116770423116,1.9050878188926756,2.296906583325185,0.15680408617908492,0.3918187644325093,1.0,1.0,0.002456974251699995,0.002163500228652193,0.002163500228652193,4.680733239378092e-06,1.0,1.0,-0.003775298539809596,-0.004360286001178187,0.004360286001178187,1.9012094012070468e-05,1.0,1.0,0.07053456132181646,0.0711821258879981,0.0711821258879981,0.00506689504593481
79,0.3297989726354926,0.05716542641593467,5.769203403397728,0.3297989726354926,0.05716542641593467,5.769203403397728,0.6880960707343663,0.05927059246300074,0.2775985572141894,0.2775985572141894,medium,full_curve,50,0.007545088398414121,0.3155997438257853,0.315479464417214,0.012070092368549373,0.30741135952393894,0.32342035880536535,0.29635665424269036,0.33563432512165847,0.016008999281426406,0.03927767087896811,0.058991489825531235,0.05798714983499211,0.00457949348464334,0.05578778817654558,0.06096828538696086,0.05371023960375604,0.06750497285934112,0.005180497210415282,0.013794733255585084,5.379672748716896,5.398088967885789,0.44003049900475866,5.114530427536163,5.696591642490355,4.610515160823184,6.037226469005512,0.5820612149541917,1.4267113081823286,0.0,1.0,-0.01419922880970731,-0.014319508218278654,0.014319508218278654,0.0002050483156133499,1.0,1.0,0.0018260634095965678,0.0008217234190574449,0.0008217234190574449,6.752293774274571e-07,0.0,1.0,-0.3895306546808319,-0.3711144355119389,0.3711144355119389,0.13772592424534505
80,0.16466144061025426,0.27985563407978803,0.5883799379336725,0.16466144061025426,0.27985563407978803,0.5883799379336725,0.14300686487591127,0.31337267107680966,0.2987143001163668,0.2987143001163668,medium,full_curve,50,1.3988446483778034e-06,0.3253109958485192,0.3152423260893499,0.1295429238348893,0.21980889579347024,0.4243100200797434,0.1277715008376513,0.5525534299128817,0.20450112428627315,0.4247819290752304,0.37943800509210623,0.4059334942672824,0.09946652253229535,0.32339681909118934,0.4586680272800722,0.18011041689591795,0.4919623780574954,0.13527120818888289,0.31185196116157743,0.8863223363104684,0.8878590105989881,0.3189714462230093,0.6729038972005927,1.0735671573241496,0.379062813285483,1.3694428880666247,0.4006632601235569,0.9903800747811418,0.0,1.0,0.16064955523826493,0.15058088547909562,0.15058088547909562,0.02267460307166851,0.0,1.0,0.0995823710123182,0.1260778601874944,0.1260778601874944,0.015895626829457384,0.0,1.0,0.2979423983767959,0.2994790726653156,0.2994790726653156,0.08968771496447737
81,0.31460192566073014,0.10122117684467324,3.1080642951177664,0.31460192566073014,0.10122117684467324,3.1080642951177664,0.5281053464595018,0.1128399607820929,0.34101639703056086,0.34101639703056086,medium,full_curve,50,0.008443001647384136,0.3058844928269556,0.3056515147278762,0.010087128612230567,0.29912475746669565,0.31249044796374864,0.2902224842811782,0.3234858644162449,0.013365690497052996,0.03326338013506669,0.10069993705847327,0.10047935919183434,0.006252251302394496,0.09633080666132215,0.1046114592639738,0.0907820365247236,0.1112877610029396,0.00828065260265165,0.02050572447821601,3.047933034481535,3.043088536875066,0.1943572547115973,2.9168650867930355,3.1759949856227947,2.733374789627011,3.378993272039953,0.25912989882975923,0.6456184824129423,0.0,1.0,-0.008717432833774519,-0.008950410932853925,0.008950410932853925,8.010985586695107e-05,1.0,1.0,-0.0005212397861999729,-0.0007418176528388998,0.0007418176528388998,5.502934300634144e-07,1.0,1.0,-0.06013126063623142,-0.06497575824270019,0.06497575824270019,0.0042218491592138216
82,0.36585346294358523,0.27259396683806886,1.3421187093290148,0.36585346294358523,0.27259396683806886,1.3421187093290148,0.8056073411739422,0.45945135651592145,0.3021101484091749,0.3021101484091749,medium,full_curve,50,0.0006118721659740533,0.3992490303337026,0.39809142637920225,0.05111576703330517,0.36461745730047185,0.43384102505359534,0.31749050738472934,0.48505722124192835,0.0692235677531235,0.167566713857199,0.3086079622972479,0.3085449338155698,0.048937907066803815,0.27771845967934594,0.34190165287588403,0.2255226675770148,0.38905398224522886,0.06418319319653809,0.16353131466821405,1.311165531269999,1.2989594603812171,0.17103418170703608,1.2048781886613098,1.400716598650091,1.0680154421631478,1.6049012583319497,0.1958384099887811,0.5368858161688019,1.0,1.0,0.0333955673901174,0.03223796343561702,0.03223796343561702,0.0010392862864761802,0.0,1.0,0.03601399545917905,0.03595096697750094,0.03595096697750094,0.0012924720266173633,1.0,1.0,-0.030953178059015762,-0.04315924894779766,0.04315924894779766,0.0018627207697379732
83,0.16595940612381427,0.39718175280817497,0.4178424737552506,0.16595940612381427,0.39718175280817497,0.4178424737552506,0.1267739259430111,0.4503903697323032,0.25321236605455566,0.25321236605455566,medium,full_curve,50,2.3729523543767405e-06,0.21726675159443498,0.195968772035147,0.09339882417495936,0.14395768387501764,0.2714839832618049,0.10594731943527641,0.4042100407118423,0.12752629938678725,0.2982627212765659,0.29789970531573157,0.3074557550752376,0.12604910130704572,0.1952607211562112,0.4076697402492101,0.08134386513591974,0.48234035281443927,0.2124090190929989,0.40099648767851953,0.8571280297479483,0.7847450649267085,0.4275821166116461,0.5469397768935174,1.062228850700714,0.3036162667841107,1.781990823071595,0.5152890738071967,1.4783745562874844,1.0,1.0,0.05130734547062071,0.03000936591133274,0.03000936591133274,0.0009005620424002596,1.0,1.0,-0.0992820474924434,-0.08972599773293738,0.08972599773293738,0.008050754669171083,0.0,1.0,0.43928555599269775,0.3669025911714579,0.3669025911714579,0.13461751140832998
84,0.2311295140115171,0.19430804972550406,1.1895004573306671,0.2311295140115171,0.19430804972550406,1.1895004573306671,0.5659354424017983,0.41153925832748134,0.3224220496212783,0.3224220496212783,medium,full_curve,50,0.00014691552259469282,0.2733906204245682,0.26666260539636844,0.08595682763499517,0.20919555900163017,0.32896568579365926,0.14310701674893558,0.43028558246815524,0.11977012679202909,0.2871785657192196,0.2976573355357264,0.3047547323820513,0.09996877370717662,0.22919815518554265,0.37608466737116286,0.11681635747076141,0.4497291468379307,0.1468865121856202,0.3329127893671693,1.009513861370869,0.9720211311042914,0.38582793144386124,0.7671966492715181,1.1766155324658576,0.47231101792326763,1.7534734887532972,0.4094188831943395,1.2811624708300295,1.0,1.0,0.042261106413051086,0.035533091384851334,0.035533091384851334,0.0012626005833641961,0.0,1.0,0.10334928581022232,0.11044668265654725,0.11044668265654725,0.012198469709836056,0.0,1.0,-0.17998659595979816,-0.21747932622637567,0.21747932622637567,0.047297257335878334
85,0.2993599726959168,0.21016877148743585,1.4243789435378267,0.2993599726959168,0.21016877148743585,1.4243789435378267,0.6488345538792305,0.3423179457311434,0.2537442764897493,0.2537442764897493,medium,full_curve,50,0.0006758622823814963,0.30837760721196517,0.30597099064650046,0.028870739307934615,0.28909312740562854,0.3259107423498587,0.26421200126714434,0.3583545710527961,0.03681761494423014,0.09414256978565178,0.19759447170657937,0.198059064982872,0.035785524755295235,0.17468640165131388,0.21930368739799694,0.14184826698499517,0.25609371242041473,0.044617285746683055,0.11424544543541956,1.6003756056934542,1.5723609825782043,0.2554358176918369,1.4297295993524088,1.738438331497385,1.254591332099897,2.03298892251284,0.3087087321449762,0.778397590412943,1.0,1.0,0.009017634516048367,0.006611017950583664,0.006611017950583664,4.370555834293943e-05,1.0,1.0,-0.012574299780856474,-0.012109706504563833,0.012109706504563833,0.0001466449916266756,0.0,1.0,0.17599666215562748,0.14798203904037766,0.14798203904037766,0.021898683878547858
86,0.3238012264878112,0.22289110387150782,1.4527328406721696,0.3238012264878112,0.22289110387150782,1.4527328406721696,0.6814412842140757,0.3495507027172613,0.26892205834805233,0.26892205834805233,medium,full_curve,50,0.0007977969418665433,0.3302558917997111,0.3296076149833529,0.02798705213527555,0.31146213974357173,0.3490439980279039,0.2859401731829898,0.37576047154412123,0.03758185828433219,0.08982029836113142,0.2148295502610982,0.2144073661956221,0.03359998117087026,0.19280554558289495,0.2369921878581584,0.15879133192555842,0.2689038106370456,0.04418664227526345,0.11011247871148719,1.5650057433213551,1.5510561610572315,0.2097363216983513,1.423688926009031,1.6866325087602747,1.2564212805708164,1.929125811259829,0.26294358275124363,0.6727045306890127,1.0,1.0,0.006454665311899921,0.0058063884955417144,0.0058063884955417144,3.3714147361159173e-05,1.0,1.0,-0.00806155361040961,-0.008483737675885727,0.008483737675885727,7.197380495324296e-05,1.0,1.0,0.11227290264918555,0.09832332038506197,0.09832332038506197,0.009667475331543544
87,0.1633519088456804,0.39230797062746486,0.41638692322364046,0.1633519088456804,0.39230797062746486,0.41638692322364046,0.12532465772727788,0.4441730051074328,0.24334011257337052,0.24334011257337052,medium,full_curve,50,2.5997011707200213e-06,0.22514498424655607,0.20040681856024464,0.10464743391023475,0.13920038661954598,0.2891425267270274,0.10319140042010778,0.43007373070091887,0.14994214010748141,0.3268823302808111,0.3330258521156543,0.35888508429712707,0.1278214367903025,0.2334878626064359,0.44732488473015525,0.0956761723284353,0.4921877082094952,0.21383702212371936,0.3965115358810599,0.7649829365701287,0.7104630822199206,0.3699769793971104,0.5012574081340762,0.9500052213521835,0.2728250065005227,1.4805567577927732,0.4487478132181073,1.2077317512922505,1.0,1.0,0.06179307540087567,0.03705490971456424,0.03705490971456424,0.001373066333954507,1.0,1.0,-0.05928211851181059,-0.0334228863303378,0.0334228863303378,0.0011170893306506812,0.0,1.0,0.34859601334648826,0.29407615899628015,0.29407615899628015,0.08648078729000544
88,0.28232149566728004,0.2081903437450934,1.3560739205702654,0.28232149566728004,0.2081903437450934,1.3560739205702654,0.5043756957961829,0.31540231841507815,0.3476813611526277,0.3476813611526277,medium,full_curve,50,0.00021049395690189975,0.3148700346792097,0.31315488114275064,0.0481871182308432,0.2825664555209304,0.34602260277618313,0.2430185184653204,0.3965005868924825,0.06345614725525273,0.1534820684271621,0.23506088135623265,0.23730593365466576,0.05864307259947356,0.19661036360963638,0.2726288606304337,0.13414892767565667,0.3305873340426252,0.0760184970207973,0.19643840636696852,1.4099321342351492,1.3645555361074901,0.34480006324239115,1.1926756392576405,1.5629913458913485,0.9720934640278069,2.0301415197953334,0.37031570663370794,1.0580480557675265,0.0,1.0,0.03254853901192967,0.0308333854754706,0.0308333854754706,0.0009506976598789613,1.0,1.0,0.02687053761113925,0.02911558990957236,0.02911558990957236,0.0008477175757823918,1.0,1.0,0.05385821366488375,0.008481615537224707,0.008481615537224707,7.193780212129156e-05
89,0.32593505732260913,0.05507248742073909,5.918291920111622,0.32593505732260913,0.05507248742073909,5.918291920111622,0.786429756430346,0.056736445395381446,0.2267759630113133,0.2267759630113133,medium,full_curve,50,0.0038254108906033706,0.3177986803604509,0.3177700628687985,0.012348388466090975,0.3095452408497205,0.3257422878235681,0.2980342662784672,0.3384800926972737,0.016197046973847606,0.04044582641880651,0.057188071846261616,0.05620962057738691,0.00411009748819036,0.05437633998244468,0.05893489242072172,0.05255393255614989,0.0652519792650161,0.00455855243827704,0.012698046708866206,5.582825096521703,5.610473420614171,0.42337928665048175,5.3335048891802845,5.8575007749200525,4.847190875613806,6.2321725819026845,0.523995885739768,1.3849817062888787,0.0,1.0,-0.008136376962158243,-0.008164994453810637,0.008164994453810637,6.666713443075845e-05,1.0,1.0,0.0021155844255225237,0.0011371331566478182,0.0011371331566478182,1.2930718159478314e-06,0.0,1.0,-0.3354668235899192,-0.30781849949745155,0.30781849949745155,0.09475222863286258
90,0.43997037034992525,0.1621412729088327,2.7135001622770516,0.43997037034992525,0.1621412729088327,2.7135001622770516,0.9018790879837376,0.1863848857526338,0.3202162657911104,0.3202162657911104,medium,full_curve,50,0.007580558222776356,0.43640133380068646,0.4363550326982471,0.009772723021032634,0.42981801983789414,0.44302625722161726,0.42015695292235133,0.4523992988115984,0.01320823738372312,0.03224234588924707,0.16962552784470686,0.16936262985522232,0.006331236401097413,0.16527606578772236,0.17349217520583837,0.15942576584969742,0.18058129792880523,0.008216109418116013,0.02115553207910781,2.5755114158815355,2.5751907345091816,0.0919816587661022,2.511603759490663,2.635404163327816,2.4277419079034965,2.733078091630924,0.12380040383715318,0.30533618372742755,1.0,1.0,-0.003569036549238791,-0.003615337651678152,0.003615337651678152,1.3070666335641695e-05,0.0,1.0,0.007484254935874152,0.007221356946389618,0.007221356946389618,5.214799614716958e-05,0.0,1.0,-0.13798874639551606,-0.13830942776787003,0.13830942776787003,0.01912949780947566
91,0.21848498747333644,0.11083710837379966,1.971225979087192,0.21848498747333644,0.11083710837379966,1.971225979087192,0.3633474462363716,0.14385869484210273,0.2727634753979692,0.2727634753979692,medium,full_curve,50,0.0005828018707190013,0.20325423902815953,0.2029162652933148,0.015353563308532029,0.19292863518028677,0.21286007505415722,0.17973369953877064,0.2296543077106582,0.019931439873870443,0.049920608171887565,0.07659751895654308,0.07189303358965013,0.023658880116193586,0.060858067338482875,0.08626972986467071,0.052084788954801606,0.11675997792362965,0.025411662526187838,0.06467518896882804,2.819498771481749,2.8892145742585083,0.5932406642068361,2.4589029003115126,3.2867278591389884,1.7215582278483783,3.639495520143512,0.8278249588274758,1.9179372922951337,0.0,1.0,-0.015230748445176912,-0.015568722180021644,0.015568722180021644,0.00024238511031869788,0.0,1.0,-0.03423958941725658,-0.03894407478414953,0.03894407478414953,0.0015166409607934314,0.0,1.0,0.848272792394557,0.9179885951713163,0.9179885951713163,0.8427030608646068
92,0.326616089459769,0.17206470541978894,1.8982166543854455,0.326616089459769,0.17206470541978894,1.8982166543854455,0.6735025215021039,0.2283795213213568,0.23951429685902823,0.23951429685902823,medium,full_curve,50,0.0028770090745223985,0.3226305186348005,0.3220924265913979,0.012793039472075043,0.3139935441669687,0.331178922409378,0.3017417517908145,0.34441126306430386,0.017185378242409344,0.042669511273489336,0.15931528800320735,0.1586722151750635,0.012249359791470309,0.15092473662911507,0.16731298542513262,0.13979380630302907,0.18007233967795813,0.01638824879601755,0.040278533374929065,2.0336921339389615,2.0336399200513435,0.13063589462080444,1.9439336178570756,2.1158236024038737,1.8242883008269986,2.2581975710076296,0.17188998454679805,0.4339092701806311,1.0,1.0,-0.003985570824968476,-0.004523662868371081,0.004523662868371081,2.046352574667928e-05,0.0,1.0,-0.012749417416581588,-0.013392490244725441,0.013392490244725441,0.00017935879495506612,0.0,1.0,0.13547547955351602,0.13542326566589802,0.13542326566589802,0.018339460883616394
93,0.1,0.1647915639524068,0.606827179751027,0.1,0.1647915639524068,0.606827179751027,0.4157495176086192,0.48709365904429114,0.3274740275551207,0.3274740275551207,medium,full_curve,50,4.058051418094361e-05,0.22482155460132047,0.20722581643714735,0.09353581909189057,0.14954105656402722,0.2811986439840167,0.10748821295080666,0.4036604224325496,0.1316575874199895,0.29617220948174294,0.31454460260087297,0.3309338993885339,0.12043424679632926,0.22911583212486414,0.4154869056082202,0.0957971749793196,0.48260589914628377,0.18637107348335608,0.38680872416696416,0.8105904090157012,0.7560557498818928,0.37808413820233666,0.5510639672368346,0.9810320785029791,0.30166106627387224,1.5490346158167332,0.42996811126614454,1.247373549542861,0.0,0.0,0.12482155460132047,0.10722581643714735,0.10722581643714735,0.011497375710612818,0.0,1.0,0.14975303864846617,0.1661423354361271,0.1661423354361271,0.027603275624170576,1.0,1.0,0.20376322926467427,0.14922857013086588,0.14922857013086588,0.022269166143302755
94,0.28285736074525386,0.2234159805167867,1.2660569762779388,0.28285736074525386,0.2234159805167867,1.2660569762779388,0.8027158849267423,0.4758316700119211,0.2316175753049689,0.2316175753049689,medium,full_curve,50,0.0005262023242594353,0.3236102265165482,0.3186999202182133,0.07184205319910522,0.27529935898220403,0.36980234666868433,0.21181175798070878,0.44894075729414984,0.0945029876864803,0.23712899931344106,0.2795960399599829,0.28253556677310165,0.07902273763625785,0.22662729190608782,0.33425581235048263,0.14011267752494302,0.4041815235776828,0.1076285204443948,0.2640688460527397,1.2309503796777779,1.1889073097813045,0.35432887245295874,1.01640067624612,1.3914216583661727,0.7522152215515445,1.889703573249344,0.37502098212005275,1.1374883516977994,1.0,1.0,0.04075286577129433,0.035842559472959445,0.035842559472959445,0.0012846890695726349,0.0,1.0,0.05618005944319618,0.05911958625631494,0.05911958625631494,0.0034951254791178625,1.0,1.0,-0.03510659660016091,-0.07714966649663424,0.07714966649663424,0.005952071040541887
95,0.2741222244075799,0.10107212589864326,2.7121446389924957,0.2741222244075799,0.10107212589864326,2.7121446389924957,0.5122392343813112,0.11875381770664797,0.24560776261417333,0.24560776261417333,medium,full_curve,50,0.005684076024175806,0.27220074696164065,0.2721716792293801,0.009742325590352149,0.2654406127420648,0.27837963594864235,0.2563893648304616,0.28851990795145493,0.012939023206577527,0.03213054312099334,0.09632714548494321,0.09589696888956876,0.007971183192226564,0.09102583490692487,0.10103765350781761,0.08444795521525379,0.1101108996104489,0.010011818600892744,0.025662944395195106,2.8420942095580997,2.8421026474378195,0.21969654001479139,2.6991651937512087,2.986793964583592,2.4732619326451175,3.2066282918153584,0.2876287708323835,0.7333663591702408,1.0,1.0,-0.0019214774459392348,-0.0019505451781997585,0.0019505451781997585,3.8046264921983276e-06,0.0,1.0,-0.004744980413700042,-0.005175157009074491,0.005175157009074491,2.678225006857283e-05,1.0,1.0,0.12994957056560397,0.1299580084453238,0.1299580084453238,0.01688908395907485
96,0.1,0.09793829408273538,1.0210510703353988,0.1,0.09793829408273538,1.0210510703353988,0.6120613350862206,0.49752022388523365,0.25843063496301805,0.25843063496301805,medium,full_curve,50,0.0001816367132897352,0.24845073421655905,0.23651436736600778,0.09160775044084625,0.17910324363957278,0.3044046051862169,0.12220772601934861,0.42521116171888035,0.12530136154664415,0.30300343569953175,0.30679290622502264,0.3189797855550002,0.11378232420440088,0.22256771509684303,0.4024111520806073,0.10588770058233869,0.4708765796258863,0.17984343698376426,0.3649888790435476,0.9086884641643024,0.8656199989381065,0.3864450522999385,0.6532074561105072,1.0776179398915553,0.37799606142086367,1.6738799839044831,0.42441048378104806,1.2958839224836194,0.0,0.0,0.14845073421655905,0.13651436736600778,0.13651436736600778,0.01863617249734133,0.0,0.0,0.20885461214228726,0.2210414914722648,0.2210414914722648,0.04885934095228331,1.0,1.0,-0.11236260617109639,-0.1554310713972923,0.1554310713972923,0.024158817955710173
97,0.4652461938540332,0.26639727512244427,1.746437510069095,0.4652461938540332,0.26639727512244427,1.746437510069095,0.968056227182878,0.36553252550419013,0.33059773234048306,0.33059773234048306,medium,full_curve,50,0.002126882543590228,0.4814327353401528,0.48105182207437763,0.015049700638477638,0.4712899989766532,0.4914414940253168,0.45686746152564567,0.5080189392420474,0.020151495048663592,0.05115147771640177,0.2799223312606896,0.279362547279158,0.01310509780463625,0.27092188434782155,0.2881694091015166,0.2595746955139617,0.3025813172908059,0.017247524753695065,0.04300662177684422,1.7220119699538836,1.719866906729255,0.061664151384788424,1.6794217554865711,1.762332343443087,1.6263154257846408,1.8242678856948393,0.08291058795651596,0.1979524599101985,0.0,1.0,0.016186541486119588,0.015805628220344425,0.015805628220344425,0.0002498178834397481,0.0,1.0,0.01352505613824534,0.012965272156713725,0.012965272156713725,0.00016809828209765618,1.0,1.0,-0.024425540115211364,-0.02657060333984007,0.02657060333984007,0.0007059969618431203
98,0.16428914248977797,0.14311383756653903,1.147961268339225,0.16428914248977797,0.14311383756653903,1.147961268339225,0.6777544660686495,0.4991012416474764,0.2826261810290867,0.2826261810290867,medium,full_curve,50,0.0001921874206980738,0.3280284506391924,0.3199170977340061,0.10769424027280024,0.24939954107586362,0.40293290926539094,0.16226633076083005,0.5137668948911167,0.15353336818952731,0.35150056413028663,0.34481876919910953,0.3611074748758958,0.09861339888372674,0.2875120525919783,0.42063114370604565,0.14875387302790719,0.4744948121207879,0.13311909111406733,0.3257409390928807,1.0067925266772737,0.9864880761205626,0.3402641333763713,0.800553395530966,1.159680621855209,0.49672295107083786,1.5928839751269572,0.3591272263242429,1.0961610240561193,0.0,1.0,0.16373930814941443,0.15562795524422815,0.15562795524422815,0.02422006045349948,0.0,0.0,0.2017049316325705,0.21799363730935675,0.21799363730935675,0.04752122590736338,1.0,1.0,-0.14116874166195137,-0.16147319221866252,0.16147319221866252,0.026073591805285134
99,0.40824453993386944,0.2820676587047635,1.4473284239976394,0.40824453993386944,0.2820676587047635,1.4473284239976394,0.8350076936615354,0.4313493465842181,0.3320310116550827,0.3320310116550827,medium,full_curve,50,0.000874810877381272,0.4389035963508146,0.43865216955738645,0.029359076822213115,0.4183995508055993,0.4592217139185113,0.39042807567598237,0.4874846645370051,0.04082216311291198,0.09705658886102275,0.300169683075008,0.2995419741864255,0.028949034560279585,0.2811237358315395,0.3190522737570685,0.2542910118531676,0.3478815564532432,0.03792853792552903,0.0935905446000756,1.4691232022362026,1.4645167234942695,0.09971546292655677,1.400067804043946,1.5300702277491784,1.3197351851394532,1.6422723174913931,0.1300024237052324,0.3225371323519399,0.0,1.0,0.030659056416945163,0.030407629623517007,0.030407629623517007,0.000924623939320989,1.0,1.0,0.018102024370244496,0.01747431548166195,0.01747431548166195,0.00030535170155265054,1.0,1.0,0.02179477823856324,0.017188299496630144,0.017188299496630144,0.0002954376395858561
