case_id,feature,observed_value,pred_mean,pred_median,pred_std,pred_ci50_low,pred_ci50_high,pred_ci90_low,pred_ci90_high,pred_width50,pred_width90,covered50,covered90,err_mean,err_median,abs_err_median,sq_err_median,true_beta,true_gamma,true_R0,beta_ref,gamma_ref,R0_ref,beta_seir,gamma_seir,sigma_seir,sigma,severity,reference_mode,reference_window_days,projection_loss
0,peak_time,46.0,24.52,23.0,15.732922439421369,11.0,40.0,1.0,48.0,29.0,47.0,0.0,1.0,-21.48,-23.0,23.0,529.0,0.1,0.16016287848698557,0.6243644029420072,0.1,0.16016287848698557,0.6243644029420072,0.26104133230789256,0.33796092457181953,0.27009026017152277,0.27009026017152277,medium,full_curve,50,2.2920243281240667e-05
0,peak_height,0.06404239684343338,0.06233627088367939,0.05212088115513325,0.03520107833762258,0.04224956873804331,0.06274519674479961,0.03536527585238218,0.12714896276593204,0.020495628006756306,0.09178368691354986,0.0,1.0,-0.0017061259597539874,-0.011921515688300133,0.011921515688300133,0.0001421225363063862,0.1,0.16016287848698557,0.6243644029420072,0.1,0.16016287848698557,0.6243644029420072,0.26104133230789256,0.33796092457181953,0.27009026017152277,0.27009026017152277,medium,full_curve,50,2.2920243281240667e-05
0,cumulative_infected,0.624589653678413,0.858467526632894,0.5179912427556701,0.8889260882815783,0.42539591511376784,0.8594443151087034,0.3447828592266887,2.5769796752894765,0.4340483999949356,2.2321968160627876,1.0,1.0,0.23387787295448104,-0.10659841092274291,0.10659841092274291,0.011363221211253955,0.1,0.16016287848698557,0.6243644029420072,0.1,0.16016287848698557,0.6243644029420072,0.26104133230789256,0.33796092457181953,0.27009026017152277,0.27009026017152277,medium,full_curve,50,2.2920243281240667e-05
0,early_growth_slope,-0.0026094717073387313,-0.0007720275819701235,-0.000702107613462776,0.0022284122271716174,-0.002560479267101201,0.0009219274729513837,-0.00445678822316473,0.002491907815835604,0.0034824067400525847,0.006948696039000335,0.0,1.0,0.001837444125368608,0.0019073640938759553,0.0019073640938759553,3.638037786607244e-06,0.1,0.16016287848698557,0.6243644029420072,0.1,0.16016287848698557,0.6243644029420072,0.26104133230789256,0.33796092457181953,0.27009026017152277,0.27009026017152277,medium,full_curve,50,2.2920243281240667e-05
1,peak_time,33.0,34.44,34.5,3.9499904104218073,33.0,36.25,30.0,39.0,3.25,9.0,1.0,1.0,1.4399999999999977,1.5,1.5,2.25,0.2311891039732281,0.07996155910185804,2.8912530792293674,0.2311891039732281,0.07996155910185804,2.8912530792293674,0.38426463760700225,0.09375293050568131,0.27435448128866363,0.27435448128866363,medium,full_curve,50,0.0030916497466350777
1,peak_height,0.3261184096336365,0.38639972675591705,0.3991967886686325,0.05930264271207499,0.3560922294855118,0.42802807688713074,0.2972049549221992,0.4456168159842491,0.07193584740161896,0.1484118610620499,0.0,1.0,0.060281317122280575,0.07307837903499603,0.07307837903499603,0.005340449482382548,0.2311891039732281,0.07996155910185804,2.8912530792293674,0.2311891039732281,0.07996155910185804,2.8912530792293674,0.38426463760700225,0.09375293050568131,0.27435448128866363,0.27435448128866363,medium,full_curve,50,0.0030916497466350777
1,cumulative_infected,8.04350513475947,10.122391295552443,10.507517289952375,1.6072349381358344,9.354409895837307,11.150223712669685,7.495378406741656,11.768124465318396,1.7958138168323785,4.27274605857674,0.0,1.0,2.0788861607929725,2.464012155192904,2.464012155192904,6.07135590093838,0.2311891039732281,0.07996155910185804,2.8912530792293674,0.2311891039732281,0.07996155910185804,2.8912530792293674,0.38426463760700225,0.09375293050568131,0.27435448128866363,0.27435448128866363,medium,full_curve,50,0.0030916497466350777
1,early_growth_slope,0.004415745220501863,0.002766931795127415,0.0027852281373703758,0.002785049699220831,0.00046098334877613323,0.004598173918479699,-0.0015031793814462902,0.007469348391723108,0.004137190569703566,0.008972527773169398,1.0,1.0,-0.0016488134253744477,-0.001630517083131487,0.001630517083131487,2.6585859583836127e-06,0.2311891039732281,0.07996155910185804,2.8912530792293674,0.2311891039732281,0.07996155910185804,2.8912530792293674,0.38426463760700225,0.09375293050568131,0.27435448128866363,0.27435448128866363,medium,full_curve,50,0.0030916497466350777
2,peak_time,4.0,20.35,19.0,15.251014207043227,7.75,32.0,0.0,47.0,24.25,47.0,0.0,1.0,16.35,15.0,15.0,225.0,0.19046589408768788,0.1889976721399541,1.007768465775846,0.19046589408768788,0.1889976721399541,1.007768465775846,0.13019504140257454,0.13768807731046862,0.3246057007403095,0.3246057007403095,medium,full_curve,50,1.0837778057295308e-06
2,peak_height,0.06489454209804535,0.053238841593265536,0.048426149412989616,0.02273206351704985,0.0407731719315052,0.05491999350488186,0.035053208097815515,0.09269546456634996,0.014146821573376656,0.05764225646853444,0.0,1.0,-0.011655700504779813,-0.016468392685055733,0.016468392685055733,0.00027120795762919717,0.19046589408768788,0.1889976721399541,1.007768465775846,0.19046589408768788,0.1889976721399541,1.007768465775846,0.13019504140257454,0.13768807731046862,0.3246057007403095,0.3246057007403095,medium,full_curve,50,1.0837778057295308e-06
2,cumulative_infected,0.5003864233731292,0.5985255994190993,0.456436499262054,0.45980360669335224,0.3896342677544453,0.5560539104881173,0.312691750380327,1.6635971200536,0.16641964273367194,1.350905369673273,1.0,1.0,0.09813917604597011,-0.043949924111075234,0.043949924111075234,0.0019315958293692722,0.19046589408768788,0.1889976721399541,1.007768465775846,0.19046589408768788,0.1889976721399541,1.007768465775846,0.13019504140257454,0.13768807731046862,0.3246057007403095,0.3246057007403095,medium,full_curve,50,1.0837778057295308e-06
2,early_growth_slope,0.004016329789356816,-0.00032351951899077573,-0.00018528141247640674,0.0020567480792479482,-0.0016523657371484031,0.0009454132907974005,-0.0036715807237972793,0.0029984248419904842,0.0025977790279458034,0.0066700055657877635,0.0,0.0,-0.004339849308347592,-0.004201611201833223,0.004201611201833223,1.765353669137042e-05,0.19046589408768788,0.1889976721399541,1.007768465775846,0.19046589408768788,0.1889976721399541,1.007768465775846,0.13019504140257454,0.13768807731046862,0.3246057007403095,0.3246057007403095,medium,full_curve,50,1.0837778057295308e-06
3,peak_time,44.0,32.49,35.0,12.936905942053354,25.5,44.0,4.95,47.05,18.5,42.099999999999994,1.0,1.0,-11.509999999999998,-9.0,9.0,81.0,0.19493211816029338,0.14058076384921928,1.3866201379398462,0.19493211816029338,0.14058076384921928,1.3866201379398462,0.41698839604645543,0.25440669602818106,0.2528839506708511,0.2528839506708511,medium,full_curve,50,0.00018466611920948576
3,peak_height,0.08406661450862885,0.10026668280363082,0.07702465355396271,0.06345452993424322,0.05641635414212942,0.12760693579912186,0.04384584818035364,0.24840900152921674,0.07119058165699244,0.2045631533488631,1.0,1.0,0.01620006829500198,-0.007041960954666138,0.007041960954666138,4.958921408704242e-05,0.19493211816029338,0.14058076384921928,1.3866201379398462,0.19493211816029338,0.14058076384921928,1.3866201379398462,0.41698839604645543,0.25440669602818106,0.2528839506708511,0.2528839506708511,medium,full_curve,50,0.00018466611920948576
3,cumulative_infected,1.3728924143360928,1.9476112342180227,1.2456890923058381,1.67067829136568,0.6647112955829471,2.874500888545299,0.42540074324642774,5.847727012616814,2.209789592962352,5.422326269370386,1.0,1.0,0.57471881988193,-0.12720332203025464,0.12720332203025464,0.016180685135532665,0.19493211816029338,0.14058076384921928,1.3866201379398462,0.19493211816029338,0.14058076384921928,1.3866201379398462,0.41698839604645543,0.25440669602818106,0.2528839506708511,0.2528839506708511,medium,full_curve,50,0.00018466611920948576
3,early_growth_slope,0.0003351418528750185,0.0006826455829620201,0.0007662645917402451,0.002386963914621945,-0.0011574987694898259,0.002383615332378428,-0.0028355699431683304,0.004722425424759939,0.003541114101868254,0.007557995367928269,1.0,1.0,0.0003475037300870016,0.00043112273886522663,0.00043112273886522663,1.858668159666544e-07,0.19493211816029338,0.14058076384921928,1.3866201379398462,0.19493211816029338,0.14058076384921928,1.3866201379398462,0.41698839604645543,0.25440669602818106,0.2528839506708511,0.2528839506708511,medium,full_curve,50,0.00018466611920948576
4,peak_time,22.0,22.93,23.0,2.358115152130419,21.0,24.25,19.0,26.049999999999997,3.25,7.049999999999997,1.0,1.0,0.9299999999999997,1.0,1.0,1.0,0.38119177394401127,0.18573025758002584,2.0523945797025918,0.38119177394401127,0.18573025758002584,2.0523945797025918,0.917557242696752,0.24002109931769794,0.21375688756716696,0.21375688756716696,medium,full_curve,50,0.003996888613907906
4,peak_height,0.19679862260818481,0.20320962995290756,0.20212722569704056,0.017682464649739563,0.19061046466231346,0.21366025507450104,0.17720158249139786,0.2320593439042568,0.023049790412187576,0.054857761412858946,1.0,1.0,0.006411007344722747,0.005328603088855743,0.005328603088855743,2.839401087856297e-05,0.38119177394401127,0.18573025758002584,2.0523945797025918,0.38119177394401127,0.18573025758002584,2.0523945797025918,0.917557242696752,0.24002109931769794,0.21375688756716696,0.21375688756716696,medium,full_curve,50,0.003996888613907906
4,cumulative_infected,4.193402373231947,4.406587714664638,4.384966007899493,0.3536920943957115,4.148323483299464,4.633259524809546,3.9273324029287324,4.988616521842777,0.48493604151008185,1.061284118914045,1.0,1.0,0.2131853414326903,0.19156363466754556,0.19156363466754556,0.03669662612704086,0.38119177394401127,0.18573025758002584,2.0523945797025918,0.38119177394401127,0.18573025758002584,2.0523945797025918,0.917557242696752,0.24002109931769794,0.21375688756716696,0.21375688756716696,medium,full_curve,50,0.003996888613907906
4,early_growth_slope,0.008371685897665362,0.0032873587578866304,0.003176977461580897,0.0026298546605485183,0.0016925617265293293,0.005049695607296945,-0.0007669054780091658,0.007298631215789574,0.003357133880767616,0.008065536693798739,0.0,0.0,-0.005084327139778732,-0.0051947084360844656,0.0051947084360844656,2.6984995735927113e-05,0.38119177394401127,0.18573025758002584,2.0523945797025918,0.38119177394401127,0.18573025758002584,2.0523945797025918,0.917557242696752,0.24002109931769794,0.21375688756716696,0.21375688756716696,medium,full_curve,50,0.003996888613907906
5,peak_time,27.0,25.0,25.0,3.692744729379982,22.0,28.0,19.95,31.0,6.0,11.05,1.0,1.0,-2.0,-2.0,2.0,4.0,0.3677086140358876,0.2111888546773214,1.7411364562666676,0.3677086140358876,0.2111888546773214,1.7411364562666676,0.8360565185976389,0.2979746339392359,0.23220372970077552,0.23220372970077552,medium,full_curve,50,0.002398878902882269
5,peak_height,0.1534021645784378,0.15229508973658085,0.15046418458223343,0.01811519526763905,0.13989244028925896,0.16420407965779305,0.12586427927017213,0.18031470254063606,0.024311639368534088,0.05445042327046393,1.0,1.0,-0.0011070748418569587,-0.0029379799962043762,0.0029379799962043762,8.631726458097067e-06,0.3677086140358876,0.2111888546773214,1.7411364562666676,0.3677086140358876,0.2111888546773214,1.7411364562666676,0.8360565185976389,0.2979746339392359,0.23220372970077552,0.23220372970077552,medium,full_curve,50,0.002398878902882269
5,cumulative_infected,3.116499910596758,3.4255818422821176,3.4113344314682763,0.3818801597827266,3.198243617574917,3.6753631718456745,2.819082884117961,4.0480097167659554,0.47711955427075736,1.2289268326479945,0.0,1.0,0.30908193168535947,0.2948345208715182,0.2948345208715182,0.08692739469753769,0.3677086140358876,0.2111888546773214,1.7411364562666676,0.3677086140358876,0.2111888546773214,1.7411364562666676,0.8360565185976389,0.2979746339392359,0.23220372970077552,0.23220372970077552,medium,full_curve,50,0.002398878902882269
5,early_growth_slope,0.0036382806387596895,0.0023400365156824895,0.0024139398786549773,0.002451535243808937,0.000565097179441225,0.00414219166434902,-0.001574931732500858,0.00589363591751039,0.003577094484907795,0.0074685676500112486,1.0,1.0,-0.0012982441230772,-0.0012243407601047122,0.0012243407601047122,1.4990102968537845e-06,0.3677086140358876,0.2111888546773214,1.7411364562666676,0.3677086140358876,0.2111888546773214,1.7411364562666676,0.8360565185976389,0.2979746339392359,0.23220372970077552,0.23220372970077552,medium,full_curve,50,0.002398878902882269
6,peak_time,47.0,20.64,18.0,14.895948876432577,7.0,33.5,1.9500000000000002,45.05,26.5,43.099999999999994,0.0,0.0,-26.36,-29.0,29.0,841.0,0.16735813393424387,0.13878715248807094,1.2058618606547797,0.16735813393424387,0.13878715248807094,1.2058618606547797,0.7221485915160983,0.4838620984718143,0.22866390368613765,0.22866390368613765,medium,full_curve,50,0.00030678066300791895
6,peak_height,0.07504566013813019,0.05659162675961852,0.04921678453683853,0.027950430078508986,0.04205052647739649,0.05935473646968603,0.0359701856970787,0.10935673639178276,0.017304209992289543,0.07338655069470405,0.0,1.0,-0.018454033378511668,-0.025828875601291656,0.025828875601291656,0.0006671308148269994,0.16735813393424387,0.13878715248807094,1.2058618606547797,0.16735813393424387,0.13878715248807094,1.2058618606547797,0.7221485915160983,0.4838620984718143,0.22866390368613765,0.22866390368613765,medium,full_curve,50,0.00030678066300791895
6,cumulative_infected,0.9540255921892822,0.765728399914924,0.5264023972995346,0.7494559362332216,0.4546930433862144,0.6639455573895248,0.36314164568902924,2.302850967283302,0.20925251400331035,1.939709321594273,0.0,1.0,-0.18829719227435815,-0.42762319488974754,0.42762319488974754,0.182861596807715,0.16735813393424387,0.13878715248807094,1.2058618606547797,0.16735813393424387,0.13878715248807094,1.2058618606547797,0.7221485915160983,0.4838620984718143,0.22866390368613765,0.22866390368613765,medium,full_curve,50,0.00030678066300791895
6,early_growth_slope,0.0022372307970986833,-0.00012626647737436341,-0.0004907182575109219,0.0024939679646329743,-0.0015697073450567014,0.0015692494219235545,-0.00398286142209101,0.004266631936878269,0.003138956766980256,0.008249493358969278,0.0,1.0,-0.0023634972744730467,-0.0027279490546096054,0.0027279490546096054,7.44170604454544e-06,0.16735813393424387,0.13878715248807094,1.2058618606547797,0.16735813393424387,0.13878715248807094,1.2058618606547797,0.7221485915160983,0.4838620984718143,0.22866390368613765,0.22866390368613765,medium,full_curve,50,0.00030678066300791895
7,peak_time,35.0,29.06,29.0,2.9295430056959777,27.0,31.0,24.95,34.0,4.0,9.05,0.0,0.0,-5.940000000000001,-6.0,6.0,36.0,0.3033133910757864,0.15924709989884703,1.9046713646179403,0.3033133910757864,0.15924709989884703,1.9046713646179403,0.5203767225037499,0.2023453575170162,0.3131438416166877,0.3131438416166877,medium,full_curve,50,0.0018475690539630054
7,peak_height,0.1777467578649521,0.2028598304092884,0.2035519704222679,0.025636077378042115,0.18684201687574387,0.21909265965223312,0.16143586933612825,0.24489573240280152,0.03225064277648926,0.08345986306667327,0.0,1.0,0.025113072544336312,0.025805212557315826,0.025805212557315826,0.0006659089951282504,0.3033133910757864,0.15924709989884703,1.9046713646179403,0.3033133910757864,0.15924709989884703,1.9046713646179403,0.5203767225037499,0.2023453575170162,0.3131438416166877,0.3131438416166877,medium,full_curve,50,0.0018475690539630054
7,cumulative_infected,4.082612253259867,5.013682767130231,5.023786167614162,0.6001457842544426,4.572262550267624,5.40348031600297,4.056435944000259,6.070122784562408,0.8312177657353459,2.0136868405621495,0.0,1.0,0.9310705138703632,0.9411739143542945,0.9411739143542945,0.8858083370609849,0.3033133910757864,0.15924709989884703,1.9046713646179403,0.3033133910757864,0.15924709989884703,1.9046713646179403,0.5203767225037499,0.2023453575170162,0.3131438416166877,0.3131438416166877,medium,full_curve,50,0.0018475690539630054
7,early_growth_slope,0.0034039860946081927,0.0018596405132882956,0.001782066192910341,0.0025208327682691815,9.676152175026347e-05,0.0033793306845057358,-0.0018301556463397675,0.0063554229192613115,0.0032825691627554722,0.008185578565601079,0.0,1.0,-0.001544345581319897,-0.0016219199016978517,0.0016219199016978517,2.630624167523569e-06,0.3033133910757864,0.15924709989884703,1.9046713646179403,0.3033133910757864,0.15924709989884703,1.9046713646179403,0.5203767225037499,0.2023453575170162,0.3131438416166877,0.3131438416166877,medium,full_curve,50,0.0018475690539630054
8,peak_time,33.0,31.46,31.0,2.8120232480324105,29.0,33.0,27.0,36.0,4.0,9.0,1.0,1.0,-1.5399999999999991,-2.0,2.0,4.0,0.27477681988461883,0.10901841687123942,2.520462393149178,0.27477681988461883,0.10901841687123942,2.520462393149178,0.4925504189295422,0.12980289857070007,0.26413408174400965,0.26413408174400965,medium,full_curve,50,0.004590792861870557
8,peak_height,0.28822004795074463,0.29630189910531046,0.29890885949134827,0.032352265842800994,0.2757009342312813,0.31519101560115814,0.24716978147625923,0.351695841550827,0.03949008136987686,0.10452606007456777,1.0,1.0,0.008081851154565833,0.010688811540603638,0.010688811540603638,0.00011425069215054151,0.27477681988461883,0.10901841687123942,2.520462393149178,0.27477681988461883,0.10901841687123942,2.520462393149178,0.4925504189295422,0.12980289857070007,0.26413408174400965,0.26413408174400965,medium,full_curve,50,0.004590792861870557
8,cumulative_infected,6.650357736041769,7.65478588929298,7.701632066629827,0.8023280296412676,7.137998594844248,8.170638650291949,6.453080199216492,8.698178980255033,1.0326400554477004,2.245098781038541,0.0,1.0,1.0044281532512107,1.0512743305880576,1.0512743305880576,1.1051777181533686,0.27477681988461883,0.10901841687123942,2.520462393149178,0.27477681988461883,0.10901841687123942,2.520462393149178,0.4925504189295422,0.12980289857070007,0.26413408174400965,0.26413408174400965,medium,full_curve,50,0.004590792861870557
8,early_growth_slope,0.0030545854796877213,0.002984837593439373,0.00327419656388797,0.0026666008802407356,0.0011949581159916263,0.004605945991767968,-0.0015136850238334184,0.006868401423707834,0.003410987875776342,0.008382086447541253,1.0,1.0,-6.974788624834836e-05,0.00021961108420024853,0.00021961108420024853,4.8229028303608654e-08,0.27477681988461883,0.10901841687123942,2.520462393149178,0.27477681988461883,0.10901841687123942,2.520462393149178,0.4925504189295422,0.12980289857070007,0.26413408174400965,0.26413408174400965,medium,full_curve,50,0.004590792861870557
9,peak_time,27.0,24.41,24.5,2.7269511594934417,22.75,26.0,20.0,28.0,3.25,8.0,0.0,1.0,-2.59,-2.5,2.5,6.25,0.3559927895696692,0.17681860275618935,2.013322037503817,0.3559927895696692,0.17681860275618935,2.013322037503817,0.8213335072767307,0.23056740893602845,0.21410608002798354,0.21410608002798354,medium,full_curve,50,0.00386335395735228
9,peak_height,0.21668259799480438,0.19163026869297028,0.19021611660718918,0.01970714665350042,0.17758603766560555,0.20511245727539062,0.16026779860258103,0.22442499324679374,0.02752641960978508,0.06415719464421271,0.0,1.0,-0.025052329301834098,-0.026466481387615204,0.026466481387615204,0.000700474637040982,0.3559927895696692,0.17681860275618935,2.013322037503817,0.3559927895696692,0.17681860275618935,2.013322037503817,0.8213335072767307,0.23056740893602845,0.21410608002798354,0.21410608002798354,medium,full_curve,50,0.00386335395735228
9,cumulative_infected,4.1012507220730186,4.318008769281696,4.355867676436901,0.3663201438633488,4.039860030374257,4.615560142556205,3.7558977043157937,4.911756918288302,0.5757001121819485,1.1558592139725081,1.0,1.0,0.21675804720867742,0.25461695436388254,0.25461695436388254,0.06482979344953944,0.3559927895696692,0.17681860275618935,2.013322037503817,0.3559927895696692,0.17681860275618935,2.013322037503817,0.8213335072767307,0.23056740893602845,0.21410608002798354,0.21410608002798354,medium,full_curve,50,0.00386335395735228
9,early_growth_slope,0.0009056383111913285,0.002717331994640708,0.00315300588096891,0.002671323745502961,0.0011613746637955222,0.004497199457892704,-0.001814813114747048,0.006732618023497272,0.003335824794097182,0.00854743113824432,0.0,1.0,0.0018116936834493792,0.0022473675697775816,0.0022473675697775816,5.050660993687993e-06,0.3559927895696692,0.17681860275618935,2.013322037503817,0.3559927895696692,0.17681860275618935,2.013322037503817,0.8213335072767307,0.23056740893602845,0.21410608002798354,0.21410608002798354,medium,full_curve,50,0.00386335395735228
10,peak_time,1.0,21.02,19.0,16.72533915043189,4.0,37.25,0.0,46.099999999999994,33.25,46.099999999999994,0.0,1.0,20.02,18.0,18.0,324.0,0.1,0.14953695342931206,0.6687310240493245,0.1,0.14953695342931206,0.6687310240493245,0.388590108705298,0.42157454286836554,0.20107210592573027,0.20107210592573027,medium,full_curve,50,0.00010306288804382699
10,peak_height,0.03993872180581093,0.05164338082075119,0.04924041964113712,0.015619404173845544,0.04251323081552982,0.05643231142312288,0.03392513636499643,0.0736432451754808,0.01391908060759306,0.039718108810484376,0.0,1.0,0.011704659014940264,0.009301697835326195,0.009301697835326195,8.652158261971202e-05,0.1,0.14953695342931206,0.6687310240493245,0.1,0.14953695342931206,0.6687310240493245,0.388590108705298,0.42157454286836554,0.20107210592573027,0.20107210592573027,medium,full_curve,50,0.00010306288804382699
10,cumulative_infected,0.3542973733274266,0.552557034093951,0.47639118095150934,0.3243860415459706,0.41084676100854267,0.5617657339898869,0.30783680126332913,1.3026451606245246,0.15091897298134427,0.9948083593611955,0.0,1.0,0.19825966076652435,0.12209380762408273,0.12209380762408273,0.014906897860146522,0.1,0.14953695342931206,0.6687310240493245,0.1,0.14953695342931206,0.6687310240493245,0.388590108705298,0.42157454286836554,0.20107210592573027,0.20107210592573027,medium,full_curve,50,0.00010306288804382699
10,early_growth_slope,-0.0039076340922509275,-0.000734950870915088,-0.0008795799249561407,0.002101233097951829,-0.002006817237131707,0.0004750832962426575,-0.003814051196275697,0.0026487584188414196,0.0024819005333743646,0.006462809615117117,0.0,0.0,0.0031726832213358393,0.003028054167294787,0.003028054167294787,9.169112040071326e-06,0.1,0.14953695342931206,0.6687310240493245,0.1,0.14953695342931206,0.6687310240493245,0.388590108705298,0.42157454286836554,0.20107210592573027,0.20107210592573027,medium,full_curve,50,0.00010306288804382699
11,peak_time,1.0,23.49,22.5,14.654605922626331,12.0,35.0,1.0,47.0,23.0,46.0,0.0,1.0,22.49,21.5,21.5,462.25,0.15737214947193012,0.4130253610911372,0.38102296928252005,0.15737214947193012,0.4130253610911372,0.38102296928252005,0.11489960090513164,0.46824899449326457,0.2364705781222965,0.2364705781222965,medium,full_curve,50,2.345623137178697e-06
11,peak_height,0.04921882599592209,0.0562951198220253,0.0487670935690403,0.02394859087294312,0.04407630208879709,0.05776761285960674,0.03721797093749046,0.10044295303523536,0.01369131077080965,0.0632249820977449,1.0,1.0,0.007076293826103211,-0.00045173242688179016,0.00045173242688179016,2.040621854965119e-07,0.15737214947193012,0.4130253610911372,0.38102296928252005,0.15737214947193012,0.4130253610911372,0.38102296928252005,0.11489960090513164,0.46824899449326457,0.2364705781222965,0.2364705781222965,medium,full_curve,50,2.345623137178697e-06
11,cumulative_infected,0.5252977227792144,0.6888764572996116,0.500693721605785,0.583970838174987,0.40424779104068875,0.6654262183146784,0.3045779901309288,2.034732321568299,0.26117842727398966,1.7301543314373702,1.0,1.0,0.16357873452039717,-0.024604001173429424,0.024604001173429424,0.0006053568737421165,0.15737214947193012,0.4130253610911372,0.38102296928252005,0.15737214947193012,0.4130253610911372,0.38102296928252005,0.11489960090513164,0.46824899449326457,0.2364705781222965,0.2364705781222965,medium,full_curve,50,2.345623137178697e-06
11,early_growth_slope,-0.006038130959495899,-0.00028345119646127373,-0.0003180600048965838,0.0021214811402288977,-0.0014560116930321452,0.001146187833953826,-0.004409784174779251,0.00288711025218834,0.0026021995269859713,0.0072968944269675914,0.0,0.0,0.005754679763034625,0.005720070954599315,0.005720070954599315,3.271921172565072e-05,0.15737214947193012,0.4130253610911372,0.38102296928252005,0.15737214947193012,0.4130253610911372,0.38102296928252005,0.11489960090513164,0.46824899449326457,0.2364705781222965,0.2364705781222965,medium,full_curve,50,2.345623137178697e-06
12,peak_time,25.0,23.4,21.0,15.612737612525732,10.0,39.0,1.9500000000000002,49.0,29.0,47.05,1.0,1.0,-1.6000000000000014,-4.0,4.0,16.0,0.1,0.11135629165761973,0.8980184101987141,0.1,0.11135629165761973,0.8980184101987141,0.4408165153540289,0.398979304211287,0.23740312225606353,0.23740312225606353,medium,full_curve,50,0.00013740870656167925
12,peak_height,0.057814594358205795,0.06086577661335468,0.051442814990878105,0.03219367135132684,0.04459003545343876,0.06392466835677624,0.03594175986945629,0.1080750200897454,0.01933463290333748,0.07213326022028911,1.0,1.0,0.0030511822551488876,-0.00637177936732769,0.00637177936732769,4.059957230590286e-05,0.1,0.11135629165761973,0.8980184101987141,0.1,0.11135629165761973,0.8980184101987141,0.4408165153540289,0.398979304211287,0.23740312225606353,0.23740312225606353,medium,full_curve,50,0.00013740870656167925
12,cumulative_infected,0.8138996358029544,0.8159898404212254,0.5714065661013592,0.755904220268642,0.4398500629904447,0.789562377751281,0.3679067052195023,2.396046190359628,0.3497123147608363,2.0281394851401258,0.0,1.0,0.002090204618270919,-0.24249306970159523,0.24249306970159523,0.058802888853302725,0.1,0.11135629165761973,0.8980184101987141,0.1,0.11135629165761973,0.8980184101987141,0.4408165153540289,0.398979304211287,0.23740312225606353,0.23740312225606353,medium,full_curve,50,0.00013740870656167925
12,early_growth_slope,0.0007391058662462806,0.00010579842596685301,-4.9594288048821855e-05,0.0022763232755309117,-0.0012695899645872738,0.0017498937023836848,-0.003743041055471012,0.003384953604767186,0.0030194836669709584,0.007127994660238198,1.0,1.0,-0.0006333074402794277,-0.0007887001542951026,0.0007887001542951026,6.220479333851186e-07,0.1,0.11135629165761973,0.8980184101987141,0.1,0.11135629165761973,0.8980184101987141,0.4408165153540289,0.398979304211287,0.23740312225606353,0.23740312225606353,medium,full_curve,50,0.00013740870656167925
13,peak_time,18.0,19.82,20.0,1.4865049511175432,19.0,21.0,17.95,22.0,2.0,4.050000000000001,0.0,1.0,1.8200000000000003,2.0,2.0,4.0,0.39956514867488796,0.10709905920497068,3.730799800119471,0.39956514867488796,0.10709905920497068,3.730799800119471,0.8857494005908546,0.11499398706729289,0.2776750991585781,0.2776750991585781,medium,full_curve,50,0.008805376280106818
13,peak_height,0.4122765362262726,0.39159627377986905,0.39183053374290466,0.021229789770337695,0.3778323009610176,0.40558112412691116,0.35797217339277265,0.42845052033662795,0.027748823165893555,0.0704783469438553,0.0,1.0,-0.02068026244640353,-0.02044600248336792,0.02044600248336792,0.00041803901754988715,0.39956514867488796,0.10709905920497068,3.730799800119471,0.39956514867488796,0.10709905920497068,3.730799800119471,0.8857494005908546,0.11499398706729289,0.2776750991585781,0.2776750991585781,medium,full_curve,50,0.008805376280106818
13,cumulative_infected,8.430602160748094,8.475879976911383,8.498416031710804,0.403289675811939,8.197145971702412,8.782081119948998,7.775206790363882,9.076731704780832,0.5849351482465863,1.3015249144169498,1.0,1.0,0.04527781616328852,0.06781387096270919,0.06781387096270919,0.004598721094946972,0.39956514867488796,0.10709905920497068,3.730799800119471,0.39956514867488796,0.10709905920497068,3.730799800119471,0.8857494005908546,0.11499398706729289,0.2776750991585781,0.2776750991585781,medium,full_curve,50,0.008805376280106818
13,early_growth_slope,0.0013308210098849885,0.007865959964753226,0.007880222495822679,0.00302096179546681,0.0057162792294374876,0.010238874951721212,0.0029362136644998644,0.01240607701641108,0.004522595722283725,0.009469863351911216,0.0,0.0,0.006535138954868238,0.006549401485937691,0.006549401485937691,4.2894659824002835e-05,0.39956514867488796,0.10709905920497068,3.730799800119471,0.39956514867488796,0.10709905920497068,3.730799800119471,0.8857494005908546,0.11499398706729289,0.2776750991585781,0.2776750991585781,medium,full_curve,50,0.008805376280106818
14,peak_time,34.0,24.29,24.0,11.643088729006369,17.0,31.0,1.0,42.19999999999999,14.0,41.19999999999999,0.0,1.0,-9.71,-10.0,10.0,100.0,0.3633884498687409,0.27550750197319923,1.3189784207912079,0.3633884498687409,0.27550750197319923,1.3189784207912079,0.8037411183808738,0.47230043301312946,0.3078314903098151,0.3078314903098151,medium,full_curve,50,0.000545280933430855
14,peak_height,0.07923274487257004,0.07191229976713658,0.06830793991684914,0.018517081552771385,0.05976052861660719,0.08151460066437721,0.04872337710112333,0.10128443501889704,0.021754072047770023,0.05256105791777371,1.0,1.0,-0.007320445105433462,-0.010924804955720901,0.010924804955720901,0.00011935136332054397,0.3633884498687409,0.27550750197319923,1.3189784207912079,0.3633884498687409,0.27550750197319923,1.3189784207912079,0.8037411183808738,0.47230043301312946,0.3078314903098151,0.3078314903098151,medium,full_curve,50,0.000545280933430855
14,cumulative_infected,1.1826409181812778,1.159275928355823,1.0804142818087712,0.5286877031067432,0.824977371848945,1.3355551089625806,0.5276790614807396,2.0168791834614237,0.5105777371136355,1.489200121980684,1.0,1.0,-0.023364989825454874,-0.10222663637250662,0.10222663637250662,0.010450285184036692,0.3633884498687409,0.27550750197319923,1.3189784207912079,0.3633884498687409,0.27550750197319923,1.3189784207912079,0.8037411183808738,0.47230043301312946,0.3078314903098151,0.3078314903098151,medium,full_curve,50,0.000545280933430855
14,early_growth_slope,0.0024016787286936523,0.0006652568379589265,0.0008305522872736532,0.002579287943969805,-0.0007114381715793903,0.002636434921961543,-0.0036674970916161912,0.004302634837638052,0.0033478730935409336,0.007970131929254243,1.0,1.0,-0.0017364218907347257,-0.001571126441419999,0.001571126441419999,2.4684382949290695e-06,0.3633884498687409,0.27550750197319923,1.3189784207912079,0.3633884498687409,0.27550750197319923,1.3189784207912079,0.8037411183808738,0.47230043301312946,0.3078314903098151,0.3078314903098151,medium,full_curve,50,0.000545280933430855
15,peak_time,25.0,23.53,24.5,15.932594759096077,8.0,38.25,1.9500000000000002,48.0,30.25,46.05,1.0,1.0,-1.4699999999999989,-0.5,0.5,0.25,0.1,0.09200360034101648,1.0869139862934105,0.1,0.09200360034101648,1.0869139862934105,0.223239646774186,0.19625577667810645,0.2907622482047377,0.2907622482047377,medium,full_curve,50,9.085341304221993e-06
15,peak_height,0.0490969642996788,0.05430164057761431,0.04787662252783775,0.023178334483674578,0.04166898690164089,0.06079728528857231,0.033712544664740565,0.0893992468714714,0.01912829838693142,0.05568670220673083,1.0,1.0,0.005204676277935506,-0.0012203417718410492,0.0012203417718410492,1.4892340401001514e-06,0.1,0.09200360034101648,1.0869139862934105,0.1,0.09200360034101648,1.0869139862934105,0.223239646774186,0.19625577667810645,0.2907622482047377,0.2907622482047377,medium,full_curve,50,9.085341304221993e-06
15,cumulative_infected,0.5192674802165129,0.6495167746923585,0.4700776771060191,0.5085383113382846,0.4064637853698514,0.6467346258577891,0.31816575859265867,1.6975287262495837,0.24027084048793768,1.379362967656925,1.0,1.0,0.13024929447584555,-0.04918980311049381,0.04918980311049381,0.0024196367300491468,0.1,0.09200360034101648,1.0869139862934105,0.1,0.09200360034101648,1.0869139862934105,0.223239646774186,0.19625577667810645,0.2907622482047377,0.2907622482047377,medium,full_curve,50,9.085341304221993e-06
15,early_growth_slope,0.00017127059064001666,-0.0003295760599411588,-0.00026097989341776246,0.0022173177550821477,-0.001944193700930034,0.0011493576939323074,-0.0036339972466174946,0.0027353504109972463,0.0030935513948623415,0.006369347657614741,1.0,1.0,-0.0005008466505811754,-0.0004322504840577791,0.0004322504840577791,1.8684048096818435e-07,0.1,0.09200360034101648,1.0869139862934105,0.1,0.09200360034101648,1.0869139862934105,0.223239646774186,0.19625577667810645,0.2907622482047377,0.2907622482047377,medium,full_curve,50,9.085341304221993e-06
16,peak_time,23.0,20.81,21.0,1.9730251602116688,19.0,22.0,18.0,24.0,3.0,6.0,0.0,1.0,-2.1900000000000013,-2.0,2.0,4.0,0.399394460067227,0.16926282898843015,2.3596111588949475,0.399394460067227,0.16926282898843015,2.3596111588949475,0.8042367176125458,0.20320599440074216,0.2949372107643181,0.2949372107643181,medium,full_curve,50,0.0060575284349103815
16,peak_height,0.2789978086948395,0.24329067781567573,0.24313918501138687,0.017607480031269183,0.22879988327622414,0.2548491656780243,0.21864272877573968,0.2740679785609245,0.026049282401800156,0.055425249785184844,0.0,0.0,-0.035707130879163745,-0.035858623683452606,0.035858623683452606,0.0012858408924714682,0.399394460067227,0.16926282898843015,2.3596111588949475,0.399394460067227,0.16926282898843015,2.3596111588949475,0.8042367176125458,0.20320599440074216,0.2949372107643181,0.2949372107643181,medium,full_curve,50,0.0060575284349103815
16,cumulative_infected,4.9942205533443484,5.102140134377333,5.146651377901435,0.29117623447236124,4.919484461424872,5.3191062905825675,4.608128504746128,5.521076820127201,0.3996218291576952,0.9129483153810725,1.0,1.0,0.10791958103298427,0.15243082455708645,0.15243082455708645,0.02323515627515327,0.399394460067227,0.16926282898843015,2.3596111588949475,0.399394460067227,0.16926282898843015,2.3596111588949475,0.8042367176125458,0.20320599440074216,0.2949372107643181,0.2949372107643181,medium,full_curve,50,0.0060575284349103815
16,early_growth_slope,0.004776834310351182,0.0043006259263215505,0.004285744118360093,0.002626556279761477,0.002596242769089128,0.006282527933806357,-0.0002508965609151682,0.008051905008254659,0.0036862851647172295,0.008302801569169828,1.0,1.0,-0.00047620838402963155,-0.0004910901919910893,0.0004910901919910893,2.411695766698449e-07,0.399394460067227,0.16926282898843015,2.3596111588949475,0.399394460067227,0.16926282898843015,2.3596111588949475,0.8042367176125458,0.20320599440074216,0.2949372107643181,0.2949372107643181,medium,full_curve,50,0.0060575284349103815
17,peak_time,33.0,33.6,34.0,2.94048714441411,31.75,35.0,29.0,38.05,3.25,9.049999999999997,1.0,1.0,0.6000000000000014,1.0,1.0,1.0,0.2418777893468445,0.08178830388573029,2.9573640466341207,0.2418777893468445,0.08178830388573029,2.9573640466341207,0.40089247552210316,0.09472465032987573,0.28461245680648195,0.28461245680648195,medium,full_curve,50,0.003912539048830534
17,peak_height,0.3435835838317871,0.3651943261921406,0.36961522698402405,0.04434657965133787,0.3395945578813553,0.3982507288455963,0.2952775925397873,0.42177036255598066,0.05865617096424103,0.12649277001619336,1.0,1.0,0.021610742360353485,0.02603164315223694,0.02603164315223694,0.0006776464452054043,0.2418777893468445,0.08178830388573029,2.9573640466341207,0.2418777893468445,0.08178830388573029,2.9573640466341207,0.40089247552210316,0.09472465032987573,0.28461245680648195,0.28461245680648195,medium,full_curve,50,0.003912539048830534
17,cumulative_infected,8.16441093198955,9.59498569288873,9.702411757782102,1.2049594826068126,9.031554270419292,10.376925671822391,7.735210938286036,11.1275509983534,1.3453714014030993,3.3923400600673634,0.0,1.0,1.4305747608991801,1.538000825792551,1.538000825792551,2.365446540138569,0.2418777893468445,0.08178830388573029,2.9573640466341207,0.2418777893468445,0.08178830388573029,2.9573640466341207,0.40089247552210316,0.09472465032987573,0.28461245680648195,0.28461245680648195,medium,full_curve,50,0.003912539048830534
17,early_growth_slope,0.004165349694501076,0.0023134044875543973,0.002310303860299644,0.0027083804510330306,0.00015465931556675442,0.00444682135864804,-0.0021681129736992114,0.006613310462784109,0.0042921620430812855,0.00878142343648332,1.0,1.0,-0.0018519452069466788,-0.001855045834201432,0.001855045834201432,3.4411950469880866e-06,0.2418777893468445,0.08178830388573029,2.9573640466341207,0.2418777893468445,0.08178830388573029,2.9573640466341207,0.40089247552210316,0.09472465032987573,0.28461245680648195,0.28461245680648195,medium,full_curve,50,0.003912539048830534
18,peak_time,26.0,26.87,26.5,9.0315440473259,22.0,33.25,12.0,41.05,11.25,29.049999999999997,1.0,1.0,0.870000000000001,0.5,0.5,0.25,0.3722770852993821,0.26928095037610167,1.3824857821521608,0.3722770852993821,0.26928095037610167,1.3824857821521608,0.7709307275198969,0.4292053339236153,0.3188599993575122,0.3188599993575122,medium,full_curve,50,0.000647912814479422
18,peak_height,0.07703056931495667,0.08528267450630665,0.07543472945690155,0.027388326591814952,0.06796924024820328,0.10653699189424515,0.04670418743044138,0.13005494996905326,0.03856775164604187,0.08335076253861187,1.0,1.0,0.008252105191349987,-0.0015958398580551147,0.0015958398580551147,2.5467048525573688e-06,0.3722770852993821,0.26928095037610167,1.3824857821521608,0.3722770852993821,0.26928095037610167,1.3824857821521608,0.7709307275198969,0.4292053339236153,0.3188599993575122,0.3188599993575122,medium,full_curve,50,0.000647912814479422
18,cumulative_infected,1.5913498348090798,1.6757305583270499,1.460926573490724,0.798733634983794,1.0359339613933116,2.2927592549240217,0.6455176536866929,3.1325647872406988,1.25682529353071,2.4870471335540056,1.0,1.0,0.0843807235179701,-0.1304232613183558,0.1304232613183558,0.017010227092916125,0.3722770852993821,0.26928095037610167,1.3824857821521608,0.3722770852993821,0.26928095037610167,1.3824857821521608,0.7709307275198969,0.4292053339236153,0.3188599993575122,0.3188599993575122,medium,full_curve,50,0.000647912814479422
18,early_growth_slope,-0.0005618941338200657,0.0009941779792738787,0.0008010031500210373,0.0025738769183242926,-0.0008446226087731436,0.002925653422218082,-0.0032116414832195177,0.005114747099356636,0.0037702760309912256,0.008326388582576155,1.0,1.0,0.0015560721130939443,0.001362897283841103,0.001362897283841103,1.8574890063014562e-06,0.3722770852993821,0.26928095037610167,1.3824857821521608,0.3722770852993821,0.26928095037610167,1.3824857821521608,0.7709307275198969,0.4292053339236153,0.3188599993575122,0.3188599993575122,medium,full_curve,50,0.000647912814479422
19,peak_time,30.0,32.79,33.0,2.6753457248502945,31.0,34.0,28.0,37.05,3.0,9.049999999999997,0.0,1.0,2.789999999999999,3.0,3.0,9.0,0.2521064958117461,0.10367290925790354,2.4317490231183676,0.2521064958117461,0.10367290925790354,2.4317490231183676,0.4720703531499616,0.12699829420329395,0.22972244889089177,0.22972244889089177,medium,full_curve,50,0.003400506506692531
19,peak_height,0.24873104691505432,0.32136956438422204,0.3253968805074692,0.04343147896972392,0.28733108192682266,0.35103777050971985,0.24849191308021545,0.38388458341360093,0.06370668858289719,0.13539267033338548,0.0,1.0,0.07263851746916772,0.07666583359241486,0.07666583359241486,0.005877650040419846,0.2521064958117461,0.10367290925790354,2.4317490231183676,0.2521064958117461,0.10367290925790354,2.4317490231183676,0.4720703531499616,0.12699829420329395,0.22972244889089177,0.22972244889089177,medium,full_curve,50,0.003400506506692531
19,cumulative_infected,6.358371123904362,8.358620774358279,8.501930163009092,1.1275480436371041,7.433407669013832,9.114328528987244,6.375726147269598,9.91775334017584,1.680920859973412,3.542027192906243,0.0,0.0,2.0002496504539167,2.14355903910473,2.14355903910473,4.594845354127593,0.2521064958117461,0.10367290925790354,2.4317490231183676,0.2521064958117461,0.10367290925790354,2.4317490231183676,0.4720703531499616,0.12699829420329395,0.22972244889089177,0.22972244889089177,medium,full_curve,50,0.003400506506692531
19,early_growth_slope,0.0008295662645694038,0.0021063378858109773,0.0021116051149354977,0.0024554020296972665,0.0004257879804104707,0.004210714623955676,-0.0018455572055245265,0.005886094636211748,0.0037849266435452055,0.007731651841736274,1.0,1.0,0.0012767716212415735,0.0012820388503660938,0.0012820388503660938,1.6436236138480155e-06,0.2521064958117461,0.10367290925790354,2.4317490231183676,0.2521064958117461,0.10367290925790354,2.4317490231183676,0.4720703531499616,0.12699829420329395,0.22972244889089177,0.22972244889089177,medium,full_curve,50,0.003400506506692531
20,peak_time,38.0,23.31,25.0,15.306099002249617,6.75,36.0,0.0,45.05,29.25,45.05,0.0,1.0,-14.690000000000001,-13.0,13.0,169.0,0.21836773107146706,0.1839195833784665,1.1873000528829698,0.21836773107146706,0.1839195833784665,1.1873000528829698,0.6499290594563397,0.45730464610530314,0.28175458522890323,0.28175458522890323,medium,full_curve,50,0.0002205654407857415
20,peak_height,0.06359650194644928,0.06885165438055992,0.05986278876662254,0.03728756086852194,0.04761444125324488,0.07178998179733753,0.03905094191431999,0.13585779890418048,0.024175540544092655,0.0968068569898605,1.0,1.0,0.005255152434110635,-0.0037337131798267365,0.0037337131798267365,1.394061410921188e-05,0.21836773107146706,0.1839195833784665,1.1873000528829698,0.21836773107146706,0.1839195833784665,1.1873000528829698,0.6499290594563397,0.45730464610530314,0.28175458522890323,0.28175458522890323,medium,full_curve,50,0.0002205654407857415
20,cumulative_infected,0.9708330526482314,1.0593706027242842,0.6674549844756257,1.0272804911887015,0.5021539604495047,1.040286540868692,0.3713398590392899,3.000504988711327,0.5381325804191874,2.629165129672037,1.0,1.0,0.0885375500760528,-0.3033780681726057,0.3033780681726057,0.0920382522481422,0.21836773107146706,0.1839195833784665,1.1873000528829698,0.21836773107146706,0.1839195833784665,1.1873000528829698,0.6499290594563397,0.45730464610530314,0.28175458522890323,0.28175458522890323,medium,full_curve,50,0.0002205654407857415
20,early_growth_slope,-0.0019025448169226607,-0.00011614573713034389,-0.00030526506487235736,0.002196908218476245,-0.0013208949461668013,0.0013964219092269473,-0.0037020740174089684,0.0038912393471469994,0.002717316855393749,0.007593313364555968,0.0,1.0,0.0017863990797923168,0.0015972797520503034,0.0015972797520503034,2.5513026063098785e-06,0.21836773107146706,0.1839195833784665,1.1873000528829698,0.21836773107146706,0.1839195833784665,1.1873000528829698,0.6499290594563397,0.45730464610530314,0.28175458522890323,0.28175458522890323,medium,full_curve,50,0.0002205654407857415
21,peak_time,17.0,22.2,20.0,15.592668569918144,8.0,35.25,1.0,47.0,27.25,46.0,1.0,1.0,5.199999999999999,3.0,3.0,9.0,0.20998600987374694,0.4473299719445828,0.4694208370633411,0.20998600987374694,0.4473299719445828,0.4694208370633411,0.1863113171088373,0.4910119493814975,0.21516212427530576,0.21516212427530576,medium,full_curve,50,6.770826042663852e-06
21,peak_height,0.038464028388261795,0.0524417201988399,0.04936546832323074,0.015126850561355694,0.04217405151575804,0.05811000894755125,0.03570211697369814,0.07612247504293919,0.015935957431793213,0.04042035806924105,0.0,1.0,0.013977691810578105,0.010901439934968948,0.010901439934968948,0.00011884139265573579,0.20998600987374694,0.4473299719445828,0.4694208370633411,0.20998600987374694,0.4473299719445828,0.4694208370633411,0.1863113171088373,0.4910119493814975,0.21516212427530576,0.21516212427530576,medium,full_curve,50,6.770826042663852e-06
21,cumulative_infected,0.3094732395838946,0.5560810615356645,0.4970484141049383,0.2956033111296082,0.408584978984436,0.5803895167919109,0.3398164597187133,1.0138731955667024,0.17180453780747484,0.6740567358479891,0.0,0.0,0.2466078219517699,0.18757517452104366,0.18757517452104366,0.035184446096599986,0.20998600987374694,0.4473299719445828,0.4694208370633411,0.20998600987374694,0.4473299719445828,0.4694208370633411,0.1863113171088373,0.4910119493814975,0.21516212427530576,0.21516212427530576,medium,full_curve,50,6.770826042663852e-06
21,early_growth_slope,-0.003093780206871174,-0.0004261216613659115,-0.0004052086844153336,0.002235476076507178,-0.0019394979185779523,0.0007660725428390181,-0.004072498989158442,0.003360421655123078,0.0027055704614169706,0.00743292064428152,0.0,1.0,0.0026676585455052623,0.00268857152245584,0.00268857152245584,7.228416831360514e-06,0.20998600987374694,0.4473299719445828,0.4694208370633411,0.20998600987374694,0.4473299719445828,0.4694208370633411,0.1863113171088373,0.4910119493814975,0.21516212427530576,0.21516212427530576,medium,full_curve,50,6.770826042663852e-06
22,peak_time,22.0,19.03,19.0,1.5005386238335094,18.0,20.0,17.0,22.0,2.0,5.0,0.0,1.0,-2.969999999999999,-3.0,3.0,9.0,0.4312260122022805,0.1514092633103894,2.8480820973170315,0.4312260122022805,0.1514092633103894,2.8480820973170315,0.9252126089336355,0.17198195208524397,0.29509450481816407,0.29509450481816407,medium,full_curve,50,0.007913905046439152
22,peak_height,0.31077638268470764,0.29990104109048843,0.3002408444881439,0.01919426478313579,0.2886005565524101,0.31140856444835663,0.2680952847003937,0.33647574931383134,0.022808007895946503,0.06838046461343766,1.0,1.0,-0.010875341594219212,-0.01053553819656372,0.01053553819656372,0.00011099756509125314,0.4312260122022805,0.1514092633103894,2.8480820973170315,0.4312260122022805,0.1514092633103894,2.8480820973170315,0.9252126089336355,0.17198195208524397,0.29509450481816407,0.29509450481816407,medium,full_curve,50,0.007913905046439152
22,cumulative_infected,5.9752492918632925,5.8870048905291155,5.879928294103593,0.29892663274983006,5.639542426099069,6.1304663678165525,5.44419227000908,6.384228352946229,0.4909239417174831,0.9400360829371488,1.0,1.0,-0.08824440133417699,-0.09532099775969982,0.09532099775969982,0.009086092613904698,0.4312260122022805,0.1514092633103894,2.8480820973170315,0.4312260122022805,0.1514092633103894,2.8480820973170315,0.9252126089336355,0.17198195208524397,0.29509450481816407,0.29509450481816407,medium,full_curve,50,0.007913905046439152
22,early_growth_slope,0.0002463901626123562,0.007228228032733697,0.007192963656052596,0.0027435803414765946,0.004899034467858396,0.009394035675671018,0.003077702429228729,0.011295497034110924,0.0044950012078126215,0.008217794604882195,0.0,0.0,0.006981837870121342,0.00694657349344024,0.00694657349344024,4.8254883299766544e-05,0.4312260122022805,0.1514092633103894,2.8480820973170315,0.4312260122022805,0.1514092633103894,2.8480820973170315,0.9252126089336355,0.17198195208524397,0.29509450481816407,0.29509450481816407,medium,full_curve,50,0.007913905046439152
23,peak_time,19.0,23.09,24.0,13.044674597456824,14.5,32.25,1.0,45.05,17.75,44.05,1.0,1.0,4.09,5.0,5.0,25.0,0.1,0.062414349473054395,1.602195662444133,0.1,0.062414349473054395,1.602195662444133,0.21507551470748892,0.13235491601133975,0.21776389148747133,0.21776389148747133,medium,full_curve,50,2.7888220015860844e-05
23,peak_height,0.06781529635190964,0.07539305578917264,0.06462972611188889,0.034931714678666695,0.05160201247781515,0.08673856407403946,0.04187675006687641,0.15455866158008574,0.03513655159622431,0.11268191151320933,1.0,1.0,0.007577759437263007,-0.003185570240020752,0.003185570240020752,1.0147857754105871e-05,0.1,0.062414349473054395,1.602195662444133,0.1,0.062414349473054395,1.602195662444133,0.21507551470748892,0.13235491601133975,0.21776389148747133,0.21776389148747133,medium,full_curve,50,2.7888220015860844e-05
23,cumulative_infected,1.269785977434367,1.3137589010465016,1.0006003368471283,1.0658377585491348,0.585445497850742,1.6595925249275751,0.4366359303938225,3.5957734085619437,1.0741470270768332,3.1591374781681214,1.0,1.0,0.04397292361213467,-0.2691856405872386,0.2691856405872386,0.07246090909836199,0.1,0.062414349473054395,1.602195662444133,0.1,0.062414349473054395,1.602195662444133,0.21507551470748892,0.13235491601133975,0.21776389148747133,0.21776389148747133,medium,full_curve,50,2.7888220015860844e-05
23,early_growth_slope,-0.0013584239419461004,-8.922105401454948e-05,-0.000370081967308319,0.0023210932356648706,-0.001449124787801078,0.0016741375244843462,-0.0034818974775373025,0.0035919033401157876,0.003123262312285424,0.00707380081765309,1.0,1.0,0.0012692028879315509,0.0009883419746377813,0.0009883419746377813,9.768198588309088e-07,0.1,0.062414349473054395,1.602195662444133,0.1,0.062414349473054395,1.602195662444133,0.21507551470748892,0.13235491601133975,0.21776389148747133,0.21776389148747133,medium,full_curve,50,2.7888220015860844e-05
24,peak_time,26.0,23.99,24.0,4.9451435211169,21.0,27.0,16.0,33.0,6.0,17.0,1.0,1.0,-2.0100000000000016,-2.0,2.0,4.0,0.3750523353174971,0.25462083706629485,1.4729836710883402,0.3750523353174971,0.25462083706629485,1.4729836710883402,0.7255901579361533,0.3765224536314298,0.3328165846948782,0.3328165846948782,medium,full_curve,50,0.0008169458807728829
24,peak_height,0.10911278426647186,0.10693212542682887,0.10754002630710602,0.023081418561072566,0.0889781005680561,0.12015880085527897,0.07367352694272995,0.1450110405683517,0.031180700287222862,0.07133751362562175,1.0,1.0,-0.002180658839642996,-0.0015727579593658447,0.0015727579593658447,2.473567598748616e-06,0.3750523353174971,0.25462083706629485,1.4729836710883402,0.3750523353174971,0.25462083706629485,1.4729836710883402,0.7255901579361533,0.3765224536314298,0.3328165846948782,0.3328165846948782,medium,full_curve,50,0.0008169458807728829
24,cumulative_infected,2.05998672824353,2.2277865042001213,2.2168053339701146,0.5649803514020668,1.817247323866468,2.556774884054903,1.415796921493893,3.1919470710861786,0.739527560188435,1.7761501495922856,1.0,1.0,0.16779977595659146,0.1568186057265848,0.1568186057265848,0.024592075102030053,0.3750523353174971,0.25462083706629485,1.4729836710883402,0.3750523353174971,0.25462083706629485,1.4729836710883402,0.7255901579361533,0.3765224536314298,0.3328165846948782,0.3328165846948782,medium,full_curve,50,0.0008169458807728829
24,early_growth_slope,-0.001481937471821548,0.001484237588104277,0.0011627027055337324,0.0026542911945860847,-0.00012494133330792891,0.0031426996664820407,-0.002645823576590156,0.006189580794307401,0.0032676409997899696,0.008835404370897557,0.0,1.0,0.0029661750599258253,0.0026446401773552804,0.0026446401773552804,6.994121667681769e-06,0.3750523353174971,0.25462083706629485,1.4729836710883402,0.3750523353174971,0.25462083706629485,1.4729836710883402,0.7255901579361533,0.3765224536314298,0.3328165846948782,0.3328165846948782,medium,full_curve,50,0.0008169458807728829
25,peak_time,23.0,23.69,23.5,5.5170900688934585,21.0,27.0,16.95,33.05,6.0,16.099999999999998,1.0,1.0,0.6900000000000013,0.5,0.5,0.25,0.3880441793182116,0.24966084293375632,1.5542853046489682,0.3880441793182116,0.24966084293375632,1.5542853046489682,0.7241602925207351,0.3521885800426382,0.34969193024207545,0.34969193024207545,medium,full_curve,50,0.0010484657325132484
25,peak_height,0.11412419378757477,0.1140418741852045,0.1116185151040554,0.02043983957950253,0.10012544505298138,0.12877506762742996,0.08371928296983241,0.1460587695240974,0.028649622574448586,0.062339486554264995,1.0,1.0,-8.231960237026215e-05,-0.0025056786835193634,0.0025056786835193634,6.27842566504333e-06,0.3880441793182116,0.24966084293375632,1.5542853046489682,0.3880441793182116,0.24966084293375632,1.5542853046489682,0.7241602925207351,0.3521885800426382,0.34969193024207545,0.34969193024207545,medium,full_curve,50,0.0010484657325132484
25,cumulative_infected,2.182746189646423,2.3768481835818966,2.355622893839609,0.44228521849158897,2.0755865023093065,2.675743830157444,1.7013517638202758,3.1581630922853945,0.6001573278481374,1.4568113284651187,1.0,1.0,0.19410199393547378,0.17287670419318601,0.17287670419318601,0.02988635485269834,0.3880441793182116,0.24966084293375632,1.5542853046489682,0.3880441793182116,0.24966084293375632,1.5542853046489682,0.7241602925207351,0.3521885800426382,0.34969193024207545,0.34969193024207545,medium,full_curve,50,0.0010484657325132484
25,early_growth_slope,0.004231933770435196,0.0017496411705984175,0.0017851503881891923,0.0025444959274969086,0.00032877671487984144,0.0035908752109944106,-0.002831181871217613,0.0053024836729968034,0.0032620984961145693,0.008133665544214417,0.0,1.0,-0.0024822925998367784,-0.0024467833822460036,0.0024467833822460036,5.986748919635193e-06,0.3880441793182116,0.24966084293375632,1.5542853046489682,0.3880441793182116,0.24966084293375632,1.5542853046489682,0.7241602925207351,0.3521885800426382,0.34969193024207545,0.34969193024207545,medium,full_curve,50,0.0010484657325132484
26,peak_time,32.0,27.55,27.0,6.125579749927942,24.75,31.0,16.95,36.05,6.25,19.099999999999998,0.0,1.0,-4.449999999999999,-5.0,5.0,25.0,0.33939151162205344,0.2291879731417031,1.4808434621140147,0.33939151162205344,0.2291879731417031,1.4808434621140147,0.664046959829155,0.3416518139936517,0.3030691213511554,0.3030691213511554,medium,full_curve,50,0.0007883096566704539
26,peak_height,0.10852492600679398,0.1059458503499627,0.10075699165463448,0.024159898231670477,0.09037733636796474,0.11845360323786736,0.07144191488623619,0.14992172196507453,0.02807626686990261,0.07847980707883834,1.0,1.0,-0.00257907565683127,-0.0077679343521595,0.0077679343521595,6.034080409945963e-05,0.33939151162205344,0.2291879731417031,1.4808434621140147,0.33939151162205344,0.2291879731417031,1.4808434621140147,0.664046959829155,0.3416518139936517,0.3030691213511554,0.3030691213511554,medium,full_curve,50,0.0007883096566704539
26,cumulative_infected,2.09960605064407,2.2855586147170834,2.2683108374476433,0.5969327012645822,1.9055491238977993,2.5795240621228004,1.3113501126819755,3.153911144682206,0.6739749382250011,1.8425610320002306,1.0,1.0,0.18595256407301353,0.16870478680357337,0.16870478680357337,0.028461305090439145,0.33939151162205344,0.2291879731417031,1.4808434621140147,0.33939151162205344,0.2291879731417031,1.4808434621140147,0.664046959829155,0.3416518139936517,0.3030691213511554,0.3030691213511554,medium,full_curve,50,0.0007883096566704539
26,early_growth_slope,0.003786524416812296,0.0012018697662573516,0.0011019998374173332,0.002377027639224203,-0.000681090484639362,0.002979117850329549,-0.002250021607947666,0.0051844751039641845,0.003660208334968911,0.00743449671191185,0.0,1.0,-0.0025846546505549446,-0.0026845245793949628,0.0026845245793949628,7.206672217375702e-06,0.33939151162205344,0.2291879731417031,1.4808434621140147,0.33939151162205344,0.2291879731417031,1.4808434621140147,0.664046959829155,0.3416518139936517,0.3030691213511554,0.3030691213511554,medium,full_curve,50,0.0007883096566704539
27,peak_time,46.0,36.42,35.0,5.973307629814829,33.0,40.0,28.0,46.05,7.0,18.049999999999997,0.0,1.0,-9.579999999999998,-11.0,11.0,121.0,0.22399916481086918,0.1419698490745019,1.5777939208297709,0.22399916481086918,0.1419698490745019,1.5777939208297709,0.38430782761335813,0.20172222890674602,0.2896935763130364,0.2896935763130364,medium,full_curve,50,0.00023498868884130406
27,peak_height,0.11346688121557236,0.15443788390606641,0.1501408964395523,0.05759584209726247,0.11065576039254665,0.19715408235788345,0.0659421656280756,0.25552499443292614,0.0864983219653368,0.18958282880485056,1.0,1.0,0.04097100269049406,0.03667401522397995,0.03667401522397995,0.0013449833926487131,0.22399916481086918,0.1419698490745019,1.5777939208297709,0.22399916481086918,0.1419698490745019,1.5777939208297709,0.38430782761335813,0.20172222890674602,0.2896935763130364,0.2896935763130364,medium,full_curve,50,0.00023498868884130406
27,cumulative_infected,2.6008387859910727,3.708468061109343,3.727690414933022,1.5878937374393527,2.4276676658773795,5.028305918109254,1.205528479581699,6.593097611749545,2.6006382522318745,5.387569132167846,1.0,1.0,1.1076292751182701,1.1268516289419495,1.1268516289419495,1.2697945936491248,0.22399916481086918,0.1419698490745019,1.5777939208297709,0.22399916481086918,0.1419698490745019,1.5777939208297709,0.38430782761335813,0.20172222890674602,0.2896935763130364,0.2896935763130364,medium,full_curve,50,0.00023498868884130406
27,early_growth_slope,-0.0021534484278942848,0.0018929002146207841,0.001570987630873875,0.002484609515495016,0.0002495394625536094,0.00356088276551721,-0.0017460478839070879,0.006632768550549543,0.0033113433029636004,0.008378816434456631,0.0,0.0,0.004046348642515069,0.00372443605876816,0.00372443605876816,1.3871423955852504e-05,0.22399916481086918,0.1419698490745019,1.5777939208297709,0.22399916481086918,0.1419698490745019,1.5777939208297709,0.38430782761335813,0.20172222890674602,0.2896935763130364,0.2896935763130364,medium,full_curve,50,0.00023498868884130406
28,peak_time,49.0,23.38,23.5,16.15817021343892,8.75,37.25,1.0,48.05,28.5,47.05,0.0,0.0,-25.62,-25.5,25.5,650.25,0.22030049037513963,0.3290594619131876,0.6694853540885546,0.22030049037513963,0.3290594619131876,0.6694853540885546,0.21291136386148155,0.3607346660973756,0.22748681709222318,0.22748681709222318,medium,full_curve,50,1.5411143470927272e-05
28,peak_height,0.05899858847260475,0.05305137038230896,0.04951576702296734,0.020462098205197173,0.04204200766980648,0.05710315331816673,0.03334034699946642,0.09146273508667943,0.015061145648360252,0.05812238808721301,0.0,1.0,-0.005947218090295789,-0.009482821449637413,0.009482821449637413,8.992390264570341e-05,0.22030049037513963,0.3290594619131876,0.6694853540885546,0.22030049037513963,0.3290594619131876,0.6694853540885546,0.21291136386148155,0.3607346660973756,0.22748681709222318,0.22748681709222318,medium,full_curve,50,1.5411143470927272e-05
28,cumulative_infected,0.40067552955588326,0.5869407535614664,0.45210375398164615,0.4575762906023347,0.38114461089935503,0.5562333703273907,0.30565561397525015,1.7913154318928712,0.1750887594280357,1.485659817917621,1.0,1.0,0.1862652240055831,0.05142822442576289,0.05142822442576289,0.0026448622675866347,0.22030049037513963,0.3290594619131876,0.6694853540885546,0.22030049037513963,0.3290594619131876,0.6694853540885546,0.21291136386148155,0.3607346660973756,0.22748681709222318,0.22748681709222318,medium,full_curve,50,1.5411143470927272e-05
28,early_growth_slope,-0.0035139660619842314,-0.00047349003471979385,-0.000334878003091683,0.0018769662784996982,-0.0014523785331610776,0.0009020459160637983,-0.0037880096099494613,0.0021741937440570586,0.002354424449224876,0.0059622033540065195,0.0,1.0,0.0030404760272644375,0.0031790880588925484,0.0031790880588925484,1.0106600886193192e-05,0.22030049037513963,0.3290594619131876,0.6694853540885546,0.22030049037513963,0.3290594619131876,0.6694853540885546,0.21291136386148155,0.3607346660973756,0.22748681709222318,0.22748681709222318,medium,full_curve,50,1.5411143470927272e-05
29,peak_time,41.0,40.18,40.0,3.8804873171010135,37.0,43.0,34.0,47.0,6.0,13.0,1.0,1.0,-0.8200000000000003,-1.0,1.0,1.0,0.18306010478297757,0.05205090657156281,3.5169436392293223,0.18306010478297757,0.05205090657156281,3.5169436392293223,0.2644606877936243,0.060421512310077086,0.3295953682300249,0.3295953682300249,medium,full_curve,50,0.0006349168364119924
29,peak_height,0.3753249943256378,0.40610961459577083,0.42096133530139923,0.06313485180685867,0.39593886584043503,0.43704603612422943,0.25698685422539713,0.46995236724615097,0.0411071702837944,0.21296551302075384,0.0,1.0,0.030784620270133012,0.045636340975761414,0.045636340975761414,0.00208267561765596,0.18306010478297757,0.05205090657156281,3.5169436392293223,0.18306010478297757,0.05205090657156281,3.5169436392293223,0.2644606877936243,0.060421512310077086,0.3295953682300249,0.3295953682300249,medium,full_curve,50,0.0006349168364119924
29,cumulative_infected,8.980114378966391,10.007051973446504,10.33641632180661,1.8648803114441668,9.66773964985623,11.134849485126324,5.607041024370119,12.016243013879283,1.4671098352700938,6.409201989509164,0.0,1.0,1.0269375944801133,1.3563019428402185,1.3563019428402185,1.8395549601521515,0.18306010478297757,0.05205090657156281,3.5169436392293223,0.18306010478297757,0.05205090657156281,3.5169436392293223,0.2644606877936243,0.060421512310077086,0.3295953682300249,0.3295953682300249,medium,full_curve,50,0.0006349168364119924
29,early_growth_slope,-0.0003717922261871732,0.0021178744316141867,0.002352078592160805,0.0024706915510729964,0.0001887831278422493,0.0036717719908448904,-0.0018971372355562836,0.005514302584647553,0.003482988863002641,0.007411439820203837,0.0,1.0,0.00248966665780136,0.002723870818347978,0.002723870818347978,7.419472235047684e-06,0.18306010478297757,0.05205090657156281,3.5169436392293223,0.18306010478297757,0.05205090657156281,3.5169436392293223,0.2644606877936243,0.060421512310077086,0.3295953682300249,0.3295953682300249,medium,full_curve,50,0.0006349168364119924
30,peak_time,24.0,23.13,23.0,3.1193595561275136,21.0,25.0,18.95,27.049999999999997,4.0,8.099999999999998,1.0,1.0,-0.870000000000001,-1.0,1.0,1.0,0.39487933625892857,0.21157211564136288,1.8664053864654395,0.39487933625892857,0.21157211564136288,1.8664053864654395,0.9313846928970714,0.28726239813804616,0.22997421547683358,0.22997421547683358,medium,full_curve,50,0.003068061607586938
30,peak_height,0.15356874465942383,0.15100815758109093,0.14997269213199615,0.018140432574949274,0.1380273997783661,0.16393939033150673,0.12473490871489049,0.17994217798113823,0.02591199055314064,0.05520726926624775,1.0,1.0,-0.0025605870783328988,-0.0035960525274276733,0.0035960525274276733,1.2931593780018957e-05,0.39487933625892857,0.21157211564136288,1.8664053864654395,0.39487933625892857,0.21157211564136288,1.8664053864654395,0.9313846928970714,0.28726239813804616,0.22997421547683358,0.22997421547683358,medium,full_curve,50,0.003068061607586938
30,cumulative_infected,2.94129338581115,3.1992315596576373,3.178411308050272,0.31884572583368875,3.018535860988777,3.431818931712769,2.666239283012692,3.6739496338646855,0.41328307072399184,1.0077103508519936,0.0,1.0,0.2579381738464872,0.23711792223912198,0.23711792223912198,0.0562249090469983,0.39487933625892857,0.21157211564136288,1.8664053864654395,0.39487933625892857,0.21157211564136288,1.8664053864654395,0.9313846928970714,0.28726239813804616,0.22997421547683358,0.22997421547683358,medium,full_curve,50,0.003068061607586938
30,early_growth_slope,0.003791511657514742,0.0026649642414971215,0.0025093248335733296,0.002896015018300704,0.0005348237083082844,0.004709617279115176,-0.0012106370171836908,0.006990626518797526,0.004174793570806892,0.008201263535981218,1.0,1.0,-0.0011265474160176204,-0.0012821868239414123,0.0012821868239414123,1.6440030514889663e-06,0.39487933625892857,0.21157211564136288,1.8664053864654395,0.39487933625892857,0.21157211564136288,1.8664053864654395,0.9313846928970714,0.28726239813804616,0.22997421547683358,0.22997421547683358,medium,full_curve,50,0.003068061607586938
31,peak_time,37.0,26.41,26.0,5.444105328544152,23.0,30.0,19.0,36.05,7.0,17.049999999999997,0.0,0.0,-10.59,-11.0,11.0,121.0,0.34360302909811213,0.23890082894183368,1.4382663744618935,0.34360302909811213,0.23890082894183368,1.4382663744618935,0.7498135529285523,0.3816684833302549,0.2677621122712081,0.2677621122712081,medium,full_curve,50,0.000877308707093455
31,peak_height,0.09503497183322906,0.11214889943599701,0.11252414062619209,0.025023792673770633,0.09271479956805706,0.12769893184304237,0.0757806196808815,0.15411219000816345,0.03498413227498531,0.07833157032728195,1.0,1.0,0.017113927602767948,0.017489168792963028,0.017489168792963028,0.00030587102506875186,0.34360302909811213,0.23890082894183368,1.4382663744618935,0.34360302909811213,0.23890082894183368,1.4382663744618935,0.7498135529285523,0.3816684833302549,0.2677621122712081,0.2677621122712081,medium,full_curve,50,0.000877308707093455
31,cumulative_infected,2.14334574714303,2.4556382525459046,2.443881593644619,0.6783374186705511,1.9781842963129748,2.883729408378713,1.4391952375182882,3.7387635564024095,0.9055451120657381,2.2995683188841216,1.0,1.0,0.31229250540287445,0.3005358465015888,0.3005358465015888,0.09032179503242656,0.34360302909811213,0.23890082894183368,1.4382663744618935,0.34360302909811213,0.23890082894183368,1.4382663744618935,0.7498135529285523,0.3816684833302549,0.2677621122712081,0.2677621122712081,medium,full_curve,50,0.000877308707093455
31,early_growth_slope,0.0004431362252771143,0.0016790738225479023,0.0015056158598824943,0.0026290756852046272,0.00011118861723281223,0.0034737973593499715,-0.00212862199072593,0.006252707866258873,0.0033626087421171594,0.008381329856984802,1.0,1.0,0.001235937597270788,0.00106247963460538,0.00106247963460538,1.128862973951182e-06,0.34360302909811213,0.23890082894183368,1.4382663744618935,0.34360302909811213,0.23890082894183368,1.4382663744618935,0.7498135529285523,0.3816684833302549,0.2677621122712081,0.2677621122712081,medium,full_curve,50,0.000877308707093455
32,peak_time,20.0,21.2,21.0,2.0250950844368028,20.0,23.0,18.0,25.0,3.0,7.0,1.0,1.0,1.1999999999999993,1.0,1.0,1.0,0.3934880612325437,0.1619880502870827,2.4291178302052896,0.3934880612325437,0.1619880502870827,2.4291178302052896,0.9657326361519409,0.1940338120294599,0.2164507052101683,0.2164507052101683,medium,full_curve,50,0.005435900509871848
32,peak_height,0.27280759811401367,0.25339590683579444,0.2527363896369934,0.018154181369476136,0.2398577481508255,0.2663510888814926,0.22518117651343345,0.2815023675560951,0.026493340730667114,0.056321191042661645,0.0,1.0,-0.019411691278219234,-0.020071208477020264,0.020071208477020264,0.0004028534097280101,0.3934880612325437,0.1619880502870827,2.4291178302052896,0.3934880612325437,0.1619880502870827,2.4291178302052896,0.9657326361519409,0.1940338120294599,0.2164507052101683,0.2164507052101683,medium,full_curve,50,0.005435900509871848
32,cumulative_infected,5.387023413553834,5.411006268652163,5.381512357620522,0.330193048226231,5.203451622277498,5.611897879625758,4.898170507629402,6.019535427819937,0.4084462573482597,1.1213649201905351,1.0,1.0,0.023982855098329203,-0.005511055933311582,0.005511055933311582,3.0371737500088788e-05,0.3934880612325437,0.1619880502870827,2.4291178302052896,0.3934880612325437,0.1619880502870827,2.4291178302052896,0.9657326361519409,0.1940338120294599,0.2164507052101683,0.2164507052101683,medium,full_curve,50,0.005435900509871848
32,early_growth_slope,0.00013285156871591542,0.0044125169054088816,0.00473551884282469,0.0028874076051532776,0.002852919356103354,0.00631788105238229,-0.001148660874570763,0.008089565842722852,0.0034649616962789363,0.009238226717293614,0.0,1.0,0.004279665336692966,0.004602667274108774,0.004602667274108774,2.1184546036151894e-05,0.3934880612325437,0.1619880502870827,2.4291178302052896,0.3934880612325437,0.1619880502870827,2.4291178302052896,0.9657326361519409,0.1940338120294599,0.2164507052101683,0.2164507052101683,medium,full_curve,50,0.005435900509871848
33,peak_time,0.0,21.82,19.0,16.450341557965825,7.0,37.5,0.0,49.0,30.5,49.0,0.0,1.0,21.82,19.0,19.0,361.0,0.1,0.18724896363765176,0.5340483496267113,0.1,0.18724896363765176,0.5340483496267113,0.3214611151840776,0.42169168380630556,0.21864389713047871,0.21864389713047871,medium,full_curve,50,4.5594360825546346e-05
33,peak_height,0.054773230105638504,0.05597869526594877,0.0494303647428751,0.02467803402155174,0.04286084230989218,0.05954642407596111,0.035208106599748136,0.11290776506066319,0.016685581766068935,0.07769965846091506,1.0,1.0,0.0012054651603102678,-0.005342865362763405,0.005342865362763405,2.854621028461693e-05,0.1,0.18724896363765176,0.5340483496267113,0.1,0.18724896363765176,0.5340483496267113,0.3214611151840776,0.42169168380630556,0.21864389713047871,0.21864389713047871,medium,full_curve,50,4.5594360825546346e-05
33,cumulative_infected,0.45014578686095774,0.6668177857338833,0.4706180060020415,0.54159526786858,0.38778258828097023,0.6236400017187407,0.31800960216423846,2.0686617911327625,0.23585741343777045,1.750652188968524,1.0,1.0,0.21667199887292554,0.02047221914108377,0.02047221914108377,0.00041911175656055667,0.1,0.18724896363765176,0.5340483496267113,0.1,0.18724896363765176,0.5340483496267113,0.3214611151840776,0.42169168380630556,0.21864389713047871,0.21864389713047871,medium,full_curve,50,4.5594360825546346e-05
33,early_growth_slope,-0.0033585009874687274,-0.00041985161576836273,-0.0003559324402539489,0.002026196797594431,-0.0016497799841177056,0.0008797042093993655,-0.0035842033919055035,0.0027330131044090216,0.002529484193517071,0.006317216496314525,0.0,1.0,0.0029386493717003647,0.0030025685472147784,0.0030025685472147784,9.015417880723466e-06,0.1,0.18724896363765176,0.5340483496267113,0.1,0.18724896363765176,0.5340483496267113,0.3214611151840776,0.42169168380630556,0.21864389713047871,0.21864389713047871,medium,full_curve,50,4.5594360825546346e-05
34,peak_time,19.0,24.39,27.0,16.560202384943942,7.0,40.0,1.0,48.0,33.0,47.0,1.0,1.0,5.390000000000001,8.0,8.0,64.0,0.19185369011173015,0.3733781148460734,0.5138321783825562,0.19185369011173015,0.3733781148460734,0.5138321783825562,0.1614080473523189,0.42202464202913326,0.31537605893322307,0.31537605893322307,medium,full_curve,50,2.0107076687492277e-06
34,peak_height,0.05514192208647728,0.05347461299970746,0.04995681717991829,0.021456352769841106,0.043112034909427166,0.058166260831058025,0.03302139844745398,0.07750888466835022,0.01505422592163086,0.044487486220896245,1.0,1.0,-0.0016673090867698193,-0.0051851049065589905,0.0051851049065589905,2.6885312892022117e-05,0.19185369011173015,0.3733781148460734,0.5138321783825562,0.19185369011173015,0.3733781148460734,0.5138321783825562,0.1614080473523189,0.42202464202913326,0.31537605893322307,0.31537605893322307,medium,full_curve,50,2.0107076687492277e-06
34,cumulative_infected,0.5401328703010222,0.6069219065170262,0.4853204175869905,0.4617329071275628,0.4217203397274716,0.6060075937275542,0.34221814377233384,1.2867811994394283,0.1842872540000826,0.9445630556670944,1.0,1.0,0.06678903621600396,-0.05481245271403168,0.05481245271403168,0.003004404972527959,0.19185369011173015,0.3733781148460734,0.5138321783825562,0.19185369011173015,0.3733781148460734,0.5138321783825562,0.1614080473523189,0.42202464202913326,0.31537605893322307,0.31537605893322307,medium,full_curve,50,2.0107076687492277e-06
34,early_growth_slope,0.001491187805229509,-0.00030148308570330346,-0.000645172998442181,0.0023293147003814684,-0.0018603186917538364,0.0012017563685298052,-0.0035106889590332674,0.003829401522671104,0.003062075060283642,0.007340090481704371,0.0,1.0,-0.0017926708909328124,-0.0021363608036716903,0.0021363608036716903,4.5640374834647504e-06,0.19185369011173015,0.3733781148460734,0.5138321783825562,0.19185369011173015,0.3733781148460734,0.5138321783825562,0.1614080473523189,0.42202464202913326,0.31537605893322307,0.31537605893322307,medium,full_curve,50,2.0107076687492277e-06
35,peak_time,27.0,25.43,25.0,7.91017117898267,21.75,29.25,12.8,39.14999999999999,7.5,26.34999999999999,1.0,1.0,-1.5700000000000003,-2.0,2.0,4.0,0.3593121089534827,0.2556109478280191,1.4056992159633013,0.3593121089534827,0.2556109478280191,1.4056992159633013,0.778454592282307,0.4126702474791653,0.2862072848644644,0.2862072848644644,medium,full_curve,50,0.0007829071911108948
35,peak_height,0.09503237903118134,0.08906237572431565,0.08416192978620529,0.020583402066891084,0.07523439079523087,0.10223482362926006,0.0625629236921668,0.12401941306889055,0.027000432834029198,0.06145648937672375,1.0,1.0,-0.005970003306865687,-0.010870449244976044,0.010870449244976044,0.00011816666678760024,0.3593121089534827,0.2556109478280191,1.4056992159633013,0.3593121089534827,0.2556109478280191,1.4056992159633013,0.778454592282307,0.4126702474791653,0.2862072848644644,0.2862072848644644,medium,full_curve,50,0.0007829071911108948
35,cumulative_infected,1.7139030057005584,1.747271671096023,1.7254739766358398,0.5279265281298433,1.395993462727347,1.9695630212663673,0.9630523331215954,2.669995855918387,0.5735695585390204,1.7069435227967915,1.0,1.0,0.03336866539546457,0.011570970935281366,0.011570970935281366,0.00013388736838512613,0.3593121089534827,0.2556109478280191,1.4056992159633013,0.3593121089534827,0.2556109478280191,1.4056992159633013,0.778454592282307,0.4126702474791653,0.2862072848644644,0.2862072848644644,medium,full_curve,50,0.0007829071911108948
35,early_growth_slope,0.0006474706765619063,0.0011768667722524353,0.00105952865643693,0.0023187107418961793,-0.00040704437941756216,0.0026592493633784005,-0.002314438135224569,0.0052995780094837125,0.0030662937427959626,0.007614016144708281,1.0,1.0,0.0005293960956905291,0.00041205797987502386,0.00041205797987502386,1.6979177877868557e-07,0.3593121089534827,0.2556109478280191,1.4056992159633013,0.3593121089534827,0.2556109478280191,1.4056992159633013,0.778454592282307,0.4126702474791653,0.2862072848644644,0.2862072848644644,medium,full_curve,50,0.0007829071911108948
36,peak_time,5.0,22.02,20.5,14.649425127480484,11.0,35.0,1.0,46.05,24.0,45.05,0.0,1.0,17.02,15.5,15.5,240.25,0.1,0.15233927155627566,0.6564295534461644,0.1,0.15233927155627566,0.6564295534461644,0.41521110410780404,0.4651707984700952,0.3067509872989652,0.3067509872989652,medium,full_curve,50,5.2272638916228914e-05
36,peak_height,0.04794011637568474,0.05124974405393004,0.04794899374246597,0.02120698844198799,0.04123819340020418,0.052645374089479446,0.035712797194719315,0.0846333388239145,0.011407180689275265,0.04892054162919518,1.0,1.0,0.0033096276782453027,8.877366781234741e-06,8.877366781234741e-06,7.880764096857007e-11,0.1,0.15233927155627566,0.6564295534461644,0.1,0.15233927155627566,0.6564295534461644,0.41521110410780404,0.4651707984700952,0.3067509872989652,0.3067509872989652,medium,full_curve,50,5.2272638916228914e-05
36,cumulative_infected,0.5115567838365678,0.6119565632633294,0.45328516711015254,0.6059425921617071,0.3872225724408054,0.5397055775420085,0.29977622894803063,1.9383406858425585,0.15248300510120316,1.638564456894528,1.0,1.0,0.10039977942676159,-0.05827161672641523,0.05827161672641523,0.0033955813159102354,0.1,0.15233927155627566,0.6564295534461644,0.1,0.15233927155627566,0.6564295534461644,0.41521110410780404,0.4651707984700952,0.3067509872989652,0.3067509872989652,medium,full_curve,50,5.2272638916228914e-05
36,early_growth_slope,0.0008683898597068737,-0.0003961647506410019,-0.0007047628512823602,0.002161583232620219,-0.0019762011537577118,0.000872807866904796,-0.004000679224520265,0.003119952011253361,0.0028490090206625077,0.007120631235773627,1.0,1.0,-0.0012645546103478757,-0.001573152710989234,0.001573152710989234,2.4748094520927764e-06,0.1,0.15233927155627566,0.6564295534461644,0.1,0.15233927155627566,0.6564295534461644,0.41521110410780404,0.4651707984700952,0.3067509872989652,0.3067509872989652,medium,full_curve,50,5.2272638916228914e-05
37,peak_time,10.0,25.16,24.5,15.560062839061915,11.75,40.25,1.9500000000000002,48.0,28.5,46.05,0.0,1.0,15.16,14.5,14.5,210.25,0.2983916943048784,0.44073639157040345,0.6770298527917524,0.2983916943048784,0.44073639157040345,0.6770298527917524,0.28687128303669307,0.48516385087271297,0.33055306461496986,0.33055306461496986,medium,full_curve,50,9.732576675791207e-06
37,peak_height,0.04113004729151726,0.05457316068932414,0.04936646670103073,0.02109029424781077,0.04331072885543108,0.056805252097547054,0.034660034254193305,0.09734878540039062,0.013494523242115974,0.06268875114619732,0.0,1.0,0.013443113397806884,0.008236419409513474,0.008236419409513474,6.783860468941028e-05,0.2983916943048784,0.44073639157040345,0.6770298527917524,0.2983916943048784,0.44073639157040345,0.6770298527917524,0.28687128303669307,0.48516385087271297,0.33055306461496986,0.33055306461496986,medium,full_curve,50,9.732576675791207e-06
37,cumulative_infected,0.41505191364558414,0.6484946889909247,0.4772228565852856,0.4882976995807628,0.39543980374583043,0.6233499344089068,0.29085651159402914,1.8180672479560591,0.22791013066307642,1.52721073636203,1.0,1.0,0.23344277534534053,0.06217094293970149,0.06217094293970149,0.0038652261460116184,0.2983916943048784,0.44073639157040345,0.6770298527917524,0.2983916943048784,0.44073639157040345,0.6770298527917524,0.28687128303669307,0.48516385087271297,0.33055306461496986,0.33055306461496986,medium,full_curve,50,9.732576675791207e-06
37,early_growth_slope,-0.001562626539019955,-0.0007335245657348069,-0.0006749814354060658,0.002309463958563133,-0.0022483812936116006,0.000541064885467114,-0.0045446969247201355,0.003536454708921067,0.0027894461790787146,0.008081151633641202,1.0,1.0,0.0008291019732851482,0.0008876451036138893,0.0008876451036138893,7.879138299697123e-07,0.2983916943048784,0.44073639157040345,0.6770298527917524,0.2983916943048784,0.44073639157040345,0.6770298527917524,0.28687128303669307,0.48516385087271297,0.33055306461496986,0.33055306461496986,medium,full_curve,50,9.732576675791207e-06
38,peak_time,22.0,20.69,21.0,2.1681579949139067,19.0,22.0,17.0,24.0,3.0,7.0,1.0,1.0,-1.3099999999999987,-1.0,1.0,1.0,0.42509704940185633,0.21622631509671827,1.9659820277273372,0.42509704940185633,0.21622631509671827,1.9659820277273372,0.8188433244119744,0.27584126322365227,0.3371902966259418,0.3371902966259418,medium,full_curve,50,0.0033026581273334753
38,peak_height,0.1842082440853119,0.17159147709608077,0.1720600128173828,0.016578268276282723,0.15998293459415436,0.18244412168860435,0.14537046551704408,0.2004636213183403,0.022461187094449997,0.05509315580129623,0.0,1.0,-0.012616766989231115,-0.012148231267929077,0.012148231267929077,0.0001475795229390897,0.42509704940185633,0.21622631509671827,1.9659820277273372,0.42509704940185633,0.21622631509671827,1.9659820277273372,0.8188433244119744,0.27584126322365227,0.3371902966259418,0.3371902966259418,medium,full_curve,50,0.0033026581273334753
38,cumulative_infected,3.4192751543596387,3.4412554771940815,3.471667201956734,0.23143599678038998,3.283522540645208,3.6223786417394876,3.0238078586407937,3.777925756125478,0.33885610109427944,0.7541178974846843,1.0,1.0,0.021980322834442845,0.05239204759709537,0.05239204759709537,0.0027449266514163067,0.42509704940185633,0.21622631509671827,1.9659820277273372,0.42509704940185633,0.21622631509671827,1.9659820277273372,0.8188433244119744,0.27584126322365227,0.3371902966259418,0.3371902966259418,medium,full_curve,50,0.0033026581273334753
38,early_growth_slope,0.0046186104993380245,0.00374346115954679,0.0038269882726516304,0.0026771731173222224,0.002245467117713167,0.005215541230947045,-0.0004258928415808985,0.008056666263257194,0.002970074113233878,0.008482559104838094,1.0,1.0,-0.0008751493397912346,-0.0007916222266863941,0.0007916222266863941,6.266657497839248e-07,0.42509704940185633,0.21622631509671827,1.9659820277273372,0.42509704940185633,0.21622631509671827,1.9659820277273372,0.8188433244119744,0.27584126322365227,0.3371902966259418,0.3371902966259418,medium,full_curve,50,0.0033026581273334753
39,peak_time,14.0,24.57,25.5,14.555539748622767,13.0,38.0,1.0,46.05,25.0,45.05,1.0,1.0,10.57,11.5,11.5,132.25,0.1,0.1008727549249815,0.9913479618393435,0.1,0.1008727549249815,0.9913479618393435,0.34310243473030666,0.30067154646677735,0.23671188092232817,0.23671188092232817,medium,full_curve,50,9.422329669801857e-05
39,peak_height,0.05469970777630806,0.05530433055013418,0.051152873784303665,0.02059717354765981,0.04429056216031313,0.059616971760988235,0.03597375601530075,0.08497064150869837,0.015326409600675106,0.048996885493397625,1.0,1.0,0.0006046227738261203,-0.0035468339920043945,0.0035468339920043945,1.258003136683783e-05,0.1,0.1008727549249815,0.9913479618393435,0.1,0.1008727549249815,0.9913479618393435,0.34310243473030666,0.30067154646677735,0.23671188092232817,0.23671188092232817,medium,full_curve,50,9.422329669801857e-05
39,cumulative_infected,0.5909598453436047,0.6827587018865051,0.5219888767169323,0.5545015221356712,0.43153154072206235,0.6416124995248538,0.301713276321243,1.5138599605124892,0.21008095880279143,1.212146684191246,1.0,1.0,0.09179885654290043,-0.0689709686266724,0.0689709686266724,0.004756994513301429,0.1,0.1008727549249815,0.9913479618393435,0.1,0.1008727549249815,0.9913479618393435,0.34310243473030666,0.30067154646677735,0.23671188092232817,0.23671188092232817,medium,full_curve,50,9.422329669801857e-05
39,early_growth_slope,-0.0013350948214619638,-0.00048276716458000543,-0.00029677120203684454,0.0024631672230000325,-0.002253636189076737,0.0013655794817688208,-0.004777448968629214,0.003253557604745894,0.003619215670845558,0.008031006573375108,1.0,1.0,0.0008523276568819583,0.0010383236194251191,0.0010383236194251191,1.0781159386560796e-06,0.1,0.1008727549249815,0.9913479618393435,0.1,0.1008727549249815,0.9913479618393435,0.34310243473030666,0.30067154646677735,0.23671188092232817,0.23671188092232817,medium,full_curve,50,9.422329669801857e-05
40,peak_time,29.0,29.29,29.0,2.3668373818070374,27.0,31.0,26.0,33.0,4.0,7.0,1.0,1.0,0.28999999999999915,0.0,0.0,0.0,0.27245605390147865,0.06128039512797452,4.446055762736138,0.27245605390147865,0.06128039512797452,4.446055762736138,0.49437727735218284,0.06625782067035502,0.27740169588144675,0.27740169588144675,medium,full_curve,50,0.009078889972108697
40,peak_height,0.4999113082885742,0.46345809280872347,0.4649595022201538,0.03388208130938049,0.44093121588230133,0.48529866337776184,0.4160967990756035,0.5099717020988465,0.04436744749546051,0.09387490302324297,0.0,1.0,-0.036453215479850753,-0.03495180606842041,0.03495180606842041,0.0012216287474444698,0.27245605390147865,0.06128039512797452,4.446055762736138,0.27245605390147865,0.06128039512797452,4.446055762736138,0.49437727735218284,0.06625782067035502,0.27740169588144675,0.27740169588144675,medium,full_curve,50,0.009078889972108697
40,cumulative_infected,12.339215779909864,12.439918282001745,12.47950422752183,0.9625148856670939,11.865923197939992,13.162716268445365,10.993660539155826,13.835104091535323,1.2967930705053732,2.8414435523794968,1.0,1.0,0.10070250209188103,0.14028844761196524,0.14028844761196524,0.019680848533375116,0.27245605390147865,0.06128039512797452,4.446055762736138,0.27245605390147865,0.06128039512797452,4.446055762736138,0.49437727735218284,0.06625782067035502,0.27740169588144675,0.27740169588144675,medium,full_curve,50,0.009078889972108697
40,early_growth_slope,-0.0005825850391937848,0.00436343809695938,0.0043854224218410395,0.002936690548549592,0.002503263292878511,0.00621511511382691,-0.00021532742816600002,0.009306153696906263,0.003711851820948399,0.009521481125072263,0.0,0.0,0.004946023136153164,0.004968007461034824,0.004968007461034824,2.4681098132897678e-05,0.27245605390147865,0.06128039512797452,4.446055762736138,0.27245605390147865,0.06128039512797452,4.446055762736138,0.49437727735218284,0.06625782067035502,0.27740169588144675,0.27740169588144675,medium,full_curve,50,0.009078889972108697
41,peak_time,39.0,35.45,38.0,10.684998451997638,33.0,43.0,5.95,47.05,10.0,41.099999999999994,1.0,1.0,-3.549999999999997,-1.0,1.0,1.0,0.24220350974238766,0.16114999721124823,1.502969369741211,0.24220350974238766,0.16114999721124823,1.502969369741211,0.43115345857382337,0.23601286905335017,0.29284337882231737,0.29284337882231737,medium,full_curve,50,0.00027879595887202505
41,peak_height,0.11036937683820724,0.1657154304161668,0.15238817036151886,0.08837602835772378,0.09129025600850582,0.22741155698895454,0.051777320355176924,0.3317444413900375,0.13612130098044872,0.2799671210348606,1.0,1.0,0.05534605357795955,0.042018793523311615,0.042018793523311615,0.0017655790091546941,0.24220350974238766,0.16114999721124823,1.502969369741211,0.24220350974238766,0.16114999721124823,1.502969369741211,0.43115345857382337,0.23601286905335017,0.29284337882231737,0.29284337882231737,medium,full_curve,50,0.00027879595887202505
41,cumulative_infected,1.9995415459852666,3.795194292560991,3.408223596168682,2.3146797947153193,1.8425466736662202,5.621379502117634,0.5404353105157498,7.817379261675523,3.7788328284514137,7.276943951159773,1.0,1.0,1.7956527465757244,1.4086820501834154,1.4086820501834154,1.9843851185089505,0.24220350974238766,0.16114999721124823,1.502969369741211,0.24220350974238766,0.16114999721124823,1.502969369741211,0.43115345857382337,0.23601286905335017,0.29284337882231737,0.29284337882231737,medium,full_curve,50,0.00027879595887202505
41,early_growth_slope,-0.0012889779505452922,0.0013479825863898795,0.0011088973232766706,0.0023506829258406275,-0.00022096565416653647,0.0028214654944133054,-0.0018179390464086137,0.005504850685628341,0.003042431148579842,0.007322789732036955,0.0,1.0,0.0026369605369351715,0.0023978752738219628,0.0023978752738219628,5.749805828806753e-06,0.24220350974238766,0.16114999721124823,1.502969369741211,0.24220350974238766,0.16114999721124823,1.502969369741211,0.43115345857382337,0.23601286905335017,0.29284337882231737,0.29284337882231737,medium,full_curve,50,0.00027879595887202505
42,peak_time,27.0,22.86,23.0,3.640457291732632,20.0,25.0,18.0,30.0,5.0,12.0,0.0,1.0,-4.140000000000001,-4.0,4.0,16.0,0.4053151519398663,0.23409553703882968,1.7314091377685523,0.4053151519398663,0.23409553703882968,1.7314091377685523,0.8286125751942053,0.32178977205888054,0.299072601829452,0.299072601829452,medium,full_curve,50,0.0021496455806168054
42,peak_height,0.14176054298877716,0.14001749865710736,0.1390295773744583,0.01777657010533697,0.12865598872303963,0.1512903831899166,0.11269600056111813,0.17130792140960693,0.022634394466876984,0.058611920848488805,1.0,1.0,-0.0017430443316698019,-0.0027309656143188477,0.0027309656143188477,7.458173186591921e-06,0.4053151519398663,0.23409553703882968,1.7314091377685523,0.4053151519398663,0.23409553703882968,1.7314091377685523,0.8286125751942053,0.32178977205888054,0.299072601829452,0.299072601829452,medium,full_curve,50,0.0021496455806168054
42,cumulative_infected,2.7345859468041454,2.9398109744433896,2.9241374381817877,0.2802670054229157,2.7737683253362775,3.1499930564605165,2.519351228227606,3.4287538540316747,0.37622473112423904,0.9094026258040686,0.0,1.0,0.20522502763924422,0.18955149137764238,0.18955149137764238,0.03592976788348843,0.4053151519398663,0.23409553703882968,1.7314091377685523,0.4053151519398663,0.23409553703882968,1.7314091377685523,0.8286125751942053,0.32178977205888054,0.299072601829452,0.299072601829452,medium,full_curve,50,0.0021496455806168054
42,early_growth_slope,-0.0037984460882615236,0.0024493127860001724,0.002808382032006714,0.0025412139867198916,0.0008700500038685281,0.004481681044645873,-0.0022239386292529253,0.006301020863611484,0.003611631040777345,0.00852495949286441,0.0,0.0,0.006247758874261696,0.0066068281202682376,0.0066068281202682376,4.365017781076713e-05,0.4053151519398663,0.23409553703882968,1.7314091377685523,0.4053151519398663,0.23409553703882968,1.7314091377685523,0.8286125751942053,0.32178977205888054,0.299072601829452,0.299072601829452,medium,full_curve,50,0.0021496455806168054
43,peak_time,20.0,25.1,24.5,15.35670156082623,10.75,38.0,1.9500000000000002,48.05,27.25,46.099999999999994,1.0,1.0,5.100000000000001,4.5,4.5,20.25,0.1,0.08314283168077784,1.2027495092294223,0.1,0.08314283168077784,1.2027495092294223,0.598133022984479,0.43901229003884185,0.24810898265831205,0.24810898265831205,medium,full_curve,50,0.00018169334919077197
43,peak_height,0.0644334927201271,0.059227549284696576,0.050717638805508614,0.03083819089023469,0.04436987917870283,0.05875051021575928,0.035253220982849595,0.13286981061100958,0.014380631037056446,0.09761658962815999,0.0,1.0,-0.0052059434354305295,-0.013715853914618492,0.013715853914618492,0.00018812464860715541,0.1,0.08314283168077784,1.2027495092294223,0.1,0.08314283168077784,1.2027495092294223,0.598133022984479,0.43901229003884185,0.24810898265831205,0.24810898265831205,medium,full_curve,50,0.00018169334919077197
43,cumulative_infected,0.663419765420258,0.7450625325956799,0.501100771696656,0.7006158531139138,0.42026806672856765,0.6405829766954412,0.3095280366287625,2.5251210308284495,0.22031490996687353,2.215592994199687,0.0,1.0,0.08164276717542185,-0.16231899372360203,0.16231899372360203,0.026347455723442756,0.1,0.08314283168077784,1.2027495092294223,0.1,0.08314283168077784,1.2027495092294223,0.598133022984479,0.43901229003884185,0.24810898265831205,0.24810898265831205,medium,full_curve,50,0.00018169334919077197
43,early_growth_slope,0.0015147245222968712,-0.0003543893655223865,-0.0005352113448246935,0.0022075142341719733,-0.0016863072981193117,0.0012043365027888547,-0.003085682911304977,0.003016803077133813,0.002890643800908166,0.00610248598843879,0.0,1.0,-0.0018691138878192577,-0.0020499358671215648,0.0020499358671215648,4.202237059311441e-06,0.1,0.08314283168077784,1.2027495092294223,0.1,0.08314283168077784,1.2027495092294223,0.598133022984479,0.43901229003884185,0.24810898265831205,0.24810898265831205,medium,full_curve,50,0.00018169334919077197
44,peak_time,25.0,20.83,19.5,15.491317216134627,6.75,35.0,0.9500000000000002,47.0,28.25,46.05,1.0,1.0,-4.170000000000002,-5.5,5.5,30.25,0.1734366410969067,0.3092573771120068,0.5608165040929369,0.1734366410969067,0.3092573771120068,0.5608165040929369,0.15736231199119458,0.34243928144379016,0.20001940662975543,0.20001940662975543,medium,full_curve,50,8.99744347379435e-06
44,peak_height,0.04490622505545616,0.05531690698117018,0.0504448339343071,0.020404987406801172,0.04410684946924448,0.05902466271072626,0.03780111037194729,0.08102922476828092,0.014917813241481781,0.04322811439633363,1.0,1.0,0.010410681925714017,0.005538608878850937,0.005538608878850937,3.067618831288643e-05,0.1734366410969067,0.3092573771120068,0.5608165040929369,0.1734366410969067,0.3092573771120068,0.5608165040929369,0.15736231199119458,0.34243928144379016,0.20001940662975543,0.20001940662975543,medium,full_curve,50,8.99744347379435e-06
44,cumulative_infected,0.42634400114184245,0.6267271693279599,0.49361995347135235,0.4685050367665171,0.4157477405242389,0.6209775435709162,0.33507516712124924,1.6363843859639018,0.20522980304667726,1.3013092188426525,1.0,1.0,0.20038316818611746,0.06727595232950989,0.06727595232950989,0.004526053761842487,0.1734366410969067,0.3092573771120068,0.5608165040929369,0.1734366410969067,0.3092573771120068,0.5608165040929369,0.15736231199119458,0.34243928144379016,0.20001940662975543,0.20001940662975543,medium,full_curve,50,8.99744347379435e-06
44,early_growth_slope,0.0019692442756855766,-0.000584044424401889,-0.0009930975474638937,0.0023443464166130142,-0.002327472546658966,0.000736366908919687,-0.0036396819054581456,0.0034735232480757284,0.003063839455578653,0.007113205153533874,0.0,1.0,-0.0025532887000874653,-0.0029623418231494703,0.0029623418231494703,8.775469077180527e-06,0.1734366410969067,0.3092573771120068,0.5608165040929369,0.1734366410969067,0.3092573771120068,0.5608165040929369,0.15736231199119458,0.34243928144379016,0.20001940662975543,0.20001940662975543,medium,full_curve,50,8.99744347379435e-06
45,peak_time,21.0,20.91,21.0,1.5897080603594222,20.0,22.0,19.0,24.0,2.0,5.0,1.0,1.0,-0.08999999999999986,0.0,0.0,0.0,0.38117268954826783,0.08022716411683158,4.751167434924927,0.38117268954826783,0.08022716411683158,4.751167434924927,0.7333566372847715,0.08386691201008276,0.3468414061909103,0.3468414061909103,medium,full_curve,50,0.010443930667870577
45,peak_height,0.5011494159698486,0.4757619467377663,0.4724310338497162,0.024571647156341837,0.4591207951307297,0.49168235063552856,0.43946146965026855,0.5191192954778672,0.03256155550479889,0.07965782582759862,0.0,1.0,-0.02538746923208235,-0.028718382120132446,0.028718382120132446,0.000824745471597943,0.38117268954826783,0.08022716411683158,4.751167434924927,0.38117268954826783,0.08022716411683158,4.751167434924927,0.7333566372847715,0.08386691201008276,0.3468414061909103,0.3468414061909103,medium,full_curve,50,0.010443930667870577
45,cumulative_infected,11.159879482351243,11.317030115996022,11.385188896441832,0.6131629188034134,10.898725008504698,11.676503273192793,10.280445822805632,12.303730115893995,0.7777782646880951,2.0232842930883628,1.0,1.0,0.157150633644779,0.2253094140905887,0.2253094140905887,0.050764332077844365,0.38117268954826783,0.08022716411683158,4.751167434924927,0.38117268954826783,0.08022716411683158,4.751167434924927,0.7333566372847715,0.08386691201008276,0.3468414061909103,0.3468414061909103,medium,full_curve,50,0.010443930667870577
45,early_growth_slope,0.005868963276346526,0.0076945967289170115,0.007894149772168712,0.002609679925908624,0.00585806511281546,0.009288549923526476,0.0034816313932727406,0.011898470103326305,0.003430484810711016,0.008416838710053564,1.0,1.0,0.0018256334525704855,0.0020251864958221863,0.0020251864958221863,4.101380342860546e-06,0.38117268954826783,0.08022716411683158,4.751167434924927,0.38117268954826783,0.08022716411683158,4.751167434924927,0.7333566372847715,0.08386691201008276,0.3468414061909103,0.3468414061909103,medium,full_curve,50,0.010443930667870577
46,peak_time,20.0,21.88,22.0,1.8709906628858575,20.0,23.0,19.0,25.0,3.0,6.0,1.0,1.0,1.879999999999999,2.0,2.0,4.0,0.3625348003704017,0.0824794402589855,4.39545660387658,0.3625348003704017,0.0824794402589855,4.39545660387658,0.8776878200248025,0.08662539624802407,0.23407140305852334,0.23407140305852334,medium,full_curve,50,0.005959324168670304
46,peak_height,0.4699857831001282,0.45194539189338684,0.4517101049423218,0.025202708594523407,0.43403666466474533,0.4694385305047035,0.40924799889326097,0.4887806341052055,0.03540186583995819,0.07953263521194454,0.0,1.0,-0.018040391206741335,-0.018275678157806396,0.018275678157806396,0.0003340004121277218,0.3625348003704017,0.0824794402589855,4.39545660387658,0.3625348003704017,0.0824794402589855,4.39545660387658,0.8776878200248025,0.08662539624802407,0.23407140305852334,0.23407140305852334,medium,full_curve,50,0.005959324168670304
46,cumulative_infected,10.65262309834361,10.886996195256652,10.930941999191418,0.620982342668534,10.48470784444362,11.243548975558951,9.849641532450914,11.779683393565938,0.7588411311153322,1.9300418611150238,1.0,1.0,0.23437309691304087,0.2783189008478075,0.2783189008478075,0.07746141056913172,0.3625348003704017,0.0824794402589855,4.39545660387658,0.3625348003704017,0.0824794402589855,4.39545660387658,0.8776878200248025,0.08662539624802407,0.23407140305852334,0.23407140305852334,medium,full_curve,50,0.005959324168670304
46,early_growth_slope,0.0032441778041954563,0.006388496625385458,0.006748512388661592,0.002885745785296572,0.004265384628005058,0.00819755772854911,0.0016711580555974744,0.010923069799900983,0.003932173100544051,0.00925191174430351,0.0,1.0,0.003144318821190002,0.003504334584466136,0.003504334584466136,1.2280360879885446e-05,0.3625348003704017,0.0824794402589855,4.39545660387658,0.3625348003704017,0.0824794402589855,4.39545660387658,0.8776878200248025,0.08662539624802407,0.23407140305852334,0.23407140305852334,medium,full_curve,50,0.005959324168670304
47,peak_time,36.0,35.6,35.0,3.178208630818641,34.0,37.25,31.0,41.05,3.25,10.049999999999997,1.0,1.0,-0.3999999999999986,-1.0,1.0,1.0,0.21797157453338217,0.060179417233108205,3.6220286695209687,0.21797157453338217,0.060179417233108205,3.6220286695209687,0.407590816443254,0.06955601600984852,0.21485647839365238,0.21485647839365238,medium,full_curve,50,0.0042713760249380355
47,peak_height,0.40882590413093567,0.4198657324165106,0.4345603734254837,0.06447862227460742,0.40221894532442093,0.4563000798225403,0.288039368391037,0.480127227306366,0.054081134498119354,0.19208785891532898,1.0,1.0,0.011039828285574926,0.025734469294548035,0.025734469294548035,0.0006622629098720356,0.21797157453338217,0.060179417233108205,3.6220286695209687,0.21797157453338217,0.060179417233108205,3.6220286695209687,0.407590816443254,0.06955601600984852,0.21485647839365238,0.21485647839365238,medium,full_curve,50,0.0042713760249380355
47,cumulative_infected,10.01121562672779,10.942138426584133,11.499432152544614,1.8774851874651284,10.28417571040336,12.060126098571345,7.240163221373223,12.901814949931577,1.7759503881679848,5.661651728558354,0.0,1.0,0.9309227998563436,1.4882165258168243,1.4882165258168243,2.2147884277142986,0.21797157453338217,0.060179417233108205,3.6220286695209687,0.21797157453338217,0.060179417233108205,3.6220286695209687,0.407590816443254,0.06955601600984852,0.21485647839365238,0.21485647839365238,medium,full_curve,50,0.0042713760249380355
47,early_growth_slope,0.0025357649927692763,0.002606286286005516,0.0028053145201521975,0.0026695668463210045,0.0012326166927648194,0.00402387986001226,-0.0010702897861760662,0.006934168954107699,0.002791263167247441,0.008004458740283766,1.0,1.0,7.052129323623958e-05,0.0002695495273829212,0.0002695495273829212,7.265694771235618e-08,0.21797157453338217,0.060179417233108205,3.6220286695209687,0.21797157453338217,0.060179417233108205,3.6220286695209687,0.407590816443254,0.06955601600984852,0.21485647839365238,0.21485647839365238,medium,full_curve,50,0.0042713760249380355
48,peak_time,45.0,38.82,43.5,12.119255902750945,37.0,46.25,6.95,48.05,9.25,41.099999999999994,1.0,1.0,-6.18,-1.5,1.5,2.25,0.17207803795990642,0.10411576436381109,1.652756804038005,0.17207803795990642,0.10411576436381109,1.652756804038005,0.31386946992361775,0.1603284248507834,0.2406330286773371,0.2406330286773371,medium,full_curve,50,0.0001458598577519458
48,peak_height,0.13371847569942474,0.2031983647122979,0.2066102772951126,0.09337412648729784,0.12841394916176796,0.2887996807694435,0.05204568319022655,0.33131042271852496,0.16038573160767555,0.2792647395282984,1.0,1.0,0.06947988901287316,0.07289180159568787,0.07289180159568787,0.005313214739865124,0.17207803795990642,0.10411576436381109,1.652756804038005,0.17207803795990642,0.10411576436381109,1.652756804038005,0.31386946992361775,0.1603284248507834,0.2406330286773371,0.2406330286773371,medium,full_curve,50,0.0001458598577519458
48,cumulative_infected,2.305069948430173,4.383467157495398,4.52982310031075,2.2209226172099004,2.711240124088363,6.256970309885219,0.5477686327867559,7.472047322732396,3.545730185796856,6.92427868994564,0.0,1.0,2.0783972090652245,2.224753151880577,2.224753151880577,4.949526586802563,0.17207803795990642,0.10411576436381109,1.652756804038005,0.17207803795990642,0.10411576436381109,1.652756804038005,0.31386946992361775,0.1603284248507834,0.2406330286773371,0.2406330286773371,medium,full_curve,50,0.0001458598577519458
48,early_growth_slope,-0.003575716425465151,0.0007043758622062127,0.0008572006654936732,0.0027390573163147114,-0.0010171181098225378,0.0025267152907742585,-0.003935540217069151,0.005554146979314584,0.0035438334005967963,0.009489687196383736,0.0,1.0,0.004280092287671363,0.0044329170909588244,0.0044329170909588244,1.9650753935314847e-05,0.17207803795990642,0.10411576436381109,1.652756804038005,0.17207803795990642,0.10411576436381109,1.652756804038005,0.31386946992361775,0.1603284248507834,0.2406330286773371,0.2406330286773371,medium,full_curve,50,0.0001458598577519458
49,peak_time,38.0,34.33,38.0,12.155603105921436,29.0,43.0,10.700000000000001,48.0,14.0,37.3,1.0,1.0,-3.6700000000000017,0.0,0.0,0.0,0.23285097258345505,0.16311404647220382,1.427534768583741,0.23285097258345505,0.16311404647220382,1.427534768583741,0.48260016424335217,0.27115351763469103,0.2497394568185119,0.2497394568185119,medium,full_curve,50,0.000339250382508134
49,peak_height,0.09090343862771988,0.1277599972859025,0.10547716915607452,0.07830970923096306,0.06364021077752113,0.1646529883146286,0.05001843683421612,0.30561332851648326,0.10101277753710747,0.2555948916822671,1.0,1.0,0.03685655865818263,0.014573730528354645,0.014573730528354645,0.00021239362151309615,0.23285097258345505,0.16311404647220382,1.427534768583741,0.23285097258345505,0.16311404647220382,1.427534768583741,0.48260016424335217,0.27115351763469103,0.2497394568185119,0.2497394568185119,medium,full_curve,50,0.000339250382508134
49,cumulative_infected,1.737545394058543,2.773394097317905,2.2511125166493002,2.0815295466136576,1.0653770894859917,3.9621185762880486,0.5098346247974405,7.052103132405318,2.896741486802057,6.5422685076078775,1.0,1.0,1.035848703259362,0.5135671225907572,0.5135671225907572,0.26375118940614983,0.23285097258345505,0.16311404647220382,1.427534768583741,0.23285097258345505,0.16311404647220382,1.427534768583741,0.48260016424335217,0.27115351763469103,0.2497394568185119,0.2497394568185119,medium,full_curve,50,0.000339250382508134
49,early_growth_slope,-0.0006496043033188288,0.0007583176810633832,0.0005045564473784051,0.002544762810139198,-0.0006879618158563956,0.002408132449047462,-0.003940852584838421,0.00520120100838886,0.0030960942649038573,0.00914205359322728,1.0,1.0,0.001407921984382212,0.001154160750697234,0.001154160750697234,1.3320870384500027e-06,0.23285097258345505,0.16311404647220382,1.427534768583741,0.23285097258345505,0.16311404647220382,1.427534768583741,0.48260016424335217,0.27115351763469103,0.2497394568185119,0.2497394568185119,medium,full_curve,50,0.000339250382508134
50,peak_time,31.0,21.35,17.0,15.420290319425039,8.0,34.25,0.0,47.0,26.25,47.0,1.0,1.0,-9.649999999999999,-14.0,14.0,196.0,0.30002545940843417,0.4401626457750201,0.6816240821166498,0.30002545940843417,0.4401626457750201,0.6816240821166498,0.2932621956429153,0.48033082051759707,0.28643297859903943,0.28643297859903943,medium,full_curve,50,1.4861845184794453e-05
50,peak_height,0.04158015921711922,0.05136917570605874,0.0492071807384491,0.014789950731126003,0.04310073237866163,0.05597937013953924,0.036059106886386874,0.06967033445835112,0.01287863776087761,0.03361122757196425,0.0,1.0,0.009789016488939525,0.00762702152132988,0.00762702152132988,5.8171457286829154e-05,0.30002545940843417,0.4401626457750201,0.6816240821166498,0.30002545940843417,0.4401626457750201,0.6816240821166498,0.2932621956429153,0.48033082051759707,0.28643297859903943,0.28643297859903943,medium,full_curve,50,1.4861845184794453e-05
50,cumulative_infected,0.4686652400996536,0.5298528387297949,0.47967282914032694,0.2686191716130031,0.40961360948131187,0.5496847460308345,0.35075893413450104,0.8418380648712627,0.14007113654952263,0.4910791307367616,1.0,1.0,0.06118759863014134,0.011007589040673338,0.011007589040673338,0.00012116701648835178,0.30002545940843417,0.4401626457750201,0.6816240821166498,0.30002545940843417,0.4401626457750201,0.6816240821166498,0.2932621956429153,0.48033082051759707,0.28643297859903943,0.28643297859903943,medium,full_curve,50,1.4861845184794453e-05
50,early_growth_slope,0.0023084071262495683,-0.00040558725287848416,-0.0004527261030272618,0.002002976146353362,-0.0016702011981535516,0.0009080677867002255,-0.003449389720307883,0.0025915529656534383,0.002578268984853777,0.006040942685961321,0.0,1.0,-0.0027139943791280523,-0.00276113322927683,0.00276113322927683,7.623856709816695e-06,0.30002545940843417,0.4401626457750201,0.6816240821166498,0.30002545940843417,0.4401626457750201,0.6816240821166498,0.2932621956429153,0.48033082051759707,0.28643297859903943,0.28643297859903943,medium,full_curve,50,1.4861845184794453e-05
51,peak_time,46.0,39.64,42.0,9.676087363530089,37.75,46.0,18.85,49.0,8.25,30.15,1.0,1.0,-6.359999999999999,-4.0,4.0,16.0,0.1182040714506411,0.057907739653568144,2.04124823655343,0.1182040714506411,0.057907739653568144,2.04124823655343,0.18618740126411512,0.08349356449692624,0.23269731572049507,0.23269731572049507,medium,full_curve,50,1.1495205773838203e-05
51,peak_height,0.1242520809173584,0.19558854930102826,0.1880435347557068,0.09761267305067464,0.1220220047980547,0.2741781622171402,0.04882734678685665,0.34562348425388334,0.1521561574190855,0.2967961374670267,1.0,1.0,0.07133646838366986,0.06379145383834839,0.06379145383834839,0.004069349582810133,0.1182040714506411,0.057907739653568144,2.04124823655343,0.1182040714506411,0.057907739653568144,2.04124823655343,0.18618740126411512,0.08349356449692624,0.23269731572049507,0.23269731572049507,medium,full_curve,50,1.1495205773838203e-05
51,cumulative_infected,2.4846225220826454,4.273528956224061,4.244854823220521,2.362814044157628,2.776177287186954,5.959503747988492,0.5424757540922656,8.091008339641848,3.1833264608015384,7.548532585549582,0.0,1.0,1.7889064341414151,1.7602323011378758,1.7602323011378758,3.0984177539691413,0.1182040714506411,0.057907739653568144,2.04124823655343,0.1182040714506411,0.057907739653568144,2.04124823655343,0.18618740126411512,0.08349356449692624,0.23269731572049507,0.23269731572049507,medium,full_curve,50,1.1495205773838203e-05
51,early_growth_slope,0.0024114259895646846,0.0007397843819336735,0.0010045583171415194,0.002963324719028124,-0.0011249728836230026,0.002390461863667171,-0.004364775057460756,0.00578940422260313,0.0035154347472901738,0.010154179280063886,0.0,1.0,-0.001671641607631011,-0.0014068676724231651,0.0014068676724231651,1.9792766477093744e-06,0.1182040714506411,0.057907739653568144,2.04124823655343,0.1182040714506411,0.057907739653568144,2.04124823655343,0.18618740126411512,0.08349356449692624,0.23269731572049507,0.23269731572049507,medium,full_curve,50,1.1495205773838203e-05
52,peak_time,3.0,24.15,24.0,15.638837307269117,9.0,38.0,1.9500000000000002,47.05,29.0,45.099999999999994,0.0,1.0,21.15,21.0,21.0,441.0,0.3040640670443339,0.4238957071996295,0.7173086725814327,0.3040640670443339,0.4238957071996295,0.7173086725814327,0.30395043904078545,0.4588385124655646,0.2562724323477574,0.2562724323477574,medium,full_curve,50,2.3553352013500424e-05
52,peak_height,0.05072953179478645,0.05412488335743546,0.04880702681839466,0.022682469004086565,0.04179616738110781,0.05587328132241964,0.035894385538995266,0.09098147116601457,0.014077113941311836,0.055087085627019305,1.0,1.0,0.0033953515626490086,-0.0019225049763917923,0.0019225049763917923,3.696025384251206e-06,0.3040640670443339,0.4238957071996295,0.7173086725814327,0.3040640670443339,0.4238957071996295,0.7173086725814327,0.30395043904078545,0.4588385124655646,0.2562724323477574,0.2562724323477574,medium,full_curve,50,2.3553352013500424e-05
52,cumulative_infected,0.4135160379810259,0.6423287096947535,0.4833054493064992,0.5394307320403583,0.41249199854792096,0.5845990822126623,0.28845282049605886,1.8076292642159368,0.17210708366474137,1.519176443719878,1.0,1.0,0.22881267171372766,0.06978941132547334,0.06978941132547334,0.004870561933156106,0.3040640670443339,0.4238957071996295,0.7173086725814327,0.3040640670443339,0.4238957071996295,0.7173086725814327,0.30395043904078545,0.4588385124655646,0.2562724323477574,0.2562724323477574,medium,full_curve,50,2.3553352013500424e-05
52,early_growth_slope,0.0006222925342929866,-9.417084010237821e-05,-5.5707878865567447e-05,0.002132234046862728,-0.0016070086165286953,0.0010547151177888743,-0.0030771596454239117,0.003139721034538177,0.00266172373431757,0.0062168806799620885,1.0,1.0,-0.0007164633743953648,-0.000678000413158554,0.000678000413158554,4.5968456024316995e-07,0.3040640670443339,0.4238957071996295,0.7173086725814327,0.3040640670443339,0.4238957071996295,0.7173086725814327,0.30395043904078545,0.4588385124655646,0.2562724323477574,0.2562724323477574,medium,full_curve,50,2.3553352013500424e-05
53,peak_time,33.0,32.77,33.0,3.187269500479504,30.0,35.0,28.0,39.0,5.0,11.0,1.0,1.0,-0.22999999999999687,0.0,0.0,0.0,0.2418603019971209,0.0703524392707268,3.4378381830714635,0.2418603019971209,0.0703524392707268,3.4378381830714635,0.4227805256307632,0.07996117699117526,0.2600619369373225,0.2600619369373225,medium,full_curve,50,0.005570562618549094
53,peak_height,0.3765045404434204,0.4010356497764587,0.40733496844768524,0.04297201691756934,0.3724405914545059,0.4349343851208687,0.32404267489910127,0.45000351816415785,0.06249379366636276,0.12596084326505658,1.0,1.0,0.024531109333038315,0.03083042800426483,0.03083042800426483,0.0009505152909261572,0.2418603019971209,0.0703524392707268,3.4378381830714635,0.2418603019971209,0.0703524392707268,3.4378381830714635,0.4227805256307632,0.07996117699117526,0.2600619369373225,0.2600619369373225,medium,full_curve,50,0.005570562618549094
53,cumulative_infected,9.573007211089134,10.559184043054193,10.737731066066772,1.2339455863810909,9.940807030070573,11.50435190089047,8.549902756349184,12.176880224737397,1.5635448708198965,3.6269774683882137,0.0,1.0,0.986176831965059,1.1647238549776375,1.1647238549776375,1.3565816583539687,0.2418603019971209,0.0703524392707268,3.4378381830714635,0.2418603019971209,0.0703524392707268,3.4378381830714635,0.4227805256307632,0.07996117699117526,0.2600619369373225,0.2600619369373225,medium,full_curve,50,0.005570562618549094
53,early_growth_slope,-0.00034545446258215615,0.0024193042319304715,0.002293700599000744,0.002728582718881786,0.0008327745350210793,0.00439866599238788,-0.0019143129859696183,0.006382355758077685,0.0035658914573668005,0.008296668744047303,0.0,1.0,0.0027647586945126275,0.0026391550615829,0.0026391550615829,6.965139439078641e-06,0.2418603019971209,0.0703524392707268,3.4378381830714635,0.2418603019971209,0.0703524392707268,3.4378381830714635,0.4227805256307632,0.07996117699117526,0.2600619369373225,0.2600619369373225,medium,full_curve,50,0.005570562618549094
54,peak_time,37.0,26.96,28.0,14.625921364398751,15.0,39.25,1.9500000000000002,47.05,24.25,45.099999999999994,1.0,1.0,-10.04,-9.0,9.0,81.0,0.18106896650356125,0.15127521563667365,1.1969506421887703,0.18106896650356125,0.15127521563667365,1.1969506421887703,0.5201635448425348,0.37992071656800674,0.29394201448293783,0.29394201448293783,medium,full_curve,50,0.00013475372721657097
54,peak_height,0.049759555608034134,0.06862293217331171,0.05703756399452686,0.03647140280656285,0.04945611022412777,0.06931045651435852,0.03794695511460304,0.1655991159379482,0.01985434629023075,0.12765216082334518,1.0,1.0,0.018863376565277576,0.007278008386492729,0.007278008386492729,5.29694060738585e-05,0.18106896650356125,0.15127521563667365,1.1969506421887703,0.18106896650356125,0.15127521563667365,1.1969506421887703,0.5201635448425348,0.37992071656800674,0.29394201448293783,0.29394201448293783,medium,full_curve,50,0.00013475372721657097
54,cumulative_infected,0.8813926663715392,1.0556706457688607,0.6395155063946731,0.9982692469640908,0.4823369565237954,1.1094112760401913,0.38881370637973306,3.443613002821803,0.6270743195163959,3.0547992964420696,1.0,1.0,0.17427797939732148,-0.2418771599768661,0.2418771599768661,0.058504560518474476,0.18106896650356125,0.15127521563667365,1.1969506421887703,0.18106896650356125,0.15127521563667365,1.1969506421887703,0.5201635448425348,0.37992071656800674,0.29394201448293783,0.29394201448293783,medium,full_curve,50,0.00013475372721657097
54,early_growth_slope,-0.00018087410855860907,-0.00047259294021690247,-0.0008159629840173723,0.00233901292622632,-0.0019725534075405436,0.0009264336427544822,-0.0037447043899668424,0.003897181930785466,0.0028989870502950255,0.007641886320752309,1.0,1.0,-0.0002917188316582934,-0.0006350888754587632,0.0006350888754587632,4.0333787973147647e-07,0.18106896650356125,0.15127521563667365,1.1969506421887703,0.18106896650356125,0.15127521563667365,1.1969506421887703,0.5201635448425348,0.37992071656800674,0.29394201448293783,0.29394201448293783,medium,full_curve,50,0.00013475372721657097
55,peak_time,25.0,25.65,26.0,3.0562900861844073,24.0,28.0,20.95,31.0,4.0,10.05,1.0,1.0,0.6499999999999986,1.0,1.0,1.0,0.35985577557917314,0.19741632917873225,1.822826799972434,0.35985577557917314,0.19741632917873225,1.822826799972434,0.8218833670743898,0.2713781269278947,0.22319233510497152,0.22319233510497152,medium,full_curve,50,0.00282463742271128
55,peak_height,0.15357458591461182,0.1570889472961426,0.15630192309617996,0.0220292436030339,0.14314033836126328,0.16882643476128578,0.12363004572689533,0.19129707068204876,0.025686096400022507,0.06766702495515343,1.0,1.0,0.003514361381530773,0.0027273371815681458,0.0027273371815681458,7.438368101964077e-06,0.35985577557917314,0.19741632917873225,1.822826799972434,0.35985577557917314,0.19741632917873225,1.822826799972434,0.8218833670743898,0.2713781269278947,0.22319233510497152,0.22319233510497152,medium,full_curve,50,0.00282463742271128
55,cumulative_infected,3.243825513869524,3.5401945996103312,3.4995981578249484,0.41548945428106104,3.289449466741644,3.766408345894888,2.956343132420443,4.279169235564768,0.4769588791532442,1.3228261031443251,0.0,1.0,0.2963690857408072,0.25577264395542443,0.25577264395542443,0.06541964539594831,0.35985577557917314,0.19741632917873225,1.822826799972434,0.35985577557917314,0.19741632917873225,1.822826799972434,0.8218833670743898,0.2713781269278947,0.22319233510497152,0.22319233510497152,medium,full_curve,50,0.00282463742271128
55,early_growth_slope,0.0026049863968399312,0.002370061250795689,0.0025801266144428927,0.0027963566581374944,0.0004996880306862304,0.0037262046001463505,-0.002230601081874909,0.007120085023676176,0.00322651656946012,0.009350686105551086,1.0,1.0,-0.00023492514604424222,-2.4859782397038555e-05,2.4859782397038555e-05,6.18008780828108e-10,0.35985577557917314,0.19741632917873225,1.822826799972434,0.35985577557917314,0.19741632917873225,1.822826799972434,0.8218833670743898,0.2713781269278947,0.22319233510497152,0.22319233510497152,medium,full_curve,50,0.00282463742271128
56,peak_time,47.0,22.55,22.5,14.958781752373802,10.0,35.5,1.0,46.05,25.5,45.05,0.0,0.0,-24.45,-24.5,24.5,600.25,0.1,0.08373746862832876,1.1942085381617276,0.1,0.08373746862832876,1.1942085381617276,0.5800072632402468,0.4150367311473699,0.20486211045954184,0.20486211045954184,medium,full_curve,50,0.00025484583872418306
56,peak_height,0.06240994110703468,0.060214158166199926,0.049356475472450256,0.032158682969339665,0.04260850604623556,0.061660937033593655,0.036815996281802654,0.15839029327034948,0.019052430987358093,0.12157429698854683,0.0,1.0,-0.0021957829408347576,-0.013053465634584427,0.013053465634584427,0.00017039296507327661,0.1,0.08373746862832876,1.1942085381617276,0.1,0.08373746862832876,1.1942085381617276,0.5800072632402468,0.4150367311473699,0.20486211045954184,0.20486211045954184,medium,full_curve,50,0.00025484583872418306
56,cumulative_infected,0.7489893273450434,0.7712368486111996,0.5191382125776727,0.746257665527043,0.41489696398639353,0.6974514742323663,0.29188615149178077,2.932847094279714,0.2825545102459728,2.6409609427879333,0.0,1.0,0.022247521266156145,-0.22985111476737075,0.22985111476737075,0.052831534959803035,0.1,0.08373746862832876,1.1942085381617276,0.1,0.08373746862832876,1.1942085381617276,0.5800072632402468,0.4150367311473699,0.20486211045954184,0.20486211045954184,medium,full_curve,50,0.00025484583872418306
56,early_growth_slope,0.00019993648553888013,0.00017003862350152562,0.0002867743522594018,0.0023754574670664537,-0.001393091414467475,0.001688256266615575,-0.0037357732348027605,0.00414729144890554,0.00308134768108305,0.0078830646837083,1.0,1.0,-2.9897862037354505e-05,8.68378667205217e-05,8.68378667205217e-05,7.54081509657109e-09,0.1,0.08373746862832876,1.1942085381617276,0.1,0.08373746862832876,1.1942085381617276,0.5800072632402468,0.4150367311473699,0.20486211045954184,0.20486211045954184,medium,full_curve,50,0.00025484583872418306
57,peak_time,27.0,24.87,25.5,14.422663842828491,11.75,38.25,1.9500000000000002,48.0,26.5,46.05,1.0,1.0,-2.129999999999999,-1.5,1.5,2.25,0.10136033543272045,0.08550552220555088,1.185424435968655,0.10136033543272045,0.08550552220555088,1.185424435968655,0.4448034813728572,0.3486659864476568,0.2962939157700262,0.2962939157700262,medium,full_curve,50,7.772873795071301e-05
57,peak_height,0.061776891350746155,0.06931286051869393,0.057036006823182106,0.044272921652638825,0.0461531151086092,0.06891264952719212,0.03663758207112551,0.1761050924658775,0.022759534418582916,0.13946751039475197,1.0,1.0,0.00753596916794777,-0.004740884527564049,0.004740884527564049,2.2475986103696194e-05,0.10136033543272045,0.08550552220555088,1.185424435968655,0.10136033543272045,0.08550552220555088,1.185424435968655,0.4448034813728572,0.3486659864476568,0.2962939157700262,0.2962939157700262,medium,full_curve,50,7.772873795071301e-05
57,cumulative_infected,0.8028204152360559,1.0121934262050944,0.6045775897800922,1.0332805482900496,0.46642525884999486,0.9621984242694452,0.38350711253951886,3.3541138428496198,0.4957731654194504,2.970606730310101,1.0,1.0,0.2093730109690386,-0.1982428254559636,0.1982428254559636,0.03930021784476365,0.10136033543272045,0.08550552220555088,1.185424435968655,0.10136033543272045,0.08550552220555088,1.185424435968655,0.4448034813728572,0.3486659864476568,0.2962939157700262,0.2962939157700262,medium,full_curve,50,7.772873795071301e-05
57,early_growth_slope,-0.0002947633010557005,0.00018058837644167408,0.00015091017125780067,0.0022748225456068745,-0.001451393344420163,0.0014954900446658335,-0.003042608603330637,0.003761656614161827,0.0029468833890859965,0.006804265217492464,1.0,1.0,0.0004753516774973746,0.0004456734723135012,0.0004456734723135012,1.986248439239731e-07,0.10136033543272045,0.08550552220555088,1.185424435968655,0.10136033543272045,0.08550552220555088,1.185424435968655,0.4448034813728572,0.3486659864476568,0.2962939157700262,0.2962939157700262,medium,full_curve,50,7.772873795071301e-05
58,peak_time,49.0,24.32,22.5,14.698917709075788,12.0,38.0,3.8500000000000005,47.0,26.0,43.15,0.0,0.0,-24.68,-26.5,26.5,702.25,0.1,0.12171591258400473,0.8215852625759427,0.1,0.12171591258400473,0.8215852625759427,0.3912593620261985,0.3752454692992487,0.2079710269882037,0.2079710269882037,medium,full_curve,50,0.00013237346963536903
58,peak_height,0.06411953270435333,0.061745975147932765,0.0544145293533802,0.028098158334103326,0.045753839425742626,0.06711754761636257,0.0364023108035326,0.1156319253146648,0.021363708190619946,0.0792296145111322,1.0,1.0,-0.0023735575564205677,-0.00970500335097313,0.00970500335097313,9.418709004239967e-05,0.1,0.12171591258400473,0.8215852625759427,0.1,0.12171591258400473,0.8215852625759427,0.3912593620261985,0.3752454692992487,0.2079710269882037,0.2079710269882037,medium,full_curve,50,0.00013237346963536903
58,cumulative_infected,0.7007258402518346,0.8546437914724265,0.5998483291914454,0.6557094327635897,0.46823927071818616,0.8974439667945262,0.35180289068375714,2.09136611999711,0.42920469607634004,1.7395632293133527,1.0,1.0,0.15391795122059193,-0.10087751106038922,0.10087751106038922,0.01017627223773895,0.1,0.12171591258400473,0.8215852625759427,0.1,0.12171591258400473,0.8215852625759427,0.3912593620261985,0.3752454692992487,0.2079710269882037,0.2079710269882037,medium,full_curve,50,0.00013237346963536903
58,early_growth_slope,0.00033417619055226065,0.00035385121089304855,0.0004709905520680228,0.002432453281950263,-0.0011107122866503354,0.001837286062211552,-0.003633958619459353,0.004262656707405333,0.0029479983488618876,0.007896615326864686,1.0,1.0,1.9675020340787896e-05,0.00013681436151576217,0.00013681436151576217,1.8718169516965665e-08,0.1,0.12171591258400473,0.8215852625759427,0.1,0.12171591258400473,0.8215852625759427,0.3912593620261985,0.3752454692992487,0.2079710269882037,0.2079710269882037,medium,full_curve,50,0.00013237346963536903
59,peak_time,2.0,23.38,23.0,15.819550619982284,8.0,39.0,1.0,48.0,31.0,47.0,0.0,1.0,21.38,21.0,21.0,441.0,0.2425484344495574,0.33306737244122747,0.7282263425318164,0.2425484344495574,0.33306737244122747,0.7282263425318164,0.23686468080494658,0.36241666492370095,0.2567703497774838,0.2567703497774838,medium,full_curve,50,1.6919307764549097e-05
59,peak_height,0.0674535259604454,0.05667404046282172,0.04996115900576115,0.02468501157324972,0.04441419709473848,0.05972148384898901,0.03339308481663465,0.09982445724308488,0.015307286754250526,0.06643137242645022,0.0,1.0,-0.010779485497623684,-0.017492366954684258,0.017492366954684258,0.0003059829016773298,0.2425484344495574,0.33306737244122747,0.7282263425318164,0.2425484344495574,0.33306737244122747,0.7282263425318164,0.23686468080494658,0.36241666492370095,0.2567703497774838,0.2567703497774838,medium,full_curve,50,1.6919307764549097e-05
59,cumulative_infected,0.6169567507458851,0.7030990145831675,0.49094383043120615,0.623370626815624,0.4055563637521118,0.6688307504227851,0.3145440496653464,1.8169550680788227,0.26327438667067327,1.5024110184134762,1.0,1.0,0.0861422638372824,-0.12601292031467892,0.12601292031467892,0.01587925608623362,0.2425484344495574,0.33306737244122747,0.7282263425318164,0.2425484344495574,0.33306737244122747,0.7282263425318164,0.23686468080494658,0.36241666492370095,0.2567703497774838,0.2567703497774838,medium,full_curve,50,1.6919307764549097e-05
59,early_growth_slope,-0.005172261882329446,-0.000128763404999127,0.00022680896966319092,0.002442371569150626,-0.0018141182122885103,0.0013977843018004755,-0.004038927722944033,0.004113879347070385,0.0032119025140889858,0.00815280707001442,0.0,0.0,0.005043498477330319,0.005399070851992637,0.005399070851992637,2.9149966064836497e-05,0.2425484344495574,0.33306737244122747,0.7282263425318164,0.2425484344495574,0.33306737244122747,0.7282263425318164,0.23686468080494658,0.36241666492370095,0.2567703497774838,0.2567703497774838,medium,full_curve,50,1.6919307764549097e-05
60,peak_time,43.0,42.38,43.0,3.9842619685888416,39.0,46.0,36.0,48.0,7.0,12.0,1.0,1.0,-0.6199999999999974,0.0,0.0,0.0,0.16785982470512253,0.0627370642700635,2.675608536327718,0.16785982470512253,0.0627370642700635,2.675608536327718,0.2649135619547513,0.07916602140917442,0.25698635495666056,0.25698635495666056,medium,full_curve,50,0.000275905908667474
60,peak_height,0.2711505889892578,0.37033082321286204,0.3838947266340256,0.05135499590320497,0.3558233454823494,0.40358082950115204,0.2764334067702293,0.42938274443149566,0.04775748401880264,0.15294933766126634,0.0,0.0,0.09918023422360422,0.11274413764476776,0.11274413764476776,0.012711240573262339,0.16785982470512253,0.0627370642700635,2.675608536327718,0.16785982470512253,0.0627370642700635,2.675608536327718,0.2649135619547513,0.07916602140917442,0.25698635495666056,0.25698635495666056,medium,full_curve,50,0.000275905908667474
60,cumulative_infected,5.704308744519949,8.667056613805471,8.883064597379416,1.392615254360325,7.995408035087166,9.696802883350756,6.317289568000706,10.481434517120942,1.7013948482635897,4.164144949120236,0.0,0.0,2.962747869285522,3.1787558528594673,3.1787558528594673,10.104488772088319,0.16785982470512253,0.0627370642700635,2.675608536327718,0.16785982470512253,0.0627370642700635,2.675608536327718,0.2649135619547513,0.07916602140917442,0.25698635495666056,0.25698635495666056,medium,full_curve,50,0.000275905908667474
60,early_growth_slope,0.004441803786903619,0.0016392714211507986,0.0014575358308363882,0.002552939078534895,-0.0004507426686662552,0.0034419149652378444,-0.0023652595620314095,0.006130310270791162,0.0038926576339040997,0.008495569832822571,0.0,1.0,-0.0028025323657528203,-0.0029842679560672307,0.0029842679560672307,8.905855233609687e-06,0.16785982470512253,0.0627370642700635,2.675608536327718,0.16785982470512253,0.0627370642700635,2.675608536327718,0.2649135619547513,0.07916602140917442,0.25698635495666056,0.25698635495666056,medium,full_curve,50,0.000275905908667474
61,peak_time,27.0,27.09,27.0,3.414452349716547,24.0,30.0,22.0,34.0,6.0,12.0,1.0,1.0,0.08999999999999986,0.0,0.0,0.0,0.33918328574262646,0.20800255275846194,1.6306688607639113,0.33918328574262646,0.20800255275846194,1.6306688607639113,0.7003569837557189,0.29900085689179645,0.2600737566985686,0.2600737566985686,medium,full_curve,50,0.0015299337203433922
61,peak_height,0.14282995462417603,0.14979678645730019,0.150012768805027,0.021739436009210213,0.1343306489288807,0.16296955570578575,0.11835112608969212,0.18518325686454773,0.02863890677690506,0.06683213077485561,1.0,1.0,0.00696683183312416,0.007182814180850983,0.007182814180850983,5.159281955663397e-05,0.33918328574262646,0.20800255275846194,1.6306688607639113,0.33918328574262646,0.20800255275846194,1.6306688607639113,0.7003569837557189,0.29900085689179645,0.2600737566985686,0.2600737566985686,medium,full_curve,50,0.0015299337203433922
61,cumulative_infected,2.945108660729602,3.401482340180519,3.37932726246072,0.5170730730695378,3.043960522627458,3.803869942901656,2.6838855266571047,4.233683039946482,0.759909420274198,1.549797513289377,0.0,1.0,0.456373679450917,0.4342186017311178,0.4342186017311178,0.18854579408932712,0.33918328574262646,0.20800255275846194,1.6306688607639113,0.33918328574262646,0.20800255275846194,1.6306688607639113,0.7003569837557189,0.29900085689179645,0.2600737566985686,0.2600737566985686,medium,full_curve,50,0.0015299337203433922
61,early_growth_slope,0.0008528668743868675,0.002252267342704553,0.002448740401416131,0.002598475309985562,0.00022872648731295426,0.00425444769973096,-0.0018227675915806591,0.00665479304443579,0.004025721212418006,0.00847756063601645,1.0,1.0,0.0013994004683176857,0.0015958735270292634,0.0015958735270292634,2.546812314272821e-06,0.33918328574262646,0.20800255275846194,1.6306688607639113,0.33918328574262646,0.20800255275846194,1.6306688607639113,0.7003569837557189,0.29900085689179645,0.2600737566985686,0.2600737566985686,medium,full_curve,50,0.0015299337203433922
62,peak_time,30.0,23.62,22.0,15.260551904975273,11.75,35.25,1.0,49.0,23.5,48.0,1.0,1.0,-6.379999999999999,-8.0,8.0,64.0,0.27275420738926726,0.3836575743255727,0.7109313764200766,0.27275420738926726,0.3836575743255727,0.7109313764200766,0.2646825586056971,0.41973841346390484,0.3000925703781836,0.3000925703781836,medium,full_curve,50,1.2605938618238362e-05
62,peak_height,0.055876556783914566,0.05304325621575117,0.04813975282013416,0.015954354928876792,0.04286891873925924,0.061752600595355034,0.03601408209651709,0.0787533365190029,0.01888368185609579,0.042739254422485815,1.0,1.0,-0.002833300568163395,-0.007736803963780403,0.007736803963780403,5.985813557396816e-05,0.27275420738926726,0.3836575743255727,0.7109313764200766,0.27275420738926726,0.3836575743255727,0.7109313764200766,0.2646825586056971,0.41973841346390484,0.3000925703781836,0.3000925703781836,medium,full_curve,50,1.2605938618238362e-05
62,cumulative_infected,0.3539927378296852,0.5809343974636293,0.4806835639756173,0.32722890296786006,0.40877723958692513,0.602332604514789,0.336981723367353,1.2403702766401694,0.19355536492786385,0.9033885532728164,0.0,1.0,0.22694165963394408,0.12669082614593208,0.12669082614593208,0.016050565429538786,0.27275420738926726,0.3836575743255727,0.7109313764200766,0.27275420738926726,0.3836575743255727,0.7109313764200766,0.2646825586056971,0.41973841346390484,0.3000925703781836,0.3000925703781836,medium,full_curve,50,1.2605938618238362e-05
62,early_growth_slope,4.614945057602223e-05,-0.0005495184659940554,-0.0005808724090890045,0.002181824880120686,-0.0019832742392401036,0.0008039883617866094,-0.003970523768415051,0.003324271844550301,0.002787262601026713,0.007294795612965352,1.0,1.0,-0.0005956679165700777,-0.0006270218596650267,0.0006270218596650267,3.9315641249778847e-07,0.27275420738926726,0.3836575743255727,0.7109313764200766,0.27275420738926726,0.3836575743255727,0.7109313764200766,0.2646825586056971,0.41973841346390484,0.3000925703781836,0.3000925703781836,medium,full_curve,50,1.2605938618238362e-05
63,peak_time,18.0,23.0,23.0,15.053440158517274,10.5,36.25,1.0,46.0,25.75,45.0,1.0,1.0,5.0,5.0,5.0,25.0,0.2043102081672401,0.44775166695782476,0.45630250704680186,0.2043102081672401,0.44775166695782476,0.45630250704680186,0.18023012285830156,0.4911684495659578,0.20871950751429638,0.20871950751429638,medium,full_curve,50,6.5988633529671936e-06
63,peak_height,0.03546886891126633,0.05338362094014883,0.05088476650416851,0.018951133122701948,0.04314160346984863,0.05671557504683733,0.03560529612004757,0.08183160908520216,0.013573971576988697,0.046226312965154594,0.0,0.0,0.017914752028882507,0.015415897592902184,0.015415897592902184,0.00023764989859484734,0.2043102081672401,0.44775166695782476,0.45630250704680186,0.2043102081672401,0.44775166695782476,0.45630250704680186,0.18023012285830156,0.4911684495659578,0.20871950751429638,0.20871950751429638,medium,full_curve,50,6.5988633529671936e-06
63,cumulative_infected,0.45067382068373263,0.6296365383842385,0.491181561115809,0.4654942419544122,0.4149980713336845,0.6031994715158362,0.34191358622483675,1.620102784328628,0.1882014001821517,1.2781891981037912,1.0,1.0,0.17896271770050587,0.04050774043207639,0.04050774043207639,0.0016408770349124763,0.2043102081672401,0.44775166695782476,0.45630250704680186,0.2043102081672401,0.44775166695782476,0.45630250704680186,0.18023012285830156,0.4911684495659578,0.20871950751429638,0.20871950751429638,medium,full_curve,50,6.5988633529671936e-06
63,early_growth_slope,-0.0014771190305639585,-3.0629216992001896e-05,1.5347677704301613e-05,0.002031356064689834,-0.0013226681607886254,0.0013072186985005998,-0.0035302123756991897,0.002870450207202728,0.0026298868592892254,0.006400662582901917,0.0,1.0,0.0014464898135719566,0.00149246670826826,0.00149246670826826,2.2274568752890955e-06,0.2043102081672401,0.44775166695782476,0.45630250704680186,0.2043102081672401,0.44775166695782476,0.45630250704680186,0.18023012285830156,0.4911684495659578,0.20871950751429638,0.20871950751429638,medium,full_curve,50,6.5988633529671936e-06
64,peak_time,43.0,23.26,24.0,15.404721826292565,10.0,36.0,0.9500000000000002,48.0,26.0,47.05,0.0,1.0,-19.74,-19.0,19.0,361.0,0.23026041105649864,0.43019829458567,0.535242500852463,0.23026041105649864,0.43019829458567,0.535242500852463,0.20604497676663075,0.476769940406168,0.2648835241319559,0.2648835241319559,medium,full_curve,50,6.153783481941019e-06
64,peak_height,0.0613509900867939,0.05543481562286615,0.05049355886876583,0.024935432754224003,0.04362847562879324,0.057969498448073864,0.03540404494851827,0.10344417952001095,0.014341022819280624,0.06804013457149267,0.0,1.0,-0.005916174463927747,-0.010857431218028069,0.010857431218028069,0.00011788381265421047,0.23026041105649864,0.43019829458567,0.535242500852463,0.23026041105649864,0.43019829458567,0.535242500852463,0.20604497676663075,0.476769940406168,0.2648835241319559,0.2648835241319559,medium,full_curve,50,6.153783481941019e-06
64,cumulative_infected,0.4795409727958031,0.6734742702004055,0.49215426977025345,0.5968503730337327,0.42505432685720734,0.639711545969476,0.3463459541919292,1.960296290030237,0.21465721911226865,1.6139503358383078,1.0,1.0,0.1939332974046024,0.01261329697445035,0.01261329697445035,0.00015909526056567835,0.23026041105649864,0.43019829458567,0.535242500852463,0.23026041105649864,0.43019829458567,0.535242500852463,0.20604497676663075,0.476769940406168,0.2648835241319559,0.2648835241319559,medium,full_curve,50,6.153783481941019e-06
64,early_growth_slope,0.002277529576704616,-0.0006868279253630887,-0.0005823363940830203,0.002073663292962894,-0.0018375963719292822,0.0006617006805581263,-0.004505212720462056,0.0025927845654743057,0.0024992970524874087,0.007097997285936361,0.0,1.0,-0.0029643575020677046,-0.002859865970787636,0.002859865970787636,8.178833370869108e-06,0.23026041105649864,0.43019829458567,0.535242500852463,0.23026041105649864,0.43019829458567,0.535242500852463,0.20604497676663075,0.476769940406168,0.2648835241319559,0.2648835241319559,medium,full_curve,50,6.153783481941019e-06
65,peak_time,43.0,26.97,31.0,15.144059074519133,12.0,40.0,3.0,47.0,28.0,44.0,0.0,1.0,-16.03,-12.0,12.0,144.0,0.1617133787676847,0.1172439975915804,1.379289192535156,0.1617133787676847,0.1172439975915804,1.379289192535156,0.45506193698004505,0.2771052478890465,0.21246154112467502,0.21246154112467502,medium,full_curve,50,0.0002366701222339828
65,peak_height,0.06761661171913147,0.08044468741863967,0.05588224530220032,0.05309933294073338,0.04863244108855724,0.08688498474657536,0.0416078032925725,0.18965836316347115,0.03825254365801811,0.14805055987089866,1.0,1.0,0.012828075699508196,-0.011734366416931152,0.011734366416931152,0.00013769535520680165,0.1617133787676847,0.1172439975915804,1.379289192535156,0.1617133787676847,0.1172439975915804,1.379289192535156,0.45506193698004505,0.2771052478890465,0.21246154112467502,0.21246154112467502,medium,full_curve,50,0.0002366701222339828
65,cumulative_infected,1.2910967075731605,1.4439868305241907,0.768288685940206,1.5133668021136153,0.5145545326886349,1.569301171693951,0.40751653087791057,4.894673368474468,1.054746639005316,4.487156837596557,1.0,1.0,0.15289012295103022,-0.5228080216329545,0.5228080216329545,0.2733282274837638,0.1617133787676847,0.1172439975915804,1.379289192535156,0.1617133787676847,0.1172439975915804,1.379289192535156,0.45506193698004505,0.2771052478890465,0.21246154112467502,0.21246154112467502,medium,full_curve,50,0.0002366701222339828
65,early_growth_slope,0.00048804838055123905,0.00021918500174641513,-9.864558870460618e-05,0.002284579345932019,-0.0010648691317155234,0.0017084526202996216,-0.003179394528879561,0.0035614621631490672,0.002773321752015145,0.006740856692028629,1.0,1.0,-0.0002688633788048239,-0.0005866939692558452,0.0005866939692558452,3.442098135611786e-07,0.1617133787676847,0.1172439975915804,1.379289192535156,0.1617133787676847,0.1172439975915804,1.379289192535156,0.45506193698004505,0.2771052478890465,0.21246154112467502,0.21246154112467502,medium,full_curve,50,0.0002366701222339828
66,peak_time,18.0,18.84,19.0,1.3978338220043875,18.0,20.0,17.0,21.0,2.0,4.0,1.0,1.0,0.8399999999999999,1.0,1.0,1.0,0.4271865843763826,0.05367076459604272,7.959390696063983,0.4271865843763826,0.05367076459604272,7.959390696063983,0.9749752366163381,0.054277529618968326,0.3351723366751955,0.3351723366751955,medium,full_curve,50,0.002972460147972569
66,peak_height,0.6727328300476074,0.6141290903091431,0.6125335693359375,0.021627780971695435,0.6011618375778198,0.6305263787508011,0.5773353338241577,0.6497740745544434,0.029364541172981262,0.07243874073028567,0.0,0.0,-0.05860373973846433,-0.06019926071166992,0.06019926071166992,0.003623950990231606,0.4271865843763826,0.05367076459604272,7.959390696063983,0.4271865843763826,0.05367076459604272,7.959390696063983,0.9749752366163381,0.054277529618968326,0.3351723366751955,0.3351723366751955,medium,full_curve,50,0.002972460147972569
66,cumulative_infected,16.11055738851428,15.462714402060374,15.517945828381926,0.6160573431310415,15.118641557754017,15.888523498317227,14.451390261598863,16.210468486882746,0.7698819405632094,1.7590782252838828,0.0,1.0,-0.6478429864539059,-0.5926115601323545,0.5926115601323545,0.3511884612025032,0.4271865843763826,0.05367076459604272,7.959390696063983,0.4271865843763826,0.05367076459604272,7.959390696063983,0.9749752366163381,0.054277529618968326,0.3351723366751955,0.3351723366751955,medium,full_curve,50,0.002972460147972569
66,early_growth_slope,0.00942593238626917,0.012268666809448492,0.012313656398050842,0.0031491666027942083,0.010373098573403522,0.014108958474870242,0.0070912339123121145,0.017374340901179012,0.00373585990146672,0.010283106988866898,0.0,1.0,0.0028427344231793227,0.0028877240117816724,0.0028877240117816724,8.338949968220436e-06,0.4271865843763826,0.05367076459604272,7.959390696063983,0.4271865843763826,0.05367076459604272,7.959390696063983,0.9749752366163381,0.054277529618968326,0.3351723366751955,0.3351723366751955,medium,full_curve,50,0.002972460147972569
67,peak_time,34.0,39.27,39.0,3.7005459602659174,37.0,41.25,34.0,46.0,4.25,12.0,0.0,1.0,5.270000000000003,5.0,5.0,25.0,0.20833446733798353,0.08002222755571564,2.603457485520885,0.20833446733798353,0.08002222755571564,2.603457485520885,0.33036949836942814,0.09654702655141985,0.28425262062663426,0.28425262062663426,medium,full_curve,50,0.0011193947355241302
67,peak_height,0.28054219484329224,0.37509104654192926,0.3962216228246689,0.060032644984002737,0.34875769913196564,0.4154623821377754,0.24358099102973937,0.43793415278196335,0.06670468300580978,0.19435316175222397,0.0,1.0,0.09454885169863703,0.11567942798137665,0.11567942798137665,0.013381730058098507,0.20833446733798353,0.08002222755571564,2.603457485520885,0.20833446733798353,0.08002222755571564,2.603457485520885,0.33036949836942814,0.09654702655141985,0.28425262062663426,0.28425262062663426,medium,full_curve,50,0.0011193947355241302
67,cumulative_infected,6.603937370702624,9.306135718875499,9.769785520387813,1.6440113644514425,8.697713553672656,10.5270985488105,5.833074098615907,11.150731814431492,1.8293849951378434,5.317657715815584,0.0,1.0,2.7021983481728746,3.165848149685189,3.165848149685189,10.022594506865136,0.20833446733798353,0.08002222755571564,2.603457485520885,0.20833446733798353,0.08002222755571564,2.603457485520885,0.33036949836942814,0.09654702655141985,0.28425262062663426,0.28425262062663426,medium,full_curve,50,0.0011193947355241302
67,early_growth_slope,0.001986335419739287,0.0021344450962573363,0.001992014281096913,0.0025111869414568334,0.0003801220251868174,0.004056664624450994,-0.002011899391349981,0.0061539117498189905,0.0036765425992641766,0.00816581114116897,1.0,1.0,0.00014810967651804948,5.6788613576261304e-06,5.6788613576261304e-06,3.2249466319139296e-11,0.20833446733798353,0.08002222755571564,2.603457485520885,0.20833446733798353,0.08002222755571564,2.603457485520885,0.33036949836942814,0.09654702655141985,0.28425262062663426,0.28425262062663426,medium,full_curve,50,0.0011193947355241302
68,peak_time,20.0,20.73,20.0,1.9789549328528495,19.0,22.0,18.0,24.049999999999997,3.0,6.049999999999997,1.0,1.0,0.7300000000000004,0.0,0.0,0.0,0.40185340016046195,0.14329304812395602,2.804416581415992,0.40185340016046195,0.14329304812395602,2.804416581415992,0.9420416073172487,0.16360637129088174,0.2415457023847973,0.2415457023847973,medium,full_curve,50,0.007039235986138186
68,peak_height,0.32056382298469543,0.28917572617530823,0.290670707821846,0.021391900127604217,0.27548670768737793,0.3030671030282974,0.255832114815712,0.3206946074962616,0.027580395340919495,0.06486249268054961,0.0,1.0,-0.0313880968093872,-0.029893115162849426,0.029893115162849426,0.0008935983341393783,0.40185340016046195,0.14329304812395602,2.804416581415992,0.40185340016046195,0.14329304812395602,2.804416581415992,0.9420416073172487,0.16360637129088174,0.2415457023847973,0.2415457023847973,medium,full_curve,50,0.007039235986138186
68,cumulative_infected,6.105128360912204,6.098916551355869,6.104129459243268,0.36460709174976413,5.873857062193565,6.3635158012621105,5.467684062593617,6.601137436449061,0.4896587390685454,1.1334533738554446,1.0,1.0,-0.00621180955633438,-0.0009989016689360142,0.0009989016689360142,9.978045442031545e-07,0.40185340016046195,0.14329304812395602,2.804416581415992,0.40185340016046195,0.14329304812395602,2.804416581415992,0.9420416073172487,0.16360637129088174,0.2415457023847973,0.2415457023847973,medium,full_curve,50,0.007039235986138186
68,early_growth_slope,-5.262635005194387e-05,0.0054758789005635265,0.00544983229545843,0.002992149367148076,0.0034727030669316813,0.007604345030683491,0.0003399350464211002,0.009507314923463298,0.004131641963751809,0.009167379877042197,0.0,0.0,0.005528505250615471,0.005502458645510374,0.005502458645510374,3.0277051145551863e-05,0.40185340016046195,0.14329304812395602,2.804416581415992,0.40185340016046195,0.14329304812395602,2.804416581415992,0.9420416073172487,0.16360637129088174,0.2415457023847973,0.2415457023847973,medium,full_curve,50,0.007039235986138186
69,peak_time,27.0,28.44,28.0,2.6640896639140617,26.75,30.0,24.95,33.0,3.25,8.05,1.0,1.0,1.4400000000000013,1.0,1.0,1.0,0.29901920209786537,0.13194813403798594,2.266187424914869,0.29901920209786537,0.13194813403798594,2.266187424914869,0.6258234853518522,0.16388664367898156,0.21457006195395661,0.21457006195395661,medium,full_curve,50,0.004604080291661766
69,peak_height,0.23974689841270447,0.2542835721373558,0.2523975819349289,0.02358219031787903,0.23695753142237663,0.2699565291404724,0.2212977521121502,0.29728266000747683,0.03299899771809578,0.07598490789532664,1.0,1.0,0.014536673724651339,0.012650683522224426,0.012650683522224426,0.00016003979357948062,0.29901920209786537,0.13194813403798594,2.266187424914869,0.29901920209786537,0.13194813403798594,2.266187424914869,0.6258234853518522,0.16388664367898156,0.21457006195395661,0.21457006195395661,medium,full_curve,50,0.004604080291661766
69,cumulative_infected,5.6709169102832675,6.395105474614793,6.307007584255189,0.5845269872401747,6.020889380015433,6.7224659966886975,5.616727034025826,7.505917493405286,0.7015766166732647,1.88919045937946,0.0,1.0,0.7241885643315253,0.6360906739719212,0.6360906739719212,0.404611345514053,0.29901920209786537,0.13194813403798594,2.266187424914869,0.29901920209786537,0.13194813403798594,2.266187424914869,0.6258234853518522,0.16388664367898156,0.21457006195395661,0.21457006195395661,medium,full_curve,50,0.004604080291661766
69,early_growth_slope,0.001576437099304585,0.0026223183843233394,0.0027430519486577923,0.00264667025688188,0.0010375584436890979,0.004297044288943565,-0.0017219016668691635,0.006978682529491681,0.0032594858452544674,0.008700584196360845,1.0,1.0,0.0010458812850187545,0.0011666148493532074,0.0011666148493532074,1.3609902067314068e-06,0.29901920209786537,0.13194813403798594,2.266187424914869,0.29901920209786537,0.13194813403798594,2.266187424914869,0.6258234853518522,0.16388664367898156,0.21457006195395661,0.21457006195395661,medium,full_curve,50,0.004604080291661766
70,peak_time,31.0,29.53,29.0,5.44662809229321,26.0,33.0,22.95,38.05,7.0,15.099999999999998,1.0,1.0,-1.4699999999999989,-2.0,2.0,4.0,0.34422379044333706,0.2360225739916709,1.4584358801861237,0.34422379044333706,0.2360225739916709,1.4584358801861237,0.8754213937783283,0.3963770931325158,0.21359753278726978,0.21359753278726978,medium,full_curve,50,0.001234456407752516
70,peak_height,0.08465715497732162,0.11597786717116833,0.10956916213035583,0.030739402207307576,0.0930991917848587,0.1365898959338665,0.07648666948080063,0.18079325780272484,0.0434907041490078,0.10430658832192422,0.0,1.0,0.0313207121938467,0.02491200715303421,0.02491200715303421,0.0006206081003928277,0.34422379044333706,0.2360225739916709,1.4584358801861237,0.34422379044333706,0.2360225739916709,1.4584358801861237,0.8754213937783283,0.3963770931325158,0.21359753278726978,0.21359753278726978,medium,full_curve,50,0.001234456407752516
70,cumulative_infected,2.0271678977878764,2.5946419279226984,2.4692758269957267,0.8768736659077272,1.9912560452939942,3.123943439539289,1.274738533864729,4.192278307070954,1.1326873942452949,2.9175397732062254,1.0,1.0,0.567474030134822,0.44210792920785025,0.44210792920785025,0.19545942106845351,0.34422379044333706,0.2360225739916709,1.4584358801861237,0.34422379044333706,0.2360225739916709,1.4584358801861237,0.8754213937783283,0.3963770931325158,0.21359753278726978,0.21359753278726978,medium,full_curve,50,0.001234456407752516
70,early_growth_slope,0.0032289721019056047,0.0011791770851761743,0.0014008411062171773,0.0023845437501627963,-0.0002081122677606924,0.0030488989744169104,-0.0036001026245122336,0.004474465602764948,0.003257011242177603,0.00807456822727718,0.0,1.0,-0.0020497950167294304,-0.0018281309956884274,0.0018281309956884274,3.342062937396761e-06,0.34422379044333706,0.2360225739916709,1.4584358801861237,0.34422379044333706,0.2360225739916709,1.4584358801861237,0.8754213937783283,0.3963770931325158,0.21359753278726978,0.21359753278726978,medium,full_curve,50,0.001234456407752516
71,peak_time,41.0,38.86,38.0,3.5191252356576377,36.75,41.0,33.95,46.0,4.25,12.049999999999997,1.0,1.0,-2.1400000000000006,-3.0,3.0,9.0,0.2032373473281616,0.05588595026853508,3.6366447443694687,0.2032373473281616,0.05588595026853508,3.6366447443694687,0.3543213304237225,0.06538853020727937,0.23379068892122173,0.23379068892122173,medium,full_curve,50,0.0029098205366132847
71,peak_height,0.41528579592704773,0.41448835738003253,0.4231211394071579,0.05119796222153802,0.4066959097981453,0.4398138001561165,0.33905034363269804,0.4680293008685112,0.03311789035797119,0.12897895723581315,1.0,1.0,-0.0007974385470151946,0.007835343480110168,0.007835343480110168,6.139260745130493e-05,0.2032373473281616,0.05588595026853508,3.6366447443694687,0.2032373473281616,0.05588595026853508,3.6366447443694687,0.3543213304237225,0.06538853020727937,0.23379068892122173,0.23379068892122173,medium,full_curve,50,0.0029098205366132847
71,cumulative_infected,9.861304298858158,10.426686013632134,10.668781195301563,1.5167404405335232,9.848585064988583,11.291646152560133,8.218226433567906,12.00380299394601,1.4430610875715502,3.7855765603781037,1.0,1.0,0.5653817147739755,0.8074768964434043,0.8074768964434043,0.6520189382898722,0.2032373473281616,0.05588595026853508,3.6366447443694687,0.2032373473281616,0.05588595026853508,3.6366447443694687,0.3543213304237225,0.06538853020727937,0.23379068892122173,0.23379068892122173,medium,full_curve,50,0.0029098205366132847
71,early_growth_slope,-0.0018320628663613665,0.0025242827504202326,0.002667739293905297,0.002512275590159844,0.0007934982686059648,0.00406010914178166,-0.0015928843526385843,0.006739075930922157,0.0032666108731756955,0.00833196028356074,0.0,0.0,0.004356345616781599,0.0044998021602666635,0.0044998021602666635,2.024821948154053e-05,0.2032373473281616,0.05588595026853508,3.6366447443694687,0.2032373473281616,0.05588595026853508,3.6366447443694687,0.3543213304237225,0.06538853020727937,0.23379068892122173,0.23379068892122173,medium,full_curve,50,0.0029098205366132847
72,peak_time,38.0,22.82,23.0,11.41448663105376,15.0,31.25,3.95,41.05,16.25,37.099999999999994,0.0,1.0,-15.18,-15.0,15.0,225.0,0.3759365663385059,0.2829894038044097,1.3284475011592214,0.3759365663385059,0.2829894038044097,1.3284475011592214,0.7786284762138673,0.4637892547863957,0.3389218148998218,0.3389218148998218,medium,full_curve,50,0.0004950692396167753
72,peak_height,0.07518784701824188,0.06650357075035572,0.06140369363129139,0.020783420656900534,0.05327609833329916,0.074799669906497,0.0452882694080472,0.10856740176677704,0.02152357157319784,0.06327913235872984,0.0,1.0,-0.008684276267886162,-0.013784153386950493,0.013784153386950493,0.00019000288459497874,0.3759365663385059,0.2829894038044097,1.3284475011592214,0.3759365663385059,0.2829894038044097,1.3284475011592214,0.7786284762138673,0.4637892547863957,0.3389218148998218,0.3389218148998218,medium,full_curve,50,0.0004950692396167753
72,cumulative_infected,1.139159384649247,1.0028710319831224,0.7943596059631091,0.573394291530883,0.6295294081937755,1.2110093471128494,0.4772664141579298,2.0192950345401175,0.5814799389190739,1.5420286203821876,1.0,1.0,-0.1362883526661245,-0.34479977868613787,0.34479977868613787,0.11888688738200966,0.3759365663385059,0.2829894038044097,1.3284475011592214,0.3759365663385059,0.2829894038044097,1.3284475011592214,0.7786284762138673,0.4637892547863957,0.3389218148998218,0.3389218148998218,medium,full_curve,50,0.0004950692396167753
72,early_growth_slope,0.0004738022495682042,0.0005743148898441834,0.00019680169532962572,0.002637470026778083,-0.0011440326710553121,0.002406839531474924,-0.003991392931181634,0.0053828857728235755,0.003550872202530236,0.00937427870400521,1.0,1.0,0.00010051264027597918,-0.0002770005542385785,0.0002770005542385785,7.672930704847967e-08,0.3759365663385059,0.2829894038044097,1.3284475011592214,0.3759365663385059,0.2829894038044097,1.3284475011592214,0.7786284762138673,0.4637892547863957,0.3389218148998218,0.3389218148998218,medium,full_curve,50,0.0004950692396167753
73,peak_time,0.0,22.81,20.0,16.283904800616945,7.75,40.0,1.0,47.05,32.25,46.05,0.0,0.0,22.81,20.0,20.0,400.0,0.1,0.15382963110141823,0.6500698160946058,0.1,0.15382963110141823,0.6500698160946058,0.2265160777470478,0.2981741593656002,0.28322477279858177,0.28322477279858177,medium,full_curve,50,1.3290780153980544e-05
73,peak_height,0.030158521607518196,0.05251905014738441,0.04865338280797005,0.017383962373117557,0.041849720291793346,0.055793886072933674,0.03601059131324291,0.08394563868641852,0.013944165781140327,0.04793504737317561,0.0,0.0,0.022360528539866212,0.01849486120045185,0.01849486120045185,0.0003420598908239793,0.1,0.15382963110141823,0.6500698160946058,0.1,0.15382963110141823,0.6500698160946058,0.2265160777470478,0.2981741593656002,0.28322477279858177,0.28322477279858177,medium,full_curve,50,1.3290780153980544e-05
73,cumulative_infected,0.28454429539851844,0.5730968638199055,0.45983648527180776,0.37046305710460314,0.3772998448002909,0.5628435961698415,0.30217106218697154,1.462512120103929,0.1855437513695506,1.1603410579169575,0.0,0.0,0.2885525684213871,0.17529218987328932,0.17529218987328932,0.030727351830573315,0.1,0.15382963110141823,0.6500698160946058,0.1,0.15382963110141823,0.6500698160946058,0.2265160777470478,0.2981741593656002,0.28322477279858177,0.28322477279858177,medium,full_curve,50,1.3290780153980544e-05
73,early_growth_slope,-0.003024685834090977,1.8874766525793582e-05,0.00011441406760630859,0.0019473726329795559,-0.001432031941866235,0.0014625764877218036,-0.003211779764387754,0.0027713496744538463,0.0028946084295880387,0.0059831294388416004,0.0,1.0,0.0030435606006167706,0.0031390999016972856,0.0031390999016972856,9.853948192835909e-06,0.1,0.15382963110141823,0.6500698160946058,0.1,0.15382963110141823,0.6500698160946058,0.2265160777470478,0.2981741593656002,0.28322477279858177,0.28322477279858177,medium,full_curve,50,1.3290780153980544e-05
74,peak_time,34.0,22.6,20.0,15.072886889773942,11.75,35.0,0.9500000000000002,48.0,23.25,47.05,1.0,1.0,-11.399999999999999,-14.0,14.0,196.0,0.19797354346125867,0.25889688154675206,0.7646810663708526,0.19797354346125867,0.25889688154675206,0.7646810663708526,0.1339396253054035,0.22905440706409586,0.3377880274855328,0.3377880274855328,medium,full_curve,50,4.133705014464463e-09
74,peak_height,0.064566969871521,0.05329379320144653,0.04854881018400192,0.01808070053626576,0.042659289203584194,0.05878784507513046,0.03487725015729666,0.08937452025711536,0.01612855587154627,0.054497270099818695,0.0,1.0,-0.011273176670074464,-0.016018159687519073,0.016018159687519073,0.00025658143977486114,0.19797354346125867,0.25889688154675206,0.7646810663708526,0.19797354346125867,0.25889688154675206,0.7646810663708526,0.1339396253054035,0.22905440706409586,0.3377880274855328,0.3377880274855328,medium,full_curve,50,4.133705014464463e-09
74,cumulative_infected,0.44514660419372376,0.6231519383836122,0.4925491287285695,0.4634689898324149,0.40651012415582954,0.6068727228848729,0.3182962761515228,1.5974719977763003,0.20036259872904338,1.2791757216247777,1.0,1.0,0.1780053341898884,0.047402524534845725,0.047402524534845725,0.002246999332276651,0.19797354346125867,0.25889688154675206,0.7646810663708526,0.19797354346125867,0.25889688154675206,0.7646810663708526,0.1339396253054035,0.22905440706409586,0.3377880274855328,0.3377880274855328,medium,full_curve,50,4.133705014464463e-09
74,early_growth_slope,-0.0018048750879686478,-0.0004049081879694911,-0.0005741742024838457,0.002198762665376508,-0.0015355397249333588,0.0010145898940685412,-0.004335690062829857,0.0035718336564189344,0.0025501296190019,0.007907523719248792,0.0,1.0,0.0013999668999991567,0.0012307008854848022,0.0012307008854848022,1.514624669533076e-06,0.19797354346125867,0.25889688154675206,0.7646810663708526,0.19797354346125867,0.25889688154675206,0.7646810663708526,0.1339396253054035,0.22905440706409586,0.3377880274855328,0.3377880274855328,medium,full_curve,50,4.133705014464463e-09
75,peak_time,22.0,20.16,20.0,2.7032341273879235,18.0,22.0,16.0,25.049999999999997,4.0,9.049999999999997,1.0,1.0,-1.8399999999999999,-2.0,2.0,4.0,0.4349925056774176,0.2503090887643624,1.7378214583606815,0.4349925056774176,0.2503090887643624,1.7378214583606815,0.8837552333949886,0.3423941073268198,0.3223446755513941,0.3223446755513941,medium,full_curve,50,0.0021187619155832896
75,peak_height,0.15157660841941833,0.14293468222022057,0.1440030112862587,0.01705001028386644,0.13151169940829277,0.1531321406364441,0.11483512111008168,0.17112718895077705,0.02162044122815132,0.056292067840695376,1.0,1.0,-0.008641926199197764,-0.0075735971331596375,0.0075735971331596375,5.735937353540388e-05,0.4349925056774176,0.2503090887643624,1.7378214583606815,0.4349925056774176,0.2503090887643624,1.7378214583606815,0.8837552333949886,0.3423941073268198,0.3223446755513941,0.3223446755513941,medium,full_curve,50,0.0021187619155832896
75,cumulative_infected,2.6992084812372923,2.8004055918530004,2.830076423007995,0.2417487458743596,2.652050158707425,2.9952551778551424,2.440793929575011,3.1422223980844137,0.3432050191477174,0.7014284685094028,1.0,1.0,0.10119711061570813,0.1308679417707026,0.1308679417707026,0.017126418183300008,0.4349925056774176,0.2503090887643624,1.7378214583606815,0.4349925056774176,0.2503090887643624,1.7378214583606815,0.8837552333949886,0.3423941073268198,0.3223446755513941,0.3223446755513941,medium,full_curve,50,0.0021187619155832896
75,early_growth_slope,0.001275114792709549,0.002974269877810175,0.0031106509988950114,0.002486258754975441,0.0012509083719037127,0.0047099642004121995,-0.001098314013021687,0.006377274624295143,0.0034590558285084866,0.0074755886373168295,1.0,1.0,0.0016991550851006261,0.0018355362061854624,0.0018355362061854624,3.36919316421772e-06,0.4349925056774176,0.2503090887643624,1.7378214583606815,0.4349925056774176,0.2503090887643624,1.7378214583606815,0.8837552333949886,0.3423941073268198,0.3223446755513941,0.3223446755513941,medium,full_curve,50,0.0021187619155832896
76,peak_time,16.0,22.68,20.5,15.305561146857766,10.0,38.0,0.9500000000000002,47.05,28.0,46.099999999999994,1.0,1.0,6.68,4.5,4.5,20.25,0.1,0.16318083821285026,0.6128170506733256,0.1,0.16318083821285026,0.6128170506733256,0.34589702627104435,0.41156801759521217,0.22685378284171723,0.22685378284171723,medium,full_curve,50,6.104785246773284e-05
76,peak_height,0.047844432294368744,0.052746957521885636,0.050652993842959404,0.016254494308087224,0.043762180022895336,0.05800547171384096,0.03594556413590908,0.0760605588555336,0.014243291690945625,0.04011499471962452,1.0,1.0,0.004902525227516892,0.00280856154859066,0.00280856154859066,7.888017972221967e-06,0.1,0.16318083821285026,0.6128170506733256,0.1,0.16318083821285026,0.6128170506733256,0.34589702627104435,0.41156801759521217,0.22685378284171723,0.22685378284171723,medium,full_curve,50,6.104785246773284e-05
76,cumulative_infected,0.3863550955429673,0.5989112713986015,0.49305407915380783,0.4135668941963168,0.40583734413667116,0.6192988063703524,0.3258560501475586,1.125531534478068,0.21346146223368123,0.7996754843305095,0.0,1.0,0.21255617585563413,0.10669898361084051,0.10669898361084051,0.011384673103586413,0.1,0.16318083821285026,0.6128170506733256,0.1,0.16318083821285026,0.6128170506733256,0.34589702627104435,0.41156801759521217,0.22685378284171723,0.22685378284171723,medium,full_curve,50,6.104785246773284e-05
76,early_growth_slope,-0.0004895335213015116,-0.00033892603341005844,-0.000162303658379685,0.0021393843190154996,-0.001982208897104663,0.0011351083299987728,-0.003688806785170785,0.0029155266238376494,0.003117317227103436,0.006604333409008434,1.0,1.0,0.00015060748789145318,0.0003272298629218266,0.0003272298629218266,1.0707938318783743e-07,0.1,0.16318083821285026,0.6128170506733256,0.1,0.16318083821285026,0.6128170506733256,0.34589702627104435,0.41156801759521217,0.22685378284171723,0.22685378284171723,medium,full_curve,50,6.104785246773284e-05
77,peak_time,35.0,38.62,38.0,3.681183384607606,36.0,41.0,32.95,45.0,5.0,12.049999999999997,0.0,1.0,3.6199999999999974,3.0,3.0,9.0,0.2134010076279605,0.09471853051944429,2.25300167198173,0.2134010076279605,0.09471853051944429,2.25300167198173,0.33715686116769167,0.11698283539278781,0.29240718532204657,0.29240718532204657,medium,full_curve,50,0.0007206184132518849
77,peak_height,0.23461037874221802,0.33536191858351233,0.3521633893251419,0.06299084218766848,0.3044477850198746,0.38024111837148666,0.24165931567549706,0.40861632227897643,0.07579333335161209,0.16695700660347937,0.0,0.0,0.10075153984129431,0.11755301058292389,0.11755301058292389,0.013818710297109016,0.2134010076279605,0.09471853051944429,2.25300167198173,0.2134010076279605,0.09471853051944429,2.25300167198173,0.33715686116769167,0.11698283539278781,0.29240718532204657,0.29240718532204657,medium,full_curve,50,0.0007206184132518849
77,cumulative_infected,5.330123363062739,8.354480189719833,8.909870762377977,1.7360281255318706,7.440676040016115,9.57278341986239,5.4676332792732865,10.5696278545307,2.132107379846275,5.101994575257413,0.0,0.0,3.024356826657094,3.579747399315238,3.579747399315238,12.81459144290421,0.2134010076279605,0.09471853051944429,2.25300167198173,0.2134010076279605,0.09471853051944429,2.25300167198173,0.33715686116769167,0.11698283539278781,0.29240718532204657,0.29240718532204657,medium,full_curve,50,0.0007206184132518849
77,early_growth_slope,0.002639572091755413,0.001967522787898426,0.001761695802477854,0.0025170595630774712,0.00026094970304430383,0.00339581302042851,-0.0019432046045992693,0.006545940707188231,0.0031348633173842065,0.0084891453117875,1.0,1.0,-0.000672049303856987,-0.0008778762892775588,0.0008778762892775588,7.706667792757361e-07,0.2134010076279605,0.09471853051944429,2.25300167198173,0.2134010076279605,0.09471853051944429,2.25300167198173,0.33715686116769167,0.11698283539278781,0.29240718532204657,0.29240718532204657,medium,full_curve,50,0.0007206184132518849
78,peak_time,19.0,20.2,20.0,1.6453178133937245,19.0,21.0,17.95,23.0,2.0,5.050000000000001,1.0,1.0,1.1999999999999993,1.0,1.0,1.0,0.3919268751171518,0.11847764712487133,3.30802378869049,0.3919268751171518,0.11847764712487133,3.30802378869049,0.848939365224746,0.13017671114676466,0.27374549910059676,0.27374549910059676,medium,full_curve,50,0.009162833721662073
78,peak_height,0.3609866201877594,0.3597618880867958,0.3584721088409424,0.020752401205410827,0.34508154541254044,0.372004397213459,0.32808580845594404,0.3975060150027275,0.02692285180091858,0.06942020654678344,1.0,1.0,-0.001224732100963577,-0.0025145113468170166,0.0025145113468170166,6.322767313271527e-06,0.3919268751171518,0.11847764712487133,3.30802378869049,0.3919268751171518,0.11847764712487133,3.30802378869049,0.848939365224746,0.13017671114676466,0.27374549910059676,0.27374549910059676,medium,full_curve,50,0.009162833721662073
78,cumulative_infected,7.696076450869441,7.676258319549088,7.656366083421744,0.42932422921946556,7.415845158742741,7.939837764482945,6.980856785248034,8.430440998426638,0.5239926057402045,1.4495842131786043,1.0,1.0,-0.019818131320352705,-0.039710367447696626,0.039710367447696626,0.001576913282831084,0.3919268751171518,0.11847764712487133,3.30802378869049,0.3919268751171518,0.11847764712487133,3.30802378869049,0.848939365224746,0.13017671114676466,0.27374549910059676,0.27374549910059676,medium,full_curve,50,0.009162833721662073
78,early_growth_slope,0.005729813250668702,0.006702922637999845,0.006899709796666034,0.002648538649701578,0.004706239351348595,0.008353339987696102,0.002528123174644341,0.010910072986596438,0.0036471006363475063,0.008381949811952097,1.0,1.0,0.0009731093873311426,0.0011698965459973317,0.0011698965459973317,1.3686579283364868e-06,0.3919268751171518,0.11847764712487133,3.30802378869049,0.3919268751171518,0.11847764712487133,3.30802378869049,0.848939365224746,0.13017671114676466,0.27374549910059676,0.27374549910059676,medium,full_curve,50,0.009162833721662073
79,peak_time,20.0,20.18,19.0,12.943061009005106,9.5,29.25,1.0,43.05,19.75,42.05,1.0,1.0,0.17999999999999972,-1.0,1.0,1.0,0.10754631962848574,0.10245898371119908,1.0496524143907802,0.10754631962848574,0.10245898371119908,1.0496524143907802,0.36451722413475474,0.3089766931012173,0.25797770317703506,0.25797770317703506,medium,full_curve,50,8.541086514839616e-05
79,peak_height,0.06206967681646347,0.06611749716103077,0.05689546838402748,0.03585420224294516,0.04524473752826452,0.07346481457352638,0.03649453520774841,0.12899145111441612,0.02822007704526186,0.09249691590666771,1.0,1.0,0.004047820344567299,-0.005174208432435989,0.005174208432435989,2.67724329022917e-05,0.10754631962848574,0.10245898371119908,1.0496524143907802,0.10754631962848574,0.10245898371119908,1.0496524143907802,0.36451722413475474,0.3089766931012173,0.25797770317703506,0.25797770317703506,medium,full_curve,50,8.541086514839616e-05
79,cumulative_infected,0.9238348561921157,1.0166389286855155,0.7221370569313876,0.9016466543202646,0.5385077046230435,1.0699550985591486,0.38172525568220406,3.150600852121715,0.5314473939361051,2.7688755964395106,1.0,1.0,0.09280407249339984,-0.20169779926072806,0.20169779926072806,0.04068200222662095,0.10754631962848574,0.10245898371119908,1.0496524143907802,0.10754631962848574,0.10245898371119908,1.0496524143907802,0.36451722413475474,0.3089766931012173,0.25797770317703506,0.25797770317703506,medium,full_curve,50,8.541086514839616e-05
79,early_growth_slope,0.00318946735933423,0.0005672038401735342,0.00024170253614318548,0.002697430831463064,-0.0016302451579013853,0.0026555979358298433,-0.00386323511657316,0.004790286398686777,0.004285843093731229,0.008653521515259936,0.0,1.0,-0.002622263519160696,-0.0029477648231910447,0.0029477648231910447,8.689317452842531e-06,0.10754631962848574,0.10245898371119908,1.0496524143907802,0.10754631962848574,0.10245898371119908,1.0496524143907802,0.36451722413475474,0.3089766931012173,0.25797770317703506,0.25797770317703506,medium,full_curve,50,8.541086514839616e-05
80,peak_time,31.0,24.44,22.5,15.6213529076923,11.0,40.0,1.0,47.0,29.0,46.0,1.0,1.0,-6.559999999999999,-8.5,8.5,72.25,0.2563801995683215,0.41529993921171515,0.6173374358179758,0.2563801995683215,0.41529993921171515,0.6173374358179758,0.2471041151882863,0.4512701366403208,0.22890360265373758,0.22890360265373758,medium,full_curve,50,1.4839125799672721e-05
80,peak_height,0.042716607451438904,0.05485715050250292,0.05250593088567257,0.0207370795172231,0.04249096754938364,0.05888793803751469,0.033915286511182786,0.09583960957825179,0.016396970488131046,0.061924323067069,1.0,1.0,0.012140543051064018,0.009789323434233665,0.009789323434233665,9.58308533000364e-05,0.2563801995683215,0.41529993921171515,0.6173374358179758,0.2563801995683215,0.41529993921171515,0.6173374358179758,0.2471041151882863,0.4512701366403208,0.22890360265373758,0.22890360265373758,medium,full_curve,50,1.4839125799672721e-05
80,cumulative_infected,0.3416710779129062,0.6177885911960448,0.4702899978692585,0.4280045013790256,0.39043096550449263,0.6082494849979412,0.2961534347829001,1.8672816229751332,0.21781851949344855,1.5711281881922332,0.0,1.0,0.2761175132831386,0.12861891995635233,0.12861891995635233,0.016542826570738568,0.2563801995683215,0.41529993921171515,0.6173374358179758,0.2563801995683215,0.41529993921171515,0.6173374358179758,0.2471041151882863,0.4512701366403208,0.22890360265373758,0.22890360265373758,medium,full_curve,50,1.4839125799672721e-05
80,early_growth_slope,-0.002638658092889401,-0.00038976961811775705,-0.0002606987185399264,0.0021248769395640463,-0.0016205316475991682,0.0009469491598706346,-0.0038772384708170714,0.0032079546725504934,0.002567480807469803,0.007085193143367564,0.0,1.0,0.002248888474771644,0.0023779593743494744,0.0023779593743494744,5.654690786056543e-06,0.2563801995683215,0.41529993921171515,0.6173374358179758,0.2563801995683215,0.41529993921171515,0.6173374358179758,0.2471041151882863,0.4512701366403208,0.22890360265373758,0.22890360265373758,medium,full_curve,50,1.4839125799672721e-05
81,peak_time,16.0,22.17,20.5,16.24251498165518,7.0,36.5,1.0,48.0,29.5,47.0,1.0,1.0,6.170000000000002,4.5,4.5,20.25,0.1,0.202786651744034,0.493129104603119,0.1,0.202786651744034,0.493129104603119,0.37747002616762304,0.48810615927015416,0.2220086871549401,0.2220086871549401,medium,full_curve,50,5.149198515766701e-05
81,peak_height,0.030745819211006165,0.05202774066478014,0.050250137224793434,0.014843651244547156,0.04171282798051834,0.056554039940238,0.03626609425991774,0.07773777581751345,0.014841211959719658,0.041471681557595716,0.0,0.0,0.021281921453773972,0.01950431801378727,0.01950431801378727,0.0003804184211829466,0.1,0.202786651744034,0.493129104603119,0.1,0.202786651744034,0.493129104603119,0.37747002616762304,0.48810615927015416,0.2220086871549401,0.2220086871549401,medium,full_curve,50,5.149198515766701e-05
81,cumulative_infected,0.4162877149065025,0.5567543435524783,0.476239748444641,0.3530133847868987,0.3924867336609168,0.5542199130068184,0.30673745865788077,1.4217700474604498,0.1617331793459016,1.115032588802569,1.0,1.0,0.1404666286459758,0.059952033538138494,0.059952033538138494,0.0035942463253580826,0.1,0.202786651744034,0.493129104603119,0.1,0.202786651744034,0.493129104603119,0.37747002616762304,0.48810615927015416,0.2220086871549401,0.2220086871549401,medium,full_curve,50,5.149198515766701e-05
81,early_growth_slope,-4.0112854635697117e-05,-0.0004323298995608457,-0.000499512814539705,0.0023321292066892404,-0.0023875608347311956,0.0016082548591796126,-0.003827433125670287,0.0029844868360734307,0.003995815693910808,0.006811919961743717,1.0,1.0,-0.0003922170449251486,-0.00045939995990400793,0.00045939995990400793,2.110483231598041e-07,0.1,0.202786651744034,0.493129104603119,0.1,0.202786651744034,0.493129104603119,0.37747002616762304,0.48810615927015416,0.2220086871549401,0.2220086871549401,medium,full_curve,50,5.149198515766701e-05
82,peak_time,32.0,22.72,23.0,15.804410585004236,8.0,36.0,1.0,48.0,28.0,47.0,1.0,1.0,-9.280000000000001,-9.0,9.0,81.0,0.22759038252588845,0.3360537258444109,0.6772440387441508,0.22759038252588845,0.3360537258444109,0.6772440387441508,0.22265528697835635,0.3661446511953632,0.21308576785515307,0.21308576785515307,medium,full_curve,50,1.9800549511549816e-05
82,peak_height,0.05043630301952362,0.05291143352165818,0.049793070182204247,0.015426966888794818,0.043569061905145645,0.05698842275887728,0.036486543528735635,0.07712791562080382,0.013419360853731632,0.04064137209206818,1.0,1.0,0.002475130502134562,-0.0006432328373193741,0.0006432328373193741,4.1374848300593237e-07,0.22759038252588845,0.3360537258444109,0.6772440387441508,0.22759038252588845,0.3360537258444109,0.6772440387441508,0.22265528697835635,0.3661446511953632,0.21308576785515307,0.21308576785515307,medium,full_curve,50,1.9800549511549816e-05
82,cumulative_infected,0.47571254971262533,0.5828624910418057,0.49993977751000784,0.3194074253462488,0.43911636785196606,0.614167824969627,0.3602021707221866,0.8941052836133166,0.1750514571176609,0.53390311289113,1.0,1.0,0.10714994132918032,0.02422722779738251,0.02422722779738251,0.0005869585667462638,0.22759038252588845,0.3360537258444109,0.6772440387441508,0.22759038252588845,0.3360537258444109,0.6772440387441508,0.22265528697835635,0.3661446511953632,0.21308576785515307,0.21308576785515307,medium,full_curve,50,1.9800549511549816e-05
82,early_growth_slope,-0.004671942985927063,-0.0004183278264671175,-0.00032653513785806327,0.0023322460177844354,-0.0021268532201204247,0.0011588557030162993,-0.003988374901070657,0.003202552041814973,0.003285708923136724,0.007190926942885629,0.0,0.0,0.004253615159459946,0.0043454078480689995,0.0043454078480689995,1.8882569366059653e-05,0.22759038252588845,0.3360537258444109,0.6772440387441508,0.22759038252588845,0.3360537258444109,0.6772440387441508,0.22265528697835635,0.3661446511953632,0.21308576785515307,0.21308576785515307,medium,full_curve,50,1.9800549511549816e-05
83,peak_time,40.0,32.18,33.0,7.085880112568725,28.0,37.0,21.95,42.05,9.0,20.099999999999998,0.0,1.0,-7.82,-7.0,7.0,49.0,0.2706230513102188,0.1771376486873597,1.5277556934712213,0.2706230513102188,0.1771376486873597,1.5277556934712213,0.55610471173518,0.27181820527559114,0.2413345563363235,0.2413345563363235,medium,full_curve,50,0.0007243754851692262
83,peak_height,0.13011132180690765,0.13118849139660596,0.11936577782034874,0.05256576089849224,0.09872492030262947,0.16139734908938408,0.062485233694314954,0.23537545874714852,0.06267242878675461,0.17289022505283358,1.0,1.0,0.001077169589698307,-0.010745543986558914,0.010745543986558914,0.00011546671556707244,0.2706230513102188,0.1771376486873597,1.5277556934712213,0.2706230513102188,0.1771376486873597,1.5277556934712213,0.55610471173518,0.27181820527559114,0.2413345563363235,0.2413345563363235,medium,full_curve,50,0.0007243754851692262
83,cumulative_infected,2.145817738957703,3.0583833955193405,2.7610595275909873,1.4817329667271761,2.1774450442317175,3.9112029381794855,1.0570804585702718,5.664923468895721,1.733757893947768,4.60784301032545,0.0,1.0,0.9125656565616374,0.6152417886332842,0.6152417886332842,0.3785224584806827,0.2706230513102188,0.1771376486873597,1.5277556934712213,0.2706230513102188,0.1771376486873597,1.5277556934712213,0.55610471173518,0.27181820527559114,0.2413345563363235,0.2413345563363235,medium,full_curve,50,0.0007243754851692262
83,early_growth_slope,-0.0044869093454465055,0.0014188743534863796,0.0015185652855074123,0.0025258243871767224,-0.0002131336521069026,0.0033803398892771268,-0.002377603318087667,0.005107748440821611,0.0035934735413840294,0.007485351758909278,0.0,0.0,0.005905783698932885,0.006005474630953918,0.006005474630953918,3.606572554303109e-05,0.2706230513102188,0.1771376486873597,1.5277556934712213,0.2706230513102188,0.1771376486873597,1.5277556934712213,0.55610471173518,0.27181820527559114,0.2413345563363235,0.2413345563363235,medium,full_curve,50,0.0007243754851692262
84,peak_time,25.0,25.56,24.0,7.7228769433954,20.0,30.0,12.0,40.05,10.0,28.049999999999997,1.0,1.0,0.5599999999999987,-1.0,1.0,1.0,0.3935426263393979,0.2767711508700085,1.421906239513502,0.3935426263393979,0.2767711508700085,1.421906239513502,0.8241617904022283,0.43372598947273916,0.31670163837230486,0.31670163837230486,medium,full_curve,50,0.0008215657433939299
84,peak_height,0.08513787388801575,0.08807142328470946,0.0863954909145832,0.014636463070010425,0.0794224962592125,0.09675731882452965,0.06482359133660794,0.11592960469424725,0.017334822565317154,0.05110601335763931,1.0,1.0,0.002933549396693713,0.001257617026567459,0.001257617026567459,1.5816005855123771e-06,0.3935426263393979,0.2767711508700085,1.421906239513502,0.3935426263393979,0.2767711508700085,1.421906239513502,0.8241617904022283,0.43372598947273916,0.31670163837230486,0.31670163837230486,medium,full_curve,50,0.0008215657433939299
84,cumulative_infected,1.683948038960807,1.6663502377749773,1.6456383676850237,0.4142801882932134,1.3502082085760776,1.8767160449642688,1.0859656554297543,2.4412583517017534,0.5265078363881912,1.355292696271999,1.0,1.0,-0.017597801185829764,-0.03830967127578333,0.03830967127578333,0.0014676309132585783,0.3935426263393979,0.2767711508700085,1.421906239513502,0.3935426263393979,0.2767711508700085,1.421906239513502,0.8241617904022283,0.43372598947273916,0.31670163837230486,0.31670163837230486,medium,full_curve,50,0.0008215657433939299
84,early_growth_slope,0.003637087053253447,0.0011572270408298992,0.0012451151730298688,0.002378499606290783,-0.0001847592578823885,0.002366879575198427,-0.003075558760195104,0.005034633721342763,0.002551638833080816,0.008110192481537867,0.0,1.0,-0.002479860012423548,-0.002391971880223578,0.002391971880223578,5.7215294757803194e-06,0.3935426263393979,0.2767711508700085,1.421906239513502,0.3935426263393979,0.2767711508700085,1.421906239513502,0.8241617904022283,0.43372598947273916,0.31670163837230486,0.31670163837230486,medium,full_curve,50,0.0008215657433939299
85,peak_time,38.0,34.25,38.0,13.34573287079379,29.5,44.25,5.8500000000000005,49.0,14.75,43.15,1.0,1.0,-3.75,0.0,0.0,0.0,0.1,0.05322341476607613,1.8788723053474319,0.1,0.05322341476607613,1.8788723053474319,0.12892762339478486,0.060850653317652666,0.22134349731912525,0.22134349731912525,medium,full_curve,50,2.7961683306233565e-07
85,peak_height,0.09351009875535965,0.12504965476691723,0.09736394882202148,0.08249384524297387,0.05619891919195652,0.16821327805519104,0.04040720537304878,0.28932016491889956,0.11201435886323452,0.24891295954585077,1.0,1.0,0.031539556011557585,0.0038538500666618347,0.0038538500666618347,1.4852160336309428e-05,0.1,0.05322341476607613,1.8788723053474319,0.1,0.05322341476607613,1.8788723053474319,0.12892762339478486,0.060850653317652666,0.22134349731912525,0.22134349731912525,medium,full_curve,50,2.7961683306233565e-07
85,cumulative_infected,1.723533961456269,2.5793183384090663,2.0015637333272025,2.0868025960639947,0.7243988103073207,3.843643491039984,0.395959089887765,6.49845596156665,3.1192446807326633,6.102496871678885,1.0,1.0,0.8557843769527973,0.2780297718709335,0.2780297718709335,0.07730055404660331,0.1,0.05322341476607613,1.8788723053474319,0.1,0.05322341476607613,1.8788723053474319,0.12892762339478486,0.060850653317652666,0.22134349731912525,0.22134349731912525,medium,full_curve,50,2.7961683306233565e-07
85,early_growth_slope,-0.004068896107907801,0.0008080403933715956,0.0009016007825266576,0.002611709528877075,-0.0010785354016185176,0.002463280145829707,-0.0031576110946064397,0.005258923446048615,0.003541815547448224,0.008416534540655055,0.0,0.0,0.004876936501279397,0.004970496890434459,0.004970496890434459,2.470583933781863e-05,0.1,0.05322341476607613,1.8788723053474319,0.1,0.05322341476607613,1.8788723053474319,0.12892762339478486,0.060850653317652666,0.22134349731912525,0.22134349731912525,medium,full_curve,50,2.7961683306233565e-07
86,peak_time,32.0,32.76,34.0,9.876121595939257,29.0,39.0,10.850000000000001,44.099999999999994,10.0,33.24999999999999,1.0,1.0,0.759999999999998,2.0,2.0,4.0,0.19427887483309628,0.12920631807403002,1.5036329316479888,0.19427887483309628,0.12920631807403002,1.5036329316479888,0.3267542325742204,0.18949655560763778,0.29814286598271555,0.29814286598271555,medium,full_curve,50,8.745019998590239e-05
86,peak_height,0.12045138329267502,0.14060344606637953,0.1344241052865982,0.061423706818603055,0.09111854061484337,0.17625823244452477,0.057827980257570744,0.24320224076509472,0.0851396918296814,0.18537426050752398,1.0,1.0,0.020152062773704515,0.013972721993923187,0.013972721993923187,0.00019523695991946477,0.19427887483309628,0.12920631807403002,1.5036329316479888,0.19427887483309628,0.12920631807403002,1.5036329316479888,0.3267542325742204,0.18949655560763778,0.29814286598271555,0.29814286598271555,medium,full_curve,50,8.745019998590239e-05
86,cumulative_infected,2.177002163603902,3.2605847129438916,3.1620130326482467,1.6782329960937237,1.9899485960486345,4.262130048155086,0.9706679797032848,6.047206162824295,2.2721814521064516,5.07653818312101,1.0,1.0,1.0835825493399898,0.9850108690443449,0.9850108690443449,0.9702464121354956,0.19427887483309628,0.12920631807403002,1.5036329316479888,0.19427887483309628,0.12920631807403002,1.5036329316479888,0.3267542325742204,0.18949655560763778,0.29814286598271555,0.29814286598271555,medium,full_curve,50,8.745019998590239e-05
86,early_growth_slope,0.0012161638255098039,0.001435910689184918,0.001442060873073171,0.0024767247321956136,-0.0004888336157559266,0.0033403737830840757,-0.002765725151680052,0.005399638877411017,0.003829207398840002,0.00816536402909107,1.0,1.0,0.0002197468636751141,0.00022589704756336717,0.00022589704756336717,5.102947609784617e-08,0.19427887483309628,0.12920631807403002,1.5036329316479888,0.19427887483309628,0.12920631807403002,1.5036329316479888,0.3267542325742204,0.18949655560763778,0.29814286598271555,0.29814286598271555,medium,full_curve,50,8.745019998590239e-05
87,peak_time,36.0,23.23,22.5,15.97020900794901,7.0,38.0,1.9500000000000002,48.0,31.0,46.05,1.0,1.0,-12.77,-13.5,13.5,182.25,0.1,0.1699138776736247,0.588533446291437,0.1,0.1699138776736247,0.588533446291437,0.40963989331542316,0.47829060014172187,0.24263564405395371,0.24263564405395371,medium,full_curve,50,6.832043675702278e-05
87,peak_height,0.047776997089385986,0.057822434697300196,0.052287714555859566,0.026960545531609086,0.045509287156164646,0.06095585972070694,0.03501632828265429,0.08867002800106998,0.015446572564542294,0.05365369971841569,1.0,1.0,0.01004543760791421,0.004510717466473579,0.004510717466473579,2.0346572062349827e-05,0.1,0.1699138776736247,0.588533446291437,0.1,0.1699138776736247,0.588533446291437,0.40963989331542316,0.47829060014172187,0.24263564405395371,0.24263564405395371,medium,full_curve,50,6.832043675702278e-05
87,cumulative_infected,0.5311677773133852,0.7059326530568433,0.539777989994036,0.5851459194019223,0.446898109614267,0.6882471620197066,0.33233388771477623,1.6368006459117153,0.24134905240543958,1.3044667581969391,1.0,1.0,0.17476487574345811,0.008610212680650875,0.008610212680650875,7.413576240604113e-05,0.1,0.1699138776736247,0.588533446291437,0.1,0.1699138776736247,0.588533446291437,0.40963989331542316,0.47829060014172187,0.24263564405395371,0.24263564405395371,medium,full_curve,50,6.832043675702278e-05
87,early_growth_slope,-0.0016622977397803742,0.00015542833635317127,-6.227284514655554e-05,0.002092944714260914,-0.001116130490291176,0.0014424490648144417,-0.0035161599491922435,0.004232672604987221,0.002558579555105618,0.007748832554179464,0.0,1.0,0.0018177260761335454,0.0016000248946338187,0.0016000248946338187,2.5600796634479626e-06,0.1,0.1699138776736247,0.588533446291437,0.1,0.1699138776736247,0.588533446291437,0.40963989331542316,0.47829060014172187,0.24263564405395371,0.24263564405395371,medium,full_curve,50,6.832043675702278e-05
88,peak_time,20.0,21.18,21.0,1.8278430186999377,20.0,22.0,18.95,24.0,2.0,5.050000000000001,1.0,1.0,1.1799999999999997,1.0,1.0,1.0,0.38926660470087704,0.13750697667679204,2.8308862147107052,0.38926660470087704,0.13750697667679204,2.8308862147107052,0.899878572013166,0.15673887788559965,0.23936210774011096,0.23936210774011096,medium,full_curve,50,0.0073605109391071755
88,peak_height,0.31420567631721497,0.2926593954861164,0.29499633610248566,0.020572807060456676,0.277605377137661,0.30738674104213715,0.2569185644388199,0.3215813398361206,0.029781363904476166,0.0646627753973007,0.0,1.0,-0.021546280831098552,-0.01920934021472931,0.01920934021472931,0.00036899875148521666,0.38926660470087704,0.13750697667679204,2.8308862147107052,0.38926660470087704,0.13750697667679204,2.8308862147107052,0.899878572013166,0.15673887788559965,0.23936210774011096,0.23936210774011096,medium,full_curve,50,0.0073605109391071755
88,cumulative_infected,6.3268857123330235,6.305950094090149,6.328694407828152,0.38834412979209215,6.010948764567729,6.609495079930639,5.620714649884031,6.871806863206439,0.5985463153629098,1.2510922133224085,1.0,1.0,-0.020935618242874376,0.0018086954951286316,0.0018086954951286316,3.2713793940986058e-06,0.38926660470087704,0.13750697667679204,2.8308862147107052,0.38926660470087704,0.13750697667679204,2.8308862147107052,0.899878572013166,0.15673887788559965,0.23936210774011096,0.23936210774011096,medium,full_curve,50,0.0073605109391071755
88,early_growth_slope,0.0044515167828649265,0.005317394473275359,0.005296938193385444,0.0026230236016265645,0.0033828170049846878,0.007318174467876642,0.0011462612648583247,0.009431577869413772,0.003935357462891954,0.008285316604555447,1.0,1.0,0.0008658776904104321,0.0008454214105205176,0.0008454214105205176,7.147373613665015e-07,0.38926660470087704,0.13750697667679204,2.8308862147107052,0.38926660470087704,0.13750697667679204,2.8308862147107052,0.899878572013166,0.15673887788559965,0.23936210774011096,0.23936210774011096,medium,full_curve,50,0.0073605109391071755
89,peak_time,34.0,27.67,30.0,10.842355217694479,21.0,34.25,5.95,44.05,13.25,38.099999999999994,1.0,1.0,-6.329999999999998,-4.0,4.0,16.0,0.2994383271768001,0.21852522558797868,1.3702689306056597,0.2994383271768001,0.21852522558797868,1.3702689306056597,0.58915324177052,0.34710120487652285,0.3066740599075731,0.3066740599075731,medium,full_curve,50,0.00038759220087332706
89,peak_height,0.07537885755300522,0.09194402378052473,0.07915683835744858,0.037644639707737064,0.06652115657925606,0.11093073338270187,0.050160333327949044,0.17724292948842046,0.044409576803445816,0.1270825961604714,1.0,1.0,0.01656516622751951,0.0037779808044433594,0.0037779808044433594,1.4273138958742493e-05,0.2994383271768001,0.21852522558797868,1.3702689306056597,0.2994383271768001,0.21852522558797868,1.3702689306056597,0.58915324177052,0.34710120487652285,0.3066740599075731,0.3066740599075731,medium,full_curve,50,0.00038759220087332706
89,cumulative_infected,1.6620021355338395,1.830626319930707,1.5647665637079626,1.0330180404098799,1.0313133350355201,2.4347034700913355,0.6352981366100721,4.173997806641273,1.4033901350558153,3.5386996700312006,1.0,1.0,0.16862418439686744,-0.09723557182587683,0.09723557182587683,0.009454756428305252,0.2994383271768001,0.21852522558797868,1.3702689306056597,0.2994383271768001,0.21852522558797868,1.3702689306056597,0.58915324177052,0.34710120487652285,0.3066740599075731,0.3066740599075731,medium,full_curve,50,0.00038759220087332706
89,early_growth_slope,0.0027786718592757256,0.0007434143113485858,0.0006246399023525773,0.002516656977158524,-0.0012171752078713658,0.0022814309874471896,-0.002917603237853782,0.004842883346801888,0.003498606195318555,0.00776048658465567,0.0,1.0,-0.00203525754792714,-0.002154031956923148,0.002154031956923148,4.639853671446167e-06,0.2994383271768001,0.21852522558797868,1.3702689306056597,0.2994383271768001,0.21852522558797868,1.3702689306056597,0.58915324177052,0.34710120487652285,0.3066740599075731,0.3066740599075731,medium,full_curve,50,0.00038759220087332706
90,peak_time,18.0,23.31,24.5,15.463018770439021,9.0,37.0,1.0,46.0,28.0,45.0,1.0,1.0,5.309999999999999,6.5,6.5,42.25,0.1,0.14977884607014127,0.667651024318682,0.1,0.14977884607014127,0.667651024318682,0.38728839918604385,0.4241504682376977,0.21530143255398124,0.21530143255398124,medium,full_curve,50,9.213950828843674e-05
90,peak_height,0.04840443283319473,0.054941019639372826,0.04986383952200413,0.022505785232273624,0.04450429230928421,0.058189296163618565,0.03595053516328335,0.07628574930131435,0.013685003854334354,0.040335214138031,1.0,1.0,0.0065365868061780935,0.0014594066888093948,0.0014594066888093948,2.129867883341602e-06,0.1,0.14977884607014127,0.667651024318682,0.1,0.14977884607014127,0.667651024318682,0.38728839918604385,0.4241504682376977,0.21530143255398124,0.21530143255398124,medium,full_curve,50,9.213950828843674e-05
90,cumulative_infected,0.5086715731886216,0.6593618961447828,0.49959962191132945,0.548613188626478,0.41323054107488133,0.7173073029061925,0.32143611980136483,1.3352470808196808,0.30407676183131116,1.013810961018316,1.0,1.0,0.15069032295616125,-0.0090719512772921,0.0090719512772921,8.230029997756177e-05,0.1,0.14977884607014127,0.667651024318682,0.1,0.14977884607014127,0.667651024318682,0.38728839918604385,0.4241504682376977,0.21530143255398124,0.21530143255398124,medium,full_curve,50,9.213950828843674e-05
90,early_growth_slope,-0.0025522238117576166,-0.0003339048888405412,-0.00048712091492710664,0.002045686364435675,-0.001750497973435335,0.0008519057435998026,-0.003471428653713135,0.0032151258372496586,0.0026024037170351375,0.006686554490962794,0.0,1.0,0.0022183189229170756,0.00206510289683051,0.00206510289683051,4.264649974497765e-06,0.1,0.14977884607014127,0.667651024318682,0.1,0.14977884607014127,0.667651024318682,0.38728839918604385,0.4241504682376977,0.21530143255398124,0.21530143255398124,medium,full_curve,50,9.213950828843674e-05
91,peak_time,31.0,27.24,28.0,10.73662663573394,22.0,36.0,5.0,43.0,14.0,38.0,1.0,1.0,-3.7600000000000016,-3.0,3.0,9.0,0.3141387379499912,0.24371547621651582,1.288956872278852,0.3141387379499912,0.24371547621651582,1.288956872278852,0.7184621970435587,0.4407208288929976,0.28809126796829043,0.28809126796829043,medium,full_curve,50,0.0004248369232693493
91,peak_height,0.07379616051912308,0.07836623430252075,0.06739740818738937,0.035817165925615665,0.05490673612803221,0.0897535253316164,0.04292376395314932,0.15075133368372917,0.034846789203584194,0.10782756973057986,1.0,1.0,0.004570073783397674,-0.006398752331733704,0.006398752331733704,4.094403140286751e-05,0.3141387379499912,0.24371547621651582,1.288956872278852,0.3141387379499912,0.24371547621651582,1.288956872278852,0.7184621970435587,0.4407208288929976,0.28809126796829043,0.28809126796829043,medium,full_curve,50,0.0004248369232693493
91,cumulative_infected,1.407545250162002,1.4215696923846373,1.106108390929876,1.0405304045502664,0.7147145917533635,1.7198523617116734,0.4750830741220852,3.6575291917193677,1.00513776995831,3.1824461175972827,1.0,1.0,0.014024442222635214,-0.30143685923212615,0.30143685923212615,0.09086418010372864,0.3141387379499912,0.24371547621651582,1.288956872278852,0.3141387379499912,0.24371547621651582,1.288956872278852,0.7184621970435587,0.4407208288929976,0.28809126796829043,0.28809126796829043,medium,full_curve,50,0.0004248369232693493
91,early_growth_slope,-0.00611848018676634,0.0001942643444347906,0.00035410320768798165,0.0022408173027033476,-0.001299306352025484,0.0018309843989776531,-0.0035849760910163482,0.0031781511843594957,0.0031302907510031373,0.006763127275375844,0.0,0.0,0.006312744531201131,0.006472583394454322,0.006472583394454322,4.189433579816583e-05,0.3141387379499912,0.24371547621651582,1.288956872278852,0.3141387379499912,0.24371547621651582,1.288956872278852,0.7184621970435587,0.4407208288929976,0.28809126796829043,0.28809126796829043,medium,full_curve,50,0.0004248369232693493
92,peak_time,46.0,23.42,25.5,16.428713469490734,6.0,38.0,1.9500000000000002,49.0,32.0,47.05,0.0,1.0,-22.58,-20.5,20.5,420.25,0.14508445432260747,0.2928628713148168,0.49540064150585694,0.14508445432260747,0.2928628713148168,0.49540064150585694,0.11774742704872394,0.3336572639632555,0.26548850037275235,0.26548850037275235,medium,full_curve,50,1.4409706588029609e-06
92,peak_height,0.05633814260363579,0.05440911367535591,0.050317078828811646,0.01987512765976196,0.042330630123615265,0.05882589519023895,0.03296623528003693,0.09887716025114054,0.016495265066623688,0.06591092497110362,1.0,1.0,-0.0019290289282798759,-0.0060210637748241425,0.0060210637748241425,3.625320898049955e-05,0.14508445432260747,0.2928628713148168,0.49540064150585694,0.14508445432260747,0.2928628713148168,0.49540064150585694,0.11774742704872394,0.3336572639632555,0.26548850037275235,0.26548850037275235,medium,full_curve,50,1.4409706588029609e-06
92,cumulative_infected,0.4732034968910739,0.6530220933466058,0.4976543901793775,0.49563200472115543,0.37091823082300834,0.661557707193424,0.28849948295537614,1.912532088306034,0.29063947637041565,1.6240326053506577,1.0,1.0,0.1798185964555319,0.024450893288303632,0.024450893288303632,0.0005978461825960116,0.14508445432260747,0.2928628713148168,0.49540064150585694,0.14508445432260747,0.2928628713148168,0.49540064150585694,0.11774742704872394,0.3336572639632555,0.26548850037275235,0.26548850037275235,medium,full_curve,50,1.4409706588029609e-06
92,early_growth_slope,-0.0017795829778714546,-0.0002379073662182012,-0.0002559576089316525,0.0022567172508027645,-0.0017960635886993248,0.0012108304768584533,-0.00348298740081234,0.0032303056443457254,0.0030068940655577784,0.006713293045158065,1.0,1.0,0.0015416756116532534,0.0015236253689398021,0.0015236253689398021,2.321434264876948e-06,0.14508445432260747,0.2928628713148168,0.49540064150585694,0.14508445432260747,0.2928628713148168,0.49540064150585694,0.11774742704872394,0.3336572639632555,0.26548850037275235,0.26548850037275235,medium,full_curve,50,1.4409706588029609e-06
93,peak_time,43.0,23.06,25.0,14.839763672598897,8.75,35.0,1.9500000000000002,48.0,26.25,46.05,0.0,1.0,-19.94,-18.0,18.0,324.0,0.23647221431666088,0.18721875911887265,1.263079701145307,0.23647221431666088,0.18721875911887265,1.263079701145307,0.7686899783962201,0.4547035399574996,0.2061259227766856,0.2061259227766856,medium,full_curve,50,0.0004990556293423956
93,peak_height,0.07317628711462021,0.06455098237842322,0.055884452536702156,0.030634903028835998,0.04846829269081354,0.06928442604839802,0.04013245236128569,0.11448945812880992,0.020816133357584476,0.07435700576752424,0.0,1.0,-0.008625304736196993,-0.017291834577918053,0.017291834577918053,0.0002990075430700824,0.23647221431666088,0.18721875911887265,1.263079701145307,0.23647221431666088,0.18721875911887265,1.263079701145307,0.7686899783962201,0.4547035399574996,0.2061259227766856,0.2061259227766856,medium,full_curve,50,0.0004990556293423956
93,cumulative_infected,1.0948923504911363,0.9837706032490314,0.7081297355944116,0.7754310046566494,0.527567457400437,1.0242070249696553,0.36915853592799974,2.4094013288500715,0.49663956756921834,2.0402427929220717,0.0,1.0,-0.11112174724210488,-0.3867626148967247,0.3867626148967247,0.14958532028175217,0.23647221431666088,0.18721875911887265,1.263079701145307,0.23647221431666088,0.18721875911887265,1.263079701145307,0.7686899783962201,0.4547035399574996,0.2061259227766856,0.2061259227766856,medium,full_curve,50,0.0004990556293423956
93,early_growth_slope,-0.002072163691212024,-0.0002836561253646616,-0.0003375695920286002,0.002730067168318254,-0.0022149144566529196,0.0014396715615432527,-0.004072827250534566,0.004435740531854596,0.0036545860181961725,0.008508567782389162,1.0,1.0,0.0017885075658473624,0.0017345940991834237,0.0017345940991834237,3.0088166889219533e-06,0.23647221431666088,0.18721875911887265,1.263079701145307,0.23647221431666088,0.18721875911887265,1.263079701145307,0.7686899783962201,0.4547035399574996,0.2061259227766856,0.2061259227766856,medium,full_curve,50,0.0004990556293423956
94,peak_time,37.0,22.42,19.5,14.747833259790601,10.0,35.0,1.0,47.0,25.0,46.0,0.0,1.0,-14.579999999999998,-17.5,17.5,306.25,0.1372540212669509,0.11358249637800878,1.2084082111574832,0.1372540212669509,0.11358249637800878,1.2084082111574832,0.38523031434417165,0.2957753045440793,0.3092351634315912,0.3092351634315912,medium,full_curve,50,5.6269036867685174e-05
94,peak_height,0.07112018764019012,0.06169018760323525,0.05342908948659897,0.030463300467828622,0.046639714390039444,0.06370514072477818,0.03426236175000667,0.11241731010377407,0.01706542633473873,0.07815494835376739,0.0,1.0,-0.009430000036954878,-0.017691098153591156,0.017691098153591156,0.0003129749538799964,0.1372540212669509,0.11358249637800878,1.2084082111574832,0.1372540212669509,0.11358249637800878,1.2084082111574832,0.38523031434417165,0.2957753045440793,0.3092351634315912,0.3092351634315912,medium,full_curve,50,5.6269036867685174e-05
94,cumulative_infected,0.9770184750668705,0.9027774108645462,0.6264583919546567,0.8908669004392684,0.47548053557147796,0.8695708062004996,0.33235057342863,2.591576068103313,0.3940902706290217,2.2592254946746833,0.0,1.0,-0.07424106420232424,-0.35056008311221376,0.35056008311221376,0.12289237187164222,0.1372540212669509,0.11358249637800878,1.2084082111574832,0.1372540212669509,0.11358249637800878,1.2084082111574832,0.38523031434417165,0.2957753045440793,0.3092351634315912,0.3092351634315912,medium,full_curve,50,5.6269036867685174e-05
94,early_growth_slope,0.0008400578822364069,-0.00020286907436976753,-0.00012198758278308017,0.00222352720089869,-0.0017644290831716107,0.0011848350772024363,-0.003632264717348983,0.0032508072088516886,0.002949264160374047,0.006883071926200671,1.0,1.0,-0.0010429269566061745,-0.0009620454650194871,0.0009620454650194871,9.255314767645613e-07,0.1372540212669509,0.11358249637800878,1.2084082111574832,0.1372540212669509,0.11358249637800878,1.2084082111574832,0.38523031434417165,0.2957753045440793,0.3092351634315912,0.3092351634315912,medium,full_curve,50,5.6269036867685174e-05
95,peak_time,29.0,27.49,29.0,12.351334120063894,21.0,37.0,3.0,45.0,16.0,42.0,1.0,1.0,-1.5100000000000016,0.0,0.0,0.0,0.30617795601451187,0.2337932872360192,1.309609696814857,0.30617795601451187,0.2337932872360192,1.309609696814857,0.7743966339701682,0.443106078906533,0.24464466813129382,0.24464466813129382,medium,full_curve,50,0.0005860860716515447
95,peak_height,0.0772641971707344,0.0926911460235715,0.07864362373948097,0.044888707239382535,0.06066350918263197,0.1161230243742466,0.047459642961621286,0.17942659556865687,0.05545951519161463,0.1319669526070356,1.0,1.0,0.015426948852837088,0.0013794265687465668,0.0013794265687465668,1.9028176585639267e-06,0.30617795601451187,0.2337932872360192,1.309609696814857,0.30617795601451187,0.2337932872360192,1.309609696814857,0.7743966339701682,0.443106078906533,0.24464466813129382,0.24464466813129382,medium,full_curve,50,0.0005860860716515447
95,cumulative_infected,1.4087423296878114,1.8127879474911606,1.3949364988366142,1.3193573319062453,0.8663805974647403,2.347715132171288,0.49447707529689067,4.59884967887774,1.4813345347065479,4.10437260358085,1.0,1.0,0.40404561780334913,-0.013805830851197243,0.013805830851197243,0.00019060096549186958,0.30617795601451187,0.2337932872360192,1.309609696814857,0.30617795601451187,0.2337932872360192,1.309609696814857,0.7743966339701682,0.443106078906533,0.24464466813129382,0.24464466813129382,medium,full_curve,50,0.0005860860716515447
95,early_growth_slope,-0.00028601836779021785,0.0005559460594893266,0.0003176234396440649,0.002779749339586349,-0.0014832479771160114,0.0023964939686092765,-0.003391527757325785,0.00535041946208193,0.003879741945725288,0.008741947219407716,1.0,1.0,0.0008419644272795445,0.0006036418074342828,0.0006036418074342828,3.643834316825277e-07,0.30617795601451187,0.2337932872360192,1.309609696814857,0.30617795601451187,0.2337932872360192,1.309609696814857,0.7743966339701682,0.443106078906533,0.24464466813129382,0.24464466813129382,medium,full_curve,50,0.0005860860716515447
96,peak_time,15.0,22.55,21.5,14.679316170459824,8.75,35.25,1.0,44.099999999999994,26.5,43.099999999999994,1.0,1.0,7.550000000000001,6.5,6.5,42.25,0.13830317454934665,0.12090346519039018,1.1439140667437169,0.13830317454934665,0.12090346519039018,1.1439140667437169,0.6665034631630168,0.4981811559115042,0.2841747091042003,0.2841747091042003,medium,full_curve,50,0.00017709127053439061
96,peak_height,0.045490194112062454,0.06163288861513138,0.05241942219436169,0.027311152669527685,0.045049404725432396,0.06789788044989109,0.03831408061087131,0.11652234271168707,0.022848475724458694,0.07820826210081576,1.0,1.0,0.016142694503068926,0.0069292280822992325,0.0069292280822992325,4.80142018165243e-05,0.13830317454934665,0.12090346519039018,1.1439140667437169,0.13830317454934665,0.12090346519039018,1.1439140667437169,0.6665034631630168,0.4981811559115042,0.2841747091042003,0.2841747091042003,medium,full_curve,50,0.00017709127053439061
96,cumulative_infected,0.7295519053004682,0.7737904797615306,0.5371384552272502,0.6653971754491761,0.4331733787403209,0.8043473989819176,0.3340901707357261,2.469083673204294,0.37117402024159674,2.134993502468568,1.0,1.0,0.044238574461062385,-0.19241345007321797,0.19241345007321797,0.037022935769078745,0.13830317454934665,0.12090346519039018,1.1439140667437169,0.13830317454934665,0.12090346519039018,1.1439140667437169,0.6665034631630168,0.4981811559115042,0.2841747091042003,0.2841747091042003,medium,full_curve,50,0.00017709127053439061
96,early_growth_slope,-0.00015819273401229133,-1.368890068988497e-05,-0.00018895310668518614,0.0024314413953577707,-0.001368642375122622,0.0016142621648863752,-0.004279314668244858,0.0036333937716249006,0.0029829045400089974,0.00791270843986976,1.0,1.0,0.00014450383332240637,-3.0760372672894806e-05,3.0760372672894806e-05,9.462005269753735e-10,0.13830317454934665,0.12090346519039018,1.1439140667437169,0.13830317454934665,0.12090346519039018,1.1439140667437169,0.6665034631630168,0.4981811559115042,0.2841747091042003,0.2841747091042003,medium,full_curve,50,0.00017709127053439061
97,peak_time,44.0,26.78,29.5,13.383677681520439,15.0,37.25,3.95,46.0,22.25,42.05,0.0,1.0,-17.22,-14.5,14.5,210.25,0.14024414269774463,0.1072473467055634,1.3076700450480192,0.14024414269774463,0.1072473467055634,1.3076700450480192,0.5365577147396963,0.3497709896979925,0.21589033026718019,0.21589033026718019,medium,full_curve,50,0.00024312838500671787
97,peak_height,0.06538058072328568,0.08148230358958244,0.0628041997551918,0.050349598162452165,0.0520359855145216,0.09148678183555603,0.04121057987213135,0.18762716054916379,0.03945079632103443,0.14641658067703245,1.0,1.0,0.01610172286629677,-0.002576380968093872,0.002576380968093872,6.6377388927563175e-06,0.14024414269774463,0.1072473467055634,1.3076700450480192,0.14024414269774463,0.1072473467055634,1.3076700450480192,0.5365577147396963,0.3497709896979925,0.21589033026718019,0.21589033026718019,medium,full_curve,50,0.00024312838500671787
97,cumulative_infected,1.243811494205147,1.4471437919336494,0.7673409815324703,1.4257034621842932,0.5273113310067856,1.8708152950857766,0.41142060450511053,4.692007661284879,1.343503964078991,4.280587056779768,1.0,1.0,0.20333229772850236,-0.4764705126726767,0.4764705126726767,0.22702414944656338,0.14024414269774463,0.1072473467055634,1.3076700450480192,0.14024414269774463,0.1072473467055634,1.3076700450480192,0.5365577147396963,0.3497709896979925,0.21589033026718019,0.21589033026718019,medium,full_curve,50,0.00024312838500671787
97,early_growth_slope,0.001119032335866776,0.0004996531984158456,0.0005776188779799714,0.002394270801121913,-0.0008686761613224302,0.002026529926210753,-0.004475699714662149,0.00434509690260581,0.0028952060875331834,0.00882079661726796,1.0,1.0,-0.0006193791374509305,-0.0005414134578868047,0.0005414134578868047,2.931285323809468e-07,0.14024414269774463,0.1072473467055634,1.3076700450480192,0.14024414269774463,0.1072473467055634,1.3076700450480192,0.5365577147396963,0.3497709896979925,0.21589033026718019,0.21589033026718019,medium,full_curve,50,0.00024312838500671787
98,peak_time,23.0,20.24,16.5,15.926675418899887,4.75,35.0,0.0,45.0,30.25,45.0,1.0,1.0,-2.7600000000000016,-6.5,6.5,42.25,0.15879869875910832,0.42452856181309434,0.37405892805163493,0.15879869875910832,0.42452856181309434,0.37405892805163493,0.10216172727658843,0.48463060815737175,0.29717494287999224,0.29717494287999224,medium,full_curve,50,9.083192700824162e-07
98,peak_height,0.03846991807222366,0.05362969815731049,0.05043571814894676,0.017246449112485625,0.0430440166965127,0.05763677787035704,0.03681147042661905,0.07550386898219584,0.014592761173844337,0.03869239855557679,0.0,1.0,0.015159780085086824,0.011965800076723099,0.011965800076723099,0.00014318037147610652,0.15879869875910832,0.42452856181309434,0.37405892805163493,0.15879869875910832,0.42452856181309434,0.37405892805163493,0.10216172727658843,0.48463060815737175,0.29717494287999224,0.29717494287999224,medium,full_curve,50,9.083192700824162e-07
98,cumulative_infected,0.32698272285051644,0.5502508504541219,0.4745743453695468,0.32712399622644855,0.40639232480316423,0.5735361476254184,0.32271951300499496,0.8773005685929091,0.16714382282225415,0.554581055587914,0.0,1.0,0.22326812760360548,0.14759162251903035,0.14759162251903035,0.02178328703779995,0.15879869875910832,0.42452856181309434,0.37405892805163493,0.15879869875910832,0.42452856181309434,0.37405892805163493,0.10216172727658843,0.48463060815737175,0.29717494287999224,0.29717494287999224,medium,full_curve,50,9.083192700824162e-07
98,early_growth_slope,-0.0006292919930447598,-0.0008850374561214778,-0.0007052979947599977,0.0022544762872831674,-0.0029098208289637783,0.0005492141586035451,-0.004286302702080102,0.0024308956430537524,0.0034590349875673236,0.006717198345133854,1.0,1.0,-0.00025574546307671796,-7.600600171523786e-05,7.600600171523786e-05,5.776912296736741e-09,0.15879869875910832,0.42452856181309434,0.37405892805163493,0.15879869875910832,0.42452856181309434,0.37405892805163493,0.10216172727658843,0.48463060815737175,0.29717494287999224,0.29717494287999224,medium,full_curve,50,9.083192700824162e-07
99,peak_time,17.0,18.93,19.0,1.622163413905683,18.0,20.0,16.95,22.0,2.0,5.050000000000001,0.0,1.0,1.9299999999999997,2.0,2.0,4.0,0.42691621909635113,0.14350174014499636,2.9749898409941817,0.42691621909635113,0.14350174014499636,2.9749898409941817,0.9546303427099266,0.16117649279323928,0.27738041610835196,0.27738041610835196,medium,full_curve,50,0.007860882621509862
99,peak_height,0.3318362832069397,0.2944497749209404,0.29258014261722565,0.019352549841580646,0.2841409295797348,0.30758002400398254,0.2651867836713791,0.3249202102422714,0.02343909442424774,0.05973342657089231,0.0,0.0,-0.03738650828599932,-0.03925614058971405,0.03925614058971405,0.001541044573999395,0.42691621909635113,0.14350174014499636,2.9749898409941817,0.42691621909635113,0.14350174014499636,2.9749898409941817,0.9546303427099266,0.16117649279323928,0.27738041610835196,0.27738041610835196,medium,full_curve,50,0.007860882621509862
99,cumulative_infected,6.03249723801855,5.870610583273646,5.837727337726392,0.2852985774122886,5.670912415080238,6.058967162622139,5.45514745152177,6.32922122036116,0.3880547475419007,0.8740737688393896,1.0,1.0,-0.1618866547449036,-0.19476990029215813,0.19476990029215813,0.03793531405981722,0.42691621909635113,0.14350174014499636,2.9749898409941817,0.42691621909635113,0.14350174014499636,2.9749898409941817,0.9546303427099266,0.16117649279323928,0.27738041610835196,0.27738041610835196,medium,full_curve,50,0.007860882621509862
99,early_growth_slope,0.010557045307775426,0.006638248547417657,0.006504308072007484,0.0026058701284298966,0.004692736479531352,0.008509601385975698,0.002773316631404062,0.010989565616702227,0.0038168649064443455,0.008216248985298165,0.0,1.0,-0.003918796760357769,-0.004052737235767942,0.004052737235767942,1.642467910217998e-05,0.42691621909635113,0.14350174014499636,2.9749898409941817,0.42691621909635113,0.14350174014499636,2.9749898409941817,0.9546303427099266,0.16117649279323928,0.27738041610835196,0.27738041610835196,medium,full_curve,50,0.007860882621509862
