case_id,true_beta,true_gamma,true_R0,true_beta_timeavg,true_beta_infweighted,true_R0_timeavg,true_R0_infweighted,beta_ref_mode,beta0,gamma,tau,kappa,severity,beta_mean,beta_median,beta_std,beta_ci50_low,beta_ci50_high,beta_ci90_low,beta_ci90_high,beta_width50,beta_width90,gamma_mean,gamma_median,gamma_std,gamma_ci50_low,gamma_ci50_high,gamma_ci90_low,gamma_ci90_high,gamma_width50,gamma_width90,R0_mean,R0_median,R0_std,R0_ci50_low,R0_ci50_high,R0_ci90_low,R0_ci90_high,R0_width50,R0_width90,beta_covered50,beta_covered90,beta_err_mean,beta_err_median,beta_abs_err_median,beta_sq_err_median,gamma_covered50,gamma_covered90,gamma_err_mean,gamma_err_median,gamma_abs_err_median,gamma_sq_err_median,R0_covered50,R0_covered90,R0_err_mean,R0_err_median,R0_abs_err_median,R0_sq_err_median
0,0.08652860029413531,0.22364714789828816,0.38689784827252705,0.08652860029413531,0.10300766336920011,0.38689784827252705,0.46058116250177566,time_avg,0.1072049143651905,0.22364714789828816,15,0.7244753964406905,medium,0.22924827359206207,0.20353387850764698,0.10018546228929924,0.1515132652099144,0.2832748237839714,0.11294305180839474,0.4227545579367676,0.131761558574057,0.3098115061283728,0.311983940638449,0.32636223677666903,0.11548558628511843,0.21684640823076815,0.40843516500568106,0.11316551295581163,0.4783672895300037,0.1915887567749129,0.36520177657419206,0.7909655590687659,0.7626770797111289,0.29263795689107536,0.5836606112895045,0.9575695761666061,0.35826015238694076,1.3411681034587688,0.37390896487710157,0.982907951071828,0.0,0.0,0.14271967329792676,0.11700527821351167,0.11700527821351167,0.013690235129821269,1.0,1.0,0.08833679274016082,0.10271508887838088,0.10271508887838088,0.010550389483293683,0.0,1.0,0.4040677107962388,0.3757792314386018,0.3757792314386018,0.14121003078058628
1,0.582976485596097,0.14226911838938677,4.097702243437722,0.582976485596097,0.5951667717624374,4.097702243437722,4.183386939486628,time_avg,0.7027206158528589,0.14226911838938677,11,0.7815374812542257,medium,0.690934323501845,0.6913486620299591,0.018610662881945027,0.6785930360411695,0.703889889903627,0.659834769756867,0.7207233738665138,0.025296853862457502,0.060888604109646804,0.14190077179996338,0.14152075794245567,0.006351620788416177,0.13751818292952744,0.1461177721672985,0.13207560225374215,0.1527046165390295,0.008599589237771044,0.02062901428528735,4.877844208690888,4.874614571082573,0.23447092391001836,4.721194105068446,5.030477185499217,4.496332108704269,5.260335648854746,0.30928308043077113,0.764003540150477,0.0,0.0,0.10795783790574798,0.1083721764338621,0.1083721764338621,0.011744528625012136,1.0,1.0,-0.0003683465894233906,-0.0007483604469311067,0.0007483604469311067,5.600433585309257e-07,0.0,0.0,0.7801419652531658,0.7769123276448502,0.7769123276448502,0.603592764846539
2,0.39916676880789403,0.1006554263807258,3.965675603996341,0.39916676880789403,0.38738761900285495,3.965675603996341,3.8486511153166663,time_avg,0.5659011015845684,0.1006554263807258,11,0.6222626807056041,medium,0.5510296886733302,0.5506306624683908,0.016481250474734668,0.5398512495184322,0.5619564418595915,0.5250114383087688,0.5782318401579721,0.022105192341159263,0.05322040184920329,0.10024941709455425,0.10016085091058004,0.0049670895434926685,0.09670595502830624,0.10342252670636998,0.09255356077975935,0.10871070511672287,0.006716571678063735,0.016157144336963525,5.508998104360598,5.497696843606116,0.30006191622115624,5.300538554665758,5.7037238563425,5.04163484235253,6.030478916616934,0.40318530167674194,0.9888440742644038,0.0,0.0,0.1518629198654362,0.15146389366049673,0.15146389366049673,0.02294131108279826,1.0,1.0,-0.0004060092861715575,-0.0004945754701457666,0.0004945754701457666,2.446048956699061e-07,0.0,0.0,1.5433225003642566,1.532021239609775,1.532021239609775,2.3470890786154714
3,0.10934720180379282,0.4580472037503408,0.23872474476100644,0.10934720180379282,0.13287521458701473,0.23872474476100644,0.2900906576856619,time_avg,0.13292615464543783,0.4580472037503408,20,0.7043602529472269,medium,0.20686512886089325,0.15617111620542307,0.1258224810516336,0.11648567211651256,0.25677839605753405,0.10103548472477118,0.4982130096209804,0.1402927239410215,0.3971775248962092,0.29361774837698623,0.2988239200717048,0.1353512856696229,0.17463070210313114,0.41694306427851724,0.07903402489897961,0.4906950489092672,0.2423123621753861,0.4116610240102876,0.7836055993113822,0.72355852934069,0.36010279668007106,0.5011743741154684,1.014345023177477,0.3071462290549588,1.4785933661409585,0.5131706490620087,1.1714471370859996,0.0,1.0,0.09751792705710044,0.04682391440163025,0.04682391440163025,0.002192478959891197,0.0,1.0,-0.16442945537335457,-0.15922328367863603,0.15922328367863603,0.025352054065407404,0.0,0.0,0.5448808545503757,0.4848337845796835,0.4848337845796835,0.23506379866985896
4,0.6519697486862047,0.3380864936809888,1.9284111044713588,0.6519697486862047,0.7833318666495811,1.9284111044713588,2.3169569955927205,time_avg,0.7978302058102752,0.3380864936809888,22,0.6735331651892763,medium,0.7930071989710938,0.794306039747493,0.02546839961990199,0.7764390815764517,0.8106850438796726,0.7492306709482786,0.8317797371150148,0.034245962303220856,0.0825490661667363,0.33396843919090047,0.3339631236913536,0.013363393325305704,0.3251398225451231,0.3430453200850263,0.3117446543277216,0.3556836441413819,0.017905497539903226,0.043938989813660345,2.376849893417883,2.3718993473447965,0.08970999086501912,2.3150470332280255,2.432016595829138,2.240101699037738,2.529879924038851,0.11696956260111246,0.28977822500111294,0.0,0.0,0.14103745028488912,0.1423362910612883,0.1423362910612883,0.020259619753083782,1.0,1.0,-0.004118054490088341,-0.004123369989635195,0.004123369989635195,1.700218007142415e-05,0.0,0.0,0.44843878894652445,0.4434882428734377,0.4434882428734377,0.19668182156696926
5,0.1495659771807537,0.4381957165889852,0.34132231676066843,0.1495659771807537,0.1615696780700818,0.34132231676066843,0.368715786014014,time_avg,0.16158609909810862,0.4381957165889852,26,0.8450242885933426,medium,0.22180455573799987,0.17828082257587433,0.12496289748707916,0.12831805785447847,0.2728086247145736,0.1031169043023272,0.4883616243585626,0.14449056686009515,0.38524472005623545,0.3152438794304014,0.32955063877370105,0.1275796008785022,0.20716607581662638,0.4287210836120284,0.09699085125163921,0.48975860543348765,0.221555007795402,0.39276775418184845,0.7580041994929654,0.6993002167308993,0.3293943184116286,0.498152814606833,0.962632417893847,0.3297573343574806,1.3723090008777818,0.464479603287014,1.0425516665203012,1.0,1.0,0.07223857855724616,0.02871484539512062,0.02871484539512062,0.0008245423460656799,0.0,1.0,-0.12295183715858382,-0.10864507781528415,0.10864507781528415,0.01180375293348915,0.0,1.0,0.41668188273229695,0.35797789997023083,0.35797789997023083,0.1281481768670966
6,0.765705023155122,0.41858843962137937,1.8292550645873444,0.765705023155122,0.8428577062491092,1.8292550645873444,2.0135713901021464,time_avg,0.8472431619927892,0.41858843962137937,24,0.8149243095918967,medium,0.847769838528484,0.8540698127159516,0.04093029919645383,0.8236366490901621,0.8775881636443553,0.7707641812906967,0.902563093816171,0.053951514554193225,0.13179891252547427,0.44138329671979376,0.4429544190221707,0.022356163768049837,0.42732057697339376,0.4573255136046845,0.40258305363647906,0.4760495953053001,0.030004936631290724,0.07346654166882105,1.9223182153707157,1.916349687587273,0.07406255757192357,1.8730812867521438,1.9655155460276312,1.8147787160392375,2.0487729106032444,0.09243425927548743,0.23399419456400694,0.0,0.0,0.08206481537336197,0.0883647895608296,0.0883647895608296,0.007808336034129701,0.0,1.0,0.02279485709841439,0.024365979400791327,0.024365979400791327,0.0005937009521597873,0.0,1.0,0.09306315078337124,0.08709462299992854,0.08709462299992854,0.0075854733554996815
7,0.1452594008590659,0.059983752692886874,2.421645768026304,0.1452594008590659,0.13282452713080903,2.421645768026304,2.2143417370177296,time_avg,0.1793979112856613,0.059983752692886874,17,0.711674369967952,medium,0.2103014032138854,0.20952875647657898,0.01396358358041879,0.20059000762746854,0.21908581819032563,0.1888426380084806,0.23431641296052474,0.018495810562857096,0.04547377495204413,0.08377411206368209,0.08095625108129081,0.0163416189500607,0.07215005695733741,0.09247282613828678,0.06261184979244129,0.11443010037666743,0.02032276918094937,0.051818250584226136,2.5816710872821145,2.6057604039836892,0.39676943456289093,2.3340133975083424,2.866667365138727,1.891449321820388,3.1836017108375096,0.5326539676303845,1.2921523890171216,0.0,0.0,0.0650420023548195,0.06426935561751307,0.06426935561751307,0.004130550071490359,0.0,0.0,0.02379035937079521,0.02097249838840394,0.02097249838840394,0.00043984568865160586,1.0,1.0,0.16002531925581032,0.1841146359573851,0.1841146359573851,0.03389819917372044
8,0.7060290236301519,0.19285175782348601,3.6609934573496,0.7060290236301519,0.8787994285216951,3.6609934573496,4.556865016112767,time_avg,0.9355674242729045,0.19285175782348601,17,0.6282625426065784,medium,0.9481649769937287,0.9598646991813893,0.04110405894718463,0.9344364553496125,0.9746041626222987,0.8693528472340021,0.9882338319213625,0.04016770727268615,0.11888098468736041,0.1989491506398803,0.19910608688567752,0.009120999813561487,0.19287891936565532,0.20489723369419371,0.1838926185982537,0.21404872945448217,0.012018314328538393,0.030156110856228463,4.774618739773838,4.772735332986211,0.2839869115678098,4.607941703027343,4.948070462727724,4.3124784967464596,5.234672159702305,0.3401287597003808,0.9221936629558458,0.0,0.0,0.24213595336357685,0.2538356755512374,0.2538356755512374,0.06443255018255307,0.0,1.0,0.0060973928163942925,0.006254329062191505,0.006254329062191505,3.9116632018173266e-05,0.0,0.0,1.113625282424238,1.111741875636611,1.111741875636611,1.23596999804401
9,0.5020402512425126,0.16469046328761228,3.0483869024386623,0.5020402512425126,0.5978915930882307,3.0483869024386623,3.6303959631474485,time_avg,0.6327956599466341,0.16469046328761228,24,0.6026320580839738,medium,0.6226260625712057,0.6227657964186408,0.015721144331747712,0.6116593603028431,0.6334386286317137,0.5969144309701682,0.6490251321861517,0.02177926832887067,0.05211070121598349,0.1619106250748967,0.161985339221639,0.006424234174028188,0.15740183090533033,0.1661776665230705,0.15173719495308358,0.1727560105782114,0.008775835617740174,0.021018815625127835,3.850639023247061,3.8405244185603706,0.1610464262569418,3.7387715697770547,3.952948119414848,3.5949558834880717,4.128545990240544,0.2141765496377932,0.533590106752472,0.0,0.0,0.12058581132869306,0.12072554517612821,0.12072554517612821,0.014574657258073375,1.0,1.0,-0.002779838212715574,-0.0027051240659732856,0.0027051240659732856,7.317696212307841e-06,0.0,0.0,0.8022521208083986,0.7921375161217084,0.7921375161217084,0.6274818444474698
10,0.27967057824358504,0.3359145197978184,0.8325647203696771,0.27967057824358504,0.299825111648849,0.8325647203696771,0.8925637148084845,time_avg,0.3281781436337952,0.3359145197978184,13,0.800258593351144,medium,0.15484015443652924,0.11913217409694518,0.08418765986121778,0.10390136396454631,0.16581970629988946,0.10015498868862568,0.35419476954613954,0.06191834233534314,0.2540397808575139,0.23114993327141325,0.20505651546811463,0.13104050585117458,0.11453590473324096,0.3377158446636535,0.062114147982651226,0.4644777280969348,0.22317993993041255,0.4023635801142836,0.83184025071844,0.7456572657667049,0.41377794634638526,0.4999637903894989,1.0978432121875663,0.3081658147583779,1.658471220228625,0.5978794217980674,1.350305405470247,0.0,1.0,-0.12483042380705581,-0.16053840414663986,0.16053840414663986,0.025772579205949876,1.0,1.0,-0.10476458652640513,-0.13085800432970376,0.13085800432970376,0.01712381729715277,1.0,1.0,-0.0007244696512370696,-0.08690745460297222,0.08690745460297222,0.007552905665567678
11,0.15931284149822453,0.3303234269903075,0.4822934992827474,0.15931284149822453,0.17434336107974968,0.4822934992827474,0.5277959322118118,time_avg,0.17463706958275602,0.3303234269903075,29,0.7910738113546237,medium,0.2783148466373537,0.23097745838667605,0.1575182895683566,0.14764615412025134,0.3799132870535489,0.1066827162504211,0.6009284083370395,0.23226713293329754,0.49424569208661845,0.36149590682855215,0.39436398600576905,0.11939599641535775,0.2776499557323203,0.4645514620745186,0.12617788213235695,0.497500140337337,0.18690150634219826,0.3713222582049801,0.7806058620135033,0.7508971281510515,0.3157808021984141,0.5308993495298325,1.0054822954041285,0.32414751529086944,1.3228936869538768,0.47458294587429595,0.9987461716630073,1.0,1.0,0.11900200513912915,0.07166461688845152,0.07166461688845152,0.005135817313768531,1.0,1.0,0.03117247983824467,0.06404055901546157,0.06404055901546157,0.004101193199012817,0.0,1.0,0.29831236273075595,0.2686036288683041,0.2686036288683041,0.07214790944122164
12,0.3277241610791853,0.2655753582641282,1.2340156979219696,0.3277241610791853,0.33060086831428714,1.2340156979219696,1.244847678923162,time_avg,0.3721072092399894,0.2655753582641282,24,0.7706252026984879,medium,0.4839624704248958,0.4832915060494675,0.03986476794044777,0.4559934509174224,0.5113145623548312,0.41836107294943026,0.5504400610169974,0.05532111143740881,0.13207898806756713,0.35099788782108565,0.3523428410164941,0.03661219436329208,0.327250710633736,0.3757667023883756,0.2870535029436453,0.41016965018243523,0.04851599175463961,0.12311614723878994,1.3862557680590208,1.3781448923659512,0.11121219259680229,1.3110574449279633,1.4524629886174782,1.2186595594939174,1.5821856109201022,0.14140554368951497,0.3635260514261849,0.0,0.0,0.15623830934571054,0.15556734497028224,0.15556734497028224,0.0242011988211028,0.0,0.0,0.08542252955695745,0.0867674827523659,0.0867674827523659,0.007528596063182113,0.0,1.0,0.1522400701370512,0.14412919444398153,0.14412919444398153,0.020773224691071037
13,0.6255484738674874,0.3637089102960206,1.7199151743584093,0.6255484738674874,0.7129224482290432,1.7199151743584093,1.960145677071259,time_avg,0.7378858785067361,0.3637089102960206,20,0.7462629206145293,medium,0.7695129617929701,0.7712777462332085,0.027137328805770345,0.75201258931842,0.7881422348401395,0.722061564937401,0.8116582607670414,0.03612964552171949,0.08959669582964036,0.3803259812962134,0.3802598045281367,0.016115042310590154,0.36918060813287445,0.39127400381444166,0.3538649726263945,0.4069983730143135,0.022093395681567207,0.05313340038791903,2.0251756965847587,2.019288650898286,0.07379611137459817,1.9735977146040815,2.0694213698554598,1.9175343965266785,2.154956063386171,0.09582365525137826,0.2374216668594924,0.0,0.0,0.14396448792548278,0.1457292723657212,0.1457292723657212,0.02123702082424255,0.0,1.0,0.01661707100019283,0.016550894232116087,0.016550894232116087,0.00027393209988269354,0.0,0.0,0.30526052222634936,0.29937347653987656,0.29937347653987656,0.08962447845557202
14,0.4401868758696913,0.3595226805779082,1.2243646914351018,0.4401868758696913,0.4629020806275897,1.2243646914351018,1.2875462540597054,time_avg,0.5438592810924624,0.3595226805779082,16,0.7196712003535123,medium,0.6503697590092687,0.6595269665381666,0.08092569828675565,0.6006633823885159,0.7105041057057596,0.5008953128518614,0.7657322572481209,0.1098407233172437,0.2648369443962595,0.46069823218521816,0.4705787065327459,0.03482876795345721,0.4436493108014037,0.48744447882875563,0.39088341046166974,0.4976220725462515,0.04379516802735195,0.10673866208458177,1.4108525727705845,1.4211395278340766,0.13164546301488947,1.3386992170259249,1.4987093614187788,1.178346143694573,1.5946247171508554,0.16001014439285388,0.4162785734562824,0.0,0.0,0.21018288313957745,0.21934009066847526,0.21934009066847526,0.04811007537445495,0.0,0.0,0.10117555160730995,0.11105602595483771,0.11105602595483771,0.012333440900881587,0.0,1.0,0.18648788133548266,0.19677483639897475,0.19677483639897475,0.03872033623984328
15,0.8523795991873137,0.4743571661758383,1.7969151937958647,0.8523795991873137,0.9269983226173868,1.7969151937958647,1.9542201292975936,time_avg,0.9281961595183197,0.4743571661758383,27,0.8224312741169264,medium,0.9318459791922445,0.9407238425892304,0.037974806388115505,0.9183074770852389,0.9565090095139004,0.8571483004467193,0.9721406157659841,0.03820153242866153,0.11499231531926479,0.48755257972096067,0.49180354947094074,0.013459221629269777,0.48321148589599616,0.4969381868428012,0.45899217309830176,0.49935773981718146,0.01372670094680506,0.0403655667188797,1.9110850162404691,1.9160873531087743,0.053014063302743636,1.886737146286601,1.9405588247210448,1.8161108843076463,1.9841911799725591,0.053821678434443854,0.16808029566491278,0.0,0.0,0.07946638000493089,0.08834424340191671,0.08834424340191671,0.007804705342257104,0.0,1.0,0.01319541354512238,0.017446383295102452,0.017446383295102452,0.0003043762900796299,0.0,0.0,0.11416982244460439,0.11917215931290959,0.11917215931290959,0.014202003555301504
16,0.8930656589652177,0.207329498590697,4.3074703070993206,0.8930656589652177,0.9862703688001828,4.3074703070993206,4.757019022880314,time_avg,0.9901964846337973,0.207329498590697,27,0.7867554852784306,medium,0.9669452695080583,0.9807477473043988,0.04222387557104122,0.9579133411849595,0.9909106308770488,0.8884734984244387,0.9970854479786063,0.03299728969208926,0.10861194955416764,0.2127641975781635,0.21222736641185103,0.010339612770457321,0.2058543554056452,0.2188429665827793,0.19643934072457642,0.23035654783937554,0.012988611177134096,0.03391720711479912,4.553787573835521,4.563362944483381,0.27692571959020973,4.391136862895243,4.720897815559988,4.134118246910729,4.987719565763485,0.3297609526647456,0.853601318852756,0.0,1.0,0.07387961054284053,0.08768208833918112,0.08768208833918112,0.007688148615519962,1.0,1.0,0.005434698987466513,0.004897867821154034,0.004897867821154034,2.3989109193496164e-05,0.0,1.0,0.24631726673620058,0.25589263738406043,0.25589263738406043,0.06548104186737023
17,0.4010941586009223,0.25738020890800306,1.5583721852688672,0.4010941586009223,0.40737899370888375,1.5583721852688672,1.5827906715799414,time_avg,0.500787773273996,0.25738020890800306,15,0.7156091719215347,medium,0.5573706967822759,0.5573378704499428,0.015254907840100475,0.5472790509287535,0.5673319347967741,0.532192181642762,0.5823885516787024,0.02005288386802062,0.05019637003594035,0.3054525181125151,0.30517221183519594,0.01111513071039954,0.2980922153074555,0.3128163281268275,0.28796046081950555,0.32443022077720257,0.014724112819372026,0.03646975995769702,1.8261335709826947,1.8226638292531137,0.05669374963526505,1.7878167022324347,1.8629723160467133,1.7400037507865682,1.9250370811093243,0.0751556138142786,0.18503333032275604,0.0,0.0,0.15627653818135362,0.15624371184902047,0.15624371184902047,0.02441209749235974,0.0,0.0,0.048072309204512054,0.04779200292719288,0.04779200292719288,0.0022840755437928124,0.0,0.0,0.26776138571382746,0.2642916439842464,0.2642916439842464,0.06985007307989566
18,0.46137549489844176,0.19483762017075618,2.368000053039506,0.46137549489844176,0.4840961140270028,2.368000053039506,2.4846131542909413,time_avg,0.522466707733389,0.19483762017075618,20,0.8051192802313389,medium,0.5215453946655592,0.5219831636414445,0.012491702249891936,0.5127150933863527,0.5304806352252195,0.5016014813097036,0.5417642625949272,0.017765541838866805,0.04016278128522355,0.20281737635389238,0.20272937145221895,0.006213800748382585,0.19848303927267769,0.2069036536638656,0.1926677601770133,0.21336862905971976,0.008420614391187908,0.020700868882706475,2.573140876871645,2.571963422151047,0.07781299013744046,2.5219490271653506,2.6233782376530193,2.4471956869089833,2.7016421512104465,0.10142921048766862,0.2544464643014632,0.0,0.0,0.060169899767117396,0.06060766874300272,0.06060766874300272,0.0036732895104615486,0.0,1.0,0.007979756183136205,0.007891751281462772,0.007891751281462772,6.22797382884693e-05,0.0,0.0,0.20514082383213905,0.20396336911154078,0.20396336911154078,0.041601055939330625
19,0.5037707396128673,0.16081366793974655,3.1326363366179764,0.5037707396128673,0.5081039685198907,3.1326363366179764,3.1595819872118485,time_avg,0.6314951545464212,0.16081366793974655,11,0.7406959519231345,medium,0.6319256218119826,0.6319049252944544,0.015328570360637006,0.6215432441236343,0.6425870027008734,0.6061361915479911,0.6567661452132948,0.02104375857723917,0.05062995366530365,0.16430543112604393,0.16419026157689248,0.006461343991330062,0.1597450977677826,0.16868679646194965,0.1538041373974668,0.1751080828050323,0.008941698694167055,0.0213039454075655,3.8512073770503146,3.8514978117243905,0.16037256325557467,3.739760972694346,3.954488766644709,3.6003483987955764,4.116515271520589,0.21472779395036312,0.5161668727250124,0.0,0.0,0.1281548821991153,0.12813418568158708,0.12813418568158708,0.016418369540283435,1.0,1.0,0.0034917631862973753,0.0033765936371459304,0.0033765936371459304,1.1401384590414384e-05,0.0,0.0,0.7185710404323382,0.7188614751064142,0.7188614751064142,0.5167618203921698
20,0.14094205922090036,0.38423184018882467,0.3668151477286125,0.14094205922090036,0.16079137883281722,0.3668151477286125,0.4184748946203907,time_avg,0.16097277954751602,0.38423184018882467,23,0.769563980723708,medium,0.21215294745210336,0.16657281608343066,0.1221452029467827,0.1214895067641654,0.2631271370726098,0.10249210404846386,0.4801518715219849,0.14163763030844442,0.37765976747352104,0.30788509765801336,0.31882120550373116,0.12966371001936566,0.19630476628414328,0.42753835442812255,0.09263938755065391,0.48954174150707924,0.23123358814397926,0.3969023539564253,0.7487302660067849,0.6924273041134659,0.3298569141712471,0.499354180591098,0.9521110580339555,0.31202777549246413,1.3473657851364518,0.4527568774428575,1.0353380096439877,1.0,1.0,0.071210888231203,0.0256307568625303,0.0256307568625303,0.0006569356973461441,1.0,1.0,-0.0763467425308113,-0.0654106346850935,0.0654106346850935,0.0042785511299067575,0.0,1.0,0.3819151182781724,0.32561215638485336,0.32561215638485336,0.1060232763855942
21,0.1596576939595931,0.4438634834821007,0.3596999976368443,0.1596576939595931,0.178115346131317,0.3596999976368443,0.4012840721521073,time_avg,0.17815523805765832,0.4438634834821007,25,0.7923435280406557,medium,0.16368372478150867,0.12543987796391642,0.09294283611727738,0.10644633049121786,0.1780007333497557,0.10022609375943406,0.37169805392903393,0.07155440285853783,0.27147196016959985,0.26190678299810305,0.24917498585392572,0.12994186404645047,0.1483510371415535,0.3738712421867593,0.07216013696057111,0.4754503637408658,0.2255202050452058,0.4032902267802947,0.7362502638828766,0.6523337290236444,0.36475401518694034,0.45331438861235684,0.9348430490255357,0.2968542774139751,1.487988347767182,0.4815286604131789,1.191134070353207,1.0,1.0,0.004026030821915577,-0.034217815995676665,0.034217815995676665,0.0011708589315139858,0.0,1.0,-0.18195670048399765,-0.19468849762817497,0.19468849762817497,0.037903611108715894,0.0,1.0,0.37655026624603233,0.2926337313868001,0.2926337313868001,0.08563450074536187
22,0.24904366871263542,0.1606832776743221,1.5499040865808382,0.24904366871263542,0.24303708650059108,1.5499040865808382,1.5125225849150665,time_avg,0.29474477266169335,0.1606832776743221,28,0.6476064888248754,medium,0.34830038811333436,0.34816940822147613,0.013213441063770212,0.3390390471777104,0.357024599299402,0.3267463855045217,0.3701574609955207,0.017985552121691617,0.04341107549099904,0.19792832046951475,0.19767434320048066,0.009674874090046345,0.19113276601542373,0.2044369134402757,0.18272936909549786,0.21408362963174807,0.013304147424851975,0.031354260536250206,1.7623821639982837,1.7626125639787271,0.07992104763043929,1.7105857437354879,1.8168966871835832,1.6293378428507679,1.8914047820398538,0.10631094344809533,0.26206693918908597,0.0,0.0,0.09925671940069894,0.09912573950884071,0.09912573950884071,0.009825912233174545,0.0,0.0,0.03724504279519264,0.03699106552615855,0.03699106552615855,0.0013683389287605556,0.0,0.0,0.2124780774174455,0.2127084773978889,0.2127084773978889,0.04524489635692821
23,0.560092803532442,0.4154284939861013,1.3482291456665958,0.560092803532442,0.676322413571357,1.3482291456665958,1.6280116153852082,time_avg,0.7179247228232679,0.4154284939861013,20,0.6335922270742035,medium,0.7442448266914337,0.7477015108052325,0.037611362386682314,0.7207138590262416,0.7714963556913704,0.679049966575891,0.8015439397091032,0.050782496665128796,0.1224939731332122,0.44236030465338094,0.44414526489707684,0.021938101253049645,0.42808066367332076,0.4582018601724065,0.4035432519433486,0.47578396622004215,0.030121196499085734,0.07224071427669354,1.683563646793591,1.680549194232673,0.06415591817153561,1.6435820676322022,1.7186423953584118,1.5850284134482215,1.7988994981342525,0.07506032772620963,0.213871084686031,0.0,0.0,0.1841520231589917,0.18760870727279055,0.18760870727279055,0.03519702704456761,0.0,1.0,0.02693181066727962,0.02871677091097552,0.02871677091097552,0.0008246529315534498,0.0,0.0,0.33533450112699525,0.3323200485660771,0.3323200485660771,0.11043661467895985
24,0.08888038803449266,0.21212625450283645,0.41899758350423427,0.08888038803449266,0.10451371566756862,0.41899758350423427,0.4926958047343975,time_avg,0.10813132191728994,0.21212625450283645,18,0.7218235784181134,medium,0.24523058216247298,0.19174378097931735,0.14619554576832305,0.13155802256760626,0.3238682377432266,0.1030833359608836,0.5679236969121504,0.19231021517562033,0.4648403609512668,0.3469507441190831,0.3790753069777164,0.12609333655377888,0.24965937192409487,0.45929950892857585,0.11231799460676917,0.49739936729146517,0.20964013700448098,0.385081372684696,0.7345182842128631,0.6896437961309431,0.3187121683267389,0.474772547867304,0.9536075503164669,0.2989028858566487,1.3081676927737076,0.47883500244916294,1.0092648069170589,0.0,0.0,0.15635019412798032,0.10286339294482469,0.10286339294482469,0.01058087760812141,0.0,1.0,0.13482448961624666,0.16694905247487996,0.16694905247487996,0.02787198612226022,0.0,1.0,0.31552070070862887,0.2706462126267088,0.2706462126267088,0.07324937240918167
25,0.21654102665013536,0.19959240411963353,1.0849161700579697,0.21654102665013536,0.2185712016230607,1.0849161700579697,1.0950877744428165,time_avg,0.2566152138937585,0.19959240411963353,26,0.6746572861987578,medium,0.3647313936174879,0.35913969891392844,0.09752938597227899,0.2922448253728578,0.4312029203077252,0.21440052444020008,0.5352477996837058,0.13895809493486744,0.32084727524350576,0.354958079085714,0.3711350305346104,0.08683016934142543,0.2984959170741609,0.42275251298882704,0.1882590758935227,0.47190580717415126,0.12425659591466615,0.28364673128062856,1.0562911996009225,1.0502981385342736,0.24516420558435795,0.9141000578057992,1.1858595268634513,0.6603260330620642,1.466125131384888,0.27175946905765214,0.8057990983228238,0.0,1.0,0.14819036696735255,0.14259867226379308,0.14259867226379308,0.02033438133139667,0.0,1.0,0.15536567496608045,0.17154262641497686,0.17154262641497686,0.029426872677348316,1.0,1.0,-0.02862497045704715,-0.034618031523696136,0.034618031523696136,0.0011984081065756194
26,0.5338627770546804,0.18970243365182204,2.8142115352854504,0.5338627770546804,0.5986700835037579,2.8142115352854504,3.1558376557390457,time_avg,0.6326913121966533,0.18970243365182204,21,0.7306837903064365,medium,0.6066390304388071,0.6071375217732466,0.014701637024625618,0.5964771497363504,0.6167634651020213,0.5818392467895085,0.6304941703332398,0.020286315365670937,0.048654923543731354,0.18856988204662423,0.18856412350580995,0.007252729795618324,0.18334625440691937,0.19342176523201332,0.17671884583724337,0.20052936941997443,0.010075510825093947,0.023810523582731058,3.220845663527414,3.2140690720166907,0.12365232534184561,3.133681362500607,3.3005390872524396,3.032163294427958,3.440151432340515,0.16685772475183258,0.40798813791255695,0.0,0.0,0.07277625338412663,0.07327474471856621,0.07327474471856621,0.005369188213571047,1.0,1.0,-0.001132551605197818,-0.0011383101460120948,0.0011383101460120948,1.2957499885140766e-06,0.0,0.0,0.40663412824196365,0.39985753673124025,0.39985753673124025,0.15988604968077513
27,0.5627151800817033,0.06294407806763852,8.939922505132575,0.5627151800817033,0.5725593990812835,8.939922505132575,9.096318774675227,time_avg,0.6467738586016709,0.06294407806763852,16,0.8088733765877727,medium,0.6243204637488075,0.6250984026584272,0.023454527542808443,0.6087592097879484,0.639887900482948,0.5861640550258825,0.6620544303465532,0.031128690694999572,0.07589037532067067,0.0625651200110204,0.06201495108661896,0.0038148675870648893,0.05983629784126829,0.06459732569190707,0.057384882342514945,0.06963476072157869,0.004761027850638783,0.012249878379063744,10.013384408168662,10.039847635085986,0.685406230626479,9.547333081486808,10.483809524103517,8.875593544382648,11.114509934507142,0.9364764426167085,2.238916390124494,0.0,0.0,0.06160528366710416,0.06238322257672391,0.06238322257672391,0.0038916664590570756,1.0,1.0,-0.00037895805661812554,-0.0009291269810195596,0.0009291269810195596,8.63276946858521e-07,0.0,1.0,1.0734619030360868,1.0999251299534105,1.0999251299534105,1.209835291503027
28,0.2215932065197345,0.2606415848241881,0.8501836215782945,0.2215932065197345,0.23513514738473226,0.8501836215782945,0.9021398006896681,time_avg,0.2616659200317749,0.2606415848241881,15,0.7812220499265725,medium,0.30539853921452903,0.24339027474564073,0.18278080649554287,0.14882797910362225,0.4313593246835963,0.10474924733299203,0.6666311806560272,0.28253134557997406,0.5618819333230352,0.36327661548063495,0.4040116687644769,0.127003472445773,0.2740571570958447,0.47378995669313106,0.10935652682011388,0.4990657692798148,0.19973279959728635,0.3897092424597009,0.8535506560413876,0.8166934330594304,0.3676100037338373,0.5569367449339608,1.1242872147011416,0.32390403218192104,1.4772109645841391,0.5673504697671807,1.153306932402218,1.0,1.0,0.08380533269479454,0.02179706822590624,0.02179706822590624,0.00047511218324481144,0.0,1.0,0.10263503065644686,0.14337008394028883,0.14337008394028883,0.020554980969045466,1.0,1.0,0.003367034463093055,-0.033490188518864095,0.033490188518864095,0.0011215927270290563
29,0.7719543258131278,0.18394589728249672,4.1966379093934965,0.7719543258131278,0.8533691843926816,4.1966379093934965,4.639240108096086,time_avg,0.8730064303954558,0.18394589728249672,20,0.8070802591596165,medium,0.8426711433600221,0.845149530159393,0.03015910265975785,0.825120162926538,0.8643259739062524,0.7878119995310128,0.8867756515589912,0.03920581097971443,0.09896365202797841,0.18434882710223058,0.1842151585507683,0.008061712648315934,0.17871247174519495,0.1896284508357023,0.17178122808138027,0.19763643748583015,0.010915979090507344,0.02585520940444988,4.5788187700697565,4.567291513057925,0.2421822489855752,4.40899740617325,4.732894083736221,4.2107621530142145,4.992977373334852,0.3238966775629706,0.7822152203206372,0.0,0.0,0.0707168175468943,0.07319520434626514,0.07319520434626514,0.005357537939291512,1.0,1.0,0.00040292981973386044,0.00026926126827159225,0.00026926126827159225,7.250163059122637e-08,0.0,0.0,0.38218086067626,0.37065360366442857,0.37065360366442857,0.1373840939094273
30,0.3974824903876771,0.1564199745393455,2.5411236100648726,0.3974824903876771,0.39307576342661066,2.5411236100648726,2.512951204500659,time_avg,0.5353380897348915,0.1564199745393455,12,0.6611693619646614,medium,0.533592116596013,0.5334562726488945,0.013445535492128275,0.524477854300199,0.5426577729617794,0.5108471811528342,0.5555442801984121,0.01817991866158042,0.04469709904557784,0.1677665469636443,0.16753573963802332,0.006091441899198125,0.16353376523922802,0.17187156101173592,0.1582987464617446,0.1779694970246983,0.0083377957725079,0.0196707505629537,3.1839032525416835,3.1795359592314183,0.12027377636941564,3.101973677266741,3.2611904921130854,2.993724609364741,3.3917172203006256,0.15921681484634442,0.39799261093588445,0.0,0.0,0.13610962620833594,0.13597378226121742,0.13597378226121742,0.018488869462420968,0.0,0.0,0.01134657242429879,0.011115765098677816,0.011115765098677816,0.00012356023372898383,0.0,0.0,0.6427796424768109,0.6384123491665457,0.6384123491665457,0.40757032756834743
31,0.17667991020621612,0.3001080197898632,0.5887210556050054,0.17667991020621612,0.1948661566860553,0.5887210556050054,0.6493200575662769,time_avg,0.19639607017870425,0.3001080197898632,28,0.7718413894832284,medium,0.2089426034966265,0.16177771173295938,0.12455018166285049,0.11783723237344748,0.25268818768466694,0.10143334429408539,0.48258244787161786,0.13485095531121946,0.38114910357753246,0.31130021623238363,0.32420000283392514,0.1302897431390124,0.19990951665561807,0.43053847212622126,0.0932016871316743,0.49153839731952803,0.2306289554706032,0.3983367101878537,0.7255633546983034,0.670486207686454,0.32243617949095216,0.46891356623909275,0.9174342076774054,0.3044711634826323,1.3509879283706223,0.4485206414383126,1.04651676488799,1.0,1.0,0.03226269329041037,-0.014902198473256745,0.014902198473256745,0.00022207551933633565,1.0,1.0,0.011192196442520452,0.02409198304406196,0.02409198304406196,0.000580423646995369,1.0,1.0,0.13684229909329793,0.08176515208144852,0.08176515208144852,0.006685540094902406
32,0.6992563539941798,0.4227929412984518,1.6538978911205877,0.6992563539941798,0.8131275289511293,1.6538978911205877,1.9232287238616366,time_avg,0.8194828438605872,0.4227929412984518,25,0.7065796050103503,medium,0.8263226025566919,0.8302268891748958,0.036390301247303886,0.8040103531655177,0.8524133117296799,0.7602359936148205,0.8782425291968133,0.04840295856416221,0.11800653558199281,0.4457934266688682,0.4470405858946776,0.02020748625949318,0.43264270115555903,0.4602321860040467,0.4094951551217694,0.47639549489408933,0.027589484848487666,0.0669003397723199,1.8548216989045416,1.850319538950619,0.06501302249324538,1.8145539508954456,1.8903821358555373,1.757275602016869,1.966394633279905,0.0758281849600917,0.209119031263036,0.0,0.0,0.12706624856251203,0.130970535180716,0.130970535180716,0.017153281085523168,0.0,1.0,0.02300048537041638,0.024247644596225804,0.024247644596225804,0.0005879482684648784,0.0,0.0,0.2009238077839539,0.19642164783003135,0.19642164783003135,0.03858146373626486
33,0.17137626915201132,0.4008815707494104,0.4274984974530994,0.17137626915201132,0.22674064480398728,0.4274984974530994,0.5656050598188312,time_avg,0.22940994122097044,0.4008815707494104,18,0.6047354699402203,medium,0.19682923627059198,0.1528654067818228,0.11365431336857279,0.11553733836886663,0.23630429828205138,0.10129735537917572,0.45235196071224304,0.12076695991318474,0.3510546053330673,0.3040343213869412,0.31391139444824373,0.1291064188790406,0.19267664411329194,0.4189085824823766,0.09214357406515053,0.4891882360515496,0.22623193836908467,0.3970446619863991,0.7091908879516237,0.6479111936007518,0.3150785308457584,0.4565909345645215,0.9087604839700152,0.2990511136714583,1.3168091865335525,0.4521695494054937,1.0177580728620943,1.0,1.0,0.025452967118580666,-0.018510862370188508,0.018510862370188508,0.0003426520256880609,1.0,1.0,-0.09684724936246919,-0.08697017630116666,0.08697017630116666,0.007563811565856011,0.0,1.0,0.28169239049852424,0.22041269614765235,0.22041269614765235,0.04858175662307732
34,0.5705118613114811,0.24921974388286117,2.289192069708708,0.5705118613114811,0.6300883031645479,2.289192069708708,2.528243923806869,time_avg,0.64072804350668,0.24921974388286117,26,0.7716914151188716,medium,0.6525429377929219,0.6523177140351032,0.014659650302967222,0.6425369574868446,0.6625379995869003,0.6288617651074748,0.676640311827655,0.02000104210005571,0.047778546720180226,0.26784966646097846,0.267687974667637,0.008602876393083648,0.26167762007537404,0.2735961862206524,0.2540865158761819,0.2823875763395732,0.011918566145278364,0.02830106046339126,2.438010449311253,2.4365596624248678,0.07474505377539781,2.385947303068307,2.4870222916288087,2.3143712651584445,2.5649695449367336,0.10107498856050157,0.2505982797782891,0.0,0.0,0.08203107648144081,0.08180585272362206,0.08180585272362206,0.006692197539838943,0.0,0.0,0.018629922578117297,0.01846823078477583,0.01846823078477583,0.00034107554831974164,0.0,0.0,0.14881837960254485,0.14736759271615973,0.14736759271615973,0.021717207382955937
35,0.660070636188619,0.12133408800721257,5.440108769345857,0.660070636188619,0.7265411895123001,5.440108769345857,5.987939592615652,time_avg,0.7927158270156803,0.12133408800721257,17,0.7464695985498367,medium,0.7631099203615684,0.7642153768312718,0.024075130427243803,0.7468676160058857,0.779702017988947,0.7229044065309229,0.8014988056735871,0.03283440198306131,0.0785943991426642,0.12375652730390094,0.1236522172864842,0.005816568752896658,0.11972982623165741,0.12768744983518363,0.11414916232944367,0.13335711070887105,0.007957623603526212,0.01920794837942738,6.17877730093929,6.165913403635422,0.33185992541555903,5.949308719166184,6.380924928777814,5.67129243634772,6.7553166194751775,0.4316162096116303,1.0840241831274575,0.0,0.0,0.10303928417294939,0.10414474064265278,0.10414474064265278,0.010846127003525413,1.0,1.0,0.0024224392966883668,0.0023181292792716357,0.0023181292792716357,5.373723355416434e-06,0.0,0.0,0.7386685315934329,0.725804634289565,0.725804634289565,0.5267923671562091
36,0.6724793457265352,0.05109355052329082,13.161726653151415,0.6724793457265352,0.6793691953593636,13.161726653151415,13.296574389553832,time_avg,0.7910165462627274,0.05109355052329082,13,0.7974942409399542,medium,0.7680071765028538,0.7703077323011263,0.04022581763796952,0.7411933255788936,0.7964109174916257,0.6993748623303165,0.8306557944015254,0.05521759191273212,0.13128093207120883,0.05417659728482277,0.05354847434836765,0.002755955364518761,0.05229413844871351,0.0552408735291363,0.05122999147036191,0.0595256980535057,0.0029467350804227924,0.00829570658314379,14.208462854847928,14.26575297988051,0.9866649970820468,13.55602671182155,14.923843393016725,12.501314530209202,15.728536441616347,1.3678166811951744,3.2272219114071454,0.0,0.0,0.09552783077631855,0.09782838657459103,0.09782838657459103,0.009570393219787622,0.0,0.0,0.0030830467615319476,0.002454923825076831,0.002454923825076831,6.026650986929859e-06,0.0,1.0,1.046736201696513,1.1040263267290946,1.1040263267290946,1.2188741301109376
37,0.7644320438305096,0.3431698063211541,2.227562069126556,0.7644320438305096,0.9169071107160253,2.227562069126556,2.6718758288948687,time_avg,0.9199937248425982,0.3431698063211541,26,0.6477292978304835,medium,0.910611618561871,0.9175126934130391,0.03737319220230767,0.8918994483945121,0.9371904789683,0.8403364589987197,0.9576890444023363,0.045291030573787916,0.1173525854036166,0.34845111211886864,0.348255322573708,0.016181415759063147,0.3371879464371218,0.3591589679984245,0.3222862508104206,0.37572382438812846,0.021971021561302706,0.05343757357770784,2.6165877697338766,2.607171806550142,0.12029910040825464,2.53462528454316,2.6910365837057966,2.4353952672132673,2.833184431134308,0.15641129916263674,0.3977891639210407,0.0,0.0,0.14617957473136145,0.15308064958252954,0.15308064958252954,0.0234336852766092,1.0,1.0,0.0052813057977145195,0.005085516252553879,0.005085516252553879,2.5862475554989648e-05,0.0,0.0,0.3890257006073208,0.37960973742358606,0.37960973742358606,0.14410355274680395
38,0.8015702893792528,0.3299705637902874,2.4292175646573444,0.8015702893792528,0.9685789840660374,2.4292175646573444,2.935349665558705,time_avg,0.9712534651045913,0.3299705637902874,26,0.6360305226232704,medium,0.9534769528909944,0.9626420338120766,0.034192938914852394,0.9407081444260333,0.9771166398838635,0.8824731237216159,0.9893534698895972,0.0364084954578302,0.10688034616798125,0.34392883343795255,0.34339737256977576,0.01675193391881205,0.3322612935685655,0.35465220753817805,0.31693157376808984,0.37172709052098907,0.02239091396961257,0.05479551675289923,2.7768564793439627,2.7674878153719575,0.13259684037864017,2.6841401246689065,2.860645833328414,2.5802864348328405,3.0036640329568276,0.17650570865950765,0.4233775981239871,0.0,0.0,0.15190666351174165,0.1610717444328238,0.1610717444328238,0.025944106854632904,0.0,1.0,0.013958269647665167,0.013426808779488375,0.013426808779488375,0.0001802791940009461,0.0,0.0,0.34763891468661834,0.33827025071461314,0.33827025071461314,0.11442676251852724
39,0.12457075204957042,0.32778274487652315,0.3800406031028163,0.12457075204957042,0.1437903912546296,0.3800406031028163,0.4386759019569378,time_avg,0.14664399547027124,0.32778274487652315,12,0.8019438760524267,medium,0.248216001695684,0.19723408976747148,0.14621109051103126,0.13209774097605148,0.3224872507221668,0.10371521977541284,0.557239944846068,0.1903895097461153,0.4535247250706551,0.3511211084625715,0.38540049266567866,0.12496557737906967,0.2537142882265841,0.4610826693988569,0.1133095417017842,0.49699917227278834,0.2073683811722728,0.38368963057100414,0.7302003396848289,0.6858182467097471,0.31183193200285547,0.48118860463935276,0.9348380087224322,0.30434071851605354,1.2962984745388675,0.4536494040830794,0.9919577560228139,0.0,1.0,0.12364524964611358,0.07266333771790105,0.07266333771790105,0.005279960648305742,1.0,1.0,0.02333836358604835,0.057617747789155516,0.057617747789155516,0.003319804860294735,0.0,1.0,0.3501597365820126,0.3057776436069308,0.3057776436069308,0.0934999673298072
40,0.502030538250257,0.44014052401108633,1.1406142149219864,0.502030538250257,0.5601664272193587,1.1406142149219864,1.2726990510086482,time_avg,0.5836297066689945,0.44014052401108633,29,0.6671113000070175,medium,0.5295662465982255,0.5349827227991559,0.09445455777789641,0.46578660449489284,0.5991057032314694,0.36001755596079793,0.6728072558708348,0.13331909873657655,0.31278969991003686,0.43713117097623294,0.44989651240287565,0.05011430011241296,0.4115200944253983,0.474402610730398,0.33643758691843795,0.49380467523257615,0.06288251630499975,0.1573670883141382,1.2112326877399,1.2244918655530022,0.1607719083371798,1.1200072747415832,1.3201694590835276,0.9107308021678783,1.440732390776208,0.20016218434194433,0.5300015886083297,1.0,1.0,0.02753570834796848,0.03295218454889892,0.03295218454889892,0.0010858464665446928,1.0,1.0,-0.0030093530348533903,0.009755988391789316,0.009755988391789316,9.51793095007279e-05,1.0,1.0,0.07061847281791356,0.08387765063101571,0.08387765063101571,0.00703546027537873
41,0.7068579669911919,0.34225882946052527,2.065273138768559,0.7068579669911919,0.8142712390483179,2.065273138768559,2.3791095187574482,time_avg,0.9643286359842775,0.34225882946052527,10,0.666256580763195,medium,0.976051379926572,0.9885310718618123,0.0388360002790561,0.9737747730086614,0.9947752152800601,0.9136007042698184,0.9983570408551691,0.021000442271398634,0.08475633658535064,0.36949763072355646,0.36817652130082135,0.022771646427911737,0.35368530175999124,0.38368121658975696,0.33490439336474626,0.40891167189764666,0.029995914829765713,0.0740072785329004,2.6485910915383584,2.64806118064772,0.15361613200671498,2.5544030866091503,2.744006940863312,2.4086907432094278,2.8949277020801416,0.1896038542541616,0.48623695887071383,0.0,0.0,0.2691934129353801,0.28167310487062047,0.28167310487062047,0.07933973800745556,0.0,1.0,0.027238801263031187,0.025917691840296075,0.025917691840296075,0.0006717267503285498,0.0,0.0,0.5833179527697996,0.5827880418791613,0.5827880418791613,0.3396419017573471
42,0.16006253558970873,0.0927501104367397,1.7257395687833659,0.16006253558970873,0.14790717074944384,1.7257395687833659,1.5946845783038077,time_avg,0.19681568321567838,0.0927501104367397,19,0.6988081976195638,medium,0.24156624544536157,0.2415486513033011,0.019933377540141926,0.22778776025810588,0.2548994598673283,0.20985498858177606,0.27461248922503684,0.02711169960922244,0.06475750064326077,0.12916128085545206,0.12663924981634161,0.02596839546529272,0.11110763394537607,0.14609923614107378,0.08996985736086699,0.1741128996615459,0.03499160219569772,0.0841430423006789,1.9261244167446627,1.9182176663029264,0.3038749048949821,1.7183292036259508,2.1337406047391196,1.4356583896266495,2.428678772879234,0.4154114011131689,0.9930203832525846,0.0,0.0,0.08150370985565283,0.08148611571359238,0.08148611571359238,0.006639987054088967,0.0,1.0,0.03641117041871236,0.03388913937960192,0.03388913937960192,0.0011484737678900854,1.0,1.0,0.20038484796129685,0.19247809751956058,0.19247809751956058,0.03704781802474947
43,0.2434893385059932,0.47716886953080373,0.5102791779887366,0.2434893385059932,0.31140729463238515,0.5102791779887366,0.6526144401217737,time_avg,0.3134876392801075,0.47716886953080373,21,0.6150191894335747,medium,0.2099119196217043,0.15375980099121955,0.13191882240703418,0.11436755585140906,0.2553028507843175,0.10116319697046003,0.4992237428432833,0.14093529493290846,0.39806054587282325,0.30811698684849487,0.3179845520108812,0.13445088659446938,0.19295114052642498,0.43499338323229875,0.08508779623955912,0.49151828640471773,0.24204224270587377,0.40643049016515864,0.7454470684543402,0.6906895999429583,0.3514403745219743,0.46288713549416527,0.9605676420133251,0.2925173188459965,1.4055356296016603,0.49768050651915985,1.1130183107556637,1.0,1.0,-0.03357741888428889,-0.08972953751477364,0.08972953751477364,0.00805138990261517,0.0,1.0,-0.16905188268230886,-0.1591843175199225,0.1591843175199225,0.02533964694428351,1.0,1.0,0.2351678904656036,0.18041042195422174,0.18041042195422174,0.03254792034970033
44,0.23031864237171581,0.11647969287646093,1.9773287230074788,0.23031864237171581,0.21409373126196532,1.9773287230074788,1.8380348194172733,time_avg,0.29367988031650855,0.11647969287646093,15,0.6917866688405941,medium,0.29897159564523995,0.29868734386261353,0.011651425259187678,0.2909130275177561,0.30644631171808157,0.2803076283091277,0.3181405665034251,0.015533284200325459,0.037832938194297394,0.14282374550010213,0.1425722865078511,0.0074982792453344325,0.1375170337014467,0.14753248026900143,0.1312610662021289,0.15531730263966695,0.010015446567554737,0.024056236437538042,2.097535788816085,2.099731053705683,0.11143759893058092,2.0227149650689693,2.170582300383753,1.9164151278622577,2.280169199861426,0.1478673353147837,0.3637540719991683,0.0,0.0,0.06865295327352414,0.06836870149089772,0.06836870149089772,0.00467427934355148,0.0,0.0,0.0263440526236412,0.02609259363139016,0.02609259363139016,0.0006808234424128623,0.0,1.0,0.1202070658086063,0.12240233069820405,0.12240233069820405,0.014982330560352506
45,0.11304756264171725,0.12235043294778084,0.9239653666772553,0.11304756264171725,0.1155546296972492,0.9239653666772553,0.9444562386351989,time_avg,0.13110704260519304,0.12235043294778084,23,0.7449146838392693,medium,0.24799219895547508,0.20903930653991898,0.1304443409160617,0.1419266039916,0.32608794298630794,0.1069727200501187,0.5101222252424596,0.18416133899470793,0.40314950519234094,0.32273781926843903,0.3405074483437235,0.1260668259514426,0.2210365901412413,0.43400627655345103,0.09864588057914914,0.4902056574105588,0.21296968641220973,0.3915597768314097,0.8182420161641636,0.782679706273743,0.32545469580833253,0.5794402049127902,1.0211362165101394,0.3499838602580529,1.4108430013699578,0.44169601159734917,1.0608591411119048,0.0,1.0,0.13494463631375783,0.09599174389820173,0.09599174389820173,0.009214414896617949,0.0,1.0,0.2003873863206582,0.21815701539594265,0.21815701539594265,0.04759248336646556,1.0,1.0,-0.10572335051309167,-0.14128566040351231,0.14128566040351231,0.019961637835656607
46,0.10500728539041987,0.41442723395756353,0.25337930711660805,0.10500728539041987,0.11875619233621183,0.25337930711660805,0.28655499109494387,time_avg,0.11876042872473612,0.41442723395756353,30,0.7104855657309594,medium,0.21592436831724968,0.1739506289386628,0.11964247244098035,0.12521606741593305,0.2663578971267203,0.10286622216302116,0.47387722162897705,0.14114182971078726,0.3710109994659559,0.3078196238747064,0.31909203421088794,0.12889691318944618,0.19867766666671732,0.4217840843560586,0.09040444558382676,0.4865051875704887,0.22310641768934125,0.39610074198666195,0.7663776849365793,0.7067739218440678,0.33308222689291667,0.517189705603237,0.9762426467705179,0.31540650026955924,1.3620463535881608,0.4590529411672809,1.0466398533186017,0.0,1.0,0.11091708292682981,0.06894334354824294,0.06894334354824294,0.004753184619611051,1.0,1.0,-0.10660761008285713,-0.09533519974667559,0.09533519974667559,0.009088800310738533,0.0,0.0,0.5129983778199713,0.4533946147274598,0.4533946147274598,0.2055666766638617
47,0.3109760944741755,0.22158415319886565,1.4034220858523356,0.3109760944741755,0.3130207928347555,1.4034220858523356,1.4126497238899027,time_avg,0.3665851768632655,0.22158415319886565,24,0.7082791400050781,medium,0.3944303596084401,0.39430029536932293,0.02026581373842973,0.3803240987990525,0.40891626760226285,0.3617028261946851,0.42729393872802346,0.02859216880321036,0.06559111253333838,0.24746750256093072,0.24704232468458123,0.017973213072913795,0.2352652467225611,0.2594225070725582,0.21794668895979777,0.2760488297690206,0.0241572603499971,0.05810214080922285,1.5989311037447747,1.595334360196194,0.09747605586303827,1.5322438651723094,1.661196605148123,1.4392306300329423,1.769161302379708,0.1289527399758137,0.32993067234676565,0.0,0.0,0.08345426513426457,0.08332420089514742,0.08332420089514742,0.006942922454814885,0.0,1.0,0.025883349362065072,0.02545817148571558,0.02545817148571558,0.0006481184953961019,0.0,0.0,0.19550901789243902,0.19191227434385838,0.19191227434385838,0.03683032104383236
48,0.7837808020125081,0.06688136793657784,11.71897086129803,0.7837808020125081,0.8390824179637357,11.71897086129803,12.545832177945575,time_avg,0.8762505405645131,0.06688136793657784,30,0.7361777988392666,medium,0.8672847340942411,0.8742988070933955,0.04524379942572439,0.8410452854805198,0.8992893753415419,0.7800516089282297,0.9284798608111767,0.05824408986102203,0.14842825188294706,0.06495763841905562,0.06455857826233741,0.0038523246039474835,0.06212495213468311,0.06735914422901872,0.05929378735583887,0.07184560778681456,0.005234192094335607,0.012551820430975691,13.401375465652604,13.389005470498066,1.0996487903262133,12.663771788392062,14.171664815228016,11.581854467621557,15.149026749694753,1.507893026835955,3.567172282073196,0.0,1.0,0.08350393208173301,0.09051800508088736,0.09051800508088736,0.008193509243823551,1.0,1.0,-0.0019237295175222185,-0.002322789674240433,0.002322789674240433,5.395351870757977e-06,0.0,1.0,1.6824046043545735,1.6700346092000355,1.6700346092000355,2.7890155959259153
49,0.5888227159889149,0.10524850580090409,5.594594540874298,0.5888227159889149,0.6574614868826097,5.594594540874298,6.2467536415796046,time_avg,0.6913104053926079,0.10524850580090409,26,0.6911430553836847,medium,0.6715260814308313,0.672243060713148,0.019444766258250857,0.658564367541913,0.6846669948623614,0.6389170707959516,0.7019008034804637,0.026102627320448324,0.06298373268451207,0.10588316897928032,0.10551633814203744,0.005180164491276511,0.10236850584476834,0.10930685710852794,0.09797840384350673,0.11483662605939376,0.006938351263759607,0.016858222215887037,6.356081670800461,6.346937096387126,0.33937825150372514,6.128120796323254,6.581397164298799,5.804588048754114,6.921864622051768,0.4532763679755458,1.1172765732976533,0.0,0.0,0.08270336544191637,0.0834203447242331,0.0834203447242331,0.006958953913909885,1.0,1.0,0.000634663178376238,0.0002678323411333533,0.0002678323411333533,7.173416295697293e-08,0.0,0.0,0.761487129926163,0.7523425555128282,0.7523425555128282,0.566019320835573
50,0.5693047631721248,0.3180913953279194,1.789752164107521,0.5693047631721248,0.665629008920304,1.789752164107521,2.0925715649557546,time_avg,0.6857817294788836,0.3180913953279194,23,0.6854712272414093,medium,0.6718102865505904,0.6720693155490727,0.018280506712702274,0.6598069546361537,0.6830946453681743,0.6413120410891975,0.7016487807666012,0.02328769073202064,0.06033673967740372,0.31489563922581376,0.3145941041475052,0.011149370992556699,0.30741450422762734,0.32237646221952987,0.29729840626174586,0.33341917619086936,0.01496195799190253,0.0361207699291235,2.1350608107125773,2.1324093635539745,0.06804544700814757,2.0879659520498093,2.1779418134834945,2.027438411538062,2.2541544610810518,0.08997586143368519,0.22671604954298985,0.0,0.0,0.10250552337846563,0.10276455237694793,0.10276455237694793,0.010560553225234474,1.0,1.0,-0.0031957561021056513,-0.003497291180414197,0.003497291180414197,1.2231045600602928e-05,0.0,0.0,0.34530864660505634,0.34265719944645356,0.34265719944645356,0.11741395633248666
51,0.48996382664057214,0.40181838715064866,1.2193663662705316,0.48996382664057214,0.5186667778142556,1.2193663662705316,1.2907990136842555,time_avg,0.5612442193992201,0.40181838715064866,21,0.7810271809556005,medium,0.5064570484711419,0.5060140190047364,0.06578845684357346,0.4602299372902425,0.5521737364949646,0.3983058392963558,0.6152083531835684,0.09194379920472212,0.21690251388721254,0.3889028418003025,0.3946917875693593,0.051428795417610446,0.35759894326090674,0.42803593679595264,0.2934700585203801,0.460700757760455,0.0704369935350459,0.1672306992400749,1.3112071052098622,1.3036528498301734,0.14342856323062797,1.2232850303663736,1.38985790986646,1.1018087538103878,1.5515224005047974,0.16657287950008648,0.4497136466944096,1.0,1.0,0.016493221830569782,0.016050192364164273,0.016050192364164273,0.00025760867492667715,1.0,1.0,-0.01291554535034617,-0.007126599581289361,0.007126599581289361,5.07884215920337e-05,0.0,1.0,0.09184073893933054,0.08428648355964174,0.08428648355964174,0.007104211310849758
52,0.27952456182349705,0.47034949492066447,0.5942911916396242,0.27952456182349705,0.30663337029595134,0.5942911916396242,0.6519266494538754,time_avg,0.3070232271311938,0.47034949492066447,28,0.7964422197226919,medium,0.16310813812986588,0.11938426796536114,0.10294539735431762,0.1037043747392926,0.1680767125821766,0.10013978469502915,0.40230493800647343,0.064372337842884,0.3021651533114443,0.2519405781358136,0.23144515245875008,0.13604305918141762,0.12850630594120754,0.3702119002021642,0.06829648046292729,0.4831369801448062,0.24170559426095667,0.4148404996818789,0.7743273124711477,0.6859491340922559,0.39256733664259175,0.45481587967325254,1.010266560280376,0.292483283317435,1.5668585932671926,0.5554506806071234,1.2743753099497575,0.0,1.0,-0.11641642369363117,-0.1601402938581359,0.1601402938581359,0.025644913716970124,0.0,1.0,-0.21840891678485086,-0.2389043424619144,0.2389043424619144,0.05707528484715967,1.0,1.0,0.18003612083152354,0.0916579424526317,0.0916579424526317,0.008401178414649945
53,0.49869350015594077,0.4032595724892013,1.2366563230666894,0.49869350015594077,0.582210224015299,1.2366563230666894,1.4437604553848247,time_avg,0.6633760478139018,0.4032595724892013,17,0.6238649067520006,medium,0.7457239229906291,0.7496518320415909,0.04005141437324372,0.7209212803038809,0.7732406318834844,0.6731370772365083,0.8061173947070971,0.052319351579603435,0.1329803174705888,0.44976935867828427,0.45201384480509943,0.021536462242698704,0.4359916065654641,0.4654217667699486,0.41197573674009796,0.4818312797075927,0.029430160204484523,0.06985554296749474,1.6587399360412642,1.6573179224014405,0.0639916676931795,1.6186586056731367,1.6957773465215986,1.5546767291972503,1.7667121151328466,0.07711874084846193,0.21203538593559634,0.0,0.0,0.2470304228346883,0.25095833188565014,0.25095833188565014,0.06298008434282812,0.0,0.0,0.04650978618908297,0.04875427231589813,0.04875427231589813,0.0023769790690527505,0.0,0.0,0.42208361297457486,0.4206615993347511,0.4206615993347511,0.1769561811548707
54,0.2988052632941959,0.4724225761794501,0.6324957323392065,0.2988052632941959,0.3573773941125763,0.6324957323392065,0.7564782297297032,time_avg,0.35981283329634595,0.4724225761794501,27,0.6314051642806318,medium,0.2083504152270603,0.14977815485794121,0.1329639643986867,0.11402584712427513,0.25944716550771096,0.10074128905408176,0.5053920892554302,0.14542131838343583,0.40465080020134847,0.3267765456632695,0.34781523428998895,0.130028968740153,0.2192234080339009,0.443589154405644,0.09679782687891356,0.49435887078624746,0.2243657463717431,0.39756104390733393,0.6761461659072456,0.6060234741898443,0.3107394401791902,0.43239012563616697,0.8737160076252941,0.28594893904198676,1.2763499154855786,0.44132588198912714,0.9904009764435919,0.0,1.0,-0.09045484806713558,-0.14902710843625466,0.14902710843625466,0.022209079048871205,0.0,1.0,-0.14564603051618058,-0.12460734188946115,0.12460734188946115,0.01552698965275706,1.0,1.0,0.043650433568039104,-0.02647225814936227,0.02647225814936227,0.0007007804515264771
55,0.2664015586312821,0.4392748005284302,0.6064576395249889,0.2664015586312821,0.31752609537563314,0.6064576395249889,0.72284159026118,time_avg,0.32037170029763407,0.4392748005284302,24,0.6760365104741424,medium,0.2236261831288624,0.1815682333467447,0.12226665447731527,0.13074949404371894,0.2830024416639,0.10415325240525658,0.4795974857049478,0.15225294762018104,0.37544423329969123,0.31273297782166903,0.3234674636829131,0.1262380433967503,0.2070252796328527,0.42619892619795774,0.096425898269574,0.4891611796856825,0.21917364656510505,0.39273528141610853,0.7704964526995692,0.726017869411393,0.327509241597839,0.5291567835887864,0.9621128927368849,0.32475875649909525,1.381246435958676,0.43295610914809857,1.0564876794595808,1.0,1.0,-0.04277537550241972,-0.08483332528453741,0.08483332528453741,0.007196693078832134,0.0,1.0,-0.12654182270676118,-0.11580733684551708,0.11580733684551708,0.01341133926725106,1.0,1.0,0.16403881317458036,0.11956022988640413,0.11956022988640413,0.014294648570489805
56,0.639066126687454,0.4678511251009968,1.3659604357037645,0.639066126687454,0.6909743193633142,1.3659604357037645,1.4769106715606402,time_avg,0.6974059677524869,0.4678511251009968,30,0.790868433299176,medium,0.6324446484480918,0.636718334322598,0.06329037443561364,0.5934459467240865,0.6789639971147073,0.5203160987428707,0.727272877280208,0.08551805039062088,0.2069567785373373,0.44178427211315124,0.4477211692584178,0.03459098339517707,0.42123850028792353,0.467523978729378,0.37745318899550445,0.4876290276062476,0.046285478441454475,0.11017583861074315,1.4326450226939722,1.4379075493633917,0.10440708957717199,1.3697167138642996,1.4985199451393645,1.2548972785900898,1.5919884319128639,0.12880323127506488,0.33709115332277406,1.0,1.0,-0.006621478239362211,-0.0023477923648560495,0.0023477923648560495,5.512128988476361e-06,0.0,1.0,-0.026066852987845557,-0.020129955842578984,0.020129955842578984,0.0004052151222241798,0.0,1.0,0.06668458699020774,0.07194711365962725,0.07194711365962725,0.0051763871639513214
57,0.707423011311043,0.4529826178605309,1.561700125828784,0.707423011311043,0.8446782967706972,1.561700125828784,1.8647035525561064,time_avg,0.886873519010525,0.4529826178605309,16,0.7024403144488487,medium,0.8866830621600451,0.8946730883887415,0.03981681847524563,0.8672452649012227,0.9145451877904393,0.8095917373057911,0.9365252578346142,0.047299922889216583,0.126933520528823,0.45962464227872724,0.4623787013235042,0.019926725827983854,0.4472684375017817,0.47430837413597526,0.4227622024456557,0.4876882114273841,0.027039936634193573,0.0649260089817284,1.9301328007138687,1.9236997429819171,0.06735920671826233,1.8890554392113261,1.967211656664742,1.8330567889635874,2.0457329724194158,0.07815621745341583,0.2126761834558284,0.0,0.0,0.1792600508490021,0.18725007707769847,0.18725007707769847,0.035062591365604016,1.0,1.0,0.006642024418196335,0.009396083462973326,0.009396083462973326,8.82863844431608e-05,0.0,0.0,0.3684326748850848,0.3619996171531332,0.3619996171531332,0.13104372281901502
58,0.7655817352190176,0.18379133842038564,4.165494096723447,0.7655817352190176,0.9444343478922828,4.165494096723447,5.1386227229711965,time_avg,0.9624290416441336,0.18379133842038564,24,0.6066696909838626,medium,0.9244076649001779,0.9323082541744303,0.037723744205440654,0.9064646174558294,0.9509482399540473,0.8544482872463515,0.9698267502870777,0.04448362249821791,0.11537846304072619,0.185087931236003,0.18476745137930356,0.008272902176813918,0.1795044244254081,0.1904134336191451,0.17221392716427544,0.19936064029209632,0.010909009193736996,0.027146713127820882,5.003445548463956,5.001536057547444,0.2892869301682065,4.813318014353146,5.197499830619365,4.545512316982045,5.463061216869462,0.38418181626621895,0.9175488998874171,0.0,0.0,0.15882592968116027,0.16672651895541268,0.16672651895541268,0.027797732122989586,1.0,1.0,0.0012965928156173645,0.0009761129589179185,0.0009761129589179185,9.52796508567494e-07,0.0,0.0,0.8379514517405093,0.8360419608239971,0.8360419608239971,0.6989661602584338
59,0.5889493935882814,0.13649481425855584,4.314811495128757,0.5889493935882814,0.6895976363372622,4.314811495128757,5.05218927241433,time_avg,0.7243710469351519,0.13649481425855584,24,0.6404794786619852,medium,0.716775618561599,0.7173704680025172,0.020873981165087405,0.7029034014364925,0.7309705320527827,0.6828781201889349,0.7498039764206351,0.02806713061629018,0.06692585623170022,0.13130615078554844,0.13119106128139307,0.006209378558070263,0.12677791581000558,0.1354870552576139,0.12163153419965733,0.14200237936984927,0.008709139447608316,0.020370845170191942,5.4699278629742345,5.4604149420534025,0.28410229741627124,5.2659355154523375,5.65874408398857,5.029488386571088,5.963784825309869,0.3928085685362328,0.9342964387387811,0.0,0.0,0.12782622497331764,0.1284210744142359,0.1284210744142359,0.016491972353706714,0.0,1.0,-0.005188663473007393,-0.005303752977162762,0.005303752977162762,2.8129795642762864e-05,0.0,0.0,1.1551163678454772,1.1456034469246452,1.1456034469246452,1.3124072576056285
60,0.396177280829082,0.2483737348535992,1.5950852495035506,0.396177280829082,0.40398906276618807,1.5950852495035506,1.6265369726163452,time_avg,0.5035926476536244,0.2483737348535992,15,0.6952883947968097,medium,0.5650204305371048,0.5650102877687586,0.016341252820492477,0.5538783473981171,0.5763488052808156,0.537811348174741,0.5918912681966259,0.022470457882698414,0.054079920021884886,0.29879667200137,0.2983968834184487,0.011318099464909992,0.2909912431028415,0.3064389174359955,0.28040764055908074,0.3179875939936997,0.015447674333153971,0.03757995343461895,1.8925240297704085,1.8922821135057686,0.06078861418837351,1.8498923948558663,1.9317129031228735,1.7964326242409414,1.995286422254288,0.08182050826700715,0.19885379801334668,0.0,0.0,0.16884314970802283,0.16883300693967662,0.16883300693967662,0.028504584232292893,0.0,0.0,0.0504229371477708,0.05002314856484952,0.05002314856484952,0.0025023153923410062,0.0,0.0,0.2974387802668579,0.297196864002218,0.297196864002218,0.08832597597275287
61,0.4923493308655313,0.14356624961516665,3.429422529217608,0.4923493308655313,0.48683195744761254,3.429422529217608,3.3909916763346484,time_avg,0.6011078822951196,0.14356624961516665,10,0.7738372872970574,medium,0.5992257953798702,0.5994050418299128,0.01475067247560392,0.5891196115348718,0.6091728405307397,0.5751596460898426,0.6239122936973134,0.020053228995867922,0.04875264760747078,0.14986583039394755,0.1496742659157534,0.005785886075069132,0.1458564635813445,0.15374306097177684,0.1408432365419355,0.15945239875327127,0.007886597390432348,0.018609162211335767,4.0034115336682845,3.9985776944925706,0.1612574239674595,3.8948878367727384,4.1111363124229765,3.740847131785222,4.270467765336379,0.21624847565023808,0.5296206335511573,0.0,0.0,0.10687646451433891,0.10705571096438155,0.10705571096438155,0.011460925250089203,0.0,1.0,0.0062995807787809,0.006108016300586744,0.006108016300586744,3.730786312823337e-05,0.0,0.0,0.5739890044506764,0.5691551652749625,0.5691551652749625,0.32393760215916984
62,0.3529445945647106,0.4730704426441736,0.7460719646570325,0.3529445945647106,0.38493933704546246,0.7460719646570325,0.8137040540810111,time_avg,0.38747507425811556,0.4730704426441736,29,0.7878175054257222,medium,0.24573362010632183,0.19369606250003696,0.145178424970958,0.13021980969246108,0.3210282181257326,0.10337531292433655,0.5578852151562631,0.19080840843327154,0.45450990223192655,0.3381536882063323,0.3667265531046815,0.12712421317660155,0.23477776813488266,0.4514243938734167,0.10536899204291791,0.4959024729054545,0.21664662573853405,0.3905334808625366,0.7562044942079221,0.7179906497691282,0.32176071679606444,0.4983169918496148,0.9678989809197445,0.3142932321056276,1.348196790323049,0.46958198907012966,1.0339035582174214,0.0,1.0,-0.10721097445838879,-0.15924853206467365,0.15924853206467365,0.02536009496475339,0.0,1.0,-0.1349167544378413,-0.10634388953949209,0.10634388953949209,0.011309022842387694,1.0,1.0,0.010132529550889613,-0.02808131488790433,0.02808131488790433,0.0007885602458336373
63,0.5556327230622685,0.3551571107261141,1.5644702197466485,0.5556327230622685,0.5878464522868239,1.5644702197466485,1.655172977066345,time_avg,0.6002747433458488,0.3551571107261141,26,0.8450639312163409,medium,0.6370425722871662,0.6374691772310872,0.02765670863122652,0.6188025061825315,0.6562662514845097,0.5913214831627354,0.6803471574623055,0.03746374530197816,0.08902567429957009,0.38753930879573634,0.38758992870317377,0.020322614877273756,0.37393136185824694,0.40160183713323944,0.35413086356181306,0.4204608897173514,0.0276704752749925,0.06633002615553835,1.6458684500743435,1.6420928146480125,0.06654325172095517,1.6003275613751602,1.688860133831553,1.5451371956732602,1.757665520495126,0.08853257245639279,0.21252832482186568,0.0,0.0,0.08140984922489769,0.08183645416881868,0.08183645416881868,0.006697205230925161,0.0,1.0,0.032382198069622226,0.03243281797705966,0.03243281797705966,0.001051887681933084,0.0,1.0,0.081398230327695,0.07762259490136403,0.07762259490136403,0.006025267239221265
64,0.5271385137385063,0.09811552230209974,5.372631173642798,0.5271385137385063,0.5638358503181063,5.372631173642798,5.746652895370051,time_avg,0.638221171280795,0.09811552230209974,18,0.7280462319018512,medium,0.6220620304228622,0.6216518196715064,0.018560142466749387,0.6098959151376038,0.6348736737894417,0.5914333945991658,0.6523389170889682,0.024977758651837934,0.06090552248980241,0.09658671812810252,0.09632912715591813,0.004883272656600326,0.093149984280194,0.09976322301534055,0.08897992087173912,0.1050477738313456,0.006613238735146548,0.016067852959606485,6.45571497111974,6.444736129844824,0.35885198972750326,6.201234440220003,6.698685573116263,5.891727062260643,7.055022603961781,0.4974511328962601,1.163295541701138,0.0,0.0,0.09492351668435595,0.09451330593300011,0.09451330593300011,0.008932764998384874,1.0,1.0,-0.001528804173997228,-0.0017863951461816185,0.0017863951461816185,3.1912076183012464e-06,0.0,0.0,1.0830837974769416,1.0721049562020255,1.0721049562020255,1.149409037112947
65,0.7027334702387642,0.4053999886317049,1.7334323876293416,0.7027334702387642,0.8851391321863811,1.7334323876293416,2.1833723655836272,time_avg,0.8953589286868843,0.4053999886317049,22,0.6158255399903845,medium,0.9484673117135116,0.9588898608396339,0.03765947227283608,0.9344932615370551,0.9735107293630613,0.8796947498390066,0.9853715856039679,0.039017467826006125,0.10567683576496123,0.4297508489070465,0.43144454891674544,0.022594486863804834,0.41502671537578184,0.4457175323860586,0.390635559268106,0.46482147764147663,0.03069081701027676,0.07418591837337063,2.2102268462130445,2.2000419992989118,0.09427826922167128,2.147126038238964,2.263950918339602,2.081794221623938,2.3857851404099777,0.11682488010063796,0.3039909187860399,0.0,0.0,0.24573384147474742,0.2561563906008697,0.2561563906008697,0.06561609644566532,0.0,1.0,0.024350860275341613,0.02604456028504054,0.02604456028504054,0.000678319120441111,0.0,0.0,0.47679445858370295,0.46660961166957016,0.46660961166957016,0.21772452970242706
66,0.8221235808146407,0.35519074676733114,2.3145974051885294,0.8221235808146407,0.8894368634398508,2.3145974051885294,2.504110457647928,time_avg,0.8907797699001242,0.35519074676733114,27,0.8324472669769124,medium,0.9108677938203363,0.9188200179398444,0.03675075605597007,0.8922527155264057,0.936453039573048,0.8423641733678453,0.9577211873658817,0.044200324046642314,0.11535701399803644,0.35161567652452674,0.3516715495685996,0.016334975412652487,0.34009622192879374,0.3628927153086144,0.32528531342896416,0.37828508848499043,0.022796493379820648,0.052999775056026266,2.5937972845846087,2.583599998977702,0.11794668962711312,2.513256216723897,2.669409881040812,2.4156384545653458,2.80210755428556,0.15615366431691458,0.38646909972021426,0.0,0.0,0.08874421300569568,0.0966964371252037,0.0966964371252037,0.009350200952708474,1.0,1.0,-0.0035750702428044012,-0.0035191971987315607,0.0035191971987315607,1.2384748923560063e-05,0.0,0.0,0.27919987939607926,0.26900259378917246,0.26900259378917246,0.07236239546530253
67,0.9037739256940301,0.48826737069958037,1.8509816136169814,0.9037739256940301,0.9897031418688101,1.8509816136169814,2.026969650768967,time_avg,0.9919490230907532,0.48826737069958037,23,0.8353874910904572,medium,0.9654766128516872,0.9742449910535715,0.03188961619330785,0.9594047673899939,0.983480876302211,0.9115698062751684,0.9920981375935304,0.02407610891221712,0.08052833131836201,0.4948645940442633,0.498362403774843,0.009161531014731196,0.4943746117912599,0.4996339695675518,0.4768715338666964,0.4999671518996422,0.005259357776291884,0.023095618032945797,1.9507029082747862,1.9575944734346842,0.04390734313418743,1.9364525853750245,1.9755652024932018,1.8814794049524193,1.995038819458449,0.03911261711817726,0.11355941450602969,0.0,0.0,0.06170268715765703,0.0704710653595414,0.0704710653595414,0.004966171052908756,0.0,1.0,0.006597223344682934,0.010095033075262605,0.010095033075262605,0.00010190969279064597,0.0,0.0,0.09972129465780477,0.10661285981770274,0.10661285981770274,0.011366301878509136
68,0.11110498137231187,0.44529276185776645,0.2495099648796909,0.11110498137231187,0.1263603998394278,0.2495099648796909,0.28376926521834933,time_avg,0.12666839003877123,0.44529276185776645,13,0.833963048503137,medium,0.26357248109354225,0.22239601212800364,0.1388668900789288,0.1540540111745226,0.3436130674662202,0.10964459968342566,0.5450283694336359,0.18955905629169761,0.4353837697502102,0.32956777223913003,0.35090159868194215,0.12442188532485032,0.22611914655802196,0.4397614179231007,0.10854427246109803,0.49203468263775,0.21364227136507874,0.383490410176652,0.8446861980810574,0.8208692366365653,0.33886646770699164,0.5793609532696222,1.0610751328385568,0.35429331289783167,1.437547310730106,0.4817141795689346,1.0832539978322744,0.0,1.0,0.1524674997212304,0.11129103075569177,0.11129103075569177,0.012385693526664332,0.0,1.0,-0.11572498961863642,-0.0943911631758243,0.0943911631758243,0.00890969168568509,0.0,0.0,0.5951762332013665,0.5713592717568744,0.5713592717568744,0.32645141742254585
69,0.11432537655327625,0.3181096904280224,0.35938979538614296,0.11432537655327625,0.13392469404109278,0.35938979538614296,0.42100161696078686,time_avg,0.13452845352549656,0.3181096904280224,21,0.7410741711617717,medium,0.23014977447984147,0.19204546654673588,0.11745832441112951,0.1390368085975156,0.29172404054547374,0.10665584526576889,0.46993014380900716,0.15268723194795814,0.3632742985432383,0.32748608688760705,0.3469235609061545,0.12071221706970153,0.23493757493627332,0.43267049299256644,0.10936706314288168,0.48843175525132637,0.19773291805629312,0.3790646921084447,0.7494772395345791,0.7136207137296806,0.3071537699765115,0.5130636884047278,0.941983043937248,0.321974918363678,1.3043819969039396,0.42891935553252014,0.9824070785402617,0.0,1.0,0.11582439792656522,0.07772008999345963,0.07772008999345963,0.006040412388591463,1.0,1.0,0.009376396459584657,0.02881387047813211,0.02881387047813211,0.0008302391319305731,0.0,1.0,0.39008744414843616,0.35423091834353765,0.35423091834353765,0.12547954351050603
70,0.4737443442729999,0.2635722333935869,1.7973985278091391,0.4737443442729999,0.5063030735850165,1.7973985278091391,1.92092720491147,time_avg,0.6845142339705432,0.2635722333935869,11,0.6052415071968086,medium,0.6837032620328616,0.684135468134307,0.01905244939265894,0.6714551849223616,0.6962058943780132,0.6524440694746012,0.7153172050977907,0.02475070945565161,0.06287313562318952,0.3024059984884745,0.30218068592476066,0.010923288759309485,0.2950446147701501,0.3096337745327866,0.2845764785653111,0.3211050324629744,0.014589159762636528,0.036528553897663296,2.2627224518192293,2.2572608018568894,0.0753877653777145,2.209836106171999,2.313761552656118,2.146082334974258,2.3944242772915914,0.10392544648411928,0.24834194231733342,0.0,0.0,0.2099589177598617,0.21039112386130715,0.21039112386130715,0.04426442499962389,0.0,0.0,0.03883376509488762,0.03860845253117379,0.03860845253117379,0.0014906126068518996,0.0,0.0,0.46532392401009015,0.45986227404775026,0.45986227404775026,0.21147331109236817
71,0.7954737607975833,0.23151971485652084,3.435879148739278,0.7954737607975833,0.8701590679435145,3.435879148739278,3.7584663944613794,time_avg,0.8847086143191784,0.23151971485652084,19,0.8373168512549127,medium,0.8590499513187364,0.8611364939462975,0.03165658169624068,0.8399097505495579,0.8815184517844548,0.8022337166245624,0.9054990044888741,0.041608701234896905,0.10326528786431166,0.23034924937546544,0.23040079439605168,0.009509060633959353,0.22391921718348337,0.2365183759310172,0.21446098744773065,0.24599352669319408,0.01259915874753384,0.031532539245463426,3.734542366180618,3.7216000034504493,0.1862812658121192,3.6040708268809056,3.8525238350907944,3.4509973074898364,4.063115901373635,0.2484530082098888,0.6121185938837987,0.0,0.0,0.06357619052115315,0.06566273314871429,0.06566273314871429,0.0043115945245592625,1.0,1.0,-0.0011704654810553994,-0.0011189204604691583,0.0011189204604691583,1.2519829968565131e-06,0.0,0.0,0.29866321744133995,0.28572085471117115,0.28572085471117115,0.08163640681688217
72,0.4624805210612417,0.32137828234295857,1.439053434754829,0.4624805210612417,0.49561792490649637,1.439053434754829,1.542163712162722,time_avg,0.6696675196780307,0.32137828234295857,11,0.6033489016628415,medium,0.7844474481801529,0.7854395510920267,0.03135812306121985,0.7651572837244587,0.8069841151049753,0.7306346492649326,0.8337201549586948,0.04182683138051657,0.10308550569376218,0.41532107444658933,0.4153014022683983,0.01899722395523848,0.40206394382806804,0.42836046564667235,0.3843669498653285,0.445682147580619,0.026296521818604313,0.06131519771529054,1.890414709260907,1.8845412762759612,0.06730722938702857,1.8445665226760568,1.9316082967754113,1.7898543463357182,2.0085305993155114,0.08704177409935454,0.2186762529797932,0.0,0.0,0.3219669271189112,0.32295903003078497,0.32295903003078497,0.10430253507842546,0.0,0.0,0.09394279210363077,0.09392311992543972,0.09392311992543972,0.008821552456528532,0.0,0.0,0.451361274506078,0.4454878415211323,0.4454878415211323,0.1984594169431575
73,0.44539505739067153,0.26863003686550435,1.6580240340497312,0.44539505739067153,0.5204233293449417,1.6580240340497312,1.937323671684203,time_avg,0.5687406449082459,0.26863003686550435,22,0.6127233393957833,medium,0.5747239685237983,0.5744143185195785,0.014524453082490424,0.5648668234037286,0.5845234394539348,0.5505463290572936,0.5992512315174746,0.019656616050206188,0.048704902460181,0.2865763686521458,0.28637024106986986,0.009517311354975801,0.2799005758505981,0.29275604974408276,0.27141930173502865,0.30210719763979843,0.012855473893484681,0.03068789590476978,2.0068311947089494,2.0036411602103916,0.05973113162859336,1.9655098011988492,2.045349675421047,1.9135363021791416,2.111266563671977,0.07983987422219774,0.19773026149283557,0.0,0.0,0.12932891113312672,0.12901926112890694,0.12901926112890694,0.016645969742249075,0.0,0.0,0.017946331786641456,0.017740204204365506,0.017740204204365506,0.0003147148452125876,0.0,0.0,0.34880716065921824,0.3456171261606604,0.3456171261606604,0.11945119789555386
74,0.509104193310367,0.4363672353982305,1.1666874870789885,0.509104193310367,0.5586300790105678,1.1666874870789885,1.2801833723853253,time_avg,0.5847160602736274,0.4363672353982305,27,0.7188830015097353,medium,0.5052716631387272,0.5056203941400766,0.05966113087186195,0.46391436447984324,0.5449540245065858,0.40637781060486483,0.6005541216639436,0.08103966002674257,0.1941763110590788,0.39401790475189524,0.3990483278518071,0.04594059894464137,0.3660618854563672,0.4265725662981294,0.3116994200893894,0.4608049788953457,0.0605106808417622,0.14910555880595633,1.288344743559047,1.2839311482544393,0.12158589236688856,1.2152810141369628,1.36069510329244,1.0985654147736066,1.4892186544662147,0.14541408915547716,0.3906532396926081,1.0,1.0,-0.0038325301716398696,-0.0034837991702904025,0.0034837991702904025,1.2136856658916097e-05,0.0,1.0,-0.04234933064633528,-0.03731890754642342,0.03731890754642342,0.0013927008604584987,0.0,1.0,0.12165725648005843,0.11724366117545082,0.11724366117545082,0.013746076085823913
75,0.22828776586302468,0.27923587468053424,0.8175445441034472,0.22828776586302468,0.2545867746663583,0.8175445441034472,0.9117266001641936,time_avg,0.2848962751842022,0.27923587468053424,19,0.6795182835114697,medium,0.28199394589306503,0.24435869610114552,0.1467545724074085,0.16002316201620437,0.37618212340800167,0.11081583991458666,0.5687245933827797,0.2161589613917973,0.45790875346819304,0.3580417604893318,0.3905737336854727,0.11859294051352051,0.2723300325757704,0.45952810254232707,0.1259036307340875,0.4952324702194147,0.1871980699665567,0.3693288394853272,0.807449809891067,0.7907171225191136,0.3098505072192686,0.5712563837635464,1.015296739068674,0.3531972273411021,1.3364624113658725,0.44404035530512764,0.9832651840247704,1.0,1.0,0.05370618003004035,0.01607093023812084,0.01607093023812084,0.0002582747987185468,1.0,1.0,0.07880588580879755,0.11133785900493848,0.11133785900493848,0.01239611884780356,1.0,1.0,-0.010094734212380274,-0.0268274215843336,0.0268274215843336,0.0007197105488635683
76,0.2584698161761551,0.23827790770803425,1.0847410012214072,0.2584698161761551,0.26195889359924945,1.0847410012214072,1.099383892191264,time_avg,0.2910670741412154,0.23827790770803425,28,0.745472147916753,medium,0.4086960285494657,0.40594017441725494,0.08901418554022189,0.3443164084060814,0.47003602846676595,0.2694485505814729,0.5578676382620691,0.12571962006068454,0.2884190876805962,0.3554826594523884,0.3651217872389638,0.07732454109620311,0.3026981106292033,0.4170289513232702,0.2154106455191874,0.46331623258743754,0.1143308406940669,0.24790558706825014,1.1742334202271623,1.1685153930159924,0.22069130010676827,1.0364980411777063,1.2932654101672123,0.835059663900617,1.545646658112515,0.25676736898950603,0.710586994211898,0.0,0.0,0.15022621237331057,0.14747035824109983,0.14747035824109983,0.02174750655975832,0.0,1.0,0.11720475174435413,0.12684387953092957,0.12684387953092957,0.016089369774456973,1.0,1.0,0.08949241900575511,0.08377439179458523,0.08377439179458523,0.00701814872055267
77,0.23756405748543108,0.32390739907295046,0.7334320184267444,0.23756405748543108,0.28227496438078786,0.7334320184267444,0.8714680960937662,time_avg,0.3469391732156997,0.32390739907295046,10,0.6059283435893972,medium,0.192652434049145,0.14521230761840614,0.11710765152346167,0.11302827941233178,0.22489800818567293,0.1008848079780549,0.46471284703557486,0.11186972877334116,0.36382803905752,0.2887978843444838,0.29252219188368034,0.13482253610459333,0.16896643662018365,0.41004888577528814,0.0796023620166332,0.49031803816849806,0.2410824491551045,0.4107156761518649,0.7487249148183376,0.6873658838971746,0.34578286092777927,0.47449617914534553,0.963764248748902,0.2980766699348907,1.438257319828815,0.48926806960355645,1.1401806498939244,0.0,1.0,-0.044911623436286074,-0.09235174986702493,0.09235174986702493,0.00852884570350154,1.0,1.0,-0.035109514728466684,-0.031385207189270126,0.031385207189270126,0.0009850312303134132,1.0,1.0,0.015292896391593147,-0.04606613452956987,0.04606613452956987,0.002122088750496429
78,0.6204183270995955,0.22376731073997402,2.772604832439287,0.6204183270995955,0.628989619062703,2.772604832439287,2.810909319072134,time_avg,0.7178743763100741,0.22376731073997402,10,0.8303044856688407,medium,0.7217134386289444,0.7220397307655704,0.01784576660836595,0.7101889167502075,0.7338531077792954,0.6906929307054709,0.7502326975522333,0.0236641910290879,0.05953976684676243,0.23640001409781133,0.23618248348790039,0.008273393303931795,0.23088574814886603,0.2421250884480031,0.22297806878952614,0.24953284358827185,0.011239340299137063,0.02655477479874571,3.0559065389486375,3.051935623967035,0.11195245946355427,2.9804397088140604,3.1273320665810918,2.883058244559015,3.2434318327783274,0.14689235776703136,0.3603735882193124,0.0,0.0,0.10129511152934889,0.10162140366597483,0.10162140366597483,0.010326909683043003,0.0,1.0,0.01263270335783731,0.012415172747926362,0.012415172747926362,0.00015413651436085342,0.0,0.0,0.2833017065093504,0.2793307915277481,0.2793307915277481,0.07802569109551827
79,0.5576597206564333,0.10153158111683366,5.49247548912616,0.5576597206564333,0.60631422265109,5.49247548912616,5.971681086630539,time_avg,0.6733022117302918,0.10153158111683366,19,0.7229770767958865,medium,0.6534609603590138,0.6537257365509421,0.019989071020875403,0.6402918798696648,0.66693763517967,0.621160197166042,0.6859622282486283,0.026645755310005126,0.06480203108258631,0.09788649294338632,0.09759066396000843,0.004925549871313598,0.09458890322676851,0.10098977866593327,0.0901644802745462,0.1063727680289657,0.00640087543916476,0.0162082877544195,6.6913196923071405,6.679086752332257,0.3731260423701679,6.433957655350934,6.93159995351282,6.12058879575792,7.3228250629044815,0.4976422981618862,1.2022362671465618,0.0,0.0,0.09580123970258048,0.0960660158945088,0.0960660158945088,0.009228679409844018,0.0,1.0,-0.0036450881734473445,-0.0039409171568252355,0.0039409171568252355,1.5530828036959497e-05,0.0,0.0,1.1988442031809807,1.186611263206097,1.186611263206097,1.4080462899675692
80,0.18056970985683088,0.45986860752439884,0.39265500384748603,0.18056970985683088,0.22661065437120972,0.39265500384748603,0.4927726108357737,time_avg,0.22689764636162313,0.45986860752439884,23,0.6218890923525012,medium,0.22934269845367622,0.20485158323739305,0.10091489482889376,0.1520307244946721,0.28500281955278683,0.11262436420765515,0.43264237849930637,0.13297209505811475,0.3200180142916512,0.3172983348998531,0.3306023724082105,0.11416111236386889,0.22815463823082716,0.41443902843089553,0.11479149036825416,0.47872042069403375,0.18628439020006837,0.3639289303257796,0.7762344173156567,0.7481251632503079,0.29027716575658363,0.5624114592710294,0.9623476133333079,0.341882695089666,1.2975617589339492,0.39993615406227845,0.9556790638442831,1.0,1.0,0.04877298859684534,0.024281873380562174,0.024281873380562174,0.0005896093748696539,0.0,1.0,-0.14257027262454575,-0.12926623511618834,0.12926623511618834,0.016709759541113686,0.0,1.0,0.38357941346817065,0.35547015940282184,0.35547015940282184,0.12635903422586756
81,0.7373888656624348,0.09950357316671202,7.410677247006857,0.7373888656624348,0.7852355804625389,7.410677247006857,7.891531484471677,time_avg,0.8204705473381261,0.09950357316671202,21,0.8254120404249448,medium,0.7963569921716587,0.7982144588489055,0.0291227138400953,0.7772787887213086,0.8171498077493696,0.7461629921864996,0.8408949748810916,0.039871019028061006,0.09473198269459193,0.10090153524239084,0.10081314532519307,0.005182228728278535,0.09727730407839943,0.10421447815299278,0.09255004259902222,0.10971082774966551,0.00693717407459335,0.017160785150643287,7.912473137236383,7.892615011039654,0.48881026588665943,7.586266692684106,8.217398634301707,7.138258105220218,8.768741156099836,0.6311319416176016,1.6304830508796178,0.0,0.0,0.058968126509223895,0.06082559318647074,0.06082559318647074,0.0036997527864860357,1.0,1.0,0.001397962075678827,0.0013095721584810566,0.0013095721584810566,1.7149792382687334e-06,0.0,1.0,0.5017958902295252,0.4819377640327964,0.4819377640327964,0.23226400840093137
82,0.5242133674601545,0.13636145819082277,3.8442927672904164,0.5242133674601545,0.5978686329194471,3.8442927672904164,4.3844400085748285,time_avg,0.6332763819737002,0.13636145819082277,24,0.6688072185504094,medium,0.6263960910211414,0.6264243619591453,0.01650120581009192,0.6154477664810285,0.6375255894249456,0.5988096281464338,0.6527152868956775,0.022077822943917136,0.05390565874924369,0.13406970524760606,0.1339500828055794,0.005912833609406305,0.13015028368007214,0.13793885135164857,0.1247182876603035,0.14401339051121825,0.00778856767157643,0.01929510285091475,4.680003968432783,4.670334243673905,0.21531156736193716,4.533562209506197,4.823611861062316,4.341218763406665,5.04984782051399,0.29004965155611906,0.7086290571073253,0.0,0.0,0.1021827235609869,0.10221099449899085,0.10221099449899085,0.010447087396472737,1.0,1.0,-0.002291752943216707,-0.0024113753852433584,0.0024113753852433584,5.814731248557555e-06,0.0,0.0,0.8357112011423666,0.8260414763834882,0.8260414763834882,0.682344520705813
83,0.6426318839400611,0.1412050734064184,4.55105378608054,0.6426318839400611,0.740874720004376,4.55105378608054,5.246799581145219,time_avg,0.8593013851581311,0.1412050734064184,14,0.6497970700378923,medium,0.8385303122445632,0.8404407702023653,0.02962920366317972,0.8213528561023031,0.8589819722340463,0.784414004679251,0.8835266658187124,0.037629116131743134,0.09911266113946138,0.14629302050119866,0.14627381066670503,0.006521529982866601,0.14175176598367942,0.15063281418920976,0.13577891548459142,0.15699100979413008,0.008881048205530345,0.02121209430953866,5.7421574268216276,5.734582631871392,0.30849527640392144,5.532132704779938,5.933762746634137,5.2530437945576685,6.2637507309298615,0.40163004185419915,1.010706936372193,0.0,0.0,0.1958984283045021,0.1978088862623042,0.1978088862623042,0.039128355484333195,0.0,1.0,0.0050879470947802485,0.005068737260286615,0.005068737260286615,2.5692097413817864e-05,0.0,0.0,1.1911036407410878,1.1835288457908524,1.1835288457908524,1.4007405288190273
84,0.33766893098292955,0.055505929929279274,6.083474890217267,0.33766893098292955,0.3265665508989946,6.083474890217267,5.88345337723513,time_avg,0.44954433657504866,0.055505929929279274,17,0.622933320476186,medium,0.426659629323954,0.4261133861375309,0.01688299671638231,0.41518010992706633,0.43773781229786524,0.39939954694608704,0.4546190767376117,0.022557702370798904,0.05521952979152467,0.056292475514578964,0.05558467101090313,0.0033700325449551416,0.0538965937966915,0.057789866969469694,0.05234215095526126,0.06269901163335798,0.003893273172778197,0.010356860678096713,7.603761503851067,7.615932622996502,0.5101160386880619,7.294200208976864,7.961953021968614,6.718113893618719,8.39626253238462,0.6677528129917496,1.6781486387659008,0.0,0.0,0.08899069834102447,0.08844445515460136,0.08844445515460136,0.007822421647594292,1.0,1.0,0.0007865455852996903,7.874108162385374e-05,7.874108162385374e-05,6.200157935294396e-09,0.0,0.0,1.5202866136338002,1.5324577327792355,1.5324577327792355,2.3484267027548746
85,0.5542420004728928,0.17428165326640152,3.1801511523745747,0.5542420004728928,0.6585272122161044,3.1801511523745747,3.7785228672894227,time_avg,0.7143363867574999,0.17428165326640152,19,0.638522190862993,medium,0.7036377739459454,0.7037752694751056,0.017512310297240024,0.6920848116662386,0.7156597632558974,0.6747985793921651,0.7323479264994411,0.023574951589658832,0.057549347107275994,0.17921610666670795,0.17920480664464677,0.006763583816101192,0.17469363251974945,0.18347341634303935,0.1681274346617294,0.19060510207687323,0.008779783823289894,0.022477667415143815,3.930867580679848,3.9280098770098686,0.15643516338348878,3.8241254716692055,4.029491256647826,3.6786787003784713,4.193387755382,0.20536578497862035,0.5147090550035287,0.0,0.0,0.14939577347305255,0.14953326900221275,0.14953326900221275,0.022360198538488123,0.0,1.0,0.004934453400306432,0.004923153378245254,0.004923153378245254,2.4237439185727657e-05,0.0,0.0,0.7507164283052732,0.7478587246352939,0.7478587246352939,0.5592926720131284
86,0.6150384920076314,0.4483810529851864,1.371687068204354,0.6150384920076314,0.6956150655447697,1.371687068204354,1.5513926400626734,time_avg,0.8690733990200169,0.4483810529851864,10,0.6346181644455464,medium,0.8681043215314652,0.8774445203033485,0.04668049030634459,0.8462511492057561,0.900744177830517,0.7805419251731752,0.9239619493949278,0.05449302862476091,0.1434200242217526,0.48242610093768046,0.4872675878076568,0.016835419477117537,0.4751712715160974,0.49472331275983794,0.449396269685522,0.49909550941513825,0.019552041243740548,0.04969923972961626,1.7990453989587254,1.8049209759404516,0.06532095745341086,1.766069686923784,1.839986783219253,1.6848409626665732,1.8903517728304287,0.07391709629546894,0.20551081016385542,0.0,0.0,0.25306582952383383,0.26240602829571713,0.26240602829571713,0.0688569236859327,0.0,0.0,0.03404504795249408,0.0388865348224704,0.0388865348224704,0.0015121625904992028,0.0,0.0,0.42735833075437135,0.4332339077360976,0.4332339077360976,0.18769161881228952
87,0.5159330622545322,0.21036228398451168,2.4525929861672293,0.5159330622545322,0.5567558904618916,2.4525929861672293,2.646652621925724,time_avg,0.5705802308191714,0.21036228398451168,26,0.8004693087954543,medium,0.5805093628966735,0.5800915443296949,0.013091033004484567,0.5716029286699462,0.5892307775245202,0.5592898267510111,0.6023965062793806,0.017627848854574024,0.04310667952836944,0.22078021952877647,0.22071157366621935,0.0072001828977760075,0.21581728665845853,0.22564244628798277,0.2092047886998165,0.2328723637820977,0.009825159629524238,0.023667575082281178,2.6313936762112333,2.6291534146971127,0.0831435665551865,2.5734228568533197,2.6852189923623917,2.5045257499940154,2.77405669040466,0.11179613550907197,0.2695309404106445,0.0,0.0,0.06457630064214137,0.06415848207516273,0.06415848207516273,0.004116310822188976,0.0,1.0,0.01041793554426479,0.010349289681707674,0.010349289681707674,0.00010710779691590093,0.0,0.0,0.178800690044004,0.1765604285298834,0.1765604285298834,0.031173584922656067
88,0.3995400948541255,0.4142692931728993,0.9644453533932904,0.3995400948541255,0.42897519844890586,0.9644453533932904,1.035498419792048,time_avg,0.5181957138752972,0.4142692931728993,11,0.706437964623363,medium,0.3001306937332973,0.2631564389740995,0.15623667225103235,0.16707443108074452,0.4044955945051276,0.11562541269129485,0.6082497937682929,0.2374211634243831,0.4926243810769981,0.35936463583338674,0.3885786551587973,0.11669874286133823,0.2812090546344005,0.4599454203457105,0.12769070490908857,0.4954975310019637,0.17873636571131002,0.3678068260928751,0.8507055772154881,0.8395732439967158,0.3240069278377022,0.6012026049004456,1.0741166601339596,0.3612867991317375,1.3774336175931814,0.47291405523351393,1.016146818461444,1.0,1.0,-0.09940940112082819,-0.136383655880026,0.136383655880026,0.018600501591201347,1.0,1.0,-0.05490465733951255,-0.025690638014101985,0.025690638014101985,0.000660008881571622,1.0,1.0,-0.11373977617780229,-0.12487210939657456,0.12487210939657456,0.015593043705150085
89,0.1099208029037554,0.4806739074481146,0.22868061111809065,0.1099208029037554,0.13240114367698538,0.22868061111809065,0.27544899281073865,time_avg,0.13244453848117588,0.4806739074481146,19,0.7257070303793889,medium,0.2169611695604051,0.17051476452126313,0.12728269351393473,0.12238705867465621,0.2618956025486622,0.10258089982393416,0.49477576483465463,0.13950854387400596,0.3921948650107205,0.30543784562185045,0.3166822115848446,0.1309184156827697,0.19312095501324644,0.4248132505865422,0.08864595662133033,0.4892608911540601,0.23169229557329574,0.4006149345327297,0.7758937098847585,0.7325195513960219,0.3424470555786209,0.5060467117573172,0.9775155675030811,0.3025627210878508,1.4381401790848398,0.4714688557457639,1.135577457996989,0.0,1.0,0.10704036665664969,0.06059396161750773,0.06059396161750773,0.0036716281845039994,0.0,1.0,-0.17523606182626417,-0.16399169586327,0.16399169586327,0.026893276312111247,0.0,0.0,0.5472130987666678,0.5038389402779312,0.5038389402779312,0.2538536777403887
90,0.532943982306419,0.4348396418851103,1.2256103882249747,0.532943982306419,0.5676265243186059,1.2256103882249747,1.3053697723092585,time_avg,0.6544375707033828,0.4348396418851103,14,0.7421586067951115,medium,0.6321701545197831,0.6405952482923224,0.07985925252301818,0.5821101973299538,0.688555564557249,0.4884948385942664,0.7503744150724355,0.10644536722729514,0.2618795764781691,0.4498222761442159,0.4594435052753212,0.038082906675079076,0.42765434367719724,0.4788391686051302,0.3750607629850909,0.494573752445325,0.05118482492793297,0.11951298946023409,1.4049889981451638,1.4164756725205714,0.12884293274024203,1.330431950423531,1.4884099073585815,1.1747292814439503,1.5947632777644798,0.15797795693505057,0.4200339963205295,0.0,1.0,0.09922617221336405,0.10765126598590335,0.10765126598590335,0.011588795068367713,1.0,1.0,0.014982634259105565,0.024603863390210867,0.024603863390210867,0.0006053500937241586,0.0,1.0,0.17937860992018906,0.19086528429559668,0.19086528429559668,0.036429556749238944
91,0.5950511039974069,0.36923548537642314,1.6115761555007975,0.5950511039974069,0.6510471190529505,1.6115761555007975,1.763230092549826,time_avg,0.6682937839823501,0.36923548537642314,23,0.7970434622981744,medium,0.6539904062801463,0.6543843344442335,0.023714616587833595,0.6373204889542818,0.6708431355568988,0.6143773108103102,0.6917014492968646,0.033522646602616946,0.0773241384865544,0.37666962176683194,0.37648755500611863,0.016725827108678006,0.36530120984593567,0.38818409771550466,0.3487260564409292,0.40439128956989756,0.02288288786956899,0.05566523312896837,1.7378067590157145,1.7342288614015562,0.058966809677687096,1.6956280754330546,1.7759771500410837,1.65006748540535,1.8395282964447495,0.08034907460802909,0.18946081103939938,0.0,0.0,0.05893930228273936,0.05933323044682659,0.05933323044682659,0.00352043223525623,1.0,1.0,0.0074341363904087965,0.00725206962969549,0.00725206962969549,5.2592513913951685e-05,0.0,0.0,0.126230603514917,0.12265270590075872,0.12265270590075872,0.015043686264778013
92,0.6488824728633013,0.2709415973209887,2.3949163926075188,0.6488824728633013,0.6657507064808961,2.3949163926075188,2.4571742141616255,time_avg,0.7629461989059253,0.2709415973209887,10,0.8131196436161017,medium,0.7508550880146224,0.7509758899756198,0.020221048095080938,0.737567191054419,0.7646985264571748,0.7169157712027119,0.7834984078627959,0.027131335402755807,0.06658263666008402,0.27297687402979,0.27267206803438954,0.009677713200999132,0.26615542427661654,0.27937794824275675,0.2574267267809787,0.2892679756589988,0.01322252396614021,0.03184124887802009,2.753193274670875,2.7455428342253505,0.1011964528479036,2.684941255706114,2.8169887887663747,2.5971757191486566,2.9318138968542025,0.13204753306026085,0.3346381777055458,0.0,0.0,0.10197261515132117,0.10209341711231856,0.10209341711231856,0.010423065817669861,1.0,1.0,0.00203527670880127,0.0017304707134008224,0.0017304707134008224,2.9945288899379513e-06,0.0,0.0,0.3582768820633562,0.35062644161783174,0.35062644161783174,0.12293890156158277
93,0.5719500233219871,0.3459207868584881,1.653413281451527,0.5719500233219871,0.6554683666181121,1.653413281451527,1.8948510512213195,time_avg,0.7670129264033169,0.3459207868584881,13,0.6563310622240215,medium,0.8026378560416543,0.8041285305407693,0.027393884047086883,0.7855141792595237,0.8222744178176854,0.7565645791100839,0.8447257569129815,0.036760238558161684,0.08816117780289756,0.3765237357871348,0.3763104592185833,0.01573665341522821,0.3660407805061052,0.3871539634229654,0.351120545218983,0.4026587750107998,0.02111318291686015,0.05153822979181677,2.133627930671505,2.1275390554797506,0.0751185062621742,2.0827067902908425,2.181114198770768,2.0155885693856272,2.260858711721332,0.09840740847992535,0.24527014233570466,0.0,0.0,0.2306878327196672,0.2321785072187822,0.2321785072187822,0.053906859214342094,0.0,0.0,0.030602948928646678,0.03038967236009521,0.03038967236009521,0.0009235321861539347,0.0,0.0,0.4802146492199779,0.47412577402822365,0.47412577402822365,0.22479524959786218
94,0.3953782059819656,0.4631297511753505,0.8537093654176996,0.3953782059819656,0.4475804157752141,0.8537093654176996,0.9664255311590875,time_avg,0.4750211810770093,0.4631297511753505,21,0.7109276811815719,medium,0.3269413830027164,0.3060368212476312,0.1488394256206998,0.20313079401496442,0.43139690835350303,0.12667519822881423,0.6034032998404991,0.2282661143385386,0.4767281016116849,0.38342817925316386,0.4154403601461373,0.1060169266427274,0.3223299650259628,0.4698085299587137,0.1608426860763202,0.49640725351819115,0.1474785649327509,0.3355645674418709,0.8622575303681321,0.8559630328482439,0.2985265010589721,0.6322371060349579,1.063126641727408,0.38791321216249014,1.3366473854659895,0.43088953569245003,0.9487341733034993,1.0,1.0,-0.06843682297924919,-0.0893413847343344,0.0893413847343344,0.007981883026248358,1.0,1.0,-0.07970157192218663,-0.04768939102921321,0.04768939102921321,0.0022742780167372017,1.0,1.0,0.008548164950432535,0.002253667430544337,0.002253667430544337,5.079016887496315e-06
95,0.08735714296775948,0.32873743127760063,0.26573530926568323,0.08735714296775948,0.10187745063140483,0.26573530926568323,0.3099052342030833,time_avg,0.10194981716603352,0.32873743127760063,26,0.7018003030821877,medium,0.18249458234398974,0.1399788245369885,0.10323256015729801,0.11191588461938945,0.21630279524691215,0.10092669022853608,0.4179027278689605,0.1043869106275227,0.3169760376404244,0.2773081124038438,0.2744257194049846,0.13138340847006785,0.16211911273912416,0.39269662924235393,0.079889593387245,0.4826281255928423,0.23057751650322977,0.4027385322055973,0.7509857626972394,0.684988137826707,0.34654044501159514,0.48420407403235133,0.965902625501417,0.30420874132819564,1.4229433518869468,0.4816985514690657,1.118734610558751,0.0,0.0,0.09513743937623026,0.05262168156922903,0.05262168156922903,0.002769041371173338,1.0,1.0,-0.051429318873756846,-0.05431171187261602,0.05431171187261602,0.00294976204653406,0.0,0.0,0.48525045343155615,0.41925282856102375,0.41925282856102375,0.17577293425641918
96,0.7861281293093211,0.4978258473713995,1.579122766445744,0.7861281293093211,0.9368974100430753,1.579122766445744,1.8819782359434412,time_avg,0.9485838787520428,0.4978258473713995,20,0.7145644275962736,medium,0.9073883690162338,0.9190809992912824,0.045592371872031995,0.8930073139585464,0.9362429694063683,0.8171493158956885,0.9548907184111344,0.04323565544782193,0.13774140251544587,0.4871864621496253,0.4922452730543547,0.014482256011754615,0.48267765324259915,0.49725758429456673,0.4558302723069605,0.499532137794431,0.014579931051967587,0.043701865487470515,1.861967712613352,1.8704864376127446,0.06448624639668121,1.8348066940093761,1.8983503603832164,1.7492372876059026,1.9453001535775818,0.06354366637384024,0.1960628659716792,0.0,0.0,0.12126023970691269,0.13295286998196132,0.13295286998196132,0.017676465636440312,0.0,1.0,-0.010639385221774211,-0.005580574317044784,0.005580574317044784,3.114280970805986e-05,0.0,0.0,0.28284494616760814,0.2913636711670007,0.2913636711670007,0.0848927888759121
97,0.39213532683375385,0.20359656399752796,1.9260409858317409,0.39213532683375385,0.39098474682408435,1.9260409858317409,1.9203897116300628,time_avg,0.5648108235497118,0.20359656399752796,11,0.6080478051886141,medium,0.5880644800331403,0.5883134841166402,0.014104846153165885,0.5786078632808821,0.597592068823059,0.564808065006785,0.6116688200731977,0.018984205542176946,0.04686075506641263,0.2534833324906492,0.25311626746057214,0.008214085312754636,0.247851748390069,0.25905385413943227,0.24034791148279167,0.26708465012177135,0.011202105749363284,0.026736738638979685,2.3215924827583767,2.317731732750265,0.07193827730810881,2.273510351100163,2.3675781497717177,2.2076367074058503,2.4479477361921704,0.09406779867155457,0.24031102878632016,0.0,0.0,0.19592915319938642,0.19617815728288635,0.19617815728288635,0.038485869394908896,0.0,0.0,0.049886768493121236,0.049519703463044185,0.049519703463044185,0.0024522010310678304,0.0,0.0,0.3955514969266358,0.39169074691852424,0.39169074691852424,0.1534216412215914
98,0.44003645121229185,0.09408902142375379,4.676809733523276,0.44003645121229185,0.4774279797432481,4.676809733523276,5.074215594113047,time_avg,0.5364721130081057,0.09408902142375379,23,0.6671130622619366,medium,0.5206553237939878,0.5204970024427733,0.015713899169234723,0.509851622351347,0.5310180040883755,0.49542216469821104,0.5471693311429546,0.02116638173702856,0.051747166444743586,0.09142504702265081,0.09118523464484382,0.004579313824809314,0.08817983784929342,0.0943175477363799,0.08457825886115933,0.09962572582037768,0.006137709887086479,0.015047466959218353,5.707744904777348,5.697802782114627,0.3094241882202718,5.498726958645727,5.912925044724776,5.213669966369976,6.230253886505053,0.4141980860790495,1.0165839201350764,0.0,0.0,0.08061887258169598,0.08046055123048146,0.08046055123048146,0.006473900304312931,1.0,1.0,-0.0026639744011029837,-0.0029037867789099697,0.0029037867789099697,8.431977657372337e-06,0.0,0.0,1.0309351712540717,1.0209930485913503,1.0209930485913503,1.0424268052718595
99,0.38846458932209105,0.2099634215349892,1.8501536433447558,0.38846458932209105,0.4033579311352103,1.8501536433447558,1.9210866739852255,time_avg,0.43563380400942453,0.2099634215349892,25,0.7834455717017178,medium,0.4301102513492713,0.43027782172641926,0.011853154548482087,0.4219510568983853,0.4378980886380161,0.41057741592209657,0.4499865781852768,0.0159470317396308,0.03940916226318025,0.22199457796074903,0.221739052178672,0.007022270928805963,0.2171091575310406,0.22665332492748896,0.21092207210379782,0.23416674887952402,0.009544167396448366,0.023244676775726197,1.9385905496700313,1.9384802495537703,0.058411032678558565,1.8982251098015692,1.9778255761553991,1.8459827578205465,2.036318597112542,0.07960046635382989,0.1903358392919956,0.0,0.0,0.04164566202718023,0.041813232404328216,0.041813232404328216,0.001748346404098363,0.0,0.0,0.012031156425759831,0.01177563064368281,0.01177563064368281,0.00013866547705644163,0.0,1.0,0.08843690632527546,0.08832660620901445,0.08832660620901445,0.00780158936440231
