case_id,feature,observed_value,pred_mean,pred_median,pred_std,pred_ci50_low,pred_ci50_high,pred_ci90_low,pred_ci90_high,pred_width50,pred_width90,covered50,covered90,err_mean,err_median,abs_err_median,sq_err_median,true_beta,true_gamma,true_R0,true_beta_timeavg,true_beta_infweighted,true_R0_timeavg,true_R0_infweighted,beta_ref_mode,beta0,gamma,tau,kappa,severity
0,peak_time,18.0,23.17,21.0,14.375944413421255,11.0,36.25,3.0,46.05,25.25,43.05,1.0,1.0,5.170000000000002,3.0,3.0,9.0,0.08652860029413531,0.22364714789828816,0.38689784827252705,0.08652860029413531,0.10300766336920011,0.38689784827252705,0.46058116250177566,time_avg,0.1072049143651905,0.22364714789828816,15,0.7244753964406905,medium
0,peak_height,0.049634769558906555,0.05382378136739135,0.049478644505143166,0.018843252874188227,0.04403313156217337,0.059056442230939865,0.03527393490076065,0.08207462430000305,0.015023310668766499,0.046800689399242396,1.0,1.0,0.004189011808484792,-0.0001561250537633896,0.0001561250537633896,2.437503241262129e-08,0.08652860029413531,0.22364714789828816,0.38689784827252705,0.08652860029413531,0.10300766336920011,0.38689784827252705,0.46058116250177566,time_avg,0.1072049143651905,0.22364714789828816,15,0.7244753964406905,medium
0,cumulative_infected,0.42884817929007113,0.6395853846322097,0.5028660240664067,0.4923988371211495,0.414610320898646,0.6409785441210261,0.3177867261629217,1.3860011772310823,0.22636822322238004,1.0682144510681606,1.0,1.0,0.21073720534213858,0.07401784477633555,0.07401784477633555,0.005478641345333704,0.08652860029413531,0.22364714789828816,0.38689784827252705,0.08652860029413531,0.10300766336920011,0.38689784827252705,0.46058116250177566,time_avg,0.1072049143651905,0.22364714789828816,15,0.7244753964406905,medium
0,early_growth_slope,-0.0022423823524843002,-0.0001512476064038172,-0.00046534221924264817,0.001925206087584157,-0.0014792497199994689,0.0009882806209913855,-0.002768790713855108,0.003130823708142131,0.0024675303409908544,0.0058996144219972384,0.0,1.0,0.002091134746080483,0.001777040133241652,0.001777040133241652,3.1578716351515084e-06,0.08652860029413531,0.22364714789828816,0.38689784827252705,0.08652860029413531,0.10300766336920011,0.38689784827252705,0.46058116250177566,time_avg,0.1072049143651905,0.22364714789828816,15,0.7244753964406905,medium
1,peak_time,14.0,14.35,14.0,1.2339883600452934,13.0,15.0,12.0,16.0,2.0,4.0,1.0,1.0,0.34999999999999964,0.0,0.0,0.0,0.5265470028633716,0.19935750869708702,2.6412198181280013,0.5265470028633716,0.5602842265091801,2.6412198181280013,2.8104495796067646,time_avg,0.5704258660249205,0.19935750869708702,27,0.8327761087963679,medium
1,peak_height,0.30441567301750183,0.2919872349500656,0.2909993678331375,0.02048414716443649,0.27958037704229355,0.30418411642313004,0.26050343960523603,0.3269736871123314,0.024603739380836487,0.06647024750709535,0.0,1.0,-0.01242843806743621,-0.013416305184364319,0.013416305184364319,0.0001799972448000009,0.5265470028633716,0.19935750869708702,2.6412198181280013,0.5265470028633716,0.5602842265091801,2.6412198181280013,2.8104495796067646,time_avg,0.5704258660249205,0.19935750869708702,27,0.8327761087963679,medium
1,cumulative_infected,4.720446667168289,4.607157114168586,4.634423226700164,0.2361082346386044,4.454509604081977,4.755153508798685,4.1864446109510025,5.007390153560846,0.30064390471670777,0.8209455426098433,1.0,1.0,-0.11328955299970378,-0.08602344046812505,0.08602344046812505,0.007400032309973054,0.5265470028633716,0.19935750869708702,2.6412198181280013,0.5265470028633716,0.5602842265091801,2.6412198181280013,2.8104495796067646,time_avg,0.5704258660249205,0.19935750869708702,27,0.8327761087963679,medium
1,early_growth_slope,0.0168009168424067,0.012244713367846478,0.012530342071494529,0.00309997565741456,0.010614591495444378,0.014399324556247196,0.0070098127582154815,0.016611357314866917,0.003784733060802818,0.009601544556651437,0.0,0.0,-0.004556203474560221,-0.00427057477091217,0.00427057477091217,1.8237808873951534e-05,0.5265470028633716,0.19935750869708702,2.6412198181280013,0.5265470028633716,0.5602842265091801,2.6412198181280013,2.8104495796067646,time_avg,0.5704258660249205,0.19935750869708702,27,0.8327761087963679,medium
2,peak_time,15.0,21.86,21.5,14.811966224453236,8.75,35.25,0.9500000000000002,45.05,26.5,44.099999999999994,1.0,1.0,6.859999999999999,6.5,6.5,42.25,0.11588772969583502,0.4600703231768622,0.25189133890578064,0.11588772969583502,0.13255858387298688,0.25189133890578064,0.2881267867000153,time_avg,0.13256470427688344,0.4600703231768622,26,0.7379114053520391,medium
2,peak_height,0.037634458392858505,0.05422428345307708,0.04925382882356644,0.025080680804904897,0.043656643480062485,0.05906284786760807,0.03552946038544178,0.07600372731685637,0.015406204387545586,0.040474266931414586,0.0,1.0,0.016589825060218576,0.011619370430707932,0.011619370430707932,0.00013500976920600982,0.11588772969583502,0.4600703231768622,0.25189133890578064,0.11588772969583502,0.13255858387298688,0.25189133890578064,0.2881267867000153,time_avg,0.13256470427688344,0.4600703231768622,26,0.7379114053520391,medium
2,cumulative_infected,0.4018922733666841,0.6445644196659487,0.4986215073913627,0.6633705879526615,0.4255163330490177,0.6378297960327473,0.32502749030536504,1.3283481135527826,0.21231346298372955,1.0033206232474177,0.0,1.0,0.2426721462992646,0.09672923402467859,0.09672923402467859,0.009356544715001039,0.11588772969583502,0.4600703231768622,0.25189133890578064,0.11588772969583502,0.13255858387298688,0.25189133890578064,0.2881267867000153,time_avg,0.13256470427688344,0.4600703231768622,26,0.7379114053520391,medium
2,early_growth_slope,-0.0016820941597134572,-0.00030258387040486763,-0.0005731433040983526,0.0022075047718564,-0.0018314542823992218,0.0008566139488158072,-0.0033210257647581197,0.003949231575478777,0.002688068231215029,0.007270257340236896,1.0,1.0,0.0013795102893085895,0.0011089508556151044,0.0011089508556151044,1.2297720001694722e-06,0.11588772969583502,0.4600703231768622,0.25189133890578064,0.11588772969583502,0.13255858387298688,0.25189133890578064,0.2881267867000153,time_avg,0.13256470427688344,0.4600703231768622,26,0.7379114053520391,medium
3,peak_time,8.0,9.75,10.0,1.282161999881214,9.0,11.0,8.0,12.0,2.0,4.0,0.0,1.0,1.75,2.0,2.0,4.0,0.7244737545330746,0.3989365571725036,1.8160124498688295,0.7244737545330746,0.8740692285862083,1.8160124498688295,2.1909980744338085,time_avg,0.8764734823496965,0.3989365571725036,28,0.6058592372585563,medium
3,peak_height,0.18917037546634674,0.1850982604920864,0.18249627202749252,0.017554243064503136,0.17260079458355904,0.2007238045334816,0.15927864313125611,0.21367037370800973,0.02812300994992256,0.054391730576753616,1.0,1.0,-0.004072114974260327,-0.0066741034388542175,0.0066741034388542175,4.454365671252569e-05,0.7244737545330746,0.3989365571725036,1.8160124498688295,0.7244737545330746,0.8740692285862083,1.8160124498688295,2.1909980744338085,time_avg,0.8764734823496965,0.3989365571725036,28,0.6058592372585563,medium
3,cumulative_infected,2.2555463798344135,2.145933779899847,2.1478427194342657,0.1651022707609583,2.015896931567113,2.2601890055811964,1.871403633312002,2.3971952911349943,0.24429207401408348,0.5257916578229922,1.0,1.0,-0.10961259993456673,-0.10770366040014778,0.10770366040014778,0.011600078463590362,0.7244737545330746,0.3989365571725036,1.8160124498688295,0.7244737545330746,0.8740692285862083,1.8160124498688295,2.1909980744338085,time_avg,0.8764734823496965,0.3989365571725036,28,0.6058592372585563,medium
3,early_growth_slope,0.018313246222013337,0.016633311732771935,0.01654365203077239,0.0038801233305886342,0.014196263809156204,0.019727903143142433,0.010557341376192023,0.022615637390186915,0.005531639333986229,0.012058296013994892,1.0,1.0,-0.0016799344892414018,-0.001769594191240946,0.001769594191240946,3.131463601673698e-06,0.7244737545330746,0.3989365571725036,1.8160124498688295,0.7244737545330746,0.8740692285862083,1.8160124498688295,2.1909980744338085,time_avg,0.8764734823496965,0.3989365571725036,28,0.6058592372585563,medium
4,peak_time,16.0,21.99,21.0,12.211515512462451,14.0,29.25,3.0,46.05,15.25,43.05,1.0,1.0,5.989999999999998,5.0,5.0,25.0,0.5363719853995543,0.45055085923042926,1.1904804405782585,0.5363719853995543,0.5733575902979744,1.1904804405782585,1.2725701850337323,time_avg,0.6080337044720686,0.45055085923042926,22,0.7895390427447743,medium
4,peak_height,0.07082017511129379,0.06305072402581573,0.05985083617269993,0.01663058083195578,0.05203972291201353,0.07280521094799042,0.04100363869220018,0.09300438575446605,0.020765488035976887,0.05200074706226587,1.0,1.0,-0.007769451085478066,-0.010969338938593864,0.010969338938593864,0.00012032639674975157,0.5363719853995543,0.45055085923042926,1.1904804405782585,0.5363719853995543,0.5733575902979744,1.1904804405782585,1.2725701850337323,time_avg,0.6080337044720686,0.45055085923042926,22,0.7895390427447743,medium
4,cumulative_infected,0.9412479635793716,0.8531503316367526,0.7956980919698253,0.32052908786221757,0.6427748491951206,1.0235792127932655,0.3889308765275928,1.3762015927117317,0.38080436359814485,0.987270716184139,1.0,1.0,-0.08809763194261899,-0.14554987160954624,0.14554987160954624,0.021184765125555397,0.5363719853995543,0.45055085923042926,1.1904804405782585,0.5363719853995543,0.5733575902979744,1.1904804405782585,1.2725701850337323,time_avg,0.6080337044720686,0.45055085923042926,22,0.7895390427447743,medium
4,early_growth_slope,0.005822903651278464,0.0004850438923005558,0.0006573881532642112,0.002463450461529943,-0.0012926123747006141,0.001802385269132044,-0.003926158795504651,0.004832624718047944,0.003094997643832658,0.008758783513552595,0.0,0.0,-0.005337859758977909,-0.005165515498014253,0.005165515498014253,2.6682550360225437e-05,0.5363719853995543,0.45055085923042926,1.1904804405782585,0.5363719853995543,0.5733575902979744,1.1904804405782585,1.2725701850337323,time_avg,0.6080337044720686,0.45055085923042926,22,0.7895390427447743,medium
5,peak_time,9.0,19.97,20.5,14.118871245695432,7.75,30.25,0.9500000000000002,43.0,22.5,42.05,1.0,1.0,10.969999999999999,11.5,11.5,132.25,0.16638453325504063,0.37119618663849296,0.44823879997744187,0.16638453325504063,0.2111891134375314,0.44823879997744187,0.5689420339956455,time_avg,0.21789895491899808,0.37119618663849296,13,0.6805212610792437,medium
5,peak_height,0.042058613151311874,0.05189908416941762,0.04941954091191292,0.01270473684474407,0.043265074491500854,0.05789835285395384,0.036085135862231256,0.07509550526738165,0.014633278362452984,0.039010369405150395,0.0,1.0,0.009840471018105743,0.007360927760601044,0.007360927760601044,5.4183257496787096e-05,0.16638453325504063,0.37119618663849296,0.44823879997744187,0.16638453325504063,0.2111891134375314,0.44823879997744187,0.5689420339956455,time_avg,0.21789895491899808,0.37119618663849296,13,0.6805212610792437,medium
5,cumulative_infected,0.427402382978471,0.5784420558442411,0.5082553941756487,0.24623850887535967,0.41163763023541833,0.6593382191495039,0.3149868681182852,1.0878035012690814,0.24770058891408553,0.7728166331507962,1.0,1.0,0.15103967286577014,0.0808530111971777,0.0808530111971777,0.006537209419650941,0.16638453325504063,0.37119618663849296,0.44823879997744187,0.16638453325504063,0.2111891134375314,0.44823879997744187,0.5689420339956455,time_avg,0.21789895491899808,0.37119618663849296,13,0.6805212610792437,medium
5,early_growth_slope,0.0023753534714203496,-0.0006976647762424117,-0.0005719611016545612,0.00266908891881803,-0.0022387213988029724,0.0009512641729434976,-0.005541783495850502,0.003644066083389977,0.00318998557174647,0.009185849579240478,0.0,1.0,-0.0030730182476627612,-0.002947314573074911,0.002947314573074911,8.686663192659744e-06,0.16638453325504063,0.37119618663849296,0.44823879997744187,0.16638453325504063,0.2111891134375314,0.44823879997744187,0.5689420339956455,time_avg,0.21789895491899808,0.37119618663849296,13,0.6805212610792437,medium
6,peak_time,14.0,15.54,15.0,1.591771771874779,14.0,17.0,13.0,18.0,3.0,5.0,1.0,1.0,1.5399999999999991,1.0,1.0,1.0,0.44146200906865213,0.26288154406981845,1.6793191421281544,0.44146200906865213,0.5163781245322981,1.6793191421281544,1.9642996481911783,time_avg,0.5547981800236328,0.26288154406981845,24,0.607146917994323,medium
6,peak_height,0.22176602482795715,0.18858537539839745,0.187515489757061,0.016428914413341624,0.17771334201097488,0.1984684355556965,0.16226376742124557,0.21685062274336814,0.020755093544721603,0.05458685532212257,0.0,0.0,-0.0331806494295597,-0.03425053507089615,0.03425053507089615,0.001173099152642687,0.44146200906865213,0.26288154406981845,1.6793191421281544,0.44146200906865213,0.5163781245322981,1.6793191421281544,1.9642996481911783,time_avg,0.5547981800236328,0.26288154406981845,24,0.607146917994323,medium
6,cumulative_infected,3.1646738069830462,3.0229222026215576,3.033390401644283,0.17075437175635605,2.9111972427926958,3.125652562790492,2.724099335935898,3.2877142451237886,0.21445531999779632,0.5636149091878906,0.0,1.0,-0.1417516043614886,-0.13128340533876326,0.13128340533876326,0.017235332517342012,0.44146200906865213,0.26288154406981845,1.6793191421281544,0.44146200906865213,0.5163781245322981,1.6793191421281544,1.9642996481911783,time_avg,0.5547981800236328,0.26288154406981845,24,0.607146917994323,medium
6,early_growth_slope,0.007451853764775609,0.0071001436885923044,0.0070924983980755005,0.0022409453923630408,0.005506806408188173,0.008603702317313512,0.003915195485405136,0.011234176284467268,0.003096895909125339,0.007318980799062132,1.0,1.0,-0.0003517100761833043,-0.0003593553667001082,0.0003593553667001082,1.2913627957616923e-07,0.44146200906865213,0.26288154406981845,1.6793191421281544,0.44146200906865213,0.5163781245322981,1.6793191421281544,1.9642996481911783,time_avg,0.5547981800236328,0.26288154406981845,24,0.607146917994323,medium
7,peak_time,31.0,21.13,17.5,14.918400948784253,8.75,34.25,1.0,47.0,25.5,46.0,1.0,1.0,-9.870000000000001,-13.5,13.5,182.25,0.37186219266182036,0.4555254171651098,0.8163368686999855,0.37186219266182036,0.41057521166643346,0.8163368686999855,0.9013222889330373,time_avg,0.420317695592922,0.4555254171651098,26,0.7598269939660971,medium
7,peak_height,0.03867264464497566,0.051013214830309156,0.04814975708723068,0.015855745952071704,0.04248376563191414,0.05518954619765282,0.033739477023482324,0.07594877742230892,0.012705780565738678,0.042209300398826595,0.0,1.0,0.012340570185333494,0.00947711244225502,0.00947711244225502,8.981566024314491e-05,0.37186219266182036,0.4555254171651098,0.8163368686999855,0.37186219266182036,0.41057521166643346,0.8163368686999855,0.9013222889330373,time_avg,0.420317695592922,0.4555254171651098,26,0.7598269939660971,medium
7,cumulative_infected,0.44950378383509815,0.5700154254408574,0.4727380564363557,0.3976379557757389,0.3984781728577218,0.5840193079493474,0.3402770442451583,0.9747030640603034,0.18554113509162562,0.634426019815145,1.0,1.0,0.12051164160575922,0.023234272601257544,0.023234272601257544,0.000539831423309547,0.37186219266182036,0.4555254171651098,0.8163368686999855,0.37186219266182036,0.41057521166643346,0.8163368686999855,0.9013222889330373,time_avg,0.420317695592922,0.4555254171651098,26,0.7598269939660971,medium
7,early_growth_slope,0.0012040385710341594,-0.0005071741096308604,-0.0004954684284582199,0.0024542191975015096,-0.0022226606282250328,0.001099366301094137,-0.004057172773173078,0.0038101229080764036,0.00332202692931917,0.007867295681249482,0.0,1.0,-0.0017112126806650197,-0.0016995069994923792,0.0016995069994923792,2.8883240413235897e-06,0.37186219266182036,0.4555254171651098,0.8163368686999855,0.37186219266182036,0.41057521166643346,0.8163368686999855,0.9013222889330373,time_avg,0.420317695592922,0.4555254171651098,26,0.7598269939660971,medium
8,peak_time,19.0,24.26,24.0,16.061510552003547,9.75,38.25,0.9500000000000002,48.0,28.5,47.05,1.0,1.0,5.260000000000002,5.0,5.0,25.0,0.31798101218175745,0.4071236940829213,0.7810427563004779,0.31798101218175745,0.35402993548100375,0.7810427563004779,0.8695881390015496,time_avg,0.3650678070283543,0.4071236940829213,23,0.7611463773148697,medium
8,peak_height,0.045063868165016174,0.05334984231740236,0.048418404534459114,0.020319149376170468,0.04198042117059231,0.05780801270157099,0.034536209888756275,0.08145632557570934,0.01582759153097868,0.04692011568695306,1.0,1.0,0.008285974152386189,0.0033545363694429398,0.0033545363694429398,1.125291425391542e-05,0.31798101218175745,0.4071236940829213,0.7810427563004779,0.31798101218175745,0.35402993548100375,0.7810427563004779,0.8695881390015496,time_avg,0.3650678070283543,0.4071236940829213,23,0.7611463773148697,medium
8,cumulative_infected,0.4740538213518448,0.6521417295539641,0.47545340833312366,0.563818933681952,0.40535049110349064,0.639417273502545,0.3533016027386111,1.4054951483500189,0.23406678239905432,1.0521935456114078,1.0,1.0,0.17808790820211928,0.0013995869812788442,0.0013995869812788442,1.9588437181652275e-06,0.31798101218175745,0.4071236940829213,0.7810427563004779,0.31798101218175745,0.35402993548100375,0.7810427563004779,0.8695881390015496,time_avg,0.3650678070283543,0.4071236940829213,23,0.7611463773148697,medium
8,early_growth_slope,-0.0020422626638762825,-0.00018110871370264999,-0.00028088396495496294,0.002358555251477382,-0.0018325185200886876,0.0017846452350827994,-0.003694259420236836,0.0035049737627906273,0.003617163755171487,0.007199233183027463,0.0,1.0,0.0018611539501736324,0.0017613786989213195,0.0017613786989213195,3.1024549210137603e-06,0.31798101218175745,0.4071236940829213,0.7810427563004779,0.31798101218175745,0.35402993548100375,0.7810427563004779,0.8695881390015496,time_avg,0.3650678070283543,0.4071236940829213,23,0.7611463773148697,medium
9,peak_time,15.0,13.74,14.0,3.1738196724343544,12.0,15.0,8.95,19.049999999999997,3.0,10.099999999999998,1.0,1.0,-1.2599999999999998,-1.0,1.0,1.0,0.6366363841421508,0.49438448963967485,1.287735350690622,0.6366363841421508,0.7198716844684708,1.287735350690622,1.4560968225219588,time_avg,0.7299880611509427,0.49438448963967485,28,0.7093611339914244,medium
9,peak_height,0.1052829846739769,0.10176857732236386,0.10247171297669411,0.014988915719181335,0.09093416854739189,0.11272612027823925,0.07727172635495663,0.12351044490933419,0.02179195173084736,0.046238718554377556,1.0,1.0,-0.0035144073516130414,-0.002811271697282791,0.002811271697282791,7.903248555943265e-06,0.6366363841421508,0.49438448963967485,1.287735350690622,0.6366363841421508,0.7198716844684708,1.287735350690622,1.4560968225219588,time_avg,0.7299880611509427,0.49438448963967485,28,0.7093611339914244,medium
9,cumulative_infected,1.5281571138184518,1.4725312574111695,1.4630678141402313,0.1640994691652313,1.3733767828525743,1.580226641286572,1.187165820330847,1.7633195723581594,0.20684985843399772,0.5761537520273123,1.0,1.0,-0.05562585640728224,-0.06508929967822041,0.06508929967822041,0.004236616932601184,0.6366363841421508,0.49438448963967485,1.287735350690622,0.6366363841421508,0.7198716844684708,1.287735350690622,1.4560968225219588,time_avg,0.7299880611509427,0.49438448963967485,28,0.7093611339914244,medium
9,early_growth_slope,0.005658676759118126,0.004857469287340963,0.0050347449113836585,0.0029324016235173357,0.0030930528217660534,0.006503927324610273,0.00039204802292044526,0.009001124874200846,0.0034108745028442198,0.0086090768512804,1.0,1.0,-0.0008012074717771624,-0.0006239318477344671,0.0006239318477344671,3.8929095061734627e-07,0.6366363841421508,0.49438448963967485,1.287735350690622,0.6366363841421508,0.7198716844684708,1.287735350690622,1.4560968225219588,time_avg,0.7299880611509427,0.49438448963967485,28,0.7093611339914244,medium
10,peak_time,10.0,8.49,8.0,0.8347866115772862,8.0,9.0,7.0,10.0,1.0,3.0,0.0,1.0,-1.5099999999999998,-2.0,2.0,4.0,0.7057297576712247,0.23837948620855742,2.960530576250106,0.7057297576712247,0.882170929060198,2.960530576250106,3.7006998508604454,time_avg,0.9472898215410569,0.23837948620855742,15,0.6357125373025289,medium
10,peak_height,0.3933405876159668,0.3971154537796974,0.3979072719812393,0.02525186867926693,0.38224706798791885,0.41389862447977066,0.35828674733638766,0.432496552169323,0.03165155649185181,0.07420980483293532,1.0,1.0,0.003774866163730628,0.004566684365272522,0.004566684365272522,2.0854606092024497e-05,0.7057297576712247,0.23837948620855742,2.960530576250106,0.7057297576712247,0.882170929060198,2.960530576250106,3.7006998508604454,time_avg,0.9472898215410569,0.23837948620855742,15,0.6357125373025289,medium
10,cumulative_infected,4.260547424550168,4.209847700617458,4.20694944812567,0.21075338742002386,4.052624724747147,4.3461411891985335,3.876005869303481,4.543840668298071,0.2935164644513861,0.6678347989945905,1.0,1.0,-0.05069972393271005,-0.053597976424498484,0.053597976424498484,0.002872743076801095,0.7057297576712247,0.23837948620855742,2.960530576250106,0.7057297576712247,0.882170929060198,2.960530576250106,3.7006998508604454,time_avg,0.9472898215410569,0.23837948620855742,15,0.6357125373025289,medium
10,early_growth_slope,0.05189903193552579,0.049920601471943264,0.05079466373925762,0.006927724440704399,0.04721484851047751,0.054140081401869995,0.03758129650349949,0.05892699815982873,0.006925232891392484,0.021345701656329236,1.0,1.0,-0.001978430463582523,-0.0011043681962681698,0.0011043681962681698,1.2196291129286108e-06,0.7057297576712247,0.23837948620855742,2.960530576250106,0.7057297576712247,0.882170929060198,2.960530576250106,3.7006998508604454,time_avg,0.9472898215410569,0.23837948620855742,15,0.6357125373025289,medium
11,peak_time,15.0,14.39,14.0,1.2862520921049825,13.0,15.0,12.0,16.0,2.0,4.0,1.0,1.0,-0.6099999999999994,-1.0,1.0,1.0,0.5043128238017798,0.18982086001376658,2.6567829466435087,0.5043128238017798,0.5319669301799791,2.6567829466435087,2.8024682331615116,time_avg,0.5510929229146162,0.18982086001376658,23,0.8428036188275616,medium
11,peak_height,0.32682010531425476,0.30963114932179453,0.30722641944885254,0.016355233219547235,0.2997516319155693,0.3202162906527519,0.28622118532657626,0.33730417788028716,0.020464658737182617,0.051082992553710904,0.0,1.0,-0.01718895599246023,-0.01959368586540222,0.01959368586540222,0.0003839125257920628,0.5043128238017798,0.18982086001376658,2.6567829466435087,0.5043128238017798,0.5319669301799791,2.6567829466435087,2.8024682331615116,time_avg,0.5510929229146162,0.18982086001376658,23,0.8428036188275616,medium
11,cumulative_infected,5.058528550143819,4.96974832593085,4.955504367593676,0.20938003368571065,4.83156719174076,5.121569878756418,4.663344019331271,5.336249045882141,0.290002687015658,0.67290502655087,1.0,1.0,-0.08878022421296894,-0.10302418255014345,0.10302418255014345,0.010613982190125283,0.5043128238017798,0.18982086001376658,2.6567829466435087,0.5043128238017798,0.5319669301799791,2.6567829466435087,2.8024682331615116,time_avg,0.5510929229146162,0.18982086001376658,23,0.8428036188275616,medium
11,early_growth_slope,0.01682371951063119,0.012429710375619742,0.012372356994698441,0.00332631856915207,0.009884088250276233,0.014744433090007595,0.007176839661717948,0.017755978929788047,0.004860344839731362,0.010579139268070099,0.0,1.0,-0.004394009135011449,-0.00445136251593275,0.00445136251593275,1.9814628248251142e-05,0.5043128238017798,0.18982086001376658,2.6567829466435087,0.5043128238017798,0.5319669301799791,2.6567829466435087,2.8024682331615116,time_avg,0.5510929229146162,0.18982086001376658,23,0.8428036188275616,medium
12,peak_time,37.0,40.4,41.0,4.623173950192376,37.0,44.0,34.0,48.0,7.0,14.0,1.0,1.0,3.3999999999999986,4.0,4.0,16.0,0.14355803793490407,0.06716894073547608,2.1372681534500093,0.14355803793490407,0.12998399317290554,2.1372681534500093,1.9351800363326699,time_avg,0.16420260212156723,0.06716894073547608,30,0.6856845762502141,medium
12,peak_height,0.18019430339336395,0.2423429065197706,0.24698751419782639,0.06028830821388348,0.19852668792009354,0.2967490553855896,0.14097318425774574,0.32712268531322475,0.09822236746549606,0.186149501055479,0.0,1.0,0.06214860312640666,0.06679321080446243,0.06679321080446243,0.004461333009569357,0.14355803793490407,0.06716894073547608,2.1372681534500093,0.14355803793490407,0.12998399317290554,2.1372681534500093,1.9351800363326699,time_avg,0.16420260212156723,0.06716894073547608,30,0.6856845762502141,medium
12,cumulative_infected,4.4263198506087065,5.852579259480553,5.839842964545824,1.562348579853878,4.834038947388763,7.115902249352075,3.0133643993642183,8.157530621485785,2.2818633019633126,5.144166222121567,0.0,1.0,1.4262594088718465,1.4135231139371172,1.4135231139371172,1.9980475936344844,0.14355803793490407,0.06716894073547608,2.1372681534500093,0.14355803793490407,0.12998399317290554,2.1372681534500093,1.9351800363326699,time_avg,0.16420260212156723,0.06716894073547608,30,0.6856845762502141,medium
12,early_growth_slope,0.003769969490046303,0.0017743693096209814,0.0021294092293828717,0.002614052607299519,6.158980319188949e-06,0.003353642446676356,-0.002329869223536833,0.005027727728399135,0.003347483466357167,0.0073575969519359685,0.0,1.0,-0.0019956001804253215,-0.0016405602606634315,0.0016405602606634315,2.6914379688680663e-06,0.14355803793490407,0.06716894073547608,2.1372681534500093,0.14355803793490407,0.12998399317290554,2.1372681534500093,1.9351800363326699,time_avg,0.16420260212156723,0.06716894073547608,30,0.6856845762502141,medium
13,peak_time,46.0,35.57,36.0,4.495238783109493,32.0,38.0,28.95,43.05,6.0,14.099999999999998,0.0,0.0,-10.43,-10.0,10.0,100.0,0.15252787378016136,0.08061596621682687,1.8920305857268804,0.15252787378016136,0.13819852110072564,1.8920305857268804,1.7142822642480422,time_avg,0.19105383158896616,0.08061596621682687,20,0.6639170795617289,medium
13,peak_height,0.1505000740289688,0.19391093850135804,0.19649871438741684,0.04881854787418005,0.16140064224600792,0.22374536097049713,0.11580725386738777,0.2720483750104904,0.06234471872448921,0.15624112114310262,0.0,1.0,0.04341086447238923,0.04599864035844803,0.04599864035844803,0.0021158749148258438,0.15252787378016136,0.08061596621682687,1.8920305857268804,0.15252787378016136,0.13819852110072564,1.8920305857268804,1.7142822642480422,time_avg,0.19105383158896616,0.08061596621682687,20,0.6639170795617289,medium
13,cumulative_infected,3.674999702721834,4.832419974040313,4.881113242823631,1.304606603012535,4.0867668045684695,5.686848171160818,2.8737738186842763,6.644682468078099,1.6000813665923488,3.770908649393823,0.0,1.0,1.157420271318479,1.2061135401017964,1.2061135401017964,1.4547098716168876,0.15252787378016136,0.08061596621682687,1.8920305857268804,0.15252787378016136,0.13819852110072564,1.8920305857268804,1.7142822642480422,time_avg,0.19105383158896616,0.08061596621682687,20,0.6639170795617289,medium
13,early_growth_slope,0.00271531402887333,0.0014353403831003,0.0017117362987760113,0.002365583681937744,-9.794865867921194e-05,0.003101601698983272,-0.0023452440257685898,0.004753064768876699,0.003199550357662484,0.007098308794645288,1.0,1.0,-0.0012799736457730299,-0.0010035777300973186,0.0010035777300973186,1.0071682603472864e-06,0.15252787378016136,0.08061596621682687,1.8920305857268804,0.15252787378016136,0.13819852110072564,1.8920305857268804,1.7142822642480422,time_avg,0.19105383158896616,0.08061596621682687,20,0.6639170795617289,medium
14,peak_time,14.0,12.93,13.0,1.0274514906585934,12.0,14.0,11.0,14.049999999999997,2.0,3.049999999999997,1.0,1.0,-1.0700000000000003,-1.0,1.0,1.0,0.540881561382793,0.06533992855498873,8.277963771074502,0.540881561382793,0.5331851683404849,8.277963771074502,8.160173727336836,time_avg,0.6232517652903978,0.06533992855498873,10,0.8347974917703896,medium
14,peak_height,0.6593053936958313,0.6649018317461014,0.6630801856517792,0.023686817948751784,0.6507768630981445,0.6765290647745132,0.6304896235466003,0.7078298836946487,0.025752201676368713,0.0773402601480484,1.0,1.0,0.005596438050270103,0.003774791955947876,0.003774791955947876,1.4249054310688791e-05,0.540881561382793,0.06533992855498873,8.277963771074502,0.540881561382793,0.5331851683404849,8.277963771074502,8.160173727336836,time_avg,0.6232517652903978,0.06533992855498873,10,0.8347974917703896,medium
14,cumulative_infected,14.077087009325624,14.108280463018746,14.148475670604967,0.7331238054924386,13.79893756704405,14.602365334401838,12.899823420635949,15.218867348507047,0.803427767357789,2.319043927871098,1.0,1.0,0.03119345369312221,0.07138866127934307,0.07138866127934307,0.005096340959256776,0.540881561382793,0.06533992855498873,8.277963771074502,0.540881561382793,0.5331851683404849,8.277963771074502,8.160173727336836,time_avg,0.6232517652903978,0.06533992855498873,10,0.8347974917703896,medium
14,early_growth_slope,0.04148381367503177,0.03778184797279772,0.037717543509123576,0.005103684562183217,0.03457546554272993,0.04087459036548222,0.029318315367813083,0.04704073604273919,0.006299124822752293,0.017722420674926104,0.0,1.0,-0.00370196570223405,-0.003766270165908192,0.003766270165908192,1.4184790962610121e-05,0.540881561382793,0.06533992855498873,8.277963771074502,0.540881561382793,0.5331851683404849,8.277963771074502,8.160173727336836,time_avg,0.6232517652903978,0.06533992855498873,10,0.8347974917703896,medium
15,peak_time,8.0,8.89,9.0,0.9308950835436057,8.0,9.0,8.0,10.0,1.0,2.0,1.0,1.0,0.8900000000000006,1.0,1.0,1.0,0.8181208669205793,0.28836670675614245,2.837085030112106,0.8181208669205793,0.9113247364738031,2.837085030112106,3.1602980341432607,time_avg,0.913956139374223,0.28836670675614245,26,0.7815466092842691,medium
15,peak_height,0.3471231758594513,0.32633369326591494,0.3235950767993927,0.021216117436932993,0.30872031301259995,0.3401055335998535,0.29539583027362826,0.359135676920414,0.03138522058725357,0.06373984664678572,0.0,1.0,-0.020789482593536357,-0.023528099060058594,0.023528099060058594,0.0005535714453799301,0.8181208669205793,0.28836670675614245,2.837085030112106,0.8181208669205793,0.9113247364738031,2.837085030112106,3.1602980341432607,time_avg,0.913956139374223,0.28836670675614245,26,0.7815466092842691,medium
15,cumulative_infected,3.479189909528941,3.386340789354441,3.3827661157483817,0.2017799109512986,3.247440724109765,3.519978106894996,3.0510990588809364,3.7077179223531855,0.2725373827852309,0.6566188634722492,1.0,1.0,-0.09284912017449987,-0.09642379378055921,0.09642379378055921,0.009297548007035809,0.8181208669205793,0.28836670675614245,2.837085030112106,0.8181208669205793,0.9113247364738031,2.837085030112106,3.1602980341432607,time_avg,0.913956139374223,0.28836670675614245,26,0.7815466092842691,medium
15,early_growth_slope,0.041824241179884175,0.03700920553841916,0.03682606882371362,0.004663317600123664,0.03439288161739351,0.04017886248905034,0.029643641703296447,0.044915085374045045,0.005785980871656826,0.015271443670748598,0.0,1.0,-0.004815035641465015,-0.0049981723561705535,0.0049981723561705535,2.4981726901987502e-05,0.8181208669205793,0.28836670675614245,2.837085030112106,0.8181208669205793,0.9113247364738031,2.837085030112106,3.1602980341432607,time_avg,0.913956139374223,0.28836670675614245,26,0.7815466092842691,medium
16,peak_time,8.0,9.16,9.0,0.7483314773547881,9.0,10.0,8.0,10.0,1.0,2.0,0.0,1.0,1.1600000000000001,1.0,1.0,1.0,0.761596602641214,0.2314239913615988,3.2909146461449765,0.761596602641214,0.8821712523043241,3.2909146461449765,3.8119265298036282,time_avg,0.88644438272607,0.2314239913615988,28,0.679906646973483,medium
16,peak_height,0.43284666538238525,0.38639913201332093,0.3829113245010376,0.02383370804361527,0.3713337257504463,0.39933785051107407,0.35777715146541594,0.42648491114377973,0.028004124760627747,0.06870775967836379,0.0,0.0,-0.04644753336906432,-0.049935340881347656,0.049935340881347656,0.0024935382689363905,0.761596602641214,0.2314239913615988,3.2909146461449765,0.761596602641214,0.8821712523043241,3.2909146461449765,3.8119265298036282,time_avg,0.88644438272607,0.2314239913615988,28,0.679906646973483,medium
16,cumulative_infected,4.473095134628238,4.360009196424115,4.342266148887575,0.21101896282412694,4.240411970560672,4.458954060852193,4.083383661364496,4.730933625850594,0.21854209029152116,0.6475499644860978,0.0,1.0,-0.11308593820412316,-0.13082898574066348,0.13082898574066348,0.01711622350993073,0.761596602641214,0.2314239913615988,3.2909146461449765,0.761596602641214,0.8821712523043241,3.2909146461449765,3.8119265298036282,time_avg,0.88644438272607,0.2314239913615988,28,0.679906646973483,medium
16,early_growth_slope,0.04607786337978072,0.04320653347323469,0.04406615558383192,0.005287963765533279,0.0395721179444254,0.04674501161900392,0.03378665537318391,0.051784662842363174,0.007172893674578518,0.01799800746917926,1.0,1.0,-0.0028713299065460246,-0.0020117077959487945,0.0020117077959487945,4.046968256281156e-06,0.761596602641214,0.2314239913615988,3.2909146461449765,0.761596602641214,0.8821712523043241,3.2909146461449765,3.8119265298036282,time_avg,0.88644438272607,0.2314239913615988,28,0.679906646973483,medium
17,peak_time,11.0,9.69,10.0,0.7745314647572362,9.0,10.0,9.0,11.0,1.0,2.0,0.0,1.0,-1.3100000000000005,-1.0,1.0,1.0,0.6609570926568087,0.07263987527929502,9.099094541606478,0.6609570926568087,0.7384372863703252,9.099094541606478,10.165728995694,time_avg,0.838220185145072,0.07263987527929502,21,0.6353869461177517,medium
17,peak_height,0.7040202617645264,0.710120535492897,0.7087170481681824,0.022116375809051562,0.6962941884994507,0.7257403433322906,0.6734030038118363,0.7482653200626374,0.029446154832839966,0.07486231625080109,1.0,1.0,0.006100273728370631,0.004696786403656006,0.004696786403656006,2.2059802521567917e-05,0.6609570926568087,0.07263987527929502,9.099094541606478,0.6609570926568087,0.7384372863703252,9.099094541606478,10.165728995694,time_avg,0.838220185145072,0.07263987527929502,21,0.6353869461177517,medium
17,cumulative_infected,12.991754926319118,13.292962995743146,13.24505953118205,0.6642152351045937,12.930490909842774,13.77300383526017,12.301764122699387,14.507679187040775,0.8425129254173953,2.2059150643413883,1.0,1.0,0.3012080694240282,0.25330460486293305,0.25330460486293305,0.06416322284476664,0.6609570926568087,0.07263987527929502,9.099094541606478,0.6609570926568087,0.7384372863703252,9.099094541606478,10.165728995694,time_avg,0.838220185145072,0.07263987527929502,21,0.6353869461177517,medium
17,early_growth_slope,0.08821733017109742,0.07982748895060335,0.07997076710065204,0.007734361976720488,0.07444668943727653,0.08578697535198268,0.06524563777160697,0.09376461853833114,0.01134028591470615,0.02851898076672417,0.0,1.0,-0.008389841220494076,-0.008246563070445384,0.008246563070445384,6.80058024748336e-05,0.6609570926568087,0.07263987527929502,9.099094541606478,0.6609570926568087,0.7384372863703252,9.099094541606478,10.165728995694,time_avg,0.838220185145072,0.07263987527929502,21,0.6353869461177517,medium
18,peak_time,21.0,26.22,26.5,9.838678567754714,20.75,31.0,9.0,44.0,10.25,35.0,1.0,1.0,5.219999999999999,5.5,5.5,30.25,0.17177446384736578,0.1360175458577101,1.2628845989256527,0.17177446384736578,0.16565881471212499,1.2628845989256527,1.2179223913172428,time_avg,0.2126578314981165,0.1360175458577101,17,0.7087128369355162,medium
18,peak_height,0.06480765342712402,0.0779813876748085,0.06912638619542122,0.03258372719149494,0.05788159277290106,0.08938286267220974,0.04667786546051502,0.1376038186252117,0.03150126989930868,0.09092595316469668,1.0,1.0,0.013173734247684477,0.0043187327682971954,0.0043187327682971954,1.8651452723963957e-05,0.17177446384736578,0.1360175458577101,1.2628845989256527,0.17177446384736578,0.16565881471212499,1.2628845989256527,1.2179223913172428,time_avg,0.2126578314981165,0.1360175458577101,17,0.7087128369355162,medium
18,cumulative_infected,1.40291189821437,1.405603296333875,1.2072410616201523,0.8245012927304058,0.8112420392862987,1.7550906951655634,0.5372365237097256,3.1978472629300083,0.9438486558792647,2.6606107392202825,1.0,1.0,0.0026913981195049175,-0.1956708365942177,0.1956708365942177,0.03828707629348104,0.17177446384736578,0.1360175458577101,1.2628845989256527,0.17177446384736578,0.16565881471212499,1.2628845989256527,1.2179223913172428,time_avg,0.2126578314981165,0.1360175458577101,17,0.7087128369355162,medium
18,early_growth_slope,-0.0026633578762855553,0.0006839983920131744,0.0008087797836023613,0.0026708785933992605,-0.001311367433767632,0.0023904626806532697,-0.003297510761850778,0.004589428855160802,0.0037018301144209017,0.00788693961701158,0.0,1.0,0.0033473562682987297,0.0034721376598879166,0.0034721376598879166,1.2055739929211937e-05,0.17177446384736578,0.1360175458577101,1.2628845989256527,0.17177446384736578,0.16565881471212499,1.2628845989256527,1.2179223913172428,time_avg,0.2126578314981165,0.1360175458577101,17,0.7087128369355162,medium
19,peak_time,15.0,18.84,18.5,9.575558110695853,12.0,24.25,4.9,37.0,12.25,32.1,1.0,1.0,3.84,3.5,3.5,12.25,0.28723248150394004,0.2659369063978252,1.0800775469436272,0.28723248150394004,0.30388739012272387,1.0800775469436272,1.1427048401778694,time_avg,0.3622948668353909,0.2659369063978252,24,0.6015655913568141,medium
19,peak_height,0.08027580380439758,0.06639274474233389,0.06490125507116318,0.014062316995817618,0.057563550770282745,0.07185469381511211,0.047702135518193245,0.09128402397036552,0.014291143044829369,0.04358188845217227,0.0,1.0,-0.01388305906206369,-0.015374548733234406,0.015374548733234406,0.00023637674875059966,0.28723248150394004,0.2659369063978252,1.0800775469436272,0.28723248150394004,0.30388739012272387,1.0800775469436272,1.1427048401778694,time_avg,0.3622948668353909,0.2659369063978252,24,0.6015655913568141,medium
19,cumulative_infected,1.2313390010385774,1.0005061941069562,0.9389390127034858,0.33438090404335424,0.8154619875713252,1.157878684985917,0.5254181933601558,1.6324579213833201,0.3424166974145919,1.1070397280231643,0.0,1.0,-0.23083280693162123,-0.2923999883350916,0.2923999883350916,0.08549775317836171,0.28723248150394004,0.2659369063978252,1.0800775469436272,0.28723248150394004,0.30388739012272387,1.0800775469436272,1.1427048401778694,time_avg,0.3622948668353909,0.2659369063978252,24,0.6015655913568141,medium
19,early_growth_slope,0.0028226766569007717,0.000919159209410109,0.0010677460193706098,0.002650064163898128,-0.0006725107946078332,0.0027762710219359993,-0.003602173828542053,0.005366510426115597,0.0034487818165438323,0.00896868425465765,0.0,1.0,-0.0019035174474906628,-0.001754930637530162,0.001754930637530162,3.0797815425420205e-06,0.28723248150394004,0.2659369063978252,1.0800775469436272,0.28723248150394004,0.30388739012272387,1.0800775469436272,1.1427048401778694,time_avg,0.3622948668353909,0.2659369063978252,24,0.6015655913568141,medium
20,peak_time,13.0,11.98,11.5,2.4617477572249395,10.0,13.25,8.0,16.049999999999997,3.25,8.049999999999997,1.0,1.0,-1.0199999999999996,-1.5,1.5,2.25,0.6427242265122733,0.45798545239509403,1.4033725812710078,0.6427242265122733,0.6817723728382119,1.4033725812710078,1.488633250844094,time_avg,0.757582245654678,0.45798545239509403,13,0.7951198826637,medium
20,peak_height,0.13661961257457733,0.1208181682229042,0.12161516770720482,0.01655627935488169,0.10959640890359879,0.13286008313298225,0.09321944564580917,0.14444631338119507,0.02326367422938347,0.0512268677353859,0.0,1.0,-0.015801444351673133,-0.015004444867372513,0.015004444867372513,0.00022513336577802134,0.6427242265122733,0.45798545239509403,1.4033725812710078,0.6427242265122733,0.6817723728382119,1.4033725812710078,1.488633250844094,time_avg,0.757582245654678,0.45798545239509403,13,0.7951198826637,medium
20,cumulative_infected,1.641474457581353,1.6036805486948742,1.6057652961026179,0.1733403283168336,1.4891250037762802,1.7002503526964574,1.3195608985039144,1.88166063478493,0.2111253489201772,0.5620997362810156,1.0,1.0,-0.03779390888647871,-0.03570916147873504,0.03570916147873504,0.0012751442135143746,0.6427242265122733,0.45798545239509403,1.4033725812710078,0.6427242265122733,0.6817723728382119,1.4033725812710078,1.488633250844094,time_avg,0.757582245654678,0.45798545239509403,13,0.7951198826637,medium
20,early_growth_slope,0.003959594150295568,0.007253266642735632,0.007307814468818138,0.003267387028843459,0.005339640089091734,0.009258501353629288,0.0023776690076504447,0.01265362876029463,0.003918861264537554,0.010275959752644184,0.0,1.0,0.0032936724924400636,0.00334822031852257,0.00334822031852257,1.121057930136738e-05,0.6427242265122733,0.45798545239509403,1.4033725812710078,0.6427242265122733,0.6817723728382119,1.4033725812710078,1.488633250844094,time_avg,0.757582245654678,0.45798545239509403,13,0.7951198826637,medium
21,peak_time,23.0,20.12,19.0,9.883441922853812,13.0,25.0,5.95,41.0,12.0,35.05,1.0,1.0,-2.879999999999999,-4.0,4.0,16.0,0.4774692804543113,0.40622173373448467,1.1753907799684484,0.4774692804543113,0.5061999013963312,1.1753907799684484,1.2461172294813612,time_avg,0.5551993028177133,0.40622173373448467,20,0.7666603026789615,medium
21,peak_height,0.08188601583242416,0.0684897156432271,0.06662889197468758,0.015191780848713605,0.05808124877512455,0.0787466112524271,0.04658224433660507,0.09735956899821759,0.02066536247730255,0.05077732466161251,0.0,1.0,-0.01339630018919706,-0.015257123857736588,0.015257123857736588,0.00023277982841031497,0.4774692804543113,0.40622173373448467,1.1753907799684484,0.4774692804543113,0.5061999013963312,1.1753907799684484,1.2461172294813612,time_avg,0.5551993028177133,0.40622173373448467,20,0.7666603026789615,medium
21,cumulative_infected,1.23833212768659,1.0386967312566115,1.0242732213519048,0.30896541779693587,0.8640844434848987,1.1968953193136258,0.5739428295968082,1.61664434907143,0.33281087582872715,1.0427015194746216,0.0,1.0,-0.1996353964299784,-0.21405890633468516,0.21405890633468516,0.04582121538120151,0.4774692804543113,0.40622173373448467,1.1753907799684484,0.4774692804543113,0.5061999013963312,1.1753907799684484,1.2461172294813612,time_avg,0.5551993028177133,0.40622173373448467,20,0.7666603026789615,medium
21,early_growth_slope,-0.0008152542591449743,0.000910543374903639,0.000772305859191831,0.0026093914271932196,-0.0010159301164094357,0.00266197112761715,-0.0033461897065752122,0.005181963913699811,0.0036779012440265853,0.008528153620275022,1.0,1.0,0.0017257976340486134,0.0015875601183368052,0.0015875601183368052,2.520347129333571e-06,0.4774692804543113,0.40622173373448467,1.1753907799684484,0.4774692804543113,0.5061999013963312,1.1753907799684484,1.2461172294813612,time_avg,0.5551993028177133,0.40622173373448467,20,0.7666603026789615,medium
22,peak_time,5.0,19.77,19.0,15.843843401693091,4.0,31.0,0.0,47.0,27.0,47.0,1.0,1.0,14.77,14.0,14.0,196.0,0.11123888655362046,0.48611407769724624,0.22883288441381136,0.11123888655362046,0.15310777567632233,0.22883288441381136,0.31496264498572796,time_avg,0.15483385448112277,0.48611407769724624,10,0.6480504209367098,medium
22,peak_height,0.04550870880484581,0.05346350461244583,0.050156354904174805,0.014193736860748088,0.044150290079414845,0.058995707891881466,0.03819389250129461,0.08345083110034465,0.014845417812466621,0.04525693859905004,1.0,1.0,0.007954795807600022,0.004647646099328995,0.004647646099328995,2.160061426460802e-05,0.11123888655362046,0.48611407769724624,0.22883288441381136,0.11123888655362046,0.15310777567632233,0.22883288441381136,0.31496264498572796,time_avg,0.15483385448112277,0.48611407769724624,10,0.6480504209367098,medium
22,cumulative_infected,0.35664383927360177,0.6019621003286193,0.4754763087257743,0.37155650594911643,0.40239710672176443,0.6061330369557254,0.33390084007260157,1.2834663387999166,0.20373593023396097,0.949565498727315,0.0,1.0,0.24531826105501753,0.11883246945217252,0.11883246945217252,0.014121155796101514,0.11123888655362046,0.48611407769724624,0.22883288441381136,0.11123888655362046,0.15310777567632233,0.22883288441381136,0.31496264498572796,time_avg,0.15483385448112277,0.48611407769724624,10,0.6480504209367098,medium
22,early_growth_slope,-0.001959796085776316,-0.00044543936689781953,-0.00040274176336381327,0.0025421744550648342,-0.002051023712976443,0.0007991078954156759,-0.004438230670556161,0.003942622335550064,0.002850131608392119,0.008380853006106226,1.0,1.0,0.0015143567188784963,0.0015570543224125027,0.0015570543224125027,2.424418162943458e-06,0.11123888655362046,0.48611407769724624,0.22883288441381136,0.11123888655362046,0.15310777567632233,0.22883288441381136,0.31496264498572796,time_avg,0.15483385448112277,0.48611407769724624,10,0.6480504209367098,medium
23,peak_time,21.0,17.38,16.0,8.338519598280566,12.0,21.0,6.0,32.249999999999986,9.0,26.249999999999986,1.0,1.0,-3.620000000000001,-5.0,5.0,25.0,0.47939185890218383,0.3939358620723191,1.2169287060597103,0.47939185890218383,0.4931489792048512,1.2169287060597103,1.2518509399236122,time_avg,0.5905764858336026,0.3939358620723191,12,0.7522834632581594,medium
23,peak_height,0.08275720477104187,0.0751238241419196,0.07396156713366508,0.018013970862463664,0.06121407635509968,0.08893715962767601,0.04609428662806749,0.1037814900279045,0.027723083272576332,0.05768720339983701,1.0,1.0,-0.007633380629122263,-0.008795637637376785,0.008795637637376785,7.736324144803908e-05,0.47939185890218383,0.3939358620723191,1.2169287060597103,0.47939185890218383,0.4931489792048512,1.2169287060597103,1.2518509399236122,time_avg,0.5905764858336026,0.3939358620723191,12,0.7522834632581594,medium
23,cumulative_infected,1.087664589463202,1.1069858184956,1.1421819987008348,0.3070892715380707,0.9259930697990058,1.3076435087277787,0.5936901990324259,1.4886416026754887,0.38165043892877293,0.8949514036430628,1.0,1.0,0.01932122903239808,0.05451740923763282,0.05451740923763282,0.002972147909983532,0.47939185890218383,0.3939358620723191,1.2169287060597103,0.47939185890218383,0.4931489792048512,1.2169287060597103,1.2518509399236122,time_avg,0.5905764858336026,0.3939358620723191,12,0.7522834632581594,medium
23,early_growth_slope,0.0029419223179242434,0.0015427825527283515,0.001572587140669514,0.0030986697083876537,-0.00013863852169985612,0.003834456143349165,-0.0034612141916849862,0.006225184728169722,0.003973094665049021,0.009686398919854709,1.0,1.0,-0.0013991397651958919,-0.0013693351772547293,0.0013693351772547293,1.875078827667241e-06,0.47939185890218383,0.3939358620723191,1.2169287060597103,0.47939185890218383,0.4931489792048512,1.2169287060597103,1.2518509399236122,time_avg,0.5905764858336026,0.3939358620723191,12,0.7522834632581594,medium
24,peak_time,37.0,24.8,25.0,15.26268308488042,12.0,37.0,0.9500000000000002,48.0,25.0,47.05,1.0,1.0,-12.2,-12.0,12.0,144.0,0.2770776627926408,0.43935215307256603,0.6306505177109647,0.2770776627926408,0.34946159370621893,0.6306505177109647,0.7954020283326113,time_avg,0.3625024604645344,0.43935215307256603,18,0.6317921644137573,medium
24,peak_height,0.04208808019757271,0.053078894484788176,0.049777474254369736,0.02042629269976312,0.04279131907969713,0.056172593496739864,0.034934711456298825,0.0808131009340286,0.013381274417042732,0.04587838947772978,0.0,1.0,0.010990814287215468,0.007689394056797028,0.007689394056797028,5.912678096070545e-05,0.2770776627926408,0.43935215307256603,0.6306505177109647,0.2770776627926408,0.34946159370621893,0.6306505177109647,0.7954020283326113,time_avg,0.3625024604645344,0.43935215307256603,18,0.6317921644137573,medium
24,cumulative_infected,0.431415292667225,0.6307279264976295,0.4699084659514483,0.5510705137549851,0.3926504988430679,0.658737701469363,0.3137979047358385,1.359811084793182,0.26608720262629504,1.0460131800573433,1.0,1.0,0.19931263383040454,0.0384931732842233,0.0384931732842233,0.0014817243894892427,0.2770776627926408,0.43935215307256603,0.6306505177109647,0.2770776627926408,0.34946159370621893,0.6306505177109647,0.7954020283326113,time_avg,0.3625024604645344,0.43935215307256603,18,0.6317921644137573,medium
24,early_growth_slope,-0.00256946451762425,-0.00031603007543968143,-0.00021196213579276443,0.0022436590209607993,-0.0018575175021223454,0.0011238891442882876,-0.004264453303767365,0.0034311051069640325,0.002981406646410633,0.007695558410731398,0.0,1.0,0.0022534344421845684,0.0023575023818314853,0.0023575023818314853,5.557817480341127e-06,0.2770776627926408,0.43935215307256603,0.6306505177109647,0.2770776627926408,0.34946159370621893,0.6306505177109647,0.7954020283326113,time_avg,0.3625024604645344,0.43935215307256603,18,0.6317921644137573,medium
25,peak_time,33.0,25.09,24.5,12.191315836208242,16.0,34.0,3.95,44.05,18.0,40.099999999999994,1.0,1.0,-7.91,-8.5,8.5,72.25,0.2270169825492601,0.18232823694296957,1.2451005195660874,0.2270169825492601,0.22265755403529458,1.2451005195660874,1.2211907369286943,time_avg,0.2557471766255679,0.18232823694296957,18,0.8244714610869218,medium
25,peak_height,0.05713877081871033,0.06682705324143172,0.05704299546778202,0.03232576473998558,0.048581313341856,0.07062707096338272,0.03731320071965456,0.14792297556996345,0.022045757621526718,0.11060977485030889,1.0,1.0,0.009688282422721392,-9.577535092830658e-05,9.577535092830658e-05,9.172917845440276e-09,0.2270169825492601,0.18232823694296957,1.2451005195660874,0.2270169825492601,0.22265755403529458,1.2451005195660874,1.2211907369286943,time_avg,0.2557471766255679,0.18232823694296957,18,0.8244714610869218,medium
25,cumulative_infected,1.0313088446855545,1.01398674194916,0.6541578670439776,0.8615588828049141,0.5023240736809385,1.1507132540391467,0.404113469569711,2.961827536858618,0.6483891803582083,2.557714067288907,1.0,1.0,-0.017322102736394562,-0.3771509776415769,0.3771509776415769,0.14224285993599725,0.2270169825492601,0.18232823694296957,1.2451005195660874,0.2270169825492601,0.22265755403529458,1.2451005195660874,1.2211907369286943,time_avg,0.2557471766255679,0.18232823694296957,18,0.8244714610869218,medium
25,early_growth_slope,-0.0014338654409151604,0.00029999031913446,0.00033236348203250415,0.0024207057152538947,-0.0012416473501140161,0.0014451538708748384,-0.0032398719553990885,0.005019515563582811,0.0026868012209888548,0.008259387518981899,0.0,1.0,0.0017338557600496203,0.0017662289229476646,0.0017662289229476646,3.119564608256867e-06,0.2270169825492601,0.18232823694296957,1.2451005195660874,0.2270169825492601,0.22265755403529458,1.2451005195660874,1.2211907369286943,time_avg,0.2557471766255679,0.18232823694296957,18,0.8244714610869218,medium
26,peak_time,9.0,10.28,10.0,0.766469012729639,10.0,11.0,9.0,11.049999999999997,1.0,2.049999999999997,0.0,1.0,1.2799999999999994,1.0,1.0,1.0,0.571700183413456,0.16956722212813363,3.371525323340204,0.571700183413456,0.6838299058145211,3.371525323340204,4.032795355329843,time_avg,0.7600553030865141,0.16956722212813363,17,0.6245187109408344,medium
26,peak_height,0.445259153842926,0.456940550506115,0.45900461077690125,0.021236185755666222,0.44302941858768463,0.4698767811059952,0.42032268941402434,0.49661498963832856,0.026847362518310547,0.07629230022430422,1.0,1.0,0.011681396663188959,0.01374545693397522,0.01374545693397522,0.00018893758632376745,0.571700183413456,0.16956722212813363,3.371525323340204,0.571700183413456,0.6838299058145211,3.371525323340204,4.032795355329843,time_avg,0.7600553030865141,0.16956722212813363,17,0.6245187109408344,medium
26,cumulative_infected,6.057529103010893,5.978632148579545,5.982281195232645,0.26623962758854053,5.786056261938938,6.139990628071246,5.573752269336547,6.446805864821362,0.35393436613230733,0.8730535954848158,1.0,1.0,-0.07889695443134759,-0.07524790777824819,0.07524790777824819,0.0056622476250037445,0.571700183413456,0.16956722212813363,3.371525323340204,0.571700183413456,0.6838299058145211,3.371525323340204,4.032795355329843,time_avg,0.7600553030865141,0.16956722212813363,17,0.6245187109408344,medium
26,early_growth_slope,0.04565554979212936,0.04129771061193639,0.041111124247046445,0.004082423077552079,0.038812060995648295,0.04388183439351406,0.03437841292692436,0.04761799533208387,0.005069773397865768,0.01323958240515951,0.0,1.0,-0.004357839180192967,-0.004544425545082914,0.004544425545082914,2.065180353480214e-05,0.571700183413456,0.16956722212813363,3.371525323340204,0.571700183413456,0.6838299058145211,3.371525323340204,4.032795355329843,time_avg,0.7600553030865141,0.16956722212813363,17,0.6245187109408344,medium
27,peak_time,16.0,21.71,20.0,16.167866247278862,6.75,36.0,1.0,48.0,29.25,47.0,1.0,1.0,5.710000000000001,4.0,4.0,16.0,0.15299568164817892,0.2614899540680059,0.5850920055169279,0.15299568164817892,0.1686766661369376,0.5850920055169279,0.6450598331325177,time_avg,0.1759978696072186,0.2614899540680059,14,0.8184780114228516,medium
27,peak_height,0.045440636575222015,0.05101077212020755,0.04944951832294464,0.012329844870870415,0.042004263028502464,0.05761938448995352,0.035058621875941755,0.0709109041839838,0.015615121461451054,0.03585228230804204,1.0,1.0,0.005570135544985533,0.004008881747722626,0.004008881747722626,1.6071132867223614e-05,0.15299568164817892,0.2614899540680059,0.5850920055169279,0.15299568164817892,0.1686766661369376,0.5850920055169279,0.6450598331325177,time_avg,0.1759978696072186,0.2614899540680059,14,0.8184780114228516,medium
27,cumulative_infected,0.3924203079659492,0.5603549617029239,0.4558082844596356,0.2859966195644165,0.398802328731108,0.6182132131689286,0.329347207711362,1.0988889587926678,0.21941088443782064,0.7695417510813058,0.0,1.0,0.1679346537369747,0.06338797649368644,0.06338797649368644,0.004018035563964144,0.15299568164817892,0.2614899540680059,0.5850920055169279,0.15299568164817892,0.1686766661369376,0.5850920055169279,0.6450598331325177,time_avg,0.1759978696072186,0.2614899540680059,14,0.8184780114228516,medium
27,early_growth_slope,-0.0015500555302770341,1.604894109927371e-05,-6.358565449426355e-05,0.00230383702102097,-0.0014319124031663653,0.0016757267522258363,-0.003740411189140838,0.004084058003943589,0.0031076391553922014,0.007824469193084427,0.0,1.0,0.0015661044713763078,0.0014864698757827706,0.0014864698757827706,2.2095926916096454e-06,0.15299568164817892,0.2614899540680059,0.5850920055169279,0.15299568164817892,0.1686766661369376,0.5850920055169279,0.6450598331325177,time_avg,0.1759978696072186,0.2614899540680059,14,0.8184780114228516,medium
28,peak_time,13.0,12.35,12.0,0.9360890055238478,12.0,13.0,11.0,14.0,1.0,3.0,1.0,1.0,-0.6500000000000004,-1.0,1.0,1.0,0.49432299119677425,0.15659492402428188,3.156698687884185,0.49432299119677425,0.576998472598488,3.156698687884185,3.684656295174789,time_avg,0.6463488980904517,0.15659492402428188,19,0.6206335674751173,medium
28,peak_height,0.42866942286491394,0.4124617496132851,0.41015006601810455,0.01963887117957474,0.3978712856769562,0.4285225346684456,0.3816999986767769,0.442137710750103,0.03065124899148941,0.0604377120733261,0.0,1.0,-0.016207673251628862,-0.018519356846809387,0.018519356846809387,0.00034296657801946573,0.49432299119677425,0.15659492402428188,3.156698687884185,0.49432299119677425,0.576998472598488,3.156698687884185,3.684656295174789,time_avg,0.6463488980904517,0.15659492402428188,19,0.6206335674751173,medium
28,cumulative_infected,6.201633562799543,6.150281680510671,6.175386041635647,0.28053630219721803,5.968081976494432,6.326666422566632,5.6366704230138565,6.627552213158924,0.3585844460722001,0.9908817901450675,1.0,1.0,-0.05135188228887255,-0.026247521163895726,0.026247521163895726,0.000688932367249154,0.49432299119677425,0.15659492402428188,3.156698687884185,0.49432299119677425,0.576998472598488,3.156698687884185,3.684656295174789,time_avg,0.6463488980904517,0.15659492402428188,19,0.6206335674751173,medium
28,early_growth_slope,0.024460890407984447,0.023383000115420383,0.02399297058027947,0.003358898878130229,0.020479821855024918,0.025978809029939355,0.017479929434956003,0.028356576629881766,0.005498987174914437,0.010876647194925763,1.0,1.0,-0.0010778902925640647,-0.00046791982770497814,0.00046791982770497814,2.1894896515945643e-07,0.49432299119677425,0.15659492402428188,3.156698687884185,0.49432299119677425,0.576998472598488,3.156698687884185,3.684656295174789,time_avg,0.6463488980904517,0.15659492402428188,19,0.6206335674751173,medium
29,peak_time,21.0,19.72,19.5,5.9612892646616045,16.0,23.0,11.0,28.14999999999999,7.0,17.14999999999999,1.0,1.0,-1.2800000000000011,-1.5,1.5,2.25,0.3840654403148658,0.3020418139717494,1.2715638118594674,0.3840654403148658,0.40297817737615144,1.2715638118594674,1.3341800993614839,time_avg,0.44632839082860243,0.3020418139717494,25,0.7209993726899321,medium
29,peak_height,0.09889023751020432,0.08656999357044697,0.0836767666041851,0.01590988190390287,0.07769646495580673,0.09405012428760529,0.06241464242339134,0.11843482628464698,0.016353659331798553,0.05602018386125564,0.0,1.0,-0.01232024393975735,-0.01521347090601921,0.01521347090601921,0.000231449697008293,0.3840654403148658,0.3020418139717494,1.2715638118594674,0.3840654403148658,0.40297817737615144,1.2715638118594674,1.3341800993614839,time_avg,0.44632839082860243,0.3020418139717494,25,0.7209993726899321,medium
29,cumulative_infected,1.6023580408655107,1.516963906693104,1.5193673238827614,0.30819076548110935,1.318207087868359,1.6928005061636213,1.0837263177982095,2.1967836956639077,0.3745934182952624,1.1130573778656982,1.0,1.0,-0.08539413417240671,-0.08299071698274929,0.08299071698274929,0.006887459105310792,0.3840654403148658,0.3020418139717494,1.2715638118594674,0.3840654403148658,0.40297817737615144,1.2715638118594674,1.3341800993614839,time_avg,0.44632839082860243,0.3020418139717494,25,0.7209993726899321,medium
29,early_growth_slope,0.0009844031273609115,0.0015475800966118231,0.0016549556111429072,0.002762808659200206,-0.00030489090879979794,0.0031800792113201503,-0.002584896045820122,0.005875243379497467,0.0034849701201199483,0.008460139425317589,1.0,1.0,0.0005631769692509116,0.0006705524837819956,0.0006705524837819956,4.4964063350620353e-07,0.3840654403148658,0.3020418139717494,1.2715638118594674,0.3840654403148658,0.40297817737615144,1.2715638118594674,1.3341800993614839,time_avg,0.44632839082860243,0.3020418139717494,25,0.7209993726899321,medium
30,peak_time,13.0,15.04,15.0,1.1363595959524129,14.0,16.0,13.0,17.0,2.0,4.0,0.0,1.0,2.039999999999999,2.0,2.0,4.0,0.40723271051794296,0.14165506411305312,2.8748192877378225,0.40723271051794296,0.4460333697928206,2.8748192877378225,3.1487287276708087,time_avg,0.529274578510692,0.14165506411305312,19,0.6280914849097107,medium
30,peak_height,0.39137011766433716,0.3835093957185745,0.38381679356098175,0.018055371708175786,0.3703255131840706,0.3962431028485298,0.35951258391141894,0.4085898339748382,0.02591758966445923,0.049077250063419287,1.0,1.0,-0.00786072194576265,-0.007553324103355408,0.007553324103355408,5.7052705010329774e-05,0.40723271051794296,0.14165506411305312,2.8748192877378225,0.40723271051794296,0.4460333697928206,2.8748192877378225,3.1487287276708087,time_avg,0.529274578510692,0.14165506411305312,19,0.6280914849097107,medium
30,cumulative_infected,6.559146572602913,6.587146108483357,6.5649605641374364,0.27562837482844005,6.395558253338095,6.790398452489171,6.176330719381804,7.0173069917582325,0.3948401991510764,0.8409762723764285,1.0,1.0,0.02799953588044435,0.005813991534523666,0.005813991534523666,3.380249756351285e-05,0.40723271051794296,0.14165506411305312,2.8748192877378225,0.40723271051794296,0.4460333697928206,2.8748192877378225,3.1487287276708087,time_avg,0.529274578510692,0.14165506411305312,19,0.6280914849097107,medium
30,early_growth_slope,0.017859282337927388,0.014036399767315915,0.014320572211761914,0.0032883985704758086,0.011874368313112338,0.01656409036132529,0.008702198146576329,0.018897039213195615,0.004689722048212951,0.010194841066619286,0.0,1.0,-0.0038228825706114727,-0.0035387101261654744,0.0035387101261654744,1.2522469357026067e-05,0.40723271051794296,0.14165506411305312,2.8748192877378225,0.40723271051794296,0.4460333697928206,2.8748192877378225,3.1487287276708087,time_avg,0.529274578510692,0.14165506411305312,19,0.6280914849097107,medium
31,peak_time,47.0,41.98,43.0,5.860292680662827,39.0,46.0,33.95,49.0,7.0,15.049999999999997,0.0,1.0,-5.020000000000003,-4.0,4.0,16.0,0.14732465656965604,0.08760267421837212,1.6817369775996973,0.14732465656965604,0.1371090953114117,1.6817369775996973,1.5651245413996395,time_avg,0.1706424923034168,0.08760267421837212,25,0.7267054012279701,medium
31,peak_height,0.14303487539291382,0.19198634639382361,0.1985602229833603,0.06393762827392804,0.14746000990271568,0.24430834501981735,0.08006904646754265,0.2820253521203994,0.09684833511710167,0.20195630565285677,0.0,1.0,0.048951471000909796,0.05552534759044647,0.05552534759044647,0.0030830642250399,0.14732465656965604,0.08760267421837212,1.6817369775996973,0.14732465656965604,0.1371090953114117,1.6817369775996973,1.5651245413996395,time_avg,0.1706424923034168,0.08760267421837212,25,0.7267054012279701,medium
31,cumulative_infected,2.485223740339279,4.286046495761111,4.473074750276282,1.513980253584612,3.184359472419601,5.438303347211331,1.5075978869921527,6.387064180662855,2.25394387479173,4.879466293670703,0.0,1.0,1.800822755421832,1.9878510099370033,1.9878510099370033,3.951551637707564,0.14732465656965604,0.08760267421837212,1.6817369775996973,0.14732465656965604,0.1371090953114117,1.6817369775996973,1.5651245413996395,time_avg,0.1706424923034168,0.08760267421837212,25,0.7267054012279701,medium
31,early_growth_slope,0.002060965235744204,0.0009174814426131934,0.0008647868027245363,0.0024656764859350843,-0.0008739998863477776,0.002389147889473298,-0.0024295340813252895,0.005151287510211874,0.0032631477758210754,0.007580821591537163,1.0,1.0,-0.0011434837931310108,-0.0011961784330196679,0.0011961784330196679,1.430842843621388e-06,0.14732465656965604,0.08760267421837212,1.6817369775996973,0.14732465656965604,0.1371090953114117,1.6817369775996973,1.5651245413996395,time_avg,0.1706424923034168,0.08760267421837212,25,0.7267054012279701,medium
32,peak_time,14.0,19.91,20.0,2.4540010619641572,18.0,21.0,16.0,24.0,3.0,8.0,0.0,0.0,5.91,6.0,6.0,36.0,0.3411821118560481,0.20421300689590982,1.670716851204063,0.3411821118560481,0.3305027484810822,1.670716851204063,1.618421634864541,time_avg,0.4246484831124244,0.20421300689590982,11,0.7480076521335992,medium
32,peak_height,0.13125331699848175,0.14224949046969415,0.14148596674203873,0.016271033423632404,0.13122842460870743,0.15185611695051193,0.11872056648135185,0.16563160493969914,0.020627692341804504,0.04691103845834729,1.0,1.0,0.0109961734712124,0.010232649743556976,0.010232649743556976,0.00010470712077431665,0.3411821118560481,0.20421300689590982,1.670716851204063,0.3411821118560481,0.3305027484810822,1.670716851204063,1.618421634864541,time_avg,0.4246484831124244,0.20421300689590982,11,0.7480076521335992,medium
32,cumulative_infected,2.916163185145706,2.7642190174974894,2.7643411773024127,0.23137948542828554,2.628056736954022,2.9216256297022483,2.377239990673843,3.1494603980798273,0.29356889274822606,0.7722204074059844,1.0,1.0,-0.1519441676482165,-0.15182200784329325,0.15182200784329325,0.023049922065569,0.3411821118560481,0.20421300689590982,1.670716851204063,0.3411821118560481,0.3305027484810822,1.670716851204063,1.618421634864541,time_avg,0.4246484831124244,0.20421300689590982,11,0.7480076521335992,medium
32,early_growth_slope,0.006208638799199389,0.0028604521026456844,0.0023515773798516463,0.002708871444377277,0.001280680054887421,0.004476000365143374,-0.0010661890236882557,0.007893386240383342,0.0031953203102559526,0.008959575264071599,0.0,1.0,-0.0033481866965537044,-0.0038570614193477425,0.0038570614193477425,1.4876922792620821e-05,0.3411821118560481,0.20421300689590982,1.670716851204063,0.3411821118560481,0.3305027484810822,1.670716851204063,1.618421634864541,time_avg,0.4246484831124244,0.20421300689590982,11,0.7480076521335992,medium
33,peak_time,11.0,10.26,10.0,0.8482900209220662,10.0,11.0,9.0,12.0,1.0,3.0,1.0,1.0,-0.7400000000000002,-1.0,1.0,1.0,0.69625415787164,0.0768661767746748,9.05800427556891,0.69625415787164,0.7548349971362218,9.05800427556891,9.820118923683976,time_avg,0.7873221977733241,0.0768661767746748,30,0.7108298224054923,medium
33,peak_height,0.6782882809638977,0.6821527755260468,0.6838743090629578,0.023888915419288635,0.664909154176712,0.7000213414430618,0.6425652086734772,0.7149303555488586,0.03511218726634979,0.07236514687538143,1.0,1.0,0.003864494562149101,0.005586028099060059,0.005586028099060059,3.120370992348853e-05,0.69625415787164,0.0768661767746748,9.05800427556891,0.69625415787164,0.7548349971362218,9.05800427556891,9.820118923683976,time_avg,0.7873221977733241,0.0768661767746748,30,0.7108298224054923,medium
33,cumulative_infected,12.367450557649136,12.747406493506714,12.735937487334013,0.6896884674593302,12.338873568922281,13.194521608296782,11.582169356266968,13.888233705366293,0.8556480393745005,2.3060643490993247,1.0,1.0,0.3799559358575788,0.3684869296848774,0.3684869296848774,0.1357826173485878,0.69625415787164,0.0768661767746748,9.05800427556891,0.69625415787164,0.7548349971362218,9.05800427556891,9.820118923683976,time_avg,0.7873221977733241,0.0768661767746748,30,0.7108298224054923,medium
33,early_growth_slope,0.0713086275583399,0.06609002886997975,0.06533404826959233,0.007115577570316529,0.06048577645006366,0.07178964072261892,0.05543884340163673,0.07742178788258958,0.011303864272555267,0.021982944480952844,1.0,1.0,-0.0052185986883601515,-0.005974579288747575,0.005974579288747575,3.569559767753148e-05,0.69625415787164,0.0768661767746748,9.05800427556891,0.69625415787164,0.7548349971362218,9.05800427556891,9.820118923683976,time_avg,0.7873221977733241,0.0768661767746748,30,0.7108298224054923,medium
34,peak_time,13.0,13.28,13.0,1.0643915129919503,12.0,14.0,12.0,15.0,2.0,3.0,1.0,1.0,0.27999999999999936,0.0,0.0,0.0,0.4975936752123777,0.13222102330977845,3.7633476338068697,0.4975936752123777,0.5608083215015538,3.7633476338068697,4.241445932449375,time_avg,0.5847746086181913,0.13222102330977845,28,0.6611711895606935,medium
34,peak_height,0.4777412712574005,0.4493123346567154,0.44972774386405945,0.01858384741920662,0.4360925778746605,0.46065811067819595,0.4235442116856575,0.4807636633515358,0.02456553280353546,0.05721945166587833,0.0,1.0,-0.02842893660068513,-0.028013527393341064,0.028013527393341064,0.0007847577170174702,0.4975936752123777,0.13222102330977845,3.7633476338068697,0.4975936752123777,0.5608083215015538,3.7633476338068697,4.241445932449375,time_avg,0.5847746086181913,0.13222102330977845,28,0.6611711895606935,medium
34,cumulative_infected,7.451827075332403,7.435660678204295,7.443592768046074,0.3413181897791123,7.203496720700059,7.640453927917406,6.906583066293388,8.041801651626884,0.4369572072173469,1.1352185853334955,1.0,1.0,-0.0161663971281083,-0.008234307286329567,0.008234307286329567,6.78038164857002e-05,0.4975936752123777,0.13222102330977845,3.7633476338068697,0.4975936752123777,0.5608083215015538,3.7633476338068697,4.241445932449375,time_avg,0.5847746086181913,0.13222102330977845,28,0.6611711895606935,medium
34,early_growth_slope,0.021791763293246426,0.020985430783207443,0.02080662154393004,0.0034544977027350424,0.018462919436084725,0.02306214949792428,0.015855289973149497,0.026158465992193663,0.004599230061839554,0.010303176019044166,1.0,1.0,-0.0008063325100389832,-0.0009851417493163851,0.0009851417493163851,9.705042662461474e-07,0.4975936752123777,0.13222102330977845,3.7633476338068697,0.4975936752123777,0.5608083215015538,3.7633476338068697,4.241445932449375,time_avg,0.5847746086181913,0.13222102330977845,28,0.6611711895606935,medium
35,peak_time,8.0,8.42,8.0,0.7272474743090478,8.0,9.0,7.0,10.0,1.0,3.0,1.0,1.0,0.41999999999999993,0.0,0.0,0.0,0.7846076991796231,0.22328648370230958,3.513905930041333,0.7846076991796231,0.9036864016071533,3.513905930041333,4.047206022608909,time_avg,0.9422965780253638,0.22328648370230958,16,0.7539040091250083,medium
35,peak_height,0.4438328444957733,0.4236550983786583,0.424768403172493,0.022327755272037116,0.40624526143074036,0.43798942118883133,0.3915931969881058,0.461259251832962,0.03174415975809097,0.06966605484485622,0.0,1.0,-0.020177746117115036,-0.019064441323280334,0.019064441323280334,0.00036345292296879883,0.7846076991796231,0.22328648370230958,3.513905930041333,0.7846076991796231,0.9036864016071533,3.513905930041333,4.047206022608909,time_avg,0.9422965780253638,0.22328648370230958,16,0.7539040091250083,medium
35,cumulative_infected,4.674292639479972,4.620418613976394,4.629928474576445,0.22052544360630785,4.495641045174125,4.757363421893729,4.257910004754376,4.970987893803977,0.26172237671960374,0.7130778890496003,1.0,1.0,-0.05387402550357834,-0.044364164903527126,0.044364164903527126,0.001968179127587348,0.7846076991796231,0.22328648370230958,3.513905930041333,0.7846076991796231,0.9036864016071533,3.513905930041333,4.047206022608909,time_avg,0.9422965780253638,0.22328648370230958,16,0.7539040091250083,medium
35,early_growth_slope,0.0598481971780226,0.05383404066632508,0.05531573028392379,0.006390029836181625,0.05005508224504799,0.057958926615182926,0.041343010268506716,0.06350058060738123,0.007903844370134937,0.022157570338874513,0.0,1.0,-0.006014156511697524,-0.004532466894098815,0.004532466894098815,2.0543256146101755e-05,0.7846076991796231,0.22328648370230958,3.513905930041333,0.7846076991796231,0.9036864016071533,3.513905930041333,4.047206022608909,time_avg,0.9422965780253638,0.22328648370230958,16,0.7539040091250083,medium
36,peak_time,3.0,21.65,20.0,15.379623801732873,8.0,33.0,1.0,48.0,25.0,47.0,0.0,1.0,18.65,17.0,17.0,289.0,0.3667440393857389,0.39314969823244206,0.9328356120698551,0.3667440393857389,0.3906618353471605,0.9328356120698551,0.9936719705077564,time_avg,0.4179314647378862,0.39314969823244206,21,0.7888309708937956,medium
36,peak_height,0.03824504092335701,0.05171945236623287,0.04864094406366348,0.01411587416758793,0.04297057446092367,0.05706960707902908,0.03650893233716488,0.07512358911335468,0.014099032618105412,0.0386146567761898,0.0,1.0,0.01347441144287586,0.010395903140306473,0.010395903140306473,0.00010807480210263398,0.3667440393857389,0.39314969823244206,0.9328356120698551,0.3667440393857389,0.3906618353471605,0.9328356120698551,0.9936719705077564,time_avg,0.4179314647378862,0.39314969823244206,21,0.7888309708937956,medium
36,cumulative_infected,0.5204755505546927,0.5702799222218983,0.48154150950722396,0.27677038892230016,0.40599708462832496,0.6474204158876091,0.3359155188139994,1.0067195854557212,0.24142333125928417,0.6708040666417218,1.0,1.0,0.04980437166720553,-0.03893404104746878,0.03893404104746878,0.001515859552285984,0.3667440393857389,0.39314969823244206,0.9328356120698551,0.3667440393857389,0.3906618353471605,0.9328356120698551,0.9936719705077564,time_avg,0.4179314647378862,0.39314969823244206,21,0.7888309708937956,medium
36,early_growth_slope,0.0005776020919992814,-0.0006246779668591826,-0.0005839718186983921,0.0021790704798178378,-0.0022548742431570726,0.000804555750662639,-0.003997168022102584,0.0025757043117967727,0.0030594299938197116,0.0065728723338993565,1.0,1.0,-0.0012022800588584641,-0.0011615739106976735,0.0011615739106976735,1.3492539500134866e-06,0.3667440393857389,0.39314969823244206,0.9328356120698551,0.3667440393857389,0.3906618353471605,0.9328356120698551,0.9936719705077564,time_avg,0.4179314647378862,0.39314969823244206,21,0.7888309708937956,medium
37,peak_time,39.0,24.99,26.0,15.024891804514725,10.75,37.25,1.9500000000000002,47.05,26.5,45.099999999999994,0.0,1.0,-14.010000000000002,-13.0,13.0,169.0,0.4382036504429637,0.48421428221433394,0.9049787801364274,0.4382036504429637,0.46397817983266554,0.9049787801364274,0.9582083735962356,time_avg,0.5051256695977634,0.48421428221433394,11,0.8301463069117181,medium
37,peak_height,0.04583755508065224,0.05073512883856893,0.0465262196958065,0.016466998944437664,0.04057438764721155,0.0579256247729063,0.03199692331254482,0.08095249049365517,0.017351237125694752,0.048955567181110354,1.0,1.0,0.00489757375791669,0.0006886646151542664,0.0006886646151542664,4.742589521655738e-07,0.4382036504429637,0.48421428221433394,0.9049787801364274,0.4382036504429637,0.46397817983266554,0.9049787801364274,0.9582083735962356,time_avg,0.5051256695977634,0.48421428221433394,11,0.8301463069117181,medium
37,cumulative_infected,0.4279158838908188,0.5666769491489686,0.46762832871900173,0.32652626274365754,0.3926935911295004,0.591575814267344,0.29515061695710754,1.2483606226887787,0.19888222313784354,0.9532100057316711,1.0,1.0,0.1387610652581498,0.039712444828182925,0.039712444828182925,0.0015770782742314728,0.4382036504429637,0.48421428221433394,0.9049787801364274,0.4382036504429637,0.46397817983266554,0.9049787801364274,0.9582083735962356,time_avg,0.5051256695977634,0.48421428221433394,11,0.8301463069117181,medium
37,early_growth_slope,0.0009353815084545031,-0.0003186754095198309,-0.0004835796744806595,0.0018932739186501121,-0.0018632739414724269,0.0012500862385855902,-0.0033295925357379004,0.0027528488118800194,0.003113360180058017,0.00608244134761792,1.0,1.0,-0.001254056917974334,-0.0014189611829351625,0.0014189611829351625,2.0134508386767557e-06,0.4382036504429637,0.48421428221433394,0.9049787801364274,0.4382036504429637,0.46397817983266554,0.9049787801364274,0.9582083735962356,time_avg,0.5051256695977634,0.48421428221433394,11,0.8301463069117181,medium
38,peak_time,48.0,19.92,15.5,14.36513737202578,8.75,31.25,2.0,45.0,22.5,43.0,0.0,0.0,-28.08,-32.5,32.5,1056.25,0.19451960477621533,0.2467794649602425,0.7882325411782276,0.19451960477621533,0.2062188979605531,0.7882325411782276,0.8356404289707657,time_avg,0.21271758321235096,0.2467794649602425,29,0.7963096447801246,medium
38,peak_height,0.0363086462020874,0.053751286193728445,0.053165607154369354,0.014899024739140738,0.04313335567712784,0.0613226443529129,0.03694811463356018,0.08491320498287677,0.018189288675785065,0.04796509034931659,0.0,0.0,0.017442639991641043,0.016856960952281952,0.016856960952281952,0.00028415713254675845,0.19451960477621533,0.2467794649602425,0.7882325411782276,0.19451960477621533,0.2062188979605531,0.7882325411782276,0.8356404289707657,time_avg,0.21271758321235096,0.2467794649602425,29,0.7963096447801246,medium
38,cumulative_infected,0.43262394762223266,0.5699540110099861,0.4858471929037478,0.2617069538860792,0.40953716829244513,0.6017359225443215,0.3186967601912329,1.164650413277559,0.19219875425187638,0.8459536530863261,1.0,1.0,0.13733006338775344,0.05322324528151512,0.05322324528151512,0.0028327138382963214,0.19451960477621533,0.2467794649602425,0.7882325411782276,0.19451960477621533,0.2062188979605531,0.7882325411782276,0.8356404289707657,time_avg,0.21271758321235096,0.2467794649602425,29,0.7963096447801246,medium
38,early_growth_slope,0.0011393938302284184,-0.00028336812330443084,-0.0003681024228128426,0.002464886522936662,-0.001895737192604601,0.0017441673858446024,-0.004001203878405723,0.0032415730278271006,0.0036399045784492037,0.007242776906232824,1.0,1.0,-0.0014227619535328493,-0.001507496253041261,0.001507496253041261,2.2725449529334416e-06,0.19451960477621533,0.2467794649602425,0.7882325411782276,0.19451960477621533,0.2062188979605531,0.7882325411782276,0.8356404289707657,time_avg,0.21271758321235096,0.2467794649602425,29,0.7963096447801246,medium
39,peak_time,18.0,21.28,19.5,15.023268148395204,8.0,36.25,1.0,44.05,28.25,43.05,1.0,1.0,3.280000000000001,1.5,1.5,2.25,0.3437879024329347,0.42740962257738596,0.8043522753648092,0.3437879024329347,0.40146664814657756,0.8043522753648092,0.9393018475476387,time_avg,0.47371672184762115,0.42740962257738596,11,0.6483649366306516,medium
39,peak_height,0.04367540031671524,0.04951822331175208,0.04764590412378311,0.012377073913115285,0.041799986734986305,0.055086671374738216,0.032030375115573405,0.07266908064484595,0.013286684639751911,0.04063870552927255,1.0,1.0,0.005842822995036842,0.003970503807067871,0.003970503807067871,1.5764900481940458e-05,0.3437879024329347,0.42740962257738596,0.8043522753648092,0.3437879024329347,0.40146664814657756,0.8043522753648092,0.9393018475476387,time_avg,0.47371672184762115,0.42740962257738596,11,0.6483649366306516,medium
39,cumulative_infected,0.46079744363669306,0.5434047482854021,0.4875656923977658,0.2316820458403011,0.4131363827473251,0.5874577278809738,0.30710407228471015,0.9460624059080146,0.17432134513364872,0.6389583336233045,1.0,1.0,0.08260730464870902,0.026768248761072755,0.026768248761072755,0.0007165391417346731,0.3437879024329347,0.42740962257738596,0.8043522753648092,0.3437879024329347,0.40146664814657756,0.8043522753648092,0.9393018475476387,time_avg,0.47371672184762115,0.42740962257738596,11,0.6483649366306516,medium
39,early_growth_slope,0.0017212731763720504,-0.0003364642688618563,-0.0004144839088742932,0.0022389604171181854,-0.0015627651037426562,0.0010141311961758357,-0.00394011035539387,0.0031261135950141268,0.002576896299918492,0.007066223950407997,0.0,1.0,-0.0020577374452339066,-0.0021357570852463437,0.0021357570852463437,4.561458327179958e-06,0.3437879024329347,0.42740962257738596,0.8043522753648092,0.3437879024329347,0.40146664814657756,0.8043522753648092,0.9393018475476387,time_avg,0.47371672184762115,0.42740962257738596,11,0.6483649366306516,medium
40,peak_time,17.0,15.98,16.0,2.8884304220511012,14.0,18.0,12.0,20.049999999999997,4.0,8.049999999999997,1.0,1.0,-1.0199999999999996,-1.0,1.0,1.0,0.5015497593393019,0.3662791716971214,1.369310073011841,0.5015497593393019,0.5703191259050093,1.369310073011841,1.5570613072604902,time_avg,0.5952852156566941,0.3662791716971214,26,0.6719518719345208,medium
40,peak_height,0.12021039426326752,0.1125352442264557,0.11195995286107063,0.013966159106993016,0.1019988153129816,0.12115882150828838,0.09233989268541336,0.13484419137239456,0.019160006195306778,0.042504298686981204,1.0,1.0,-0.007675150036811823,-0.008250441402196884,0.008250441402196884,6.806978333108449e-05,0.5015497593393019,0.3662791716971214,1.369310073011841,0.5015497593393019,0.5703191259050093,1.369310073011841,1.5570613072604902,time_avg,0.5952852156566941,0.3662791716971214,26,0.6719518719345208,medium
40,cumulative_infected,1.8545451781246811,1.8020032777445885,1.8067950737604406,0.19987568437978864,1.6434783117147163,1.9651513250501011,1.4798385783302366,2.104703422298189,0.3216730133353849,0.6248648439679525,1.0,1.0,-0.052541900380092654,-0.04775010436424054,0.04775010436424054,0.002280072466795864,0.5015497593393019,0.3662791716971214,1.369310073011841,0.5015497593393019,0.5703191259050093,1.369310073011841,1.5570613072604902,time_avg,0.5952852156566941,0.3662791716971214,26,0.6719518719345208,medium
40,early_growth_slope,0.005396431062503584,0.0032296040326651736,0.0031524762771801933,0.0028372139293945386,0.0016816341196231206,0.004840606628152142,-0.001374238827927563,0.007827418157830831,0.0031589725085290213,0.009201656985758394,0.0,1.0,-0.0021668270298384105,-0.0022439547853233908,0.0022439547853233908,5.035333078575745e-06,0.5015497593393019,0.3662791716971214,1.369310073011841,0.5015497593393019,0.5703191259050093,1.369310073011841,1.5570613072604902,time_avg,0.5952852156566941,0.3662791716971214,26,0.6719518719345208,medium
41,peak_time,10.0,11.77,11.0,2.13605413618833,10.0,13.0,9.0,15.049999999999997,3.0,6.049999999999997,1.0,1.0,1.7699999999999996,1.0,1.0,1.0,0.7181806343397216,0.4473208727078089,1.6055155888261867,0.7181806343397216,0.7442818602736704,1.6055155888261867,1.6638657073349608,time_avg,0.8370370686310825,0.4473208727078089,10,0.8225042254016559,medium
41,peak_height,0.14545251429080963,0.14037092186510564,0.14121297001838684,0.01649692567274567,0.13189303502440453,0.1511223018169403,0.11640897169709205,0.16397519707679747,0.019229266792535782,0.047566225379705424,1.0,1.0,-0.005081592425703996,-0.0042395442724227905,0.0042395442724227905,1.7973735637832888e-05,0.7181806343397216,0.4473208727078089,1.6055155888261867,0.7181806343397216,0.7442818602736704,1.6055155888261867,1.6638657073349608,time_avg,0.8370370686310825,0.4473208727078089,10,0.8225042254016559,medium
41,cumulative_infected,1.9552711767610162,1.8299764756109653,1.836523334728554,0.17174797958116006,1.7157026338827563,1.9352491053869016,1.5316538658516947,2.125374159539933,0.2195464715041453,0.5937202936882384,0.0,1.0,-0.12529470115005092,-0.11874784203246236,0.11874784203246236,0.014101049987366634,0.7181806343397216,0.4473208727078089,1.6055155888261867,0.7181806343397216,0.7442818602736704,1.6055155888261867,1.6638657073349608,time_avg,0.8370370686310825,0.4473208727078089,10,0.8225042254016559,medium
41,early_growth_slope,0.009607228928611478,0.008399337290838523,0.007879574479635006,0.0031811314288962625,0.006498109003240686,0.010134164195430152,0.0030969338469384686,0.014356543162787037,0.0036360551921894666,0.011259609315848568,1.0,1.0,-0.001207891637772955,-0.0017276544489764727,0.0017276544489764727,2.9847898950681994e-06,0.7181806343397216,0.4473208727078089,1.6055155888261867,0.7181806343397216,0.7442818602736704,1.6055155888261867,1.6638657073349608,time_avg,0.8370370686310825,0.4473208727078089,10,0.8225042254016559,medium
42,peak_time,0.0,23.45,25.0,14.72740522449439,11.0,35.25,1.0,45.0,24.25,44.0,0.0,0.0,23.45,25.0,25.0,625.0,0.21793392425226507,0.42387357578928675,0.5141484081579148,0.21793392425226507,0.2589175585240961,0.5141484081579148,0.6108367525434223,time_avg,0.25944906408492063,0.42387357578928675,28,0.63633482024094,medium
42,peak_height,0.040671613067388535,0.05048580817878246,0.04776125214993954,0.01272804781125032,0.0425200155004859,0.055600968189537525,0.03694214224815369,0.07375159822404384,0.013080952689051628,0.03680945597589015,0.0,1.0,0.009814195111393927,0.0070896390825510025,0.0070896390825510025,5.026298232083462e-05,0.21793392425226507,0.42387357578928675,0.5141484081579148,0.21793392425226507,0.2589175585240961,0.5141484081579148,0.6108367525434223,time_avg,0.25944906408492063,0.42387357578928675,28,0.63633482024094,medium
42,cumulative_infected,0.27977765032846946,0.5421400204343866,0.48459088275922113,0.24442551113598382,0.37944716747733764,0.6166488595554256,0.315390472002764,0.9703810306906226,0.23720169207808794,0.6549905586878586,0.0,0.0,0.2623623701059171,0.20481323243075167,0.20481323243075167,0.041948460178733105,0.21793392425226507,0.42387357578928675,0.5141484081579148,0.21793392425226507,0.2589175585240961,0.5141484081579148,0.6108367525434223,time_avg,0.25944906408492063,0.42387357578928675,28,0.63633482024094,medium
42,early_growth_slope,-0.003542417679411644,-0.0003991081996822939,-0.00047740654415628225,0.0021873512592616644,-0.0018766457010531744,0.0005522601578767146,-0.0036264579612872573,0.003294638056866547,0.002428905858929889,0.006921096018153805,0.0,1.0,0.0031433094797293504,0.003065011135255362,0.003065011135255362,9.394293259239362e-06,0.21793392425226507,0.42387357578928675,0.5141484081579148,0.21793392425226507,0.2589175585240961,0.5141484081579148,0.6108367525434223,time_avg,0.25944906408492063,0.42387357578928675,28,0.63633482024094,medium
43,peak_time,24.0,23.77,24.0,2.2601287171711744,22.0,25.0,20.0,27.0,3.0,7.0,1.0,1.0,-0.23000000000000043,0.0,0.0,0.0,0.3346251439186372,0.13486071261813543,2.4812648355651534,0.3346251439186372,0.3380183490273894,2.4812648355651534,2.5064256481018647,time_avg,0.35944537496563156,0.13486071261813543,28,0.8430648439382759,medium
43,peak_height,0.2948673367500305,0.2652349254488945,0.26602157950401306,0.019912607558231984,0.25107554346323013,0.2819434255361557,0.23362189307808875,0.29303666204214096,0.030867882072925568,0.059414768964052206,0.0,0.0,-0.02963241130113603,-0.028845757246017456,0.028845757246017456,0.0008320777110961686,0.3346251439186372,0.13486071261813543,2.4812648355651534,0.3346251439186372,0.3380183490273894,2.4812648355651534,2.5064256481018647,time_avg,0.35944537496563156,0.13486071261813543,28,0.8430648439382759,medium
43,cumulative_infected,6.123877854435705,6.066397668990285,6.044734043069184,0.3444760295082502,5.876229090587003,6.277358751714928,5.514619794813916,6.564627721789293,0.4011296611279249,1.0500079269753773,1.0,1.0,-0.057480185445419885,-0.07914381136652082,0.07914381136652082,0.00626374287761943,0.3346251439186372,0.13486071261813543,2.4812648355651534,0.3346251439186372,0.3380183490273894,2.4812648355651534,2.5064256481018647,time_avg,0.35944537496563156,0.13486071261813543,28,0.8430648439382759,medium
43,early_growth_slope,0.0063790307031013046,0.003639297718295676,0.0032863275292107745,0.0029415798937572693,0.0016105820014629348,0.005594529050757132,-0.0005864005361217998,0.008847604436007149,0.003983947049294197,0.00943400497212895,0.0,1.0,-0.0027397329848056285,-0.00309270317389053,0.00309270317389053,9.564812921792558e-06,0.3346251439186372,0.13486071261813543,2.4812648355651534,0.3346251439186372,0.3380183490273894,2.4812648355651534,2.5064256481018647,time_avg,0.35944537496563156,0.13486071261813543,28,0.8430648439382759,medium
44,peak_time,11.0,10.44,10.0,0.8565847148632608,10.0,11.0,9.0,12.0,1.0,3.0,1.0,1.0,-0.5600000000000005,-1.0,1.0,1.0,0.6074646018946612,0.10992693045123098,5.526076270856691,0.6074646018946612,0.6660076257247722,5.526076270856691,6.058639343343133,time_avg,0.7573722680418912,0.10992693045123098,16,0.7089245810564573,medium
44,peak_height,0.5813194513320923,0.579318242073059,0.579487144947052,0.018451861054008502,0.5674421042203903,0.59147809445858,0.5471373468637466,0.6111325770616531,0.024035990238189697,0.06399523019790654,1.0,1.0,-0.002001209259033243,-0.0018323063850402832,0.0018323063850402832,3.3573466886593906e-06,0.6074646018946612,0.10992693045123098,5.526076270856691,0.6074646018946612,0.6660076257247722,5.526076270856691,6.058639343343133,time_avg,0.7573722680418912,0.10992693045123098,16,0.7089245810564573,medium
44,cumulative_infected,8.83206834550947,8.985311812252984,8.984072029939853,0.43859914633705094,8.749802339676535,9.274292199173942,8.283196569141001,9.731528021593112,0.5244898594974075,1.448331452452111,1.0,1.0,0.15324346674351474,0.15200368443038315,0.15200368443038315,0.023105120080411504,0.6074646018946612,0.10992693045123098,5.526076270856691,0.6074646018946612,0.6660076257247722,5.526076270856691,6.058639343343133,time_avg,0.7573722680418912,0.10992693045123098,16,0.7089245810564573,medium
44,early_growth_slope,0.05947697060626176,0.051496628452722286,0.05155110124143815,0.0053262622103585075,0.04832910979720985,0.05514145281908678,0.04344701662346431,0.06124706956934892,0.006812343021876929,0.01780005294588461,0.0,1.0,-0.007980342153539474,-0.007925869364823611,0.007925869364823611,6.281940518824943e-05,0.6074646018946612,0.10992693045123098,5.526076270856691,0.6074646018946612,0.6660076257247722,5.526076270856691,6.058639343343133,time_avg,0.7573722680418912,0.10992693045123098,16,0.7089245810564573,medium
45,peak_time,13.0,16.18,15.0,5.139233130703177,13.0,19.0,9.95,27.0,6.0,17.05,1.0,1.0,3.1799999999999997,2.0,2.0,4.0,0.6322860442511233,0.4811202332496343,1.3141954974133359,0.6322860442511233,0.7035512460609047,1.3141954974133359,1.4623189744253797,time_avg,0.7122473629309103,0.4811202332496343,29,0.7326994777329929,medium
45,peak_height,0.08838044852018356,0.08672892101109028,0.08634694293141365,0.017517081882692336,0.07353873364627361,0.09780295938253403,0.059276120737195015,0.11249876581132412,0.024264225736260414,0.053222645074129105,1.0,1.0,-0.0016515275090932813,-0.0020335055887699127,0.0020335055887699127,4.135144979558469e-06,0.6322860442511233,0.4811202332496343,1.3141954974133359,0.6322860442511233,0.7035512460609047,1.3141954974133359,1.4623189744253797,time_avg,0.7122473629309103,0.4811202332496343,29,0.7326994777329929,medium
45,cumulative_infected,1.3306337157264352,1.3026590197378392,1.2949061025865376,0.24847328306309122,1.1665539448149502,1.4407421354262624,0.8743021798902191,1.6891722391825168,0.27418819061131217,0.8148700592922977,1.0,1.0,-0.027974695988596032,-0.035727613139897585,0.035727613139897585,0.0012764623406741826,0.6322860442511233,0.4811202332496343,1.3141954974133359,0.6322860442511233,0.7035512460609047,1.3141954974133359,1.4623189744253797,time_avg,0.7122473629309103,0.4811202332496343,29,0.7326994777329929,medium
45,early_growth_slope,0.00287910923084599,0.0027249877437740605,0.0026383949804031073,0.002734627549238366,0.0006624445973318968,0.004736975257401355,-0.0013439149254866453,0.007023585712418672,0.004074530660069458,0.008367500637905317,1.0,1.0,-0.00015412148707192935,-0.00024071425044288252,0.00024071425044288252,5.794335036627877e-08,0.6322860442511233,0.4811202332496343,1.3141954974133359,0.6322860442511233,0.7035512460609047,1.3141954974133359,1.4623189744253797,time_avg,0.7122473629309103,0.4811202332496343,29,0.7326994777329929,medium
46,peak_time,10.0,9.17,9.0,0.7255092255537735,9.0,10.0,8.0,10.0,1.0,2.0,1.0,1.0,-0.8300000000000001,-1.0,1.0,1.0,0.7794839633435783,0.2913686597227136,2.67524985043137,0.7794839633435783,0.8674225767201571,2.67524985043137,2.977062040734429,time_avg,0.8694694506775583,0.2913686597227136,28,0.7647847534445069,medium
46,peak_height,0.3288140892982483,0.31810153752565384,0.31559959053993225,0.02319724998876801,0.30422982573509216,0.32785502076148987,0.28168410807847977,0.3581240355968475,0.023625195026397705,0.07643992751836776,0.0,1.0,-0.010712551772594447,-0.01321449875831604,0.01321449875831604,0.00017462297743353616,0.7794839633435783,0.2913686597227136,2.67524985043137,0.7794839633435783,0.8674225767201571,2.67524985043137,2.977062040734429,time_avg,0.8694694506775583,0.2913686597227136,28,0.7647847534445069,medium
46,cumulative_infected,3.5800545853562653,3.455998855860203,3.462443048134446,0.1630526367586344,3.345531033090083,3.5704937122718547,3.202215033090033,3.691154787128471,0.22496267918177182,0.4889397540384377,0.0,1.0,-0.12405572949606247,-0.11761153722181916,0.11761153722181916,0.013832473687679354,0.7794839633435783,0.2913686597227136,2.67524985043137,0.7794839633435783,0.8674225767201571,2.67524985043137,2.977062040734429,time_avg,0.8694694506775583,0.2913686597227136,28,0.7647847534445069,medium
46,early_growth_slope,0.03775271879775183,0.03471374046970075,0.0346278197747389,0.004860990115884334,0.03181584085437601,0.03804242672465208,0.02715715067308684,0.043053208715060624,0.006226585870276066,0.015896058041973783,1.0,1.0,-0.003038978328051077,-0.0031248990230129253,0.0031248990230129253,9.764993904027136e-06,0.7794839633435783,0.2913686597227136,2.67524985043137,0.7794839633435783,0.8674225767201571,2.67524985043137,2.977062040734429,time_avg,0.8694694506775583,0.2913686597227136,28,0.7647847534445069,medium
47,peak_time,9.0,9.41,9.0,1.2479882801832505,9.0,10.0,7.0,12.0,1.0,5.0,1.0,1.0,0.41000000000000014,0.0,0.0,0.0,0.6629351478592257,0.4048661867165254,1.6374179163630478,0.6629351478592257,0.7679119225456836,1.6374179163630478,1.8967054986079919,time_avg,0.9011944245807871,0.4048661867165254,11,0.6610491555986027,medium
47,peak_height,0.2042602002620697,0.1774941338598728,0.17687823623418808,0.017888269599589897,0.1657530702650547,0.18964765965938568,0.15002064853906633,0.20835288390517234,0.02389458939433098,0.05833223536610602,0.0,1.0,-0.026766066402196892,-0.027381964027881622,0.027381964027881622,0.0007497719540242032,0.6629351478592257,0.4048661867165254,1.6374179163630478,0.6629351478592257,0.7679119225456836,1.6374179163630478,1.8967054986079919,time_avg,0.9011944245807871,0.4048661867165254,11,0.6610491555986027,medium
47,cumulative_infected,2.107481454848312,1.9891954816427186,1.9762737365090288,0.1430646763797219,1.8984697943524225,2.089009247487411,1.780471092148582,2.2270376047992615,0.19053945313498843,0.4465665126506795,0.0,1.0,-0.1182859732055932,-0.13120771833928302,0.13120771833928302,0.017215465351800626,0.6629351478592257,0.4048661867165254,1.6374179163630478,0.6629351478592257,0.7679119225456836,1.6374179163630478,1.8967054986079919,time_avg,0.9011944245807871,0.4048661867165254,11,0.6610491555986027,medium
47,early_growth_slope,0.021915217163041227,0.0171458975341522,0.01695841136166737,0.004100300813461417,0.014595299443629167,0.02031640016329696,0.010263331531591357,0.023043086905852838,0.005721100719667794,0.012779755374261481,0.0,1.0,-0.004769319628889029,-0.004956805801373858,0.004956805801373858,2.4569923752533533e-05,0.6629351478592257,0.4048661867165254,1.6374179163630478,0.6629351478592257,0.7679119225456836,1.6374179163630478,1.8967054986079919,time_avg,0.9011944245807871,0.4048661867165254,11,0.6610491555986027,medium
48,peak_time,35.0,32.66,32.0,6.420012901588723,29.0,37.0,22.0,45.0,8.0,23.0,1.0,1.0,-2.3400000000000034,-3.0,3.0,9.0,0.21857000728453596,0.1458545775467237,1.4985474639252805,0.21857000728453596,0.2081376660636948,1.4985474639252805,1.4270218293081618,time_avg,0.26485996447516263,0.1458545775467237,16,0.7429831775757579,medium
48,peak_height,0.1060812845826149,0.12612798064947128,0.12180736660957336,0.03491486484976806,0.10453559644520283,0.14502930641174316,0.0787695936858654,0.1905268222093582,0.04049370996654034,0.1117572285234928,1.0,1.0,0.020046696066856384,0.015726082026958466,0.015726082026958466,0.0002473096559186261,0.21857000728453596,0.1458545775467237,1.4985474639252805,0.21857000728453596,0.2081376660636948,1.4985474639252805,1.4270218293081618,time_avg,0.26485996447516263,0.1458545775467237,16,0.7429831775757579,medium
48,cumulative_infected,2.2856003135821084,2.911279624879717,2.806663021474378,1.0387384174016552,2.1535185812972486,3.5639395628822967,1.361049099799493,4.593176133546512,1.4104209815850481,3.232127033747019,1.0,1.0,0.6256793112976085,0.5210627078922698,0.5210627078922698,0.27150634555602493,0.21857000728453596,0.1458545775467237,1.4985474639252805,0.21857000728453596,0.2081376660636948,1.4985474639252805,1.4270218293081618,time_avg,0.26485996447516263,0.1458545775467237,16,0.7429831775757579,medium
48,early_growth_slope,0.0028618943646766377,0.0010518258693168942,0.0010936488619162927,0.0028640767893206138,-0.00047447400755204597,0.0027425349336616424,-0.0036160380640510637,0.0062336082176660135,0.0032170089412136885,0.009849646281717077,0.0,1.0,-0.0018100684953597434,-0.001768245502760345,0.001768245502760345,3.126692158032185e-06,0.21857000728453596,0.1458545775467237,1.4985474639252805,0.21857000728453596,0.2081376660636948,1.4985474639252805,1.4270218293081618,time_avg,0.26485996447516263,0.1458545775467237,16,0.7429831775757579,medium
49,peak_time,27.0,22.82,21.0,15.970541062161352,6.75,36.25,0.9500000000000002,47.05,29.5,46.099999999999994,1.0,1.0,-4.18,-6.0,6.0,36.0,0.2959449804016625,0.49959837313820676,0.5923657808224959,0.2959449804016625,0.32628649225985057,0.5923657808224959,0.6530975875887972,time_avg,0.32657473314251984,0.49959837313820676,29,0.7766882268736309,medium
49,peak_height,0.06264733523130417,0.0522326647862792,0.0488360021263361,0.01664338569352106,0.04184691980481148,0.056217688135802746,0.036922321282327177,0.0850611303001642,0.014370768330991268,0.04813880901783702,0.0,1.0,-0.01041467044502497,-0.013811333104968071,0.013811333104968071,0.00019075292213638698,0.2959449804016625,0.49959837313820676,0.5923657808224959,0.2959449804016625,0.32628649225985057,0.5923657808224959,0.6530975875887972,time_avg,0.32657473314251984,0.49959837313820676,29,0.7766882268736309,medium
49,cumulative_infected,0.4336592829786241,0.6052483255337211,0.48307064776599873,0.37488658075148434,0.4182169697160134,0.6363378718378954,0.32835571692703525,1.2426861627725883,0.21812090212188195,0.914330445845553,1.0,1.0,0.171589042555097,0.04941136478737462,0.04941136478737462,0.0024414829701510047,0.2959449804016625,0.49959837313820676,0.5923657808224959,0.2959449804016625,0.32628649225985057,0.5923657808224959,0.6530975875887972,time_avg,0.32657473314251984,0.49959837313820676,29,0.7766882268736309,medium
49,early_growth_slope,-0.0034872073997359505,-0.00042822961379074644,-0.00045127849720994894,0.002293569791158494,-0.0018618000017124252,0.00078910559352066,-0.004204477986409721,0.003459122707274563,0.0026509055952330853,0.007663600693684284,0.0,1.0,0.003058977785945204,0.0030359289025260017,0.0030359289025260017,9.216864301192734e-06,0.2959449804016625,0.49959837313820676,0.5923657808224959,0.2959449804016625,0.32628649225985057,0.5923657808224959,0.6530975875887972,time_avg,0.32657473314251984,0.49959837313820676,29,0.7766882268736309,medium
50,peak_time,10.0,9.03,9.0,0.7843803447642765,8.0,10.0,8.0,10.0,2.0,2.0,1.0,1.0,-0.9700000000000006,-1.0,1.0,1.0,0.6011191043292922,0.24095911641648082,2.494693345780287,0.6011191043292922,0.6727676453430841,2.494693345780287,2.7920406388785586,time_avg,0.8613896681229373,0.24095911641648082,10,0.6223100685070857,medium
50,peak_height,0.3729840815067291,0.35331773161888125,0.352094367146492,0.02354198784607787,0.33915605396032333,0.36657171696424484,0.3208336025476456,0.39632124453783035,0.02741566300392151,0.07548764199018476,0.0,1.0,-0.019666349887847878,-0.02088971436023712,0.02088971436023712,0.000436380166052297,0.6011191043292922,0.24095911641648082,2.494693345780287,0.6011191043292922,0.6727676453430841,2.494693345780287,2.7920406388785586,time_avg,0.8613896681229373,0.24095911641648082,10,0.6223100685070857,medium
50,cumulative_infected,3.9457693337390083,3.8614491596262543,3.8391363926930353,0.2052229302323222,3.740755485712725,4.011849941100081,3.544829113117885,4.2025176169729095,0.271094455387356,0.6576885038550246,1.0,1.0,-0.08432017411275394,-0.10663294104597298,0.10663294104597298,0.01137058411611395,0.6011191043292922,0.24095911641648082,2.494693345780287,0.6011191043292922,0.6727676453430841,2.494693345780287,2.7920406388785586,time_avg,0.8613896681229373,0.24095911641648082,10,0.6223100685070857,medium
50,early_growth_slope,0.03770961710030123,0.0386708750666557,0.038792472299454456,0.004427182158186511,0.035521833156789875,0.042450937606017314,0.03201132760981895,0.046525564591311616,0.006929104449227438,0.014514236981492665,1.0,1.0,0.0009612579663544688,0.0010828551991532223,0.0010828551991532223,1.1725753823331648e-06,0.6011191043292922,0.24095911641648082,2.494693345780287,0.6011191043292922,0.6727676453430841,2.494693345780287,2.7920406388785586,time_avg,0.8613896681229373,0.24095911641648082,10,0.6223100685070857,medium
51,peak_time,16.0,21.39,22.0,9.064187495274739,16.0,26.0,4.95,38.0,10.0,33.05,1.0,1.0,5.390000000000001,6.0,6.0,36.0,0.33457625077741115,0.2784027918681636,1.201770458307215,0.33457625077741115,0.33558620333887756,1.201770458307215,1.2053981250942085,time_avg,0.4098509093367513,0.2784027918681636,15,0.7376235502627918,medium
51,peak_height,0.09359702467918396,0.07384702537208795,0.07196445390582085,0.02023685877974395,0.06311729736626148,0.08049463666975498,0.0467935374006629,0.09717655666172502,0.0173773393034935,0.05038301926106212,0.0,1.0,-0.019749999307096006,-0.021632570773363113,0.021632570773363113,0.00046796811826456397,0.33457625077741115,0.2784027918681636,1.201770458307215,0.33457625077741115,0.33558620333887756,1.201770458307215,1.2053981250942085,time_avg,0.4098509093367513,0.2784027918681636,15,0.7376235502627918,medium
51,cumulative_infected,1.3402676214464009,1.182213208793255,1.1173286067787558,0.4358857683518151,0.9178504489827901,1.3459665191476233,0.6447756537963869,1.8093350833689326,0.4281160701648332,1.1645594295725457,1.0,1.0,-0.1580544126531458,-0.2229390146676451,0.2229390146676451,0.049701804260980476,0.33457625077741115,0.2784027918681636,1.201770458307215,0.33457625077741115,0.33558620333887756,1.201770458307215,1.2053981250942085,time_avg,0.4098509093367513,0.2784027918681636,15,0.7376235502627918,medium
51,early_growth_slope,0.0007938607817604431,0.0009682674978224294,0.001033238817139396,0.002100543107212963,-0.00031836785464769247,0.0021822089856002643,-0.0028746880155744096,0.004033843729467618,0.0025005768402479567,0.006908531745042027,1.0,1.0,0.0001744067160619863,0.00023937803537895286,0.00023937803537895286,5.7301843821887205e-08,0.33457625077741115,0.2784027918681636,1.201770458307215,0.33457625077741115,0.33558620333887756,1.201770458307215,1.2053981250942085,time_avg,0.4098509093367513,0.2784027918681636,15,0.7376235502627918,medium
52,peak_time,45.0,38.09,38.0,3.581927137757274,35.75,40.0,33.0,44.0,4.25,11.0,0.0,0.0,-6.909999999999997,-7.0,7.0,49.0,0.17528357886994186,0.061572437372365146,2.846786425067077,0.17528357886994186,0.1622649514171397,2.846786425067077,2.635350464296663,time_avg,0.221373478872909,0.061572437372365146,13,0.7186490045249933,medium
52,peak_height,0.29539456963539124,0.3608138923346996,0.3716321587562561,0.046465070345230834,0.3398390859365463,0.3950198069214821,0.27067487835884096,0.4173966467380524,0.05518072098493576,0.14672176837921141,0.0,1.0,0.06541932269930839,0.07623758912086487,0.07623758912086487,0.005812169994961813,0.17528357886994186,0.061572437372365146,2.846786425067077,0.17528357886994186,0.1622649514171397,2.846786425067077,2.635350464296663,time_avg,0.221373478872909,0.061572437372365146,13,0.7186490045249933,medium
52,cumulative_infected,7.636018743272871,9.102382379025657,9.358526025724132,1.3384352079943918,8.466243487084284,10.146343455999158,6.6667089312686585,10.772930711274967,1.680099968914874,4.106221780006308,0.0,1.0,1.4663636357527867,1.7225072824512608,1.7225072824512608,2.9670313380976276,0.17528357886994186,0.061572437372365146,2.846786425067077,0.17528357886994186,0.1622649514171397,2.846786425067077,2.635350464296663,time_avg,0.221373478872909,0.061572437372365146,13,0.7186490045249933,medium
52,early_growth_slope,0.008541371684432737,0.0020881497356371953,0.0018610753759276122,0.0025451424894158163,0.0003098580553861602,0.0033240420934383848,-0.0018976945247794923,0.006483219138629333,0.0030141840380522246,0.008380913663408825,0.0,0.0,-0.006453221948795542,-0.006680296308505125,0.006680296308505125,4.4626358769427194e-05,0.17528357886994186,0.061572437372365146,2.846786425067077,0.17528357886994186,0.1622649514171397,2.846786425067077,2.635350464296663,time_avg,0.221373478872909,0.061572437372365146,13,0.7186490045249933,medium
53,peak_time,19.0,20.52,20.0,1.6665454501374204,19.0,21.25,18.0,23.0,2.25,5.0,1.0,1.0,1.5199999999999996,1.0,1.0,1.0,0.307701535255333,0.0894728649880811,3.43904864671901,0.307701535255333,0.3033990988800449,3.43904864671901,3.3909621528321625,time_avg,0.39323453615461834,0.0894728649880811,20,0.6374809728239212,medium
53,peak_height,0.46942248940467834,0.45677911430597307,0.4588070511817932,0.026440568963064768,0.43800821155309677,0.4728713631629944,0.41440261751413343,0.49788227081298825,0.034863151609897614,0.08347965329885482,1.0,1.0,-0.012643375098705278,-0.010615438222885132,0.010615438222885132,0.00011268752866389065,0.307701535255333,0.0894728649880811,3.43904864671901,0.307701535255333,0.3033990988800449,3.43904864671901,3.3909621528321625,time_avg,0.39323453615461834,0.0894728649880811,20,0.6374809728239212,medium
53,cumulative_infected,10.076257015578449,10.677629564835224,10.682752107037231,0.49299014301411936,10.292152148322202,11.059035499944002,9.920848016429227,11.447359902897734,0.7668833516218001,1.5265118864685068,0.0,1.0,0.6013725492567747,0.6064950914587826,0.6064950914587826,0.367836295963597,0.307701535255333,0.0894728649880811,3.43904864671901,0.307701535255333,0.3033990988800449,3.43904864671901,3.3909621528321625,time_avg,0.39323453615461834,0.0894728649880811,20,0.6374809728239212,medium
53,early_growth_slope,0.006103821866591239,0.007759354358066133,0.007876063841173335,0.0028807200102844766,0.005863032654382375,0.009893369163148147,0.0028890350323525216,0.012048312370011227,0.0040303365087657715,0.009159277337658705,1.0,1.0,0.0016555324914748941,0.0017722419745820964,0.0017722419745820964,3.1408416164706478e-06,0.307701535255333,0.0894728649880811,3.43904864671901,0.307701535255333,0.3033990988800449,3.43904864671901,3.3909621528321625,time_avg,0.39323453615461834,0.0894728649880811,20,0.6374809728239212,medium
54,peak_time,23.0,21.75,20.5,14.100200586007865,8.0,34.0,2.0,44.05,26.0,42.05,1.0,1.0,-1.25,-2.5,2.5,6.25,0.17387825197885434,0.1853495767989753,0.9381097868242645,0.17387825197885434,0.1774612555284213,0.9381097868242645,0.9574408455266696,time_avg,0.18737602501966902,0.1853495767989753,30,0.8199106177084586,medium
54,peak_height,0.057160940021276474,0.05999279122799635,0.05340326949954033,0.02394300306609539,0.04417817387729883,0.06621495075523853,0.03711389806121588,0.09932298399507998,0.0220367768779397,0.0622090859338641,1.0,1.0,0.0028318512067198737,-0.003757670521736145,0.003757670521736145,1.4120087749924792e-05,0.17387825197885434,0.1853495767989753,0.9381097868242645,0.17387825197885434,0.1774612555284213,0.9381097868242645,0.9574408455266696,time_avg,0.18737602501966902,0.1853495767989753,30,0.8199106177084586,medium
54,cumulative_infected,0.8224905072711408,0.7868768812115196,0.5694675801787525,0.6227008179736945,0.4471228967013303,0.8006675210599496,0.3414439204148948,1.7734548724023613,0.35354462435861933,1.4320109519874666,0.0,1.0,-0.03561362605962126,-0.2530229270923883,0.2530229270923883,0.06402060163440003,0.17387825197885434,0.1853495767989753,0.9381097868242645,0.17387825197885434,0.1774612555284213,0.9381097868242645,0.9574408455266696,time_avg,0.18737602501966902,0.1853495767989753,30,0.8199106177084586,medium
54,early_growth_slope,-0.004395565267519225,6.612100242136939e-05,0.00013002713898285632,0.002475395333545778,-0.001774068858053179,0.0018861555976660122,-0.0039814208470661866,0.003720216911044969,0.0036602244557191912,0.007701637758111156,0.0,0.0,0.0044616862699405945,0.004525592406502081,0.004525592406502081,2.04809866297893e-05,0.17387825197885434,0.1853495767989753,0.9381097868242645,0.17387825197885434,0.1774612555284213,0.9381097868242645,0.9574408455266696,time_avg,0.18737602501966902,0.1853495767989753,30,0.8199106177084586,medium
55,peak_time,9.0,24.67,23.5,15.380070404798726,13.0,40.0,1.0,47.0,27.0,46.0,0.0,1.0,15.670000000000002,14.5,14.5,210.25,0.18879654891013536,0.2372919391561622,0.7956298455881725,0.18879654891013536,0.20903272376668788,0.7956298455881725,0.8809095012246628,time_avg,0.26045244030857917,0.2372919391561622,11,0.6472809879413661,medium
55,peak_height,0.040966738015413284,0.05485685355961323,0.051145242527127266,0.015503046652344967,0.044069540686905384,0.062032884918153286,0.03625421691685915,0.08732317313551902,0.017963344231247902,0.05106895621865987,0.0,1.0,0.013890115544199944,0.010178504511713982,0.010178504511713982,0.00010360195409498188,0.18879654891013536,0.2372919391561622,0.7956298455881725,0.18879654891013536,0.20903272376668788,0.7956298455881725,0.8809095012246628,time_avg,0.26045244030857917,0.2372919391561622,11,0.6472809879413661,medium
55,cumulative_infected,0.6245855362503789,0.6879163678859004,0.5190591085120104,0.39056745829117784,0.4201782367163105,0.878099980422121,0.34063197602190487,1.5269841266563162,0.4579217437058105,1.1863521506344115,1.0,1.0,0.06333083163552145,-0.10552642773836851,0.10552642773836851,0.011135826951221112,0.18879654891013536,0.2372919391561622,0.7956298455881725,0.18879654891013536,0.20903272376668788,0.7956298455881725,0.8809095012246628,time_avg,0.26045244030857917,0.2372919391561622,11,0.6472809879413661,medium
55,early_growth_slope,-0.0012338683674378039,4.2667838696659875e-05,-0.00016034979905400922,0.0020564213197004594,-0.0012198368023659673,0.0012095828961242836,-0.003064007325797102,0.003521517182733596,0.002429419698490251,0.006585524508530698,0.0,1.0,0.0012765362061344637,0.0010735185683837948,0.0010735185683837948,1.1524421166647922e-06,0.18879654891013536,0.2372919391561622,0.7956298455881725,0.18879654891013536,0.20903272376668788,0.7956298455881725,0.8809095012246628,time_avg,0.26045244030857917,0.2372919391561622,11,0.6472809879413661,medium
56,peak_time,10.0,11.25,11.0,0.8918825850158447,11.0,12.0,10.0,13.0,1.0,3.0,0.0,1.0,1.25,1.0,1.0,1.0,0.5627169267562065,0.06386143204699286,8.811530038069417,0.5627169267562065,0.5785332651254065,8.811530038069417,9.05919655387134,time_avg,0.7181101287438748,0.06386143204699286,14,0.6994557199366337,medium
56,peak_height,0.7038492560386658,0.7035147434473038,0.7055237293243408,0.02021976979960837,0.6933479160070419,0.7170326113700867,0.6682403475046158,0.7354716390371323,0.02368469536304474,0.0672312915325165,1.0,1.0,-0.0003345125913619684,0.0016744732856750488,0.0016744732856750488,2.8038607844393937e-06,0.5627169267562065,0.06386143204699286,8.811530038069417,0.5627169267562065,0.5785332651254065,8.811530038069417,9.05919655387134,time_avg,0.7181101287438748,0.06386143204699286,14,0.6994557199366337,medium
56,cumulative_infected,14.418993148952723,14.689037284558871,14.740788330323994,0.7884395070401897,14.229926151921973,15.267866483423859,13.200589053425938,15.833679592865519,1.0379403315018862,2.6330905394395803,1.0,1.0,0.2700441356061489,0.3217951813712716,0.3217951813712716,0.10355213875376959,0.5627169267562065,0.06386143204699286,8.811530038069417,0.5627169267562065,0.5785332651254065,8.811530038069417,9.05919655387134,time_avg,0.7181101287438748,0.06386143204699286,14,0.6994557199366337,medium
56,early_growth_slope,0.06340402539353816,0.05547776265026706,0.05538467776274218,0.005708863757894446,0.05120881397410161,0.05905874880651632,0.04760857769121814,0.06514406386884813,0.00784993483241471,0.017535486177629997,0.0,1.0,-0.0079262627432711,-0.008019347630795981,0.008019347630795981,6.430993642355312e-05,0.5627169267562065,0.06386143204699286,8.811530038069417,0.5627169267562065,0.5785332651254065,8.811530038069417,9.05919655387134,time_avg,0.7181101287438748,0.06386143204699286,14,0.6994557199366337,medium
57,peak_time,10.0,11.85,12.0,1.343709624716425,11.0,13.0,10.0,14.0,2.0,4.0,0.0,1.0,1.8499999999999996,2.0,2.0,4.0,0.5523227376830725,0.3244582308151546,1.702292268238784,0.5523227376830725,0.5622439808343732,1.702292268238784,1.7328701430129114,time_avg,0.6867831191223527,0.3244582308151546,10,0.7552713919149825,medium
57,peak_height,0.19593292474746704,0.17501694425940514,0.17260532826185226,0.018337802239877975,0.16250617802143097,0.1867506541311741,0.15015918239951134,0.20949772745370865,0.02424447610974312,0.059338545054197306,0.0,1.0,-0.020915980488061897,-0.023327596485614777,0.023327596485614777,0.0005441767577956669,0.5523227376830725,0.3244582308151546,1.702292268238784,0.5523227376830725,0.5622439808343732,1.702292268238784,1.7328701430129114,time_avg,0.6867831191223527,0.3244582308151546,10,0.7552713919149825,medium
57,cumulative_infected,2.439030513196485,2.285279073118304,2.278064619153156,0.17190111203624112,2.1725218013016274,2.38763969905267,2.0160191263159506,2.578202912087727,0.21511789775104262,0.5621837857717762,0.0,1.0,-0.1537514400781812,-0.16096589404332917,0.16096589404332917,0.025910019045168275,0.5523227376830725,0.3244582308151546,1.702292268238784,0.5523227376830725,0.5622439808343732,1.702292268238784,1.7328701430129114,time_avg,0.6867831191223527,0.3244582308151546,10,0.7552713919149825,medium
57,early_growth_slope,0.00793828382267661,0.010957377940171029,0.011421630531826632,0.0029708839220543965,0.008996498615791399,0.01259171372207458,0.005338371266788313,0.015503475554370582,0.0035952151062831807,0.010165104287582268,0.0,1.0,0.0030190941174944187,0.0034833467091500217,0.0034833467091500217,1.2133704296146286e-05,0.5523227376830725,0.3244582308151546,1.702292268238784,0.5523227376830725,0.5622439808343732,1.702292268238784,1.7328701430129114,time_avg,0.6867831191223527,0.3244582308151546,10,0.7552713919149825,medium
58,peak_time,12.0,11.84,12.0,1.1345804190416506,11.0,13.0,10.0,14.0,2.0,4.0,1.0,1.0,-0.16000000000000014,0.0,0.0,0.0,0.586504485085938,0.24642867036992627,2.380017244769073,0.586504485085938,0.674714359548331,2.380017244769073,2.7379702148109795,time_avg,0.6858457837666214,0.24642867036992627,26,0.6982396862141899,medium
58,peak_height,0.2767248749732971,0.2737222954630852,0.27203817665576935,0.018701739702959283,0.2604428231716156,0.2851156070828438,0.24774069264531134,0.3049828752875328,0.02467278391122818,0.05724218264222147,1.0,1.0,-0.0030025795102119335,-0.004686698317527771,0.004686698317527771,2.196514111951764e-05,0.586504485085938,0.24642867036992627,2.380017244769073,0.586504485085938,0.674714359548331,2.380017244769073,2.7379702148109795,time_avg,0.6858457837666214,0.24642867036992627,26,0.6982396862141899,medium
58,cumulative_infected,3.7782541386404773,3.655383414395956,3.640589100556099,0.19077569560751925,3.5308711783516173,3.775501140810775,3.3809074837481603,3.9701447467552495,0.24462996245915747,0.5892372630070892,0.0,1.0,-0.1228707242445215,-0.13766503808437847,0.13766503808437847,0.018951662710773372,0.586504485085938,0.24642867036992627,2.380017244769073,0.586504485085938,0.674714359548331,2.380017244769073,2.7379702148109795,time_avg,0.6858457837666214,0.24642867036992627,26,0.6982396862141899,medium
58,early_growth_slope,0.021464927676355553,0.01718402250782154,0.017033011780031727,0.0032955217404778193,0.014907152752303292,0.019169043246490342,0.012202404573049748,0.02293679370334194,0.00426189049418705,0.010734389130292192,0.0,1.0,-0.004280905168534015,-0.004431915896323826,0.004431915896323826,1.964187851208782e-05,0.586504485085938,0.24642867036992627,2.380017244769073,0.586504485085938,0.674714359548331,2.380017244769073,2.7379702148109795,time_avg,0.6858457837666214,0.24642867036992627,26,0.6982396862141899,medium
59,peak_time,11.0,11.91,12.0,0.9000000000000001,11.0,13.0,10.95,13.0,2.0,2.0500000000000007,1.0,1.0,0.9100000000000001,1.0,1.0,1.0,0.6048272018601176,0.19346178710744216,3.126339371217619,0.6048272018601176,0.668534500464386,3.126339371217619,3.4556410878862835,time_avg,0.6796018861480377,0.19346178710744216,26,0.7707766922933958,medium
59,peak_height,0.3628723919391632,0.3547008028626442,0.3491201102733612,0.02091692776350695,0.3406956046819687,0.3694479838013649,0.3279152736067772,0.3926427498459816,0.02875237911939621,0.06472747623920438,1.0,1.0,-0.008171589076518992,-0.013752281665802002,0.013752281665802002,0.00018912525101555389,0.6048272018601176,0.19346178710744216,3.126339371217619,0.6048272018601176,0.668534500464386,3.126339371217619,3.4556410878862835,time_avg,0.6796018861480377,0.19346178710744216,26,0.7707766922933958,medium
59,cumulative_infected,4.950896633439697,4.862794348867319,4.854328530607745,0.1971810323644049,4.7224614621081855,5.002796178334393,4.5784930927824465,5.175491720938589,0.2803347162262071,0.5969986281561424,1.0,1.0,-0.08810228457237823,-0.09656810283195227,0.09656810283195227,0.009325398484562509,0.6048272018601176,0.19346178710744216,3.126339371217619,0.6048272018601176,0.668534500464386,3.126339371217619,3.4556410878862835,time_avg,0.6796018861480377,0.19346178710744216,26,0.7707766922933958,medium
59,early_growth_slope,0.026666668942198154,0.022673467019875323,0.022568609000050588,0.003177017845265222,0.02065610125455783,0.02464890545455827,0.01730176367342383,0.028522307315394017,0.003992804200000442,0.011220543641970188,0.0,1.0,-0.003993201922322831,-0.004098059942147566,0.004098059942147566,1.679409528943451e-05,0.6048272018601176,0.19346178710744216,3.126339371217619,0.6048272018601176,0.668534500464386,3.126339371217619,3.4556410878862835,time_avg,0.6796018861480377,0.19346178710744216,26,0.7707766922933958,medium
60,peak_time,2.0,22.41,20.5,13.9045047565619,11.0,33.0,1.9500000000000002,46.05,22.0,44.099999999999994,0.0,1.0,20.41,18.5,18.5,342.25,0.10916378225910446,0.1945119586377279,0.5612188732437701,0.10916378225910446,0.12433309376005133,0.5612188732437701,0.6392053970913819,time_avg,0.1290172153658571,0.1945119586377279,25,0.6922359074259385,medium
60,peak_height,0.06308336555957794,0.052642521560192106,0.049591466784477234,0.018127828260741646,0.04327025730162859,0.055556779727339745,0.03565615713596344,0.07719582095742225,0.012286522425711155,0.04153966382145881,0.0,1.0,-0.010440843999385836,-0.013491898775100708,0.013491898775100708,0.00018203133255756399,0.10916378225910446,0.1945119586377279,0.5612188732437701,0.10916378225910446,0.12433309376005133,0.5612188732437701,0.6392053970913819,time_avg,0.1290172153658571,0.1945119586377279,25,0.6922359074259385,medium
60,cumulative_infected,0.4758372590877116,0.6179388038839897,0.5247474651550874,0.44488863668295675,0.41745802634977736,0.6481304647768411,0.2965394955084776,1.1403083049634,0.23067243842706375,0.8437688094549224,1.0,1.0,0.14210154479627812,0.04891020606737584,0.04891020606737584,0.0023922082575531683,0.10916378225910446,0.1945119586377279,0.5612188732437701,0.10916378225910446,0.12433309376005133,0.5612188732437701,0.6392053970913819,time_avg,0.1290172153658571,0.1945119586377279,25,0.6922359074259385,medium
60,early_growth_slope,-0.0054588452219918706,-0.0002822064751762802,-0.00043238793815752194,0.0023879877727108075,-0.0017914279219223223,0.0013569677200956944,-0.004356005175560267,0.0034212541067972758,0.003148395642018017,0.0077772592823575435,0.0,0.0,0.00517663874681559,0.005026457283834348,0.005026457283834348,2.5265272826211373e-05,0.10916378225910446,0.1945119586377279,0.5612188732437701,0.10916378225910446,0.12433309376005133,0.5612188732437701,0.6392053970913819,time_avg,0.1290172153658571,0.1945119586377279,25,0.6922359074259385,medium
61,peak_time,12.0,12.03,12.0,1.3443108707332978,11.0,13.0,10.0,14.0,2.0,4.0,1.0,1.0,0.02999999999999936,0.0,0.0,0.0,0.4876442666514603,0.3284261206029424,1.4847913611627988,0.4876442666514603,0.5354438776577296,1.4847913611627988,1.6303328026246293,time_avg,0.6652794512738976,0.3284261206029424,13,0.6391778728060411,medium
61,peak_height,0.19722101092338562,0.1885903887450695,0.1894916668534279,0.015623728816832615,0.177196703851223,0.19916746392846107,0.1622326299548149,0.2121749885380268,0.021970760077238083,0.04994235858321189,1.0,1.0,-0.008630622178316116,-0.007729344069957733,0.007729344069957733,5.9742759751790775e-05,0.4876442666514603,0.3284261206029424,1.4847913611627988,0.4876442666514603,0.5354438776577296,1.4847913611627988,1.6303328026246293,time_avg,0.6652794512738976,0.3284261206029424,13,0.6391778728060411,medium
61,cumulative_infected,2.632708739489317,2.4657250090390606,2.4388771783560514,0.18915289714349323,2.324499365844531,2.595943186340264,2.1835195944993755,2.785148385254433,0.27144382049573323,0.6016287907550577,0.0,1.0,-0.16698373045025638,-0.1938315611332655,0.1938315611332655,0.037570674091358836,0.4876442666514603,0.3284261206029424,1.4847913611627988,0.4876442666514603,0.5354438776577296,1.4847913611627988,1.6303328026246293,time_avg,0.6652794512738976,0.3284261206029424,13,0.6391778728060411,medium
61,early_growth_slope,0.011827566150930663,0.011392162667843441,0.011560082998281963,0.0029740093208969957,0.009267633480790426,0.013375666704849291,0.006913649313805978,0.015330033714971722,0.004108033224058866,0.008416384401165745,1.0,1.0,-0.00043540348308722214,-0.0002674831526486999,0.0002674831526486999,7.154723695088769e-08,0.4876442666514603,0.3284261206029424,1.4847913611627988,0.4876442666514603,0.5354438776577296,1.4847913611627988,1.6303328026246293,time_avg,0.6652794512738976,0.3284261206029424,13,0.6391778728060411,medium
62,peak_time,25.0,23.49,23.5,14.360084268625315,11.0,34.25,1.9000000000000004,48.0,23.25,46.1,1.0,1.0,-1.5100000000000016,-1.5,1.5,2.25,0.22342910209940647,0.46552312923419686,0.47995274148237443,0.22342910209940647,0.2558266140783399,0.47995274148237443,0.5495465166235335,time_avg,0.2569461652524362,0.46552312923419686,17,0.802357708005294,medium
62,peak_height,0.04750632122159004,0.050505836866796015,0.04896913096308708,0.013174127014307709,0.04034143965691328,0.05735428538173437,0.033901354856789113,0.07046989798545837,0.01701284572482109,0.03656854312866926,1.0,1.0,0.002999515645205973,0.0014628097414970398,0.0014628097414970398,2.1398123398186364e-06,0.22342910209940647,0.46552312923419686,0.47995274148237443,0.22342910209940647,0.2558266140783399,0.47995274148237443,0.5495465166235335,time_avg,0.2569461652524362,0.46552312923419686,17,0.802357708005294,medium
62,cumulative_infected,0.4375989650870906,0.5320452558289571,0.4785316139787028,0.30885010284128417,0.37427403207402676,0.5917511132279287,0.29845300907873024,0.8348144104005765,0.21747708115390196,0.5363614013218463,1.0,1.0,0.0944462907418665,0.04093264889161219,0.04093264889161219,0.0016754817452840005,0.22342910209940647,0.46552312923419686,0.47995274148237443,0.22342910209940647,0.2558266140783399,0.47995274148237443,0.5495465166235335,time_avg,0.2569461652524362,0.46552312923419686,17,0.802357708005294,medium
62,early_growth_slope,-0.00341306632340309,-0.0005524975323333767,-0.0006151044179291808,0.0019415880711642223,-0.001599985123556549,0.000625253706987548,-0.003271461564249224,0.0027738088553416577,0.002225238830544097,0.006045270419590881,0.0,0.0,0.002860568791069713,0.0027979619054739092,0.0027979619054739092,7.82859082448319e-06,0.22342910209940647,0.46552312923419686,0.47995274148237443,0.22342910209940647,0.2558266140783399,0.47995274148237443,0.5495465166235335,time_avg,0.2569461652524362,0.46552312923419686,17,0.802357708005294,medium
63,peak_time,8.0,9.75,10.0,1.2583057392117916,9.0,11.0,8.0,12.0,2.0,4.0,0.0,1.0,1.75,2.0,2.0,4.0,0.8715566072447626,0.4532056735352181,1.923092887267297,0.8715566072447626,0.9403089092160369,1.923092887267297,2.0747950966305955,time_avg,0.9407598698000622,0.4532056735352181,30,0.8160974315103197,medium
63,peak_height,0.17809180915355682,0.16331928730010986,0.1624908149242401,0.014538888409572528,0.15396614745259285,0.17207860201597214,0.13794704899191856,0.18789931908249854,0.018112454563379288,0.04995227009057998,0.0,1.0,-0.014772521853446963,-0.015600994229316711,0.015600994229316711,0.00024339102094317333,0.8715566072447626,0.4532056735352181,1.923092887267297,0.8715566072447626,0.9403089092160369,1.923092887267297,2.0747950966305955,time_avg,0.9407598698000622,0.4532056735352181,30,0.8160974315103197,medium
63,cumulative_infected,1.8522466130089015,1.8413157506094011,1.825586299994029,0.12574728402518448,1.7433083601572434,1.9286466056764766,1.6548707272449974,2.0710942097357474,0.18533824551923317,0.41622348249075003,1.0,1.0,-0.010930862399500363,-0.026660313014872372,0.026660313014872372,0.0007107722900509732,0.8715566072447626,0.4532056735352181,1.923092887267297,0.8715566072447626,0.9403089092160369,1.923092887267297,2.0747950966305955,time_avg,0.9407598698000622,0.4532056735352181,30,0.8160974315103197,medium
63,early_growth_slope,0.020390086674264493,0.015030754671529175,0.01529441686302778,0.0032756718568764257,0.012469414704745366,0.017265908628663354,0.009885798396897457,0.02016750525605554,0.004796493923917988,0.010281706859158083,0.0,0.0,-0.0053593320027353186,-0.005095669811236714,0.005095669811236714,2.5965850825149205e-05,0.8715566072447626,0.4532056735352181,1.923092887267297,0.8715566072447626,0.9403089092160369,1.923092887267297,2.0747950966305955,time_avg,0.9407598698000622,0.4532056735352181,30,0.8160974315103197,medium
64,peak_time,11.0,9.63,10.0,0.8245598764789551,9.0,10.0,8.0,11.0,1.0,3.0,0.0,1.0,-1.3699999999999992,-1.0,1.0,1.0,0.6231184489428042,0.271317189481482,2.296641986206825,0.6231184489428042,0.7000317298314107,2.296641986206825,2.5801230330052105,time_avg,0.8130180448702262,0.271317189481482,12,0.6926662440584936,medium
64,peak_height,0.32212191820144653,0.29039917662739756,0.29078400135040283,0.022922942885315968,0.27487362921237946,0.30402424931526184,0.2504251554608345,0.3298864230513573,0.029150620102882385,0.0794612675905228,0.0,1.0,-0.031722741574048974,-0.0313379168510437,0.0313379168510437,0.0009820650325629288,0.6231184489428042,0.271317189481482,2.296641986206825,0.6231184489428042,0.7000317298314107,2.296641986206825,2.5801230330052105,time_avg,0.8130180448702262,0.271317189481482,12,0.6926662440584936,medium
64,cumulative_infected,3.384317733347416,3.295499301697073,3.2659448969061486,0.19448849615712432,3.1740271266608033,3.4050677524974162,3.029509776283521,3.673094607873645,0.2310406258366129,0.643584831590124,1.0,1.0,-0.08881843165034287,-0.11837283644126728,0.11837283644126728,0.014012128407151015,0.6231184489428042,0.271317189481482,2.296641986206825,0.6231184489428042,0.7000317298314107,2.296641986206825,2.5801230330052105,time_avg,0.8130180448702262,0.271317189481482,12,0.6926662440584936,medium
64,early_growth_slope,0.03250718525738366,0.028328009675952615,0.028354762216275992,0.004499494584861824,0.02577562856077704,0.0312212778032214,0.02141957574668118,0.03541454817397087,0.00544564924244436,0.013994972427289691,0.0,1.0,-0.0041791755814310425,-0.004152423041107665,0.004152423041107665,1.7242617112321827e-05,0.6231184489428042,0.271317189481482,2.296641986206825,0.6231184489428042,0.7000317298314107,2.296641986206825,2.5801230330052105,time_avg,0.8130180448702262,0.271317189481482,12,0.6926662440584936,medium
65,peak_time,43.0,24.23,24.5,16.734320265474626,8.75,39.5,1.0,48.05,30.75,47.05,0.0,1.0,-18.77,-18.5,18.5,342.25,0.09561282377938304,0.1993788862511785,0.4795534049624971,0.09561282377938304,0.10891493008282983,0.4795534049624971,0.5462711329705106,time_avg,0.11345481410824892,0.1993788862511785,18,0.7542800619967167,medium
65,peak_height,0.037151336669921875,0.05168009614571929,0.048954304307699203,0.015474043370863642,0.04109807312488556,0.05862425081431866,0.03322697151452303,0.0861538492143154,0.017526177689433098,0.052926877699792374,0.0,1.0,0.014528759475797418,0.011802967637777328,0.011802967637777328,0.00013931004505841893,0.09561282377938304,0.1993788862511785,0.4795534049624971,0.09561282377938304,0.10891493008282983,0.4795534049624971,0.5462711329705106,time_avg,0.11345481410824892,0.1993788862511785,18,0.7542800619967167,medium
65,cumulative_infected,0.4385049666161649,0.5827911771162371,0.4484645381962764,0.35188432965543126,0.3707640541251749,0.6348046503117075,0.2841560744054732,1.4842271800327578,0.26404059618653264,1.2000711056272846,1.0,1.0,0.14428621050007218,0.009959571580111515,0.009959571580111515,9.919306605936498e-05,0.09561282377938304,0.1993788862511785,0.4795534049624971,0.09561282377938304,0.10891493008282983,0.4795534049624971,0.5462711329705106,time_avg,0.11345481410824892,0.1993788862511785,18,0.7542800619967167,medium
65,early_growth_slope,0.00017084548294189427,-0.00018672546203025067,-0.00029004681328799367,0.001893611055412412,-0.0013733907691771262,0.0011977278229009934,-0.003366997941953913,0.002639667616624917,0.00257111859207812,0.00600666555857883,1.0,1.0,-0.00035757094497214495,-0.0004608922962298879,0.0004608922962298879,2.1242170872405877e-07,0.09561282377938304,0.1993788862511785,0.4795534049624971,0.09561282377938304,0.10891493008282983,0.4795534049624971,0.5462711329705106,time_avg,0.11345481410824892,0.1993788862511785,18,0.7542800619967167,medium
66,peak_time,12.0,12.56,12.0,1.3803820288074407,12.0,13.0,11.0,15.0,1.0,4.0,1.0,1.0,0.5600000000000005,0.0,0.0,0.0,0.460663470981455,0.27897290707603106,1.6512839035509141,0.460663470981455,0.4713138819575641,1.6512839035509141,1.6894611268796527,time_avg,0.6492422404934769,0.27897290707603106,10,0.6369252534911186,medium
66,peak_height,0.1974726915359497,0.18982205882668496,0.18843208253383636,0.017562434145906067,0.17868123203516006,0.20200977101922035,0.16391686871647834,0.22205740138888358,0.023328538984060287,0.05814053267240524,1.0,1.0,-0.007650632709264749,-0.009040609002113342,0.009040609002113342,8.17326111290928e-05,0.460663470981455,0.27897290707603106,1.6512839035509141,0.460663470981455,0.4713138819575641,1.6512839035509141,1.6894611268796527,time_avg,0.6492422404934769,0.27897290707603106,10,0.6369252534911186,medium
66,cumulative_infected,2.7801804477348924,2.6077582604547387,2.5898996508913115,0.17909682446255962,2.4669155597803183,2.7119056857191026,2.3069463526378966,2.8931963848037414,0.24499012593878433,0.5862500321658448,0.0,1.0,-0.17242218728015368,-0.1902807968435809,0.1902807968435809,0.036206781647428105,0.460663470981455,0.27897290707603106,1.6512839035509141,0.460663470981455,0.4713138819575641,1.6512839035509141,1.6894611268796527,time_avg,0.6492422404934769,0.27897290707603106,10,0.6369252534911186,medium
66,early_growth_slope,0.013295479562310943,0.01149907892608185,0.011265338495528944,0.0029614087840097226,0.009301012611970126,0.013587941160602936,0.006986116407538899,0.016209533896541128,0.00428692854863281,0.009223417489002229,1.0,1.0,-0.0017964006362290938,-0.0020301410667819993,0.0020301410667819993,4.121472751034754e-06,0.460663470981455,0.27897290707603106,1.6512839035509141,0.460663470981455,0.4713138819575641,1.6512839035509141,1.6894611268796527,time_avg,0.6492422404934769,0.27897290707603106,10,0.6369252534911186,medium
67,peak_time,11.0,14.0,14.0,1.729132438507528,13.0,15.0,11.0,17.0,2.0,6.0,0.0,1.0,3.0,3.0,3.0,9.0,0.5561030418268734,0.34321988838262557,1.6202529650814501,0.5561030418268734,0.6444554025425169,1.6202529650814501,1.877674995989948,time_avg,0.6568974600625646,0.34321988838262557,27,0.6664345444546208,medium
67,peak_height,0.1459399163722992,0.15735051527619362,0.15558350086212158,0.017795735340182268,0.14643077179789543,0.16690720990300179,0.12974126487970353,0.19084425345063208,0.020476438105106354,0.06110298857092855,0.0,1.0,0.011410598903894426,0.009643584489822388,0.009643584489822388,9.299872181234292e-05,0.5561030418268734,0.34321988838262557,1.6202529650814501,0.5561030418268734,0.6444554025425169,1.6202529650814501,1.877674995989948,time_avg,0.6568974600625646,0.34321988838262557,27,0.6664345444546208,medium
67,cumulative_infected,2.447438939176209,2.311558385328244,2.3430409622960724,0.17962106942094153,2.1955242096446455,2.4180129769665655,1.9996131472755223,2.574898613881669,0.22248876732192002,0.5752854666061469,0.0,1.0,-0.1358805538479646,-0.10439797688013641,0.10439797688013641,0.010898937576665498,0.5561030418268734,0.34321988838262557,1.6202529650814501,0.5561030418268734,0.6444554025425169,1.6202529650814501,1.877674995989948,time_avg,0.6568974600625646,0.34321988838262557,27,0.6664345444546208,medium
67,early_growth_slope,0.0012460315843955405,0.008003012311076288,0.008175284823491459,0.0025064822918461293,0.006749863389857291,0.009611165580627995,0.0036084707022555874,0.012053306726738804,0.0028613021907707044,0.008444836024483217,0.0,0.0,0.006756980726680748,0.006929253239095918,0.006929253239095918,4.8014550451521276e-05,0.5561030418268734,0.34321988838262557,1.6202529650814501,0.5561030418268734,0.6444554025425169,1.6202529650814501,1.877674995989948,time_avg,0.6568974600625646,0.34321988838262557,27,0.6664345444546208,medium
68,peak_time,18.0,20.02,20.0,1.5697905670000771,19.0,21.0,18.0,23.0,2.0,5.0,0.0,1.0,2.0199999999999996,2.0,2.0,4.0,0.3417578059534241,0.10367238330717621,3.2965173081900936,0.3417578059534241,0.3535215642040074,3.2965173081900936,3.4099878186126023,time_avg,0.3969083986669887,0.10367238330717621,26,0.7105199372471332,medium
68,peak_height,0.4027622938156128,0.39835954070091245,0.39880263805389404,0.02235876473290838,0.3830900117754936,0.4130413234233856,0.36569432765245435,0.43340749591588973,0.029951311647892,0.06771316826343537,1.0,1.0,-0.004402753114700342,-0.00395965576171875,0.00395965576171875,1.5678873751312494e-05,0.3417578059534241,0.10367238330717621,3.2965173081900936,0.3417578059534241,0.3535215642040074,3.2965173081900936,3.4099878186126023,time_avg,0.3969083986669887,0.10367238330717621,26,0.7105199372471332,medium
68,cumulative_infected,8.743180065881461,8.774187901330006,8.752773101674393,0.4548343380189412,8.485043197870255,9.04132321011275,8.09984348043945,9.516489071235991,0.556280012242496,1.4166455907965414,1.0,1.0,0.031007835448544796,0.009593035792931914,0.009593035792931914,9.202633572447284e-05,0.3417578059534241,0.10367238330717621,3.2965173081900936,0.3417578059534241,0.3535215642040074,3.2965173081900936,3.4099878186126023,time_avg,0.3969083986669887,0.10367238330717621,26,0.7105199372471332,medium
68,early_growth_slope,0.01001851773998212,0.007402538726915042,0.0074372137938293476,0.0027327179410825252,0.005702496825029985,0.009616535650690948,0.003139016964650226,0.011764036933233172,0.003914038825660963,0.008625019968582946,0.0,1.0,-0.002615979013067078,-0.0025813039461527725,0.0025813039461527725,6.663130062423875e-06,0.3417578059534241,0.10367238330717621,3.2965173081900936,0.3417578059534241,0.3535215642040074,3.2965173081900936,3.4099878186126023,time_avg,0.3969083986669887,0.10367238330717621,26,0.7105199372471332,medium
69,peak_time,8.0,9.01,9.0,0.9586922911398157,8.0,10.0,8.0,10.0,2.0,2.0,1.0,1.0,1.0099999999999998,1.0,1.0,1.0,0.8330936192851547,0.42726747519896874,1.9498175443782655,0.8330936192851547,0.9642621335986135,1.9498175443782655,2.256811457856881,time_avg,0.964894141280031,0.42726747519896874,30,0.6585104097014485,medium
69,peak_height,0.21341867744922638,0.19649016350507736,0.19465456902980804,0.017690619015464284,0.18487532064318657,0.20501279458403587,0.1703924484550953,0.2235679417848587,0.020137473940849304,0.0531754933297634,0.0,1.0,-0.016928513944149015,-0.018764108419418335,0.018764108419418335,0.00035209176477568604,0.8330936192851547,0.42726747519896874,1.9498175443782655,0.8330936192851547,0.9642621335986135,1.9498175443782655,2.256811457856881,time_avg,0.964894141280031,0.42726747519896874,30,0.6585104097014485,medium
69,cumulative_infected,2.24199578340631,2.1085673119063997,2.0898043923662044,0.15830249999185556,2.012050101242494,2.208436578337569,1.8510314949948223,2.381144918286009,0.19638647709507495,0.5301134232911866,0.0,1.0,-0.1334284714999101,-0.15219139104010537,0.15219139104010537,0.023162219506722266,0.8330936192851547,0.42726747519896874,1.9498175443782655,0.8330936192851547,0.9642621335986135,1.9498175443782655,2.256811457856881,time_avg,0.964894141280031,0.42726747519896874,30,0.6585104097014485,medium
69,early_growth_slope,0.021792654180899255,0.02029814268397222,0.02003905096180027,0.0036260133496760004,0.018150398224991343,0.022244377815652458,0.014300154291448139,0.027049785254833595,0.004093979590661115,0.012749630963385456,1.0,1.0,-0.0014945114969270347,-0.001753603219098985,0.001753603219098985,3.0751242500343223e-06,0.8330936192851547,0.42726747519896874,1.9498175443782655,0.8330936192851547,0.9642621335986135,1.9498175443782655,2.256811457856881,time_avg,0.964894141280031,0.42726747519896874,30,0.6585104097014485,medium
70,peak_time,29.0,29.07,29.0,2.5554655232274293,28.0,30.0,25.0,33.05,2.0,8.049999999999997,1.0,1.0,0.07000000000000028,0.0,0.0,0.0,0.24267816099649708,0.09106882650441542,2.664777512914707,0.24267816099649708,0.23502057844506508,2.664777512914707,2.580691851054765,time_avg,0.2791514826197025,0.09106882650441542,30,0.6733554727981305,medium
70,peak_height,0.3467494547367096,0.32561071529984476,0.3257210850715637,0.025917151480630195,0.30710993707180023,0.34550222009420395,0.28995364606380464,0.36350712180137634,0.03839228302240372,0.0735534757375717,0.0,1.0,-0.02113873943686484,-0.021028369665145874,0.021028369665145874,0.0004421923307740272,0.24267816099649708,0.09106882650441542,2.664777512914707,0.24267816099649708,0.23502057844506508,2.664777512914707,2.580691851054765,time_avg,0.2791514826197025,0.09106882650441542,30,0.6733554727981305,medium
70,cumulative_infected,8.314262928441167,8.371726573233463,8.327493861317635,0.652312602526791,7.850350918015465,8.832062855130062,7.488150105357636,9.335526606507482,0.9817119371145964,1.8473765011498466,1.0,1.0,0.057463644792296265,0.013230932876467705,0.013230932876467705,0.00017505758478159397,0.24267816099649708,0.09106882650441542,2.664777512914707,0.24267816099649708,0.23502057844506508,2.664777512914707,2.580691851054765,time_avg,0.2791514826197025,0.09106882650441542,30,0.6733554727981305,medium
70,early_growth_slope,0.000661889224180153,0.002473054545512458,0.002743009475081981,0.0028626470381413528,0.0010109305259816005,0.00433835235890001,-0.0026076189879815814,0.007032001441707721,0.0033274218329184093,0.009639620429689303,0.0,1.0,0.001811165321332305,0.002081120250901828,0.002081120250901828,4.331061498713688e-06,0.24267816099649708,0.09106882650441542,2.664777512914707,0.24267816099649708,0.23502057844506508,2.664777512914707,2.580691851054765,time_avg,0.2791514826197025,0.09106882650441542,30,0.6733554727981305,medium
71,peak_time,36.0,22.99,22.0,15.45374002654635,9.5,35.25,0.9500000000000002,47.05,25.75,46.099999999999994,0.0,1.0,-13.010000000000002,-14.0,14.0,196.0,0.10577586839689693,0.24478379864164718,0.43211956421898734,0.10577586839689693,0.1265747128904481,0.43211956421898734,0.5170877876429558,time_avg,0.12868088007638212,0.24478379864164718,23,0.6703730323404276,medium
71,peak_height,0.04292840510606766,0.050049802754074335,0.04781464487314224,0.01295054154787393,0.04156355652958155,0.05585261434316635,0.03158061560243368,0.06895329877734183,0.014289057813584805,0.03737268317490815,1.0,1.0,0.007121397648006678,0.004886239767074585,0.004886239767074585,2.3875339061341094e-05,0.10577586839689693,0.24478379864164718,0.43211956421898734,0.10577586839689693,0.1265747128904481,0.43211956421898734,0.5170877876429558,time_avg,0.12868088007638212,0.24478379864164718,23,0.6703730323404276,medium
71,cumulative_infected,0.42345599830150604,0.5725931468326053,0.47565694684453774,0.26529881249362613,0.40820655060815625,0.6450179869789281,0.33315452123642897,1.0654116831487044,0.23681143637077184,0.7322571619122754,1.0,1.0,0.14913714853109927,0.0522009485430317,0.0522009485430317,0.0027249390287922433,0.10577586839689693,0.24478379864164718,0.43211956421898734,0.10577586839689693,0.1265747128904481,0.43211956421898734,0.5170877876429558,time_avg,0.12868088007638212,0.24478379864164718,23,0.6703730323404276,medium
71,early_growth_slope,-0.0023638938243190424,-0.00019310940159942018,4.601448641291716e-05,0.0020511298987459666,-0.0015104686257299826,0.0008609901345889307,-0.00374357709633408,0.003397183485088003,0.002371458760318913,0.0071407605814220836,0.0,1.0,0.002170784422719622,0.00240990831073196,0.00240990831073196,5.807658066134968e-06,0.10577586839689693,0.24478379864164718,0.43211956421898734,0.10577586839689693,0.1265747128904481,0.43211956421898734,0.5170877876429558,time_avg,0.12868088007638212,0.24478379864164718,23,0.6703730323404276,medium
72,peak_time,27.0,20.05,17.0,16.38758769017058,5.0,36.0,0.9500000000000002,47.0,31.0,46.05,1.0,1.0,-6.949999999999999,-10.0,10.0,100.0,0.21742151300134238,0.3737160540142773,0.5817826413018802,0.21742151300134238,0.25186391379885764,0.5817826413018802,0.6739445926752601,time_avg,0.25352098817606294,0.3737160540142773,27,0.6904511910053597,medium
72,peak_height,0.033899322152137756,0.05240635819733143,0.04909350909292698,0.013222244296585459,0.04338063579052687,0.05925534386187792,0.03792646545916796,0.07534784115850925,0.01587470807135105,0.037421375699341286,0.0,0.0,0.018507036045193673,0.015194186940789223,0.015194186940789223,0.00023086331679164976,0.21742151300134238,0.3737160540142773,0.5817826413018802,0.21742151300134238,0.25186391379885764,0.5817826413018802,0.6739445926752601,time_avg,0.25352098817606294,0.3737160540142773,27,0.6904511910053597,medium
72,cumulative_infected,0.3969924806151539,0.5604417438581913,0.48342491817311384,0.25608101872052613,0.4061857969063567,0.588179981434223,0.32256685135071167,1.151397488353541,0.1819941845278663,0.8288306370028293,0.0,1.0,0.16344926324303743,0.08643243755795993,0.08643243755795993,0.007470566262210642,0.21742151300134238,0.3737160540142773,0.5817826413018802,0.21742151300134238,0.25186391379885764,0.5817826413018802,0.6739445926752601,time_avg,0.25352098817606294,0.3737160540142773,27,0.6904511910053597,medium
72,early_growth_slope,-0.0009817230637140912,-0.000267980657769103,-0.0002793867717541393,0.0022926786583328104,-0.0014150068136153816,0.0008512586804759589,-0.004437466734608666,0.003310984003889772,0.0022662654940913407,0.007748450738498438,1.0,1.0,0.0007137424059449882,0.0007023362919599519,0.0007023362919599519,4.932762670040547e-07,0.21742151300134238,0.3737160540142773,0.5817826413018802,0.21742151300134238,0.25186391379885764,0.5817826413018802,0.6739445926752601,time_avg,0.25352098817606294,0.3737160540142773,27,0.6904511910053597,medium
73,peak_time,13.0,22.84,19.5,14.566267937126572,12.0,35.0,1.0,46.05,23.0,45.05,1.0,1.0,9.84,6.5,6.5,42.25,0.10562400808141457,0.2714882301583751,0.389055569811619,0.10562400808141457,0.12582419795740415,0.389055569811619,0.4634609680279822,time_avg,0.12722708004934427,0.2714882301583751,21,0.7072425477946247,medium
73,peak_height,0.0370512418448925,0.053186250869184735,0.04826918616890907,0.020142056152968314,0.04281078092753887,0.054861048236489296,0.03602617550641298,0.0907137345522642,0.012050267308950424,0.054687559045851215,0.0,1.0,0.016135009024292234,0.011217944324016571,0.011217944324016571,0.0001258422748567356,0.10562400808141457,0.2714882301583751,0.389055569811619,0.10562400808141457,0.12582419795740415,0.389055569811619,0.4634609680279822,time_avg,0.12722708004934427,0.2714882301583751,21,0.7072425477946247,medium
73,cumulative_infected,0.42481712251901627,0.6328010513176286,0.46889770054258406,0.5168594034558169,0.40261961513897404,0.640629985864507,0.33350118320377076,1.4576851999387137,0.238010370725533,1.1241840167349428,1.0,1.0,0.20798392879861238,0.044080578023567796,0.044080578023567796,0.001943097358891848,0.10562400808141457,0.2714882301583751,0.389055569811619,0.10562400808141457,0.12582419795740415,0.389055569811619,0.4634609680279822,time_avg,0.12722708004934427,0.2714882301583751,21,0.7072425477946247,medium
73,early_growth_slope,0.0006087403079228742,-0.00016291969654698006,-0.0002012670904930145,0.0023663180182843264,-0.0015866772460174676,0.0013504319594219501,-0.004063561976155529,0.003771431685059463,0.0029371092054394175,0.007834993661214993,1.0,1.0,-0.0007716600044698544,-0.0008100073984158888,0.0008100073984158888,6.561119854884764e-07,0.10562400808141457,0.2714882301583751,0.389055569811619,0.10562400808141457,0.12582419795740415,0.389055569811619,0.4634609680279822,time_avg,0.12722708004934427,0.2714882301583751,21,0.7072425477946247,medium
74,peak_time,25.0,20.12,17.0,14.966818518498064,7.0,32.0,0.0,47.0,25.0,47.0,1.0,1.0,-4.879999999999999,-8.0,8.0,64.0,0.14461823596594076,0.16604354449852726,0.8709657240978944,0.14461823596594076,0.15100518690093545,0.8709657240978944,0.9094312420093803,time_avg,0.1952040934100503,0.16604354449852726,10,0.6760707180852523,medium
74,peak_height,0.04760794714093208,0.050938557907938956,0.04895692132413387,0.012117634650310169,0.04251018725335598,0.05686953291296959,0.03592651057988405,0.07467283010482788,0.01435934565961361,0.038746319524943826,1.0,1.0,0.0033306107670068724,0.0013489741832017899,0.0013489741832017899,1.819731346944936e-06,0.14461823596594076,0.16604354449852726,0.8709657240978944,0.14461823596594076,0.15100518690093545,0.8709657240978944,0.9094312420093803,time_avg,0.1952040934100503,0.16604354449852726,10,0.6760707180852523,medium
74,cumulative_infected,0.5094195826677606,0.5586769008385636,0.5028927144012414,0.22703283066876606,0.4134457679319894,0.6009494720201474,0.3519141268581734,1.0906485913554205,0.18750370408815797,0.7387344644972471,1.0,1.0,0.04925731817080303,-0.006526868266519159,0.006526868266519159,4.2600009368494816e-05,0.14461823596594076,0.16604354449852726,0.8709657240978944,0.14461823596594076,0.15100518690093545,0.8709657240978944,0.9094312420093803,time_avg,0.1952040934100503,0.16604354449852726,10,0.6760707180852523,medium
74,early_growth_slope,0.0024946759443818813,-0.00031250906114846133,-0.000224568908812389,0.0025231637190190007,-0.002226694432985301,0.0010660250637946384,-0.0040544495974678425,0.0035393551973919787,0.003292719496779939,0.007593804794859821,0.0,1.0,-0.0028071850055303425,-0.0027192448531942704,0.0027192448531942704,7.39429257162353e-06,0.14461823596594076,0.16604354449852726,0.8709657240978944,0.14461823596594076,0.15100518690093545,0.8709657240978944,0.9094312420093803,time_avg,0.1952040934100503,0.16604354449852726,10,0.6760707180852523,medium
75,peak_time,21.0,23.66,21.0,12.233601681475905,14.75,33.0,5.95,45.0,18.25,39.05,1.0,1.0,2.66,0.0,0.0,0.0,0.2327452651191134,0.19841472729635684,1.1730241413555944,0.2327452651191134,0.2295814932353392,1.1730241413555944,1.1570788941106722,time_avg,0.2886835928424735,0.19841472729635684,17,0.7064085243966756,medium
75,peak_height,0.06401298940181732,0.07061813928186894,0.06503834575414658,0.024056718586709006,0.05336503218859434,0.07991913706064224,0.044759147241711615,0.11765347085893153,0.0265541048720479,0.07289432361721992,1.0,1.0,0.0066051498800516195,0.0010253563523292542,0.0010253563523292542,1.0513556492619536e-06,0.2327452651191134,0.19841472729635684,1.1730241413555944,0.2327452651191134,0.2295814932353392,1.1730241413555944,1.1570788941106722,time_avg,0.2886835928424735,0.19841472729635684,17,0.7064085243966756,medium
75,cumulative_infected,1.2856139171635732,1.1325308521882347,0.9841366853070213,0.6047633948723596,0.710049714150955,1.4144540716079064,0.4635133918491192,2.2606374116148795,0.7044043574569514,1.7971240197657603,1.0,1.0,-0.15308306497533852,-0.30147723185655195,0.30147723185655195,0.09088852132788919,0.2327452651191134,0.19841472729635684,1.1730241413555944,0.2327452651191134,0.2295814932353392,1.1730241413555944,1.1570788941106722,time_avg,0.2886835928424735,0.19841472729635684,17,0.7064085243966756,medium
75,early_growth_slope,0.0012221016610662167,0.0007743253926279951,0.0008963047210792359,0.0026176418708689832,-0.0009145904609578681,0.0024217963828483515,-0.003207824309633687,0.004746070402602308,0.0033363868438062196,0.007953894712235995,1.0,1.0,-0.0004477762684382216,-0.00032579693998698077,0.00032579693998698077,1.0614364610488035e-07,0.2327452651191134,0.19841472729635684,1.1730241413555944,0.2327452651191134,0.2295814932353392,1.1730241413555944,1.1570788941106722,time_avg,0.2886835928424735,0.19841472729635684,17,0.7064085243966756,medium
76,peak_time,36.0,20.34,19.0,14.686776846585984,8.0,31.0,0.0,46.05,23.0,46.05,0.0,1.0,-15.66,-17.0,17.0,289.0,0.0818996139084113,0.46346005926641953,0.17671342388823066,0.0818996139084113,0.11851894157088225,0.17671342388823066,0.25572633326478683,time_avg,0.11987591206446396,0.46346005926641953,10,0.6040040749008995,medium
76,peak_height,0.04125337675213814,0.05153319284319877,0.04888811521232128,0.013237586788339216,0.042171841487288475,0.06001946143805981,0.03441631179302931,0.07432103492319583,0.017847619950771332,0.039904723130166526,0.0,1.0,0.010279816091060635,0.007634738460183144,0.007634738460183144,5.828923135539968e-05,0.0818996139084113,0.46346005926641953,0.17671342388823066,0.0818996139084113,0.11851894157088225,0.17671342388823066,0.25572633326478683,time_avg,0.11987591206446396,0.46346005926641953,10,0.6040040749008995,medium
76,cumulative_infected,0.42330653335375246,0.5432716674119638,0.48145292603294365,0.22774796517224047,0.3856605099281296,0.613331526692491,0.30709034214232817,1.0074718240386573,0.2276710167643614,0.7003814818963292,1.0,1.0,0.1199651340582113,0.058146392679191194,0.058146392679191194,0.0033810029816026994,0.0818996139084113,0.46346005926641953,0.17671342388823066,0.0818996139084113,0.11851894157088225,0.17671342388823066,0.25572633326478683,time_avg,0.11987591206446396,0.46346005926641953,10,0.6040040749008995,medium
76,early_growth_slope,0.002009016275960242,-0.00030977155739914645,-0.0005092608986333712,0.0023064100892995175,-0.0019586199459375874,0.0012095678927532085,-0.003972548811898808,0.0035510813476451247,0.003168187838690796,0.007523630159543933,0.0,1.0,-0.002318787833359388,-0.002518277174593613,0.002518277174593613,6.341719928079192e-06,0.0818996139084113,0.46346005926641953,0.17671342388823066,0.0818996139084113,0.11851894157088225,0.17671342388823066,0.25572633326478683,time_avg,0.11987591206446396,0.46346005926641953,10,0.6040040749008995,medium
77,peak_time,14.0,15.19,15.0,3.320262250808122,13.0,17.0,10.0,21.0,4.0,11.0,1.0,1.0,1.1899999999999995,1.0,1.0,1.0,0.6274700988958538,0.44512069686846634,1.409662824735539,0.6274700988958538,0.6730923323085188,1.409662824735539,1.512156898216347,time_avg,0.681268302894532,0.44512069686846634,28,0.8205279110564022,medium
77,peak_height,0.09019486606121063,0.09883995801210403,0.09777404367923737,0.017235211081143516,0.0876291822642088,0.1083277054131031,0.07227395661175251,0.12174058742821216,0.02069852314889431,0.04946663081645965,1.0,1.0,0.0086450919508934,0.007579177618026733,0.007579177618026733,5.744393336559739e-05,0.6274700988958538,0.44512069686846634,1.409662824735539,0.6274700988958538,0.6730923323085188,1.409662824735539,1.512156898216347,time_avg,0.681268302894532,0.44512069686846634,28,0.8205279110564022,medium
77,cumulative_infected,1.5317674078978598,1.489937248829665,1.4826873874408193,0.19432596843818128,1.3852014180156402,1.5993578359484673,1.151019794173044,1.8365829410140577,0.21415641793282703,0.6855631468410137,1.0,1.0,-0.04183015906819487,-0.04908002045704052,0.04908002045704052,0.0024088484080635156,0.6274700988958538,0.44512069686846634,1.409662824735539,0.6274700988958538,0.6730923323085188,1.409662824735539,1.512156898216347,time_avg,0.681268302894532,0.44512069686846634,28,0.8205279110564022,medium
77,early_growth_slope,0.002974231730193076,0.003516827245617779,0.003743746054602698,0.0026336534974613908,0.0016119362775325068,0.005409627695847856,-0.000791450067412196,0.00691453549897276,0.003797691418315349,0.0077059855663849566,1.0,1.0,0.0005425955154247028,0.0007695143244096218,0.0007695143244096218,5.921522954715966e-07,0.6274700988958538,0.44512069686846634,1.409662824735539,0.6274700988958538,0.6730923323085188,1.409662824735539,1.512156898216347,time_avg,0.681268302894532,0.44512069686846634,28,0.8205279110564022,medium
78,peak_time,10.0,11.24,11.0,0.9333333333333333,11.0,12.0,10.0,13.0,1.0,3.0,0.0,1.0,1.2400000000000002,1.0,1.0,1.0,0.6446607270011709,0.06036938635411579,10.678603277822122,0.6446607270011709,0.6754935659194641,10.678603277822122,11.189339609270537,time_avg,0.7174105271989549,0.06036938635411579,26,0.7887373017271719,medium
78,peak_height,0.7254431247711182,0.7149810248613357,0.7158296406269073,0.019321871039805195,0.7041212320327759,0.7261787503957748,0.6845363110303879,0.7450625509023666,0.022057518362998962,0.06052623987197869,1.0,1.0,-0.010462099909782419,-0.009613484144210815,0.009613484144210815,9.241907739099275e-05,0.6446607270011709,0.06036938635411579,10.678603277822122,0.6446607270011709,0.6754935659194641,10.678603277822122,11.189339609270537,time_avg,0.7174105271989549,0.06036938635411579,26,0.7887373017271719,medium
78,cumulative_infected,15.30378320813179,15.316994157840963,15.425158104859293,0.6785543914066163,14.949350169103127,15.751178300823085,13.722711719200015,16.302411628793926,0.801828131719958,2.579699909593911,1.0,1.0,0.013210949709172581,0.12137489672750235,0.12137489672750235,0.01473186555561186,0.6446607270011709,0.06036938635411579,10.678603277822122,0.6446607270011709,0.6754935659194641,10.678603277822122,11.189339609270537,time_avg,0.7174105271989549,0.06036938635411579,26,0.7887373017271719,medium
78,early_growth_slope,0.059420631300391887,0.05571462952599998,0.05608165261912203,0.006437731266779555,0.0513107889065785,0.0602430820997272,0.04558295597823979,0.06549251776471333,0.0089322931931487,0.019909561786473545,1.0,1.0,-0.003706001774391905,-0.0033389786812698594,0.0033389786812698594,1.1148778633974609e-05,0.6446607270011709,0.06036938635411579,10.678603277822122,0.6446607270011709,0.6754935659194641,10.678603277822122,11.189339609270537,time_avg,0.7174105271989549,0.06036938635411579,26,0.7887373017271719,medium
79,peak_time,42.0,22.99,22.5,15.50072986225572,9.5,36.0,1.0,46.099999999999994,26.5,45.099999999999994,0.0,1.0,-19.01,-19.5,19.5,380.25,0.12780066549470515,0.3963592205471857,0.3224364638679845,0.12780066549470515,0.16169164474993372,0.3224364638679845,0.4079421806479324,time_avg,0.165658333592008,0.3963592205471857,10,0.714339242128465,medium
79,peak_height,0.051454879343509674,0.05111726585775614,0.05035432428121567,0.010978235834329674,0.04294849373400211,0.05749156419187784,0.0370717316865921,0.06821739971637725,0.014543070457875729,0.031145668029785148,1.0,1.0,-0.0003376134857535351,-0.0011005550622940063,0.0011005550622940063,1.2112214451409642e-06,0.12780066549470515,0.3963592205471857,0.3224364638679845,0.12780066549470515,0.16169164474993372,0.3224364638679845,0.4079421806479324,time_avg,0.165658333592008,0.3963592205471857,10,0.714339242128465,medium
79,cumulative_infected,0.4732040401431732,0.5700324868813231,0.5059871446792386,0.2566753653122897,0.42640205172938295,0.6026551986724371,0.3186672869836912,1.1507361243246121,0.17625314694305416,0.832068837340921,1.0,1.0,0.09682844673814994,0.032783104536065366,0.032783104536065366,0.0010747319430225895,0.12780066549470515,0.3963592205471857,0.3224364638679845,0.12780066549470515,0.16169164474993372,0.3224364638679845,0.4079421806479324,time_avg,0.165658333592008,0.3963592205471857,10,0.714339242128465,medium
79,early_growth_slope,0.0021355562507995355,-0.0007452731206389468,-0.0008643999553030527,0.0025024117755762885,-0.0026199783453540416,0.0008365884750674013,-0.004091045203884794,0.0030691031494089163,0.003456566820421443,0.00716014835329371,0.0,1.0,-0.002880829371438482,-0.002999956206102588,0.002999956206102588,8.999737238533434e-06,0.12780066549470515,0.3963592205471857,0.3224364638679845,0.12780066549470515,0.16169164474993372,0.3224364638679845,0.4079421806479324,time_avg,0.165658333592008,0.3963592205471857,10,0.714339242128465,medium
80,peak_time,0.0,21.9,20.0,14.800013650007356,8.75,34.5,0.9500000000000002,46.05,25.75,45.099999999999994,0.0,0.0,21.9,20.0,20.0,400.0,0.3405357085833423,0.41308465617465256,0.8243726884867966,0.3405357085833423,0.3944109664702124,0.8243726884867966,0.9547945211101113,time_avg,0.4208321475747494,0.41308465617465256,23,0.6466593388830059,medium
80,peak_height,0.04171193018555641,0.05028762970119715,0.04770251549780369,0.012281463662787474,0.04214861989021301,0.057677323929965496,0.035311839915812014,0.06977585516870022,0.015528704039752483,0.034464015252888204,0.0,1.0,0.008575699515640738,0.005990585312247276,0.005990585312247276,3.58871123833128e-05,0.3405357085833423,0.41308465617465256,0.8243726884867966,0.3405357085833423,0.3944109664702124,0.8243726884867966,0.9547945211101113,time_avg,0.4208321475747494,0.41308465617465256,23,0.6466593388830059,medium
80,cumulative_infected,0.4396409153996501,0.5372384505755156,0.45908354088896886,0.2760039840512684,0.400321402164991,0.5368496945884544,0.3394600638377597,0.9527020281100703,0.13652829242346343,0.6132419642723106,1.0,1.0,0.09759753517586545,0.019442625489318743,0.019442625489318743,0.0003780156859179069,0.3405357085833423,0.41308465617465256,0.8243726884867966,0.3405357085833423,0.3944109664702124,0.8243726884867966,0.9547945211101113,time_avg,0.4208321475747494,0.41308465617465256,23,0.6466593388830059,medium
80,early_growth_slope,-0.002848286503216339,-0.0002083463646646669,-0.00019691829220391772,0.0021086873029826517,-0.001430541024048924,0.0011113128719097455,-0.003577210014510627,0.002992036635747094,0.0025418538959586694,0.006569246650257721,0.0,1.0,0.002639940138551672,0.0026513682110124214,0.0026513682110124214,7.029753390367208e-06,0.3405357085833423,0.41308465617465256,0.8243726884867966,0.3405357085833423,0.3944109664702124,0.8243726884867966,0.9547945211101113,time_avg,0.4208321475747494,0.41308465617465256,23,0.6466593388830059,medium
81,peak_time,11.0,11.83,12.0,0.9433981132056604,11.0,12.25,10.0,13.0,1.25,3.0,1.0,1.0,0.8300000000000001,1.0,1.0,1.0,0.6017040274040109,0.0786354498216088,7.6518164360861105,0.6017040274040109,0.6346753460349549,7.6518164360861105,8.071109753613285,time_avg,0.6679157949886697,0.0786354498216088,25,0.8017361826702057,medium
81,peak_height,0.6451423168182373,0.6488978177309036,0.6489122211933136,0.022489597917968323,0.630187377333641,0.6620967090129852,0.6157727777957916,0.68828484416008,0.03190933167934418,0.07251206636428831,1.0,1.0,0.0037555009126662986,0.003769904375076294,0.003769904375076294,1.4212178997219382e-05,0.6017040274040109,0.0786354498216088,7.6518164360861105,0.6017040274040109,0.6346753460349549,7.6518164360861105,8.071109753613285,time_avg,0.6679157949886697,0.0786354498216088,25,0.8017361826702057,medium
81,cumulative_infected,12.081838181242347,12.493608302139618,12.487194131826982,0.6370133629476005,12.053516146261245,12.886924654943869,11.47744978396222,13.504846788477153,0.8334085086826235,2.027397004514933,1.0,1.0,0.4117701208972715,0.40535595058463514,0.40535595058463514,0.16431344667437317,0.6017040274040109,0.0786354498216088,7.6518164360861105,0.6017040274040109,0.6346753460349549,7.6518164360861105,8.071109753613285,time_avg,0.6679157949886697,0.0786354498216088,25,0.8017361826702057,medium
81,early_growth_slope,0.048015993221529885,0.04490067544360672,0.04543973100815145,0.0052343885803853435,0.04193960083094203,0.048494988510529274,0.03584432823173257,0.05255018964027319,0.0065553876795872434,0.01670586140854062,1.0,1.0,-0.0031153177779231628,-0.0025762622133784358,0.0025762622133784358,6.637126992081557e-06,0.6017040274040109,0.0786354498216088,7.6518164360861105,0.6017040274040109,0.6346753460349549,7.6518164360861105,8.071109753613285,time_avg,0.6679157949886697,0.0786354498216088,25,0.8017361826702057,medium
82,peak_time,9.0,10.37,10.0,1.2198277739008068,9.75,11.0,9.0,12.049999999999997,1.25,3.049999999999997,0.0,1.0,1.3699999999999992,1.0,1.0,1.0,0.7210992867807474,0.33831232119460863,2.1314603152332334,0.7210992867807474,0.8154848021859792,2.1314603152332334,2.4104496085346088,time_avg,0.8172357894226538,0.33831232119460863,30,0.7059095309879194,medium
82,peak_height,0.2376394420862198,0.2301268109679222,0.23081018030643463,0.018324398254822283,0.21744438633322716,0.24302824586629868,0.20160277113318442,0.2579559460282326,0.025583859533071518,0.05635317489504815,1.0,1.0,-0.007512631118297586,-0.006829261779785156,0.006829261779785156,4.663881645683432e-05,0.7210992867807474,0.33831232119460863,2.1314603152332334,0.7210992867807474,0.8154848021859792,2.1314603152332334,2.4104496085346088,time_avg,0.8172357894226538,0.33831232119460863,30,0.7059095309879194,medium
82,cumulative_infected,2.760171438101679,2.70868643678883,2.710318880097475,0.15553885522015282,2.622418730330537,2.804562233010074,2.4555366192536896,2.9659577929473016,0.18214350267953705,0.510421173693612,1.0,1.0,-0.051485001312848944,-0.049852558004204184,0.049852558004204184,0.002485277539562543,0.7210992867807474,0.33831232119460863,2.1314603152332334,0.7210992867807474,0.8154848021859792,2.1314603152332334,2.4104496085346088,time_avg,0.8172357894226538,0.33831232119460863,30,0.7059095309879194,medium
82,early_growth_slope,0.018890850035296305,0.018988654257894567,0.01918848431003945,0.0034536539317427026,0.016581715893976032,0.021404224129149774,0.013739329412402142,0.024155930902010618,0.004822508235173741,0.010416601489608476,1.0,1.0,9.780422259826269e-05,0.0002976342747431464,0.0002976342747431464,8.858616150187875e-08,0.7210992867807474,0.33831232119460863,2.1314603152332334,0.7210992867807474,0.8154848021859792,2.1314603152332334,2.4104496085346088,time_avg,0.8172357894226538,0.33831232119460863,30,0.7059095309879194,medium
83,peak_time,14.0,22.59,22.5,14.453754187096516,10.75,34.0,1.0,46.0,23.25,45.0,1.0,1.0,8.59,8.5,8.5,72.25,0.10893491232541554,0.4531360505865233,0.24040221956389043,0.10893491232541554,0.1254076964537849,0.24040221956389043,0.27675506349905643,time_avg,0.126171961817057,0.4531360505865233,10,0.829230586936637,medium
83,peak_height,0.05703989416360855,0.05258818801492453,0.04861014522612095,0.015322608713792568,0.04381417762488127,0.0561743238940835,0.03694845028221607,0.07582718394696712,0.012360146269202232,0.03887873366475105,0.0,1.0,-0.004451706148684023,-0.008429748937487602,0.008429748937487602,7.106066714907336e-05,0.10893491232541554,0.4531360505865233,0.24040221956389043,0.10893491232541554,0.1254076964537849,0.24040221956389043,0.27675506349905643,time_avg,0.126171961817057,0.4531360505865233,10,0.829230586936637,medium
83,cumulative_infected,0.5966712168883532,0.6041500125506536,0.5021465711179189,0.3557411407357366,0.4245106920784565,0.6318187880387995,0.3453612164943479,1.2452900712261903,0.20730809596034305,0.8999288547318424,1.0,1.0,0.007478795662300364,-0.09452464577043429,0.09452464577043429,0.008934908658026082,0.10893491232541554,0.4531360505865233,0.24040221956389043,0.10893491232541554,0.1254076964537849,0.24040221956389043,0.27675506349905643,time_avg,0.126171961817057,0.4531360505865233,10,0.829230586936637,medium
83,early_growth_slope,-0.0012479630864358343,-4.2092639861319944e-05,-6.398562947565256e-05,0.002389694274567754,-0.0016151561645702227,0.0013674098758894527,-0.003991294290504548,0.003992697129779982,0.0029825660404596754,0.007983991420284529,1.0,1.0,0.0012058704465745143,0.0011839774569601818,0.0011839774569601818,1.4018026185898992e-06,0.10893491232541554,0.4531360505865233,0.24040221956389043,0.10893491232541554,0.1254076964537849,0.24040221956389043,0.27675506349905643,time_avg,0.126171961817057,0.4531360505865233,10,0.829230586936637,medium
84,peak_time,13.0,13.1,13.0,1.381698559415515,12.0,14.0,11.0,16.0,2.0,5.0,1.0,1.0,0.09999999999999964,0.0,0.0,0.0,0.5309335571117413,0.30211147281115747,1.7574094494703778,0.5309335571117413,0.6022979268322836,1.7574094494703778,1.9936281175550237,time_avg,0.6416286875031633,0.30211147281115747,20,0.7124631619829279,medium
84,peak_height,0.20636045932769775,0.20395253077149392,0.2033940553665161,0.015797773767223917,0.19390491023659706,0.21552115678787231,0.1799746833741665,0.22765228226780893,0.021616246551275253,0.047677598893642426,1.0,1.0,-0.0024079285562038366,-0.0029664039611816406,0.0029664039611816406,8.799552460914128e-06,0.5309335571117413,0.30211147281115747,1.7574094494703778,0.5309335571117413,0.6022979268322836,1.7574094494703778,1.9936281175550237,time_avg,0.6416286875031633,0.30211147281115747,20,0.7124631619829279,medium
84,cumulative_infected,2.9995470901485533,2.8476210382884073,2.8592201996943913,0.17985168921758354,2.7003210657276213,2.969136474712286,2.6008341370150445,3.147288065671455,0.2688154089846648,0.5464539286564105,0.0,1.0,-0.15192605186014596,-0.1403268904541619,0.1403268904541619,0.01969163618453436,0.5309335571117413,0.30211147281115747,1.7574094494703778,0.5309335571117413,0.6022979268322836,1.7574094494703778,1.9936281175550237,time_avg,0.6416286875031633,0.30211147281115747,20,0.7124631619829279,medium
84,early_growth_slope,0.010975924786180254,0.010091335127139502,0.01024991972649115,0.003144154103001703,0.007747168069250792,0.012273956913434497,0.004919821294190893,0.014858858013082807,0.004526788844183705,0.009939036718891913,1.0,1.0,-0.0008845896590407524,-0.0007260050596891044,0.0007260050596891044,5.270833466941801e-07,0.5309335571117413,0.30211147281115747,1.7574094494703778,0.5309335571117413,0.6022979268322836,1.7574094494703778,1.9936281175550237,time_avg,0.6416286875031633,0.30211147281115747,20,0.7124631619829279,medium
85,peak_time,25.0,17.55,15.0,9.609943293329575,12.0,21.5,4.0,36.05,9.5,32.05,0.0,1.0,-7.449999999999999,-10.0,10.0,100.0,0.2945134647255236,0.288278324627055,1.0216288897423522,0.2945134647255236,0.3094356320586555,1.0216288897423522,1.073391946685453,time_avg,0.41710081854812187,0.288278324627055,12,0.6132849838846163,medium
85,peak_height,0.06630824506282806,0.06984178468585014,0.06414632499217987,0.023134331808843885,0.051558880135416985,0.0848067756742239,0.04380152150988579,0.11186016052961349,0.033247895538806915,0.0680586390197277,1.0,1.0,0.0035335396230220806,-0.0021619200706481934,0.0021619200706481934,4.673898391871489e-06,0.2945134647255236,0.288278324627055,1.0216288897423522,0.2945134647255236,0.3094356320586555,1.0216288897423522,1.073391946685453,time_avg,0.41710081854812187,0.288278324627055,12,0.6132849838846163,medium
85,cumulative_infected,1.0197659294353798,0.9721901702703394,0.8862173072411679,0.4278630410802869,0.60011820087675,1.2481713308079634,0.48634756142855623,1.6034437724796586,0.6480531299312133,1.1170962110511025,1.0,1.0,-0.04757575916504042,-0.13354862219421193,0.13354862219421193,0.017835234489972356,0.2945134647255236,0.288278324627055,1.0216288897423522,0.2945134647255236,0.3094356320586555,1.0216288897423522,1.073391946685453,time_avg,0.41710081854812187,0.288278324627055,12,0.6132849838846163,medium
85,early_growth_slope,0.0037868802236126994,0.0017387656513579127,0.0014500447626536093,0.003181482507138764,-0.0005691360205500584,0.0036471547071068064,-0.002683199386090217,0.007289403462727065,0.004216290727656865,0.009972602848817281,0.0,1.0,-0.0020481145722547867,-0.00233683546095909,0.00233683546095909,5.460799971595883e-06,0.2945134647255236,0.288278324627055,1.0216288897423522,0.2945134647255236,0.3094356320586555,1.0216288897423522,1.073391946685453,time_avg,0.41710081854812187,0.288278324627055,12,0.6132849838846163,medium
86,peak_time,11.0,21.55,20.0,12.306174027370131,13.0,28.25,2.0,45.05,15.25,43.05,0.0,1.0,10.55,9.0,9.0,81.0,0.27577902640877305,0.25175373264088036,1.0954317281252155,0.27577902640877305,0.2765936833205206,1.0954317281252155,1.0986676559631143,time_avg,0.31298035445150735,0.25175373264088036,17,0.8199067521398355,medium
86,peak_height,0.054766349494457245,0.0584440129250288,0.05416262336075306,0.020375846941467435,0.04790210351347923,0.06404711492359638,0.03761133570224047,0.0856381606310606,0.01614501141011715,0.04802682492882013,1.0,1.0,0.0036776634305715553,-0.0006037261337041855,0.0006037261337041855,3.6448524451740405e-07,0.27577902640877305,0.25175373264088036,1.0954317281252155,0.27577902640877305,0.2765936833205206,1.0954317281252155,1.0986676559631143,time_avg,0.31298035445150735,0.25175373264088036,17,0.8199067521398355,medium
86,cumulative_infected,0.9360028905794024,0.7259360849971085,0.5843483122007456,0.503518060793136,0.47256814980937634,0.789586200760823,0.35797014371746627,1.2810999435867412,0.31701805095144664,0.9231297998692749,0.0,1.0,-0.21006680558229396,-0.3516545783786569,0.3516545783786569,0.12366094249467094,0.27577902640877305,0.25175373264088036,1.0954317281252155,0.27577902640877305,0.2765936833205206,1.0954317281252155,1.0986676559631143,time_avg,0.31298035445150735,0.25175373264088036,17,0.8199067521398355,medium
86,early_growth_slope,0.0011462217108124775,0.00021780734912941433,-0.00018879522879918274,0.0025159485119539476,-0.0014197144288724895,0.0017680340341550095,-0.0031702201516877484,0.004235443789652239,0.003187748463027499,0.007405663941339987,1.0,1.0,-0.0009284143616830631,-0.0013350169396116602,0.0013350169396116602,1.7822702290500833e-06,0.27577902640877305,0.25175373264088036,1.0954317281252155,0.27577902640877305,0.2765936833205206,1.0954317281252155,1.0986676559631143,time_avg,0.31298035445150735,0.25175373264088036,17,0.8199067521398355,medium
87,peak_time,10.0,9.58,10.0,0.8549322142188179,9.0,10.0,8.0,11.0,1.0,3.0,1.0,1.0,-0.41999999999999993,0.0,0.0,0.0,0.7403133321803215,0.23151013933536368,3.197757706447188,0.7403133321803215,0.8758592421790355,3.197757706447188,3.783243553364516,time_avg,0.885665523175402,0.23151013933536368,24,0.6843916389348372,medium
87,peak_height,0.38848403096199036,0.38434890389442444,0.38244928419589996,0.01900699993194784,0.37108373641967773,0.39653076976537704,0.3563342154026031,0.42296933233737943,0.02544703334569931,0.0666351169347763,1.0,1.0,-0.0041351270675659135,-0.006034746766090393,0.006034746766090393,3.641816853083846e-05,0.7403133321803215,0.23151013933536368,3.197757706447188,0.7403133321803215,0.8758592421790355,3.197757706447188,3.783243553364516,time_avg,0.885665523175402,0.23151013933536368,24,0.6843916389348372,medium
87,cumulative_infected,4.461414544377476,4.363705092636264,4.388887328852434,0.1976131567417507,4.202709750850772,4.4980164486623835,4.03857278568903,4.675030314535252,0.29530669781161123,0.636457528846222,1.0,1.0,-0.0977094517412116,-0.07252721552504227,0.07252721552504227,0.0052601969918159314,0.7403133321803215,0.23151013933536368,3.197757706447188,0.7403133321803215,0.8758592421790355,3.197757706447188,3.783243553364516,time_avg,0.885665523175402,0.23151013933536368,24,0.6843916389348372,medium
87,early_growth_slope,0.04584161932801916,0.03955799771420308,0.03944263780777829,0.0043191839062754105,0.03636079691932536,0.04289912376788422,0.03274437944138688,0.04621411382797217,0.006538326848558859,0.013469734386585289,0.0,1.0,-0.0062836216138160775,-0.006398981520240869,0.006398981520240869,4.0946964496384144e-05,0.7403133321803215,0.23151013933536368,3.197757706447188,0.7403133321803215,0.8758592421790355,3.197757706447188,3.783243553364516,time_avg,0.885665523175402,0.23151013933536368,24,0.6843916389348372,medium
88,peak_time,16.0,16.29,16.0,1.2251159499855886,15.0,17.0,15.0,18.0,2.0,3.0,1.0,1.0,0.28999999999999915,0.0,0.0,0.0,0.4301990174848377,0.13311947803269708,3.2316759638974193,0.4301990174848377,0.4346600287884517,3.2316759638974193,3.2651872979977403,time_avg,0.49835452126535584,0.13311947803269708,16,0.798880761078105,medium
88,peak_height,0.3775045573711395,0.39144644886255264,0.3928482234477997,0.02002184929158421,0.3779781833291054,0.4038846790790558,0.3592828929424286,0.42350702881813046,0.02590649574995041,0.06422413587570186,0.0,1.0,0.013941891491413116,0.015343666076660156,0.015343666076660156,0.00023542808867205167,0.4301990174848377,0.13311947803269708,3.2316759638974193,0.4301990174848377,0.4346600287884517,3.2316759638974193,3.2651872979977403,time_avg,0.49835452126535584,0.13311947803269708,16,0.798880761078105,medium
88,cumulative_infected,7.017767674289644,7.168630087245983,7.1879146746359766,0.3297502551726509,6.947241858171765,7.360051941243,6.665137559571304,7.708434455958195,0.41281008307123557,1.0432968963868916,1.0,1.0,0.1508624129563394,0.1701470003463328,0.1701470003463328,0.02895000172685497,0.4301990174848377,0.13311947803269708,3.2316759638974193,0.4301990174848377,0.4346600287884517,3.2316759638974193,3.2651872979977403,time_avg,0.49835452126535584,0.13311947803269708,16,0.798880761078105,medium
88,early_growth_slope,0.014785310985254388,0.012299694352685554,0.01249358918340433,0.0031763104601951545,0.00960331116913862,0.014465234588853836,0.007540300678062652,0.01742871937014916,0.004861923419715216,0.00988841869208651,0.0,1.0,-0.0024856166325688336,-0.0022917218018500586,0.0022917218018500586,5.25198881707488e-06,0.4301990174848377,0.13311947803269708,3.2316759638974193,0.4301990174848377,0.4346600287884517,3.2316759638974193,3.2651872979977403,time_avg,0.49835452126535584,0.13311947803269708,16,0.798880761078105,medium
89,peak_time,11.0,11.24,11.0,0.9002805398902336,11.0,12.0,10.0,13.0,1.0,3.0,1.0,1.0,0.2400000000000002,0.0,0.0,0.0,0.6327330380847365,0.13537112108273952,4.674062185671099,0.6327330380847365,0.6791254161061535,4.674062185671099,5.016767318422875,time_avg,0.6949247743376288,0.13537112108273952,25,0.8210116014005377,medium
89,peak_height,0.4853704571723938,0.49076714426279067,0.49087925255298615,0.020128689573630298,0.4762287437915802,0.5043186396360397,0.45962051302194595,0.5270311325788498,0.028089895844459534,0.06741061955690386,1.0,1.0,0.005396687090396868,0.005508795380592346,0.005508795380592346,3.0346826545235572e-05,0.6327330380847365,0.13537112108273952,4.674062185671099,0.6327330380847365,0.6791254161061535,4.674062185671099,5.016767318422875,time_avg,0.6949247743376288,0.13537112108273952,25,0.8210116014005377,medium
89,cumulative_infected,7.431623275377206,7.307407291522577,7.288415633956902,0.34755889014298474,7.075977574218996,7.51990506722359,6.7837666139239445,7.836224038625368,0.443927493004594,1.0524574247014238,1.0,1.0,-0.1242159838546284,-0.14320764142030384,0.14320764142030384,0.020508428561166324,0.6327330380847365,0.13537112108273952,4.674062185671099,0.6327330380847365,0.6791254161061535,4.674062185671099,5.016767318422875,time_avg,0.6949247743376288,0.13537112108273952,25,0.8210116014005377,medium
89,early_growth_slope,0.03706923817905285,0.034934496420352096,0.03473934446533565,0.004085772479288332,0.03248196351896261,0.03766161621370839,0.028365457903904216,0.04219919734473694,0.005179652694745782,0.013833739440832726,1.0,1.0,-0.0021347417587007575,-0.002329893713717203,0.002329893713717203,5.42840471721894e-06,0.6327330380847365,0.13537112108273952,4.674062185671099,0.6327330380847365,0.6791254161061535,4.674062185671099,5.016767318422875,time_avg,0.6949247743376288,0.13537112108273952,25,0.8210116014005377,medium
90,peak_time,43.0,33.12,33.0,3.291495008949489,31.0,36.0,27.0,38.05,5.0,11.049999999999997,0.0,0.0,-9.880000000000003,-10.0,10.0,100.0,0.19197996154141841,0.07684457906945909,2.4982889341860997,0.19197996154141841,0.1762256027770783,2.4982889341860997,2.2932730572678346,time_avg,0.2703888784784815,0.07684457906945909,10,0.6375178345986263,medium
90,peak_height,0.24150829017162323,0.3000508436560631,0.29990485310554504,0.03569561444701027,0.2799633592367172,0.3251635953783989,0.2392232395708561,0.3507305085659027,0.04520023614168167,0.11150726899504662,0.0,1.0,0.058542553484439874,0.058396562933921814,0.058396562933921814,0.003410158562495491,0.19197996154141841,0.07684457906945909,2.4982889341860997,0.19197996154141841,0.1762256027770783,2.4982889341860997,2.2932730572678346,time_avg,0.2703888784784815,0.07684457906945909,10,0.6375178345986263,medium
90,cumulative_infected,6.808596381451935,7.830448981455848,7.908408069401048,0.9296084027121568,7.1828423678234685,8.509256527177058,6.171792226366233,9.020238611707462,1.3264141593535896,2.848446385341229,0.0,1.0,1.0218526000039132,1.0998116879491135,1.0998116879491135,1.2095857489494783,0.19197996154141841,0.07684457906945909,2.4982889341860997,0.19197996154141841,0.1762256027770783,2.4982889341860997,2.2932730572678346,time_avg,0.2703888784784815,0.07684457906945909,10,0.6375178345986263,medium
90,early_growth_slope,0.0035731390761655013,0.0021732417482728905,0.0019805555708617686,0.002569471343088266,0.00046349706514904994,0.0037211800906031076,-0.0018733450846325217,0.0066496289021978575,0.0032576830254540576,0.00852297398683038,1.0,1.0,-0.0013998973278926108,-0.0015925835053037327,0.0015925835053037327,2.5363222213655246e-06,0.19197996154141841,0.07684457906945909,2.4982889341860997,0.19197996154141841,0.1762256027770783,2.4982889341860997,2.2932730572678346,time_avg,0.2703888784784815,0.07684457906945909,10,0.6375178345986263,medium
91,peak_time,7.0,8.25,8.0,0.7436600722307894,8.0,9.0,7.0,9.049999999999997,1.0,2.049999999999997,0.0,1.0,1.25,1.0,1.0,1.0,0.8898005335546489,0.22856705844575703,3.892951764813538,0.8898005335546489,0.9757839825337584,3.892951764813538,4.269136546486768,time_avg,0.9827229230780687,0.22856705844575703,22,0.8311499258458872,medium
91,peak_height,0.4094681739807129,0.4125541517138481,0.4091312736272812,0.025438001506601637,0.3959450200200081,0.43092019110918045,0.3733681619167328,0.45049191564321517,0.03497517108917236,0.07712375372648239,1.0,1.0,0.0030859777331352367,-0.00033690035343170166,0.00033690035343170166,1.1350184814240549e-07,0.8898005335546489,0.22856705844575703,3.892951764813538,0.8898005335546489,0.9757839825337584,3.892951764813538,4.269136546486768,time_avg,0.9827229230780687,0.22856705844575703,22,0.8311499258458872,medium
91,cumulative_infected,4.371529514261056,4.277588922280047,4.250143327124533,0.2315819775883542,4.111802875617286,4.449541148380376,3.9577201344814967,4.620753043475998,0.3377382727630902,0.6630329089945008,1.0,1.0,-0.09394059198100901,-0.1213861871365225,0.1213861871365225,0.01473460642754286,0.8898005335546489,0.22856705844575703,3.892951764813538,0.8898005335546489,0.9757839825337584,3.892951764813538,4.269136546486768,time_avg,0.9827229230780687,0.22856705844575703,22,0.8311499258458872,medium
91,early_growth_slope,0.05921904956700191,0.05414993039523755,0.05468651479376213,0.006023134569528493,0.04996893027315048,0.05902638898918493,0.043904536489502606,0.06254400184289328,0.009057458716034444,0.01863946535339068,0.0,1.0,-0.005069119171764357,-0.0045325347732397755,0.0045325347732397755,2.0543871470627744e-05,0.8898005335546489,0.22856705844575703,3.892951764813538,0.8898005335546489,0.9757839825337584,3.892951764813538,4.269136546486768,time_avg,0.9827229230780687,0.22856705844575703,22,0.8311499258458872,medium
92,peak_time,10.0,9.31,9.0,0.8127146181194544,9.0,10.0,8.0,11.0,1.0,3.0,1.0,1.0,-0.6899999999999995,-1.0,1.0,1.0,0.5709201522461635,0.29364269741518556,1.944268177862879,0.5709201522461635,0.6319386521485466,1.944268177862879,2.1520666364641095,time_avg,0.8197163067318931,0.29364269741518556,10,0.6206063115334852,medium
92,peak_height,0.28241556882858276,0.2670067064464092,0.26700080931186676,0.020802719854600547,0.2530665323138237,0.27968044579029083,0.2371739275753498,0.2969728589057922,0.026613913476467133,0.05979893133044242,0.0,1.0,-0.015408862382173538,-0.015414759516716003,0.015414759516716003,0.0002376148109581866,0.5709201522461635,0.29364269741518556,1.944268177862879,0.5709201522461635,0.6319386521485466,1.944268177862879,2.1520666364641095,time_avg,0.8197163067318931,0.29364269741518556,10,0.6206063115334852,medium
92,cumulative_infected,3.074001889443025,2.899235345022644,2.885590121661153,0.18249270673732976,2.7813758293705177,3.0114190984604647,2.613252555229701,3.223459537088638,0.230043269089947,0.6102069818589371,0.0,1.0,-0.1747665444203812,-0.18841176778187219,0.18841176778187219,0.03549899423869013,0.5709201522461635,0.29364269741518556,1.944268177862879,0.5709201522461635,0.6319386521485466,1.944268177862879,2.1520666364641095,time_avg,0.8197163067318931,0.29364269741518556,10,0.6206063115334852,medium
92,early_growth_slope,0.02100349040258498,0.02724119193758226,0.027389499824494117,0.004364712602665671,0.024067538843068868,0.030002591753145676,0.020717527393883623,0.03392739614882018,0.005935052910076809,0.013209868754936554,0.0,1.0,0.006237701534997281,0.006386009421909138,0.006386009421909138,4.078111633671228e-05,0.5709201522461635,0.29364269741518556,1.944268177862879,0.5709201522461635,0.6319386521485466,1.944268177862879,2.1520666364641095,time_avg,0.8197163067318931,0.29364269741518556,10,0.6206063115334852,medium
93,peak_time,11.0,10.22,10.0,1.2837759960681645,9.0,11.0,8.0,13.0,2.0,5.0,1.0,1.0,-0.7799999999999994,-1.0,1.0,1.0,0.7946334125459199,0.4185094299125052,1.8987228381258894,0.7946334125459199,0.8808214803391048,1.8987228381258894,2.1046634015468944,time_avg,0.8817425518074206,0.4185094299125052,30,0.7530199175401544,medium
93,peak_height,0.18559637665748596,0.1702260632812977,0.16943152993917465,0.017669395994635535,0.1571037843823433,0.18054724112153053,0.14713025838136673,0.20179920345544813,0.02344345673918724,0.054668945074081404,0.0,1.0,-0.015370313376188272,-0.01616484671831131,0.01616484671831131,0.0002613022694264999,0.7946334125459199,0.4185094299125052,1.8987228381258894,0.7946334125459199,0.8808214803391048,1.8987228381258894,2.1046634015468944,time_avg,0.8817425518074206,0.4185094299125052,30,0.7530199175401544,medium
93,cumulative_infected,2.0598651276668534,1.9682021929607254,1.9404740690952167,0.15020060464020385,1.8676358746342885,2.0534307864181756,1.7439445149415405,2.236725721320545,0.18579491178388707,0.49278120637900447,0.0,1.0,-0.09166293470612796,-0.11939105857163668,0.11939105857163668,0.014254224866855979,0.7946334125459199,0.4185094299125052,1.8987228381258894,0.7946334125459199,0.8808214803391048,1.8987228381258894,2.1046634015468944,time_avg,0.8817425518074206,0.4185094299125052,30,0.7530199175401544,medium
93,early_growth_slope,0.020008818642790645,0.014752543711827541,0.014387378907052887,0.003417570203269534,0.01267887442372739,0.017088341144179658,0.00997157408578676,0.020053787067341282,0.004409466720452268,0.010082212981554522,0.0,1.0,-0.0052562749309631035,-0.005621439735737758,0.005621439735737758,3.160058470253139e-05,0.7946334125459199,0.4185094299125052,1.8987228381258894,0.7946334125459199,0.8808214803391048,1.8987228381258894,2.1046634015468944,time_avg,0.8817425518074206,0.4185094299125052,30,0.7530199175401544,medium
94,peak_time,10.0,13.47,14.0,2.027363317267534,12.0,15.0,10.0,17.0,3.0,7.0,0.0,1.0,3.4700000000000006,4.0,4.0,16.0,0.6066189868763118,0.35825932675661026,1.6932399007393575,0.6066189868763118,0.6202433713925826,1.6932399007393575,1.7312692931340088,time_avg,0.6874646137192117,0.35825932675661026,12,0.8452635631413932,medium
94,peak_height,0.14604786038398743,0.13736799649894238,0.13672709465026855,0.01494645406714277,0.12608689442276955,0.14916082471609116,0.11540693081915379,0.15933258309960366,0.02307393029332161,0.04392565228044987,1.0,1.0,-0.008679863885045047,-0.009320765733718872,0.009320765733718872,8.68766738628679e-05,0.6066189868763118,0.35825932675661026,1.6932399007393575,0.6066189868763118,0.6202433713925826,1.6932399007393575,1.7312692931340088,time_avg,0.6874646137192117,0.35825932675661026,12,0.8452635631413932,medium
94,cumulative_infected,2.146941972678178,1.9883149171917467,1.9779052999801934,0.1878713121051773,1.8776228070491925,2.12385055510822,1.6616898250125813,2.3190710793845937,0.24622774805902736,0.6573812543720123,0.0,1.0,-0.1586270554864313,-0.1690366726979846,0.1690366726979846,0.028573396716805578,0.6066189868763118,0.35825932675661026,1.6932399007393575,0.6066189868763118,0.6202433713925826,1.6932399007393575,1.7312692931340088,time_avg,0.6874646137192117,0.35825932675661026,12,0.8452635631413932,medium
94,early_growth_slope,0.0022854748004603968,0.006212994907316548,0.006153159516240217,0.0029745020547059437,0.004138955171497184,0.008189374819353576,0.001380040798990412,0.010901025824603576,0.004050419647856391,0.009520985025613164,0.0,1.0,0.003927520106856151,0.0038676847157798205,0.0038676847157798205,1.4958985060676832e-05,0.6066189868763118,0.35825932675661026,1.6932399007393575,0.6066189868763118,0.6202433713925826,1.6932399007393575,1.7312692931340088,time_avg,0.6874646137192117,0.35825932675661026,12,0.8452635631413932,medium
95,peak_time,44.0,21.13,19.0,14.640924378831642,8.75,31.75,0.9500000000000002,47.0,23.0,46.05,0.0,1.0,-22.87,-25.0,25.0,625.0,0.18269376223558467,0.4439279206111221,0.4115392471464375,0.18269376223558467,0.221214971093351,0.4115392471464375,0.49831281346039474,time_avg,0.22321688178355803,0.4439279206111221,14,0.7478590775321813,medium
95,peak_height,0.03819393739104271,0.0539647345431149,0.05138218775391579,0.026313816040837348,0.04477115720510483,0.05915593542158604,0.033356205374002454,0.07383718006312848,0.014384778216481209,0.04048097468912602,0.0,1.0,0.01577079715207219,0.013188250362873077,0.013188250362873077,0.00017392994763382186,0.18269376223558467,0.4439279206111221,0.4115392471464375,0.18269376223558467,0.221214971093351,0.4115392471464375,0.49831281346039474,time_avg,0.22321688178355803,0.4439279206111221,14,0.7478590775321813,medium
95,cumulative_infected,0.39629018992127385,0.5897152925762384,0.46071912872139364,0.6589325563419814,0.4042074083017724,0.5736830589958117,0.3337302183645079,1.1488277411146552,0.16947565069403936,0.8150975227501474,0.0,1.0,0.1934251026549646,0.0644289388001198,0.0644289388001198,0.004151088154909582,0.18269376223558467,0.4439279206111221,0.4115392471464375,0.18269376223558467,0.221214971093351,0.4115392471464375,0.49831281346039474,time_avg,0.22321688178355803,0.4439279206111221,14,0.7478590775321813,medium
95,early_growth_slope,-0.001011559368288588,-0.00016897177393340246,-8.304413529999831e-05,0.002376892292407163,-0.001594593054116036,0.001215273281212874,-0.004102094869484147,0.003602972407090764,0.00280986633532891,0.007705067276574911,1.0,1.0,0.0008425875943551855,0.0009285152329885897,0.0009285152329885897,8.621405378918549e-07,0.18269376223558467,0.4439279206111221,0.4115392471464375,0.18269376223558467,0.221214971093351,0.4115392471464375,0.49831281346039474,time_avg,0.22321688178355803,0.4439279206111221,14,0.7478590775321813,medium
96,peak_time,23.0,21.74,21.0,15.888894539802626,6.75,36.0,1.0,47.05,29.25,46.05,1.0,1.0,-1.2600000000000016,-2.0,2.0,4.0,0.10791433377810478,0.36838807224872777,0.29293655768866295,0.10791433377810478,0.12577251142064771,0.29293655768866295,0.3414130936783664,time_avg,0.12617142689586766,0.36838807224872777,17,0.7807565232461776,medium
96,peak_height,0.043474674224853516,0.05282838815823197,0.05002099834382534,0.01785028477711646,0.04310441482812166,0.05800515692681074,0.034535319358110425,0.07933661788702011,0.01490074209868908,0.04480129852890968,1.0,1.0,0.009353713933378457,0.006546324118971825,0.006546324118971825,4.2854359470632236e-05,0.10791433377810478,0.36838807224872777,0.29293655768866295,0.10791433377810478,0.12577251142064771,0.29293655768866295,0.3414130936783664,time_avg,0.12617142689586766,0.36838807224872777,17,0.7807565232461776,medium
96,cumulative_infected,0.4200378464302048,0.627698593985865,0.4798691762262024,0.42905506996219206,0.4131649539922364,0.6474358070117887,0.3414343512937194,1.414840177912265,0.2342708530195523,1.0734058266185456,1.0,1.0,0.20766074755566022,0.05983132979599759,0.05983132979599759,0.003579788025157429,0.10791433377810478,0.36838807224872777,0.29293655768866295,0.10791433377810478,0.12577251142064771,0.29293655768866295,0.3414130936783664,time_avg,0.12617142689586766,0.36838807224872777,17,0.7807565232461776,medium
96,early_growth_slope,-0.0024007302764359677,-0.0006003629086383922,-0.0004878099952336574,0.0023504095064565476,-0.001994175349994161,0.0010610860864246545,-0.004569576388859697,0.002838902743921303,0.0030552614364188157,0.007408479132781,0.0,1.0,0.0018003673677975756,0.0019129202812023104,0.0019129202812023104,3.659264002235126e-06,0.10791433377810478,0.36838807224872777,0.29293655768866295,0.10791433377810478,0.12577251142064771,0.29293655768866295,0.3414130936783664,time_avg,0.12617142689586766,0.36838807224872777,17,0.7807565232461776,medium
97,peak_time,12.0,12.5,12.0,0.9692233691951198,12.0,13.0,11.0,14.0,1.0,3.0,1.0,1.0,0.5,0.0,0.0,0.0,0.49879176169599015,0.1468125767881357,3.397472972739886,0.49879176169599015,0.5518688877991401,3.397472972739886,3.7590028039323813,time_avg,0.645712949785264,0.1468125767881357,16,0.66539222917649,medium
97,peak_height,0.49134159088134766,0.4540743094682693,0.45355184376239777,0.021612106728648908,0.43783149868249893,0.4655402600765228,0.42314776331186293,0.49364973753690716,0.027708761394023895,0.07050197422504423,0.0,1.0,-0.037267281413078335,-0.03778974711894989,0.03778974711894989,0.0014280649873141815,0.49879176169599015,0.1468125767881357,3.397472972739886,0.49879176169599015,0.5518688877991401,3.397472972739886,3.7590028039323813,time_avg,0.645712949785264,0.1468125767881357,16,0.66539222917649,medium
97,cumulative_infected,6.968543556286022,7.094181303016958,7.079733256912732,0.36239855814487126,6.865150529425591,7.3439917282012175,6.4415221608593125,7.635108349789516,0.47884119877562625,1.1935861889302037,1.0,1.0,0.12563774673093597,0.11118970062670996,0.11118970062670996,0.012363149525457386,0.49879176169599015,0.1468125767881357,3.397472972739886,0.49879176169599015,0.5518688877991401,3.397472972739886,3.7590028039323813,time_avg,0.645712949785264,0.1468125767881357,16,0.66539222917649,medium
97,early_growth_slope,0.023966151777477487,0.026050895706676305,0.026207606545150544,0.003425500397527086,0.02400161035724782,0.02801178171371464,0.02083725880532126,0.031502524105599145,0.004010171356466818,0.010665265300277886,0.0,1.0,0.0020847439291988186,0.0022414547676730574,0.0022414547676730574,5.02411947552428e-06,0.49879176169599015,0.1468125767881357,3.397472972739886,0.49879176169599015,0.5518688877991401,3.397472972739886,3.7590028039323813,time_avg,0.645712949785264,0.1468125767881357,16,0.66539222917649,medium
98,peak_time,14.0,15.26,13.0,7.939951403052055,12.0,16.25,8.0,30.299999999999983,4.25,22.299999999999983,1.0,1.0,1.2599999999999998,-1.0,1.0,1.0,0.5396185018082704,0.47186042682593665,1.14359770629235,0.5396185018082704,0.6359156444508955,1.14359770629235,1.3476774238698275,time_avg,0.6684249292454706,0.47186042682593665,24,0.6294203622416128,medium
98,peak_height,0.086918406188488,0.08837930548936129,0.08876315504312515,0.0234128994579808,0.07539810612797737,0.10421496815979481,0.0531126894056797,0.12478043064475058,0.028816862031817436,0.07166774123907088,1.0,1.0,0.0014608993008732862,0.001844748854637146,0.001844748854637146,3.403098336685062e-06,0.5396185018082704,0.47186042682593665,1.14359770629235,0.5396185018082704,0.6359156444508955,1.14359770629235,1.3476774238698275,time_avg,0.6684249292454706,0.47186042682593665,24,0.6294203622416128,medium
98,cumulative_infected,1.1260049191769212,1.2379867629237469,1.288286705763312,0.33369130286426113,1.0655605754000135,1.4262988519622013,0.5918103218020405,1.6430391998379492,0.3607382765621878,1.0512288780359087,1.0,1.0,0.11198184374682563,0.1622817865863908,0.1622817865863908,0.02633537825767089,0.5396185018082704,0.47186042682593665,1.14359770629235,0.5396185018082704,0.6359156444508955,1.14359770629235,1.3476774238698275,time_avg,0.6684249292454706,0.47186042682593665,24,0.6294203622416128,medium
98,early_growth_slope,0.0071615951157928915,0.003548472811108653,0.003538244206408437,0.00337113338022466,0.0009832462334694965,0.0060498282754062,-0.0013520459447699086,0.008784351957451905,0.005066582041936703,0.010136397902221813,0.0,1.0,-0.0036131223046842386,-0.0036233509093844545,0.0036233509093844545,1.3128671812537154e-05,0.5396185018082704,0.47186042682593665,1.14359770629235,0.5396185018082704,0.6359156444508955,1.14359770629235,1.3476774238698275,time_avg,0.6684249292454706,0.47186042682593665,24,0.6294203622416128,medium
99,peak_time,27.0,22.44,23.0,12.613380741790591,12.75,32.0,1.9500000000000002,44.05,19.25,42.099999999999994,1.0,1.0,-4.559999999999999,-4.0,4.0,16.0,0.16902131207444035,0.137823503429502,1.2263605834174454,0.16902131207444035,0.1653391819642639,1.2263605834174454,1.1996443121099183,time_avg,0.19843263330731364,0.137823503429502,15,0.7882597610608314,medium
99,peak_height,0.05796877667307854,0.06744074266403914,0.05819599889218807,0.03048056943008784,0.049593208357691765,0.07124117203056812,0.03740884084254503,0.13450545370578765,0.021647963672876358,0.09709661286324262,1.0,1.0,0.009471965990960604,0.00022722221910953522,0.00022722221910953522,5.162993685706163e-08,0.16902131207444035,0.137823503429502,1.2263605834174454,0.16902131207444035,0.1653391819642639,1.2263605834174454,1.1996443121099183,time_avg,0.19843263330731364,0.137823503429502,15,0.7882597610608314,medium
99,cumulative_infected,1.2139565211255103,1.0714473573877172,0.8303662384860218,0.8104684829850213,0.4943215258899727,1.2650605872549932,0.38633701538875587,3.029029900021851,0.7707390613650205,2.642692884633095,1.0,1.0,-0.1425091637377931,-0.3835902826394886,0.3835902826394886,0.14714150493544273,0.16902131207444035,0.137823503429502,1.2263605834174454,0.16902131207444035,0.1653391819642639,1.2263605834174454,1.1996443121099183,time_avg,0.19843263330731364,0.137823503429502,15,0.7882597610608314,medium
99,early_growth_slope,-0.002146104874555022,0.00062209615632864,0.0007063889033382853,0.002404081559175154,-0.0011425409341297497,0.002209381553776828,-0.0034180008548511435,0.004284560179491692,0.003351922487906578,0.007702561034342836,0.0,1.0,0.002768201030883662,0.0028524937778933073,0.0028524937778933073,8.136720752920032e-06,0.16902131207444035,0.137823503429502,1.2263605834174454,0.16902131207444035,0.1653391819642639,1.2263605834174454,1.1996443121099183,time_avg,0.19843263330731364,0.137823503429502,15,0.7882597610608314,medium
