case_id,true_beta,true_gamma,true_R0,beta_ref,gamma_ref,R0_ref,beta_seir,gamma_seir,sigma_seir,sigma,severity,reference_mode,reference_window_days,projection_loss,beta_mean,beta_median,beta_std,beta_ci50_low,beta_ci50_high,beta_ci90_low,beta_ci90_high,beta_width50,beta_width90,gamma_mean,gamma_median,gamma_std,gamma_ci50_low,gamma_ci50_high,gamma_ci90_low,gamma_ci90_high,gamma_width50,gamma_width90,R0_mean,R0_median,R0_std,R0_ci50_low,R0_ci50_high,R0_ci90_low,R0_ci90_high,R0_width50,R0_width90,beta_covered50,beta_covered90,beta_err_mean,beta_err_median,beta_abs_err_median,beta_sq_err_median,gamma_covered50,gamma_covered90,gamma_err_mean,gamma_err_median,gamma_abs_err_median,gamma_sq_err_median,R0_covered50,R0_covered90,R0_err_mean,R0_err_median,R0_abs_err_median,R0_sq_err_median
0,0.1,0.17926481564309166,0.5578339488497039,0.1,0.17926481564309166,0.5578339488497039,0.26104133230789256,0.33796092457181953,0.1360722081372182,0.1360722081372182,strong,full_curve,50,7.084655215015319e-05,0.19038383388363217,0.16996365632348492,0.07529673493665774,0.132004854006551,0.2315918319822487,0.10381307756491957,0.34086133670033414,0.09958697797569771,0.23704825913541455,0.2662628578912753,0.26502327822421096,0.12632768047090626,0.15919510072971316,0.3726019614410178,0.06882715118461304,0.4695245973982599,0.21340686071130466,0.4006974462136469,0.8835886160743076,0.7923203168766328,0.4572626389531712,0.5476765672518495,1.1206900592692608,0.30255013506009326,1.8768917837484322,0.5730134920174113,1.574341648688339,0.0,0.0,0.09038383388363216,0.06996365632348492,0.06996365632348492,0.004894913206150711,1.0,1.0,0.08699804224818364,0.0857584625811193,0.0857584625811193,0.007354513904277239,1.0,1.0,0.32575466722460367,0.2344863680269289,0.2344863680269289,0.05498385679046035
1,0.1,0.056728812210875855,1.7627726741091247,0.1,0.056728812210875855,1.7627726741091247,0.6194597540465793,0.23732178934660986,0.08021628243281828,0.08021628243281828,strong,full_curve,50,0.0007963814258308577,0.19668992727267448,0.1913472786934025,0.04944410036181792,0.1613929972240446,0.22572098171637883,0.12508232882480064,0.2837956285599043,0.06432798449233423,0.15871329973510367,0.18268422029487136,0.16369387635334126,0.0974361772486371,0.10689216708818211,0.2412988709792511,0.06050425878070525,0.3673117755778995,0.13440670389106898,0.30680751679719426,1.3577259619968687,1.2716636153595475,0.6123495560349544,0.8947148566716321,1.7910768521982154,0.462573692212102,2.4771157768844905,0.8963619955265834,2.0145420846723887,0.0,0.0,0.09668992727267448,0.0913472786934025,0.0913472786934025,0.008344325324690148,0.0,0.0,0.1259554080839955,0.1069650641424654,0.1069650641424654,0.011441524947001737,1.0,1.0,-0.40504671211225607,-0.4911090587495772,0.4911090587495772,0.24118810758589568
2,0.1,0.11089909509465469,0.9017206129107539,0.1,0.11089909509465469,0.9017206129107539,0.21550996129784816,0.17599628488815172,0.08392620538362984,0.08392620538362984,strong,full_curve,50,0.000189309307879982,0.3137310979879466,0.3051111343863629,0.11371394966795043,0.22813905386293482,0.39103031972235536,0.13938004613742466,0.5239762629668511,0.16289126585942054,0.3845962168294264,0.3545145507082371,0.3721543568410819,0.10087259479442226,0.2918657684596186,0.4329921472176285,0.14933601505251784,0.48452966359069627,0.14112637875800993,0.33519364853817846,0.927641962836535,0.9182126754524984,0.315507451646598,0.7392193248004247,1.0933550198105482,0.4265433229310949,1.4394767181203356,0.35413569501012343,1.0129333951892407,0.0,0.0,0.21373109798794662,0.2051111343863629,0.2051111343863629,0.04207057744926061,0.0,0.0,0.24361545561358244,0.2612552617464272,0.2612552617464272,0.0682543117901942,1.0,1.0,0.0259213499257811,0.016492062541744512,0.016492062541744512,0.00027198812688081247
3,0.2507677199276625,0.0633678957105226,3.9573307132245685,0.2507677199276625,0.0633678957105226,3.9573307132245685,0.9688323428602119,0.06370916365620277,0.0944562893148649,0.0944562893148649,strong,full_curve,50,0.0018695361401015126,0.25212908629064235,0.25209769738860305,0.012074733950011896,0.2431997274759401,0.2602713045780819,0.2335548524030187,0.2725380191645997,0.0170715771021418,0.03898316676158098,0.0583778931346502,0.056194019129111504,0.0071931495932276365,0.05381573181778977,0.060611594732941226,0.05175754447636626,0.07166606316069184,0.006795862915151454,0.019908518684325575,4.371833907586031,4.453409544929988,0.48808388367843164,4.107871864428785,4.707050934548285,3.466917956837206,5.032955278720657,0.5991790701194999,1.5660373218834507,1.0,1.0,0.0013613663629798434,0.0013299774609405457,0.0013299774609405457,1.7688400466098607e-06,0.0,1.0,-0.004990002575872406,-0.0071738765814111025,0.0071738765814111025,5.146450520531865e-05,0.0,1.0,0.4145031943614623,0.49607883170541944,0.49607883170541944,0.24609420726621387
4,0.1,0.09595247645516122,1.0421825855295168,0.1,0.09595247645516122,1.0421825855295168,0.3797137105977739,0.3087497789608495,0.1970998416404875,0.1970998416404875,strong,full_curve,50,0.00017230242140623455,0.2645064104323802,0.2584347392583492,0.08372211119142964,0.20276733128959945,0.3167961761550296,0.14241506915597635,0.4175113888213129,0.11402884486543013,0.27509631966533654,0.302266068854579,0.3109794729347074,0.09707875345839061,0.2376961778210317,0.374089510948165,0.12728104840093793,0.45101437222270824,0.1363933331271333,0.32373332382177034,0.950797758467962,0.9170228784055978,0.3514076680935361,0.7395995202225979,1.1007521309626456,0.4557783663302652,1.5941626256865182,0.3611526107400477,1.138384259356253,0.0,0.0,0.1645064104323802,0.1584347392583492,0.1584347392583492,0.025101566603861095,0.0,0.0,0.2063135923994178,0.21502699647954618,0.21502699647954618,0.04623660921501477,1.0,1.0,-0.09138482706155482,-0.125159707123919,0.125159707123919,0.015664952287345178
5,0.1,0.128836446072486,0.7761778832655627,0.1,0.128836446072486,0.7761778832655627,0.47014181963976176,0.3901769745606405,0.10048757319059051,0.10048757319059051,strong,full_curve,50,0.0003196554912377102,0.2859185872974025,0.27145083415973625,0.10820920982389086,0.20258766324239294,0.35479191331144655,0.12887282086064086,0.49070087065610046,0.1522042500690536,0.36182804979545957,0.34344552788573834,0.3615635490855581,0.10379087793743308,0.2775475816390828,0.4240678094310663,0.14214401407762114,0.4828904297540625,0.14652022779198354,0.34074641567644137,0.8850788709026024,0.8637568004745542,0.3306304732020238,0.6728800267589392,1.0496132919776506,0.40115649900561456,1.4751544229219973,0.3767332652187114,1.0739979239163828,0.0,0.0,0.1859185872974025,0.17145083415973625,0.17145083415973625,0.02939538853406938,0.0,0.0,0.21460908181325233,0.2327271030130721,0.2327271030130721,0.05416190447685707,1.0,1.0,0.1089009876370397,0.08757891720899147,0.08757891720899147,0.007670066739499382
6,0.3060673526891094,0.16570223874531761,1.8470924412767369,0.3060673526891094,0.16570223874531761,1.8470924412767369,0.7403594957319698,0.23075823601625456,0.17925125684160312,0.17925125684160312,strong,full_curve,50,0.0026684814779716418,0.2836013255214027,0.2830867497721715,0.012761239072935629,0.274753982124107,0.29211458492722764,0.2634327239258515,0.3054401036898039,0.01736060280312063,0.04200737976395241,0.14177566593326874,0.14175913715481428,0.014083205374906599,0.13232227691688347,0.15067102756393053,0.11981727615340254,0.1651208549192481,0.018348750647047052,0.045303578765845565,2.015326320890993,2.0080634603367633,0.1688302010155863,1.898345620338015,2.125541797339242,1.759509114771136,2.294270614938168,0.22719617700122696,0.5347615001670321,0.0,0.0,-0.02246602716770668,-0.022980602916937876,0.022980602916937876,0.0005281081104259736,0.0,0.0,-0.02392657281204888,-0.023943101590503335,0.023943101590503335,0.0005732721137731633,0.0,1.0,0.16823387961425595,0.16097101906002642,0.16097101906002642,0.025911668977223388
7,0.23065550262606832,0.1557220256431672,1.4812002455876676,0.23065550262606832,0.1557220256431672,1.4812002455876676,0.9372643740217701,0.31923358024572585,0.09849890035313075,0.09849890035313075,strong,full_curve,50,0.0013765847213027009,0.2334453909106811,0.23191178991950046,0.03332723893665147,0.21082598416832324,0.2552459137071744,0.1819221232239377,0.29020221364975973,0.04441992953885118,0.10828009042582204,0.14894574775111674,0.14370706363901176,0.05463182932092817,0.1104727474509393,0.18064986185823886,0.06991499139129416,0.24837053996201164,0.07017711440729957,0.1784555485707175,1.7568911616779297,1.6816472615554001,0.576700475253516,1.3775518010781587,2.086313926628028,0.9273496188774916,2.885953965949967,0.7087621255498695,1.9586043470724754,1.0,1.0,0.002789888284612768,0.0012562872934321345,0.0012562872934321345,1.578257763639038e-06,1.0,1.0,-0.0067762778920504585,-0.012014962004155444,0.012014962004155444,0.000144359311961299,1.0,1.0,0.2756909160902621,0.2004470159677325,0.2004470159677325,0.04017900621036841
8,0.25122670118949103,0.15826940091230915,1.5873358952605492,0.25122670118949103,0.15826940091230915,1.5873358952605492,0.8309845136136211,0.2731726148844541,0.11485515395430515,0.11485515395430515,strong,full_curve,50,0.001614227500330165,0.24603589194603354,0.24544560214791467,0.025446733124655313,0.22844165431921534,0.2624452824611308,0.20627519298984118,0.2887855670333116,0.03400362814191546,0.08251037404347042,0.1374219278060729,0.13387189503804617,0.040202929367826046,0.10931578766420738,0.16122564055376593,0.07765456955153499,0.2080238707504731,0.051909852889558544,0.1303693011989381,1.9246174994498688,1.866582136235487,0.5052042532445784,1.579629628024961,2.2102401362348294,1.2239037295378683,2.8658159724952124,0.6306105082098683,1.641912242957344,1.0,1.0,-0.005190809243457495,-0.005781099041576365,0.005781099041576365,3.3421106128515167e-05,1.0,1.0,-0.020847473106236247,-0.02439750587426298,0.02439750587426298,0.0005952382928846966,1.0,1.0,0.33728160418931963,0.2792462409749379,0.2792462409749379,0.07797846309863309
9,0.23747792498372008,0.15979545329186345,1.4861369337585033,0.23747792498372008,0.15979545329186345,1.4861369337585033,0.813955298805505,0.31228697542759054,0.12199570253120584,0.12199570253120584,strong,full_curve,50,0.0012488587625508005,0.23518484527014835,0.23340856459590797,0.02601969950013324,0.2177351034363257,0.25089725483313596,0.195634983443373,0.28002129602635684,0.03316215139681025,0.08438631258298385,0.1408410598654819,0.13855765151588145,0.042623794865281284,0.11062416128075271,0.16720156253658264,0.0761078347850354,0.2156871433025224,0.056577401255829926,0.139579308517487,1.8084646239516327,1.7350742205602443,0.5032321437189894,1.4666543656980788,2.079359246134741,1.111539396719634,2.768964551138068,0.6127048804366624,1.657425154418434,1.0,1.0,-0.002293079713571733,-0.00406936038781211,0.00406936038781211,1.6559693965894324e-05,1.0,1.0,-0.018954393426381555,-0.021237801775982,0.021237801775982,0.00045104422427590427,1.0,1.0,0.32232769019312935,0.248937286801741,0.248937286801741,0.06196977276021225
10,0.1,0.07956565815070436,1.2568236387939027,0.1,0.07956565815070436,1.2568236387939027,0.8729612017928233,0.44685629078115185,0.09225225959075682,0.09225225959075682,strong,full_curve,50,0.0008861557815449752,0.23213473048139574,0.22204455124678368,0.0748464321071983,0.17786634445348826,0.2768211411270526,0.1285381088703967,0.37126310345934255,0.09895479667356433,0.24272499458894584,0.2633168672593778,0.265067359120173,0.10587568743137107,0.180968845542684,0.3411972605851786,0.08547954150669289,0.43669720553837965,0.16022841504249458,0.35121766403168675,1.0195417101766904,0.9404025010413393,0.4428123378464853,0.7173428655763864,1.2381421910794579,0.41983556671244127,1.9359262655909153,0.5207993255030715,1.516090698878474,0.0,0.0,0.13213473048139573,0.12204455124678368,0.12204455124678368,0.014894872489028807,0.0,0.0,0.18375120910867343,0.1855017009694686,0.1855017009694686,0.03441088106256615,0.0,1.0,-0.2372819286172123,-0.3164211377525634,0.3164211377525634,0.10012233641662671
11,0.1,0.1293211618621302,0.7732686480702239,0.1,0.1293211618621302,0.7732686480702239,0.5581935084158897,0.45794144871036324,0.1086323325993839,0.1086323325993839,strong,full_curve,50,0.00035348433021827855,0.2492395044500964,0.23264602727744182,0.10010265734814473,0.1702171482185802,0.3144984524434524,0.11548304227889285,0.43736353693452307,0.14428130422487223,0.32188049465563023,0.32546997485225415,0.33820896628704816,0.11311405721350265,0.24786981118809243,0.41982794201497553,0.11446662714626261,0.48233400679858596,0.1719581308268831,0.36786737965232336,0.8422502959565843,0.8056821879586616,0.36363343893321637,0.5905648142486074,1.0107526730385967,0.35252354931276947,1.563354339042795,0.4201878587899893,1.2108307897300257,0.0,0.0,0.1492395044500964,0.13264602727744182,0.13264602727744182,0.01759496855248784,0.0,1.0,0.19614881299012396,0.20888780442491797,0.20888780442491797,0.04363411483746278,1.0,1.0,0.06898164788636041,0.03241353988843776,0.03241353988843776,0.0010506375680993457
12,0.1,0.0773341675852116,1.2930894987628048,0.1,0.0773341675852116,1.2930894987628048,0.5731611696121026,0.35679534518959455,0.1439595788620196,0.1439595788620196,strong,full_curve,50,0.0004518616579947436,0.19298757202830336,0.17756567472016724,0.07079801837989966,0.13946433965444718,0.22985521827958277,0.10898077482867653,0.33494764155568557,0.09039087862513559,0.22596686672700905,0.24632324079647872,0.23727594262086468,0.12178877629869336,0.14226618856339143,0.34101014265532725,0.06790935029121438,0.4537614638934642,0.19874395409193582,0.38585211360224986,0.9780248559409674,0.8868089159438188,0.4899331763816254,0.6191315778462404,1.2534289329411679,0.33024141718090216,2.006506582302459,0.6342973550949275,1.6762651651215568,0.0,0.0,0.09298757202830335,0.07756567472016723,0.07756567472016723,0.00601643389479479,0.0,1.0,0.1689890732112671,0.1599417750356531,0.1599417750356531,0.025581371401555465,0.0,1.0,-0.3150646428218373,-0.40628058281898594,0.40628058281898594,0.1650639119757349
13,0.19675385407617604,0.40987727499285925,0.48003113634344285,0.19675385407617604,0.40987727499285925,0.48003113634344285,0.18774299735492933,0.43882343737166407,0.15797912934459316,0.15797912934459316,strong,full_curve,50,1.2381509382684601e-05,0.23971854849399202,0.2176777050177912,0.10380054365974824,0.15734244611455273,0.30320497901866716,0.10702739505820798,0.4432996296499217,0.14586253290411444,0.33627223459171374,0.32907326741941617,0.3521216965279319,0.11951054142975871,0.23971820790293488,0.42940316116826904,0.10729624457390569,0.4879618565376936,0.18968495326533416,0.3806656119637879,0.8085118993146225,0.7752184401642097,0.36322412114665364,0.5537099789549916,0.9882637176395026,0.3106277074965988,1.4788365463400674,0.43455373868451097,1.1682088388434686,1.0,1.0,0.042964694417815974,0.02092385094161517,0.02092385094161517,0.00043780753822693,1.0,1.0,-0.08080400757344308,-0.05775557846492735,0.05775557846492735,0.0033357068438183797,0.0,1.0,0.3284807629711797,0.29518730382076686,0.29518730382076686,0.08713554433697372
14,0.22159630120163504,0.11754148845379443,1.8852602950382458,0.22159630120163504,0.11754148845379443,1.8852602950382458,0.5377934135779678,0.17265674719576185,0.1476002675234774,0.1476002675234774,strong,full_curve,50,0.0015490874982919697,0.21340258556501612,0.21265927075133106,0.01531250594331105,0.20306302605209917,0.2239346382564562,0.1890783189743529,0.2394570648916904,0.020871612204357043,0.050378745917337514,0.08651845355863465,0.08271276819339148,0.02500312932382678,0.06875881378739952,0.09831553898773754,0.056399653389472365,0.1299417550558943,0.029556725200338016,0.07354210166642194,2.6231841581603312,2.6353028794637168,0.5844921919741801,2.22909275152974,3.064844533679987,1.6467527194761664,3.5708656446691567,0.8357517821502474,1.9241129251929903,1.0,1.0,-0.008193715636618915,-0.008937030450303973,0.008937030450303973,7.987051326966044e-05,0.0,1.0,-0.031023034895159785,-0.03482872026040296,0.03482872026040296,0.0012130397549774035,0.0,1.0,0.7379238631220855,0.750042584425471,0.750042584425471,0.5625638784516398
15,0.31931957688474905,0.446953413840803,0.7144359277642415,0.31931957688474905,0.446953413840803,0.7144359277642415,0.38991571308913775,0.47798158111504574,0.13422442825502628,0.13422442825502628,strong,full_curve,50,8.844947212624312e-05,0.19254746017620142,0.16486602012097784,0.08689998523065409,0.12341270291905716,0.24296529805423267,0.1014555931668159,0.3697096476742335,0.11955259513517551,0.26825405450741757,0.3114033157986314,0.3288873503033223,0.1326220807292883,0.20317963027337915,0.4304616910904004,0.07459381757678066,0.48997066521733396,0.22728206081702124,0.41537684764055327,0.740211683347646,0.6552807951408421,0.3997346358927655,0.4521602217692595,0.910801558189337,0.2596561811732182,1.6317865800189895,0.45864133642007743,1.3721303988457714,0.0,1.0,-0.12677211670854763,-0.1544535567637712,0.1544535567637712,0.023855901196979494,0.0,1.0,-0.1355500980421716,-0.11806606353748073,0.11806606353748073,0.013939595359236437,1.0,1.0,0.025775755583404503,-0.05915513262339933,0.05915513262339933,0.003499329715691964
16,0.1,0.06452567249053942,1.5497707523259325,0.1,0.06452567249053942,1.5497707523259325,0.8759250289893802,0.4010112925529148,0.10544943774557718,0.10544943774557718,strong,full_curve,50,0.0007331760597673305,0.2482636017445254,0.24457640579635972,0.05607801924476304,0.2095773357590664,0.28417286718376294,0.16475924683556772,0.344350400943367,0.07459553142469655,0.17959115410779927,0.21151596792557287,0.20221559634312164,0.08338538409685582,0.1515308619436669,0.27000846368930476,0.08288044268997297,0.35706623798496473,0.11847760174563784,0.27418579529499176,1.3455194739462186,1.261475713746394,0.5169411566140345,0.998876050059829,1.603872068649251,0.6265668665656173,2.4172142782123713,0.6049960185894219,1.790647411646754,0.0,0.0,0.14826360174452538,0.14457640579635972,0.14457640579635972,0.020902337112993677,0.0,0.0,0.14699029543503345,0.13768992385258222,0.13768992385258222,0.01895851513052989,1.0,1.0,-0.2042512783797139,-0.28829503857953864,0.28829503857953864,0.08311402926957767
17,0.2900596349800298,0.1764134217481472,1.644203893931195,0.2900596349800298,0.1764134217481472,1.644203893931195,0.7461158385659213,0.2724475877517289,0.16796092385977446,0.16796092385977446,strong,full_curve,50,0.0017567264014111317,0.31344858380674645,0.3125924063982903,0.019102891271942472,0.3004304830459976,0.32641934393018035,0.28324663623430985,0.3456382387209408,0.02598886088418273,0.06239160248663095,0.1816639195434865,0.18157325686886233,0.021773322317353756,0.16717961851713764,0.19508747593235765,0.1472311529305122,0.21761599524124906,0.027907857415220005,0.07038484231073686,1.7432582003055872,1.7342729375838024,0.1729381607056714,1.6247411537691039,1.8476636375022124,1.4861032705013404,2.0292243738433196,0.22292248373310852,0.5431211033419792,0.0,1.0,0.02338894882671666,0.02253277141826049,0.02253277141826049,0.0005077257877875768,1.0,1.0,0.005250497795339315,0.005159835120715134,0.005159835120715134,2.662389847296536e-05,1.0,1.0,0.09905430637439228,0.09006904365260748,0.09006904365260748,0.008112432624495312
18,0.26461613573701764,0.1784127029960421,1.483168694231867,0.26461613573701764,0.1784127029960421,1.483168694231867,0.9526099141776209,0.33757397497816216,0.11626629107187222,0.11626629107187222,strong,full_curve,50,0.0014749524036903364,0.268154904612807,0.2666742870046313,0.030272534392209956,0.24734014663347914,0.28712748537643695,0.22216143372695932,0.32012828514618885,0.03978733874295781,0.09796685141922953,0.17136906486142828,0.16980825413341946,0.045993438307030135,0.14116843387975272,0.19928679512883915,0.09669974118342826,0.25010934900914045,0.058118361249086425,0.15340960782571217,1.6676077325111396,1.6150624324768386,0.42930723496097783,1.3871509201308447,1.8881005707265337,1.0897217860048176,2.5011767863764054,0.500949650595689,1.4114550003715878,1.0,1.0,0.0035387688757893554,0.0020581512676136615,0.0020581512676136615,4.235986640379722e-06,1.0,1.0,-0.007043638134613811,-0.008604448862622627,0.008604448862622627,7.403654022948782e-05,1.0,1.0,0.18443903827927266,0.13189373824497164,0.13189373824497164,0.017395958188233095
19,0.1,0.07447444144287974,1.3427425310292231,0.1,0.07447444144287974,1.3427425310292231,0.6070779531046078,0.39176478229508177,0.1859304273555042,0.1859304273555042,strong,full_curve,50,0.00030211733703191276,0.26639337672853947,0.25866480351412796,0.08327255870098524,0.20443802950833828,0.3187394789047821,0.1431667864525133,0.4169324856047089,0.11430144939644382,0.2737656991521956,0.284081263360367,0.29078405976591626,0.10051284853713442,0.20985323936610217,0.364034522219604,0.11444859928989767,0.4366639796645473,0.1541812828535018,0.3222153803746496,1.040527779427912,0.9894701593246991,0.4022137968702631,0.7754681830875908,1.230729586971459,0.4854362638769154,1.7767130523893298,0.45526140388386815,1.2912767885124143,0.0,0.0,0.16639337672853946,0.15866480351412796,0.15866480351412796,0.02517451987417683,0.0,0.0,0.20960682191748725,0.21630961832303652,0.21630961832303652,0.04678985097905774,0.0,1.0,-0.30221475160131117,-0.3532723717045241,0.3532723717045241,0.12480136860973942
20,0.31915966155923187,0.4414356832352571,0.7230037663021004,0.31915966155923187,0.4414356832352571,0.7230037663021004,0.38303717670811166,0.4197523624239557,0.09000471784646458,0.09000471784646458,strong,full_curve,50,0.00012902652008634015,0.20749871870183245,0.18101864454557742,0.09480735127592678,0.13137301506319754,0.25975655576457457,0.10241347795577592,0.40158944816159586,0.12838354070137703,0.29917597020581993,0.3223449442203603,0.3479613743460801,0.12805313846406935,0.22182057057218468,0.4324429169221005,0.08785967931931464,0.48970900877104495,0.21062234634991583,0.4018493294517303,0.7441412338688933,0.6766727618807178,0.3769077952166635,0.4806811754884657,0.9173575652397441,0.2659365885326895,1.5211511175850507,0.4366763897512784,1.2552145290523613,0.0,1.0,-0.11166094285739941,-0.13814101701365444,0.13814101701365444,0.019082940581566767,0.0,1.0,-0.11909073901489681,-0.09347430888917702,0.09347430888917702,0.008737446422309277,1.0,1.0,0.02113746756679291,-0.046331004421382604,0.046331004421382604,0.0021465619706941743
21,0.1,0.13417789859678897,0.745279222925564,0.1,0.13417789859678897,0.745279222925564,0.39165956157649406,0.3728237767960459,0.1342968045488863,0.1342968045488863,strong,full_curve,50,0.0001993274962642599,0.2370293395719286,0.21632289483997316,0.10371554450603086,0.15295866042102102,0.3065983043163313,0.10424201236964376,0.4396230325750042,0.15363964389531026,0.3353810202053604,0.34321585246760944,0.36740085827158603,0.11572772076223341,0.26569184549184083,0.4414979175354127,0.11576927239485792,0.48911487769344975,0.17580607204357185,0.37334560529859184,0.7524628588129827,0.7245542154484323,0.3277217131225315,0.5192309498317011,0.9292718421322167,0.28804714649863544,1.3437478740681519,0.41004089230051555,1.0557007275695165,0.0,0.0,0.1370293395719286,0.11632289483997316,0.11632289483997316,0.013531015863951454,0.0,1.0,0.20903795387082047,0.23322295967479706,0.23322295967479706,0.054392948919472016,1.0,1.0,0.00718363588741866,-0.020725007477131685,0.020725007477131685,0.00042952593492716427
22,0.2845137851589582,0.12101957150523687,2.350973331174342,0.2845137851589582,0.12101957150523687,2.350973331174342,0.697977548664477,0.14991832003914152,0.16199003009181845,0.16199003009181845,strong,full_curve,50,0.004313030377665112,0.2719069921831866,0.27165914935081403,0.010695371469502503,0.26462317513528555,0.2783915456560811,0.2547065335702122,0.290555948923839,0.013768370520795548,0.03584941535362679,0.10746973127573717,0.10718029189619799,0.009470720975018766,0.10071279790618845,0.1134401600591638,0.0929314713554077,0.12342136836323278,0.012727362152975347,0.030489897007825076,2.5458454853160903,2.5382437775646753,0.200891608832865,2.4085074222460308,2.678148806594914,2.2258177994172654,2.8829692953641954,0.2696413843488834,0.65715149594693,0.0,1.0,-0.012606792975771608,-0.012854635808144166,0.012854635808144166,0.0001652416617600222,0.0,1.0,-0.013549840229499704,-0.013839279609038885,0.013839279609038885,0.00019152566009715948,0.0,1.0,0.1948721541417484,0.1872704463903334,0.1872704463903334,0.03507022009123474
23,0.21405402849366303,0.1272501335235933,1.682151700485057,0.21405402849366303,0.1272501335235933,1.682151700485057,0.5631710958878215,0.21089419700231232,0.14283984352549173,0.14283984352549173,strong,full_curve,50,0.0011205959054695833,0.20053798957695762,0.2000016104869342,0.022650449144861095,0.1854452560213658,0.21529586172887463,0.16502260719045425,0.23875457703056452,0.02985060570750883,0.07373196984011027,0.09455688758201806,0.08599109764636532,0.038984055582173625,0.06740811804913943,0.11058124498363048,0.05339931337206081,0.1593512478116091,0.043173126934491046,0.10595193443954828,2.360307430181489,2.3616728074338367,0.6545174347886958,1.8972942434875941,2.89374691517835,1.2595936113634552,3.323348983750995,0.996452671690756,2.06375537238754,1.0,1.0,-0.013516038916705414,-0.014052418006728823,0.014052418006728823,0.00019747045183583645,0.0,1.0,-0.03269324594157523,-0.04125903587722797,0.04125903587722797,0.001702308041518385,0.0,1.0,0.6781557296964318,0.6795211069487797,0.6795211069487797,0.46174893478889484
24,0.1,0.1658313868957148,0.6030221532362042,0.1,0.1658313868957148,0.6030221532362042,0.3814650908791042,0.4394650615249385,0.19946671152602288,0.19946671152602288,strong,full_curve,50,8.603766468836688e-05,0.1864073711798007,0.16232258502830277,0.08202161969834035,0.12276076604167979,0.22876993464719197,0.10176587975215283,0.35871423959464166,0.10600916860551218,0.2569483598424888,0.30146883287246956,0.317350662266978,0.13217587500460248,0.18827943627087168,0.41672657177480776,0.07412517026873923,0.48831145873599346,0.22844713550393608,0.41418628846725425,0.7459175052567819,0.6673489537705992,0.402410425889088,0.4579009047067918,0.9052450433918472,0.2679108730004045,1.6543354287248258,0.4473441386850554,1.3864245557244212,0.0,0.0,0.08640737117980068,0.06232258502830276,0.06232258502830276,0.0038841046046100276,0.0,1.0,0.13563744597675476,0.1515192753712632,0.1515192753712632,0.022958090809032685,1.0,1.0,0.14289535202057768,0.06432680053439499,0.06432680053439499,0.00413793726699184
25,0.1728496265328947,0.40449043928672557,0.42732685310855806,0.1728496265328947,0.40449043928672557,0.42732685310855806,0.15695178071660107,0.4370093687861621,0.15523233724978758,0.15523233724978758,strong,full_curve,50,8.794992754941371e-06,0.19743724665607432,0.16902649851011514,0.08990329149295946,0.12542004603327836,0.24793647725744322,0.10131869915422818,0.3761390527896853,0.12251643122416486,0.2748203536354571,0.30731188365371653,0.32171109397783615,0.13149592199097013,0.19818234692726594,0.42527314697192775,0.07739910737969169,0.4886584549849943,0.2270908000446618,0.4112593476053026,0.7615892872898871,0.6838304869632802,0.4002077578384034,0.4807026866426085,0.9393513452534711,0.2603753428077961,1.6277909778817579,0.45864865861086257,1.3674156350739617,1.0,1.0,0.02458762012317961,-0.003823128022779565,0.003823128022779565,1.4616307878562385e-05,1.0,1.0,-0.09717855563300903,-0.08277934530888942,0.08277934530888942,0.0068524200097683525,0.0,1.0,0.334262434181329,0.25650363385472214,0.25650363385472214,0.06579411418067735
26,0.31082997378976174,0.4508348418727931,0.6894541967931243,0.31082997378976174,0.4508348418727931,0.6894541967931243,0.4077749284898452,0.4380689330414299,0.08606408995893938,0.08606408995893938,strong,full_curve,50,0.00012974272452448494,0.1941832871097645,0.17109718622981773,0.08148608260749346,0.13139898452612647,0.23527036457420897,0.10217176746533105,0.3642442876790996,0.1038713800480825,0.2620725202137686,0.3004488109816053,0.3126837020274843,0.12446225940275729,0.20117140027248182,0.405383342576711,0.08216668862342129,0.47889678500050853,0.20421194230422918,0.3967300963770872,0.7611781317462515,0.6933376447601439,0.3869458235913372,0.4873905226257176,0.9265861934163411,0.28151409446140063,1.593416224849176,0.4391956707906235,1.3119021303877756,0.0,1.0,-0.11664668667999722,-0.139732787559944,0.139732787559944,0.019525251919272443,0.0,1.0,-0.1503860308911878,-0.1381511398453088,0.1381511398453088,0.019085737440558068,1.0,1.0,0.07172393495312723,0.003883447967019671,0.003883447967019671,1.5081168112549215e-05
27,0.11920199420874195,0.05772751407512562,2.064907802085752,0.11920199420874195,0.05772751407512562,2.064907802085752,0.2945705327602721,0.12157756079057097,0.1512695359995207,0.1512695359995207,strong,full_curve,50,0.0002436664626693466,0.15998781491875974,0.15828170406982028,0.024666668957178436,0.1440271536673065,0.17536555960254463,0.12179975129575907,0.20211436053587933,0.03133840593523812,0.08031460924012027,0.09797114765918939,0.07310873423955681,0.06755917232594175,0.05647664519948764,0.10816886942953248,0.050420209227277454,0.24221679932096785,0.05169222423004484,0.19179659009369038,2.0542336296791235,2.227813172447555,0.714714619954464,1.5425884425653495,2.6342037771509625,0.663179363323376,2.91694150155761,1.091615334585613,2.253762138234234,0.0,0.0,0.040785820710017795,0.03907970986107834,0.03907970986107834,0.0015272237228260634,1.0,1.0,0.04024363358406377,0.015381220164431192,0.015381220164431192,0.0002365819337467047,1.0,1.0,-0.01067417240662838,0.1629053703618033,0.1629053703618033,0.026538159692716303
28,0.2859398550325745,0.14295090576640504,2.0002661298266036,0.2859398550325745,0.14295090576640504,2.0002661298266036,0.713223794285313,0.19175548917566831,0.15987720674314787,0.15987720674314787,strong,full_curve,50,0.0030790959022742913,0.2759060995524261,0.275522329939341,0.011579305225457248,0.2681756587421416,0.2837058565750486,0.25756131260282294,0.29629652410404694,0.015530197832906989,0.038735211501224,0.12768932572874364,0.12754994383076462,0.011994779062399551,0.12014406645643677,0.13507150858406466,0.10866617180124181,0.14764176192806783,0.014927442127627893,0.03897559012682601,2.1754634362888163,2.168167463048457,0.1752259013135549,2.057632220539559,2.2837823781270576,1.9056713270125027,2.4722786171811073,0.22615015758749868,0.5666072901686046,0.0,1.0,-0.010033755480148399,-0.010417525093233515,0.010417525093233515,0.00010852482906814995,0.0,1.0,-0.015261580037661399,-0.015400961935640417,0.015400961935640417,0.000237189628543045,0.0,1.0,0.17519730646221277,0.1679013332218533,0.1679013332218533,0.02819085769767582
29,0.23806049953653877,0.16724110852618063,1.42345683806127,0.23806049953653877,0.16724110852618063,1.42345683806127,0.7030975657039238,0.3311753012915889,0.16198216182913383,0.16198216182913383,strong,full_curve,50,0.0008499215031028236,0.25775715504209834,0.2561719389288578,0.04072724065547307,0.23080479614114427,0.2834468369615767,0.19502848112931453,0.32557611222890026,0.05264204082043242,0.13054763109958573,0.17863127252876804,0.17318758521782507,0.06128540558525139,0.1360206561618069,0.2188195860393089,0.08253572238025599,0.2864000540669886,0.08279892987750201,0.20386433168673262,1.6016841812801212,1.5163109171031146,0.524906336959167,1.241894460072254,1.8618938159072775,0.8859113686215238,2.681112028525784,0.6199993558350236,1.7952006599042605,1.0,1.0,0.019696655505559574,0.018111439392319045,0.018111439392319045,0.0003280242368616461,1.0,1.0,0.01139016400258741,0.005946476691644442,0.005946476691644442,3.536058504427063e-05,1.0,1.0,0.17822734321885125,0.09285407904184462,0.09285407904184462,0.008621879994709128
30,0.1,0.07572099320222561,1.320637722394016,0.1,0.07572099320222561,1.320637722394016,0.274343409135228,0.18656490912743934,0.17428298605522693,0.17428298605522693,strong,full_curve,50,0.00014016165835321556,0.2387133269346469,0.22648633454471007,0.08332252283886007,0.1764812742307631,0.28495879449618783,0.12441881038892105,0.4030068556808113,0.10847752026542473,0.27858804529189024,0.28244253816232984,0.28988935642416935,0.11168384358183256,0.19467532886268757,0.371249562714649,0.0905656197814603,0.4545535727824107,0.17657423385196142,0.36398795300095044,0.9730251586158161,0.9083566557119294,0.4338765065463658,0.6707829143716323,1.1555793838459123,0.40554417174576995,1.9002699635146314,0.48479646947428,1.4947257917688614,0.0,0.0,0.13871332693464689,0.12648633454471006,0.12648633454471006,0.015998792826556314,0.0,0.0,0.20672154496010423,0.21416836322194374,0.21416836322194374,0.04586808780516642,0.0,1.0,-0.34761256377819993,-0.41228106668208664,0.41228106668208664,0.16997567794451918
31,0.2561551596022491,0.12057399334159939,2.1244644263919614,0.2561551596022491,0.12057399334159939,2.1244644263919614,0.8161120191963066,0.15661384300193715,0.10353168098100445,0.10353168098100445,strong,full_curve,50,0.0025548079095485477,0.24039707266514432,0.24011010910235003,0.012620254548174815,0.23151018148589744,0.24879320128332796,0.22042326359157682,0.2613939456322195,0.01728301979743052,0.04097068204064269,0.09295325067584054,0.09196933965660373,0.014491607097821442,0.08276430608683213,0.1020941964677938,0.07063052204797038,0.11882835117496796,0.019329890380961667,0.04819782912699758,2.6403549477811237,2.6281644864247102,0.3700441731452247,2.387783219297725,2.8980066801896527,2.0614229437850495,3.236428913840633,0.5102234608919276,1.1750059700555835,0.0,1.0,-0.015758086937104787,-0.01604505049989907,0.01604505049989907,0.00025744364554431147,0.0,0.0,-0.027620742665758855,-0.028604653684995665,0.028604653684995665,0.0008182262124385361,0.0,1.0,0.5158905213891622,0.5037000600327488,0.5037000600327488,0.25371375047699474
32,0.27753642946872753,0.195273276533261,1.4212719446096589,0.27753642946872753,0.195273276533261,1.4212719446096589,0.7767119178831637,0.3616089290736841,0.17687024030020748,0.17687024030020748,strong,full_curve,50,0.0009961397060886095,0.30136398171893997,0.300216691813174,0.04208233400942031,0.2743980655626032,0.3272059930471013,0.2350171910251684,0.37339992809815237,0.052807927484498085,0.13838273707298396,0.22505992796145205,0.22584074045969177,0.05305966943554071,0.191079255557971,0.26103132883868974,0.13759730579357746,0.30971313382383486,0.06995207328071873,0.1721158280302574,1.402045998550703,1.3626772493450405,0.3222652457470458,1.2038601338536448,1.5470345833341577,0.9772592545192397,1.9607212732303674,0.3431744494805129,0.9834620187111277,1.0,1.0,0.023827552250212436,0.022680262344446478,0.022680262344446478,0.0005143943000129168,1.0,1.0,0.029786651428191063,0.030567463926430782,0.030567463926430782,0.0009343698508936472,1.0,1.0,-0.01922594605895589,-0.05859469526461836,0.05859469526461836,0.003433338313153489
33,0.10676846424916248,0.07680869553955905,1.3900569915833703,0.10676846424916248,0.07680869553955905,1.3900569915833703,0.8054252411554398,0.45378593560292485,0.15121456997439278,0.15121456997439278,strong,full_curve,50,0.0005192967503548092,0.29150977620059126,0.2813815797385144,0.10471822443750399,0.21193606689871622,0.35902753250403285,0.14085526296561,0.48684127217686274,0.14709146560531663,0.3459860092112528,0.30960804328256275,0.3216832433282719,0.11218250194157456,0.22925786631969636,0.40172758574391304,0.10675116648612255,0.4696809203621433,0.17246971942421668,0.3629297538760208,1.0442621951748374,0.9979235357641631,0.42125910930408206,0.7757433701726522,1.22017109181753,0.45256505892221516,1.8681195214946187,0.44442772164487776,1.4155544625724035,0.0,0.0,0.1847413119514288,0.17461311548935193,0.17461311548935193,0.030489740100897757,0.0,0.0,0.2327993477430037,0.24487454778871287,0.24487454778871287,0.05996354415472662,0.0,1.0,-0.34579479640853283,-0.3921334558192071,0.3921334558192071,0.15376864717271405
34,0.2884543713378706,0.09901723251669964,2.9131734346263585,0.2884543713378706,0.09901723251669964,2.9131734346263585,0.7781494576444906,0.11297864664542902,0.1486103101584185,0.1486103101584185,strong,full_curve,50,0.004294456292602742,0.2674845893925873,0.26733604143531114,0.010076199442841043,0.2606188405723608,0.2741732349443926,0.2511591368543567,0.28435334222449254,0.01355439437203182,0.03319420537013584,0.09107337384052389,0.09039524830057744,0.007994290101111946,0.08541199976347202,0.09594806564234809,0.07902933645387832,0.10540704413245537,0.010536065878876066,0.026377707678577056,2.9560912744302525,2.958887822575191,0.24182549672309459,2.7882444441111733,3.1217142770454283,2.5541740999582916,3.355134958316169,0.3334698329342549,0.8009608583578776,0.0,0.0,-0.020969781945283317,-0.021118329902559463,0.021118329902559463,0.00044598385787333715,0.0,1.0,-0.007943858676175752,-0.008621984216122203,0.008621984216122203,7.433861182306039e-05,1.0,1.0,0.042917839803894076,0.045714387948832425,0.045714387948832425,0.002089805265536355
35,0.1,0.19328383615540626,0.517373837301102,0.1,0.19328383615540626,0.517373837301102,0.21400475145919554,0.32698251708873605,0.16511156193136656,0.16511156193136656,strong,full_curve,50,3.353578773395175e-05,0.20808964805371807,0.18214192879987057,0.09346024195367633,0.1337741192228309,0.2578314268712081,0.10349853227731275,0.39998684691385367,0.12405730764837719,0.2964883146365409,0.3126113899535407,0.32966700519225706,0.1300640076670916,0.21100005589995563,0.430846441236731,0.08624921644135927,0.48835267225919976,0.21984638533677536,0.40210345581784046,0.7760522610930904,0.708730149046695,0.3881328536719124,0.49955444448551667,0.9644623906399153,0.281611394849899,1.576770452979683,0.4649079461543987,1.295159058129784,0.0,0.0,0.10808964805371807,0.08214192879987056,0.08214192879987056,0.006747296466963005,0.0,1.0,0.11932755379813445,0.1363831690368508,0.1363831690368508,0.01860036879653422,1.0,1.0,0.25867842379198847,0.19135631174559298,0.19135631174559298,0.036617238044876564
36,0.1,0.13538690290834773,0.7386238834911273,0.1,0.13538690290834773,0.7386238834911273,0.4051365079337408,0.36328753196458413,0.10443467558276867,0.10443467558276867,strong,full_curve,50,0.0002491897766478781,0.22942569975994304,0.21021734279821497,0.09688998252375898,0.1515699149528438,0.2906174962493411,0.10740210660345859,0.4159132728270332,0.13904758129649727,0.30851116622357466,0.3305852091307928,0.35336154717230744,0.11906405267061457,0.2406695016596226,0.43097571890175984,0.10631165972675323,0.48553257879823813,0.19030621724213725,0.3792209190714849,0.7747748278668259,0.7370667537573417,0.3569983975510388,0.5279701541807142,0.9318569868332612,0.28501952784447543,1.4679128779087862,0.403886832652547,1.1828933500643108,0.0,0.0,0.12942569975994303,0.11021734279821496,0.11021734279821496,0.012147862653499228,0.0,1.0,0.19519830622244508,0.2179746442639597,0.2179746442639597,0.047512945541999786,1.0,1.0,0.03615094437569866,-0.0015571297337856338,0.0015571297337856338,2.4246530078393188e-06
37,0.1,0.20647050214376161,0.4843306862806574,0.1,0.20647050214376161,0.4843306862806574,0.33723943067739903,0.3927348455559877,0.09937778254921324,0.09937778254921324,strong,full_curve,50,0.0001097133560835424,0.21698612348024635,0.19428482366709596,0.09267623544715349,0.14306818902311938,0.27497496601915655,0.10499864796234566,0.3977917749535126,0.13190677699603717,0.29279312699116694,0.3181660050218412,0.34061322614177725,0.12236322439883776,0.23070430560504457,0.41953337753385733,0.09531246917862435,0.4851243215125403,0.18882907192881276,0.38981185233391596,0.7755246603298729,0.7143044177752352,0.3658235378691825,0.5221207356989317,0.9426238372835286,0.2883765866725049,1.4993147063275878,0.4205031015845969,1.2109381196550828,0.0,0.0,0.11698612348024634,0.09428482366709595,0.09428482366709595,0.008889627973935377,0.0,1.0,0.11169550287807961,0.13414272399801563,0.13414272399801563,0.0179942704016078,0.0,1.0,0.2911939740492155,0.22997373149457784,0.22997373149457784,0.052887917177540184
38,0.3357391838481947,0.14044012252023902,2.3906215533229176,0.3357391838481947,0.14044012252023902,2.3906215533229176,0.8038352333217442,0.17034217393499862,0.19310054520695247,0.19310054520695247,strong,full_curve,50,0.005419768602094031,0.33095388264875925,0.3310088833479876,0.009798612689528157,0.32444107397598626,0.33740049565708063,0.3151192205246363,0.34726658275891353,0.012959421681094374,0.03214736223427722,0.13574407122205417,0.1354762586438244,0.007305910605214639,0.13071831495600778,0.14036873532788846,0.12425749783959542,0.14841147281613284,0.009650420371880686,0.02415397497653743,2.4434717867821107,2.4401455956035587,0.12011936234328806,2.3650500704838824,2.526846417927126,2.247494801633354,2.637981774928973,0.16179634744324378,0.3904869732956189,1.0,1.0,-0.004785301199435432,-0.004730300500207063,0.004730300500207063,2.237574282225919e-05,0.0,1.0,-0.004696051298184845,-0.00496386387641462,0.00496386387641462,2.4639944583573982e-05,1.0,1.0,0.05285023345919315,0.04952404228064111,0.04952404228064111,0.0024526307638147284
39,0.20055171368074318,0.12420858626740465,1.6146364732707115,0.20055171368074318,0.12420858626740465,1.6146364732707115,0.4289367662643344,0.2019389584120258,0.19999477125122087,0.19999477125122087,strong,full_curve,50,0.0004705071674557594,0.23422767983931123,0.2329340342321342,0.023411405082208528,0.21841857049966612,0.24901636976596284,0.19875761099538897,0.27331015360437316,0.030597799266296716,0.0745525426089842,0.12255354840885008,0.11946234047271073,0.036728420388203654,0.09691302476800392,0.14239301222252754,0.07067323964358413,0.1892155385740377,0.04547998745452361,0.11854229893045357,2.056882953332147,2.005129281266791,0.5309315497394419,1.685385699018506,2.3757514244834566,1.2504095295667628,3.0291495703575446,0.6903657254649505,1.7787400407907819,0.0,1.0,0.03367596615856805,0.032382320551391036,0.032382320551391036,0.0010486146842930422,1.0,1.0,-0.0016550378585545727,-0.004746245794693918,0.004746245794693918,2.25268491436497e-05,0.0,1.0,0.4422464800614354,0.39049280799607944,0.39049280799607944,0.15248463309666296
40,0.27836784035373285,0.13609909650756785,2.0453320227460443,0.27836784035373285,0.13609909650756785,2.0453320227460443,0.7749219262003795,0.18104667349244824,0.13335030610179233,0.13335030610179233,strong,full_curve,50,0.002982213763679101,0.26171657198599557,0.2614858996423173,0.01221000819853274,0.2533844260904183,0.26970194998561353,0.2421853353036307,0.28290201173451435,0.01631752389519525,0.04071667643088364,0.11523311687180118,0.11463321400756235,0.013207681751863284,0.1064801184914602,0.12353395767362221,0.09403140924665264,0.1377691763895507,0.01705383918216201,0.04373776714289805,2.29501293800243,2.2906658567136033,0.22769011962036778,2.1410234620046293,2.435274057948,1.931039666185234,2.677885382490185,0.29425059594337055,0.7468457163049511,0.0,1.0,-0.016651268367737282,-0.016881940711415577,0.016881940711415577,0.00028499992218375067,0.0,1.0,-0.020865979635766668,-0.0214658825000055,0.0214658825000055,0.00046078411150404243,0.0,1.0,0.24968091525638547,0.24533383396755903,0.24533383396755903,0.06018869008922182
41,0.29280537938209156,0.16608106180397328,1.7630268990433837,0.29280537938209156,0.16608106180397328,1.7630268990433837,0.9325853516917011,0.24528076130671794,0.11974190271219287,0.11974190271219287,strong,full_curve,50,0.002261261294731204,0.27010415286545636,0.2692532177074215,0.014843751838641225,0.2597906138410686,0.2799416258331988,0.246606652610842,0.29471068216590735,0.020151011992130208,0.04810402955506535,0.13355583605791224,0.13354738267155944,0.017945047878123618,0.12110827671553151,0.14529552355509223,0.1046799519240894,0.16300771456288185,0.024187246839560722,0.058327762638792455,2.0524428958266245,2.0355778927942043,0.24515848455009667,1.8796252242931923,2.201783971879422,1.6907796381203088,2.4740700382636915,0.32215874758622975,0.7832904001433827,0.0,1.0,-0.022701226516635198,-0.023552161674670058,0.023552161674670058,0.0005547043195497972,0.0,0.0,-0.03252522574606104,-0.03253367913241384,0.03253367913241384,0.0010584402778908597,0.0,1.0,0.2894159967832408,0.2725509937508206,0.2725509937508206,0.07428404419455985
42,0.13465813920813044,0.21054266118423018,0.6395765041190448,0.13465813920813044,0.21054266118423018,0.6395765041190448,0.1257989918880074,0.2335029113278166,0.17988511757794817,0.17988511757794817,strong,full_curve,50,9.434996808603667e-06,0.2572221743748571,0.2367686295792355,0.11519651831898287,0.16254063817197106,0.33055067547044475,0.1068621697644777,0.48571041272866494,0.1680100372984737,0.37884824296418723,0.3529066449702226,0.38438365896798665,0.11750200511110707,0.2779049301140104,0.4500037022347912,0.11233017213056004,0.4920359546953092,0.17209877212078079,0.3797057825647492,0.7908291244874088,0.7578355118066247,0.34668660189101325,0.5437299055378801,0.976425182027652,0.29941399030229204,1.4167964291376736,0.4326952764897719,1.1173824388353815,0.0,1.0,0.12256403516672668,0.10211049037110506,0.10211049037110506,0.01042655224382754,0.0,1.0,0.14236398378599244,0.17384099778375647,0.17384099778375647,0.030220692510452025,1.0,1.0,0.15125262036836407,0.11825900768757991,0.11825900768757991,0.013985192899251084
43,0.18613075968114154,0.14587714677624256,1.2759418715985926,0.18613075968114154,0.14587714677624256,1.2759418715985926,0.9166873629942611,0.4925318933978054,0.15297601500840902,0.15297601500840902,strong,full_curve,50,0.0006524622259988386,0.29645673209991424,0.2922351934151873,0.07854281735521507,0.24131709798659423,0.34857388820520474,0.17550705438134903,0.4376528889380922,0.10725679021861051,0.2621458345567431,0.2866715281162391,0.2920309804095783,0.09175706408776838,0.22341540895297735,0.35376988374660506,0.12380144994186197,0.42806472274369034,0.13035447479362772,0.30426327280182835,1.122667404659479,1.0663735379863266,0.37526833468023113,0.8993809242560129,1.288297331693548,0.6012411219169332,1.82555762486373,0.3889164074375351,1.2243165029467966,0.0,1.0,0.1103259724187727,0.10610443373404574,0.10610443373404574,0.011258150858022503,0.0,1.0,0.14079438133999653,0.14615383363333576,0.14615383363333576,0.021360943085720785,1.0,1.0,-0.15327446693911373,-0.209568333612266,0.209568333612266,0.04391888645302203
44,0.1,0.08926757511161428,1.1202275840355989,0.1,0.08926757511161428,1.1202275840355989,0.32399551266129123,0.24033645239511953,0.1530682096065666,0.1530682096065666,strong,full_curve,50,0.00022562528820675717,0.2708159543703605,0.2578832652575217,0.10085800194017754,0.19391043191433155,0.3352413349747575,0.12790028979191195,0.4593881324139501,0.14133090306042595,0.3314878426220381,0.3139556826812639,0.332570977638304,0.11270757060163646,0.23268255023136086,0.4062562950577186,0.1025695798065883,0.47189073732578035,0.17357374482635773,0.36932115751919203,0.9608170691829219,0.918686378096336,0.40320719749864226,0.6996579786586294,1.1311936467834904,0.37942933511425014,1.786143703924208,0.431535668124861,1.406714368809958,0.0,0.0,0.17081595437036048,0.1578832652575217,0.1578832652575217,0.024927125448376955,0.0,0.0,0.22468810756964963,0.24330340252668975,0.24330340252668975,0.059196545681064416,1.0,1.0,-0.159410514852677,-0.20154120593926284,0.20154120593926284,0.040618857691452355
45,0.16714872617235974,0.08707040437104001,1.9196962203147194,0.16714872617235974,0.08707040437104001,1.9196962203147194,0.36250343403631957,0.13888868348781958,0.166508415372909,0.166508415372909,strong,full_curve,50,0.0005077915112738007,0.17568355293450014,0.17562107593015652,0.018608794405472345,0.1634566587381558,0.1869780006683802,0.1460077301338944,0.20600281984185118,0.0235213419302244,0.05999508970795678,0.07591066120320679,0.06450986552333277,0.03676226932776885,0.0546132313626734,0.08343417843717241,0.050217366336797936,0.13672367909720742,0.028820947074499004,0.08650631276040949,2.5800142421031995,2.764395937849389,0.6393319748883716,2.2341381762560615,3.061695117327839,1.2846452446728123,3.299989403180051,0.8275569410717774,2.015344158507239,1.0,1.0,0.008534826762140402,0.008472349757796788,0.008472349757796788,7.178071041843929e-05,0.0,1.0,-0.01115974316783322,-0.022560538847707243,0.022560538847707243,0.0005089779130989077,0.0,1.0,0.6603180217884801,0.8446997175346698,0.8446997175346698,0.7135176128031508
46,0.1,0.15452183834778485,0.6471577161470753,0.1,0.15452183834778485,0.6471577161470753,0.46238154511834206,0.43990615472524097,0.11164798780512955,0.11164798780512955,strong,full_curve,50,0.0002213978821627458,0.2593507568729857,0.24307813234879733,0.10951809907364576,0.17241965202120538,0.325589713993067,0.11426661667918821,0.4698490839487716,0.15317006197186164,0.3555824672695834,0.3484247123015907,0.3676166047169195,0.111898129081519,0.2798976642474022,0.44092610708757796,0.12357891178277607,0.4879214603041474,0.16102844284017576,0.3643425485213713,0.8023848860775283,0.779017981887651,0.3378778503794458,0.575645173987295,0.9676420960145138,0.3294074112503486,1.3886521587583982,0.3919969220272188,1.0592447475080495,0.0,0.0,0.1593507568729857,0.14307813234879732,0.14307813234879732,0.020471351956419963,0.0,1.0,0.19390287395380587,0.21309476636913463,0.21309476636913463,0.04540937945391607,1.0,1.0,0.15522716993045305,0.13186026574057574,0.13186026574057574,0.017387129681175253
47,0.2573656299860676,0.0740768324832593,3.4743066267612064,0.2573656299860676,0.0740768324832593,3.4743066267612064,0.6911234309059281,0.08192255879629959,0.14080531644065764,0.14080531644065764,strong,full_curve,50,0.0035694985197783176,0.2479601995515626,0.24760666368911366,0.01061205009016962,0.24082441089950812,0.2547842687915034,0.23101231557061364,0.26585756914867026,0.013959857891995275,0.03484525357805662,0.0685679317477632,0.0671446380846818,0.008078327183237751,0.06285873931124619,0.07267747836259522,0.05826806496802127,0.08399684767986117,0.00981873905134903,0.025728782711839898,3.660429649707789,3.695722894793872,0.40894471879442845,3.419111578696392,3.9415359496974363,2.9242489613186664,4.2703641972511655,0.5224243710010441,1.346115235932499,0.0,1.0,-0.009405430434505008,-0.009758966296953941,0.009758966296953941,9.523742318508292e-05,0.0,1.0,-0.005508900735496106,-0.006932194398577507,0.006932194398577507,4.805531917966936e-05,1.0,1.0,0.18612302294658267,0.22141626803266545,0.22141626803266545,0.04902516374951315
48,0.26002525506851876,0.18690856104658662,1.3911896470258949,0.26002525506851876,0.18690856104658662,1.3911896470258949,0.8645012271371765,0.3864955117398511,0.14814635006384747,0.14814635006384747,strong,full_curve,50,0.0010430511879251836,0.2949532352931134,0.2948913451605282,0.03165283002150466,0.2738876717654818,0.31553764645618315,0.24431638801645256,0.3476280829755344,0.041649974690701363,0.10331169495908182,0.2057115672957476,0.2053919223877566,0.040695340192415975,0.17840504549153874,0.2324449437675162,0.1400182188243034,0.27097168481577366,0.054039898275977466,0.13095346599147026,1.4801494967030362,1.4491245471027194,0.2755714273925433,1.3082861219711637,1.624241397445559,1.0971742289941893,1.9517209093691377,0.3159552754743953,0.8545466803749484,0.0,1.0,0.034927980224594646,0.034866090092009416,0.034866090092009416,0.0012156442383041172,1.0,1.0,0.01880300624916098,0.018483361341169985,0.018483361341169985,0.0003416346464682571,1.0,1.0,0.08895984967714132,0.05793490007682456,0.05793490007682456,0.003356452646911646
49,0.1,0.07870709657553239,1.2705334633203447,0.1,0.07870709657553239,1.2705334633203447,0.5035029504456945,0.3463906922384634,0.19116723703216656,0.19116723703216656,strong,full_curve,50,0.0002480875415082963,0.2441403367444776,0.2314625193123577,0.0916231089923071,0.17193184778391268,0.3019859496743604,0.12130331328100756,0.41672838927907707,0.1300541018904477,0.2954250759980695,0.30210155324093024,0.31376561161804534,0.11263503058442896,0.218220515147773,0.39271809063994545,0.10335921056519198,0.4686221380619521,0.17449757549217246,0.3652629274967601,0.9071305099901683,0.8523830213700152,0.39250775149277617,0.6392116395758886,1.0956176240357722,0.37656264815931245,1.7004355422020943,0.4564059844598837,1.3238728940427817,0.0,0.0,0.1441403367444776,0.1314625193123577,0.1314625193123577,0.01728239398395202,0.0,0.0,0.22339445666539787,0.23505851504251296,0.23505851504251296,0.05525250549399129,0.0,1.0,-0.36340295333017636,-0.41815044195032947,0.41815044195032947,0.17484979210325585
50,0.2994186926140818,0.4542650082649556,0.6591277936147841,0.2994186926140818,0.4542650082649556,0.6591277936147841,0.41107838158506704,0.48072217355810354,0.1070185586650248,0.1070185586650248,strong,full_curve,50,9.985111969298152e-05,0.2755013954038395,0.25449685958118906,0.1236887612773373,0.17195985506253572,0.35938519002239067,0.1103026063974251,0.5080241014416569,0.18742533495985494,0.39772149504423177,0.36750857400118986,0.39991181598523,0.11204222391699381,0.29722841936531563,0.4597385005365331,0.14071690333150486,0.4941022685228617,0.16251008117121746,0.3533853651913569,0.7978832563298638,0.7767740130499708,0.3424687304685593,0.5506246992243156,0.9968199130125611,0.3021216262371607,1.3657850597431465,0.44619521378824556,1.0636634335059858,1.0,1.0,-0.023917297210242328,-0.044921833032892766,0.044921833032892766,0.0020179710830350956,1.0,1.0,-0.08675643426376572,-0.05435319227972557,0.05435319227972557,0.0029542695109968193,1.0,1.0,0.13875546271507966,0.11764621943518672,0.11764621943518672,0.013840632947392104
51,0.1,0.06638607678902306,1.5063399561598285,0.1,0.06638607678902306,1.5063399561598285,0.39604067424663036,0.249279432881369,0.19500011999787129,0.19500011999787129,strong,full_curve,50,0.00017177783405897276,0.22876218604345266,0.22331808213545212,0.05453680670101281,0.1912746259160196,0.2608884350332955,0.1493873512828782,0.3285436819104635,0.06961380911727591,0.17915633062758532,0.20848195539391365,0.19945746407876896,0.08951923674932967,0.1418203196364464,0.2673159377604324,0.07750762628449781,0.3673754314033475,0.125495618123986,0.2898678051188497,1.2839132258101018,1.1929316453327798,0.5148829353215718,0.9203969047741929,1.5694011241969965,0.5670266895212019,2.3065458323177466,0.6490042194228036,1.7395191427965446,0.0,0.0,0.12876218604345266,0.12331808213545212,0.12331808213545212,0.015207349381566114,0.0,0.0,0.1420958786048906,0.1330713872897459,0.1330713872897459,0.01770799411521755,1.0,1.0,-0.2224267303497267,-0.3134083108270487,0.3134083108270487,0.09822476929546396
52,0.2971754183536871,0.17479661110356623,1.700121166408724,0.2971754183536871,0.17479661110356623,1.700121166408724,0.755662016173611,0.26109730998833136,0.16939005638628896,0.16939005638628896,strong,full_curve,50,0.0020165397477805826,0.2863168406551598,0.28584891701583115,0.016485042064113203,0.2751395598044397,0.2972585346963091,0.2597741709931305,0.31330127296576316,0.02211897489186937,0.05352710197263266,0.151396147716007,0.15140879515615732,0.02005039187189299,0.13786397225281785,0.1646931880519194,0.11890129551600112,0.18328035076996255,0.026829215799101552,0.06437905525396143,1.9175264889807904,1.898999193923688,0.22088536378193402,1.7610158701610683,2.0519648880875856,1.5920817277310344,2.307527506204445,0.2909490179265173,0.7154457784734105,1.0,1.0,-0.010858577698527327,-0.011326501337855954,0.011326501337855954,0.0001282896325564527,0.0,1.0,-0.023400463387559217,-0.023387815947408908,0.023387815947408908,0.0005469899347898744,0.0,1.0,0.21740532257206646,0.1988780275149642,0.1988780275149642,0.039552469828242856
53,0.2867261735590934,0.1071782209801266,2.6752279608397243,0.2867261735590934,0.1071782209801266,2.6752279608397243,0.7520762188344363,0.12594738265441055,0.15077519909951728,0.15077519909951728,strong,full_curve,50,0.004508524283601145,0.2828014991695501,0.2827918916048199,0.010489018219263922,0.27535716044337644,0.2901215701544255,0.2659201151118801,0.30006610317492355,0.014764409711049087,0.034145988063043475,0.09971572362541198,0.09926123856611897,0.008139447517435831,0.0941453055990782,0.10475684820585246,0.08723824560831413,0.11379992986216293,0.010611542606774257,0.026561684253848805,2.8520214411040197,2.857415951699041,0.21972803890365072,2.7046038663722296,2.999483128275361,2.485444825027078,3.208516463857229,0.2948792619031315,0.723071638830151,1.0,1.0,-0.003924674389543303,-0.003934281954273533,0.003934281954273533,1.547857449572237e-05,0.0,1.0,-0.007462497354714617,-0.007916982414007623,0.007916982414007623,6.267861054370596e-05,0.0,1.0,0.17679348026429542,0.1821879908593167,0.1821879908593167,0.03319246401335446
54,0.18659596725354874,0.0990052553341683,1.8847077018663219,0.18659596725354874,0.0990052553341683,1.8847077018663219,0.41660446906439763,0.15277801673715963,0.16177662844157553,0.16177662844157553,strong,full_curve,50,0.0007778086388514913,0.18476352678875,0.18411298338497334,0.018499999884750953,0.17264911903318314,0.19652110222105756,0.15610562450232135,0.2156805198334299,0.023871983187874424,0.059574895331108546,0.07818812682684044,0.06611205368749967,0.040757671380485784,0.05562678584665054,0.0847469949946795,0.05047161832964699,0.14529698538949143,0.029120209148028958,0.09482536705984443,2.6650753193215238,2.860884166357837,0.6911224230606057,2.270694580752003,3.198364376234931,1.2705794568194757,3.457973884083093,0.9276697954829278,2.187394427263617,1.0,1.0,-0.0018324404647987458,-0.0024829838685754,0.0024829838685754,6.16520889160566e-06,0.0,1.0,-0.020817128507327864,-0.03289320164666863,0.03289320164666863,0.001081962714568404,0.0,1.0,0.7803676174552019,0.976176464491515,0.976176464491515,0.9529204898271539
55,0.3368430150698764,0.3048236877517708,1.1050421230523926,0.3368430150698764,0.3048236877517708,1.1050421230523926,0.6730153192514028,0.46312699311867817,0.14429800331598702,0.14429800331598702,strong,full_curve,50,0.0011807311373272845,0.24904756568270414,0.2376339702195892,0.08655095955134492,0.18382645431081868,0.30715003108373473,0.12539589215539312,0.41603412879521,0.12332357677291605,0.2906382366398169,0.2885683069750592,0.2960848991170143,0.1102227477289346,0.20619048260067743,0.37566267537866366,0.0974976204398074,0.4551172649076369,0.16947219277798622,0.35761964446782946,0.9775910409457853,0.9220715835919423,0.4146825745767608,0.7092892100536283,1.1629119062879028,0.4072614754122002,1.8477434880748205,0.4536226962342744,1.4404820126626203,0.0,1.0,-0.08779544938717226,-0.0992090448502872,0.0992090448502872,0.009842434580106297,1.0,1.0,-0.016255380776711625,-0.008738788634756522,0.008738788634756522,7.636642680294976e-05,1.0,1.0,-0.12745108210660727,-0.18297053946045028,0.18297053946045028,0.03347821831044819
56,0.1,0.13967815518874735,0.7159315632775205,0.1,0.13967815518874735,0.7159315632775205,0.25733237533208636,0.2507639125925823,0.08173324711854542,0.08173324711854542,strong,full_curve,50,0.00016762123815446938,0.2805702251055977,0.26384450341669985,0.12224760100674156,0.1772345850797743,0.36920748715682433,0.11417328775524885,0.5087578250332785,0.19197290207705003,0.39458453727802967,0.3620130782500248,0.38777222034034553,0.11009469463937337,0.29322857841371325,0.45330696318412933,0.14326415632349038,0.492558520077882,0.16007838477041608,0.3492943637543916,0.8200464715879353,0.8077564250723723,0.3314405659453137,0.5848348473380524,1.023337051142708,0.31729252493289234,1.3549414504188546,0.43850220380465565,1.0376489254859622,0.0,0.0,0.1805702251055977,0.16384450341669984,0.16384450341669984,0.026845021299864966,0.0,0.0,0.22233492306127747,0.24809406515159818,0.24809406515159818,0.06155066516344544,1.0,1.0,0.10411490831041481,0.09182486179485183,0.09182486179485183,0.008431805243643639
57,0.1,0.10362850978043722,0.964985410017715,0.1,0.10362850978043722,0.964985410017715,0.6043523060765108,0.48013275095245417,0.1806237293503783,0.1806237293503783,strong,full_curve,50,0.0003267995091186519,0.2982839365908919,0.28669588535319024,0.11100121940327862,0.21187929135532013,0.37644139634246887,0.1332801572838166,0.4929899865541024,0.16456210498714874,0.35970982927028583,0.35115379306727457,0.37077553479405345,0.09919069807563458,0.2888379873065218,0.4291382610361891,0.15737772391626959,0.4797878906556071,0.14030027372966725,0.32241016673933753,0.893388168305621,0.899029370835817,0.3200694553970424,0.6950464549860946,1.0620809720351256,0.37231487477429626,1.3951354974490968,0.367034517049031,1.0228206226748005,0.0,0.0,0.1982839365908919,0.18669588535319023,0.18669588535319023,0.03485535360781155,0.0,0.0,0.24752528328683734,0.2671470250136162,0.2671470250136162,0.07136753297362568,1.0,1.0,-0.07159724171209403,-0.06595603918189796,0.06595603918189796,0.00435019910456406
58,0.1,0.19253498633763122,0.5193861225026346,0.1,0.19253498633763122,0.5193861225026346,0.21772035194527417,0.33638471990303664,0.1996181403996615,0.1996181403996615,strong,full_curve,50,2.426270993056747e-05,0.21444686956692235,0.1887966139680198,0.09697860461344247,0.1362331055669002,0.274133502695898,0.10397041661960221,0.41051382475634635,0.1379003971289978,0.30654340813674413,0.31402816922981264,0.3347690741137751,0.1299062409460074,0.20938228460820069,0.428939910605541,0.08083228428371646,0.4859072358619958,0.2195576259973403,0.40507495157827933,0.7966681039340049,0.7304062436264097,0.4043484678724302,0.5093438838918636,0.98142821198558,0.2853833911453318,1.7052940726308214,0.47208432809371637,1.4199106814854896,0.0,0.0,0.11444686956692235,0.0887966139680198,0.0887966139680198,0.00788483865218553,0.0,1.0,0.12149318289218142,0.14223408777614388,0.14223408777614388,0.0202305357255118,1.0,1.0,0.2772819814313703,0.2110201211237751,0.2110201211237751,0.04452949151909272
59,0.1,0.07573887148522025,1.320325983725729,0.1,0.07573887148522025,1.320325983725729,0.2235556594616107,0.12400413065381383,0.09684478569896915,0.09684478569896915,strong,full_curve,50,0.00029943661760770807,0.23030653600199297,0.20991513260980815,0.09558770386331722,0.15406961190630952,0.2869765544308106,0.11073439732804378,0.4195226608983982,0.13290694252450108,0.3087882635703544,0.29756421148419465,0.3073875222900254,0.1251834365975841,0.19849191695645463,0.4032111614751337,0.082162519624295,0.4813721573604995,0.20471924451867907,0.3992096377362045,0.9001597344260445,0.8356353644056069,0.4268853835035453,0.5980333779855815,1.096203931836722,0.3486575489341938,1.8139885800059914,0.4981705538511405,1.4653310310717975,0.0,0.0,0.13030653600199296,0.10991513260980815,0.10991513260980815,0.01208133637663171,0.0,0.0,0.2218253399989744,0.23164865080480518,0.23164865080480518,0.05366109741968657,0.0,1.0,-0.4201662492996846,-0.48469061932012214,0.48469061932012214,0.23492499645692355
60,0.1537640283870006,0.32095144076108933,0.4790881387613395,0.1537640283870006,0.32095144076108933,0.4790881387613395,0.1660396955799766,0.32566602305074127,0.08257736051561884,0.08257736051561884,strong,full_curve,50,2.7784751936738386e-05,0.24686129983559937,0.22785331439230402,0.10379488783983226,0.1621576332538129,0.3130816061128592,0.1114114017921347,0.44112575819415273,0.15092397285904627,0.329714356402018,0.3357575153868582,0.3583358506855462,0.11421265882632285,0.2567055279243743,0.42881345553668704,0.10759113008862374,0.484050703918031,0.17210792761231275,0.37645957382940726,0.8045040800624522,0.7715686668420543,0.3481491128680026,0.5684356416491663,0.9717398769470629,0.31557781656112904,1.450167876155045,0.4033042352978966,1.1345900595939158,0.0,1.0,0.09309727144859878,0.07408928600530343,0.07408928600530343,0.00548922230077565,1.0,1.0,0.014806074625768884,0.03738440992445685,0.03738440992445685,0.001397594105399828,0.0,1.0,0.32541594130111273,0.2924805280807148,0.2924805280807148,0.08554485930637379
61,0.19879224464333098,0.455069292278775,0.43683950557918777,0.19879224464333098,0.455069292278775,0.43683950557918777,0.2063187314688032,0.4688533542221715,0.12547809962002457,0.12547809962002457,strong,full_curve,50,1.4684325089083074e-05,0.291165537677649,0.27819289010422854,0.11672576167232862,0.1957969712495814,0.36861196102511407,0.12622824290557277,0.5053823499991831,0.17281498977553267,0.3791541070936103,0.3524645523899828,0.3801256789941647,0.1105174970885776,0.2828531370402094,0.44486931651440087,0.13410290852434797,0.4882736313239026,0.16201617947419145,0.35417072279955464,0.8812675990468332,0.8617586733663538,0.3416440576789585,0.6541976281186378,1.0622659848455538,0.36478364615548764,1.4964325557210754,0.408068356726916,1.1316489095655877,1.0,1.0,0.09237329303431804,0.07940064546089756,0.07940064546089756,0.006304462499607153,0.0,1.0,-0.1026047398887922,-0.0749436132846103,0.0749436132846103,0.005616545172153218,0.0,1.0,0.4444280934676454,0.42491916778716604,0.42491916778716604,0.18055629915293778
62,0.22861852092682441,0.09274397662379685,2.4650497989123745,0.22861852092682441,0.09274397662379685,2.4650497989123745,0.45785190635828155,0.11625968854656599,0.192133361216542,0.192133361216542,strong,full_curve,50,0.0027430948140673554,0.22458064206200204,0.2243057204480862,0.011923450781449248,0.21655225113463883,0.23213135969579476,0.20575177622695667,0.2451586252421405,0.015579108561155935,0.03940684901518382,0.07200789633479818,0.06968619023399941,0.012783481307042828,0.0630894183356473,0.0785013027848995,0.0557271049634789,0.0956561647326537,0.015411884449252206,0.0399290597691748,3.196450657425268,3.2386820175827937,0.468158960922636,2.9009058616303456,3.547311231304103,2.3703009499418526,3.8978090040634075,0.6464053696737575,1.5275080541215549,1.0,1.0,-0.004037878864822375,-0.004312800478738221,0.004312800478738221,1.860024796940463e-05,0.0,1.0,-0.020736080288998676,-0.02305778638979744,0.02305778638979744,0.0005316615131975281,0.0,1.0,0.7314008585128935,0.7736322186704192,0.7736322186704192,0.5985068097649153
63,0.1,0.1587070636774402,0.630091677603224,0.1,0.1587070636774402,0.630091677603224,0.30644645352733124,0.33970602763721763,0.12050996664989173,0.12050996664989173,strong,full_curve,50,0.00012428968012961973,0.23297927842098118,0.21744013092159775,0.09321158121351372,0.15854807284579756,0.2924231213180176,0.11096350357267684,0.4077090663563672,0.13387504847222007,0.29674556278369035,0.303991963303666,0.3215043498290702,0.1226982367443478,0.2108651357857123,0.40501660304804643,0.07894444922655278,0.47769770314602455,0.19415146726233412,0.3987532539194718,0.8946130897493203,0.8220440941159943,0.4345685779822127,0.610249537554261,1.0718189229026533,0.31322339600986576,1.8627865818438423,0.4615693853483923,1.5495631858339765,0.0,0.0,0.13297927842098117,0.11744013092159775,0.11744013092159775,0.013792184350882019,0.0,1.0,0.14528489962622582,0.16279728615163003,0.16279728615163003,0.02650295637833571,1.0,1.0,0.26452141214609626,0.19195241651277029,0.19195241651277029,0.03684573020509205
64,0.1,0.0844473073763763,1.1841703792201015,0.1,0.0844473073763763,1.1841703792201015,0.38345280040236773,0.22909861154380856,0.09502368522200708,0.09502368522200708,strong,full_curve,50,0.0005095426625258069,0.22679280996402945,0.21355192313659238,0.08368832343650483,0.16404504549637777,0.2751489196560664,0.11221845269508784,0.38976296820951195,0.11110387415968864,0.2775445155144241,0.2910339686422908,0.2988352039107768,0.11468595588809385,0.20538686422723934,0.3837962398682163,0.08936430753348958,0.46637895984986855,0.17840937564097697,0.377014652316379,0.8969384266529757,0.8400619877993761,0.40940757873106187,0.6164167076915769,1.0722774697488404,0.3550446324147641,1.7222695683991025,0.45586076205726356,1.3672249359843385,0.0,0.0,0.12679280996402945,0.11355192313659238,0.11355192313659238,0.012894039248018583,0.0,0.0,0.20658666126591452,0.2143878965344005,0.2143878965344005,0.04596217018044481,0.0,1.0,-0.28723195256712575,-0.34410839142072536,0.34410839142072536,0.11841058504615913
65,0.20966639292650277,0.07262061198814433,2.8871471499129178,0.20966639292650277,0.07262061198814433,2.8871471499129178,0.5822899657605273,0.08667950378965864,0.10977723939370707,0.10977723939370707,strong,full_curve,50,0.0026636334895998913,0.21103885863362956,0.21049694573707467,0.011766065581671122,0.20326409636815623,0.21870096533263134,0.19267058518926908,0.23099388554501676,0.015436868964475103,0.038323300355747686,0.059905762338288746,0.05579589806015562,0.01455209598393709,0.05229410593623782,0.06220192370293709,0.050431430063923526,0.08127895699697399,0.009907817766699273,0.030847526933050463,3.635290123121992,3.783428490586153,0.5376323800874385,3.4073251170074768,3.998380438575172,2.5665400852929277,4.2208494267994086,0.591055321567695,1.654309341506481,1.0,1.0,0.001372465707126791,0.0008305528105718996,0.0008305528105718996,6.898179711488816e-07,0.0,1.0,-0.012714849649855586,-0.016824713927988712,0.016824713927988712,0.00028307099875865733,0.0,1.0,0.7481429732090743,0.8962813406732351,0.8962813406732351,0.8033202416390116
66,0.11387879048727856,0.06564722701121153,1.734708313998241,0.11387879048727856,0.06564722701121153,1.734708313998241,0.5542860441557212,0.23972041849767228,0.11078882748435405,0.11078882748435405,strong,full_curve,50,0.0006166207589272784,0.198136326132219,0.19347074763880032,0.043293683465326215,0.1673749076055709,0.2234470482670415,0.13670158236150953,0.2766590990268453,0.05607214066147062,0.1399575166653358,0.16493352057620064,0.1453861175168197,0.08566274443539824,0.09823674370158596,0.2149170136165342,0.059898165977970055,0.33923374547569396,0.11668026991494825,0.2793355794977239,1.486094341960512,1.418384377045012,0.6315198311541117,1.0018460524763095,1.936591512970594,0.5249327310631923,2.610540520563676,0.9347454604942844,2.0856077895004836,0.0,0.0,0.08425753564494043,0.07959195715152176,0.07959195715152176,0.0063348796432096755,0.0,1.0,0.09928629356498911,0.07973889050560817,0.07973889050560817,0.006358290659065369,1.0,1.0,-0.24861397203772917,-0.31632393695322913,0.31632393695322913,0.10006083308959048
67,0.11621186009177187,0.05,2.3242372018354374,0.11621186009177187,0.05,2.3242372018354374,0.28898710468812194,0.10162167609387214,0.13291066820836622,0.13291066820836622,strong,full_curve,50,0.0003072625925367754,0.20557552325661238,0.2051319012070431,0.026519400553429,0.1871806255586172,0.2219665936456315,0.1661179131584045,0.2506817104784201,0.03478596808701431,0.0845637973200156,0.10067078540428298,0.09038035222670679,0.04482090410109594,0.0693358176928174,0.1189629341159418,0.053167094885476135,0.18247943252839977,0.04962711642312441,0.12931233764292363,2.313979190630403,2.3281581880311846,0.6886763458370022,1.8219611512559772,2.8739845475671086,1.115928493056446,3.310552077017651,1.0520233963111314,2.1946235839612047,0.0,0.0,0.08936366316484051,0.08892004111527124,0.08892004111527124,0.007906773711941529,0.0,0.0,0.05067078540428298,0.04038035222670679,0.04038035222670679,0.0016305728459529037,1.0,1.0,-0.010258011205034556,0.003920986195747211,0.003920986195747211,1.537413274724019e-05
68,0.20372006729385583,0.1365699765015259,1.4916899930167276,0.20372006729385583,0.1365699765015259,1.4916899930167276,0.47995529275870874,0.2459553448902011,0.19745409843865058,0.19745409843865058,strong,full_curve,50,0.0004499723770894728,0.2397828662753495,0.2389948313263181,0.037661132006403045,0.2149388149537565,0.2630596197939304,0.18242077211976435,0.3036194683955136,0.04812080484017389,0.12119869627574928,0.16918800971266976,0.16422382082765916,0.05995025692337584,0.12608373598168404,0.2072022287378058,0.07805176404620873,0.27677144598339004,0.08111849275612176,0.19871968193718131,1.5845134466327009,1.5124671736818098,0.5332499432820345,1.2251258735679453,1.8666136712744716,0.8348391596739588,2.6314883798283057,0.6414877977065263,1.796649220154347,0.0,1.0,0.03606279898149367,0.03527476403246227,0.03527476403246227,0.0012443089775458938,1.0,1.0,0.03261803321114384,0.027653844326133242,0.027653844326133242,0.0007647351060140117,1.0,1.0,0.09282345361597333,0.020777180665082273,0.020777180665082273,0.00043169123638946865
69,0.21786176458021328,0.11701457523034677,1.8618344266203226,0.21786176458021328,0.11701457523034677,1.8618344266203226,0.5156528503637429,0.17358029935181424,0.15365775083224203,0.15365775083224203,strong,full_curve,50,0.0013681110065610854,0.2003550324966321,0.1996524169958289,0.015571790611809754,0.19054021595889237,0.21011468867175492,0.17654067203640664,0.22602246385599398,0.019574472712862556,0.04948179181958734,0.08043411892287339,0.0746692222500316,0.026196186439697844,0.06265607782714691,0.09141788861973157,0.05330648381835959,0.12683896556450094,0.028761810792584663,0.07353248174614135,2.6657929167669443,2.7259624866127723,0.5950971782423488,2.277914060643119,3.1467493642762228,1.6101056937069576,3.5027120525162085,0.8688353036331038,1.892606358809251,0.0,1.0,-0.017506732083581167,-0.01820934758438439,0.01820934758438439,0.00033158033944892556,0.0,1.0,-0.03658045630747338,-0.042345352980315165,0.042345352980315165,0.0017931289190274864,0.0,1.0,0.8039584901466217,0.8641280599924497,0.8641280599924497,0.7467173040663148
70,0.10355115998170226,0.07904380007235619,1.3100478454592541,0.10355115998170226,0.07904380007235619,1.3100478454592541,0.6457040525900928,0.333722090828918,0.09373308649648118,0.09373308649648118,strong,full_curve,50,0.0008072855730903416,0.22798550987970054,0.21738585147205103,0.07129581637115304,0.1756700764058446,0.2680924583342993,0.1313909074138112,0.3672055699702301,0.0924223819284547,0.23581466255641886,0.23917791363476004,0.23207317250837756,0.10536254458565725,0.1551446429939393,0.31521660374923754,0.0751924675304042,0.41920766661556685,0.16007196075529825,0.34401519908516265,1.1299355186152666,1.0366361764302674,0.500628130256808,0.7796585134853384,1.3782167000657277,0.43789411637782444,2.1468805174965926,0.5985581865803893,1.708986401118768,0.0,0.0,0.12443434989799827,0.11383469149034876,0.11383469149034876,0.012958336986702882,0.0,1.0,0.16013411356240387,0.15302937243602138,0.15302937243602138,0.02341798882816254,1.0,1.0,-0.18011232684398748,-0.2734116690289867,0.2734116690289867,0.07475394076121618
71,0.2902486805600122,0.18702702616459752,1.5519076922314534,0.2902486805600122,0.18702702616459752,1.5519076922314534,0.697427260988185,0.2979058612856408,0.1951292687109932,0.1951292687109932,strong,full_curve,50,0.0012683389303301802,0.2946810004343778,0.29414277143015743,0.021914157531908,0.28012258842940396,0.3088129375124985,0.26084754135258365,0.3314601560837033,0.028690349083094535,0.07061261473111963,0.1721299760927385,0.17255048504858253,0.02822455256384764,0.1533955047649761,0.1898878762437538,0.12746515809103073,0.21754822045202424,0.03649237147877771,0.0900830623609935,1.7500700517414125,1.7173505843685684,0.26118520168208603,1.581708393178635,1.8921211011868415,1.3950334039523065,2.1697333934427814,0.3104127080082064,0.7746999894904749,1.0,1.0,0.004432319874365598,0.0038940908701452503,0.0038940908701452503,1.5163943704948593e-05,1.0,1.0,-0.014897050071859014,-0.014476541116014985,0.014476541116014985,0.00020957024268367238,0.0,1.0,0.19816235950995909,0.16544289213711494,0.16544289213711494,0.02737135055869305
72,0.24344580734098895,0.10582194389442791,2.3005229197439423,0.24344580734098895,0.10582194389442791,2.3005229197439423,0.6993231261961549,0.1342064038436912,0.11486810525551497,0.11486810525551497,strong,full_curve,50,0.002865470244819401,0.22549202005357233,0.22528556725685184,0.011678541971248901,0.21746701112924038,0.23299299921034525,0.20748035611969048,0.2451980371705851,0.015525988081104863,0.037717681050894625,0.07997502311391921,0.07855059160536411,0.0138876573906451,0.07058407773852118,0.0877739257857417,0.060194081494238376,0.10329048173393687,0.017189848047220513,0.0430964002396985,2.8893596594475723,2.8902958885791907,0.4265108010885738,2.605504555607541,3.181281343979612,2.203911392463473,3.581898185959115,0.575776788372071,1.377986793495642,0.0,1.0,-0.017953787287416617,-0.018160240084137108,0.018160240084137108,0.00032979431991350016,0.0,0.0,-0.025846920780508695,-0.0272713522890638,0.0272713522890638,0.0007437266556742253,0.0,1.0,0.58883673970363,0.5897729688352484,0.5897729688352484,0.3478321547687429
73,0.26046925466995124,0.18306876023799792,1.4227946610406335,0.26046925466995124,0.18306876023799792,1.4227946610406335,0.6556438355648078,0.3290453580591502,0.1991312283782038,0.1991312283782038,strong,full_curve,50,0.0007426660287680018,0.28740671918108207,0.28641753221758914,0.02738744287904362,0.26934570319624507,0.3057079351456542,0.24375229292394313,0.33411458263608035,0.03636223194940913,0.09036228971213722,0.18809683267255276,0.1887188647514376,0.03664169175321366,0.16572111439037543,0.21137339787471898,0.1257900875010127,0.24792483288828546,0.04565228348434355,0.12213474538727276,1.5782447670941129,1.5444323301209493,0.2948853524175855,1.3961404330757698,1.7108603630545098,1.1856023633947868,2.0884604113389615,0.31471992997874,0.9028580479441748,0.0,1.0,0.026937464511130826,0.0259482775476379,0.0259482775476379,0.000673313107689249,1.0,1.0,0.005028072434554831,0.005650104513439669,0.005650104513439669,3.192368101279132e-05,1.0,1.0,0.15545010605347942,0.12163766908031581,0.12163766908031581,0.014795722539292417
74,0.2476193599075565,0.16373732494328114,1.512296356333733,0.2476193599075565,0.16373732494328114,1.512296356333733,0.7105270697130691,0.2937469174042659,0.1495831841705656,0.1495831841705656,strong,full_curve,50,0.0011480450632460762,0.2933891614693431,0.29291899451804515,0.031048593606753275,0.27189202558635883,0.3132953551942436,0.24432855001933346,0.3460867780958904,0.04140332960788479,0.10175822807655693,0.1874011414372035,0.18670061158798842,0.04184818838221062,0.15998565487226946,0.21416972952341884,0.11973751193662933,0.257250938391169,0.05418407465114938,0.13751342645453968,1.6322504360150238,1.5938701515984666,0.3416800160603409,1.4182347592103217,1.8072664790117732,1.167766592079411,2.236473658473199,0.38903171980145146,1.0687070663937879,0.0,1.0,0.04576980156178656,0.04529963461048864,0.04529963461048864,0.00205205689584378,1.0,1.0,0.02366381649392235,0.022963286644707287,0.022963286644707287,0.0005273125335269921,1.0,1.0,0.11995407968129079,0.08157379526473352,0.08157379526473352,0.00665428407389266
75,0.1,0.08768439880605189,1.1404537336361154,0.1,0.08768439880605189,1.1404537336361154,0.19803807333165643,0.14521118363218685,0.13373790500658286,0.13373790500658286,strong,full_curve,50,0.00012484384818471427,0.29359309586040494,0.2792026118251487,0.11279621086065568,0.20609711843873002,0.36920398623999284,0.13193040862347555,0.5050238528755471,0.16310686780126282,0.3730934442520715,0.3443159287521045,0.3626581074809128,0.10869086978493135,0.2707572948894077,0.4356006368425981,0.13022566981528233,0.48463455126073385,0.1648433419531904,0.3544088814454515,0.9127659558371309,0.9000326517764177,0.3507325281765068,0.6728947026354721,1.0853702705093158,0.4019607034593998,1.55793415791213,0.41247556787384365,1.15597345445273,0.0,0.0,0.19359309586040493,0.1792026118251487,0.1792026118251487,0.03211357608495493,0.0,0.0,0.2566315299460526,0.27497370867486093,0.27497370867486093,0.07561054046240728,0.0,1.0,-0.22768777779898441,-0.24042108185969768,0.24042108185969768,0.057802296602587455
76,0.1,0.050721273557526966,1.971559327795312,0.1,0.050721273557526966,1.971559327795312,0.2463871522016275,0.11894785363678441,0.16270168656314749,0.16270168656314749,strong,full_curve,50,0.0001159013555808928,0.21806102016241505,0.21490209840219326,0.04196207935627873,0.1886879190934279,0.24346589279778688,0.15541731962825006,0.29048590368818367,0.05477797370435897,0.1350685840599336,0.15675537180591603,0.14351139112471456,0.07359056749927174,0.10210149707607938,0.19354324618476498,0.060319243148755655,0.2976273814375343,0.0914417491086856,0.23730813828877867,1.6557867097112862,1.570560799258006,0.6446217128947934,1.1824200641049136,2.0907506730004686,0.6986491470393423,2.8503250194503864,0.908330608895555,2.151675872411044,0.0,0.0,0.11806102016241504,0.11490209840219326,0.11490209840219326,0.013202492217227302,0.0,0.0,0.10603409824838907,0.0927901175671876,0.0927901175671876,0.008610005918132496,1.0,1.0,-0.3157726180840259,-0.4009985285373061,0.4009985285373061,0.1607998198890847
77,0.1,0.14046831450167377,0.7119043205918758,0.1,0.14046831450167377,0.7119043205918758,0.3590155788423668,0.33155368766323984,0.09453351500608452,0.09453351500608452,strong,full_curve,50,0.00022060672390146986,0.23050706414709254,0.2153074842556717,0.09094069380376792,0.15822060133815805,0.2876834150894436,0.1106346191231205,0.4062267869716069,0.12946281375128557,0.2955921678484864,0.31310527914494474,0.3276211596593079,0.11584137329403461,0.2336854688612322,0.40790807560844866,0.10251707771148538,0.475043135088634,0.17422260674721646,0.3725260573771486,0.8329772172616078,0.7777632344720063,0.3839883482249064,0.5726400558376364,1.000646382730085,0.31948496362544176,1.589101478748433,0.42800632689244866,1.2696165151229912,0.0,0.0,0.13050706414709254,0.1153074842556717,0.1153074842556717,0.013295815925371976,0.0,1.0,0.17263696464327097,0.1871528451576341,0.1871528451576341,0.03502618745059737,1.0,1.0,0.12107289666973198,0.06585891388013054,0.06585891388013054,0.004337396537470451
78,0.22091112424937911,0.1279945906369635,1.7259410975887155,0.22091112424937911,0.1279945906369635,1.7259410975887155,0.6820472135231674,0.20879316170582496,0.11076020235584887,0.11076020235584887,strong,full_curve,50,0.0015945078365354707,0.21310323775565868,0.21274368448343667,0.020910593268756307,0.1996144892623566,0.22649139852921504,0.1796039063972826,0.2478443459796824,0.026876909266858456,0.06824043958239981,0.10209454704527196,0.09567598953000296,0.03887322414649446,0.07532771697184028,0.11975314768774875,0.056362547516114504,0.16466183637475293,0.04442543071590847,0.10829928885863843,2.3051564356034207,2.2722432289414876,0.6410306486965855,1.855273126209352,2.7741670443379434,1.2879349937875708,3.3839587686710892,0.9188939181285913,2.0960237748835184,1.0,1.0,-0.0078078864937204395,-0.008167439765942447,0.008167439765942447,6.670707233029801e-05,0.0,1.0,-0.02590004359169154,-0.03231860110696054,0.03231860110696054,0.001044491977510831,0.0,1.0,0.5792153380147052,0.5463021313527721,0.5463021313527721,0.2984460187205814
79,0.25075207164528773,0.05590657654066776,4.485198113729693,0.25075207164528773,0.05590657654066776,4.485198113729693,0.6880960707343663,0.05927059246300074,0.14207884577135155,0.14207884577135155,strong,full_curve,50,0.0023086057315292938,0.24319541958471103,0.24272672157917474,0.011133069320488713,0.23536756390747166,0.25037538335999077,0.22586171423350354,0.2620356933941559,0.015007819452519111,0.03617397916065235,0.05547893110789697,0.05354346682335713,0.006656144004065475,0.05179606083754304,0.05668490785531552,0.05070083533345864,0.06640259040545428,0.00488884701777248,0.015701755071995636,4.427402437767169,4.5031099199029505,0.44101552708687247,4.217260697196048,4.715959988584366,3.6050149772088074,5.002836481304533,0.49869929138831814,1.397821504095726,0.0,1.0,-0.007556652060576707,-0.00802535006611299,0.00802535006611299,6.440624368365978e-05,1.0,1.0,-0.00042764543277078876,-0.0023631097173106297,0.0023631097173106297,5.584287536047924e-06,1.0,1.0,-0.057795675962523774,0.017911806173257716,0.017911806173257716,0.0003208328003883532
80,0.15562470354330635,0.28533281853344633,0.5454146646824092,0.15562470354330635,0.28533281853344633,0.5454146646824092,0.14300686487591127,0.31337267107680966,0.15897144009309344,0.15897144009309344,strong,full_curve,50,1.2716587945903651e-05,0.31702142669105676,0.30550481187107636,0.12945476373494635,0.21386036366451994,0.4090946366444839,0.12682355007608312,0.5474372936784375,0.19523427297996399,0.4206137436023544,0.37596839964954404,0.4023025618810855,0.10174583489974219,0.31925805617785663,0.45886773922985546,0.16796187365532514,0.4935432003097864,0.13960968305199883,0.32558132665446127,0.8737316582386404,0.8775507749634196,0.3169243518102523,0.6623164724451213,1.0636196567986438,0.36708448534284743,1.3736881592918835,0.4013031843535225,1.006603673949036,0.0,1.0,0.16139672314775041,0.14988010832777002,0.14988010832777002,0.022464046872344077,0.0,1.0,0.09063558111609771,0.11696974334763915,0.11696974334763915,0.013681920858812575,0.0,1.0,0.32831699355623123,0.3321361102810104,0.3321361102810104,0.11031439575259952
81,0.2535198751730873,0.09410023957556468,2.694146968345441,0.2535198751730873,0.09410023957556468,2.694146968345441,0.5281053464595018,0.1128399607820929,0.19281311762444872,0.19281311762444872,strong,full_curve,50,0.004715808972297512,0.24205238636474685,0.2417519391392725,0.01057928089353245,0.2348431338175556,0.24883423793828177,0.22531146228650192,0.26014341259364354,0.013991104120726183,0.03483195030714162,0.08042387559097611,0.07956429671521044,0.009926964080197736,0.07351349380330964,0.08604162246867976,0.06589843590652136,0.0985632753594825,0.01252812866537012,0.03266483945296114,3.0487909047197532,3.062647977761853,0.341220137269384,2.8258710566936207,3.2848707384685185,2.471285740311908,3.5914926329763945,0.4589996817748978,1.1202068926644864,0.0,1.0,-0.01146748880834042,-0.011767936033814763,0.011767936033814763,0.00013848431849595595,0.0,1.0,-0.013676363984588574,-0.014535942860354242,0.014535942860354242,0.00021129363483948348,0.0,1.0,0.35464393637431213,0.36850100941641184,0.36850100941641184,0.13579299394091446
82,0.14634151073503623,0.11237952997799056,1.3022078910963333,0.14634151073503623,0.11237952997799056,1.3022078910963333,0.8056073411739422,0.45945135651592145,0.16168811872733996,0.16168811872733996,strong,full_curve,50,0.0005212214350821726,0.28965520932463995,0.2818338952164636,0.07956282192350367,0.2327195918464706,0.3404963286372484,0.17102070242621278,0.43407943455318154,0.10777673679077779,0.26305873212696873,0.2844501462018904,0.28756218791783617,0.0900259191233993,0.21903942472872256,0.35107899039095414,0.13318455306627566,0.4271049739855562,0.13203956566223157,0.2939204209192805,1.1006299959536736,1.061118093992005,0.3712721603882657,0.873811426043825,1.2637750509549963,0.5769105406056121,1.7457078492621834,0.3899636249111713,1.1687973086565713,0.0,0.0,0.14331369858960372,0.1354923844814274,0.1354923844814274,0.018358186252462945,0.0,0.0,0.17207061622389985,0.1751826579398456,0.1751826579398456,0.030688963642868952,0.0,1.0,-0.20157789514265967,-0.2410897971043282,0.2410897971043282,0.05812429026780614
83,0.14144241671847171,0.42233634173159557,0.33490467843366795,0.14144241671847171,0.42233634173159557,0.33490467843366795,0.1267739259430111,0.4503903697323032,0.12256989284364453,0.12256989284364453,strong,full_curve,50,6.897741897770494e-06,0.2229045812014609,0.20012027908182933,0.09640456349385237,0.14679509545387925,0.27768051999210963,0.10657785300472053,0.41821102295100526,0.13088542453823038,0.31163316994628476,0.3021140120299383,0.31631879922580036,0.12725125606986368,0.2020960767266536,0.41295280731731454,0.0811651496835457,0.48352373345884025,0.21085673059066093,0.40235858377529454,0.8601648815215686,0.7901108708050983,0.41860443850976375,0.5595939996668959,1.0460813658398997,0.31435888250606187,1.7753066626509273,0.4864873661730038,1.4609477801448654,0.0,1.0,0.08146216448298918,0.05867786236335762,0.05867786236335762,0.0034430915315331405,0.0,1.0,-0.12022232970165725,-0.1060175425057952,0.1060175425057952,0.011239719318968092,0.0,1.0,0.5252602030879006,0.4552061923714304,0.4552061923714304,0.2072126775732957
84,0.1,0.08949403488669304,1.1173929092213621,0.1,0.08949403488669304,1.1173929092213621,0.5659354424017983,0.41153925832748134,0.17793763969702267,0.17793763969702267,strong,full_curve,50,0.000332951945499529,0.23649294556492828,0.22179086569375814,0.08832639342762102,0.16768387757428843,0.29360638813381407,0.11732039585641056,0.3960864686614582,0.12592251055952564,0.2787660728050476,0.30085695069872154,0.31526620058936916,0.11448647819930655,0.21580516897135682,0.394387384453857,0.09344159015345543,0.46327511725845283,0.1785822154825002,0.3698335271049974,0.8944577737361282,0.8375651131513071,0.39938806934033094,0.6277913776535042,1.0728894551267791,0.3523883538225191,1.7253417316727837,0.4450980774732749,1.3729533778502647,0.0,0.0,0.13649294556492828,0.12179086569375813,0.12179086569375813,0.014833014966435031,0.0,0.0,0.21136291581202848,0.2257721657026761,0.2257721657026761,0.05097307080607664,0.0,1.0,-0.22293513548523392,-0.27982779607005503,0.27982779607005503,0.0783035954534243
85,0.1,0.06738215265758425,1.4840725037113285,0.1,0.06738215265758425,1.4840725037113285,0.6488345538792305,0.3423179457311434,0.12299542119179944,0.12299542119179944,strong,full_curve,50,0.000547449016454456,0.245261769806474,0.23834111738763553,0.06112262783553244,0.20213455990756446,0.2840485265949186,0.15706237887280164,0.35354070142224026,0.08191396668735412,0.19647832254943862,0.2259754675714232,0.22192632969274997,0.08935695806529458,0.15744668366444461,0.28898677407919104,0.08573240608549891,0.38349785599306563,0.13154009041474643,0.2977654499075667,1.2450609652168445,1.1711511904140455,0.48961544536793966,0.9058784691190402,1.4972863882770526,0.5801422831241031,2.204861842064085,0.5914079191580124,1.6247195589399817,0.0,0.0,0.14526176980647398,0.13834111738763552,0.13834111738763552,0.019138264760059552,0.0,0.0,0.15859331491383893,0.1545441770351657,0.1545441770351657,0.02388390265547664,1.0,1.0,-0.23901153849448398,-0.312921313297283,0.312921313297283,0.09791974831569634
86,0.12482456059143772,0.08524436813375381,1.464314456476234,0.12482456059143772,0.08524436813375381,1.464314456476234,0.6814412842140757,0.3495507027172613,0.1351376466784419,0.1351376466784419,strong,full_curve,50,0.0005662980219994263,0.23725253696172935,0.22987094494347732,0.06023644172080235,0.19411164094508973,0.2743951831888292,0.1487168755508572,0.34653699336296223,0.08028354224373949,0.19782011781210504,0.2121036350582224,0.2058898689253628,0.0931710596207382,0.13879311315699483,0.2749637700756039,0.07249644239022497,0.3774008214440516,0.13617065691860908,0.30490437905382667,1.3230959467017935,1.2176452538884295,0.5539049831459566,0.9409672844149405,1.6218895583675175,0.5861428397477492,2.456502610634341,0.680922273952577,1.8703597708865916,0.0,0.0,0.11242797637029163,0.1050463843520396,0.1050463843520396,0.01103474286543643,0.0,1.0,0.12685926692446858,0.12064550079160898,0.12064550079160898,0.014555336861258122,1.0,1.0,-0.1412185097744405,-0.24666920258780456,0.24666920258780456,0.06084569550530337
87,0.19710561875520416,0.47769594788754066,0.41261731364237325,0.19710561875520416,0.47769594788754066,0.41261731364237325,0.12532465772727788,0.4441730051074328,0.11467209005869641,0.11467209005869641,strong,full_curve,50,7.2069535195602795e-06,0.22206957839976924,0.1981224526108201,0.10224588812015424,0.1388698786410068,0.2803747661166751,0.10317862894432715,0.4269901746568187,0.1415048874756683,0.32381154571249154,0.329406956438277,0.35178735839363795,0.1241084124704525,0.2386280211547041,0.43525144973236507,0.09724738818413513,0.4891546752675796,0.19662342857766096,0.39190728708344447,0.7591482444547891,0.7073105339412586,0.3642138408950004,0.4975310572478407,0.963157144577731,0.2786810449429501,1.4449343361227838,0.46562608732989036,1.1662532911798338,1.0,1.0,0.024963959644565076,0.001016833855615934,0.001016833855615934,1.0339510899267662e-06,0.0,1.0,-0.14828899144926366,-0.1259085894939027,0.1259085894939027,0.015852972908344108,0.0,1.0,0.34653093081241587,0.2946932202988854,0.2946932202988854,0.0868440940901274
88,0.12727067427999872,0.09224852931766069,1.3796499003440823,0.12727067427999872,0.09224852931766069,1.3796499003440823,0.5043756957961829,0.31540231841507815,0.1981450889221022,0.1981450889221022,strong,full_curve,50,0.0002573668032829113,0.2717507480179354,0.26464191734654463,0.07279423574545918,0.22026089721318387,0.317315277535754,0.1620914592586466,0.4049893707324941,0.09705438032257013,0.24289791147384748,0.256616414961367,0.2571686767113246,0.09289600771366449,0.18690907048873667,0.3276516163905193,0.10579026125139628,0.4066789595140451,0.14074254590178265,0.3008886982626488,1.1838047137419048,1.1217600434072235,0.4432141952286156,0.9012787757662346,1.3926150805939554,0.597345643960707,2.0602382173406566,0.49133630482772084,1.4628925733799496,0.0,0.0,0.1444800737379367,0.1373712430665459,0.1373712430665459,0.018870858421648037,0.0,0.0,0.1643678856437063,0.1649201473936639,0.1649201473936639,0.027198655016347825,1.0,1.0,-0.19584518660217753,-0.25788985693685884,0.25788985693685884,0.06650717831091352
89,0.23190023667744766,0.055303322591370586,4.193242391436946,0.23190023667744766,0.055303322591370586,4.193242391436946,0.786429756430346,0.056736445395381446,0.10142077040905065,0.10142077040905065,strong,full_curve,50,0.0011675716633154265,0.23427468298915963,0.23386695615317987,0.01196178289832812,0.22651776572485455,0.24198860119338095,0.21481942825069447,0.2540615139300562,0.0154708354685264,0.03924208567936174,0.054768270344800925,0.05228237960866586,0.008022543220810932,0.05102415908547683,0.055122059327236336,0.05030980900478034,0.066989274570078,0.004097900241759503,0.01667946556529766,4.33794697425216,4.433361080817992,0.48491405936383214,4.167098820381397,4.6262274649793085,3.4118911126515536,4.900310235221952,0.4591286445979117,1.4884191225703987,1.0,1.0,0.002374446311711964,0.0019667194757322093,0.0019667194757322093,3.8679854962243765e-06,0.0,1.0,-0.0005350522465696617,-0.0030209429827047288,0.0030209429827047288,9.126096504752943e-06,1.0,1.0,0.1447045828152147,0.2401186893810463,0.2401186893810463,0.0576569849900714
90,0.3466442539748763,0.1513046681664637,2.291034759043271,0.3466442539748763,0.1513046681664637,2.291034759043271,0.9018790879837376,0.1863848857526338,0.17617301263288834,0.17617301263288834,strong,full_curve,50,0.004491455384763358,0.33171317420340907,0.33148160467829635,0.009604866425401511,0.3253314036516349,0.33831268819529403,0.31564457567179477,0.34785281392345535,0.012981284543659155,0.03220823825166058,0.14503846419699323,0.1446719916333867,0.0077212638887151856,0.139884231618021,0.14996459961880976,0.13286607613547874,0.15801662851166673,0.010080368000788764,0.02515055237618799,2.29188563430944,2.2893890502591745,0.10821179643960774,2.216523681809882,2.3604167412517327,2.125504694816112,2.4750184105720536,0.14389305944185082,0.3495137157559416,0.0,1.0,-0.014931079771467237,-0.015162649296579955,0.015162649296579955,0.0002299059336910766,0.0,1.0,-0.006266203969470474,-0.006632676533077003,0.006632676533077003,4.3992397992430375e-05,1.0,1.0,0.0008508752661686714,-0.0016457087840966445,0.0016457087840966445,2.7083574020528557e-06
91,0.13731947629827365,0.07158038005173827,1.9183954625418194,0.13731947629827365,0.07158038005173827,1.9183954625418194,0.3633474462363716,0.14385869484210273,0.13821078031837536,0.13821078031837536,strong,full_curve,50,0.0004398175146021636,0.16429736129014721,0.16338975603052808,0.024248937324248876,0.14775268433353234,0.17983352230725858,0.12661091309948408,0.20416986128846096,0.03208083797372624,0.07755894818897688,0.09335501704426377,0.07209901556836856,0.0610370279554554,0.056574998698801594,0.10396244467916804,0.05035898260680821,0.21206957698871545,0.04738744598036645,0.16171059438190724,2.1563596189360315,2.3445309398782146,0.7096037577129879,1.6827715510792145,2.7255773704022372,0.7496089537325031,2.997959499957714,1.0428058193230227,2.248350546225211,0.0,1.0,0.026977884991873563,0.026070279732254426,0.026070279732254426,0.0006796594853179959,1.0,1.0,0.021774636992525506,0.0005186355166302975,0.0005186355166302975,2.689827991103756e-07,1.0,1.0,0.2379641563942121,0.42613547733639523,0.42613547733639523,0.18159144504471741
92,0.20980941476619125,0.12778864997097905,1.641847024863626,0.20980941476619125,0.12778864997097905,1.641847024863626,0.6735025215021039,0.2283795213213568,0.11161143748722259,0.11161143748722259,strong,full_curve,50,0.0013155098794170924,0.21298630218055697,0.21165998246237883,0.02339597780705629,0.1974011033361189,0.228565091807792,0.17748447240802132,0.2530995945329561,0.031163988471673093,0.07561512212493479,0.10729451984555055,0.1001665219655161,0.04033297573547057,0.07837484713832346,0.1275666597983573,0.05739083341561952,0.18288819908762255,0.049191812660033835,0.12549736567200304,2.1997474960511343,2.18271495005931,0.6280702963433759,1.7639665989703912,2.6394189124230447,1.1652600250149656,3.2604900213195576,0.8754523134526535,2.095229996304592,1.0,1.0,0.0031768874143657255,0.0018505676961875772,0.0018505676961875772,3.424600798172997e-06,0.0,1.0,-0.0204941301254285,-0.027622128005462945,0.027622128005462945,0.0007629819555501804,0.0,1.0,0.5579004711875082,0.540867925195684,0.540867925195684,0.29253811250548406
93,0.1,0.18636329753286146,0.5365863414300608,0.1,0.18636329753286146,0.5365863414300608,0.4157495176086192,0.48709365904429114,0.18197922204409656,0.18197922204409656,strong,full_curve,50,9.172345492158383e-05,0.21711113407198757,0.19723633356153783,0.09328863293526306,0.14196409649312042,0.2707560656146424,0.10461781349210647,0.40069802732226256,0.12879196912152197,0.2960802138301561,0.3184853290220444,0.33562033859040785,0.12057761481545515,0.22785910898404294,0.42267106119897135,0.10152112518933795,0.48111566702258785,0.19481195221492842,0.3795945418332499,0.7771535038151217,0.7164250833108323,0.3776256773214864,0.5164509239629568,0.9601384443258862,0.2781316315321583,1.53563022933394,0.44368752036292947,1.2574985978017816,0.0,0.0,0.11711113407198756,0.09723633356153782,0.09723633356153782,0.009454904564490647,0.0,1.0,0.13212203148918295,0.1492570410575464,0.1492570410575464,0.02227766430525409,1.0,1.0,0.24056716238506093,0.17983874188077154,0.17983874188077154,0.03234197308125877
94,0.1,0.08881091544682211,1.1259877178034232,0.1,0.08881091544682211,1.1259877178034232,0.8027158849267423,0.4758316700119211,0.10529406024397513,0.10529406024397513,strong,full_curve,50,0.0007553936909736665,0.26274784516313643,0.24861427386751894,0.1019735775255482,0.18377006636986432,0.3248810188306588,0.12521442444503827,0.45933691716810754,0.14111095246079447,0.33412249272306926,0.3071688530542227,0.3211917611685141,0.1172469067902847,0.21500369714961712,0.4049374419126368,0.10050410145007013,0.4782435776530448,0.1899337447630197,0.37773947620297466,0.9618241245008762,0.9002748021248739,0.4154311970068062,0.6802916062039647,1.1482143251123134,0.3975379612940044,1.8349182327711233,0.4679227189083487,1.4373802714771189,0.0,0.0,0.16274784516313642,0.14861427386751894,0.14861427386751894,0.02208620239716992,0.0,0.0,0.21835793760740058,0.232380845721692,0.232380845721692,0.05400085745832881,1.0,1.0,-0.16416359330254704,-0.22571291567854934,0.22571291567854934,0.050946320304111926
95,0.19562760977669674,0.08628125119741992,2.2673246743847244,0.19562760977669674,0.08628125119741992,2.2673246743847244,0.5122392343813112,0.11875381770664797,0.11648621009133867,0.11648621009133867,strong,full_curve,50,0.001885479604575737,0.20454100809212056,0.20349067740636473,0.01266682353119602,0.1963596339634085,0.21273606640625745,0.18512240429398516,0.2263625797054966,0.01637643244284895,0.041240175411511454,0.06910495561359634,0.06483376527350927,0.017265967950262192,0.05729398326027962,0.07571206413642736,0.05146572374312597,0.09983328504173998,0.018418080876147748,0.04836756129861401,3.0874707179000613,3.1797798097111487,0.5512851359742242,2.757361333028909,3.5165199737445088,2.063533324714276,3.785914190877274,0.7591586407155999,1.722380866162998,0.0,1.0,0.008913398315423815,0.007863067629667986,0.007863067629667986,6.182783254873251e-05,0.0,1.0,-0.01717629558382358,-0.021447485923910645,0.021447485923910645,0.0004599946524563452,0.0,1.0,0.8201460435153369,0.9124551353264243,0.9124551353264243,0.8325743739835633
96,0.1,0.12258613552259837,0.815752936281814,0.1,0.12258613552259837,0.815752936281814,0.6120613350862206,0.49752022388523365,0.12674450797041442,0.12674450797041442,strong,full_curve,50,0.0003762999568458993,0.23587374710412637,0.21837799719945417,0.09504032828116843,0.1616690730376849,0.2954335805286614,0.1122646399667481,0.42116307597145247,0.13376450749097651,0.30889843600470435,0.3118164599305606,0.3262459466928313,0.11489584286556484,0.22530521012886878,0.40655320633446734,0.10334304567308762,0.4780114051768416,0.18124799620559856,0.374668359503754,0.8477464322362975,0.8037492476437963,0.37628293068824176,0.5911125281982706,1.0407156436620348,0.32362616660501187,1.57695710167234,0.4496031154637642,1.253330935067328,0.0,0.0,0.13587374710412636,0.11837799719945416,0.11837799719945416,0.014013350220953976,0.0,1.0,0.18923032440796225,0.20365981117023294,0.20365981117023294,0.04147731868589494,1.0,1.0,0.03199349595448353,-0.012003688638017707,0.012003688638017707,0.00014408854091847538
97,0.35374176851034134,0.2273547161900522,1.5559024876996113,0.35374176851034134,0.2273547161900522,1.5559024876996113,0.968056227182878,0.36553252550419013,0.18447818587238646,0.18447818587238646,strong,full_curve,50,0.0017461150114972965,0.3717214456533422,0.3713396224764187,0.020419218258750774,0.357887166542681,0.384149951187285,0.33917215137024553,0.40677704659467756,0.02626278464460402,0.06760489522443203,0.23275448451581143,0.23203596333805646,0.02153646550922174,0.21828672759265633,0.24654504896592205,0.1977594435427477,0.26801416651151505,0.028258321373265727,0.07025472296876736,1.6054836466009075,1.5988640906053009,0.11336707372676923,1.5237797504855024,1.678992601316755,1.434482509838625,1.8041431939536032,0.1552128508312527,0.3696606841149783,0.0,1.0,0.01797967714300086,0.01759785396607738,0.01759785396607738,0.00030968446421138543,1.0,1.0,0.005399768325759224,0.004681247148004247,0.004681247148004247,2.19140748606979e-05,1.0,1.0,0.04958115890129622,0.04296160290568962,0.04296160290568962,0.001845699324226159
98,0.1,0.10157544648512971,0.9844898886527627,0.1,0.10157544648512971,0.9844898886527627,0.6777544660686495,0.4991012416474764,0.1461009448232694,0.1461009448232694,strong,full_curve,50,0.00046427959724389595,0.2864635526044899,0.2721404157472992,0.11707270151429394,0.19195692448247897,0.3622995871695043,0.12022839535785834,0.5095678642465591,0.1703426626870253,0.38933946888870075,0.3474892116757868,0.36611982791946207,0.1110533219719223,0.276576733138548,0.44057652910634904,0.12615543351840258,0.4877118665006859,0.163999795967801,0.3615564329822833,0.8838667852584027,0.8570742002160269,0.35326908987357486,0.6549333675049539,1.0660312004130763,0.35128030379297603,1.5234228754136137,0.4110978329081224,1.1721425716206375,0.0,0.0,0.1864635526044899,0.17214041574729919,0.17214041574729919,0.02963232273365301,0.0,0.0,0.24591376519065705,0.26454438143433234,0.26454438143433234,0.06998372974847353,1.0,1.0,-0.10062310339435998,-0.12741568843673579,0.12741568843673579,0.016234757659807326
99,0.2745452225268426,0.20633240402712913,1.3305967321097305,0.2745452225268426,0.20633240402712913,1.3305967321097305,0.8350076936615354,0.4313493465842181,0.1856248093240662,0.1856248093240662,strong,full_curve,50,0.0007857011438454668,0.32414174539016144,0.32234442813413544,0.05222953228314357,0.28982774401252775,0.3577393671410177,0.24426237070639692,0.41140316639689706,0.06791162312848992,0.16714079569050014,0.2545668498883338,0.25562105006317914,0.06208064388410748,0.21407197277831105,0.2945031373760253,0.15002706765219476,0.3559766712465594,0.08043116459771424,0.20594960359436465,1.3343607552056191,1.2967306934010234,0.3143394456223002,1.1439396333900642,1.4713492704805988,0.9071148908065723,1.8839452096055727,0.3274096370905346,0.9768303187990004,0.0,1.0,0.04959652286331884,0.04779920560729284,0.04779920560729284,0.002284764056688255,0.0,1.0,0.04823444586120465,0.049288646036050016,0.049288646036050016,0.002429370628067029,1.0,1.0,0.0037640230958886356,-0.03386603870870708,0.03386603870870708,0.0011469085778196464
