case_id,feature,observed_value,pred_mean,pred_median,pred_std,pred_ci50_low,pred_ci50_high,pred_ci90_low,pred_ci90_high,pred_width50,pred_width90,covered50,covered90,err_mean,err_median,abs_err_median,sq_err_median,true_beta,true_gamma,true_R0,beta_ref,gamma_ref,R0_ref,beta_seir,gamma_seir,sigma_seir,sigma,severity,reference_mode,reference_window_days,projection_loss
0,peak_time,46.0,24.55,23.5,16.24022627597748,11.0,40.25,1.0,48.0,29.25,47.0,0.0,1.0,-21.45,-22.5,22.5,506.25,0.1,0.17926481564309166,0.5578339488497039,0.1,0.17926481564309166,0.5578339488497039,0.26104133230789256,0.33796092457181953,0.1360722081372182,0.1360722081372182,strong,full_curve,50,7.084655215015319e-05
0,peak_height,0.0642918273806572,0.05603307992219925,0.048979248851537704,0.022761903407875622,0.04104751814156771,0.062040550634264946,0.03420459721237421,0.1112956579774618,0.02099303249269724,0.0770910607650876,0.0,1.0,-0.008258747458457949,-0.015312578529119492,0.015312578529119492,0.00023447506121045125,0.1,0.17926481564309166,0.5578339488497039,0.1,0.17926481564309166,0.5578339488497039,0.26104133230789256,0.33796092457181953,0.1360722081372182,0.1360722081372182,strong,full_curve,50,7.084655215015319e-05
0,cumulative_infected,0.6100901419267757,0.6831499536126057,0.48205753590445966,0.5267978062667574,0.3948493455791322,0.6182910184143111,0.31510916679399087,1.9455120078753678,0.2234416728351789,1.630402841081377,1.0,1.0,0.07305981168582998,-0.12803260602231603,0.12803260602231603,0.016392348204865594,0.1,0.17926481564309166,0.5578339488497039,0.1,0.17926481564309166,0.5578339488497039,0.26104133230789256,0.33796092457181953,0.1360722081372182,0.1360722081372182,strong,full_curve,50,7.084655215015319e-05
0,early_growth_slope,-0.0027571610193089773,-0.0008686997186686346,-0.0007361177815168732,0.002271911628877679,-0.0025572383731611924,0.0005960717826383188,-0.004578473986839525,0.00261574434365944,0.003153310155799511,0.007194218330498965,0.0,1.0,0.0018884613006403426,0.002021043237792104,0.002021043237792104,4.0846157690251905e-06,0.1,0.17926481564309166,0.5578339488497039,0.1,0.17926481564309166,0.5578339488497039,0.26104133230789256,0.33796092457181953,0.1360722081372182,0.1360722081372182,strong,full_curve,50,7.084655215015319e-05
1,peak_time,44.0,43.28,44.0,4.863967703242058,41.0,46.0,37.0,48.0,5.0,11.0,1.0,1.0,-0.7199999999999989,0.0,0.0,0.0,0.17178797528074566,0.06776989688794936,2.534871427719296,0.17178797528074566,0.06776989688794936,2.534871427719296,0.38426463760700225,0.09375293050568131,0.13948358503093095,0.13948358503093095,strong,full_curve,50,0.0012233497532841621
1,peak_height,0.28088894486427307,0.34747686292976143,0.36787527799606323,0.08039833942104625,0.3322934955358505,0.391737163066864,0.1507659584283829,0.4205923229455948,0.05944366753101349,0.26982636451721187,0.0,1.0,0.06658791806548836,0.08698633313179016,0.08698633313179016,0.007566622151714775,0.17178797528074566,0.06776989688794936,2.534871427719296,0.17178797528074566,0.06776989688794936,2.534871427719296,0.38426463760700225,0.09375293050568131,0.13948358503093095,0.13948358503093095,strong,full_curve,50,0.0012233497532841621
1,cumulative_infected,5.5395441597211175,7.8140319577702755,8.188752621092135,2.112854401080456,7.029854785301723,9.161120212404057,2.894004239188507,10.090116062154994,2.131265427102335,7.196111822966487,0.0,1.0,2.274487798049158,2.6492084613710176,2.6492084613710176,7.018305471799795,0.17178797528074566,0.06776989688794936,2.534871427719296,0.17178797528074566,0.06776989688794936,2.534871427719296,0.38426463760700225,0.09375293050568131,0.13948358503093095,0.13948358503093095,strong,full_curve,50,0.0012233497532841621
1,early_growth_slope,0.00344675990414717,0.0018776201318576654,0.0018443019057269258,0.0027104956897807406,-0.00022478006264594014,0.0038457190994882866,-0.0021894883151010896,0.00632140181745247,0.004070499162134227,0.00851089013255356,1.0,1.0,-0.0015691397722895047,-0.0016024579984202443,0.0016024579984202443,2.567871636701016e-06,0.17178797528074566,0.06776989688794936,2.534871427719296,0.17178797528074566,0.06776989688794936,2.534871427719296,0.38426463760700225,0.09375293050568131,0.13948358503093095,0.13948358503093095,strong,full_curve,50,0.0012233497532841621
2,peak_time,4.0,21.3,20.5,15.149424098131602,9.0,32.0,0.9500000000000002,45.099999999999994,23.0,44.14999999999999,0.0,1.0,17.3,16.5,16.5,272.25,0.1,0.10906061791539252,0.9169212673779127,0.1,0.10906061791539252,0.9169212673779127,0.13019504140257454,0.13768807731046862,0.17968456059224758,0.17968456059224758,strong,full_curve,50,1.1852650913981048e-05
2,peak_height,0.06342336535453796,0.05505510531365872,0.050768669694662094,0.017724539479445505,0.04312715493142605,0.060581051744520664,0.03651803191751242,0.0848486244678497,0.017453896813094616,0.04833059255033728,0.0,1.0,-0.008368260040879247,-0.01265469565987587,0.01265469565987587,0.00016014132224408117,0.1,0.10906061791539252,0.9169212673779127,0.1,0.10906061791539252,0.9169212673779127,0.13019504140257454,0.13768807731046862,0.17968456059224758,0.17968456059224758,strong,full_curve,50,1.1852650913981048e-05
2,cumulative_infected,0.46046948328148574,0.6865851804862495,0.541776467791351,0.4516539196539269,0.429615362547338,0.6982680803084804,0.34312411251012237,1.8326249025238213,0.2686527177611424,1.489500790013699,1.0,1.0,0.22611569720476377,0.08130698450986529,0.08130698450986529,0.006610825730087474,0.1,0.10906061791539252,0.9169212673779127,0.1,0.10906061791539252,0.9169212673779127,0.13019504140257454,0.13768807731046862,0.17968456059224758,0.17968456059224758,strong,full_curve,50,1.1852650913981048e-05
2,early_growth_slope,0.0037986670199426855,-0.00018527104347023266,-0.00028220025013156507,0.0021730289424759662,-0.0015205769462097252,0.0013408138270495414,-0.0036898387207960075,0.003472325759607232,0.0028613907732592666,0.00716216448040324,0.0,0.0,-0.003983938063412918,-0.0040808672700742505,0.0040808672700742505,1.6653477675963266e-05,0.1,0.10906061791539252,0.9169212673779127,0.1,0.10906061791539252,0.9169212673779127,0.13019504140257454,0.13768807731046862,0.17968456059224758,0.17968456059224758,strong,full_curve,50,1.1852650913981048e-05
3,peak_time,44.0,25.57,27.0,15.144592661035388,11.75,39.0,2.0,46.05,27.25,44.05,0.0,1.0,-18.43,-17.0,17.0,289.0,0.1,0.07779907051345121,1.285362400090761,0.1,0.07779907051345121,1.285362400090761,0.41698839604645543,0.25440669602818106,0.12230716053668092,0.12230716053668092,strong,full_curve,50,0.00045373580774269205
3,peak_height,0.06012573838233948,0.060704407691955564,0.052175164222717285,0.028991277273602095,0.04512075800448656,0.06500577740371227,0.03634707909077406,0.11780416108667847,0.019885019399225712,0.08145708199590442,1.0,1.0,0.0005786693096160866,-0.007950574159622192,0.007950574159622192,6.321162946765213e-05,0.1,0.07779907051345121,1.285362400090761,0.1,0.07779907051345121,1.285362400090761,0.41698839604645543,0.25440669602818106,0.12230716053668092,0.12230716053668092,strong,full_curve,50,0.00045373580774269205
3,cumulative_infected,0.7216344870976172,0.8257226618862115,0.5195162752352189,0.7736719597896852,0.4448475244844303,0.7932773838256253,0.3330984474792785,2.4293139954388603,0.34842985934119497,2.0962155479595816,1.0,1.0,0.10408817478859422,-0.2021182118623983,0.2021182118623983,0.04085177156645333,0.1,0.07779907051345121,1.285362400090761,0.1,0.07779907051345121,1.285362400090761,0.41698839604645543,0.25440669602818106,0.12230716053668092,0.12230716053668092,strong,full_curve,50,0.00045373580774269205
3,early_growth_slope,0.00011519985924851875,2.0774091105436483e-05,-0.00029180554771474326,0.002269100743211808,-0.0014694997679769234,0.0014415930601812546,-0.003957808916346123,0.0037407536604275376,0.002911092828158178,0.007698562576773661,1.0,1.0,-9.442576814308227e-05,-0.000407005406963262,0.000407005406963262,1.6565340129733054e-07,0.1,0.07779907051345121,1.285362400090761,0.1,0.07779907051345121,1.285362400090761,0.41698839604645543,0.25440669602818106,0.12230716053668092,0.12230716053668092,strong,full_curve,50,0.00045373580774269205
4,peak_time,38.0,35.43,36.0,6.523082558162671,32.0,39.0,27.0,44.0,7.0,17.0,1.0,1.0,-2.5700000000000003,-2.0,2.0,4.0,0.24678601682116355,0.14789853407117715,1.6686170581136128,0.24678601682116355,0.14789853407117715,1.6686170581136128,0.917557242696752,0.24002109931769794,0.09100551005373357,0.09100551005373357,strong,full_curve,50,0.001859520683467317
4,peak_height,0.12717024981975555,0.20219872117042542,0.19534143060445786,0.06895809544031493,0.15821683779358864,0.23662766814231873,0.12234845906496049,0.31712582856416693,0.07841083034873009,0.19477736949920643,0.0,1.0,0.07502847135066987,0.0681711807847023,0.0681711807847023,0.004647309889580564,0.24678601682116355,0.14789853407117715,1.6686170581136128,0.24678601682116355,0.14789853407117715,1.6686170581136128,0.917557242696752,0.24002109931769794,0.09100551005373357,0.09100551005373357,strong,full_curve,50,0.001859520683467317
4,cumulative_infected,3.1489984071813524,4.984238578232617,4.8326756986789405,1.9614994355477786,3.837044079293264,5.8719940961454995,1.9182383547595236,8.470638344553297,2.0349500168522354,6.5523999897937735,0.0,1.0,1.8352401710512645,1.6836772914975882,1.6836772914975882,2.8347692219046543,0.24678601682116355,0.14789853407117715,1.6686170581136128,0.24678601682116355,0.14789853407117715,1.6686170581136128,0.917557242696752,0.24002109931769794,0.09100551005373357,0.09100551005373357,strong,full_curve,50,0.001859520683467317
4,early_growth_slope,0.006327670511035691,0.0014419025011764982,0.0014352970335624244,0.002447754533417256,-0.00024056915156376853,0.0031677963919979186,-0.002061628769054852,0.005620166695942835,0.003408365543561687,0.007681795464997687,0.0,0.0,-0.004885768009859193,-0.004892373477473266,0.004892373477473266,2.3935318243083857e-05,0.24678601682116355,0.14789853407117715,1.6686170581136128,0.24678601682116355,0.14789853407117715,1.6686170581136128,0.917557242696752,0.24002109931769794,0.09100551005373357,0.09100551005373357,strong,full_curve,50,0.001859520683467317
5,peak_time,44.0,34.34,34.0,9.04446926261703,31.0,40.0,12.9,47.0,9.0,34.1,0.0,1.0,-9.659999999999997,-10.0,10.0,100.0,0.22235442184531876,0.14777941986204277,1.504637263110752,0.22235442184531876,0.14777941986204277,1.504637263110752,0.8360565185976389,0.2979746339392359,0.1057629837606204,0.1057629837606204,strong,full_curve,50,0.0012947338335831744
5,peak_height,0.12798810005187988,0.13953667763620614,0.12720420956611633,0.0684086534341783,0.08496832847595215,0.17453094571828842,0.05260872803628445,0.25954599827527997,0.08956261724233627,0.20693727023899552,1.0,1.0,0.011548577584326258,-0.0007838904857635498,0.0007838904857635498,6.144842936706141e-07,0.22235442184531876,0.14777941986204277,1.504637263110752,0.22235442184531876,0.14777941986204277,1.504637263110752,0.8360565185976389,0.2979746339392359,0.1057629837606204,0.1057629837606204,strong,full_curve,50,0.0012947338335831744
5,cumulative_infected,2.1731833073863527,3.181274693837913,2.922796338563785,1.9059900799972933,1.724854472966399,4.154019743175013,0.5643175468954723,6.612839373006136,2.429165270208614,6.048521826110664,1.0,1.0,1.0080913864515604,0.7496130311774323,0.7496130311774323,0.561919696511018,0.22235442184531876,0.14777941986204277,1.504637263110752,0.22235442184531876,0.14777941986204277,1.504637263110752,0.8360565185976389,0.2979746339392359,0.1057629837606204,0.1057629837606204,strong,full_curve,50,0.0012947338335831744
5,early_growth_slope,0.0026408361625813305,0.0009934161317839126,0.0010506620691601363,0.002479582758037136,-0.0005791463687880111,0.002493862959584345,-0.003360306814041299,0.00485459613493211,0.003073009328372356,0.00821490294897341,0.0,1.0,-0.001647420030797418,-0.0015901740934211941,0.0015901740934211941,2.5286536473879167e-06,0.22235442184531876,0.14777941986204277,1.504637263110752,0.22235442184531876,0.14777941986204277,1.504637263110752,0.8360565185976389,0.2979746339392359,0.1057629837606204,0.1057629837606204,strong,full_curve,50,0.0012947338335831744
6,peak_time,47.0,22.12,20.0,15.191890446996231,8.0,36.0,2.0,45.05,28.0,43.05,0.0,0.0,-24.88,-27.0,27.0,729.0,0.1,0.10439034115957868,0.9579430327479505,0.1,0.10439034115957868,0.9579430327479505,0.7221485915160983,0.4838620984718143,0.1029311229489101,0.1029311229489101,strong,full_curve,50,0.0006123669238296921
6,peak_height,0.06485937535762787,0.058915171939879656,0.048672029748559,0.03177717997304384,0.04191312287002802,0.06255576200783253,0.034841247648000714,0.11793310679495334,0.020642639137804508,0.08309185914695262,0.0,1.0,-0.005944203417748213,-0.01618734560906887,0.01618734560906887,0.00026203015786744124,0.1,0.10439034115957868,0.9579430327479505,0.1,0.10439034115957868,0.9579430327479505,0.7221485915160983,0.4838620984718143,0.1029311229489101,0.1029311229489101,strong,full_curve,50,0.0006123669238296921
6,cumulative_infected,0.5959550125990063,0.806861443988978,0.49943993945635157,0.7423219016009514,0.4025168087446218,0.8530457348242635,0.3341915551791317,2.2128952499944714,0.4505289260796417,1.8787036948153397,1.0,1.0,0.21090643138997167,-0.09651507314265473,0.09651507314265473,0.009315159343731992,0.1,0.10439034115957868,0.9579430327479505,0.1,0.10439034115957868,0.9579430327479505,0.7221485915160983,0.4838620984718143,0.1029311229489101,0.1029311229489101,strong,full_curve,50,0.0006123669238296921
6,early_growth_slope,0.0019015765893051306,-0.0002116219413584892,-0.00046785084885500686,0.0023921085092528677,-0.0016556550981476892,0.0012030203482330164,-0.0037213922469943204,0.004434551464804652,0.0028586754463807056,0.008155943711798973,0.0,1.0,-0.00211319853066362,-0.0023694274381601374,0.0023694274381601374,5.614186384706112e-06,0.1,0.10439034115957868,0.9579430327479505,0.1,0.10439034115957868,0.9579430327479505,0.7221485915160983,0.4838620984718143,0.1029311229489101,0.1029311229489101,strong,full_curve,50,0.0006123669238296921
7,peak_time,35.0,37.64,38.0,5.435610231230583,35.0,41.0,28.95,45.05,6.0,16.099999999999998,1.0,1.0,2.6400000000000006,3.0,3.0,9.0,0.22514408462345784,0.1310824069848129,1.71757667411114,0.22514408462345784,0.1310824069848129,1.71757667411114,0.5203767225037499,0.2023453575170162,0.17051507329335017,0.17051507329335017,strong,full_curve,50,0.0010704312118523856
7,peak_height,0.15043775737285614,0.2229702538624406,0.2212229147553444,0.08231091847320259,0.16399932280182838,0.2865593582391739,0.08544099666178227,0.3625627338886261,0.1225600354373455,0.2771217372268438,0.0,1.0,0.07253249648958446,0.07078515738248825,0.07078515738248825,0.005010538505663631,0.22514408462345784,0.1310824069848129,1.71757667411114,0.22514408462345784,0.1310824069848129,1.71757667411114,0.5203767225037499,0.2023453575170162,0.17051507329335017,0.17051507329335017,strong,full_curve,50,0.0010704312118523856
7,cumulative_infected,3.1458114703418687,5.516627305360089,5.426471395723638,2.2256251949722983,4.065938832500251,7.203499031136744,1.8575986216193998,9.177111469344526,3.1375601986364927,7.319512847725126,0.0,1.0,2.3708158350182202,2.2806599253817694,2.2806599253817694,5.201409695242378,0.22514408462345784,0.1310824069848129,1.71757667411114,0.22514408462345784,0.1310824069848129,1.71757667411114,0.5203767225037499,0.2023453575170162,0.17051507329335017,0.17051507329335017,strong,full_curve,50,0.0010704312118523856
7,early_growth_slope,0.0024567805951283806,0.0011944891859357522,0.000918316092533392,0.0024626833377300477,-0.0003664026693773583,0.0027687132671763677,-0.0025133340335568837,0.006061060120104922,0.003135115936553726,0.008574394153661805,1.0,1.0,-0.0012622914091926284,-0.0015384645025949884,0.0015384645025949884,2.3668730257448452e-06,0.22514408462345784,0.1310824069848129,1.71757667411114,0.22514408462345784,0.1310824069848129,1.71757667411114,0.5203767225037499,0.2023453575170162,0.17051507329335017,0.17051507329335017,strong,full_curve,50,0.0010704312118523856
8,peak_time,36.0,41.26,41.0,5.200271943161076,39.0,44.0,35.0,49.0,5.0,14.0,0.0,1.0,5.259999999999998,5.0,5.0,25.0,0.20018694497068473,0.09262466666190299,2.161270341748206,0.20018694497068473,0.09262466666190299,2.161270341748206,0.4925504189295422,0.12980289857070007,0.13130726539520776,0.13130726539520776,strong,full_curve,50,0.001710008115687138
8,peak_height,0.20658475160598755,0.3215706472098827,0.3457440584897995,0.08632341417599237,0.27829043567180634,0.3875018358230591,0.15348911993205547,0.4051918089389801,0.10921140015125275,0.2517026890069246,0.0,1.0,0.11498589560389516,0.13915930688381195,0.13915930688381195,0.019365312692382952,0.20018694497068473,0.09262466666190299,2.161270341748206,0.20018694497068473,0.09262466666190299,2.161270341748206,0.4925504189295422,0.12980289857070007,0.13130726539520776,0.13130726539520776,strong,full_curve,50,0.001710008115687138
8,cumulative_infected,4.83481340999424,7.589922584644665,8.233031285461038,2.241226551320705,6.528432987164706,9.329088863916695,3.4403483519097793,10.008490325161256,2.800655876751989,6.5681419732514765,0.0,1.0,2.755109174650425,3.3982178754667984,3.3982178754667984,11.547884729142082,0.20018694497068473,0.09262466666190299,2.161270341748206,0.20018694497068473,0.09262466666190299,2.161270341748206,0.4925504189295422,0.12980289857070007,0.13130726539520776,0.13130726539520776,strong,full_curve,50,0.001710008115687138
8,early_growth_slope,0.0016139825550323746,0.0020026548264823283,0.0023357000734124866,0.002617586086457368,0.0003320961598417089,0.003538092779178572,-0.0031309651151310517,0.005665373673712433,0.003205996619336863,0.008796338788843484,1.0,1.0,0.0003886722714499537,0.000721717518380112,0.000721717518380112,5.208761763367473e-07,0.20018694497068473,0.09262466666190299,2.161270341748206,0.20018694497068473,0.09262466666190299,2.161270341748206,0.4925504189295422,0.12980289857070007,0.13130726539520776,0.13130726539520776,strong,full_curve,50,0.001710008115687138
9,peak_time,37.0,36.8,37.0,6.234475669106976,34.0,41.0,27.9,45.0,7.0,17.1,1.0,1.0,-0.20000000000000284,0.0,0.0,0.0,0.22438786041470835,0.1351818211339828,1.6598967119425823,0.22438786041470835,0.1351818211339828,1.6598967119425823,0.8213335072767307,0.23056740893602845,0.09128486402238682,0.09128486402238682,strong,full_curve,50,0.0016715545004843354
9,peak_height,0.1412375420331955,0.1966030794940889,0.19014225900173187,0.07888769404823326,0.13179773092269897,0.24224964901804924,0.08057430982589722,0.3332492619752883,0.11045191809535027,0.25267495214939106,1.0,1.0,0.0553655374608934,0.04890471696853638,0.04890471696853638,0.00239167134177265,0.22438786041470835,0.1351818211339828,1.6598967119425823,0.22438786041470835,0.1351818211339828,1.6598967119425823,0.8213335072767307,0.23056740893602845,0.09128486402238682,0.09128486402238682,strong,full_curve,50,0.0016715545004843354
9,cumulative_infected,2.8431658553890884,4.7954927097186735,4.698820744990371,2.0689107744856163,3.314135956359678,6.219217787496746,1.802861403953284,8.553946813277433,2.9050818311370676,6.751085409324149,0.0,1.0,1.952326854329585,1.8556548896012828,1.8556548896012828,3.443455069301149,0.22438786041470835,0.1351818211339828,1.6598967119425823,0.22438786041470835,0.1351818211339828,1.6598967119425823,0.8213335072767307,0.23056740893602845,0.09128486402238682,0.09128486402238682,strong,full_curve,50,0.0016715545004843354
9,early_growth_slope,-0.00014479937297957277,0.001328335615674898,0.0015302125553023963,0.0025218084132421184,-0.0003100836419478238,0.002919931669436795,-0.003067366656753054,0.005270550556347838,0.0032300153113846188,0.008337917213100891,1.0,1.0,0.0014731349886544706,0.001675011928281969,0.001675011928281969,2.80566495988688e-06,0.22438786041470835,0.1351818211339828,1.6598967119425823,0.22438786041470835,0.1351818211339828,1.6598967119425823,0.8213335072767307,0.23056740893602845,0.09128486402238682,0.09128486402238682,strong,full_curve,50,0.0016715545004843354
10,peak_time,1.0,21.12,21.0,16.163482972991368,4.0,36.25,0.0,44.099999999999994,32.25,44.099999999999994,0.0,1.0,20.12,20.0,20.0,400.0,0.3077935474118363,0.4516144243667261,0.6815405593907637,0.3077935474118363,0.4516144243667261,0.6815405593907637,0.388590108705298,0.42157454286836554,0.0808576847405842,0.0808576847405842,strong,full_curve,50,0.0001224223953610776
10,peak_height,0.03934973105788231,0.05239079205319285,0.050647083669900894,0.01653900994092441,0.042661549523472786,0.05735061317682266,0.033987415581941606,0.07162544541060925,0.014689063653349876,0.037638029828667645,0.0,1.0,0.013041060995310542,0.011297352612018585,0.011297352612018585,0.00012763017604028315,0.3077935474118363,0.4516144243667261,0.6815405593907637,0.3077935474118363,0.4516144243667261,0.6815405593907637,0.388590108705298,0.42157454286836554,0.0808576847405842,0.0808576847405842,strong,full_curve,50,0.0001224223953610776
10,cumulative_infected,0.3269418482086621,0.5824722900594498,0.47873958467971534,0.3733836152478868,0.4207638019506703,0.5744522788882023,0.3193138867340167,1.1750987673643971,0.15368847693753196,0.8557848806303804,0.0,1.0,0.25553044185078766,0.1517977364710532,0.1517977364710532,0.02304255279773532,0.3077935474118363,0.4516144243667261,0.6815405593907637,0.3077935474118363,0.4516144243667261,0.6815405593907637,0.388590108705298,0.42157454286836554,0.0808576847405842,0.0808576847405842,strong,full_curve,50,0.0001224223953610776
10,early_growth_slope,-0.003938925703377683,-0.0007055825697829096,-0.0008906179136829443,0.0020609388143257167,-0.002114367995091013,0.0006127720487365017,-0.003958073159169757,0.002832949295961519,0.002727140043827515,0.006791022455131275,0.0,1.0,0.003233343133594773,0.0030483077896947385,0.0030483077896947385,9.292180380713623e-06,0.3077935474118363,0.4516144243667261,0.6815405593907637,0.3077935474118363,0.4516144243667261,0.6815405593907637,0.388590108705298,0.42157454286836554,0.0808576847405842,0.0808576847405842,strong,full_curve,50,0.0001224223953610776
11,peak_time,1.0,22.9,22.0,14.95548951611637,11.75,35.0,0.9500000000000002,47.05,23.25,46.099999999999994,0.0,1.0,21.9,21.0,21.0,441.0,0.12830796908225783,0.442810092030465,0.2897584571614288,0.12830796908225783,0.442810092030465,0.2897584571614288,0.11489960090513164,0.46824899449326457,0.1091764624978372,0.1091764624978372,strong,full_curve,50,5.858922457295418e-06
11,peak_height,0.048747025430202484,0.05632483657449484,0.050042347982525826,0.022564629689102993,0.043285369873046875,0.05888942815363407,0.03517308998852968,0.10166977830231186,0.015604058280587196,0.06649668831378218,1.0,1.0,0.007577811144292353,0.0012953225523233414,0.0012953225523233414,1.6778605145574554e-06,0.12830796908225783,0.442810092030465,0.2897584571614288,0.12830796908225783,0.442810092030465,0.2897584571614288,0.11489960090513164,0.46824899449326457,0.1091764624978372,0.1091764624978372,strong,full_curve,50,5.858922457295418e-06
11,cumulative_infected,0.5240398904134054,0.7168056386632793,0.5143319012131542,0.566227431966014,0.40919167280662805,0.7213866384554422,0.3171477592288284,2.031891420931788,0.3121949656488141,1.7147436617029597,1.0,1.0,0.1927657482498739,-0.009707989200251177,0.009707989200251177,9.424505431219349e-05,0.12830796908225783,0.442810092030465,0.2897584571614288,0.12830796908225783,0.442810092030465,0.2897584571614288,0.11489960090513164,0.46824899449326457,0.1091764624978372,0.1091764624978372,strong,full_curve,50,5.858922457295418e-06
11,early_growth_slope,-0.006007769289204761,-0.00021240117375322345,-0.0001740365876771864,0.002297178346778656,-0.0016798667988734343,0.0009919849856357492,-0.003964936734908924,0.0038262694583473976,0.0026718517845091836,0.007791206193256322,0.0,0.0,0.005795368115451538,0.005833732701527575,0.005833732701527575,3.403243723287222e-05,0.12830796908225783,0.442810092030465,0.2897584571614288,0.12830796908225783,0.442810092030465,0.2897584571614288,0.11489960090513164,0.46824899449326457,0.1091764624978372,0.1091764624978372,strong,full_curve,50,5.858922457295418e-06
12,peak_time,25.0,22.35,21.0,15.492829882812815,8.0,38.0,0.9500000000000002,48.0,30.0,47.05,1.0,1.0,-2.6499999999999986,-4.0,4.0,16.0,0.1,0.13892014657781723,0.719837996600329,0.1,0.13892014657781723,0.719837996600329,0.4408165153540289,0.398979304211287,0.10992249780485083,0.10992249780485083,strong,full_curve,50,0.00025164226571034354
12,peak_height,0.0548035092651844,0.0565215384401381,0.05163812264800072,0.01970160774367006,0.04442555271089077,0.0643704067915678,0.03303600456565618,0.09545648880302904,0.019944854080677032,0.062420484237372856,1.0,1.0,0.0017180291749537002,-0.0031653866171836853,0.0031653866171836853,1.0019672436245575e-05,0.1,0.13892014657781723,0.719837996600329,0.1,0.13892014657781723,0.719837996600329,0.4408165153540289,0.398979304211287,0.10992249780485083,0.10992249780485083,strong,full_curve,50,0.00025164226571034354
12,cumulative_infected,0.7241174343507737,0.7194747635392676,0.5391156299447175,0.48982296229766453,0.4410342673836567,0.754672414943343,0.3239415430871304,2.065567116066813,0.31363814755968633,1.7416255729796828,1.0,1.0,-0.0046426708115060444,-0.18500180440605618,0.18500180440605618,0.034225667633496666,0.1,0.13892014657781723,0.719837996600329,0.1,0.13892014657781723,0.719837996600329,0.4408165153540289,0.398979304211287,0.10992249780485083,0.10992249780485083,strong,full_curve,50,0.00025164226571034354
12,early_growth_slope,0.0003746663264575459,2.275486041461274e-05,0.0002008977296229982,0.0022557137509353637,-0.0015014563409966358,0.0015557792579611054,-0.003934543782452235,0.0034376400032540117,0.003057235598957741,0.0073721837857062475,1.0,1.0,-0.00035191146604293314,-0.0001737685968345477,0.0001737685968345477,3.019552524584758e-08,0.1,0.13892014657781723,0.719837996600329,0.1,0.13892014657781723,0.719837996600329,0.4408165153540289,0.398979304211287,0.10992249780485083,0.10992249780485083,strong,full_curve,50,0.00025164226571034354
13,peak_time,28.0,27.37,27.0,2.4231834808404793,26.0,29.0,24.0,31.049999999999997,3.0,7.049999999999997,1.0,1.0,-0.629999999999999,-1.0,1.0,1.0,0.3039431431004941,0.1025021484786683,2.965236803438785,0.3039431431004941,0.1025021484786683,2.965236803438785,0.8857494005908546,0.11499398706729289,0.14214007932686246,0.14214007932686246,strong,full_curve,50,0.00330225195553263
13,peak_height,0.33108797669410706,0.33360078871250154,0.33653856813907623,0.027077889387708835,0.31267308443784714,0.3508870005607605,0.2978602975606918,0.37794203609228133,0.03821391612291336,0.08008173853158951,1.0,1.0,0.0025128120183944835,0.005450591444969177,0.005450591444969177,2.9708947099971184e-05,0.3039431431004941,0.1025021484786683,2.965236803438785,0.3039431431004941,0.1025021484786683,2.965236803438785,0.8857494005908546,0.11499398706729289,0.14214007932686246,0.14214007932686246,strong,full_curve,50,0.00330225195553263
13,cumulative_infected,7.890147588565014,8.483403163588372,8.557627989444882,0.6812052808855875,8.081931739172433,8.95974916801788,7.458762801205739,9.662832699995487,0.8778174288454466,2.204069898789748,0.0,1.0,0.5932555750233579,0.6674804008798674,0.6674804008798674,0.44553008555874846,0.3039431431004941,0.1025021484786683,2.965236803438785,0.3039431431004941,0.1025021484786683,2.965236803438785,0.8857494005908546,0.11499398706729289,0.14214007932686246,0.14214007932686246,strong,full_curve,50,0.00330225195553263
13,early_growth_slope,-0.0022248367729064606,0.0038285152830316548,0.0040137875586792465,0.0027389767339469173,0.001952527236772723,0.005379043020574108,-0.00046028490400030407,0.008265593898526966,0.0034265157838013855,0.00872587880252727,0.0,0.0,0.006053352055938115,0.006238624331585707,0.006238624331585707,3.89204335506532e-05,0.3039431431004941,0.1025021484786683,2.965236803438785,0.3039431431004941,0.1025021484786683,2.965236803438785,0.8857494005908546,0.11499398706729289,0.14214007932686246,0.14214007932686246,strong,full_curve,50,0.00330225195553263
14,peak_time,34.0,26.65,29.0,14.920242503513018,15.0,39.25,1.0,47.0,24.25,46.0,1.0,1.0,-7.350000000000001,-5.0,5.0,25.0,0.12503430698771653,0.09525686768935945,1.3126014955211815,0.12503430698771653,0.09525686768935945,1.3126014955211815,0.8037411183808738,0.47230043301312946,0.16626519224785208,0.16626519224785208,strong,full_curve,50,0.00047903706508570855
14,peak_height,0.06607193499803543,0.07130953311920166,0.05647917836904526,0.04002444242824552,0.046770088374614716,0.07511980272829533,0.040278039686381814,0.16288339048624037,0.02834971435368061,0.12260535079985856,1.0,1.0,0.005237598121166226,-0.009592756628990173,0.009592756628990173,9.202097974303491e-05,0.12503430698771653,0.09525686768935945,1.3126014955211815,0.12503430698771653,0.09525686768935945,1.3126014955211815,0.8037411183808738,0.47230043301312946,0.16626519224785208,0.16626519224785208,strong,full_curve,50,0.00047903706508570855
14,cumulative_infected,0.7882741159701254,1.0942560842332865,0.6055402291822247,1.058270659083225,0.4683251952747014,1.2605486182001187,0.37921585300955485,3.701157765202515,0.7922234229254173,3.32194191219296,1.0,1.0,0.30598196826316104,-0.1827338867879007,0.1827338867879007,0.03339167338061331,0.12503430698771653,0.09525686768935945,1.3126014955211815,0.12503430698771653,0.09525686768935945,1.3126014955211815,0.8037411183808738,0.47230043301312946,0.16626519224785208,0.16626519224785208,strong,full_curve,50,0.00047903706508570855
14,early_growth_slope,0.0017855658554167127,9.397920184883837e-05,0.0005641093289124825,0.0024090244642837304,-0.001424288055637762,0.0017818558962538933,-0.0043526335688684826,0.0033354077870691432,0.0032061439518916556,0.007688041355937626,0.0,1.0,-0.0016915866535678744,-0.0012214565265042303,0.0012214565265042303,1.4919560461397794e-06,0.12503430698771653,0.09525686768935945,1.3126014955211815,0.12503430698771653,0.09525686768935945,1.3126014955211815,0.8037411183808738,0.47230043301312946,0.16626519224785208,0.16626519224785208,strong,full_curve,50,0.00047903706508570855
15,peak_time,25.0,23.9,26.0,16.209175603261684,8.0,39.25,1.0,48.0,31.25,47.0,1.0,1.0,-1.1000000000000014,1.0,1.0,1.0,0.1,0.10328352425371845,0.9682086346545226,0.1,0.10328352425371845,0.9682086346545226,0.223239646774186,0.19625577667810645,0.1526097985637902,0.1526097985637902,strong,full_curve,50,0.00010338582245675915
15,peak_height,0.04563744366168976,0.05220114164054394,0.04678118787705898,0.01960310853083537,0.04048417694866657,0.05661074444651604,0.03356521725654602,0.08403211645781988,0.016126567497849464,0.05046689920127386,1.0,1.0,0.0065636979788541785,0.0011437442153692245,0.0011437442153692245,1.3081508301905631e-06,0.1,0.10328352425371845,0.9682086346545226,0.1,0.10328352425371845,0.9682086346545226,0.223239646774186,0.19625577667810645,0.1526097985637902,0.1526097985637902,strong,full_curve,50,0.00010338582245675915
15,cumulative_infected,0.42181687426636927,0.6075310366346685,0.46278062228520866,0.4574808062043096,0.40017310458642896,0.5630520683771465,0.3140883048894466,1.549372069079253,0.16287896379071753,1.2352837641898065,1.0,1.0,0.18571416236829918,0.0409637480188394,0.0409637480188394,0.0016780286517509685,0.1,0.10328352425371845,0.9682086346545226,0.1,0.10328352425371845,0.9682086346545226,0.223239646774186,0.19625577667810645,0.1526097985637902,0.1526097985637902,strong,full_curve,50,0.00010338582245675915
15,early_growth_slope,6.601993837172076e-05,-0.00041818501539334275,-0.00037312519548106013,0.0022458110711152516,-0.0018661392885925506,0.001229702026258954,-0.004068133169286217,0.002769869516002168,0.0030958413148515045,0.006838002685288384,1.0,1.0,-0.0004842049537650635,-0.0004391451338527809,0.0004391451338527809,1.9284844858657687e-07,0.1,0.10328352425371845,0.9682086346545226,0.1,0.10328352425371845,0.9682086346545226,0.223239646774186,0.19625577667810645,0.1526097985637902,0.1526097985637902,strong,full_curve,50,0.00010338582245675915
16,peak_time,23.0,28.91,28.5,3.035463787305064,27.0,31.0,24.0,34.0,4.0,10.0,0.0,0.0,5.91,5.5,5.5,30.25,0.3059336379494782,0.152571766595418,2.0051785777688305,0.3059336379494782,0.152571766595418,2.0051785777688305,0.8042367176125458,0.20320599440074216,0.15594976861145451,0.15594976861145451,strong,full_curve,50,0.0032661791412781547
16,peak_height,0.19314321875572205,0.2145640817284584,0.22165269404649734,0.02702322554874704,0.1929503008723259,0.23262766376137733,0.17227348759770394,0.25439554899930955,0.03967736288905144,0.0821220614016056,1.0,1.0,0.02142086297273635,0.0285094752907753,0.0285094752907753,0.0008127901813553273,0.3059336379494782,0.152571766595418,2.0051785777688305,0.3059336379494782,0.152571766595418,2.0051785777688305,0.8042367176125458,0.20320599440074216,0.15594976861145451,0.15594976861145451,strong,full_curve,50,0.0032661791412781547
16,cumulative_infected,4.630009651649743,5.331691297989455,5.448958987835795,0.6661413824301082,4.765543568297289,5.83157125255093,4.323249533236958,6.3415163394995036,1.0660276842536405,2.0182668062625453,0.0,1.0,0.7016816463397113,0.8189493361860514,0.8189493361860514,0.6706780152395742,0.3059336379494782,0.152571766595418,2.0051785777688305,0.3059336379494782,0.152571766595418,2.0051785777688305,0.8042367176125458,0.20320599440074216,0.15594976861145451,0.15594976861145451,strong,full_curve,50,0.0032661791412781547
16,early_growth_slope,0.002570909082091279,0.001974470290293712,0.0019802795639926843,0.002445578956678727,0.00036154351879044374,0.0038206391050369425,-0.002081237488337569,0.005282174750547189,0.003459095586246499,0.007363412238884758,1.0,1.0,-0.0005964387917975671,-0.0005906295180985949,0.0005906295180985949,3.4884322764937844e-07,0.3059336379494782,0.152571766595418,2.0051785777688305,0.3059336379494782,0.152571766595418,2.0051785777688305,0.8042367176125458,0.20320599440074216,0.15594976861145451,0.15594976861145451,strong,full_curve,50,0.0032661791412781547
17,peak_time,43.0,42.53,43.0,3.6857766474583746,39.75,45.0,37.0,48.05,5.25,11.049999999999997,1.0,1.0,-0.46999999999999886,0.0,0.0,0.0,0.1833307089148644,0.07114108904410368,2.5770017212023437,0.1833307089148644,0.07114108904410368,2.5770017212023437,0.40089247552210316,0.09472465032987573,0.14768996544518553,0.14768996544518553,strong,full_curve,50,0.0015285501779899358
17,peak_height,0.2826511561870575,0.3586674649268389,0.38389670848846436,0.06614692597814802,0.3477380946278572,0.3998910263180733,0.22214071154594422,0.4178109437227249,0.052152931690216064,0.1956702321767807,0.0,1.0,0.07601630873978138,0.10124555230140686,0.10124555230140686,0.010250661860816912,0.1833307089148644,0.07114108904410368,2.5770017212023437,0.1833307089148644,0.07114108904410368,2.5770017212023437,0.40089247552210316,0.09472465032987573,0.14768996544518553,0.14768996544518553,strong,full_curve,50,0.0015285501779899358
17,cumulative_infected,5.8970491527579725,8.449866907347168,9.087170365033671,1.776470788150439,7.72895206825342,9.67578682070598,4.637619532461395,10.220166671433253,1.9468347524525598,5.582547138971858,0.0,1.0,2.5528177545891957,3.190121212275699,3.190121212275699,10.176873349011373,0.1833307089148644,0.07114108904410368,2.5770017212023437,0.1833307089148644,0.07114108904410368,2.5770017212023437,0.40089247552210316,0.09472465032987573,0.14768996544518553,0.14768996544518553,strong,full_curve,50,0.0015285501779899358
17,early_growth_slope,0.0028974202328494606,0.0014687948358325582,0.0013204197582256578,0.002629917635106786,-0.0003371866263305048,0.00344389722851615,-0.0028797923046762898,0.005579395473164151,0.0037810838548466546,0.008459187777840441,1.0,1.0,-0.0014286253970169024,-0.0015770004746238028,0.0015770004746238028,2.4869304969636994e-06,0.1833307089148644,0.07114108904410368,2.5770017212023437,0.1833307089148644,0.07114108904410368,2.5770017212023437,0.40089247552210316,0.09472465032987573,0.14768996544518553,0.14768996544518553,strong,full_curve,50,0.0015285501779899358
18,peak_time,48.0,27.81,31.0,15.534058378188544,15.5,39.25,1.0,48.05,23.75,47.05,0.0,1.0,-20.19,-17.0,17.0,289.0,0.20807962376992778,0.16077599399008244,1.294220726651289,0.20807962376992778,0.16077599399008244,1.294220726651289,0.7709307275198969,0.4292053339236153,0.17508799948600978,0.17508799948600978,strong,full_curve,50,0.0005728575238140739
18,peak_height,0.08032484352588654,0.09066822737455368,0.06184700131416321,0.067691125293962,0.050614372827112675,0.09808318875730038,0.03682127762585878,0.2591814413666725,0.0474688159301877,0.2223601637408137,1.0,1.0,0.010343383848667148,-0.018477842211723328,0.018477842211723328,0.00034143065280134444,0.20807962376992778,0.16077599399008244,1.294220726651289,0.20807962376992778,0.16077599399008244,1.294220726651289,0.7709307275198969,0.4292053339236153,0.17508799948600978,0.17508799948600978,strong,full_curve,50,0.0005728575238140739
18,cumulative_infected,1.2043536888668314,1.6141043014444267,0.8259546836998197,1.7183674188301998,0.543127192882821,1.8094210989656858,0.37842610576080915,4.934241029800612,1.2662939060828649,4.555814924039803,1.0,1.0,0.4097506125775954,-0.37839900516701164,0.37839900516701164,0.1431858071113841,0.20807962376992778,0.16077599399008244,1.294220726651289,0.20807962376992778,0.16077599399008244,1.294220726651289,0.7709307275198969,0.4292053339236153,0.17508799948600978,0.17508799948600978,strong,full_curve,50,0.0005728575238140739
18,early_growth_slope,-0.0009724064203467039,0.0003641710114018122,3.38830660829064e-05,0.002604270075250754,-0.001504277409930224,0.0022178107271126155,-0.0032831928559690316,0.004821887541014628,0.0037220881370428394,0.008105080396983658,1.0,1.0,0.001336577431748516,0.0010062894864296104,0.0010062894864296104,1.0126185304987691e-06,0.20807962376992778,0.16077599399008244,1.294220726651289,0.20807962376992778,0.16077599399008244,1.294220726651289,0.7709307275198969,0.4292053339236153,0.17508799948600978,0.17508799948600978,strong,full_curve,50,0.0005728575238140739
19,peak_time,47.0,43.72,45.0,6.958869059398847,42.0,48.0,34.0,49.0,6.0,15.0,1.0,1.0,-3.280000000000001,-2.0,2.0,4.0,0.18124331140939537,0.09121271223433375,1.9870400404689736,0.18124331140939537,0.09121271223433375,1.9870400404689736,0.4720703531499616,0.12699829420329395,0.10377795911271341,0.10377795911271341,strong,full_curve,50,0.002576420295556423
19,peak_height,0.18437156081199646,0.29735475171357395,0.32257913053035736,0.08721868987234592,0.27891191840171814,0.3493460938334465,0.06802467219531536,0.37777498215436933,0.07043417543172836,0.30975030995905395,0.0,1.0,0.11298319090157749,0.1382075697183609,0.1382075697183609,0.01910133232745559,0.18124331140939537,0.09121271223433375,1.9870400404689736,0.18124331140939537,0.09121271223433375,1.9870400404689736,0.4720703531499616,0.12699829420329395,0.10377795911271341,0.10377795911271341,strong,full_curve,50,0.002576420295556423
19,cumulative_infected,3.755822869366966,6.297664361642883,6.890190778300166,2.139322241468512,5.566534391211462,7.6589342785591725,1.0118300413945691,8.752640880458056,2.0923998873477103,7.740810839063487,0.0,1.0,2.5418414922759167,3.1343679089332,3.1343679089332,9.82426218855028,0.18124331140939537,0.09121271223433375,1.9870400404689736,0.18124331140939537,0.09121271223433375,1.9870400404689736,0.4720703531499616,0.12699829420329395,0.10377795911271341,0.10377795911271341,strong,full_curve,50,0.002576420295556423
19,early_growth_slope,-0.00040085278894929754,0.0009998982936302867,0.0010446741999614807,0.002365081003417244,-0.0008549201316089317,0.002832838815742261,-0.002923108658121365,0.004598138013430538,0.0036877589473511925,0.007521246671551903,1.0,1.0,0.0014007510825795842,0.0014455269889107783,0.0014455269889107783,2.0895482756694613e-06,0.18124331140939537,0.09121271223433375,1.9870400404689736,0.18124331140939537,0.09121271223433375,1.9870400404689736,0.4720703531499616,0.12699829420329395,0.10377795911271341,0.10377795911271341,strong,full_curve,50,0.002576420295556423
20,peak_time,38.0,21.42,21.5,15.635481534902686,5.0,35.0,0.0,46.05,30.0,46.05,0.0,1.0,-16.58,-16.5,16.5,272.25,0.320846324689332,0.2944968173074667,1.0894729784273198,0.320846324689332,0.2944968173074667,1.0894729784273198,0.6499290594563397,0.45730464610530314,0.14540366818312261,0.14540366818312261,strong,full_curve,50,0.0009812629283135047
20,peak_height,0.0533493235707283,0.059152957741171124,0.05180854722857475,0.029815431051322422,0.0443038996309042,0.06291495822370052,0.03763329703360796,0.10328085049986821,0.018611058592796326,0.06564755346626025,1.0,1.0,0.0058036341704428215,-0.0015407763421535492,0.0015407763421535492,2.373991736540071e-06,0.320846324689332,0.2944968173074667,1.0894729784273198,0.320846324689332,0.2944968173074667,1.0894729784273198,0.6499290594563397,0.45730464610530314,0.14540366818312261,0.14540366818312261,strong,full_curve,50,0.0009812629283135047
20,cumulative_infected,0.6924581952625886,0.7344147555650352,0.505902665288886,0.6857381125528421,0.4347364413624746,0.6996639732460608,0.3223898621465196,2.284524771617723,0.2649275318835862,1.9621349094712033,1.0,1.0,0.041956560302446655,-0.1865555299737025,0.1865555299737025,0.03480296576376901,0.320846324689332,0.2944968173074667,1.0894729784273198,0.320846324689332,0.2944968173074667,1.0894729784273198,0.6499290594563397,0.45730464610530314,0.14540366818312261,0.14540366818312261,strong,full_curve,50,0.0009812629283135047
20,early_growth_slope,-0.0021859957875373444,-0.00037395596671125275,-0.0002594935237236,0.0021702640158111075,-0.00183336164315863,0.0008330066304465409,-0.004425619781804491,0.003464200354730044,0.0026663682736051708,0.007889820136534536,0.0,1.0,0.0018120398208260917,0.0019265022638137444,0.0019265022638137444,3.7114109724794818e-06,0.320846324689332,0.2944968173074667,1.0894729784273198,0.320846324689332,0.2944968173074667,1.0894729784273198,0.6499290594563397,0.45730464610530314,0.14540366818312261,0.14540366818312261,strong,full_curve,50,0.0009812629283135047
21,peak_time,17.0,20.87,18.0,15.40015413801912,7.0,33.25,1.0,46.05,26.25,45.05,1.0,1.0,3.870000000000001,1.0,1.0,1.0,0.16768018539795357,0.4910119493814975,0.34149919489570807,0.16768018539795357,0.4910119493814975,0.34149919489570807,0.1863113171088373,0.4910119493814975,0.09212969942024461,0.09212969942024461,strong,full_curve,50,1.078743462383483e-05
21,peak_height,0.038523461669683456,0.05256893942132592,0.049288393929600716,0.01716773553962464,0.04174224566668272,0.05827713944017887,0.03560740798711777,0.07989634349942207,0.01653489377349615,0.0442889355123043,0.0,1.0,0.014045477751642464,0.01076493225991726,0.01076493225991726,0.00011588376656060731,0.16768018539795357,0.4910119493814975,0.34149919489570807,0.16768018539795357,0.4910119493814975,0.34149919489570807,0.1863113171088373,0.4910119493814975,0.09212969942024461,0.09212969942024461,strong,full_curve,50,1.078743462383483e-05
21,cumulative_infected,0.30910565675003454,0.5741669805500652,0.49332316263462417,0.3547080897616238,0.406732338204165,0.559074091106595,0.329083026869921,1.4979083383223042,0.15234175290243002,1.1688253114523832,0.0,0.0,0.26506132380003067,0.18421750588458963,0.18421750588458963,0.033936089474338814,0.16768018539795357,0.4910119493814975,0.34149919489570807,0.16768018539795357,0.4910119493814975,0.34149919489570807,0.1863113171088373,0.4910119493814975,0.09212969942024461,0.09212969942024461,strong,full_curve,50,1.078743462383483e-05
21,early_growth_slope,-0.003026854867736496,-0.0004446481387406356,-0.000519532761591974,0.0022551558151721173,-0.001955384832572668,0.000913509880081706,-0.0036594483341711205,0.00329067108797885,0.002868894712654374,0.006950119422149971,0.0,1.0,0.0025822067289958607,0.002507322106144522,0.002507322106144522,6.2866641439610024e-06,0.16768018539795357,0.4910119493814975,0.34149919489570807,0.16768018539795357,0.4910119493814975,0.34149919489570807,0.1863113171088373,0.4910119493814975,0.09212969942024461,0.09212969942024461,strong,full_curve,50,1.078743462383483e-05
22,peak_time,23.0,25.44,25.0,2.5239059035750544,24.0,27.0,22.0,30.0,3.0,8.0,0.0,1.0,2.4400000000000013,2.0,2.0,4.0,0.33297237836452737,0.14141343523864605,2.3546021479685497,0.33297237836452737,0.14141343523864605,2.3546021479685497,0.9252126089336355,0.17198195208524397,0.1560756038545313,0.1560756038545313,strong,full_curve,50,0.003987651479170573
22,peak_height,0.24900957942008972,0.2517352955043316,0.2510214149951935,0.018864044546243706,0.23917235434055328,0.26123106479644775,0.2266551174223423,0.28196420669555666,0.02205871045589447,0.055309089273214374,1.0,1.0,0.0027257160842418804,0.0020118355751037598,0.0020118355751037598,4.047482381253076e-06,0.33297237836452737,0.14141343523864605,2.3546021479685497,0.33297237836452737,0.14141343523864605,2.3546021479685497,0.9252126089336355,0.17198195208524397,0.1560756038545313,0.1560756038545313,strong,full_curve,50,0.003987651479170573
22,cumulative_infected,5.725184740033001,5.991517172418699,5.970666030189022,0.3993531883328208,5.73404437897716,6.253771706833504,5.338725568074733,6.640068869572133,0.5197273278563443,1.3013433014973996,0.0,1.0,0.26633243238569815,0.24548129015602171,0.24548129015602171,0.06026106381666493,0.33297237836452737,0.14141343523864605,2.3546021479685497,0.33297237836452737,0.14141343523864605,2.3546021479685497,0.9252126089336355,0.17198195208524397,0.1560756038545313,0.1560756038545313,strong,full_curve,50,0.003987651479170573
22,early_growth_slope,-0.0028017463295587465,0.0036072976440781135,0.00384734832083008,0.0026530794647732915,0.0013970938549997913,0.005583910482181678,-0.0005602442060730256,0.00777700066350267,0.0041868166271818875,0.008337244869575697,0.0,0.0,0.00640904397363686,0.0066490946503888265,0.0066490946503888265,4.421045966982931e-05,0.33297237836452737,0.14141343523864605,2.3546021479685497,0.33297237836452737,0.14141343523864605,2.3546021479685497,0.9252126089336355,0.17198195208524397,0.1560756038545313,0.1560756038545313,strong,full_curve,50,0.003987651479170573
23,peak_time,19.0,19.86,19.5,13.280972947199405,10.25,28.25,0.0,44.05,18.0,44.05,1.0,1.0,0.8599999999999994,0.5,0.5,0.25,0.1,0.08381755820619918,1.1930674448185483,0.1,0.08381755820619918,1.1930674448185483,0.21507551470748892,0.13235491601133975,0.09421111318997706,0.09421111318997706,strong,full_curve,50,0.0002550223947871917
23,peak_height,0.059310074895620346,0.059104296863079074,0.05305149592459202,0.02329174635967362,0.04478199128061533,0.061881888657808304,0.03838968984782696,0.10196484439074993,0.017099897377192974,0.06357515454292298,1.0,1.0,-0.00020577803254127197,-0.006258578971028328,0.006258578971028328,3.9169810736598004e-05,0.1,0.08381755820619918,1.1930674448185483,0.1,0.08381755820619918,1.1930674448185483,0.21507551470748892,0.13235491601133975,0.09421111318997706,0.09421111318997706,strong,full_curve,50,0.0002550223947871917
23,cumulative_infected,0.7436984092928469,0.7750483585996176,0.5604980332718696,0.6263343576305761,0.4673801898898091,0.7867908350453945,0.3615483014145866,2.121617577294819,0.31941064515558537,1.7600692758802325,1.0,1.0,0.03134994930677071,-0.18320037602097727,0.18320037602097727,0.033562377774227464,0.1,0.08381755820619918,1.1930674448185483,0.1,0.08381755820619918,1.1930674448185483,0.21507551470748892,0.13235491601133975,0.09421111318997706,0.09421111318997706,strong,full_curve,50,0.0002550223947871917
23,early_growth_slope,-0.0015901379714099064,-0.0005581422373567563,-0.0006877413945316902,0.0022296282180157847,-0.0019195468963256889,0.001384185318914077,-0.0044452176055095865,0.002946933240274942,0.003303732215239766,0.0073921508457845285,1.0,1.0,0.0010319957340531503,0.0009023965768782163,0.0009023965768782163,8.143195819615225e-07,0.1,0.08381755820619918,1.1930674448185483,0.1,0.08381755820619918,1.1930674448185483,0.21507551470748892,0.13235491601133975,0.09421111318997706,0.09421111318997706,strong,full_curve,50,0.0002550223947871917
24,peak_time,37.0,27.15,31.5,12.893796958227627,18.5,36.0,2.0,43.0,17.5,41.0,0.0,1.0,-9.850000000000001,-5.5,5.5,30.25,0.25237490961814946,0.18556540987610404,1.3600320759491327,0.25237490961814946,0.18556540987610404,1.3600320759491327,0.7255901579361533,0.3765224536314298,0.18625326775590256,0.18625326775590256,strong,full_curve,50,0.0007072448500052241
24,peak_height,0.0883539691567421,0.0919742588698864,0.08090037479996681,0.04799065314803813,0.05776216275990009,0.10739708878099918,0.04355490896850824,0.18152518421411515,0.04963492602109909,0.1379702752456069,1.0,1.0,0.0036202897131443063,-0.007453594356775284,0.007453594356775284,5.555606883535236e-05,0.25237490961814946,0.18556540987610404,1.3600320759491327,0.25237490961814946,0.18556540987610404,1.3600320759491327,0.7255901579361533,0.3765224536314298,0.18625326775590256,0.18625326775590256,strong,full_curve,50,0.0007072448500052241
24,cumulative_infected,1.622584602853749,1.861334882992196,1.3748207188327797,1.3823168752855124,0.8761865492560901,2.473554259748198,0.4732923416988342,4.503364765504375,1.597367710492108,4.0300724238055405,1.0,1.0,0.23875028013844712,-0.24776388402096927,0.24776388402096927,0.06138694222515631,0.25237490961814946,0.18556540987610404,1.3600320759491327,0.25237490961814946,0.18556540987610404,1.3600320759491327,0.7255901579361533,0.3765224536314298,0.18625326775590256,0.18625326775590256,strong,full_curve,50,0.0007072448500052241
24,early_growth_slope,-0.002386843375418156,0.0005060504496854963,0.0003487273296784788,0.0025922763807600564,-0.0010435071723934792,0.0019321830622218497,-0.0034378593211017907,0.004772492348725097,0.002975690234615329,0.008210351669826888,0.0,1.0,0.002892893825103652,0.0027355707050966344,0.0027355707050966344,7.483347082582897e-06,0.25237490961814946,0.18556540987610404,1.3600320759491327,0.25237490961814946,0.18556540987610404,1.3600320759491327,0.7255901579361533,0.3765224536314298,0.18625326775590256,0.18625326775590256,strong,full_curve,50,0.0007072448500052241
25,peak_time,36.0,30.61,32.0,10.487987356393923,26.0,37.25,8.0,47.0,11.25,39.0,1.0,1.0,-5.390000000000001,-4.0,4.0,16.0,0.28421461071361764,0.1992800780934851,1.4262068413094888,0.28421461071361764,0.1992800780934851,1.4262068413094888,0.7241602925207351,0.3521885800426382,0.19975354419366043,0.19975354419366043,strong,full_curve,50,0.0008951632220241357
25,peak_height,0.08353284001350403,0.11344745848327875,0.09884809702634811,0.054939859560518584,0.07564186118543148,0.13558227568864822,0.05288548991084099,0.2382824085652828,0.05994041450321674,0.1853969186544418,1.0,1.0,0.029914618469774723,0.015315257012844086,0.015315257012844086,0.00023455709736946995,0.28421461071361764,0.1992800780934851,1.4262068413094888,0.28421461071361764,0.1992800780934851,1.4262068413094888,0.7241602925207351,0.3521885800426382,0.19975354419366043,0.19975354419366043,strong,full_curve,50,0.0008951632220241357
25,cumulative_infected,1.8388631660491228,2.498602796433188,1.945653017028235,1.657106475639656,1.2452944371907506,3.3420097752241418,0.6033219665754587,6.136874991445802,2.096715338033391,5.533553024870343,1.0,1.0,0.659739630384065,0.10678985097911209,0.10678985097911209,0.011404072272140967,0.28421461071361764,0.1992800780934851,1.4262068413094888,0.28421461071361764,0.1992800780934851,1.4262068413094888,0.7241602925207351,0.3521885800426382,0.19975354419366043,0.19975354419366043,strong,full_curve,50,0.0008951632220241357
25,early_growth_slope,0.0032083976215549876,0.0008381473315707163,0.0008619731324004188,0.002472507523235073,-0.000460858679226865,0.0025895953045359677,-0.0034093029262121047,0.004581540899622874,0.0030504539837628328,0.007990843825834978,0.0,1.0,-0.0023702502899842714,-0.002346424489154569,0.002346424489154569,5.50570788330428e-06,0.28421461071361764,0.1992800780934851,1.4262068413094888,0.28421461071361764,0.1992800780934851,1.4262068413094888,0.7241602925207351,0.3521885800426382,0.19975354419366043,0.19975354419366043,strong,full_curve,50,0.0008951632220241357
26,peak_time,40.0,29.71,32.0,12.933626207243151,22.75,39.0,4.0,47.0,16.25,43.0,0.0,1.0,-10.29,-8.0,8.0,64.0,0.20174730049319498,0.14619279987618652,1.3800084591310833,0.20174730049319498,0.14619279987618652,1.3800084591310833,0.664046959829155,0.3416518139936517,0.16245529708092432,0.16245529708092432,strong,full_curve,50,0.0006232541253207906
26,peak_height,0.08457162976264954,0.09247091315686702,0.07001162320375443,0.057712039781150845,0.05519403889775276,0.1140375267714262,0.03986299987882376,0.21844453290104862,0.05884348787367344,0.17858153302222485,1.0,1.0,0.007899283394217485,-0.014560006558895111,0.014560006558895111,0.00021199379099506865,0.20174730049319498,0.14619279987618652,1.3800084591310833,0.20174730049319498,0.14619279987618652,1.3800084591310833,0.664046959829155,0.3416518139936517,0.16245529708092432,0.16245529708092432,strong,full_curve,50,0.0006232541253207906
26,cumulative_infected,1.5024749552831054,1.8419026200705593,1.243549951352179,1.5732260120463173,0.7393947535019834,2.4955899047781713,0.47750659828598147,5.484567023161798,1.756195151276188,5.007060424875816,1.0,1.0,0.3394276647874539,-0.2589250039309263,0.2589250039309263,0.06704215766063021,0.20174730049319498,0.14619279987618652,1.3800084591310833,0.20174730049319498,0.14619279987618652,1.3800084591310833,0.664046959829155,0.3416518139936517,0.16245529708092432,0.16245529708092432,strong,full_curve,50,0.0006232541253207906
26,early_growth_slope,0.002956185203012345,0.00039098104263151425,0.0002038745511700174,0.0022345489837326633,-0.0013066677874164828,0.0022664192892123186,-0.002978544594814243,0.003982140022950866,0.0035730870766288014,0.00696068461776511,0.0,1.0,-0.0025652041603808308,-0.0027523106518423275,0.0027523106518423275,7.5752139242447375e-06,0.20174730049319498,0.14619279987618652,1.3800084591310833,0.20174730049319498,0.14619279987618652,1.3800084591310833,0.664046959829155,0.3416518139936517,0.16245529708092432,0.16245529708092432,strong,full_curve,50,0.0006232541253207906
27,peak_time,46.0,29.97,33.0,13.275218044966877,19.75,40.0,5.0,48.05,20.25,43.05,0.0,1.0,-16.03,-13.0,13.0,169.0,0.10635480483751013,0.06254198215254084,1.7005346037499924,0.10635480483751013,0.06254198215254084,1.7005346037499924,0.38430782761335813,0.20172222890674602,0.15175486105042912,0.15175486105042912,strong,full_curve,50,0.0002739339468746041
27,peak_height,0.08891846239566803,0.10104311220347881,0.08082403987646103,0.06380922617820985,0.055545262061059475,0.13197675719857216,0.04497551005333662,0.21921267658472054,0.07643149513751268,0.17423716653138394,1.0,1.0,0.012124649807810778,-0.008094422519207,0.008094422519207,6.551967591944541e-05,0.10635480483751013,0.06254198215254084,1.7005346037499924,0.10635480483751013,0.06254198215254084,1.7005346037499924,0.38430782761335813,0.20172222890674602,0.15175486105042912,0.15175486105042912,strong,full_curve,50,0.0002739339468746041
27,cumulative_infected,1.591185606783256,2.020102277638616,1.5168307211715728,1.7434269672178597,0.6756127060361905,2.9546549655206036,0.42008250392391344,5.419865819113327,2.279042259484413,4.999783315189414,1.0,1.0,0.4289166708553602,-0.07435488561168313,0.07435488561168313,0.005528649014326483,0.10635480483751013,0.06254198215254084,1.7005346037499924,0.10635480483751013,0.06254198215254084,1.7005346037499924,0.38430782761335813,0.20172222890674602,0.15175486105042912,0.15175486105042912,strong,full_curve,50,0.0002739339468746041
27,early_growth_slope,-0.002451191855860606,0.0012242029597967178,0.001292692486285454,0.0024000974073546013,-0.0004166142011637833,0.002914065172912419,-0.0024991737955826357,0.005497861506869194,0.0033306793740762023,0.00799703530245183,0.0,1.0,0.003675394815657324,0.00374388434214606,0.00374388434214606,1.4016669967366437e-05,0.10635480483751013,0.06254198215254084,1.7005346037499924,0.10635480483751013,0.06254198215254084,1.7005346037499924,0.38430782761335813,0.20172222890674602,0.15175486105042912,0.15175486105042912,strong,full_curve,50,0.0002739339468746041
28,peak_time,49.0,24.33,24.0,15.06286825275983,11.0,37.0,1.0,49.0,26.0,48.0,0.0,1.0,-24.67,-25.0,25.0,625.0,0.19690550601092202,0.3546390598705614,0.5552279156243815,0.19690550601092202,0.3546390598705614,0.5552279156243815,0.21291136386148155,0.3607346660973756,0.10198945367377854,0.10198945367377854,strong,full_curve,50,3.659369098338545e-05
28,peak_height,0.05926906317472458,0.0539567344263196,0.04903712496161461,0.022132489859169685,0.04137087520211935,0.05878271348774433,0.03406394068151712,0.10290066488087177,0.01741183828562498,0.06883672419935465,0.0,1.0,-0.005312328748404982,-0.01023193821310997,0.01023193821310997,0.00010469255959690005,0.19690550601092202,0.3546390598705614,0.5552279156243815,0.19690550601092202,0.3546390598705614,0.5552279156243815,0.21291136386148155,0.3607346660973756,0.10198945367377854,0.10198945367377854,strong,full_curve,50,3.659369098338545e-05
28,cumulative_infected,0.39687651887652464,0.627892598402832,0.4754489809201914,0.4997643504408473,0.3883425478998106,0.5947502725903178,0.30526437670268936,1.7700718190462794,0.20640772469050717,1.4648074423435902,1.0,1.0,0.23101607952630732,0.07857246204366675,0.07857246204366675,0.006173631791603452,0.19690550601092202,0.3546390598705614,0.5552279156243815,0.19690550601092202,0.3546390598705614,0.5552279156243815,0.21291136386148155,0.3607346660973756,0.10198945367377854,0.10198945367377854,strong,full_curve,50,3.659369098338545e-05
28,early_growth_slope,-0.00348319236252878,-0.00040722397446838116,-4.259133822328909e-05,0.0018830049394015242,-0.0015694715479011854,0.0007734480923751295,-0.0036527825951842307,0.0022388006237590496,0.0023429196402763148,0.005891583218943281,0.0,1.0,0.003075968388060399,0.003440601024305491,0.003440601024305491,1.1837735408451994e-05,0.19690550601092202,0.3546390598705614,0.5552279156243815,0.19690550601092202,0.3546390598705614,0.5552279156243815,0.21291136386148155,0.3607346660973756,0.10198945367377854,0.10198945367377854,strong,full_curve,50,3.659369098338545e-05
29,peak_time,49.0,44.13,45.0,5.125998301390529,42.0,47.0,38.0,49.0,5.0,11.0,0.0,1.0,-4.869999999999997,-4.0,4.0,16.0,0.15393091807555406,0.05,3.078618361511081,0.15393091807555406,0.05,3.078618361511081,0.2644606877936243,0.060421512310077086,0.18367629458401996,0.18367629458401996,strong,full_curve,50,0.0014928794220942752
29,peak_height,0.33471500873565674,0.34396613426506517,0.3701113611459732,0.08093383317922244,0.330379918217659,0.39262665808200836,0.18116247951984407,0.4200310304760933,0.062246739864349365,0.23886855095624923,1.0,1.0,0.009251125529408433,0.03539635241031647,0.03539635241031647,0.0012529017639553164,0.15393091807555406,0.05,3.078618361511081,0.15393091807555406,0.05,3.078618361511081,0.2644606877936243,0.060421512310077086,0.18367629458401996,0.18367629458401996,strong,full_curve,50,0.0014928794220942752
29,cumulative_infected,6.3187079729977995,7.47377424765611,7.74192956648767,2.2098363886708214,6.506867549745948,9.077686205564532,3.0550443197367714,10.132847896544263,2.5708186558185844,7.077803576807492,0.0,1.0,1.155066274658311,1.4232215934898704,1.4232215934898704,2.025559704175846,0.15393091807555406,0.05,3.078618361511081,0.15393091807555406,0.05,3.078618361511081,0.2644606877936243,0.060421512310077086,0.18367629458401996,0.18367629458401996,strong,full_curve,50,0.0014928794220942752
29,early_growth_slope,-0.0012310993791158698,0.001507014277817689,0.0018699057954585283,0.0024219445590123114,-0.00016418968776373737,0.0029136146088906884,-0.0022117467267976487,0.005259418984115609,0.003077804296654426,0.007471165710913258,0.0,1.0,0.002738113656933559,0.003101005174574398,0.003101005174574398,9.616233092737192e-06,0.15393091807555406,0.05,3.078618361511081,0.15393091807555406,0.05,3.078618361511081,0.2644606877936243,0.060421512310077086,0.18367629458401996,0.18367629458401996,strong,full_curve,50,0.0014928794220942752
30,peak_time,37.0,38.6,39.0,7.261354744623949,35.75,43.25,27.0,48.0,7.5,21.0,1.0,1.0,1.6000000000000014,2.0,2.0,4.0,0.2573042381368496,0.16404283384099283,1.5685186125610053,0.2573042381368496,0.16404283384099283,1.5685186125610053,0.9313846928970714,0.28726239813804616,0.10397937238146687,0.10397937238146687,strong,full_curve,50,0.00168420716349927
30,peak_height,0.10859847068786621,0.17201300259679556,0.16787884384393692,0.07236238997788016,0.11628325469791889,0.22476080805063248,0.06764440201222896,0.3002165898680687,0.10847755335271358,0.23257218785583975,0.0,1.0,0.06341453190892934,0.05928037315607071,0.05928037315607071,0.0035141626415229887,0.2573042381368496,0.16404283384099283,1.5685186125610053,0.2573042381368496,0.16404283384099283,1.5685186125610053,0.9313846928970714,0.28726239813804616,0.10397937238146687,0.10397937238146687,strong,full_curve,50,0.00168420716349927
30,cumulative_infected,2.1963263861835003,4.018761424237018,3.880077518057078,1.8583134303625626,2.519858252206177,5.430189334671013,1.36514745982131,7.229410956893116,2.910331082464836,5.864263497071806,0.0,1.0,1.8224350380535181,1.6837511318735778,1.6837511318735778,2.8350178740855543,0.2573042381368496,0.16404283384099283,1.5685186125610053,0.2573042381368496,0.16404283384099283,1.5685186125610053,0.9313846928970714,0.28726239813804616,0.10397937238146687,0.10397937238146687,strong,full_curve,50,0.00168420716349927
30,early_growth_slope,0.0019443661551035581,0.0012213122480274512,0.0012838992697652432,0.002707549871263981,-0.0007157780485050297,0.0032564671765569417,-0.00240558256018197,0.004809364389594909,0.003972245225061972,0.007214946949776879,1.0,1.0,-0.0007230539070761069,-0.000660466885338315,0.000660466885338315,4.362165066284949e-07,0.2573042381368496,0.16404283384099283,1.5685186125610053,0.2573042381368496,0.16404283384099283,1.5685186125610053,0.9313846928970714,0.28726239813804616,0.10397937238146687,0.10397937238146687,strong,full_curve,50,0.00168420716349927
31,peak_time,47.0,25.71,28.0,13.490958438745542,14.5,36.0,2.95,46.05,21.5,43.099999999999994,0.0,0.0,-21.29,-19.0,19.0,361.0,0.13858968042624736,0.09858470719142501,1.4057928899372136,0.13858968042624736,0.09858470719142501,1.4057928899372136,0.7498135529285523,0.3816684833302549,0.13420968981696652,0.13420968981696652,strong,full_curve,50,0.0006201609833894064
31,peak_height,0.08489086478948593,0.09188968803733587,0.06983010098338127,0.05663799955369547,0.05528987478464842,0.10880723223090172,0.0372964296489954,0.18839316293597203,0.0535173574462533,0.15109673328697662,1.0,1.0,0.006998823247849936,-0.01506076380610466,0.01506076380610466,0.00022682660642327213,0.13858968042624736,0.09858470719142501,1.4057928899372136,0.13858968042624736,0.09858470719142501,1.4057928899372136,0.7498135529285523,0.3816684833302549,0.13420968981696652,0.13420968981696652,strong,full_curve,50,0.0006201609833894064
31,cumulative_infected,1.455772995017469,1.780221540297116,1.184930841671303,1.5801929942941306,0.5991876077168854,2.434151806519367,0.3830447338055819,4.619898364925753,1.8349641988024814,4.236853631120171,1.0,1.0,0.32444854527964706,-0.270842153346166,0.270842153346166,0.0733554720291881,0.13858968042624736,0.09858470719142501,1.4057928899372136,0.13858968042624736,0.09858470719142501,1.4057928899372136,0.7498135529285523,0.3816684833302549,0.13420968981696652,0.13420968981696652,strong,full_curve,50,0.0006201609833894064
31,early_growth_slope,0.0001977445513364822,0.0006117179573751253,0.00048157539207577027,0.0026026809382457927,-0.0014177120846441175,0.00233114939085984,-0.00318075279709384,0.004943790670949964,0.0037488614755039574,0.008124543468043803,1.0,1.0,0.00041397340603864307,0.0002838308407392881,0.0002838308407392881,8.055994615477112e-08,0.13858968042624736,0.09858470719142501,1.4057928899372136,0.13858968042624736,0.09858470719142501,1.4057928899372136,0.7498135529285523,0.3816684833302549,0.13420968981696652,0.13420968981696652,strong,full_curve,50,0.0006201609833894064
32,peak_time,40.0,32.98,33.0,3.3784223202165498,31.0,35.0,28.0,38.05,4.0,10.049999999999997,0.0,0.0,-7.020000000000003,-7.0,7.0,49.0,0.26949543381829755,0.1412259022435903,1.9082578304471687,0.26949543381829755,0.1412259022435903,1.9082578304471687,0.9657326361519409,0.1940338120294599,0.09316056416813463,0.09316056416813463,strong,full_curve,50,0.0021950186789206454
32,peak_height,0.1815231740474701,0.23444731026887894,0.23344005644321442,0.04593063309437767,0.19913587346673012,0.26100926846265793,0.1648704156279564,0.30720094442367546,0.06187339499592781,0.14233052879571906,0.0,1.0,0.052924136221408846,0.051916882395744324,0.051916882395744324,0.002695362677693547,0.26949543381829755,0.1412259022435903,1.9082578304471687,0.26949543381829755,0.1412259022435903,1.9082578304471687,0.9657326361519409,0.1940338120294599,0.09316056416813463,0.09316056416813463,strong,full_curve,50,0.0021950186789206454
32,cumulative_infected,4.473233644850552,5.99075040552576,6.000687025545631,1.2457022689518127,5.066381693904987,6.7289979450870305,4.166136427212041,8.073700216808355,1.662616251182044,3.9075637895963142,0.0,1.0,1.5175167606752078,1.5274533806950785,1.5274533806950785,2.3331138301968246,0.26949543381829755,0.1412259022435903,1.9082578304471687,0.26949543381829755,0.1412259022435903,1.9082578304471687,0.9657326361519409,0.1940338120294599,0.09316056416813463,0.09316056416813463,strong,full_curve,50,0.0021950186789206454
32,early_growth_slope,-0.0025580056854301947,0.00184379719732533,0.002275547409053183,0.0028646921720227587,0.00036331323783434595,0.003683069018214675,-0.0031735581326453616,0.0059665157179725125,0.003319755780380329,0.009140073850617873,0.0,1.0,0.004401802882755525,0.004833553094483378,0.004833553094483378,2.3363235517189836e-05,0.26949543381829755,0.1412259022435903,1.9082578304471687,0.26949543381829755,0.1412259022435903,1.9082578304471687,0.9657326361519409,0.1940338120294599,0.09316056416813463,0.09316056416813463,strong,full_curve,50,0.0021950186789206454
33,peak_time,0.0,22.51,19.5,15.88118447100279,10.75,39.0,0.9500000000000002,48.05,28.25,47.099999999999994,0.0,0.0,22.51,19.5,19.5,380.25,0.27256394879056006,0.4371066278745811,0.62356398052323,0.27256394879056006,0.4371066278745811,0.62356398052323,0.3214611151840776,0.42169168380630556,0.09491511770438296,0.09491511770438296,strong,full_curve,50,6.956545520362144e-05
33,peak_height,0.054773230105638504,0.05421406116336584,0.05041786655783653,0.02560416013434986,0.04231968242675066,0.058280013501644135,0.03593591526150704,0.08496184349060056,0.015960331074893475,0.04902592822909352,1.0,1.0,-0.0005591689422726615,-0.0043553635478019714,0.0043553635478019714,1.8969191633522176e-05,0.27256394879056006,0.4371066278745811,0.62356398052323,0.27256394879056006,0.4371066278745811,0.62356398052323,0.3214611151840776,0.42169168380630556,0.09491511770438296,0.09491511770438296,strong,full_curve,50,6.956545520362144e-05
33,cumulative_infected,0.4388170810416341,0.6210170445087851,0.4936663258704357,0.5468506948930683,0.38022914364273674,0.6405733605497517,0.30705955490921044,1.6793140404508446,0.2603442169070149,1.3722544855416343,1.0,1.0,0.18219996346715106,0.0548492448288016,0.0548492448288016,0.0030084396582898193,0.27256394879056006,0.4371066278745811,0.62356398052323,0.27256394879056006,0.4371066278745811,0.62356398052323,0.3214611151840776,0.42169168380630556,0.09491511770438296,0.09491511770438296,strong,full_curve,50,6.956545520362144e-05
33,early_growth_slope,-0.003488327698072505,-0.0004204608033817395,-0.0002817824161389743,0.0020156931466729614,-0.0015391799339946968,0.0007512039730846445,-0.0037075027787761314,0.0022661501076072445,0.0022903839070793413,0.005973652886383376,0.0,1.0,0.0030678668946907657,0.0032065452819335307,0.0032065452819335307,1.0281932645090186e-05,0.27256394879056006,0.4371066278745811,0.62356398052323,0.27256394879056006,0.4371066278745811,0.62356398052323,0.3214611151840776,0.42169168380630556,0.09491511770438296,0.09491511770438296,strong,full_curve,50,6.956545520362144e-05
34,peak_time,19.0,24.83,27.0,16.35283622266341,7.0,40.25,1.0,47.0,33.25,46.0,1.0,1.0,5.829999999999998,8.0,8.0,64.0,0.17926239035714606,0.3869276948140296,0.46329687112034085,0.17926239035714606,0.3869276948140296,0.46329687112034085,0.1614080473523189,0.42202464202913326,0.1723008471465785,0.1723008471465785,strong,full_curve,50,8.833742431093598e-06
34,peak_height,0.05535833165049553,0.06323360903188587,0.052945759147405624,0.0355846329071558,0.04603937454521656,0.06411377899348736,0.03240570686757564,0.16595452874898908,0.018074404448270798,0.13354882188141343,1.0,1.0,0.007875277381390336,-0.002412572503089905,0.002412572503089905,5.820506082665489e-06,0.17926239035714606,0.3869276948140296,0.46329687112034085,0.17926239035714606,0.3869276948140296,0.46329687112034085,0.1614080473523189,0.42202464202913326,0.1723008471465785,0.1723008471465785,strong,full_curve,50,8.833742431093598e-06
34,cumulative_infected,0.540735335656791,0.8491614024130649,0.5095769125764491,0.8719064581571224,0.4134799476523767,0.7463158123282483,0.3449542804271914,3.0938514408640914,0.33283586467587156,2.7488971604369,1.0,1.0,0.30842606675627393,-0.03115842308034189,0.03115842308034189,0.0009708473288535822,0.17926239035714606,0.3869276948140296,0.46329687112034085,0.17926239035714606,0.3869276948140296,0.46329687112034085,0.1614080473523189,0.42202464202913326,0.1723008471465785,0.1723008471465785,strong,full_curve,50,8.833742431093598e-06
34,early_growth_slope,0.0014748356989002784,-0.00018470007194731992,-0.0004468387702391257,0.002359388519870123,-0.0018638453056198704,0.001417604349193251,-0.0036191984177137413,0.004092119390857294,0.0032814496548131213,0.007711317808571035,0.0,1.0,-0.0016595357708475984,-0.0019216744691394041,0.0019216744691394041,3.692832765342211e-06,0.17926239035714606,0.3869276948140296,0.46329687112034085,0.17926239035714606,0.3869276948140296,0.46329687112034085,0.1614080473523189,0.42202464202913326,0.1723008471465785,0.1723008471465785,strong,full_curve,50,8.833742431093598e-06
35,peak_time,27.0,24.73,25.5,13.2366609051978,15.0,34.25,2.95,44.05,19.25,41.099999999999994,1.0,1.0,-2.2699999999999996,-1.5,1.5,2.25,0.16737102546343438,0.12544346093287995,1.3342347557916014,0.16737102546343438,0.12544346093287995,1.3342347557916014,0.778454592282307,0.4126702474791653,0.14896582789157153,0.14896582789157153,strong,full_curve,50,0.0006094804248941375
35,peak_height,0.06450483202934265,0.06745160860940815,0.0572860985994339,0.03523595836183466,0.04802460968494415,0.07562604546546936,0.03726172409951687,0.12656943500041962,0.027601435780525208,0.08930771090090275,1.0,1.0,0.002946776580065494,-0.0072187334299087524,0.0072187334299087524,5.211011233208218e-05,0.16737102546343438,0.12544346093287995,1.3342347557916014,0.16737102546343438,0.12544346093287995,1.3342347557916014,0.778454592282307,0.4126702474791653,0.14896582789157153,0.14896582789157153,strong,full_curve,50,0.0006094804248941375
35,cumulative_infected,1.1825082059949636,1.0864244724769196,0.7332388665527105,0.9330518814776553,0.5583386415310088,1.3421750761335716,0.38306321521813513,2.8858334950986313,0.7838364346025628,2.502770279880496,1.0,1.0,-0.096083733518044,-0.4492693394422531,0.4492693394422531,0.20184293936287845,0.16737102546343438,0.12544346093287995,1.3342347557916014,0.16737102546343438,0.12544346093287995,1.3342347557916014,0.778454592282307,0.4126702474791653,0.14896582789157153,0.14896582789157153,strong,full_curve,50,0.0006094804248941375
35,early_growth_slope,5.4576888769155684e-05,0.00014764744780959143,0.00011847803917979706,0.0021068075399582917,-0.0013510443940980442,0.0014746571171036474,-0.0027605436308520063,0.004083282578531431,0.0028257015112016916,0.006843826209383437,1.0,1.0,9.307055904043574e-05,6.390115041064138e-05,6.390115041064138e-05,4.083357023803412e-09,0.16737102546343438,0.12544346093287995,1.3342347557916014,0.16737102546343438,0.12544346093287995,1.3342347557916014,0.778454592282307,0.4126702474791653,0.14896582789157153,0.14896582789157153,strong,full_curve,50,0.0006094804248941375
36,peak_time,5.0,22.88,22.0,14.789622351261348,11.0,35.25,1.0,46.05,24.25,45.05,0.0,1.0,17.88,17.0,17.0,289.0,0.1,0.17390819469960253,0.5750160317214112,0.1,0.17390819469960253,0.5750160317214112,0.41521110410780404,0.4651707984700952,0.1654007898391722,0.1654007898391722,strong,full_curve,50,0.00011464123245308593
36,peak_height,0.04637300968170166,0.05159629816189408,0.048193247988820076,0.023139007945480388,0.041830405592918396,0.05470304936170578,0.03524143379181623,0.06872293204069137,0.012872643768787384,0.033481498248875134,1.0,1.0,0.00522328848019242,0.0018202383071184158,0.0018202383071184158,3.3132674947013163e-06,0.1,0.17390819469960253,0.5750160317214112,0.1,0.17390819469960253,0.5750160317214112,0.41521110410780404,0.4651707984700952,0.1654007898391722,0.1654007898391722,strong,full_curve,50,0.00011464123245308593
36,cumulative_infected,0.49155391575186513,0.5961435998644447,0.46937672229250893,0.5785187057179386,0.3932789436512394,0.5734928509482415,0.2904748809600278,1.150848083582241,0.18021390729700215,0.8603732026222132,1.0,1.0,0.10458968411257952,-0.022177193459356204,0.022177193459356204,0.0004918279097337116,0.1,0.17390819469960253,0.5750160317214112,0.1,0.17390819469960253,0.5750160317214112,0.41521110410780404,0.4651707984700952,0.1654007898391722,0.1654007898391722,strong,full_curve,50,0.00011464123245308593
36,early_growth_slope,0.0006287943438759881,-0.00034613240273236886,-0.000588890325854576,0.002085801508595086,-0.0017438850665625755,0.0008784495948064088,-0.003451390913271874,0.0031021457941581786,0.0026223346613689844,0.0065535367074300525,1.0,1.0,-0.000974926746608357,-0.001217684669730564,0.001217684669730564,1.4827559548968329e-06,0.1,0.17390819469960253,0.5750160317214112,0.1,0.17390819469960253,0.5750160317214112,0.41521110410780404,0.4651707984700952,0.1654007898391722,0.1654007898391722,strong,full_curve,50,0.00011464123245308593
37,peak_time,10.0,20.75,20.5,14.880924675298884,7.0,32.0,0.0,46.0,25.0,46.0,1.0,1.0,10.75,10.5,10.5,110.25,0.28016663689492144,0.45798167041839655,0.6117420302846852,0.28016663689492144,0.45798167041839655,0.6117420302846852,0.28687128303669307,0.48516385087271297,0.18444245169197593,0.18444245169197593,strong,full_curve,50,2.473305701262862e-05
37,peak_height,0.04074958711862564,0.05110447814688086,0.048098063096404076,0.014038626946022807,0.04256014805287123,0.0555978873744607,0.03424170650541782,0.07953578270971774,0.01303773932158947,0.04529407620429992,0.0,1.0,0.010354891028255223,0.007348475977778435,0.007348475977778435,5.400009919598672e-05,0.28016663689492144,0.45798167041839655,0.6117420302846852,0.28016663689492144,0.45798167041839655,0.6117420302846852,0.28687128303669307,0.48516385087271297,0.18444245169197593,0.18444245169197593,strong,full_curve,50,2.473305701262862e-05
37,cumulative_infected,0.413134848466143,0.5740732304643937,0.4777297244290821,0.3396327669569385,0.3943038447177969,0.5897207174421055,0.29469331902364504,1.2599020577530606,0.19541687272430863,0.9652087387294156,1.0,1.0,0.16093838199825072,0.06459487596293911,0.06459487596293911,0.00417249800066749,0.28016663689492144,0.45798167041839655,0.6117420302846852,0.28016663689492144,0.45798167041839655,0.6117420302846852,0.28687128303669307,0.48516385087271297,0.18444245169197593,0.18444245169197593,strong,full_curve,50,2.473305701262862e-05
37,early_growth_slope,-0.0015460952158069363,-0.0007980299839090581,-0.0008542192680622623,0.0023491126175515117,-0.0023515574160098466,0.0005239316025316451,-0.004464194856215421,0.0035250079430018855,0.0028754890185414914,0.007989202799217306,1.0,1.0,0.0007480652318978782,0.000691875947744674,0.000691875947744674,4.786923270675909e-07,0.28016663689492144,0.45798167041839655,0.6117420302846852,0.28016663689492144,0.45798167041839655,0.6117420302846852,0.28687128303669307,0.48516385087271297,0.18444245169197593,0.18444245169197593,strong,full_curve,50,2.473305701262862e-05
38,peak_time,25.0,27.05,27.0,4.066058076666919,24.0,30.0,20.95,34.0,6.0,13.05,1.0,1.0,2.0500000000000007,2.0,2.0,4.0,0.3321921210142568,0.19108403339768118,1.7384609017693469,0.3321921210142568,0.19108403339768118,1.7384609017693469,0.8188433244119744,0.27584126322365227,0.1897522373007535,0.1897522373007535,strong,full_curve,50,0.0023669187853145508
38,peak_height,0.13340680301189423,0.1591742093861103,0.15745524317026138,0.021988320581465715,0.1435326561331749,0.17221350222826004,0.12637556828558444,0.19827617108821868,0.028680846095085144,0.07190060280263424,0.0,1.0,0.025767406374216067,0.024048440158367157,0.024048440158367157,0.0005783274740505662,0.3321921210142568,0.19108403339768118,1.7384609017693469,0.3321921210142568,0.19108403339768118,1.7384609017693469,0.8188433244119744,0.27584126322365227,0.1897522373007535,0.1897522373007535,strong,full_curve,50,0.0023669187853145508
38,cumulative_infected,3.1765194893814623,3.732868351593097,3.705293182749301,0.5232565766695488,3.3717825079802424,4.0832318444154225,2.93703218133287,4.569987959926948,0.7114493364351802,1.632955778594078,0.0,1.0,0.5563488622116348,0.5287736933678389,0.5287736933678389,0.27960161879786527,0.3321921210142568,0.19108403339768118,1.7384609017693469,0.3321921210142568,0.19108403339768118,1.7384609017693469,0.8188433244119744,0.27584126322365227,0.1897522373007535,0.1897522373007535,strong,full_curve,50,0.0023669187853145508
38,early_growth_slope,0.002747257068265407,0.0021695782197630686,0.0022774754421940697,0.002570924346248366,0.0005435087036208393,0.0035905864926808993,-0.001595970237394791,0.006380295309506997,0.00304707778906006,0.007976265546901787,1.0,1.0,-0.0005776788485023386,-0.0004697816260713374,0.0004697816260713374,2.2069477619422988e-07,0.3321921210142568,0.19108403339768118,1.7384609017693469,0.3321921210142568,0.19108403339768118,1.7384609017693469,0.8188433244119744,0.27584126322365227,0.1897522373007535,0.1897522373007535,strong,full_curve,50,0.0023669187853145508
39,peak_time,14.0,23.76,22.5,15.83572230781094,8.0,38.25,0.0,47.0,30.25,47.0,1.0,1.0,9.760000000000002,8.5,8.5,72.25,0.1,0.12266478458134687,0.8152298994474947,0.1,0.12266478458134687,0.8152298994474947,0.34310243473030666,0.30067154646677735,0.10936950473786253,0.10936950473786253,strong,full_curve,50,0.0002359044151434723
39,peak_height,0.05137210339307785,0.05492335919290781,0.04896945506334305,0.02501922037133667,0.04225718788802624,0.056244066916406155,0.03554828017950058,0.11527990102767939,0.013986879028379917,0.07973162084817881,1.0,1.0,0.0035512557998299624,-0.0024026483297348022,0.0024026483297348022,5.772718996377435e-06,0.1,0.12266478458134687,0.8152298994474947,0.1,0.12266478458134687,0.8152298994474947,0.34310243473030666,0.30067154646677735,0.10936950473786253,0.10936950473786253,strong,full_curve,50,0.0002359044151434723
39,cumulative_infected,0.4848062055243645,0.6393926524962898,0.46917165332706645,0.5503274200427595,0.41347498644609004,0.5690755641844589,0.33035566159378504,2.2183878150884992,0.15560057773836888,1.8880321534947142,1.0,1.0,0.15458644697192536,-0.015634552197298035,0.015634552197298035,0.00024443922241003683,0.1,0.12266478458134687,0.8152298994474947,0.1,0.12266478458134687,0.8152298994474947,0.34310243473030666,0.30067154646677735,0.10936950473786253,0.10936950473786253,strong,full_curve,50,0.0002359044151434723
39,early_growth_slope,-0.0014670545379409476,-0.0005445489276211265,-0.00033162638733518195,0.0024735911096515923,-0.0023674182676976267,0.0013638509708038147,-0.00485684339011121,0.0030830933801639926,0.0037312692385014414,0.007939936770275203,1.0,1.0,0.0009225056103198212,0.0011354281506057657,0.0011354281506057657,1.2891970851880292e-06,0.1,0.12266478458134687,0.8152298994474947,0.1,0.12266478458134687,0.8152298994474947,0.34310243473030666,0.30067154646677735,0.10936950473786253,0.10936950473786253,strong,full_curve,50,0.0002359044151434723
40,peak_time,38.0,37.44,37.0,3.4474994597900266,35.0,39.25,32.95,44.0,4.25,11.049999999999997,1.0,1.0,-0.5600000000000023,-1.0,1.0,1.0,0.20863102544283793,0.05744114017676303,3.6320836390228295,0.20863102544283793,0.05744114017676303,3.6320836390228295,0.49437727735218284,0.06625782067035502,0.1419213567051574,0.1419213567051574,strong,full_curve,50,0.0033390055585126453
40,peak_height,0.42704322934150696,0.41279050886631014,0.4348689764738083,0.07563902392160186,0.4046921655535698,0.4474720060825348,0.2610509887337685,0.47258583903312684,0.042779840528964996,0.21153485029935837,1.0,1.0,-0.014252720475196823,0.00782574713230133,0.00782574713230133,6.12423181787225e-05,0.20863102544283793,0.05744114017676303,3.6320836390228295,0.20863102544283793,0.05744114017676303,3.6320836390228295,0.49437727735218284,0.06625782067035502,0.1419213567051574,0.1419213567051574,strong,full_curve,50,0.0033390055585126453
40,cumulative_infected,10.077679729554802,10.559218508984777,11.2211225356441,2.2574322134277396,10.249329772603232,11.757046521437587,6.26939501214074,12.578117382177151,1.5077167488343548,6.308722370036411,0.0,1.0,0.48153877942997525,1.143442806089297,1.143442806089297,1.3074614507973654,0.20863102544283793,0.05744114017676303,3.6320836390228295,0.20863102544283793,0.05744114017676303,3.6320836390228295,0.49437727735218284,0.06625782067035502,0.1419213567051574,0.1419213567051574,strong,full_curve,50,0.0033390055585126453
40,early_growth_slope,-0.0021607326509963153,0.0028151409458050257,0.002637581558831568,0.002924423531540356,0.0007602102178636771,0.004776436386496892,-0.0017496441389084783,0.00756414801920376,0.0040162261686332145,0.009313792158112238,0.0,0.0,0.004975873596801341,0.004798314209827884,0.004798314209827884,2.302381925623619e-05,0.20863102544283793,0.05744114017676303,3.6320836390228295,0.20863102544283793,0.05744114017676303,3.6320836390228295,0.49437727735218284,0.06625782067035502,0.1419213567051574,0.1419213567051574,strong,full_curve,50,0.0033390055585126453
41,peak_time,39.0,31.24,36.5,15.572651500225474,20.0,45.25,1.9000000000000004,49.0,25.25,47.1,1.0,1.0,-7.760000000000002,-2.5,2.5,6.25,0.1,0.060178806690420195,1.6617145719494453,0.1,0.060178806690420195,1.6617145719494453,0.43115345857382337,0.23601286905335017,0.1542747030578539,0.1542747030578539,strong,full_curve,50,0.00029576777515677
41,peak_height,0.08030365407466888,0.09223465882241726,0.06139284744858742,0.06428939133925017,0.04957463592290878,0.11875370517373085,0.04061713218688965,0.24070548340678213,0.06917906925082207,0.2000883512198925,1.0,1.0,0.011931004747748372,-0.018910806626081467,0.018910806626081467,0.0003576186072490467,0.1,0.060178806690420195,1.6617145719494453,0.1,0.060178806690420195,1.6617145719494453,0.43115345857382337,0.23601286905335017,0.1542747030578539,0.1542747030578539,strong,full_curve,50,0.00029576777515677
41,cumulative_infected,1.1807874371297657,1.6047207188788526,0.8089417258843241,1.5735539099144584,0.5128566571074771,2.3722343993431423,0.33944612084451364,4.617918739933519,1.8593777422356652,4.278472619089006,1.0,1.0,0.42393328174908684,-0.37184571124544163,0.37184571124544163,0.13826923297162835,0.1,0.060178806690420195,1.6617145719494453,0.1,0.060178806690420195,1.6617145719494453,0.43115345857382337,0.23601286905335017,0.1542747030578539,0.1542747030578539,strong,full_curve,50,0.00029576777515677
41,early_growth_slope,-0.0018374906143262242,0.0005557062420118769,0.0005387914383650896,0.002254250048147688,-0.0011315595481954945,0.002339358165045269,-0.002623106925048409,0.004062907382502174,0.0034709177132407633,0.006686014307550583,0.0,1.0,0.0023931968563381013,0.002376282052691314,0.002376282052691314,5.646716393942844e-06,0.1,0.060178806690420195,1.6617145719494453,0.1,0.060178806690420195,1.6617145719494453,0.43115345857382337,0.23601286905335017,0.1542747030578539,0.1542747030578539,strong,full_curve,50,0.00029576777515677
42,peak_time,32.0,32.13,32.5,5.698936636590969,28.0,35.25,23.0,40.099999999999994,7.25,17.099999999999994,1.0,1.0,0.13000000000000256,0.5,0.5,0.25,0.29395149278094956,0.19153366158785226,1.5347249686766966,0.29395149278094956,0.19153366158785226,1.5347249686766966,0.8286125751942053,0.32178977205888054,0.15925808146356163,0.15925808146356163,strong,full_curve,50,0.0015090114894260268
42,peak_height,0.1402694284915924,0.1338289088755846,0.12860657274723053,0.0353673952990544,0.10778307728469372,0.15456674993038177,0.08384326659142971,0.2058069922029972,0.04678367264568806,0.12196372561156749,1.0,1.0,-0.006440519616007806,-0.011662855744361877,0.011662855744361877,0.00013602220411379484,0.29395149278094956,0.19153366158785226,1.5347249686766966,0.29395149278094956,0.19153366158785226,1.5347249686766966,0.8286125751942053,0.32178977205888054,0.15925808146356163,0.15925808146356163,strong,full_curve,50,0.0015090114894260268
42,cumulative_infected,2.3377050780691206,3.1047668359077214,3.0509213395416737,0.9460222891897779,2.423989031580277,3.7712090611748863,1.577141199167818,4.7508742345962665,1.3472200295946095,3.1737330354284485,0.0,1.0,0.7670617578386008,0.713216261472553,0.713216261472553,0.5086774356288851,0.29395149278094956,0.19153366158785226,1.5347249686766966,0.29395149278094956,0.19153366158785226,1.5347249686766966,0.8286125751942053,0.32178977205888054,0.15925808146356163,0.15925808146356163,strong,full_curve,50,0.0015090114894260268
42,early_growth_slope,-0.003760233987122772,0.0012873770405764978,0.001257898698982207,0.002427292424092201,-0.0001258053830713921,0.002866981853523092,-0.0028851734145843803,0.004693144664356839,0.002992787236594484,0.00757831807894122,0.0,0.0,0.0050476110276992696,0.005018132686104979,0.005018132686104979,2.518165565535517e-05,0.29395149278094956,0.19153366158785226,1.5347249686766966,0.29395149278094956,0.19153366158785226,1.5347249686766966,0.8286125751942053,0.32178977205888054,0.15925808146356163,0.15925808146356163,strong,full_curve,50,0.0015090114894260268
43,peak_time,20.0,25.81,25.5,15.332473625437856,12.0,41.0,2.0,48.05,29.0,46.05,1.0,1.0,5.809999999999999,5.5,5.5,30.25,0.1,0.10710960838317467,0.9336230568807543,0.1,0.10710960838317467,0.9336230568807543,0.598133022984479,0.43901229003884185,0.11848718612664966,0.11848718612664966,strong,full_curve,50,0.0004715571389549611
43,peak_height,0.05761698633432388,0.05630079265683889,0.050036514177918434,0.023933216152352756,0.043344142846763134,0.05717411171644926,0.03583434950560331,0.10728071816265582,0.013829968869686127,0.0714463686570525,0.0,1.0,-0.001316193677484992,-0.007580472156405449,0.007580472156405449,5.746355811403828e-05,0.1,0.10710960838317467,0.9336230568807543,0.1,0.10710960838317467,0.9336230568807543,0.598133022984479,0.43901229003884185,0.11848718612664966,0.11848718612664966,strong,full_curve,50,0.0004715571389549611
43,cumulative_infected,0.44388032832648605,0.6998189462064738,0.47256012668367475,0.6454644380675998,0.38872774973606283,0.6162630624312442,0.2887839917493693,2.278667318285443,0.22753531269518135,1.9898833265360736,1.0,1.0,0.25593861787998773,0.0286797983571887,0.0286797983571887,0.0008225308338090037,0.1,0.10710960838317467,0.9336230568807543,0.1,0.10710960838317467,0.9336230568807543,0.598133022984479,0.43901229003884185,0.11848718612664966,0.11848718612664966,strong,full_curve,50,0.0004715571389549611
43,early_growth_slope,0.0011849984182931833,-0.0004567783703508942,-0.0004529680757384213,0.002176161949551622,-0.0016234577647299443,0.000985255447241279,-0.0035080472382625336,0.0024694222632595957,0.002608713211971223,0.005977469501522129,0.0,1.0,-0.0016417767886440775,-0.0016379664940316045,0.0016379664940316045,2.682934235570186e-06,0.1,0.10710960838317467,0.9336230568807543,0.1,0.10710960838317467,0.9336230568807543,0.598133022984479,0.43901229003884185,0.11848718612664966,0.11848718612664966,strong,full_curve,50,0.0004715571389549611
44,peak_time,25.0,19.91,18.0,14.732013515545734,6.75,31.25,1.0,44.099999999999994,24.5,43.099999999999994,1.0,1.0,-5.09,-7.0,7.0,49.0,0.15341958230779426,0.34624216852935297,0.44309906837586127,0.15341958230779426,0.34624216852935297,0.44309906837586127,0.15736231199119458,0.34243928144379016,0.08001552530380433,0.08001552530380433,strong,full_curve,50,2.150983386226853e-05
44,peak_height,0.045041438192129135,0.05382613454014063,0.05112641490995884,0.017195744401342795,0.04389867186546326,0.05857529677450657,0.036847859621047974,0.074682305380702,0.014676624909043312,0.03783444575965403,1.0,1.0,0.008784696348011496,0.006084976717829704,0.006084976717829704,3.702694165652956e-05,0.15341958230779426,0.34624216852935297,0.44309906837586127,0.15341958230779426,0.34624216852935297,0.44309906837586127,0.15736231199119458,0.34243928144379016,0.08001552530380433,0.08001552530380433,strong,full_curve,50,2.150983386226853e-05
44,cumulative_infected,0.42486592737259343,0.5829646849972596,0.472188767787884,0.41987032887975756,0.41188969888025895,0.5767702567609376,0.32468516801018266,0.9797088500868988,0.16488055788067868,0.6550236820767161,1.0,1.0,0.1580987576246662,0.04732284041529056,0.04732284041529056,0.0022394512249710573,0.15341958230779426,0.34624216852935297,0.44309906837586127,0.15341958230779426,0.34624216852935297,0.44309906837586127,0.15736231199119458,0.34243928144379016,0.08001552530380433,0.08001552530380433,strong,full_curve,50,2.150983386226853e-05
44,early_growth_slope,0.00188686405973775,-0.0006423594175937193,-0.0010617164350281065,0.0022595015326553423,-0.0023279321359864057,0.0005693727912980003,-0.003746641713604771,0.003474603384356235,0.0028973049272844062,0.007221245097961006,0.0,1.0,-0.002529223477331469,-0.0029485804947658564,0.0029485804947658564,8.694126934113663e-06,0.15341958230779426,0.34624216852935297,0.44309906837586127,0.15341958230779426,0.34624216852935297,0.44309906837586127,0.15736231199119458,0.34243928144379016,0.08001552530380433,0.08001552530380433,strong,full_curve,50,2.150983386226853e-05
45,peak_time,27.0,26.08,26.0,1.9052293798645321,25.0,27.0,23.0,29.049999999999997,2.0,6.049999999999997,1.0,1.0,-0.9200000000000017,-1.0,1.0,1.0,0.3066408313289021,0.07790482650296765,3.936095426863201,0.3066408313289021,0.07790482650296765,3.936095426863201,0.7333566372847715,0.08386691201008276,0.19747312495272826,0.19747312495272826,strong,full_curve,50,0.006342114853290953
45,peak_height,0.4569613039493561,0.417291157245636,0.4168187975883484,0.029248575971741922,0.39450787752866745,0.43866976350545883,0.37033206820487974,0.46292624771595,0.04416188597679138,0.09259417951107024,0.0,1.0,-0.0396701467037201,-0.04014250636100769,0.04014250636100769,0.0016114208169435429,0.3066408313289021,0.07790482650296765,3.936095426863201,0.3066408313289021,0.07790482650296765,3.936095426863201,0.7333566372847715,0.08386691201008276,0.19747312495272826,0.19747312495272826,strong,full_curve,50,0.006342114853290953
45,cumulative_infected,10.617868416942656,10.75796612695822,10.788961481070146,0.7305285737726959,10.28911598213017,11.305907086469233,9.51438354603015,11.747510371729732,1.0167911043390632,2.233126825699582,1.0,1.0,0.1400977100155636,0.17109306412748992,0.17109306412748992,0.02927283659253338,0.3066408313289021,0.07790482650296765,3.936095426863201,0.3066408313289021,0.07790482650296765,3.936095426863201,0.7333566372847715,0.08386691201008276,0.19747312495272826,0.19747312495272826,strong,full_curve,50,0.006342114853290953
45,early_growth_slope,0.002344704870622429,0.00416774645190612,0.004319413301778868,0.002640858096422021,0.0024009496583381595,0.005641182896700532,-0.000505493416096127,0.008379225544576041,0.0032402332383623727,0.008884718960672168,0.0,1.0,0.001823041581283691,0.0019747084311564386,0.0019747084311564386,3.899473388080323e-06,0.3066408313289021,0.07790482650296765,3.936095426863201,0.3066408313289021,0.07790482650296765,3.936095426863201,0.7333566372847715,0.08386691201008276,0.19747312495272826,0.19747312495272826,strong,full_curve,50,0.006342114853290953
46,peak_time,32.0,31.17,31.0,2.597804045455673,29.0,33.0,27.0,35.05,4.0,8.049999999999997,1.0,1.0,-0.8299999999999983,-1.0,1.0,1.0,0.26123510837793035,0.08028122472783913,3.2540000387829386,0.26123510837793035,0.08028122472783913,3.2540000387829386,0.8776878200248025,0.08662539624802407,0.10725712244681866,0.10725712244681866,strong,full_curve,50,0.0014541309396004446
46,peak_height,0.35377293825149536,0.388147628903389,0.4003646522760391,0.04566255568157902,0.36358848214149475,0.4180649593472481,0.29712398946285246,0.45232536643743515,0.054476477205753326,0.1552013769745827,0.0,1.0,0.034374690651893636,0.04659171402454376,0.04659171402454376,0.002170787815744868,0.26123510837793035,0.08028122472783913,3.2540000387829386,0.26123510837793035,0.08028122472783913,3.2540000387829386,0.8776878200248025,0.08662539624802407,0.10725712244681866,0.10725712244681866,strong,full_curve,50,0.0014541309396004446
46,cumulative_infected,9.169341624714434,10.219624035040106,10.28300347412005,1.234149330007999,9.585541045409627,11.061383999651298,8.217081233509816,11.861122454795986,1.4758429542416707,3.6440412212861695,0.0,1.0,1.0502824103256714,1.1136618494056165,1.1136618494056165,1.240242714821538,0.26123510837793035,0.08028122472783913,3.2540000387829386,0.26123510837793035,0.08028122472783913,3.2540000387829386,0.8776878200248025,0.08662539624802407,0.10725712244681866,0.10725712244681866,strong,full_curve,50,0.0014541309396004446
46,early_growth_slope,-0.0006165150331244572,0.002669481422859202,0.002908514581143944,0.0027968447106289165,0.0007896709582945778,0.004614147381895842,-0.002149330185992374,0.007235911600617412,0.003824476423601264,0.009385241786609787,0.0,1.0,0.003285996455983659,0.0035250296142684007,0.0035250296142684007,1.242583378146923e-05,0.26123510837793035,0.08028122472783913,3.2540000387829386,0.26123510837793035,0.08028122472783913,3.2540000387829386,0.8776878200248025,0.08662539624802407,0.10725712244681866,0.10725712244681866,strong,full_curve,50,0.0014541309396004446
47,peak_time,45.0,44.32,46.0,6.7895939391532005,43.0,48.0,37.85,49.0,5.0,11.149999999999999,1.0,1.0,-0.6799999999999997,1.0,1.0,1.0,0.14911636530815348,0.05085076529387467,2.9324310941317453,0.14911636530815348,0.05085076529387467,2.9324310941317453,0.407590816443254,0.06955601600984852,0.09188518271492191,0.09188518271492191,strong,full_curve,50,0.0014040216701635005
47,peak_height,0.2817831039428711,0.31513877362012865,0.3447864204645157,0.09388632887305705,0.2947002798318863,0.3716791570186615,0.059395826421678066,0.4103996083140373,0.07697887718677521,0.35100378189235926,0.0,1.0,0.03335566967725756,0.06300331652164459,0.06300331652164459,0.0039694178927265344,0.14911636530815348,0.05085076529387467,2.9324310941317453,0.14911636530815348,0.05085076529387467,2.9324310941317453,0.407590816443254,0.06955601600984852,0.09188518271492191,0.09188518271492191,strong,full_curve,50,0.0014040216701635005
47,cumulative_infected,5.532351206988096,6.6450948465936746,7.065501262899488,2.3707239068113872,5.592279808595777,8.103836146881804,0.6856613085663412,9.739427297795192,2.5115563382860273,9.05376598922885,0.0,1.0,1.1127436396055783,1.533150055911392,1.533150055911392,2.3505490939411042,0.14911636530815348,0.05085076529387467,2.9324310941317453,0.14911636530815348,0.05085076529387467,2.9324310941317453,0.407590816443254,0.06955601600984852,0.09188518271492191,0.09188518271492191,strong,full_curve,50,0.0014040216701635005
47,early_growth_slope,0.0011008427855336963,0.0013348292789778719,0.001318301110240143,0.0024126885624898837,-4.855012429332001e-05,0.002637132151687096,-0.001760020152211099,0.005119712768022767,0.002685682275980416,0.006879732920233866,1.0,1.0,0.00023398649344417554,0.00021745832470644664,0.00021745832470644664,4.728812298413438e-08,0.14911636530815348,0.05085076529387467,2.9324310941317453,0.14911636530815348,0.05085076529387467,2.9324310941317453,0.407590816443254,0.06955601600984852,0.09188518271492191,0.09188518271492191,strong,full_curve,50,0.0014040216701635005
48,peak_time,45.0,31.3,35.0,14.736404451616282,17.75,44.25,6.0,48.05,26.5,42.05,0.0,1.0,-13.7,-10.0,10.0,100.0,0.1,0.06436010652372959,1.5537575277805045,0.1,0.06436010652372959,1.5537575277805045,0.31386946992361775,0.1603284248507834,0.11250642294186969,0.11250642294186969,strong,full_curve,50,0.00041831953517200134
48,peak_height,0.08676589280366898,0.08894713615998626,0.06561574712395668,0.05617007837061689,0.0489342138171196,0.10993039980530739,0.036380690336227414,0.21095402762293816,0.06099618598818779,0.17457333728671076,1.0,1.0,0.0021812433563172806,-0.021150145679712296,0.021150145679712296,0.0004473286622730527,0.1,0.06436010652372959,1.5537575277805045,0.1,0.06436010652372959,1.5537575277805045,0.31386946992361775,0.1603284248507834,0.11250642294186969,0.11250642294186969,strong,full_curve,50,0.00041831953517200134
48,cumulative_infected,1.1672387350699864,1.567616853753907,0.9234517956501804,1.348220408292293,0.5867842430343444,2.044381680752849,0.37976076799823205,4.110656441046739,1.4575974377185048,3.730895673048507,1.0,1.0,0.4003781186839206,-0.243786939419806,0.243786939419806,0.05943207183167616,0.1,0.06436010652372959,1.5537575277805045,0.1,0.06436010652372959,1.5537575277805045,0.31386946992361775,0.1603284248507834,0.11250642294186969,0.11250642294186969,strong,full_curve,50,0.00041831953517200134
48,early_growth_slope,-0.003769458090010584,-2.2501153848895504e-05,7.692492190038974e-05,0.0025962738999896233,-0.0018564606074332483,0.0015928400472538281,-0.004402070835238277,0.0042449553683538725,0.0034493006546870764,0.008647026203592149,0.0,1.0,0.003746956936161688,0.0038463830119109736,0.0038463830119109736,1.4794662274317333e-05,0.1,0.06436010652372959,1.5537575277805045,0.1,0.06436010652372959,1.5537575277805045,0.31386946992361775,0.1603284248507834,0.11250642294186969,0.11250642294186969,strong,full_curve,50,0.00041831953517200134
49,peak_time,46.0,24.81,26.0,15.786258568639994,10.5,39.25,1.9500000000000002,48.0,28.75,46.05,0.0,1.0,-21.19,-20.0,20.0,400.0,0.1,0.07148146736702717,1.3989640068039204,0.1,0.07148146736702717,1.3989640068039204,0.48260016424335217,0.27115351763469103,0.11979156545480951,0.11979156545480951,strong,full_curve,50,0.0005227392484411286
49,peak_height,0.06036573648452759,0.06218207705765963,0.05249751731753349,0.03436092369936305,0.04234272427856922,0.06294026598334312,0.03617767002433538,0.11817853339016436,0.020597541704773903,0.08200086336582899,1.0,1.0,0.0018163405731320414,-0.007868219166994095,0.007868219166994095,6.190887285985325e-05,0.1,0.07148146736702717,1.3989640068039204,0.1,0.07148146736702717,1.3989640068039204,0.48260016424335217,0.27115351763469103,0.11979156545480951,0.11979156545480951,strong,full_curve,50,0.0005227392484411286
49,cumulative_infected,0.9359176238067448,0.8804568758787901,0.5468501155801277,0.8282134455874987,0.42548336278014176,0.9695026047193096,0.33740176169158076,2.6574758687638678,0.5440192419391678,2.320074107072287,1.0,1.0,-0.055460747927954746,-0.38906750822661706,0.38906750822661706,0.15137352595766873,0.1,0.07148146736702717,1.3989640068039204,0.1,0.07148146736702717,1.3989640068039204,0.48260016424335217,0.27115351763469103,0.11979156545480951,0.11979156545480951,strong,full_curve,50,0.0005227392484411286
49,early_growth_slope,-0.0011100620474843736,-9.439601911535143e-05,-0.00012162925226480744,0.0023402308249396574,-0.001738221284800341,0.001400814562137904,-0.0039973857066971,0.003424541104842708,0.003139035846938245,0.007421926811539808,1.0,1.0,0.0010156660283690221,0.0009884327952195662,0.0009884327952195662,9.769993906655649e-07,0.1,0.07148146736702717,1.3989640068039204,0.1,0.07148146736702717,1.3989640068039204,0.48260016424335217,0.27115351763469103,0.11979156545480951,0.11979156545480951,strong,full_curve,50,0.0005227392484411286
50,peak_time,31.0,22.6,18.0,15.686962997368486,9.0,36.25,1.9000000000000004,47.0,27.25,45.1,1.0,1.0,-8.399999999999999,-13.0,13.0,169.0,0.2701047601052243,0.4612177976245021,0.58563386212847,0.2701047601052243,0.4612177976245021,0.58563386212847,0.2932621956429153,0.48033082051759707,0.14914638287923157,0.14914638287923157,strong,full_curve,50,3.120998980867264e-05
50,peak_height,0.041816432029008865,0.052823888715356586,0.0505167655646801,0.017926043360145593,0.043410176411271095,0.05623453203588724,0.03470498491078615,0.09386230185627936,0.012824355624616146,0.05915731694549321,0.0,1.0,0.01100745668634772,0.008700333535671234,0.008700333535671234,7.569580363192552e-05,0.2701047601052243,0.4612177976245021,0.58563386212847,0.2701047601052243,0.4612177976245021,0.58563386212847,0.2932621956429153,0.48033082051759707,0.14914638287923157,0.14914638287923157,strong,full_curve,50,3.120998980867264e-05
50,cumulative_infected,0.46328937748330645,0.591701646314018,0.482022601965582,0.4225578238053033,0.3950225778389722,0.5715212818904547,0.31515336210432,1.4290548031684005,0.1764987040514825,1.1139014410640806,1.0,1.0,0.12841226883071155,0.018733224482275546,0.018733224482275546,0.00035093369950332787,0.2701047601052243,0.4612177976245021,0.58563386212847,0.2701047601052243,0.4612177976245021,0.58563386212847,0.2932621956429153,0.48033082051759707,0.14914638287923157,0.14914638287923157,strong,full_curve,50,3.120998980867264e-05
50,early_growth_slope,0.0021709759333004646,-0.0003502959328168446,-0.0004679327823742788,0.0020781274851530665,-0.001596581365274253,0.0010928768277673438,-0.003256495432287919,0.002762978235564547,0.002689458193041597,0.006019473667852466,0.0,1.0,-0.0025212718661173092,-0.0026389087156747436,0.0026389087156747436,6.963839209664124e-06,0.2701047601052243,0.4612177976245021,0.58563386212847,0.2701047601052243,0.4612177976245021,0.58563386212847,0.2932621956429153,0.48033082051759707,0.14914638287923157,0.14914638287923157,strong,full_curve,50,3.120998980867264e-05
51,peak_time,34.0,32.04,36.0,13.490677664164384,24.75,43.0,3.95,48.0,18.25,44.05,1.0,1.0,-1.9600000000000009,2.0,2.0,4.0,0.1029796251610685,0.06424105784307434,1.6030188265676335,0.1029796251610685,0.06424105784307434,1.6030188265676335,0.18618740126411512,0.08349356449692624,0.10615785257639605,0.10615785257639605,strong,full_curve,50,0.000268609349022328
51,peak_height,0.07269055396318436,0.0986021076887846,0.07373689860105515,0.058113814809224715,0.05834194924682379,0.12746502086520195,0.043101843632757667,0.22052794024348252,0.06912307161837816,0.17742609661072484,1.0,1.0,0.025911553725600237,0.0010463446378707886,0.0010463446378707886,1.0948371012009517e-06,0.1029796251610685,0.06424105784307434,1.6030188265676335,0.1029796251610685,0.06424105784307434,1.6030188265676335,0.18618740126411512,0.08349356449692624,0.10615785257639605,0.10615785257639605,strong,full_curve,50,0.000268609349022328
51,cumulative_infected,1.4175183798652142,1.8688630221576386,1.2266505403677002,1.496499891238976,0.6667830369551666,2.729692794790026,0.490519071414019,4.845307187456637,2.062909757834859,4.354788116042618,1.0,1.0,0.4513446422924243,-0.19086783949751407,0.19086783949751407,0.03643053215444879,0.1029796251610685,0.06424105784307434,1.6030188265676335,0.1029796251610685,0.06424105784307434,1.6030188265676335,0.18618740126411512,0.08349356449692624,0.10615785257639605,0.10615785257639605,strong,full_curve,50,0.000268609349022328
51,early_growth_slope,0.002127262397802301,0.0002771175830574593,0.0002694671261235185,0.0027544471271997227,-0.001284683872134856,0.0018762295135058503,-0.004361931852708081,0.004979588059705701,0.0031609133856407064,0.009341519912413783,0.0,1.0,-0.0018501448147448417,-0.0018577952716787825,0.0018577952716787825,3.4514032714720415e-06,0.1029796251610685,0.06424105784307434,1.6030188265676335,0.1029796251610685,0.06424105784307434,1.6030188265676335,0.18618740126411512,0.08349356449692624,0.10615785257639605,0.10615785257639605,strong,full_curve,50,0.000268609349022328
52,peak_time,40.0,22.87,22.5,15.558722260643332,8.75,37.0,2.95,47.05,28.25,44.099999999999994,0.0,1.0,-17.13,-17.5,17.5,306.25,0.27700677213892444,0.45959977160327975,0.6027130326296875,0.27700677213892444,0.45959977160327975,0.6027130326296875,0.30395043904078545,0.4588385124655646,0.1250179458782059,0.1250179458782059,strong,full_curve,50,4.314814204005284e-05
52,peak_height,0.049998924136161804,0.05160138403996825,0.04821748845279217,0.0157768258772972,0.04197191074490547,0.054752813652157784,0.03612389955669641,0.07961670979857442,0.012780902907252312,0.04349281024187801,1.0,1.0,0.0016024599038064469,-0.0017814356833696365,0.0017814356833696365,3.173513093982644e-06,0.27700677213892444,0.45959977160327975,0.6027130326296875,0.27700677213892444,0.45959977160327975,0.6027130326296875,0.30395043904078545,0.4588385124655646,0.1250179458782059,0.1250179458782059,strong,full_curve,50,4.314814204005284e-05
52,cumulative_infected,0.4081922819605097,0.5892698855045728,0.4716190552862827,0.3902603410888397,0.397196164180059,0.5868610194593202,0.30801061680576824,1.429133981070481,0.18966485527926125,1.121123364264713,1.0,1.0,0.1810776035440631,0.06342677332577296,0.06342677332577296,0.0040229555745189835,0.27700677213892444,0.45959977160327975,0.6027130326296875,0.27700677213892444,0.45959977160327975,0.6027130326296875,0.30395043904078545,0.4588385124655646,0.1250179458782059,0.1250179458782059,strong,full_curve,50,4.314814204005284e-05
52,early_growth_slope,0.0004618257156661935,-4.8146403939989174e-05,-3.0335088792656496e-05,0.0021180452944246945,-0.001569098517869687,0.0010465603651634108,-0.00291834710875437,0.0044624877055563636,0.002615658883033098,0.007380834814310734,1.0,1.0,-0.0005099721196061826,-0.00049216080445885,0.00049216080445885,2.4222225744558236e-07,0.27700677213892444,0.45959977160327975,0.6027130326296875,0.27700677213892444,0.45959977160327975,0.6027130326296875,0.30395043904078545,0.4588385124655646,0.1250179458782059,0.1250179458782059,strong,full_curve,50,4.314814204005284e-05
53,peak_time,44.0,41.89,42.0,4.027418653443047,39.0,45.0,36.0,48.05,6.0,12.049999999999997,1.0,1.0,-2.1099999999999994,-2.0,2.0,4.0,0.17934922090798688,0.062017521641424156,2.8919120945360683,0.17934922090798688,0.062017521641424156,2.8919120945360683,0.4227805256307632,0.07996117699117526,0.12804954954985798,0.12804954954985798,strong,full_curve,50,0.0018737493939034726
53,peak_height,0.28725048899650574,0.3695526000484824,0.3956153392791748,0.07983785610306958,0.3633970841765404,0.41288379579782486,0.21992456391453744,0.4395941004157066,0.049486711621284485,0.2196695365011692,0.0,1.0,0.08230211105197666,0.10836485028266907,0.10836485028266907,0.011742940776785282,0.17934922090798688,0.062017521641424156,2.8919120945360683,0.17934922090798688,0.062017521641424156,2.8919120945360683,0.4227805256307632,0.07996117699117526,0.12804954954985798,0.12804954954985798,strong,full_curve,50,0.0018737493939034726
53,cumulative_infected,6.734964438248426,8.64538682975006,9.160785470623523,2.185372132597863,8.189487371884752,10.010582885239273,4.59552933977684,10.908181746094487,1.8210955133545212,6.312652406317646,0.0,1.0,1.9104223915016334,2.4258210323750973,2.4258210323750973,5.8846076811133825,0.17934922090798688,0.062017521641424156,2.8919120945360683,0.17934922090798688,0.062017521641424156,2.8919120945360683,0.4227805256307632,0.07996117699117526,0.12804954954985798,0.12804954954985798,strong,full_curve,50,0.0018737493939034726
53,early_growth_slope,-0.0012804027369600656,0.0012709552095475382,0.0010341518098444112,0.0026007500159253225,-0.00022173739437545962,0.0032249168763796437,-0.0024618482843617923,0.005317571218169869,0.003446654270755103,0.007779419502531661,0.0,1.0,0.002551357946507604,0.0023145545468044766,0.0023145545468044766,5.357162750133276e-06,0.17934922090798688,0.062017521641424156,2.8919120945360683,0.17934922090798688,0.062017521641424156,2.8919120945360683,0.4227805256307632,0.07996117699117526,0.12804954954985798,0.12804954954985798,strong,full_curve,50,0.0018737493939034726
54,peak_time,37.0,24.82,25.5,15.443857266652243,9.0,38.25,2.0,47.05,29.25,45.05,1.0,1.0,-12.18,-11.5,11.5,132.25,0.1,0.09315416416930368,1.0734893162505792,0.1,0.09315416416930368,1.0734893162505792,0.5201635448425348,0.37992071656800674,0.15515361158635027,0.15515361158635027,strong,full_curve,50,0.0003721998065413849
54,peak_height,0.040018629282712936,0.05695337008684873,0.0504952147603035,0.02401642357540501,0.04437503032386303,0.06101557519286871,0.037298978120088574,0.09522267542779439,0.01664054486900568,0.057923697307705815,0.0,1.0,0.016934740804135796,0.010476585477590561,0.010476585477590561,0.00010975884326926144,0.1,0.09315416416930368,1.0734893162505792,0.1,0.09315416416930368,1.0734893162505792,0.5201635448425348,0.37992071656800674,0.15515361158635027,0.15515361158635027,strong,full_curve,50,0.0003721998065413849
54,cumulative_infected,0.6046300055459142,0.7247775468353871,0.525102436024099,0.6012314391380225,0.4289428619094906,0.717644662654493,0.3417259556626959,1.9360533178783947,0.2887018007450024,1.5943273622156988,1.0,1.0,0.12014754128947291,-0.07952756952181517,0.07952756952181517,0.006324634314047145,0.1,0.09315416416930368,1.0734893162505792,0.1,0.09315416416930368,1.0734893162505792,0.5201635448425348,0.37992071656800674,0.15515361158635027,0.15515361158635027,strong,full_curve,50,0.0003721998065413849
54,early_growth_slope,-0.00023536783243928596,-0.0007249939363037759,-0.0010390727215313484,0.002200784413955961,-0.002276663977508654,0.0005453650581850003,-0.003601743392590874,0.0036770087215873422,0.002822029035693654,0.007278752114178217,1.0,1.0,-0.0004896261038644899,-0.0008037048890920625,0.0008037048890920625,6.459415487504844e-07,0.1,0.09315416416930368,1.0734893162505792,0.1,0.09315416416930368,1.0734893162505792,0.5201635448425348,0.37992071656800674,0.15515361158635027,0.15515361158635027,strong,full_curve,50,0.0003721998065413849
55,peak_time,36.0,37.28,41.0,11.141042513285203,34.75,44.0,7.95,48.0,9.25,40.05,1.0,1.0,1.2800000000000011,5.0,5.0,25.0,0.21797239909191338,0.14038904726631496,1.552631087227371,0.21797239909191338,0.14038904726631496,1.552631087227371,0.8218833670743898,0.2713781269278947,0.09855386808397722,0.09855386808397722,strong,full_curve,50,0.0013880292087425621
55,peak_height,0.11493653059005737,0.16301191791892053,0.15383169800043106,0.08310107248324719,0.08187483437359333,0.22881541773676872,0.04966642539948225,0.3140521273016929,0.1469405833631754,0.26438570190221067,1.0,1.0,0.048075387328863156,0.03889516741037369,0.03889516741037369,0.0015128340478809954,0.21797239909191338,0.14038904726631496,1.552631087227371,0.21797239909191338,0.14038904726631496,1.552631087227371,0.8218833670743898,0.2713781269278947,0.09855386808397722,0.09855386808397722,strong,full_curve,50,0.0013880292087425621
55,cumulative_infected,2.175024267984554,3.6237791855780688,3.5504664501640946,2.144019953388535,1.5728332912840415,5.130900266580284,0.6825785661596455,6.838730572530765,3.558066975296242,6.156152006371119,1.0,1.0,1.4487549175935146,1.3754421821795404,1.3754421821795404,1.891841196518816,0.21797239909191338,0.14038904726631496,1.552631087227371,0.21797239909191338,0.14038904726631496,1.552631087227371,0.8218833670743898,0.2713781269278947,0.09855386808397722,0.09855386808397722,strong,full_curve,50,0.0013880292087425621
55,early_growth_slope,0.0009361713954214272,0.0010250951976948795,0.0009336897776284742,0.002681181145375167,-0.0006125844175758593,0.002879213904764453,-0.0034758724840468734,0.005068387336740713,0.0034917983223403124,0.008544259820787586,1.0,1.0,8.892380227345229e-05,-2.481617792953004e-06,2.481617792953004e-06,6.1584268703009374e-12,0.21797239909191338,0.14038904726631496,1.552631087227371,0.21797239909191338,0.14038904726631496,1.552631087227371,0.8218833670743898,0.2713781269278947,0.09855386808397722,0.09855386808397722,strong,full_curve,50,0.0013880292087425621
56,peak_time,47.0,23.61,23.5,15.429798665850662,11.0,38.0,1.0,48.0,27.0,47.0,0.0,1.0,-23.39,-23.5,23.5,552.25,0.1,0.12016341515722606,0.8322000491510371,0.1,0.12016341515722606,0.8322000491510371,0.5800072632402468,0.4150367311473699,0.08388968836763346,0.08388968836763346,strong,full_curve,50,0.00046562417543161947
56,peak_height,0.05108662322163582,0.05740401480346918,0.05048595368862152,0.024409908408752453,0.0447216285392642,0.06156020425260067,0.03712795320898295,0.09779219180345533,0.016838575713336468,0.06066423859447238,1.0,1.0,0.006317391581833365,-0.0006006695330142975,0.0006006695330142975,3.608038878916142e-07,0.1,0.12016341515722606,0.8322000491510371,0.1,0.12016341515722606,0.8322000491510371,0.5800072632402468,0.4150367311473699,0.08388968836763346,0.08388968836763346,strong,full_curve,50,0.00046562417543161947
56,cumulative_infected,0.48238407660392113,0.6819611213185454,0.5091128722415306,0.5843707985415963,0.41567368749383604,0.6945010956624174,0.30744985145065584,1.4738215635297809,0.2788274081685813,1.166371712079125,1.0,1.0,0.19957704471462423,0.026728795637609437,0.026728795637609437,0.0007144285162370892,0.1,0.12016341515722606,0.8322000491510371,0.1,0.12016341515722606,0.8322000491510371,0.5800072632402468,0.4150367311473699,0.08388968836763346,0.08388968836763346,strong,full_curve,50,0.00046562417543161947
56,early_growth_slope,-0.00025709127519457083,0.00011695234054059316,0.0003554632172121533,0.0022812071936313995,-0.0012445175823467282,0.001455984964975089,-0.003895028051088696,0.0036030410179505225,0.0027005025473218172,0.007498069069039218,1.0,1.0,0.000374043615735164,0.0006125544924067241,0.0006125544924067241,3.7522300616765937e-07,0.1,0.12016341515722606,0.8322000491510371,0.1,0.12016341515722606,0.8322000491510371,0.5800072632402468,0.4150367311473699,0.08388968836763346,0.08388968836763346,strong,full_curve,50,0.00046562417543161947
57,peak_time,27.0,24.07,22.0,14.354287009655184,12.0,35.75,1.0,48.0,23.75,47.0,1.0,1.0,-2.9299999999999997,-5.0,5.0,25.0,0.1,0.09992805494719509,1.0007199685097736,0.1,0.09992805494719509,1.0007199685097736,0.4448034813728572,0.3486659864476568,0.15703513261602095,0.15703513261602095,strong,full_curve,50,0.000294362647225677
57,peak_height,0.0554252564907074,0.05592652708292008,0.05133553966879845,0.024484201520595623,0.042355502024292946,0.059716143645346165,0.03565792143344879,0.08520279824733731,0.01736064162105322,0.04954487681388852,1.0,1.0,0.0005012705922126798,-0.004089716821908951,0.004089716821908951,1.672578368340505e-05,0.1,0.09992805494719509,1.0007199685097736,0.1,0.09992805494719509,1.0007199685097736,0.4448034813728572,0.3486659864476568,0.15703513261602095,0.15703513261602095,strong,full_curve,50,0.000294362647225677
57,cumulative_infected,0.6160946139134467,0.6693587926072451,0.5231101103709079,0.6005051752943699,0.41980487739056116,0.6140971769459611,0.3474069300820702,1.5336378667096129,0.19429229955539995,1.1862309366275428,0.0,1.0,0.0532641786937984,-0.09298450354253873,0.09298450354253873,0.008646117899052399,0.1,0.09992805494719509,1.0007199685097736,0.1,0.09992805494719509,1.0007199685097736,0.4448034813728572,0.3486659864476568,0.15703513261602095,0.15703513261602095,strong,full_curve,50,0.000294362647225677
57,early_growth_slope,-0.0004167935278798849,-0.0001252616761355181,-7.923882748443712e-05,0.002121258285119777,-0.0015540482709184265,0.0012240687543193685,-0.0033219803494007666,0.003316377833973438,0.002778117025237795,0.006638358183374205,1.0,1.0,0.0002915318517443668,0.0003375547003954478,0.0003375547003954478,1.1394317575906053e-07,0.1,0.09992805494719509,1.0007199685097736,0.1,0.09992805494719509,1.0007199685097736,0.4448034813728572,0.3486659864476568,0.15703513261602095,0.15703513261602095,strong,full_curve,50,0.000294362647225677
58,peak_time,49.0,23.02,21.0,14.747011339059295,11.75,36.25,2.95,47.05,24.5,44.099999999999994,0.0,0.0,-25.98,-28.0,28.0,784.0,0.1,0.16350085902267528,0.6116175816919188,0.1,0.16350085902267528,0.6116175816919188,0.3912593620261985,0.3752454692992487,0.08637682159056294,0.08637682159056294,strong,full_curve,50,0.00020048689995403647
58,peak_height,0.06233302503824234,0.05696044383570552,0.05267014168202877,0.023715200099218736,0.04316608048975468,0.06266611814498901,0.0342755239456892,0.09256686791777609,0.019500037655234337,0.058291343972086886,1.0,1.0,-0.005372581202536822,-0.00966288335621357,0.00966288335621357,9.337131475578922e-05,0.1,0.16350085902267528,0.6116175816919188,0.1,0.16350085902267528,0.6116175816919188,0.3912593620261985,0.3752454692992487,0.08637682159056294,0.08637682159056294,strong,full_curve,50,0.00020048689995403647
58,cumulative_infected,0.6388442441821098,0.7450274332718345,0.5264699606777867,0.5988165861250991,0.4024333597262739,0.7812463715235936,0.3175275510438951,1.8808088918449355,0.37881301179731963,1.5632813408010404,1.0,1.0,0.10618318908972468,-0.1123742835043231,0.1123742835043231,0.012627979593109984,0.1,0.16350085902267528,0.6116175816919188,0.1,0.16350085902267528,0.6116175816919188,0.3912593620261985,0.3752454692992487,0.08637682159056294,0.08637682159056294,strong,full_curve,50,0.00020048689995403647
58,early_growth_slope,0.0001775411711562261,0.00018143155610752268,0.0003134321665302631,0.0023880213071853203,-0.0013636540263957727,0.0016889554958435756,-0.0035838175028662317,0.003586484149785798,0.0030526095222393485,0.00717030165265203,1.0,1.0,3.8903849512965795e-06,0.000135890995374037,0.000135890995374037,1.8466362623746543e-08,0.1,0.16350085902267528,0.6116175816919188,0.1,0.16350085902267528,0.6116175816919188,0.3912593620261985,0.3752454692992487,0.08637682159056294,0.08637682159056294,strong,full_curve,50,0.00020048689995403647
59,peak_time,2.0,22.15,20.0,14.294432765269423,9.0,35.0,1.0,43.0,26.0,42.0,0.0,1.0,20.15,18.0,18.0,324.0,0.22500864874462526,0.3487248517398711,0.6452326171249444,0.22500864874462526,0.3487248517398711,0.6452326171249444,0.23686468080494658,0.36241666492370095,0.12541627982198705,0.12541627982198705,strong,full_curve,50,4.562112428667694e-05
59,peak_height,0.06650683283805847,0.053784272782504555,0.05118238367140293,0.018165630267768417,0.04332505166530609,0.05947812460362911,0.03465585485100746,0.07640100382268426,0.01615307293832302,0.041745148971676804,0.0,1.0,-0.012722560055553916,-0.01532444916665554,0.01532444916665554,0.0002348387422614097,0.22500864874462526,0.3487248517398711,0.6452326171249444,0.22500864874462526,0.3487248517398711,0.6452326171249444,0.23686468080494658,0.36241666492370095,0.12541627982198705,0.12541627982198705,strong,full_curve,50,4.562112428667694e-05
59,cumulative_infected,0.610380744736176,0.6604043440541955,0.507965201875777,0.5514427514303416,0.4303048241417855,0.6183668874728028,0.31548890938865953,1.5829613251495174,0.18806206333101727,1.267472415760858,1.0,1.0,0.050023599318019474,-0.102415542860399,0.102415542860399,0.010488943419390225,0.22500864874462526,0.3487248517398711,0.6452326171249444,0.22500864874462526,0.3487248517398711,0.6452326171249444,0.23686468080494658,0.36241666492370095,0.12541627982198705,0.12541627982198705,strong,full_curve,50,4.562112428667694e-05
59,early_growth_slope,-0.005183999586041038,-0.00017025823530968264,1.9954653301587408e-05,0.002326431013438224,-0.0018641084357763496,0.0012038927151089803,-0.003911200643190003,0.0033494407970768698,0.00306800115088533,0.007260641440266873,0.0,0.0,0.005013741350731355,0.005203954239342625,0.005203954239342625,2.708113972517208e-05,0.22500864874462526,0.3487248517398711,0.6452326171249444,0.22500864874462526,0.3487248517398711,0.6452326171249444,0.23686468080494658,0.36241666492370095,0.12541627982198705,0.12541627982198705,strong,full_curve,50,4.562112428667694e-05
60,peak_time,49.0,43.03,46.0,8.527383105400075,42.75,47.25,24.95,49.0,4.5,24.05,0.0,1.0,-5.969999999999999,-3.0,3.0,9.0,0.12214556790502958,0.05,2.4429113581005915,0.12214556790502958,0.05,2.4429113581005915,0.2649135619547513,0.07916602140917442,0.12558908396532845,0.12558908396532845,strong,full_curve,50,0.00048558270263661916
60,peak_height,0.1797168105840683,0.2667153846099973,0.28947871923446655,0.09498747057084751,0.22774673998355865,0.3428741544485092,0.05629440173506737,0.3643859699368477,0.11512741446495056,0.3080915682017803,0.0,1.0,0.08699857402592898,0.10976190865039825,0.10976190865039825,0.012047676590578371,0.12214556790502958,0.05,2.4429113581005915,0.12214556790502958,0.05,2.4429113581005915,0.2649135619547513,0.07916602140917442,0.12558908396532845,0.12558908396532845,strong,full_curve,50,0.00048558270263661916
60,cumulative_infected,2.9975897925905883,5.509987431038607,5.762612573802471,2.240032757850874,4.587351954396581,7.211752028088085,0.7843430877430365,8.451855370122939,2.624400073691504,7.667512282379902,0.0,1.0,2.512397638448019,2.765022781211883,2.765022781211883,7.645350980620695,0.12214556790502958,0.05,2.4429113581005915,0.12214556790502958,0.05,2.4429113581005915,0.2649135619547513,0.07916602140917442,0.12558908396532845,0.12558908396532845,strong,full_curve,50,0.00048558270263661916
60,early_growth_slope,0.003607656341046094,0.0010659570358828726,0.001017461561353967,0.0025249686130501712,-0.0008042956926926436,0.002515406886232085,-0.0031164313920141575,0.005318137228771643,0.003319702578924729,0.008434568620785801,0.0,1.0,-0.0025416993051632216,-0.002590194779692127,0.002590194779692127,6.709108996744346e-06,0.12214556790502958,0.05,2.4429113581005915,0.12214556790502958,0.05,2.4429113581005915,0.2649135619547513,0.07916602140917442,0.12558908396532845,0.12558908396532845,strong,full_curve,50,0.00048558270263661916
61,peak_time,27.0,33.45,34.0,7.932002689527196,30.0,38.0,23.75,44.05,8.0,20.299999999999997,0.0,1.0,6.450000000000003,7.0,7.0,49.0,0.20226992183581916,0.13739596335216572,1.4721678636028928,0.20226992183581916,0.13739596335216572,1.4721678636028928,0.7003569837557189,0.29900085689179645,0.12805900535885484,0.12805900535885484,strong,full_curve,50,0.0009185483093069026
61,peak_height,0.08681220561265945,0.1373964361473918,0.12620840221643448,0.060231400150180456,0.09313949756324291,0.16743995621800423,0.05801219344139099,0.2506491884589195,0.07430045865476131,0.19263699501752848,0.0,1.0,0.05058423053473235,0.039396196603775024,0.039396196603775024,0.0015520603068432948,0.20226992183581916,0.13739596335216572,1.4721678636028928,0.20226992183581916,0.13739596335216572,1.4721678636028928,0.7003569837557189,0.29900085689179645,0.12805900535885484,0.12805900535885484,strong,full_curve,50,0.0009185483093069026
61,cumulative_infected,2.036603394895792,3.1607082973991987,2.997408405994065,1.7182403504519395,1.7009945109020919,4.227868799207499,0.8072895565768704,6.344707237067632,2.5268742883054074,5.537417680490761,1.0,1.0,1.1241049025034067,0.9608050110982731,0.9608050110982731,0.9231462693515526,0.20226992183581916,0.13739596335216572,1.4721678636028928,0.20226992183581916,0.13739596335216572,1.4721678636028928,0.7003569837557189,0.29900085689179645,0.12805900535885484,0.12805900535885484,strong,full_curve,50,0.0009185483093069026
61,early_growth_slope,0.0002543953679768107,0.0013550504824836808,0.0012802112739466664,0.00268061115585702,-0.0003977507930401406,0.0036485549093673137,-0.0032096597658459155,0.005299717073129223,0.004046305702407454,0.008509376838975138,1.0,1.0,0.0011006551145068702,0.0010258159059698558,0.0010258159059698558,1.052298272940756e-06,0.20226992183581916,0.13739596335216572,1.4721678636028928,0.20226992183581916,0.13739596335216572,1.4721678636028928,0.7003569837557189,0.29900085689179645,0.12805900535885484,0.12805900535885484,strong,full_curve,50,0.0009185483093069026
62,peak_time,30.0,24.25,22.0,15.568275823648941,11.0,38.25,1.0,48.05,27.25,47.05,1.0,1.0,-5.75,-8.0,8.0,64.0,0.2572159677096361,0.3990994808686404,0.6444908601479644,0.2572159677096361,0.3990994808686404,0.6444908601479644,0.2646825586056971,0.41973841346390484,0.1600740563025469,0.1600740563025469,strong,full_curve,50,3.4342048900346084e-05
62,peak_height,0.056115973740816116,0.0533174055442214,0.04767557792365551,0.019044978695206986,0.0421350235119462,0.05843896884471178,0.03461842499673366,0.09094320237636565,0.01630394533276558,0.056324777379631985,1.0,1.0,-0.002798568196594714,-0.008440395817160606,0.008440395817160606,7.124028155034226e-05,0.2572159677096361,0.3990994808686404,0.6444908601479644,0.2572159677096361,0.3990994808686404,0.6444908601479644,0.2646825586056971,0.41973841346390484,0.1600740563025469,0.1600740563025469,strong,full_curve,50,3.4342048900346084e-05
62,cumulative_infected,0.3513740998751018,0.5937309873212189,0.4704552106704796,0.4273771594340214,0.4089203385010478,0.5572030198455877,0.31092380052832597,1.447241836925967,0.14828268134453992,1.136318036397641,0.0,1.0,0.24235688744611705,0.11908111079537775,0.11908111079537775,0.014180310948261032,0.2572159677096361,0.3990994808686404,0.6444908601479644,0.2572159677096361,0.3990994808686404,0.6444908601479644,0.2646825586056971,0.41973841346390484,0.1600740563025469,0.1600740563025469,strong,full_curve,50,3.4342048900346084e-05
62,early_growth_slope,-4.016556998803406e-05,-0.0006047752093599264,-0.0005143976470987711,0.0021029715063703514,-0.0019346599250898802,0.0009698753447515792,-0.004090925143100318,0.002248987379685525,0.0029045352698414593,0.006339912522785842,1.0,1.0,-0.0005646096393718923,-0.00047423207711073706,0.00047423207711073706,2.2489606296076405e-07,0.2572159677096361,0.3990994808686404,0.6444908601479644,0.2572159677096361,0.3990994808686404,0.6444908601479644,0.2646825586056971,0.41973841346390484,0.1600740563025469,0.1600740563025469,strong,full_curve,50,3.4342048900346084e-05
63,peak_time,18.0,23.42,23.0,15.458762348044988,9.75,38.0,1.0,47.0,28.25,46.0,1.0,1.0,5.420000000000002,5.0,5.0,25.0,0.16220711057247142,0.4911684495659578,0.33024741453937595,0.16220711057247142,0.4911684495659578,0.33024741453937595,0.18023012285830156,0.4911684495659578,0.0869756060114371,0.0869756060114371,strong,full_curve,50,1.008392967226715e-05
63,peak_height,0.03555207699537277,0.05524228263646364,0.0510550569742918,0.024516754336416886,0.044116415083408356,0.058097911067306995,0.03411830775439739,0.09815041534602635,0.01398149598389864,0.06403210759162896,0.0,1.0,0.01969020564109087,0.01550297997891903,0.01550297997891903,0.00024034238822676426,0.16220711057247142,0.4911684495659578,0.33024741453937595,0.16220711057247142,0.4911684495659578,0.33024741453937595,0.18023012285830156,0.4911684495659578,0.0869756060114371,0.0869756060114371,strong,full_curve,50,1.008392967226715e-05
63,cumulative_infected,0.4479135209694505,0.6666806873087581,0.5138227920397185,0.545154247186324,0.40698257349140476,0.6452712371828966,0.334143309371575,1.7098501928034227,0.23828866369149182,1.3757068834318478,1.0,1.0,0.2187671663393076,0.065909271070268,0.065909271070268,0.004344032013014067,0.16220711057247142,0.4911684495659578,0.33024741453937595,0.16220711057247142,0.4911684495659578,0.33024741453937595,0.18023012285830156,0.4911684495659578,0.0869756060114371,0.0869756060114371,strong,full_curve,50,1.008392967226715e-05
63,early_growth_slope,-0.0014974423018949351,4.293791186163292e-05,5.4128343219331164e-05,0.002032179493533463,-0.001467823680113291,0.0015127326156895533,-0.0034862297365353193,0.003055221847413728,0.0029805562958028445,0.006541451583949047,0.0,1.0,0.001540380213756568,0.0015515706451142662,0.0015515706451142662,2.4073714667803004e-06,0.16220711057247142,0.4911684495659578,0.33024741453937595,0.16220711057247142,0.4911684495659578,0.33024741453937595,0.18023012285830156,0.4911684495659578,0.0869756060114371,0.0869756060114371,strong,full_curve,50,1.008392967226715e-05
64,peak_time,43.0,23.12,25.0,15.767425825787706,9.0,36.25,0.0,48.0,27.25,48.0,0.0,1.0,-19.88,-18.0,18.0,324.0,0.20048458080455006,0.4610260548348469,0.4348660530181305,0.20048458080455006,0.4610260548348469,0.4348660530181305,0.20604497676663075,0.476769940406168,0.13190681930556472,0.13190681930556472,strong,full_curve,50,1.3765684208410153e-05
64,peak_height,0.06146887317299843,0.05397203613072634,0.04893925413489342,0.021224494755754428,0.04401139169931412,0.0576028423383832,0.03611632566899061,0.08861137963831422,0.01359145063906908,0.052495053969323614,0.0,1.0,-0.007496837042272088,-0.012529619038105011,0.012529619038105011,0.00015699135324004354,0.20048458080455006,0.4610260548348469,0.4348660530181305,0.20048458080455006,0.4610260548348469,0.4348660530181305,0.20604497676663075,0.476769940406168,0.13190681930556472,0.13190681930556472,strong,full_curve,50,1.3765684208410153e-05
64,cumulative_infected,0.4767267665883992,0.6347435047849785,0.5003514878335409,0.4870788446911611,0.43627652522627614,0.6026666944635508,0.35006649733777523,1.4227553487988185,0.16639016923727468,1.0726888514610433,1.0,1.0,0.15801673819657935,0.0236247212451417,0.0236247212451417,0.0005581274539106496,0.20048458080455006,0.4610260548348469,0.4348660530181305,0.20048458080455006,0.4610260548348469,0.4348660530181305,0.20604497676663075,0.476769940406168,0.13190681930556472,0.13190681930556472,strong,full_curve,50,1.3765684208410153e-05
64,early_growth_slope,0.0021823751165010482,-0.0007103201511494081,-0.0005959139456362676,0.0021256763121398885,-0.0019167568700920253,0.0006916896167067113,-0.004883595605358656,0.0024705757769489926,0.0026084464867987367,0.007354171382307649,0.0,1.0,-0.0028926952676504563,-0.002778289062137316,0.002778289062137316,7.718890112791847e-06,0.20048458080455006,0.4610260548348469,0.4348660530181305,0.20048458080455006,0.4610260548348469,0.4348660530181305,0.20604497676663075,0.476769940406168,0.13190681930556472,0.13190681930556472,strong,full_curve,50,1.3765684208410153e-05
65,peak_time,16.0,23.84,23.5,16.309952343723925,8.5,40.0,1.0,47.05,31.5,46.05,1.0,1.0,7.84,7.5,7.5,56.25,0.1,0.09039092056252324,1.106305803477576,0.1,0.09039092056252324,1.106305803477576,0.45506193698004505,0.2771052478890465,0.08996923289974,0.08996923289974,strong,full_curve,50,0.0005697316338097567
65,peak_height,0.05016661807894707,0.056861735712736845,0.049755800515413284,0.028263576761914596,0.0432644747197628,0.059243024326860905,0.03527589477598667,0.12261896282434463,0.015978549607098103,0.08734306804835795,1.0,1.0,0.006695117633789778,-0.00041081756353378296,0.00041081756353378296,1.687710705078338e-07,0.1,0.09039092056252324,1.106305803477576,0.1,0.09039092056252324,1.106305803477576,0.45506193698004505,0.2771052478890465,0.08996923289974,0.08996923289974,strong,full_curve,50,0.0005697316338097567
65,cumulative_infected,0.6506107029272243,0.7296433217645972,0.5071425863134209,0.7105311083109144,0.4188526008001645,0.6708295200260181,0.3257838232413633,2.110302577889524,0.25197691922585363,1.784518754648161,1.0,1.0,0.07903261883737289,-0.14346811661380343,0.14346811661380343,0.0205831004847119,0.1,0.09039092056252324,1.106305803477576,0.1,0.09039092056252324,1.106305803477576,0.45506193698004505,0.2771052478890465,0.08996923289974,0.08996923289974,strong,full_curve,50,0.0005697316338097567
65,early_growth_slope,0.00020802438735873218,-0.0002248336002241465,-0.0003406245211538464,0.0022185777040024087,-0.0017895723569727974,0.0011080789117841052,-0.0036101798016932715,0.0031373826504152787,0.0028976512687569024,0.006747562452108551,1.0,1.0,-0.0004328579875828787,-0.0005486489085125786,0.0005486489085125786,3.010156248120439e-07,0.1,0.09039092056252324,1.106305803477576,0.1,0.09039092056252324,1.106305803477576,0.45506193698004505,0.2771052478890465,0.08996923289974,0.08996923289974,strong,full_curve,50,0.0005697316338097567
66,peak_time,20.0,23.79,24.0,1.736680916593663,23.0,25.0,21.0,27.0,2.0,6.0,0.0,0.0,3.789999999999999,4.0,4.0,16.0,0.33364896050421405,0.05350829773465181,6.235462061581227,0.33364896050421405,0.05350829773465181,6.235462061581227,0.9749752366163381,0.054277529618968326,0.18813786934015647,0.18813786934015647,strong,full_curve,50,0.000745243468449216
66,peak_height,0.5576991438865662,0.5547112256288529,0.5553416907787323,0.025952455402274453,0.5380085557699203,0.5723089873790741,0.5162985742092132,0.6010433346033096,0.03430043160915375,0.0847447603940964,1.0,1.0,-0.0029879182577132735,-0.0023574531078338623,0.0023574531078338623,5.557585155635536e-06,0.33364896050421405,0.05350829773465181,6.235462061581227,0.33364896050421405,0.05350829773465181,6.235462061581227,0.9749752366163381,0.054277529618968326,0.18813786934015647,0.18813786934015647,strong,full_curve,50,0.000745243468449216
66,cumulative_infected,15.269971519708633,14.713425122607687,14.812349393265322,0.6426372229550252,14.371494178689318,15.099176654359326,13.65378032309236,15.583846149529336,0.727682475670008,1.9300658264369766,0.0,1.0,-0.5565463971009468,-0.45762212644331157,0.45762212644331157,0.20941801061049825,0.33364896050421405,0.05350829773465181,6.235462061581227,0.33364896050421405,0.05350829773465181,6.235462061581227,0.9749752366163381,0.054277529618968326,0.18813786934015647,0.18813786934015647,strong,full_curve,50,0.000745243468449216
66,early_growth_slope,0.0029164813237176073,0.006620612174588564,0.006645999244591663,0.0027813172969897854,0.004789704307248549,0.008359448659965501,0.0016649192404223703,0.011972818332946014,0.0035697443527169517,0.010307899092523644,0.0,1.0,0.0037041308508709565,0.003729517920874056,0.003729517920874056,1.3909303922120743e-05,0.33364896050421405,0.05350829773465181,6.235462061581227,0.33364896050421405,0.05350829773465181,6.235462061581227,0.9749752366163381,0.054277529618968326,0.18813786934015647,0.18813786934015647,strong,full_curve,50,0.000745243468449216
67,peak_time,47.0,45.56,47.0,5.703658227113294,44.0,48.25,39.0,49.0,4.25,10.0,1.0,1.0,-1.4399999999999977,0.0,0.0,0.0,0.15281835323220905,0.06395198817888245,2.389579395166812,0.15281835323220905,0.06395198817888245,2.389579395166812,0.33036949836942814,0.09654702655141985,0.14740209650130742,0.14740209650130742,strong,full_curve,50,0.0006295296907704136
67,peak_height,0.22859789431095123,0.285304911211133,0.3151172995567322,0.08240296135356494,0.23565563187003136,0.3442489355802536,0.09701260067522526,0.3788623422384262,0.10859330371022224,0.2818497415632009,0.0,1.0,0.05670701690018176,0.08651940524578094,0.08651940524578094,0.007485607484083667,0.15281835323220905,0.06395198817888245,2.389579395166812,0.15281835323220905,0.06395198817888245,2.389579395166812,0.33036949836942814,0.09654702655141985,0.14740209650130742,0.14740209650130742,strong,full_curve,50,0.0006295296907704136
67,cumulative_infected,4.1701289063785225,5.773064634703619,6.081743652001023,1.8879282174825571,4.5760251531610265,7.233661148871761,1.6713749301248755,8.398775726143503,2.6576359957107343,6.727400796018628,0.0,1.0,1.6029357283250967,1.9116147456225008,1.9116147456225008,3.6542709356813785,0.15281835323220905,0.06395198817888245,2.389579395166812,0.15281835323220905,0.06395198817888245,2.389579395166812,0.33036949836942814,0.09654702655141985,0.14740209650130742,0.14740209650130742,strong,full_curve,50,0.0006295296907704136
67,early_growth_slope,0.0011578473162704285,0.0012950258456603915,0.0012124550717306283,0.002418120433620356,-0.0003411288933074542,0.0029099042247556404,-0.0028772926294810246,0.005117321901100996,0.0032510331180630944,0.00799461453058202,1.0,1.0,0.00013717852938996303,5.460775546019974e-05,5.460775546019974e-05,2.9820069564009746e-09,0.15281835323220905,0.06395198817888245,2.389579395166812,0.15281835323220905,0.06395198817888245,2.389579395166812,0.33036949836942814,0.09654702655141985,0.14740209650130742,0.14740209650130742,strong,full_curve,50,0.0006295296907704136
68,peak_time,30.0,29.88,30.0,3.0559760959454345,28.0,31.0,25.0,34.0,3.0,9.0,1.0,1.0,-0.120000000000001,0.0,0.0,0.0,0.2914137525908348,0.13137263369289667,2.218222657178803,0.2914137525908348,0.13137263369289667,2.218222657178803,0.9420416073172487,0.16360637129088174,0.11323656190783785,0.11323656190783785,strong,full_curve,50,0.0025994521012223954
68,peak_height,0.2296237349510193,0.24805787831544876,0.24422688782215118,0.0335598073539659,0.22132866457104683,0.273073747754097,0.19510301277041436,0.2995974004268646,0.051745083183050156,0.10449438765645025,1.0,1.0,0.018434143364429473,0.014603152871131897,0.014603152871131897,0.00021325207377764777,0.2914137525908348,0.13137263369289667,2.218222657178803,0.2914137525908348,0.13137263369289667,2.218222657178803,0.9420416073172487,0.16360637129088174,0.11323656190783785,0.11323656190783785,strong,full_curve,50,0.0025994521012223954
68,cumulative_infected,5.475718916859478,6.271933118808956,6.342847817810252,0.8322716521171645,5.668109533260576,6.9093945079657715,4.7781622563605195,7.416564620798454,1.241284974705195,2.638402364437934,0.0,1.0,0.7962142019494785,0.8671289009507746,0.8671289009507746,0.7519125308640981,0.2914137525908348,0.13137263369289667,2.218222657178803,0.2914137525908348,0.13137263369289667,2.218222657178803,0.9420416073172487,0.16360637129088174,0.11323656190783785,0.11323656190783785,strong,full_curve,50,0.0025994521012223954
68,early_growth_slope,-0.0026484359654464873,0.0023137971596185842,0.002181597943750344,0.0027894519252495273,0.00047673791422788694,0.004224439690698913,-0.002433050020841791,0.006663481701564575,0.003747701776471026,0.009096531722406365,0.0,0.0,0.004962233125065071,0.004830033909196832,0.004830033909196832,2.3329227563991227e-05,0.2914137525908348,0.13137263369289667,2.218222657178803,0.2914137525908348,0.13137263369289667,2.218222657178803,0.9420416073172487,0.16360637129088174,0.11323656190783785,0.11323656190783785,strong,full_curve,50,0.0025994521012223954
69,peak_time,37.0,41.25,41.0,4.255418411694185,39.0,44.0,34.9,48.0,5.0,13.100000000000001,0.0,1.0,4.25,4.0,4.0,16.0,0.19063013643788987,0.10161511231266078,1.8760018278712094,0.19063013643788987,0.10161511231266078,1.8760018278712094,0.6258234853518522,0.16388664367898156,0.0916560495631653,0.0916560495631653,strong,full_curve,50,0.0015532812245725985
69,peak_height,0.1579042673110962,0.2960035504773259,0.3153471201658249,0.08474156474261652,0.2484566755592823,0.35911694169044495,0.10516555309295654,0.397633022069931,0.11066026613116264,0.29246746897697445,0.0,1.0,0.1380992831662297,0.1574428528547287,0.1574428528547287,0.024788251915035753,0.19063013643788987,0.10161511231266078,1.8760018278712094,0.19063013643788987,0.10161511231266078,1.8760018278712094,0.6258234853518522,0.16388664367898156,0.0916560495631653,0.0916560495631653,strong,full_curve,50,0.0015532812245725985
69,cumulative_infected,3.6021339388098568,6.97814205327566,7.662355191539973,2.1262032237620523,5.687041207915172,8.468451851222198,2.1931155424215834,9.170622437680139,2.7814106433070265,6.977506895258555,0.0,1.0,3.3760081144658036,4.060221252730116,4.060221252730116,16.485396621121314,0.19063013643788987,0.10161511231266078,1.8760018278712094,0.19063013643788987,0.10161511231266078,1.8760018278712094,0.6258234853518522,0.16388664367898156,0.0916560495631653,0.0916560495631653,strong,full_curve,50,0.0015532812245725985
69,early_growth_slope,-7.300035871421271e-05,0.0015284293786854025,0.0013856155329406085,0.0025201336115678492,-6.313596202831074e-05,0.003120184562812072,-0.0025032492201370613,0.005831990517686962,0.003183320524840383,0.008335239737824024,0.0,1.0,0.0016014297373996152,0.0014586158916548213,0.0014586158916548213,2.1275603193879893e-06,0.19063013643788987,0.10161511231266078,1.8760018278712094,0.19063013643788987,0.10161511231266078,1.8760018278712094,0.6258234853518522,0.16388664367898156,0.0916560495631653,0.0916560495631653,strong,full_curve,50,0.0015532812245725985
70,peak_time,49.0,30.74,34.5,14.787805513976437,23.0,43.0,2.0,48.05,20.0,46.05,0.0,0.0,-18.26,-14.5,14.5,210.25,0.1,0.06870520716194647,1.4554937555793686,0.1,0.06870520716194647,1.4554937555793686,0.8754213937783283,0.3963770931325158,0.09087802622981582,0.09087802622981582,strong,full_curve,50,0.000823243727522293
70,peak_height,0.0807238295674324,0.0806972112134099,0.05674071982502937,0.05013771918723637,0.04654499888420105,0.1045062467455864,0.03840481825172901,0.1821853369474411,0.057961247861385345,0.1437805186957121,1.0,1.0,-2.6618354022497903e-05,-0.02398310974240303,0.02398310974240303,0.0005751895529161472,0.1,0.06870520716194647,1.4554937555793686,0.1,0.06870520716194647,1.4554937555793686,0.8754213937783283,0.3963770931325158,0.09087802622981582,0.09087802622981582,strong,full_curve,50,0.000823243727522293
70,cumulative_infected,1.1079999739886262,1.3121932821125848,0.699346756155137,1.1665806648651666,0.47419802334479755,1.9648846026975662,0.34293141603920957,3.687765395187307,1.4906865793527686,3.3448339791480977,1.0,1.0,0.20419330812395864,-0.4086532178334892,0.4086532178334892,0.16699745244566516,0.1,0.06870520716194647,1.4554937555793686,0.1,0.06870520716194647,1.4554937555793686,0.8754213937783283,0.3963770931325158,0.09087802622981582,0.09087802622981582,strong,full_curve,50,0.000823243727522293
70,early_growth_slope,0.002320000692547876,0.00011503313219994558,0.00016641512463268517,0.00222646102447826,-0.001334708371099881,0.0019383121467572407,-0.0039714652441381,0.0031191552851807837,0.0032730205178571215,0.007090620529318884,0.0,1.0,-0.0022049675603479303,-0.0021535855679151905,0.0021535855679151905,4.637930798332594e-06,0.1,0.06870520716194647,1.4554937555793686,0.1,0.06870520716194647,1.4554937555793686,0.8754213937783283,0.3963770931325158,0.09087802622981582,0.09087802622981582,strong,full_curve,50,0.000823243727522293
71,peak_time,49.0,45.68,47.0,6.263377602372301,45.0,49.0,42.0,49.0,4.0,7.0,1.0,1.0,-3.3200000000000003,-2.0,2.0,4.0,0.1487962265043015,0.05,2.9759245300860298,0.1487962265043015,0.05,2.9759245300860298,0.3543213304237225,0.06538853020727937,0.10703255113697739,0.10703255113697739,strong,full_curve,50,0.001644517335715489
71,peak_height,0.3383643329143524,0.2699178289249539,0.29270046949386597,0.08677338794709272,0.22414353117346764,0.3310004398226738,0.10999579764902592,0.37844901233911515,0.10685690864920616,0.2684532146900892,0.0,1.0,-0.0684465039893985,-0.04566386342048645,0.04566386342048645,0.0020851884224848405,0.1487962265043015,0.05,2.9759245300860298,0.1487962265043015,0.05,2.9759245300860298,0.3543213304237225,0.06538853020727937,0.10703255113697739,0.10703255113697739,strong,full_curve,50,0.001644517335715489
71,cumulative_infected,5.718056407989934,5.255613710266334,5.549906960804947,1.982997630362013,3.9877711415756494,6.675356206251308,1.9614305934985168,8.441211556736379,2.687585064675659,6.479780963237862,1.0,1.0,-0.4624426977236,-0.16814944718498737,0.16814944718498737,0.028274236588616854,0.1487962265043015,0.05,2.9759245300860298,0.1487962265043015,0.05,2.9759245300860298,0.3543213304237225,0.06538853020727937,0.10703255113697739,0.10703255113697739,strong,full_curve,50,0.001644517335715489
71,early_growth_slope,-0.0026524350756690594,0.00140326855770235,0.0017033350609597705,0.002432627478582235,-0.0002224174351708593,0.0026662062484233283,-0.002505302700280609,0.005942586313245727,0.0028886236835941877,0.008447889013526336,0.0,0.0,0.00405570363337141,0.00435577013662883,0.00435577013662883,1.8972733483147535e-05,0.1487962265043015,0.05,2.9759245300860298,0.1487962265043015,0.05,2.9759245300860298,0.3543213304237225,0.06538853020727937,0.10703255113697739,0.10703255113697739,strong,full_curve,50,0.001644517335715489
72,peak_time,38.0,22.11,21.5,14.55043128244144,7.0,34.0,1.9500000000000002,46.0,27.0,44.05,0.0,1.0,-15.89,-16.5,16.5,272.25,0.1992490283946384,0.1587091798023181,1.2554348062463376,0.1992490283946384,0.1587091798023181,1.2554348062463376,0.7786284762138673,0.4637892547863957,0.19113745191985748,0.19113745191985748,strong,full_curve,50,0.00047885067699504836
72,peak_height,0.07332706451416016,0.060307217184454205,0.052383389323949814,0.02894468406373027,0.04387121647596359,0.06385423615574837,0.03600368704646826,0.12178308628499504,0.019983019679784775,0.08577939923852679,0.0,1.0,-0.013019847329705951,-0.020943675190210342,0.020943675190210342,0.0004386375304730322,0.1992490283946384,0.1587091798023181,1.2554348062463376,0.1992490283946384,0.1587091798023181,1.2554348062463376,0.7786284762138673,0.4637892547863957,0.19113745191985748,0.19113745191985748,strong,full_curve,50,0.00047885067699504836
72,cumulative_infected,0.861781561456155,0.8316369906343971,0.5527535828587133,0.8015292946944984,0.4690806667567813,0.7745168804531204,0.3590076426964515,2.432027238304726,0.3054362136963391,2.073019595608274,0.0,1.0,-0.03014457082175792,-0.3090279785974417,0.3090279785974417,0.09549829155602088,0.1992490283946384,0.1587091798023181,1.2554348062463376,0.1992490283946384,0.1587091798023181,1.2554348062463376,0.7786284762138673,0.4637892547863957,0.19113745191985748,0.19113745191985748,strong,full_curve,50,0.00047885067699504836
72,early_growth_slope,0.00021603645984127797,-1.4943484861110025e-05,-0.0002079049771141612,0.0024370870197881994,-0.0014185912282084147,0.00184168700486355,-0.003878689302308926,0.003620835914764373,0.0032602782330719646,0.0074995252170732985,1.0,1.0,-0.000230979944702388,-0.00042394143695543917,0.00042394143695543917,1.797263419678426e-07,0.1992490283946384,0.1587091798023181,1.2554348062463376,0.1992490283946384,0.1587091798023181,1.2554348062463376,0.7786284762138673,0.4637892547863957,0.19113745191985748,0.19113745191985748,strong,full_curve,50,0.00047885067699504836
73,peak_time,0.0,23.04,21.5,15.84898429017781,8.0,39.25,1.0,46.05,31.25,45.05,0.0,0.0,23.04,21.5,21.5,462.25,0.1,0.16629516099520963,0.6013404082328087,0.1,0.16629516099520963,0.6013404082328087,0.2265160777470478,0.2981741593656002,0.14657981823886546,0.14657981823886546,strong,full_curve,50,5.792369458063762e-05
73,peak_height,0.030158521607518196,0.05181933131068945,0.04781079478561878,0.017214380432891856,0.0412633353844285,0.05516625847667456,0.03176268953830004,0.08758510835468769,0.013902923092246056,0.05582241881638765,0.0,0.0,0.021660809703171253,0.017652273178100586,0.017652273178100586,0.00031160274835428936,0.1,0.16629516099520963,0.6013404082328087,0.1,0.16629516099520963,0.6013404082328087,0.2265160777470478,0.2981741593656002,0.14657981823886546,0.14657981823886546,strong,full_curve,50,5.792369458063762e-05
73,cumulative_infected,0.2733298290986568,0.5710398029426506,0.45416847450542264,0.39419917568338503,0.36270528924796963,0.5579788067479967,0.2727565152083116,1.4959230481181292,0.19527351750002708,1.2231665329098176,0.0,1.0,0.2977099738439938,0.18083864540676586,0.18083864540676586,0.032702615672554,0.1,0.16629516099520963,0.6013404082328087,0.1,0.16629516099520963,0.6013404082328087,0.2265160777470478,0.2981741593656002,0.14657981823886546,0.14657981823886546,strong,full_curve,50,5.792369458063762e-05
73,early_growth_slope,-0.003168339957483111,1.2762759890306775e-05,0.00023912786162414074,0.0018961031178405922,-0.0013050378620391699,0.0014465008649234994,-0.0032790122918196964,0.002621983467057967,0.0027515387269626693,0.005900995758877663,0.0,1.0,0.003181102717373418,0.0034074678191072516,0.0034074678191072516,1.1610836938251529e-05,0.1,0.16629516099520963,0.6013404082328087,0.1,0.16629516099520963,0.6013404082328087,0.2265160777470478,0.2981741593656002,0.14657981823886546,0.14657981823886546,strong,full_curve,50,5.792369458063762e-05
74,peak_time,34.0,21.84,20.0,14.864179707734912,10.0,33.5,0.0,47.05,23.5,47.05,0.0,1.0,-12.16,-14.0,14.0,196.0,0.1,0.16758014947211025,0.5967293877885139,0.1,0.16758014947211025,0.5967293877885139,0.1339396253054035,0.22905440706409586,0.19023042198842627,0.19023042198842627,strong,full_curve,50,9.517291182806945e-06
74,peak_height,0.06482483446598053,0.051046176627278325,0.04839746467769146,0.013275268261510648,0.04227827303111553,0.05801522824913263,0.03498228583484888,0.07132923007011413,0.0157369552180171,0.03634694423526525,0.0,1.0,-0.013778657838702205,-0.01642736978828907,0.01642736978828907,0.0002698584781611925,0.1,0.16758014947211025,0.5967293877885139,0.1,0.16758014947211025,0.5967293877885139,0.1339396253054035,0.22905440706409586,0.19023042198842627,0.19023042198842627,strong,full_curve,50,9.517291182806945e-06
74,cumulative_infected,0.436097560741473,0.5737711328023807,0.49044658298953436,0.31799200875020217,0.4067439228783769,0.6319736532168463,0.2980762329912977,1.0047858881414866,0.22522973033846938,0.7067096551501889,1.0,1.0,0.1376735720609077,0.054349022248061374,0.054349022248061374,0.00295381621932027,0.1,0.16758014947211025,0.5967293877885139,0.1,0.16758014947211025,0.5967293877885139,0.1339396253054035,0.22905440706409586,0.19023042198842627,0.19023042198842627,strong,full_curve,50,9.517291182806945e-06
74,early_growth_slope,-0.0019267826075000407,-0.0004428320023617151,-0.0003575179143808779,0.0020763758399937452,-0.0016229466966164855,0.0008859296185186219,-0.004314107819421525,0.0028640208358410744,0.0025088763151351074,0.007178128655262599,0.0,1.0,0.0014839506051383257,0.0015692646931191627,0.0015692646931191627,2.4625916770703797e-06,0.1,0.16758014947211025,0.5967293877885139,0.1,0.16758014947211025,0.5967293877885139,0.1339396253054035,0.22905440706409586,0.19023042198842627,0.19023042198842627,strong,full_curve,50,9.517291182806945e-06
75,peak_time,26.0,27.61,28.0,4.458325545164537,25.0,30.0,20.0,36.0,5.0,16.0,1.0,1.0,1.6099999999999994,2.0,2.0,4.0,0.3268942953531838,0.2110511922819404,1.5488862764465705,0.3268942953531838,0.2110511922819404,1.5488862764465705,0.8837552333949886,0.3423941073268198,0.17787574044111534,0.17787574044111534,strong,full_curve,50,0.0016454505919545734
75,peak_height,0.12292304635047913,0.12890734873712062,0.12831541150808334,0.025569066445979158,0.10868746042251587,0.14838211610913277,0.092489068582654,0.17075820043683052,0.0396946556866169,0.07826913185417651,1.0,1.0,0.0059843023866414935,0.0053923651576042175,0.0053923651576042175,2.9077601992943958e-05,0.3268942953531838,0.2110511922819404,1.5488862764465705,0.3268942953531838,0.2110511922819404,1.5488862764465705,0.8837552333949886,0.3423941073268198,0.17787574044111534,0.17787574044111534,strong,full_curve,50,0.0016454505919545734
75,cumulative_infected,2.4352559035178274,2.9733272602630314,2.9606820214539766,0.5930104299281533,2.5184380435966887,3.4290576961357147,2.168372023489792,3.9696931875776498,0.910619652539026,1.8013211640878577,0.0,1.0,0.538071356745204,0.5254261179361492,0.5254261179361492,0.2760726054094522,0.3268942953531838,0.2110511922819404,1.5488862764465705,0.3268942953531838,0.2110511922819404,1.5488862764465705,0.8837552333949886,0.3423941073268198,0.17787574044111534,0.17787574044111534,strong,full_curve,50,0.0016454505919545734
75,early_growth_slope,0.0005888535497000527,0.0016458272446609398,0.0020584039323564085,0.002448075779517503,-5.758143933711513e-05,0.003288832856231324,-0.00290474373309518,0.00498529258904801,0.003346414295568439,0.00789003632214319,1.0,1.0,0.0010569736949608871,0.0014695503826563558,0.0014695503826563558,2.159578327165442e-06,0.3268942953531838,0.2110511922819404,1.5488862764465705,0.3268942953531838,0.2110511922819404,1.5488862764465705,0.8837552333949886,0.3423941073268198,0.17787574044111534,0.17787574044111534,strong,full_curve,50,0.0016454505919545734
76,peak_time,16.0,23.89,22.0,15.95378109769378,9.75,40.0,1.0,48.0,30.25,47.0,1.0,1.0,7.890000000000001,6.0,6.0,36.0,0.1,0.22028034843193275,0.4539669594307923,0.1,0.22028034843193275,0.4539669594307923,0.34589702627104435,0.41156801759521217,0.10148302627337379,0.10148302627337379,strong,full_curve,50,0.00010036211497672536
76,peak_height,0.046652525663375854,0.05237505476921797,0.049711303785443306,0.013821360582124428,0.044117155484855175,0.056925324723124504,0.03627640604972839,0.08028882853686807,0.012808169238269329,0.04401242248713968,1.0,1.0,0.005722529105842117,0.0030587781220674515,0.0030587781220674515,9.356123600038485e-06,0.1,0.22028034843193275,0.4539669594307923,0.1,0.22028034843193275,0.4539669594307923,0.34589702627104435,0.41156801759521217,0.10148302627337379,0.10148302627337379,strong,full_curve,50,0.00010036211497672536
76,cumulative_infected,0.3653504156973213,0.5925212935973104,0.4825464292662218,0.37526852646619674,0.40453915670696006,0.5872998726044898,0.29493171156700554,1.4496674170954056,0.18276071589752974,1.1547357055284,0.0,1.0,0.22717087789998913,0.11719601356890053,0.11719601356890053,0.013734905596441915,0.1,0.22028034843193275,0.4539669594307923,0.1,0.22028034843193275,0.4539669594307923,0.34589702627104435,0.41156801759521217,0.10148302627337379,0.10148302627337379,strong,full_curve,50,0.00010036211497672536
76,early_growth_slope,-0.0007221281934692203,-0.0003864878170350572,-0.0006040938924776288,0.0022154161960119003,-0.0018419824842740538,0.0011847186002082058,-0.0037292094551958127,0.003457598174766947,0.0030267010844822594,0.00718680762996276,1.0,1.0,0.0003356403764341631,0.0001180343009915915,0.0001180343009915915,1.393209621057362e-08,0.1,0.22028034843193275,0.4539669594307923,0.1,0.22028034843193275,0.4539669594307923,0.34589702627104435,0.41156801759521217,0.10148302627337379,0.10148302627337379,strong,full_curve,50,0.00010036211497672536
77,peak_time,48.0,44.15,45.5,5.099762323635853,42.0,48.0,34.95,49.0,6.0,14.049999999999997,1.0,1.0,-3.8500000000000014,-2.5,2.5,6.25,0.15339581460880072,0.07284951189269001,2.1056532929796203,0.15339581460880072,0.07284951189269001,2.1056532929796203,0.33715686116769167,0.11698283539278781,0.15392574825763727,0.15392574825763727,strong,full_curve,50,0.0004984463064708975
77,peak_height,0.17864643037319183,0.2790454459935427,0.3084005117416382,0.08566819196718045,0.22110677137970924,0.3448944464325905,0.11879938989877702,0.37503395676612855,0.12378767505288124,0.2562345668673515,0.0,1.0,0.10039901562035086,0.12975408136844635,0.12975408136844635,0.016836121631769396,0.15339581460880072,0.07284951189269001,2.1056532929796203,0.15339581460880072,0.07284951189269001,2.1056532929796203,0.33715686116769167,0.11698283539278781,0.15392574825763727,0.15392574825763727,strong,full_curve,50,0.0004984463064708975
77,cumulative_infected,3.36049957992509,6.0037839882587285,6.551578507773229,2.0916082202452837,4.615077661816031,7.475492565194145,2.309562155313324,8.449611715902574,2.860414903378114,6.140049560589249,0.0,1.0,2.6432844083336384,3.191078927848139,3.191078927848139,10.182984723756427,0.15339581460880072,0.07284951189269001,2.1056532929796203,0.15339581460880072,0.07284951189269001,2.1056532929796203,0.33715686116769167,0.11698283539278781,0.15392574825763727,0.15392574825763727,strong,full_curve,50,0.0004984463064708975
77,early_growth_slope,0.0016982594305383306,0.001300001726032774,0.0011103743246556933,0.0024853556181319483,-0.0005055591176469092,0.0027214755079642463,-0.002486724732998046,0.005574293390686978,0.0032270346256111555,0.008061018123685024,1.0,1.0,-0.0003982577045055567,-0.0005878851058826373,0.0005878851058826373,3.456088977186397e-07,0.15339581460880072,0.07284951189269001,2.1056532929796203,0.15339581460880072,0.07284951189269001,2.1056532929796203,0.33715686116769167,0.11698283539278781,0.15392574825763727,0.15392574825763727,strong,full_curve,50,0.0004984463064708975
78,peak_time,30.0,27.39,27.0,2.7593550703090757,25.0,29.0,23.95,31.0,4.0,7.050000000000001,0.0,1.0,-2.6099999999999994,-3.0,3.0,9.0,0.29718765652568346,0.11175481413181643,2.6592828133125996,0.29718765652568346,0.11175481413181643,2.6592828133125996,0.848939365224746,0.13017671114676466,0.13899639928047744,0.13899639928047744,strong,full_curve,50,0.0036685491172458833
78,peak_height,0.29268720746040344,0.30632121324539185,0.3059137165546417,0.03033160269884213,0.2856062799692154,0.3240080252289772,0.2587551176548004,0.3554089143872261,0.03840174525976181,0.09665379673242569,1.0,1.0,0.013634005784988412,0.013226509094238281,0.013226509094238281,0.00017494054281996796,0.29718765652568346,0.11175481413181643,2.6592828133125996,0.29718765652568346,0.11175481413181643,2.6592828133125996,0.848939365224746,0.13017671114676466,0.13899639928047744,0.13899639928047744,strong,full_curve,50,0.0036685491172458833
78,cumulative_infected,7.14247555937618,7.716563736285316,7.746858489699662,0.6998804595610957,7.157213148428127,8.160972457844764,6.667324883979745,8.820262866513803,1.0037593094166368,2.1529379825340573,0.0,1.0,0.5740881769091359,0.6043829303234816,0.6043829303234816,0.36527872646639836,0.29718765652568346,0.11175481413181643,2.6592828133125996,0.29718765652568346,0.11175481413181643,2.6592828133125996,0.848939365224746,0.13017671114676466,0.13899639928047744,0.13899639928047744,strong,full_curve,50,0.0036685491172458833
78,early_growth_slope,0.00248209754603782,0.0031858144563999043,0.0033002111442675367,0.00254138042904732,0.0013232322221267087,0.004980237530530541,-0.0011458922052822447,0.007029704308314689,0.003657005308403832,0.008175596513596934,1.0,1.0,0.0007037169103620844,0.0008181135982297167,0.0008181135982297167,6.693098596083744e-07,0.29718765652568346,0.11175481413181643,2.6592828133125996,0.29718765652568346,0.11175481413181643,2.6592828133125996,0.848939365224746,0.13017671114676466,0.13899639928047744,0.13899639928047744,strong,full_curve,50,0.0036685491172458833
79,peak_time,20.0,20.0,17.5,13.12411613185529,8.0,29.25,1.0,44.0,21.25,43.0,1.0,1.0,0.0,-2.5,2.5,6.25,0.1,0.114134712527739,0.8761576367548678,0.1,0.114134712527739,0.8761576367548678,0.36451722413475474,0.3089766931012173,0.12638216254162804,0.12638216254162804,strong,full_curve,50,0.0002493401827893944
79,peak_height,0.05807279422879219,0.059819648042321205,0.05402747169137001,0.028880086880436757,0.04502521827816963,0.06446659937500954,0.03467642869800329,0.08955631814897057,0.019441381096839905,0.05487988945096728,1.0,1.0,0.0017468538135290146,-0.00404532253742218,0.00404532253742218,1.6364634431775826e-05,0.1,0.114134712527739,0.8761576367548678,0.1,0.114134712527739,0.8761576367548678,0.36451722413475474,0.3089766931012173,0.12638216254162804,0.12638216254162804,strong,full_curve,50,0.0002493401827893944
79,cumulative_infected,0.7931087343022227,0.8228754909913004,0.5945172893698327,0.7813702522484284,0.48705661395797506,0.8523491343712521,0.3580983097229364,1.8591423911158926,0.3652925204132771,1.5010440813929562,1.0,1.0,0.02976675668907769,-0.19859144493239,0.19859144493239,0.03943856200033449,0.1,0.114134712527739,0.8761576367548678,0.1,0.114134712527739,0.8761576367548678,0.36451722413475474,0.3089766931012173,0.12638216254162804,0.12638216254162804,strong,full_curve,50,0.0002493401827893944
79,early_growth_slope,0.0027612963292215553,0.00029930955818837897,0.0001981720921494785,0.0027463653359801115,-0.0017141046569338955,0.0015755959071352018,-0.003903216246648556,0.00497881305581402,0.0032897005640690974,0.008882029302462575,0.0,1.0,-0.0024619867710331763,-0.0025631242370720768,0.0025631242370720768,6.569605854666316e-06,0.1,0.114134712527739,0.8761576367548678,0.1,0.114134712527739,0.8761576367548678,0.36451722413475474,0.3089766931012173,0.12638216254162804,0.12638216254162804,strong,full_curve,50,0.0002493401827893944
80,peak_time,31.0,25.66,26.0,15.665196578351127,14.75,40.25,0.9500000000000002,47.0,25.5,46.05,1.0,1.0,-5.34,-5.0,5.0,25.0,0.2319834317732665,0.46612164649767057,0.49768860450128405,0.2319834317732665,0.46612164649767057,0.49768860450128405,0.2471041151882863,0.4512701366403208,0.10312288212299006,0.10312288212299006,strong,full_curve,50,2.5545980606536046e-05
80,peak_height,0.042942773550748825,0.05687674967572093,0.052779728546738625,0.02047628045157752,0.04234416224062443,0.06315851025283337,0.03455200549215078,0.10268577225506305,0.02081434801220894,0.06813376676291227,1.0,1.0,0.013933976124972103,0.0098369549959898,0.0098369549959898,9.676568359312868e-05,0.2319834317732665,0.46612164649767057,0.49768860450128405,0.2319834317732665,0.46612164649767057,0.49768860450128405,0.2471041151882863,0.4512701366403208,0.10312288212299006,0.10312288212299006,strong,full_curve,50,2.5545980606536046e-05
80,cumulative_infected,0.3382941154122818,0.6716413068373503,0.49502838349872036,0.4582589618919119,0.40798427832487505,0.6971170431861538,0.3118349484153441,1.8796382453409022,0.2891327648612787,1.567803296925558,0.0,1.0,0.3333471914250685,0.15673426808643853,0.15673426808643853,0.024565630792591584,0.2319834317732665,0.46612164649767057,0.49768860450128405,0.2319834317732665,0.46612164649767057,0.49768860450128405,0.2471041151882863,0.4512701366403208,0.10312288212299006,0.10312288212299006,strong,full_curve,50,2.5545980606536046e-05
80,early_growth_slope,-0.002716317229593792,-0.00037649607499718303,-0.00024660582502768853,0.002092571502010272,-0.0015648691111155542,0.0010268909224708165,-0.003923002625171125,0.0030281934144330155,0.002591760033586371,0.006951196039604141,0.0,1.0,0.002339821154596609,0.0024697114045661036,0.0024697114045661036,6.099474421843876e-06,0.2319834317732665,0.46612164649767057,0.49768860450128405,0.2319834317732665,0.46612164649767057,0.49768860450128405,0.2471041151882863,0.4512701366403208,0.10312288212299006,0.10312288212299006,strong,full_curve,50,2.5545980606536046e-05
81,peak_time,16.0,23.02,22.5,16.745860335731884,7.0,39.0,1.0,46.099999999999994,32.0,45.099999999999994,1.0,1.0,7.02,6.5,6.5,42.25,0.25285601358406007,0.46511889654472366,0.5436373698477474,0.25285601358406007,0.46511889654472366,0.5436373698477474,0.37747002616762304,0.48810615927015416,0.09760694972395208,0.09760694972395208,strong,full_curve,50,6.404187360817807e-05
81,peak_height,0.029957138001918793,0.05255607102066279,0.04747158661484718,0.017120150780109995,0.04126346576958895,0.05787889380007982,0.03588211294263601,0.0833910848945379,0.016615428030490875,0.047508971951901895,0.0,0.0,0.022598933018743994,0.01751444861292839,0.01751444861292839,0.0003067559102149092,0.25285601358406007,0.46511889654472366,0.5436373698477474,0.25285601358406007,0.46511889654472366,0.5436373698477474,0.37747002616762304,0.48810615927015416,0.09760694972395208,0.09760694972395208,strong,full_curve,50,6.404187360817807e-05
81,cumulative_infected,0.404266762023326,0.5891621181758296,0.4633747994666919,0.4079475224498182,0.3821049536491046,0.5709623021102743,0.3149497278231138,1.5444192875467706,0.18885734846116975,1.2294695597236567,1.0,1.0,0.18489535615250363,0.0591080374433659,0.0591080374433659,0.0034937600904063454,0.25285601358406007,0.46511889654472366,0.5436373698477474,0.25285601358406007,0.46511889654472366,0.5436373698477474,0.37747002616762304,0.48810615927015416,0.09760694972395208,0.09760694972395208,strong,full_curve,50,6.404187360817807e-05
81,early_growth_slope,-0.00014068508365501836,-0.0004336087876438224,-0.00020300537081701379,0.002304818754532597,-0.0022020505500785492,0.0012491813820469401,-0.003830513136095498,0.0030808631293309315,0.0034512319321254896,0.006911376265426429,1.0,1.0,-0.00029292370398880405,-6.232028716199542e-05,6.232028716199542e-05,3.883818191953571e-09,0.25285601358406007,0.46511889654472366,0.5436373698477474,0.25285601358406007,0.46511889654472366,0.5436373698477474,0.37747002616762304,0.48810615927015416,0.09760694972395208,0.09760694972395208,strong,full_curve,50,6.404187360817807e-05
82,peak_time,32.0,24.03,24.0,15.233837270359626,11.0,36.0,1.0,48.0,25.0,47.0,1.0,1.0,-7.969999999999999,-8.0,8.0,64.0,0.20928440321101618,0.37889785368619644,0.5523504585073362,0.20928440321101618,0.37889785368619644,0.5523504585073362,0.22265528697835635,0.3661446511953632,0.09046861428412245,0.09046861428412245,strong,full_curve,50,3.9375620673021966e-05
82,peak_height,0.05060714855790138,0.053540939521044495,0.04969559423625469,0.01680098820192606,0.04383708443492651,0.05791827477514744,0.03601133041083813,0.08614985048770901,0.014081190340220928,0.050138520076870884,1.0,1.0,0.0029337909631431125,-0.0009115543216466904,0.0009115543216466904,8.309312813127578e-07,0.20928440321101618,0.37889785368619644,0.5523504585073362,0.20928440321101618,0.37889785368619644,0.5523504585073362,0.22265528697835635,0.3661446511953632,0.09046861428412245,0.09046861428412245,strong,full_curve,50,3.9375620673021966e-05
82,cumulative_infected,0.46856366260908544,0.6083299278464347,0.4964109925786033,0.4183865310224988,0.4153923246922204,0.6279986685985932,0.32937829170323313,1.2941207233816368,0.21260634390637279,0.9647424316784037,1.0,1.0,0.13976626523734925,0.027847329969517887,0.027847329969517887,0.000775473786431209,0.20928440321101618,0.37889785368619644,0.5523504585073362,0.20928440321101618,0.37889785368619644,0.5523504585073362,0.22265528697835635,0.3661446511953632,0.09046861428412245,0.09046861428412245,strong,full_curve,50,3.9375620673021966e-05
82,early_growth_slope,-0.004770880792334317,-0.00042646147202850314,-0.0003052005496491391,0.0023398619305823277,-0.0020890301229883317,0.0011042031262712994,-0.00396548451168374,0.0032045085628938296,0.0031932332492596313,0.007169993074577569,0.0,0.0,0.0043444193203058135,0.004465680242685178,0.004465680242685178,1.994230002990875e-05,0.20928440321101618,0.37889785368619644,0.5523504585073362,0.20928440321101618,0.37889785368619644,0.5523504585073362,0.22265528697835635,0.3661446511953632,0.09046861428412245,0.09046861428412245,strong,full_curve,50,3.9375620673021966e-05
83,peak_time,40.0,27.42,28.5,15.80447449747742,15.0,42.25,1.9500000000000002,48.05,27.25,46.099999999999994,1.0,1.0,-12.579999999999998,-11.5,11.5,132.25,0.1,0.062031923014595036,1.6120731897425096,0.1,0.062031923014595036,1.6120731897425096,0.55610471173518,0.27181820527559114,0.11306764506905881,0.11306764506905881,strong,full_curve,50,0.0005519351368928944
83,peak_height,0.09638296812772751,0.08507249865680933,0.06295333802700043,0.056812118279345056,0.048417653888463974,0.1011734027415514,0.0373437087982893,0.2040542438626289,0.052755748853087425,0.1667105350643396,1.0,1.0,-0.011310469470918183,-0.03342963010072708,0.03342963010072708,0.0011175401686714381,0.1,0.062031923014595036,1.6120731897425096,0.1,0.062031923014595036,1.6120731897425096,0.55610471173518,0.27181820527559114,0.11306764506905881,0.11306764506905881,strong,full_curve,50,0.0005519351368928944
83,cumulative_infected,1.0768712001736276,1.4858064239146962,0.7676517620857339,1.4401937203894999,0.45755010773427784,2.0979508123127744,0.3613944264025122,4.3710588606074445,1.6404007045784965,4.009664434204932,1.0,1.0,0.4089352237410686,-0.30921943808789365,0.30921943808789365,0.09561666089139269,0.1,0.062031923014595036,1.6120731897425096,0.1,0.062031923014595036,1.6120731897425096,0.55610471173518,0.27181820527559114,0.11306764506905881,0.11306764506905881,strong,full_curve,50,0.0005519351368928944
83,early_growth_slope,-0.0045127754897943545,0.00048123310061263163,0.00020979910186724791,0.002345036795215018,-0.0009022415920515494,0.0022484733739734754,-0.0032565355902382446,0.003905389777390241,0.003150714966025025,0.007161925367628486,0.0,0.0,0.004994008590406986,0.004722574591661603,0.004722574591661603,2.2302710773807755e-05,0.1,0.062031923014595036,1.6120731897425096,0.1,0.062031923014595036,1.6120731897425096,0.55610471173518,0.27181820527559114,0.11306764506905881,0.11306764506905881,strong,full_curve,50,0.0005519351368928944
84,peak_time,45.0,26.85,29.0,13.797507460451403,15.75,38.25,2.0,45.05,22.5,43.05,0.0,1.0,-18.15,-16.0,16.0,256.0,0.24367002592400147,0.18582392767431885,1.3112952081772031,0.24367002592400147,0.18582392767431885,1.3112952081772031,0.8241617904022283,0.43372598947273916,0.17336131069784394,0.17336131069784394,strong,full_curve,50,0.0007114212773642684
84,peak_height,0.08350712805986404,0.07865607477724552,0.061162227764725685,0.04584908171134104,0.05037300568073988,0.08858601003885269,0.040834620222449304,0.1753475971519947,0.03821300435811281,0.1345129769295454,1.0,1.0,-0.00485105328261852,-0.02234490029513836,0.02234490029513836,0.0004992945691996743,0.24367002592400147,0.18582392767431885,1.3112952081772031,0.24367002592400147,0.18582392767431885,1.3112952081772031,0.8241617904022283,0.43372598947273916,0.17336131069784394,0.17336131069784394,strong,full_curve,50,0.0007114212773642684
84,cumulative_infected,1.2809355079662055,1.3939460824291927,0.855111606331775,1.323365859255886,0.5511262496074778,1.588841154385591,0.4372108630186631,4.26096466697054,1.0377149047781131,3.8237538039518766,1.0,1.0,0.11301057446298723,-0.4258239016344305,0.4258239016344305,0.18132599520316917,0.24367002592400147,0.18582392767431885,1.3112952081772031,0.24367002592400147,0.18582392767431885,1.3112952081772031,0.8241617904022283,0.43372598947273916,0.17336131069784394,0.17336131069784394,strong,full_curve,50,0.0007114212773642684
84,early_growth_slope,0.0027723131989616716,0.0002638186371184156,0.0003529422752936163,0.0023647257372133956,-0.0013202737207480115,0.0016548531226969019,-0.0039488390797660445,0.004325830680110291,0.0029751268434449136,0.008274669759876336,0.0,1.0,-0.002508494561843256,-0.0024193709236680554,0.0024193709236680554,5.853355666290419e-06,0.24367002592400147,0.18582392767431885,1.3112952081772031,0.24367002592400147,0.18582392767431885,1.3112952081772031,0.8241617904022283,0.43372598947273916,0.17336131069784394,0.17336131069784394,strong,full_curve,50,0.0007114212773642684
85,peak_time,38.0,28.0,31.0,14.506007115131387,16.75,40.0,2.0,48.0,23.25,46.0,1.0,1.0,-10.0,-7.0,7.0,49.0,0.1,0.06987797062217649,1.4310661730674814,0.1,0.06987797062217649,1.4310661730674814,0.12892762339478486,0.060850653317652666,0.09707479785530021,0.09707479785530021,strong,full_curve,50,0.00012394630288482453
85,peak_height,0.07076383382081985,0.08061218194663525,0.06159678287804127,0.051164226862194656,0.04854760505259037,0.09226788207888603,0.03744242154061794,0.183841075003147,0.04372027702629566,0.14639865346252906,1.0,1.0,0.009848348125815393,-0.009167050942778587,0.009167050942778587,8.403482298749779e-05,0.1,0.06987797062217649,1.4310661730674814,0.1,0.06987797062217649,1.4310661730674814,0.12892762339478486,0.060850653317652666,0.09707479785530021,0.09707479785530021,strong,full_curve,50,0.00012394630288482453
85,cumulative_infected,1.0819515866460279,1.379397271664202,0.7681035488494672,1.3351604075606014,0.48955452913651243,1.6355242977151647,0.39474049413602186,4.416847276198676,1.1459697685786523,4.022106782062655,1.0,1.0,0.29744568501817414,-0.3138480377965607,0.3138480377965607,0.09850059082875137,0.1,0.06987797062217649,1.4310661730674814,0.1,0.06987797062217649,1.4310661730674814,0.12892762339478486,0.060850653317652666,0.09707479785530021,0.09707479785530021,strong,full_curve,50,0.00012394630288482453
85,early_growth_slope,-0.0042696235468611095,0.00039861659001114017,0.00041565581202684455,0.002490220383744547,-0.0015842199418763074,0.0021727841958636414,-0.003654010559867378,0.004228536758039676,0.0037570041377399488,0.007882547317907053,0.0,0.0,0.004668240136872249,0.004685279358887954,0.004685279358887954,2.1951842670821516e-05,0.1,0.06987797062217649,1.4310661730674814,0.1,0.06987797062217649,1.4310661730674814,0.12892762339478486,0.060850653317652666,0.09707479785530021,0.09707479785530021,strong,full_curve,50,0.00012394630288482453
86,peak_time,32.0,27.77,30.0,12.629814813457171,20.5,37.0,3.9000000000000004,44.0,16.5,40.1,1.0,1.0,-4.23,-2.0,2.0,4.0,0.1,0.06387283162469447,1.5656108779955527,0.1,0.06387283162469447,1.5656108779955527,0.3267542325742204,0.18949655560763778,0.15851429278617246,0.15851429278617246,strong,full_curve,50,0.0002107699418825522
86,peak_height,0.09601490199565887,0.08813540656119585,0.06835322454571724,0.051611538601085735,0.0554151376709342,0.101219417527318,0.03930806275457144,0.19776614531874653,0.0458042798563838,0.1584580825641751,1.0,1.0,-0.007879495434463021,-0.027661677449941635,0.027661677449941635,0.0007651683993446096,0.1,0.06387283162469447,1.5656108779955527,0.1,0.06387283162469447,1.5656108779955527,0.3267542325742204,0.18949655560763778,0.15851429278617246,0.15851429278617246,strong,full_curve,50,0.0002107699418825522
86,cumulative_infected,1.4220443083904684,1.687872005189022,1.1129741804875266,1.4582938578763605,0.6357582721466315,2.2027545618184377,0.40137935198727065,4.758745985780842,1.5669962896718062,4.357366633793571,1.0,1.0,0.26582769679855356,-0.30907012790294175,0.30907012790294175,0.09552434396194077,0.1,0.06387283162469447,1.5656108779955527,0.1,0.06387283162469447,1.5656108779955527,0.3267542325742204,0.18949655560763778,0.15851429278617246,0.15851429278617246,strong,full_curve,50,0.0002107699418825522
86,early_growth_slope,0.0008570006993111409,0.0007888992230809461,0.000836117457809105,0.0025341844291180836,-0.0011217215363839854,0.002491949860476389,-0.0030256064031467128,0.005381088981604469,0.0036136713968603746,0.008406695384751181,1.0,1.0,-6.810147623019481e-05,-2.0883241502035895e-05,2.0883241502035895e-05,4.3610977563235444e-10,0.1,0.06387283162469447,1.5656108779955527,0.1,0.06387283162469447,1.5656108779955527,0.3267542325742204,0.18949655560763778,0.15851429278617246,0.15851429278617246,strong,full_curve,50,0.0002107699418825522
87,peak_time,36.0,23.29,22.0,16.578734705774274,7.0,40.0,0.0,48.0,33.0,48.0,1.0,1.0,-12.71,-14.0,14.0,196.0,0.3117129304787711,0.45072651783224277,0.6915788580133828,0.3117129304787711,0.45072651783224277,0.6915788580133828,0.40963989331542316,0.47829060014172187,0.11410851524316297,0.11410851524316297,strong,full_curve,50,0.00010396909229916586
87,peak_height,0.047610487788915634,0.0536070447601378,0.050532447174191475,0.01610022777007202,0.04382040724158287,0.05993823613971472,0.03469180315732956,0.08276648335158825,0.016117828898131847,0.04807468019425869,1.0,1.0,0.005996556971222165,0.0029219593852758408,0.0029219593852758408,8.53784664920157e-06,0.3117129304787711,0.45072651783224277,0.6915788580133828,0.3117129304787711,0.45072651783224277,0.6915788580133828,0.40963989331542316,0.47829060014172187,0.11410851524316297,0.11410851524316297,strong,full_curve,50,0.00010396909229916586
87,cumulative_infected,0.5112029822776094,0.6225965277026717,0.5046423256426351,0.3661268546501883,0.41830526476405794,0.6578918398881797,0.31936313832975427,1.3136022796214089,0.23958657512412174,0.9942391412916546,1.0,1.0,0.1113935454250623,-0.006560656634974293,0.006560656634974293,4.304221548203222e-05,0.3117129304787711,0.45072651783224277,0.6915788580133828,0.3117129304787711,0.45072651783224277,0.6915788580133828,0.40963989331542316,0.47829060014172187,0.11410851524316297,0.11410851524316297,strong,full_curve,50,0.00010396909229916586
87,early_growth_slope,-0.0017257558134761415,4.8793825034669054e-05,-0.0001305145283584435,0.0020856750155912904,-0.0013987805605644246,0.0013057945997432057,-0.0033668329603166207,0.0036518471951932844,0.0027045751603076303,0.007018680155509905,0.0,1.0,0.0017745496385108107,0.001595241285117698,0.001595241285117698,2.5447947577439644e-06,0.3117129304787711,0.45072651783224277,0.6915788580133828,0.3117129304787711,0.45072651783224277,0.6915788580133828,0.40963989331542316,0.47829060014172187,0.11410851524316297,0.11410851524316297,strong,full_curve,50,0.00010396909229916586
88,peak_time,31.0,31.38,31.0,3.4488469746489843,29.0,33.0,27.0,38.0,4.0,11.0,1.0,1.0,0.379999999999999,0.0,0.0,0.0,0.28145264173153195,0.1258710479199247,2.2360395530398973,0.28145264173153195,0.1258710479199247,2.2360395530398973,0.899878572013166,0.15673887788559965,0.1114896861920888,0.1114896861920888,strong,full_curve,50,0.002652515184407711
88,peak_height,0.2296566218137741,0.2614308024942875,0.2651561349630356,0.03334161138630037,0.23717574402689934,0.28509361296892166,0.2024748705327511,0.3082447022199631,0.047917868942022324,0.10576983168721199,0.0,1.0,0.03177418068051341,0.035499513149261475,0.035499513149261475,0.0012602154338345883,0.28145264173153195,0.1258710479199247,2.2360395530398973,0.28145264173153195,0.1258710479199247,2.2360395530398973,0.899878572013166,0.15673887788559965,0.1114896861920888,0.1114896861920888,strong,full_curve,50,0.002652515184407711
88,cumulative_infected,5.573283934034407,6.710859119676242,6.765027519548312,0.8713881993911746,6.166511399089359,7.39672149168473,5.051178996730596,7.980394714069552,1.230210092595371,2.9292157173389564,0.0,1.0,1.1375751856418352,1.1917435855139047,1.1917435855139047,1.4202527736135375,0.28145264173153195,0.1258710479199247,2.2360395530398973,0.28145264173153195,0.1258710479199247,2.2360395530398973,0.899878572013166,0.15673887788559965,0.1114896861920888,0.1114896861920888,strong,full_curve,50,0.002652515184407711
88,early_growth_slope,0.001484688157991816,0.0024515221800504063,0.002462412225126865,0.002542225382907421,0.0006015868885220872,0.003925440651420059,-0.001784303878368863,0.006573486686240703,0.003323853762897972,0.008357790564609566,1.0,1.0,0.0009668340220585902,0.0009777240671350487,0.0009777240671350487,9.559443514551014e-07,0.28145264173153195,0.1258710479199247,2.2360395530398973,0.28145264173153195,0.1258710479199247,2.2360395530398973,0.899878572013166,0.15673887788559965,0.1114896861920888,0.1114896861920888,strong,full_curve,50,0.002652515184407711
89,peak_time,17.0,26.01,28.0,14.646332322634581,15.75,39.0,1.0,46.05,23.25,45.05,1.0,1.0,9.010000000000002,11.0,11.0,121.0,0.1,0.0677117311231185,1.4768489645933374,0.1,0.0677117311231185,1.4768489645933374,0.58915324177052,0.34710120487652285,0.16533924792605853,0.16533924792605853,strong,full_curve,50,0.0003647039065382258
89,peak_height,0.05531091243028641,0.07975406248122453,0.05977110378444195,0.056974473297732815,0.04733615834265947,0.08278210088610649,0.03716398123651743,0.19372676163911806,0.03544594254344702,0.15656278040260063,1.0,1.0,0.024443150050938126,0.0044601913541555405,0.0044601913541555405,1.9893306915683834e-05,0.1,0.0677117311231185,1.4768489645933374,0.1,0.0677117311231185,1.4768489645933374,0.58915324177052,0.34710120487652285,0.16533924792605853,0.16533924792605853,strong,full_curve,50,0.0003647039065382258
89,cumulative_infected,1.1008566512027755,1.3558777940836353,0.6943847874117637,1.525979149156762,0.49023491209663916,1.4222416874035844,0.37280278001235273,4.475312921898874,0.9320067753069452,4.102510141886522,1.0,1.0,0.25502114288085975,-0.40647186379101186,0.40647186379101186,0.1652193760537389,0.1,0.0677117311231185,1.4768489645933374,0.1,0.0677117311231185,1.4768489645933374,0.58915324177052,0.34710120487652285,0.16533924792605853,0.16533924792605853,strong,full_curve,50,0.0003647039065382258
89,early_growth_slope,0.002522699113580442,0.00013185679703318448,-7.214117240870159e-05,0.002578946743580604,-0.0017520885338031097,0.0018335285506812706,-0.004001170820958489,0.004934483515431305,0.0035856170844843806,0.008935654336389794,0.0,1.0,-0.002390842316547258,-0.0025948402859891436,0.0025948402859891436,6.73319610979222e-06,0.1,0.0677117311231185,1.4768489645933374,0.1,0.0677117311231185,1.4768489645933374,0.58915324177052,0.34710120487652285,0.16533924792605853,0.16533924792605853,strong,full_curve,50,0.0003647039065382258
90,peak_time,18.0,24.32,24.0,16.077388601462125,9.0,39.0,1.0,47.0,30.0,46.0,1.0,1.0,6.32,6.0,6.0,36.0,0.1,0.21836247418364133,0.45795414424504416,0.1,0.21836247418364133,0.45795414424504416,0.38728839918604385,0.4241504682376977,0.09224114604318498,0.09224114604318498,strong,full_curve,50,0.0001278405006211822
90,peak_height,0.04690984636545181,0.05689433202147484,0.050900980830192566,0.023877625289478763,0.044107189401984215,0.05794931761920452,0.03504513781517744,0.11609278619289397,0.013842128217220306,0.08104764837771652,1.0,1.0,0.009984485656023029,0.003991134464740753,0.003991134464740753,1.592915431564146e-05,0.1,0.21836247418364133,0.45795414424504416,0.1,0.21836247418364133,0.45795414424504416,0.38728839918604385,0.4241504682376977,0.09224114604318498,0.09224114604318498,strong,full_curve,50,0.0001278405006211822
90,cumulative_infected,0.4748442545051148,0.6954280062471662,0.4895380726084113,0.589627471671375,0.41581689145823475,0.6387615044077393,0.30740123973519073,2.411926336609758,0.22294461294950452,2.1045250968745672,1.0,1.0,0.22058375174205136,0.014693818103296508,0.014693818103296508,0.00021590829045276417,0.1,0.21836247418364133,0.45795414424504416,0.1,0.21836247418364133,0.45795414424504416,0.38728839918604385,0.4241504682376977,0.09224114604318498,0.09224114604318498,strong,full_curve,50,0.0001278405006211822
90,early_growth_slope,-0.0027387496472025897,-0.0003635380703971819,-0.0004491563110301882,0.0020546133526222234,-0.0017352963002936327,0.0009671046961254129,-0.0035756070346992792,0.0030973231389431195,0.0027024009964190456,0.006672930173642399,0.0,1.0,0.0023752115768054076,0.0022895933361724015,0.0022895933361724015,5.242237645045068e-06,0.1,0.21836247418364133,0.45795414424504416,0.1,0.21836247418364133,0.45795414424504416,0.38728839918604385,0.4241504682376977,0.09224114604318498,0.09224114604318498,strong,full_curve,50,0.0001278405006211822
91,peak_time,47.0,27.53,29.5,14.640096456049196,14.75,39.0,1.9500000000000002,48.0,24.25,46.05,0.0,1.0,-19.47,-17.5,17.5,306.25,0.1,0.07740791100732067,1.291857624094038,0.1,0.07740791100732067,1.291857624094038,0.7184621970435587,0.4407208288929976,0.15047301437463234,0.15047301437463234,strong,full_curve,50,0.0004696339633670347
91,peak_height,0.05698997154831886,0.06985153995454312,0.05281278118491173,0.04576688438207033,0.045466337352991104,0.07059550285339355,0.03617032431066036,0.16992842629551888,0.02512916550040245,0.13375810198485852,1.0,1.0,0.012861568406224252,-0.004177190363407135,0.004177190363407135,1.7448919332141433e-05,0.1,0.07740791100732067,1.291857624094038,0.1,0.07740791100732067,1.291857624094038,0.7184621970435587,0.4407208288929976,0.15047301437463234,0.15047301437463234,strong,full_curve,50,0.0004696339633670347
91,cumulative_infected,0.9453250831284095,1.07566570969359,0.5532909479879891,1.1521397326396912,0.4352921739791782,1.1696952927668463,0.35179504345578605,3.517142321998835,0.7344031187876681,3.1653472785430488,1.0,1.0,0.13034062656518053,-0.3920341351404204,0.3920341351404204,0.15369076311529742,0.1,0.07740791100732067,1.291857624094038,0.1,0.07740791100732067,1.291857624094038,0.7184621970435587,0.4407208288929976,0.15047301437463234,0.15047301437463234,strong,full_curve,50,0.0004696339633670347
91,early_growth_slope,-0.006641802980170936,-0.00034715545465899516,-0.00027835584894221756,0.0021762687857064243,-0.001438770254719115,0.0010081541397431424,-0.003992638751930954,0.003100330683047926,0.0024469243944622576,0.00709296943497888,0.0,0.0,0.006294647525511941,0.006363447131228718,0.006363447131228718,4.0493459391943004e-05,0.1,0.07740791100732067,1.291857624094038,0.1,0.07740791100732067,1.291857624094038,0.7184621970435587,0.4407208288929976,0.15047301437463234,0.15047301437463234,strong,full_curve,50,0.0004696339633670347
92,peak_time,46.0,21.38,19.5,15.909961303751455,5.0,36.0,1.9500000000000002,46.05,31.0,44.099999999999994,0.0,1.0,-24.62,-26.5,26.5,702.25,0.13355935997148716,0.3052572307852004,0.4375305365508886,0.13355935997148716,0.3052572307852004,0.4375305365508886,0.11774742704872394,0.3336572639632555,0.13239080029820188,0.13239080029820188,strong,full_curve,50,9.799094623630431e-06
92,peak_height,0.05644123628735542,0.0531733407638967,0.04985300824046135,0.022578444431319736,0.04274644050747156,0.058433772064745426,0.03162028240039945,0.07775660306215286,0.015687331557273865,0.04613632066175341,1.0,1.0,-0.0032678955234587206,-0.0065882280468940735,0.0065882280468940735,4.34047487978817e-05,0.13355935997148716,0.3052572307852004,0.4375305365508886,0.13355935997148716,0.3052572307852004,0.4375305365508886,0.11774742704872394,0.3336572639632555,0.13239080029820188,0.13239080029820188,strong,full_curve,50,9.799094623630431e-06
92,cumulative_infected,0.4723545138258487,0.628196687501495,0.500568609291804,0.5336175838070638,0.4006888535586768,0.6150731549860211,0.31339251270037494,1.2503253337694327,0.21438430142734433,0.9369328210690577,1.0,1.0,0.15584217367564634,0.028214095465955324,0.028214095465955324,0.0007960351829620408,0.13355935997148716,0.3052572307852004,0.4375305365508886,0.13355935997148716,0.3052572307852004,0.4375305365508886,0.11774742704872394,0.3336572639632555,0.13239080029820188,0.13239080029820188,strong,full_curve,50,9.799094623630431e-06
92,early_growth_slope,-0.0017314255348451079,-0.00024911800887258214,-0.00037244125200058473,0.0022654622842342713,-0.001973926339165438,0.0011684023886032045,-0.0037475379685583026,0.0031018647433614047,0.0031423287277686424,0.006849402711919707,1.0,1.0,0.0014823075259725257,0.0013589842828445231,0.0013589842828445231,1.8468382810184428e-06,0.13355935997148716,0.3052572307852004,0.4375305365508886,0.13355935997148716,0.3052572307852004,0.4375305365508886,0.11774742704872394,0.3336572639632555,0.13239080029820188,0.13239080029820188,strong,full_curve,50,9.799094623630431e-06
93,peak_time,43.0,21.78,21.5,16.929193003731033,5.0,37.5,1.0,48.05,32.5,47.05,0.0,1.0,-21.22,-21.5,21.5,462.25,0.1,0.09829248887035716,1.0173717356154748,0.1,0.09829248887035716,1.0173717356154748,0.7686899783962201,0.4547035399574996,0.08490073822134846,0.08490073822134846,strong,full_curve,50,0.0007595470726688032
93,peak_height,0.05444246903061867,0.05699791923165321,0.04816564917564392,0.024047232890607777,0.0435701385140419,0.058712818659842014,0.03668702505528927,0.1067892428487539,0.015142680145800114,0.07010221779346464,1.0,1.0,0.002555450201034544,-0.006276819854974747,0.006276819854974747,3.93984674918052e-05,0.1,0.09829248887035716,1.0173717356154748,0.1,0.09829248887035716,1.0173717356154748,0.7686899783962201,0.4547035399574996,0.08490073822134846,0.08490073822134846,strong,full_curve,50,0.0007595470726688032
93,cumulative_infected,0.5733517239568755,0.7163419604023875,0.4865805478148104,0.647665633819749,0.3997939093678724,0.6043767599112471,0.3354307253579464,2.4854836189886553,0.20458285054337466,2.150052893630709,1.0,1.0,0.142990236445512,-0.08677117614206509,0.08677117614206509,0.007529237009077285,0.1,0.09829248887035716,1.0173717356154748,0.1,0.09829248887035716,1.0173717356154748,0.7686899783962201,0.4547035399574996,0.08490073822134846,0.08490073822134846,strong,full_curve,50,0.0007595470726688032
93,early_growth_slope,-0.002372281858697531,-0.0006965739684355424,-0.0008201403931404137,0.002567875051765185,-0.002316272682427162,0.0008709840753692244,-0.00445263358456681,0.003841779446451081,0.0031872567577963863,0.00829441303101789,0.0,1.0,0.0016757078902619885,0.0015521414655571173,0.0015521414655571173,2.409143129101796e-06,0.1,0.09829248887035716,1.0173717356154748,0.1,0.09829248887035716,1.0173717356154748,0.7686899783962201,0.4547035399574996,0.08490073822134846,0.08490073822134846,strong,full_curve,50,0.0007595470726688032
94,peak_time,37.0,24.37,22.5,15.366009320062332,11.0,37.5,1.0,48.0,26.5,47.0,1.0,1.0,-12.629999999999999,-14.5,14.5,210.25,0.1,0.09292702680734308,1.076113198018491,0.1,0.09292702680734308,1.076113198018491,0.38523031434417165,0.2957753045440793,0.16738813074527298,0.16738813074527298,strong,full_curve,50,0.00023978668501133362
94,peak_height,0.06326042115688324,0.058379543386399745,0.0530988872051239,0.024222185523480242,0.046114603988826275,0.06358765810728073,0.03562778029590845,0.08773229047656057,0.017473054118454456,0.052104510180652125,1.0,1.0,-0.004880877770483495,-0.010161533951759338,0.010161533951759338,0.00010325677225275776,0.1,0.09292702680734308,1.076113198018491,0.1,0.09292702680734308,1.076113198018491,0.38523031434417165,0.2957753045440793,0.16738813074527298,0.16738813074527298,strong,full_curve,50,0.00023978668501133362
94,cumulative_infected,0.7574048386595678,0.8074397898717097,0.6138700620213058,0.6522798919421295,0.46207831783351594,0.8470281706904643,0.33641353041602995,1.7473443600814789,0.3849498528569484,1.4109308296654488,1.0,1.0,0.050034951212141965,-0.14353477663826197,0.14353477663826197,0.020602232104595754,0.1,0.09292702680734308,1.076113198018491,0.1,0.09292702680734308,1.076113198018491,0.38523031434417165,0.2957753045440793,0.16738813074527298,0.16738813074527298,strong,full_curve,50,0.00023978668501133362
94,early_growth_slope,0.00037354987857508626,-0.0003516670264348025,-0.00018707671967734186,0.0021567877823891303,-0.0017901085742605125,0.0010399783696768625,-0.003785987929551904,0.0028927825999701213,0.002830086943937375,0.006678770529522026,1.0,1.0,-0.0007252169050098887,-0.0005606265982524281,0.0005606265982524281,3.1430218266808943e-07,0.1,0.09292702680734308,1.076113198018491,0.1,0.09292702680734308,1.076113198018491,0.38523031434417165,0.2957753045440793,0.16738813074527298,0.16738813074527298,strong,full_curve,50,0.00023978668501133362
95,peak_time,39.0,24.57,22.5,15.884211715353766,10.75,40.0,2.0,47.0,29.25,45.0,1.0,1.0,-14.43,-16.5,16.5,272.25,0.12785077083974383,0.10610368736116003,1.2049606759146851,0.12785077083974383,0.10610368736116003,1.2049606759146851,0.7743966339701682,0.443106078906533,0.11571573450503506,0.11571573450503506,strong,full_curve,50,0.0007501731400258805
95,peak_height,0.05401739850640297,0.06890294384211301,0.05814387463033199,0.03515749453619414,0.04540204629302025,0.07165579870343208,0.03914265129715204,0.1427701510488987,0.026253752410411835,0.10362749975174666,1.0,1.0,0.014885545335710043,0.004126476123929024,0.004126476123929024,1.70278052013563e-05,0.12785077083974383,0.10610368736116003,1.2049606759146851,0.12785077083974383,0.10610368736116003,1.2049606759146851,0.7743966339701682,0.443106078906533,0.11571573450503506,0.11571573450503506,strong,full_curve,50,0.0007501731400258805
95,cumulative_infected,0.8256785984849557,0.9850847899894143,0.6105755185999442,0.8617783691300932,0.4353255543974228,1.0625913837284315,0.3726750668745808,3.0197889740811656,0.6272658293310087,2.647113907206585,1.0,1.0,0.15940619150445856,-0.21510307988501154,0.21510307988501154,0.04626933497601766,0.12785077083974383,0.10610368736116003,1.2049606759146851,0.12785077083974383,0.10610368736116003,1.2049606759146851,0.7743966339701682,0.443106078906533,0.11571573450503506,0.11571573450503506,strong,full_curve,50,0.0007501731400258805
95,early_growth_slope,-0.000934400130063295,-8.9544413304316e-05,-0.00026053219993454543,0.002517591342731068,-0.001784021816482499,0.0014214807583595676,-0.0038646717274483902,0.003893898105126848,0.0032055025748420666,0.007758569832575238,1.0,1.0,0.000844855716758979,0.0006738679301287496,0.0006738679301287496,4.5409798725600536e-07,0.12785077083974383,0.10610368736116003,1.2049606759146851,0.12785077083974383,0.10610368736116003,1.2049606759146851,0.7743966339701682,0.443106078906533,0.11571573450503506,0.11571573450503506,strong,full_curve,50,0.0007501731400258805
96,peak_time,15.0,22.8,23.0,14.143564050139698,9.75,36.0,2.0,43.05,26.25,41.05,1.0,1.0,7.800000000000001,8.0,8.0,64.0,0.1,0.10323232136872285,0.9686888628884194,0.1,0.10323232136872285,0.9686888628884194,0.6665034631630168,0.4981811559115042,0.14733976728336023,0.14733976728336023,strong,full_curve,50,0.00044763067123693655
96,peak_height,0.04029189050197601,0.055321048069745304,0.051216255873441696,0.016131104168712218,0.04498462192714214,0.061669135466217995,0.03914618249982595,0.0832667950540781,0.01668451353907585,0.04412061255425214,0.0,1.0,0.015029157567769291,0.010924365371465683,0.010924365371465683,0.00011934175876927855,0.1,0.10323232136872285,0.9686888628884194,0.1,0.10323232136872285,0.9686888628884194,0.6665034631630168,0.4981811559115042,0.14733976728336023,0.14733976728336023,strong,full_curve,50,0.00044763067123693655
96,cumulative_infected,0.5285335087683052,0.6194157945175357,0.4781276700196031,0.3670497782449287,0.4301621336971948,0.6324819452129304,0.319389987388513,1.2757584944250981,0.20231981151573564,0.9563685070365852,1.0,1.0,0.09088228574923052,-0.05040583874870208,0.05040583874870208,0.002540748579960156,0.1,0.10323232136872285,0.9686888628884194,0.1,0.10323232136872285,0.9686888628884194,0.6665034631630168,0.4981811559115042,0.14733976728336023,0.14733976728336023,strong,full_curve,50,0.00044763067123693655
96,early_growth_slope,-0.0002591773158028007,-0.00012121730870776813,-0.0002746710323706437,0.0023704991826132863,-0.0016534177287082573,0.0013938335248764944,-0.0040533069536693445,0.003556555176397696,0.0030472512535847517,0.007609862130067041,1.0,1.0,0.00013796000709503258,-1.549371656784298e-05,1.549371656784298e-05,2.400552530846521e-10,0.1,0.10323232136872285,0.9686888628884194,0.1,0.10323232136872285,0.9686888628884194,0.6665034631630168,0.4981811559115042,0.14733976728336023,0.14733976728336023,strong,full_curve,50,0.00044763067123693655
97,peak_time,44.0,24.51,23.0,14.1674652181352,14.0,37.25,0.9500000000000002,46.0,23.25,45.05,0.0,1.0,-19.49,-21.0,21.0,441.0,0.1,0.09949470504638276,1.005078611503815,0.1,0.09949470504638276,1.005078611503815,0.5365577147396963,0.3497709896979925,0.09271226421374415,0.09271226421374415,strong,full_curve,50,0.0005618673121016023
97,peak_height,0.04719255119562149,0.0606124116294086,0.05286242067813873,0.031220713752238775,0.043908595107495785,0.06352154910564423,0.03522634506225586,0.12878760173916814,0.01961295399814844,0.09356125667691229,1.0,1.0,0.01341986043378711,0.005669869482517242,0.005669869482517242,3.214741994878034e-05,0.1,0.09949470504638276,1.005078611503815,0.1,0.09949470504638276,1.005078611503815,0.5365577147396963,0.3497709896979925,0.09271226421374415,0.09271226421374415,strong,full_curve,50,0.0005618673121016023
97,cumulative_infected,0.7361787450499833,0.8463894043967412,0.5163010861724615,0.8321503191469533,0.4340782889703405,0.8396089018933708,0.3244253281537567,2.4904876761662305,0.4055306129230303,2.1660623480124737,1.0,1.0,0.11021065934675789,-0.21987765887752175,0.21987765887752175,0.04834618487345982,0.1,0.09949470504638276,1.005078611503815,0.1,0.09949470504638276,1.005078611503815,0.5365577147396963,0.3497709896979925,0.09271226421374415,0.09271226421374415,strong,full_curve,50,0.0005618673121016023
97,early_growth_slope,0.0005500339792065691,6.530068892971094e-05,3.4419692210143965e-05,0.0024109538524238515,-0.0015387662223518065,0.001646458284951569,-0.004141804869175842,0.00416327144989953,0.0031852245073033755,0.008305076319075372,1.0,1.0,-0.0004847332902768582,-0.0005156142869964252,0.0005156142869964252,2.658580929548319e-07,0.1,0.09949470504638276,1.005078611503815,0.1,0.09949470504638276,1.005078611503815,0.5365577147396963,0.3497709896979925,0.09271226421374415,0.09271226421374415,strong,full_curve,50,0.0005618673121016023
98,peak_time,23.0,22.03,20.0,16.485350092635812,5.0,38.0,1.0,46.0,33.0,45.0,1.0,1.0,-0.9699999999999989,-3.0,3.0,9.0,0.14017770520829329,0.4436059825433542,0.3159959755380295,0.14017770520829329,0.4436059825433542,0.3159959755380295,0.10216172727658843,0.48463060815737175,0.1577399543039938,0.1577399543039938,strong,full_curve,50,3.787268405352555e-06
98,peak_height,0.03860674425959587,0.05300348449498415,0.05145446956157684,0.013187175955482666,0.042207191698253155,0.06008531711995602,0.03633167799562216,0.07542892880737781,0.017878125421702862,0.03909725081175565,0.0,1.0,0.014396740235388276,0.012847725301980972,0.012847725301980972,0.00016506404543516207,0.14017770520829329,0.4436059825433542,0.3159959755380295,0.14017770520829329,0.4436059825433542,0.3159959755380295,0.10216172727658843,0.48463060815737175,0.1577399543039938,0.1577399543039938,strong,full_curve,50,3.787268405352555e-06
98,cumulative_infected,0.3256398733064998,0.5351694235338823,0.4688746425745194,0.2631211321060072,0.40623279857754824,0.5556059246810037,0.31405019109952265,0.878319244759222,0.14937312610345543,0.5642690536596993,0.0,1.0,0.2095295502273825,0.1432347692680196,0.1432347692680196,0.02051619912726281,0.14017770520829329,0.4436059825433542,0.3159959755380295,0.14017770520829329,0.4436059825433542,0.3159959755380295,0.10216172727658843,0.48463060815737175,0.1577399543039938,0.1577399543039938,strong,full_curve,50,3.787268405352555e-06
98,early_growth_slope,-0.0006517817999424759,-0.0008452981471059276,-0.0007988689716772303,0.002244622514189005,-0.0026944071592186506,0.0006875136716102826,-0.004276655094803398,0.002838325039816221,0.0033819208308289335,0.007114980134619619,1.0,1.0,-0.00019351634716345165,-0.0001470871717347544,0.0001470871717347544,2.1634636088929137e-08,0.14017770520829329,0.4436059825433542,0.3159959755380295,0.14017770520829329,0.4436059825433542,0.3159959755380295,0.10216172727658843,0.48463060815737175,0.1577399543039938,0.1577399543039938,strong,full_curve,50,3.787268405352555e-06
99,peak_time,24.0,27.15,27.0,2.4919060896422156,25.75,29.0,23.0,31.0,3.25,8.0,0.0,1.0,3.1499999999999986,3.0,3.0,9.0,0.32414193925669743,0.13434938058214968,2.412679074902743,0.32414193925669743,0.13434938058214968,2.412679074902743,0.9546303427099266,0.16117649279323928,0.14190433288668156,0.14190433288668156,strong,full_curve,50,0.0034232516503378482
99,peak_height,0.24447856843471527,0.24855634540319443,0.2488981932401657,0.022583724524467694,0.2319878786802292,0.2656428888440132,0.215477903932333,0.2857267946004868,0.03365501016378403,0.07024889066815379,1.0,1.0,0.004077776968479163,0.0044196248054504395,0.0044196248054504395,1.9533083420952835e-05,0.32414193925669743,0.13434938058214968,2.412679074902743,0.32414193925669743,0.13434938058214968,2.412679074902743,0.9546303427099266,0.16117649279323928,0.14190433288668156,0.14190433288668156,strong,full_curve,50,0.0034232516503378482
99,cumulative_infected,5.700543558457866,6.1004018203457235,6.106728488579392,0.47725131761507406,5.8277061155531555,6.4322560229338706,5.326943286228925,6.956393750943243,0.604549907380715,1.629450464714318,0.0,1.0,0.3998582618878572,0.4061849301215261,0.4061849301215261,0.16498619745782905,0.32414193925669743,0.13434938058214968,2.412679074902743,0.32414193925669743,0.13434938058214968,2.412679074902743,0.9546303427099266,0.16117649279323928,0.14190433288668156,0.14190433288668156,strong,full_curve,50,0.0034232516503378482
99,early_growth_slope,0.007009450949096518,0.003028331229433033,0.002964197186797502,0.0024598299429744296,0.0012137263131860115,0.00495293438767216,-0.0005944762326266954,0.007027495013261656,0.0037392080744861485,0.007621971245888351,0.0,1.0,-0.003981119719663485,-0.004045253762299016,0.004045253762299016,1.6364078001394343e-05,0.32414193925669743,0.13434938058214968,2.412679074902743,0.32414193925669743,0.13434938058214968,2.412679074902743,0.9546303427099266,0.16117649279323928,0.14190433288668156,0.14190433288668156,strong,full_curve,50,0.0034232516503378482
