case_id,feature,observed_value,pred_mean,pred_median,pred_std,pred_ci50_low,pred_ci50_high,pred_ci90_low,pred_ci90_high,pred_width50,pred_width90,covered50,covered90,err_mean,err_median,abs_err_median,sq_err_median,true_beta,true_gamma,true_R0,true_beta_timeavg,true_beta_infweighted,true_R0_timeavg,true_R0_infweighted,beta_ref_mode,beta0,gamma,tau,kappa,severity
0,peak_time,18.0,20.66,18.5,14.07355855869618,9.0,30.25,1.9500000000000002,46.0,21.25,44.05,1.0,1.0,2.66,0.5,0.5,0.25,0.08652860029413531,0.22364714789828816,0.38689784827252705,0.08652860029413531,0.10300766336920011,0.38689784827252705,0.46058116250177566,time_avg,0.1072049143651905,0.22364714789828816,15,0.7244753964406905,medium
0,peak_height,0.049634769558906555,0.05008074836805463,0.04770347848534584,0.012415869417643792,0.04129405040293932,0.05419494863599539,0.03364913202822208,0.07190649956464765,0.012900898233056068,0.038257367536425564,1.0,1.0,0.0004459788091480746,-0.0019312910735607147,0.0019312910735607147,3.729885210815298e-06,0.08652860029413531,0.22364714789828816,0.38689784827252705,0.08652860029413531,0.10300766336920011,0.38689784827252705,0.46058116250177566,time_avg,0.1072049143651905,0.22364714789828816,15,0.7244753964406905,medium
0,cumulative_infected,0.42884817929007113,0.5330015022235238,0.5025785670732148,0.20432548662231884,0.42183268532608054,0.5873656525509432,0.31851553057786075,0.8874382293201051,0.16553296722486266,0.5689226987422443,1.0,1.0,0.1041533229334527,0.07373038778314367,0.07373038778314367,0.005436170082652741,0.08652860029413531,0.22364714789828816,0.38689784827252705,0.08652860029413531,0.10300766336920011,0.38689784827252705,0.46058116250177566,time_avg,0.1072049143651905,0.22364714789828816,15,0.7244753964406905,medium
0,early_growth_slope,-0.0022423823524843002,-0.0001673599666037526,-0.0004587810295301344,0.0018896237424623913,-0.0013566163945056137,0.001108572738823048,-0.0027856357681143662,0.0034404136812857655,0.002465189133328662,0.006226049449400132,0.0,1.0,0.0020750223858805477,0.0017836013229541657,0.0017836013229541657,3.1812336792438502e-06,0.08652860029413531,0.22364714789828816,0.38689784827252705,0.08652860029413531,0.10300766336920011,0.38689784827252705,0.46058116250177566,time_avg,0.1072049143651905,0.22364714789828816,15,0.7244753964406905,medium
1,peak_time,14.0,14.35,14.0,1.3209653647804303,13.0,15.0,12.0,16.049999999999997,2.0,4.049999999999997,1.0,1.0,0.34999999999999964,0.0,0.0,0.0,0.5265470028633716,0.19935750869708702,2.6412198181280013,0.5265470028633716,0.5602842265091801,2.6412198181280013,2.8104495796067646,time_avg,0.5704258660249205,0.19935750869708702,27,0.8327761087963679,medium
1,peak_height,0.30441567301750183,0.28913509726524356,0.2906828373670578,0.01800323397828289,0.27858278900384903,0.2969888299703598,0.26093263626098634,0.31789947003126146,0.018406040966510773,0.056966833770275116,0.0,1.0,-0.015280575752258274,-0.01373283565044403,0.01373283565044403,0.00018859077500210653,0.5265470028633716,0.19935750869708702,2.6412198181280013,0.5265470028633716,0.5602842265091801,2.6412198181280013,2.8104495796067646,time_avg,0.5704258660249205,0.19935750869708702,27,0.8327761087963679,medium
1,cumulative_infected,4.720446667168289,4.5237126774160785,4.5405645879218355,0.21936607731955085,4.371074255439453,4.687648587627336,4.1567750019356025,4.814679402526235,0.31657433218788356,0.6579044005906329,0.0,1.0,-0.1967339897522109,-0.17988207924645394,0.17988207924645394,0.032357562434027536,0.5265470028633716,0.19935750869708702,2.6412198181280013,0.5265470028633716,0.5602842265091801,2.6412198181280013,2.8104495796067646,time_avg,0.5704258660249205,0.19935750869708702,27,0.8327761087963679,medium
1,early_growth_slope,0.0168009168424067,0.012347626235669372,0.01286674291172641,0.003136927466930613,0.010456702982385952,0.014190635702107098,0.007828974967733734,0.01708651709015525,0.003733932719721146,0.009257542122421516,0.0,1.0,-0.004453290606737327,-0.003934173930680289,0.003934173930680289,1.5477724516844395e-05,0.5265470028633716,0.19935750869708702,2.6412198181280013,0.5265470028633716,0.5602842265091801,2.6412198181280013,2.8104495796067646,time_avg,0.5704258660249205,0.19935750869708702,27,0.8327761087963679,medium
2,peak_time,15.0,20.97,21.0,14.98042830907155,6.75,33.25,1.9500000000000002,44.0,26.5,42.05,1.0,1.0,5.969999999999999,6.0,6.0,36.0,0.11588772969583502,0.4600703231768622,0.25189133890578064,0.11588772969583502,0.13255858387298688,0.25189133890578064,0.2881267867000153,time_avg,0.13256470427688344,0.4600703231768622,26,0.7379114053520391,medium
2,peak_height,0.037634458392858505,0.049653181694448,0.04801115579903126,0.011004840857278517,0.042965201660990715,0.054886145517230034,0.03387405714020133,0.06952904537320136,0.011920943856239319,0.03565498823300003,0.0,1.0,0.012018723301589491,0.010376697406172752,0.010376697406172752,0.00010767584905927233,0.11588772969583502,0.4600703231768622,0.25189133890578064,0.11588772969583502,0.13255858387298688,0.25189133890578064,0.2881267867000153,time_avg,0.13256470427688344,0.4600703231768622,26,0.7379114053520391,medium
2,cumulative_infected,0.4018922733666841,0.5209258007423159,0.47264661866938695,0.21022565096833476,0.416869800814311,0.5496418745160554,0.3057509653226589,0.9221781274711246,0.13277207370174438,0.6164271621484657,0.0,1.0,0.11903352737563178,0.07075434530270286,0.07075434530270286,0.00500617737921411,0.11588772969583502,0.4600703231768622,0.25189133890578064,0.11588772969583502,0.13255858387298688,0.25189133890578064,0.2881267867000153,time_avg,0.13256470427688344,0.4600703231768622,26,0.7379114053520391,medium
2,early_growth_slope,-0.0016820941597134572,-0.0004038541305137527,-0.0007307838431664825,0.002129912457720067,-0.0019805388056695268,0.0008694709890408246,-0.0033730446172523347,0.003606345667832922,0.0028500097947103515,0.006979390285085257,1.0,1.0,0.0012782400291997044,0.0009513103165469746,0.0009513103165469746,9.04991318368705e-07,0.11588772969583502,0.4600703231768622,0.25189133890578064,0.11588772969583502,0.13255858387298688,0.25189133890578064,0.2881267867000153,time_avg,0.13256470427688344,0.4600703231768622,26,0.7379114053520391,medium
3,peak_time,8.0,9.77,10.0,1.1621557815568704,9.0,10.0,8.0,12.0,1.0,4.0,0.0,1.0,1.7699999999999996,2.0,2.0,4.0,0.7244737545330746,0.3989365571725036,1.8160124498688295,0.7244737545330746,0.8740692285862083,1.8160124498688295,2.1909980744338085,time_avg,0.8764734823496965,0.3989365571725036,28,0.6058592372585563,medium
3,peak_height,0.18917037546634674,0.19015701621770859,0.1910051330924034,0.01839219578196369,0.17399337887763977,0.20374390110373497,0.16326291412115096,0.2199913576245308,0.0297505222260952,0.05672844350337983,1.0,1.0,0.0009866407513618447,0.0018347576260566711,0.0018347576260566711,3.3663355463731115e-06,0.7244737545330746,0.3989365571725036,1.8160124498688295,0.7244737545330746,0.8740692285862083,1.8160124498688295,2.1909980744338085,time_avg,0.8764734823496965,0.3989365571725036,28,0.6058592372585563,medium
3,cumulative_infected,2.2555463798344135,2.1896570804045496,2.204204025267245,0.1732712751515378,2.0826960029662587,2.298931684345007,1.9037678389263875,2.474956032726914,0.21623568137874827,0.5711881938005263,1.0,1.0,-0.06588929942986388,-0.05134235456716851,0.05134235456716851,0.0026360373725008495,0.7244737545330746,0.3989365571725036,1.8160124498688295,0.7244737545330746,0.8740692285862083,1.8160124498688295,2.1909980744338085,time_avg,0.8764734823496965,0.3989365571725036,28,0.6058592372585563,medium
3,early_growth_slope,0.018313246222013337,0.01720617692641445,0.017340182170127737,0.003954939177862564,0.014395399992021597,0.020049078972771806,0.010982644162140783,0.022991170356094475,0.005653678980750209,0.012008526193953692,1.0,1.0,-0.0011070692955988878,-0.0009730640518855992,0.0009730640518855992,9.4685364907202e-07,0.7244737545330746,0.3989365571725036,1.8160124498688295,0.7244737545330746,0.8740692285862083,1.8160124498688295,2.1909980744338085,time_avg,0.8764734823496965,0.3989365571725036,28,0.6058592372585563,medium
4,peak_time,16.0,21.11,20.0,11.742089535796714,14.0,28.25,3.0,44.05,14.25,41.05,1.0,1.0,5.109999999999999,4.0,4.0,16.0,0.5363719853995543,0.45055085923042926,1.1904804405782585,0.5363719853995543,0.5733575902979744,1.1904804405782585,1.2725701850337323,time_avg,0.6080337044720686,0.45055085923042926,22,0.7895390427447743,medium
4,peak_height,0.07082017511129379,0.06380644630640746,0.06182681955397129,0.014655890325058167,0.054559772834181786,0.06928432360291481,0.0459003297612071,0.09028924778103826,0.014724550768733025,0.044388918019831164,0.0,1.0,-0.007013728804886335,-0.008993355557322502,0.008993355557322502,8.088044418042353e-05,0.5363719853995543,0.45055085923042926,1.1904804405782585,0.5363719853995543,0.5733575902979744,1.1904804405782585,1.2725701850337323,time_avg,0.6080337044720686,0.45055085923042926,22,0.7895390427447743,medium
4,cumulative_infected,0.9412479635793716,0.8999657538161807,0.8515730187064037,0.3852391585703968,0.6614236427703872,1.0411932643910404,0.43038056888581194,1.6630416304389652,0.3797696216206532,1.2326610615531532,1.0,1.0,-0.04128220976319086,-0.0896749448729679,0.0896749448729679,0.008041595737969831,0.5363719853995543,0.45055085923042926,1.1904804405782585,0.5363719853995543,0.5733575902979744,1.1904804405782585,1.2725701850337323,time_avg,0.6080337044720686,0.45055085923042926,22,0.7895390427447743,medium
4,early_growth_slope,0.005822903651278464,0.0004368252153991703,0.0005897111034192636,0.0024486505879531702,-0.0012558667925597021,0.0020174895218501437,-0.0032085891246208015,0.004598775901242678,0.003273356314409846,0.00780736502586348,0.0,0.0,-0.005386078435879294,-0.005233192547859201,0.005233192547859201,2.7386304242969077e-05,0.5363719853995543,0.45055085923042926,1.1904804405782585,0.5363719853995543,0.5733575902979744,1.1904804405782585,1.2725701850337323,time_avg,0.6080337044720686,0.45055085923042926,22,0.7895390427447743,medium
5,peak_time,9.0,20.04,20.0,15.208264632472476,6.75,31.0,0.0,45.0,24.25,45.0,1.0,1.0,11.04,11.0,11.0,121.0,0.16638453325504063,0.37119618663849296,0.44823879997744187,0.16638453325504063,0.2111891134375314,0.44823879997744187,0.5689420339956455,time_avg,0.21789895491899808,0.37119618663849296,13,0.6805212610792437,medium
5,peak_height,0.042058613151311874,0.04955560315400362,0.047466836869716644,0.011344563723988454,0.04279587045311928,0.056425596587359905,0.03414210937917232,0.06750660613179206,0.013629726134240627,0.03336449675261974,0.0,1.0,0.007496990002691745,0.00540822371840477,0.00540822371840477,2.9248883788315916e-05,0.16638453325504063,0.37119618663849296,0.44823879997744187,0.16638453325504063,0.2111891134375314,0.44823879997744187,0.5689420339956455,time_avg,0.21789895491899808,0.37119618663849296,13,0.6805212610792437,medium
5,cumulative_infected,0.427402382978471,0.5129163764343139,0.46730718380149483,0.1931769971124759,0.4026413935562232,0.5849052751245836,0.33010855497414016,0.7133321007422637,0.18226388156836038,0.38322354576812356,1.0,1.0,0.08551399345584287,0.039904800823023834,0.039904800823023834,0.0015923931287252036,0.16638453325504063,0.37119618663849296,0.44823879997744187,0.16638453325504063,0.2111891134375314,0.44823879997744187,0.5689420339956455,time_avg,0.21789895491899808,0.37119618663849296,13,0.6805212610792437,medium
5,early_growth_slope,0.0023753534714203496,-0.0008588527538138018,-0.000611358527315869,0.0024626780155598627,-0.0022829172868070943,0.000782862266836067,-0.005491938258499079,0.002378740490669206,0.003065779553643161,0.007870678749168285,0.0,1.0,-0.0032342062252341515,-0.0029867119987362187,0.0029867119987362187,8.920448563394898e-06,0.16638453325504063,0.37119618663849296,0.44823879997744187,0.16638453325504063,0.2111891134375314,0.44823879997744187,0.5689420339956455,time_avg,0.21789895491899808,0.37119618663849296,13,0.6805212610792437,medium
6,peak_time,14.0,15.26,15.0,1.6368237288089147,14.0,16.0,13.0,18.0,2.0,5.0,1.0,1.0,1.2599999999999998,1.0,1.0,1.0,0.44146200906865213,0.26288154406981845,1.6793191421281544,0.44146200906865213,0.5163781245322981,1.6793191421281544,1.9642996481911783,time_avg,0.5547981800236328,0.26288154406981845,24,0.607146917994323,medium
6,peak_height,0.22176602482795715,0.19252353698015212,0.18966826796531677,0.017187725285389966,0.1818527691066265,0.20485138520598412,0.16530012115836143,0.21978895887732505,0.022998616099357605,0.05448883771896362,0.0,0.0,-0.029242487847805032,-0.03209775686264038,0.03209775686264038,0.0010302659956131777,0.44146200906865213,0.26288154406981845,1.6793191421281544,0.44146200906865213,0.5163781245322981,1.6793191421281544,1.9642996481911783,time_avg,0.5547981800236328,0.26288154406981845,24,0.607146917994323,medium
6,cumulative_infected,3.1646738069830462,3.0677467654045176,3.066439041544072,0.18941090480988038,2.960370894652442,3.193578142003389,2.740672754938714,3.347810725204181,0.233207247350947,0.6071379702654669,1.0,1.0,-0.0969270415785286,-0.09823476543897414,0.09823476543897414,0.009650069140850268,0.44146200906865213,0.26288154406981845,1.6793191421281544,0.44146200906865213,0.5163781245322981,1.6793191421281544,1.9642996481911783,time_avg,0.5547981800236328,0.26288154406981845,24,0.607146917994323,medium
6,early_growth_slope,0.007451853764775609,0.007337226343662181,0.0071491739183243,0.0023534118521375716,0.005788364436566119,0.008695712562517393,0.003717356301370144,0.011666864553366652,0.0029073481259512743,0.007949508251996508,1.0,1.0,-0.00011462742111342794,-0.0003026798464513085,0.0003026798464513085,9.161508944778768e-08,0.44146200906865213,0.26288154406981845,1.6793191421281544,0.44146200906865213,0.5163781245322981,1.6793191421281544,1.9642996481911783,time_avg,0.5547981800236328,0.26288154406981845,24,0.607146917994323,medium
7,peak_time,31.0,20.78,17.5,15.245850569776668,7.0,35.25,0.0,46.0,28.25,46.0,1.0,1.0,-10.219999999999999,-13.5,13.5,182.25,0.37186219266182036,0.4555254171651098,0.8163368686999855,0.37186219266182036,0.41057521166643346,0.8163368686999855,0.9013222889330373,time_avg,0.420317695592922,0.4555254171651098,26,0.7598269939660971,medium
7,peak_height,0.03867264464497566,0.049583291839808225,0.04783610813319683,0.01147135521688123,0.04254929907619953,0.05565769411623478,0.033836564421653746,0.06925378181040287,0.013108395040035248,0.035417217388749124,0.0,1.0,0.010910647194832562,0.009163463488221169,0.009163463488221169,8.396906309996247e-05,0.37186219266182036,0.4555254171651098,0.8163368686999855,0.37186219266182036,0.41057521166643346,0.8163368686999855,0.9013222889330373,time_avg,0.420317695592922,0.4555254171651098,26,0.7598269939660971,medium
7,cumulative_infected,0.44950378383509815,0.5361369831229603,0.48051666194805875,0.22576333233840096,0.4025831518811174,0.5917945920518832,0.3350022448626987,0.9757983501534905,0.18921144017076585,0.6407961052907918,1.0,1.0,0.08663319928786217,0.031012878112960607,0.031012878112960607,0.0009617986088493511,0.37186219266182036,0.4555254171651098,0.8163368686999855,0.37186219266182036,0.41057521166643346,0.8163368686999855,0.9013222889330373,time_avg,0.420317695592922,0.4555254171651098,26,0.7598269939660971,medium
7,early_growth_slope,0.0012040385710341594,-0.0004965700554514887,-0.0005311476720851799,0.0024795212149307856,-0.002166187807839983,0.0010733013794898788,-0.004069363129452709,0.0033227435290990814,0.0032394891873298616,0.00739210665855179,0.0,1.0,-0.001700608626485648,-0.0017351862431193392,0.0017351862431193392,3.0108712983106067e-06,0.37186219266182036,0.4555254171651098,0.8163368686999855,0.37186219266182036,0.41057521166643346,0.8163368686999855,0.9013222889330373,time_avg,0.420317695592922,0.4555254171651098,26,0.7598269939660971,medium
8,peak_time,19.0,22.75,21.0,15.589672183464243,8.0,36.25,1.0,47.05,28.25,46.05,1.0,1.0,3.75,2.0,2.0,4.0,0.31798101218175745,0.4071236940829213,0.7810427563004779,0.31798101218175745,0.35402993548100375,0.7810427563004779,0.8695881390015496,time_avg,0.3650678070283543,0.4071236940829213,23,0.7611463773148697,medium
8,peak_height,0.045063868165016174,0.04850868118926883,0.04756827838718891,0.009996014807989534,0.041232356801629066,0.05517247039824724,0.034993435628712176,0.06540319956839084,0.013940113596618176,0.030409763939678668,1.0,1.0,0.0034448130242526534,0.002504410222172737,0.002504410222172737,6.2720705609232985e-06,0.31798101218175745,0.4071236940829213,0.7810427563004779,0.31798101218175745,0.35402993548100375,0.7810427563004779,0.8695881390015496,time_avg,0.3650678070283543,0.4071236940829213,23,0.7611463773148697,medium
8,cumulative_infected,0.4740538213518448,0.5082084027673409,0.46882362515316345,0.15955677198878068,0.4103200727549847,0.5710434390857699,0.3241284129260748,0.7681982005247845,0.1607233663307852,0.4440697875987097,1.0,1.0,0.0341545814154961,-0.005230196198681369,0.005230196198681369,2.7354952276701046e-05,0.31798101218175745,0.4071236940829213,0.7810427563004779,0.31798101218175745,0.35402993548100375,0.7810427563004779,0.8695881390015496,time_avg,0.3650678070283543,0.4071236940829213,23,0.7611463773148697,medium
8,early_growth_slope,-0.0020422626638762825,-0.0002612230556618056,-0.0003058259594365064,0.0023573232147518336,-0.0020945018512152475,0.0015579215223191392,-0.003789031404241018,0.003190452323109462,0.0036524233735343867,0.00697948372735048,1.0,1.0,0.001781039608214477,0.001736436704439776,0.001736436704439776,3.0152124285256705e-06,0.31798101218175745,0.4071236940829213,0.7810427563004779,0.31798101218175745,0.35402993548100375,0.7810427563004779,0.8695881390015496,time_avg,0.3650678070283543,0.4071236940829213,23,0.7611463773148697,medium
9,peak_time,15.0,13.91,14.0,4.030427202461723,12.0,15.0,9.0,19.049999999999997,3.0,10.049999999999997,1.0,1.0,-1.0899999999999999,-1.0,1.0,1.0,0.6366363841421508,0.49438448963967485,1.287735350690622,0.6366363841421508,0.7198716844684708,1.287735350690622,1.4560968225219588,time_avg,0.7299880611509427,0.49438448963967485,28,0.7093611339914244,medium
9,peak_height,0.1052829846739769,0.11076298151165247,0.11145129799842834,0.017237263048105286,0.10179947316646576,0.11886590905487537,0.08431426919996739,0.13577967956662176,0.017066435888409615,0.05146541036665438,1.0,1.0,0.005479996837675569,0.0061683133244514465,0.0061683133244514465,3.8048089268605256e-05,0.6366363841421508,0.49438448963967485,1.287735350690622,0.6366363841421508,0.7198716844684708,1.287735350690622,1.4560968225219588,time_avg,0.7299880611509427,0.49438448963967485,28,0.7093611339914244,medium
9,cumulative_infected,1.5281571138184518,1.6065395290156994,1.61702269280795,0.19897371388318333,1.484861970631755,1.7522745387832401,1.3203623311550472,1.8911190939921654,0.2674125681514852,0.5707567628371182,1.0,1.0,0.07838241519724765,0.08886557898949832,0.08886557898949832,0.007897091129138764,0.6366363841421508,0.49438448963967485,1.287735350690622,0.6366363841421508,0.7198716844684708,1.287735350690622,1.4560968225219588,time_avg,0.7299880611509427,0.49438448963967485,28,0.7093611339914244,medium
9,early_growth_slope,0.005658676759118126,0.005464699622641221,0.005528503290926372,0.0032239328461459876,0.0033321494508224228,0.007734923981410073,0.00032590740600079755,0.009987334300309327,0.00440277453058765,0.009661426894308529,1.0,1.0,-0.000193977136476905,-0.00013017346819175352,0.00013017346819175352,1.6945131821069464e-08,0.6366363841421508,0.49438448963967485,1.287735350690622,0.6366363841421508,0.7198716844684708,1.287735350690622,1.4560968225219588,time_avg,0.7299880611509427,0.49438448963967485,28,0.7093611339914244,medium
10,peak_time,10.0,8.36,8.0,0.7590531049680359,8.0,9.0,7.0,9.049999999999997,1.0,2.049999999999997,0.0,0.0,-1.6400000000000006,-2.0,2.0,4.0,0.7057297576712247,0.23837948620855742,2.960530576250106,0.7057297576712247,0.882170929060198,2.960530576250106,3.7006998508604454,time_avg,0.9472898215410569,0.23837948620855742,15,0.6357125373025289,medium
10,peak_height,0.3933405876159668,0.39498906701803205,0.39557090401649475,0.026255093333739026,0.37795841693878174,0.4116181209683418,0.35220309644937514,0.4365094184875488,0.03365970402956009,0.08430632203817368,1.0,1.0,0.0016484794020652505,0.002230316400527954,0.002230316400527954,4.974311246463969e-06,0.7057297576712247,0.23837948620855742,2.960530576250106,0.7057297576712247,0.882170929060198,2.960530576250106,3.7006998508604454,time_avg,0.9472898215410569,0.23837948620855742,15,0.6357125373025289,medium
10,cumulative_infected,4.260547424550168,4.127236093172177,4.1081629396067,0.23117059341640978,3.9845648250338854,4.265684515179601,3.756996548414463,4.532280541601358,0.28111969014571514,0.7752839931868944,1.0,1.0,-0.13331133137799078,-0.15238448494346812,0.15238448494346812,0.023221031251486064,0.7057297576712247,0.23837948620855742,2.960530576250106,0.7057297576712247,0.882170929060198,2.960530576250106,3.7006998508604454,time_avg,0.9472898215410569,0.23837948620855742,15,0.6357125373025289,medium
10,early_growth_slope,0.05189903193552579,0.050504211024211446,0.05032056459735723,0.006092034031248827,0.04694060468491876,0.05376862957495003,0.04204482816359294,0.059443724541328936,0.006828024890031273,0.017398896377736,1.0,1.0,-0.0013948209113143414,-0.0015784673381685557,0.0015784673381685557,2.491559137664926e-06,0.7057297576712247,0.23837948620855742,2.960530576250106,0.7057297576712247,0.882170929060198,2.960530576250106,3.7006998508604454,time_avg,0.9472898215410569,0.23837948620855742,15,0.6357125373025289,medium
11,peak_time,15.0,14.23,14.0,1.2460442458541603,13.0,15.0,12.0,16.0,2.0,4.0,1.0,1.0,-0.7699999999999996,-1.0,1.0,1.0,0.5043128238017798,0.18982086001376658,2.6567829466435087,0.5043128238017798,0.5319669301799791,2.6567829466435087,2.8024682331615116,time_avg,0.5510929229146162,0.18982086001376658,23,0.8428036188275616,medium
11,peak_height,0.32682010531425476,0.3070944213867188,0.3044331967830658,0.019354472147578284,0.2913660630583763,0.3206825256347656,0.27852862030267717,0.3375822722911834,0.029316462576389313,0.05905365198850626,0.0,1.0,-0.019725683927535986,-0.022386908531188965,0.022386908531188965,0.0005011736735838213,0.5043128238017798,0.18982086001376658,2.6567829466435087,0.5043128238017798,0.5319669301799791,2.6567829466435087,2.8024682331615116,time_avg,0.5510929229146162,0.18982086001376658,23,0.8428036188275616,medium
11,cumulative_infected,5.058528550143819,4.899765447971149,4.8748380186152644,0.255521332001374,4.750072448281571,5.052649529243354,4.496700084180338,5.394357753847726,0.3025770809617825,0.8976576696673879,0.0,1.0,-0.15876310217266987,-0.18369053152855486,0.18369053152855486,0.03374221137324301,0.5043128238017798,0.18982086001376658,2.6567829466435087,0.5043128238017798,0.5319669301799791,2.6567829466435087,2.8024682331615116,time_avg,0.5510929229146162,0.18982086001376658,23,0.8428036188275616,medium
11,early_growth_slope,0.01682371951063119,0.012492568524363116,0.01260581955319226,0.003337446341140868,0.010117054648054319,0.014890572794857209,0.006997662492185121,0.017321975177730473,0.00477351814680289,0.010324312685545352,0.0,1.0,-0.004331150986268075,-0.004217899957438931,0.004217899957438931,1.7790680050963334e-05,0.5043128238017798,0.18982086001376658,2.6567829466435087,0.5043128238017798,0.5319669301799791,2.6567829466435087,2.8024682331615116,time_avg,0.5510929229146162,0.18982086001376658,23,0.8428036188275616,medium
12,peak_time,37.0,40.57,41.0,5.492428213164709,37.0,45.0,31.95,48.0,8.0,16.05,1.0,1.0,3.5700000000000003,4.0,4.0,16.0,0.14355803793490407,0.06716894073547608,2.1372681534500093,0.14355803793490407,0.12998399317290554,2.1372681534500093,1.9351800363326699,time_avg,0.16420260212156723,0.06716894073547608,30,0.6856845762502141,medium
12,peak_height,0.18019430339336395,0.20852538630366324,0.21513866633176804,0.05724127987398862,0.17964017391204834,0.2481221966445446,0.10197348296642304,0.2958943977952003,0.06848202273249626,0.19392091482877727,1.0,1.0,0.028331082910299288,0.03494436293840408,0.03494436293840408,0.0012211085011709089,0.14355803793490407,0.06716894073547608,2.1372681534500093,0.14355803793490407,0.12998399317290554,2.1372681534500093,1.9351800363326699,time_avg,0.16420260212156723,0.06716894073547608,30,0.6856845762502141,medium
12,cumulative_infected,4.4263198506087065,4.918754768231883,5.01643146816059,1.4956898564564063,4.203426204039715,5.961824659607373,1.848695591953583,7.120374025014462,1.758398455567658,5.271678433060878,1.0,1.0,0.4924349176231768,0.5901116175518837,0.5901116175518837,0.34823172116970064,0.14355803793490407,0.06716894073547608,2.1372681534500093,0.14355803793490407,0.12998399317290554,2.1372681534500093,1.9351800363326699,time_avg,0.16420260212156723,0.06716894073547608,30,0.6856845762502141,medium
12,early_growth_slope,0.003769969490046303,0.001622938012196322,0.0017489039261514936,0.0025671351832169194,-4.970875757169753e-05,0.003378541579531017,-0.0025857623769081238,0.005045642432413017,0.0034282503371027145,0.007631404809321141,0.0,1.0,-0.002147031477849981,-0.0020210655638948096,0.0020210655638948096,4.0847060135614445e-06,0.14355803793490407,0.06716894073547608,2.1372681534500093,0.14355803793490407,0.12998399317290554,2.1372681534500093,1.9351800363326699,time_avg,0.16420260212156723,0.06716894073547608,30,0.6856845762502141,medium
13,peak_time,46.0,34.79,36.0,4.835255626096409,32.0,38.0,26.95,42.05,6.0,15.099999999999998,0.0,0.0,-11.21,-10.0,10.0,100.0,0.15252787378016136,0.08061596621682687,1.8920305857268804,0.15252787378016136,0.13819852110072564,1.8920305857268804,1.7142822642480422,time_avg,0.19105383158896616,0.08061596621682687,20,0.6639170795617289,medium
13,peak_height,0.1505000740289688,0.17332016207277776,0.1747542843222618,0.04101828753679541,0.14237144589424133,0.1979079805314541,0.11445091404020787,0.23917263597249983,0.05553653463721275,0.12472172193229196,1.0,1.0,0.022820088043808945,0.024254210293293,0.024254210293293,0.0005882667169512801,0.15252787378016136,0.08061596621682687,1.8920305857268804,0.15252787378016136,0.13819852110072564,1.8920305857268804,1.7142822642480422,time_avg,0.19105383158896616,0.08061596621682687,20,0.6639170795617289,medium
13,cumulative_infected,3.674999702721834,4.282052766856213,4.351561712799594,1.0577566164616305,3.535029844424571,4.918554604344536,2.694604931701906,6.168410410289653,1.3835247599199647,3.473805478587747,1.0,1.0,0.6070530641343792,0.6765620100777596,0.6765620100777596,0.45773615348045854,0.15252787378016136,0.08061596621682687,1.8920305857268804,0.15252787378016136,0.13819852110072564,1.8920305857268804,1.7142822642480422,time_avg,0.19105383158896616,0.08061596621682687,20,0.6639170795617289,medium
13,early_growth_slope,0.00271531402887333,0.0013466308235105576,0.0015727698572889147,0.0023179184380142594,-0.00030806360189758507,0.0028793461464201317,-0.002415229918482337,0.004628216051163948,0.003187409748317717,0.007043445969646286,1.0,1.0,-0.0013686832053627722,-0.0011425441715844152,0.0011425441715844152,1.3054071840215176e-06,0.15252787378016136,0.08061596621682687,1.8920305857268804,0.15252787378016136,0.13819852110072564,1.8920305857268804,1.7142822642480422,time_avg,0.19105383158896616,0.08061596621682687,20,0.6639170795617289,medium
14,peak_time,14.0,13.06,13.0,1.0619212624657104,12.0,14.0,11.0,15.0,2.0,4.0,1.0,1.0,-0.9399999999999995,-1.0,1.0,1.0,0.540881561382793,0.06533992855498873,8.277963771074502,0.540881561382793,0.5331851683404849,8.277963771074502,8.160173727336836,time_avg,0.6232517652903978,0.06533992855498873,10,0.8347974917703896,medium
14,peak_height,0.6593053936958313,0.6558078759908677,0.6540977656841278,0.022139946437079932,0.6404833942651749,0.671311616897583,0.6226757675409317,0.6908514022827148,0.030828222632408142,0.06817563474178312,1.0,1.0,-0.0034975177049636486,-0.005207628011703491,0.005207628011703491,2.7119389508278857e-05,0.540881561382793,0.06533992855498873,8.277963771074502,0.540881561382793,0.5331851683404849,8.277963771074502,8.160173727336836,time_avg,0.6232517652903978,0.06533992855498873,10,0.8347974917703896,medium
14,cumulative_infected,14.077087009325624,13.807031356561057,13.790670039597899,0.6039993332450736,13.398717810632661,14.266571887594182,12.815450806892477,14.739526895573363,0.8678540769615211,1.924076088680886,1.0,1.0,-0.270055652764567,-0.2864169697277248,0.2864169697277248,0.08203468054801243,0.540881561382793,0.06533992855498873,8.277963771074502,0.540881561382793,0.5331851683404849,8.277963771074502,8.160173727336836,time_avg,0.6232517652903978,0.06533992855498873,10,0.8347974917703896,medium
14,early_growth_slope,0.04148381367503177,0.03619791972419122,0.03605697757475787,0.005876492900198655,0.032941094465232225,0.03972733020607067,0.02632579266570419,0.04567420122690409,0.006786235740838448,0.0193484085611999,0.0,1.0,-0.005285893950840545,-0.005426836100273898,0.005426836100273898,2.9450550059236004e-05,0.540881561382793,0.06533992855498873,8.277963771074502,0.540881561382793,0.5331851683404849,8.277963771074502,8.160173727336836,time_avg,0.6232517652903978,0.06533992855498873,10,0.8347974917703896,medium
15,peak_time,8.0,8.69,9.0,0.8127146181194544,8.0,9.0,8.0,10.0,1.0,2.0,1.0,1.0,0.6899999999999995,1.0,1.0,1.0,0.8181208669205793,0.28836670675614245,2.837085030112106,0.8181208669205793,0.9113247364738031,2.837085030112106,3.1602980341432607,time_avg,0.913956139374223,0.28836670675614245,26,0.7815466092842691,medium
15,peak_height,0.3471231758594513,0.33090096175670625,0.3309086859226227,0.025761102582200227,0.3155246749520302,0.3465074896812439,0.28975088596343995,0.3772901564836502,0.030982814729213715,0.08753927052021027,0.0,1.0,-0.016222214102745047,-0.016214489936828613,0.016214489936828613,0.00026290968391151637,0.8181208669205793,0.28836670675614245,2.837085030112106,0.8181208669205793,0.9113247364738031,2.837085030112106,3.1602980341432607,time_avg,0.913956139374223,0.28836670675614245,26,0.7815466092842691,medium
15,cumulative_infected,3.479189909528941,3.3783080913945445,3.361641670751851,0.23095904164471348,3.2327337874594377,3.5505685977695975,2.9768289700412423,3.7170939981238917,0.3178348103101598,0.7402650280826495,1.0,1.0,-0.10088181813439645,-0.11754823877708986,0.11754823877708986,0.013817588439595734,0.8181208669205793,0.28836670675614245,2.837085030112106,0.8181208669205793,0.9113247364738031,2.837085030112106,3.1602980341432607,time_avg,0.913956139374223,0.28836670675614245,26,0.7815466092842691,medium
15,early_growth_slope,0.041824241179884175,0.038861908629935764,0.039150974081296995,0.005308863178091779,0.035018057579041584,0.04249420449958137,0.03138403434007029,0.0470624071972755,0.007476146920539786,0.015678372857205213,1.0,1.0,-0.0029623325499484113,-0.00267326709858718,0.00267326709858718,7.14635698038872e-06,0.8181208669205793,0.28836670675614245,2.837085030112106,0.8181208669205793,0.9113247364738031,2.837085030112106,3.1602980341432607,time_avg,0.913956139374223,0.28836670675614245,26,0.7815466092842691,medium
16,peak_time,8.0,9.02,9.0,0.8162491202216553,9.0,9.25,8.0,10.0,0.25,2.0,0.0,1.0,1.0199999999999996,1.0,1.0,1.0,0.761596602641214,0.2314239913615988,3.2909146461449765,0.761596602641214,0.8821712523043241,3.2909146461449765,3.8119265298036282,time_avg,0.88644438272607,0.2314239913615988,28,0.679906646973483,medium
16,peak_height,0.43284666538238525,0.38625404596328733,0.3855714201927185,0.024586108287001588,0.3685733675956726,0.39827483147382736,0.34520516395568845,0.42765882313251496,0.029701463878154755,0.08245365917682651,0.0,0.0,-0.046592619419097925,-0.04727524518966675,0.04727524518966675,0.002234948807743109,0.761596602641214,0.2314239913615988,3.2909146461449765,0.761596602641214,0.8821712523043241,3.2909146461449765,3.8119265298036282,time_avg,0.88644438272607,0.2314239913615988,28,0.679906646973483,medium
16,cumulative_infected,4.473095134628238,4.323802857820456,4.319965388189303,0.23558026629094153,4.186988544824544,4.492067217627891,3.9515866926521994,4.6995593890707825,0.3050786728033472,0.7479726964185831,1.0,1.0,-0.149292276807782,-0.1531297464389354,0.1531297464389354,0.02344871924445265,0.761596602641214,0.2314239913615988,3.2909146461449765,0.761596602641214,0.8821712523043241,3.2909146461449765,3.8119265298036282,time_avg,0.88644438272607,0.2314239913615988,28,0.679906646973483,medium
16,early_growth_slope,0.04607786337978072,0.0443476167365467,0.04437227506492663,0.006085247230284191,0.04093172868652756,0.04900726605661647,0.03427427348520029,0.05354804063265743,0.008075537370088912,0.01927376714745714,1.0,1.0,-0.0017302466432340194,-0.0017055883148540882,0.0017055883148540882,2.9090314997668084e-06,0.761596602641214,0.2314239913615988,3.2909146461449765,0.761596602641214,0.8821712523043241,3.2909146461449765,3.8119265298036282,time_avg,0.88644438272607,0.2314239913615988,28,0.679906646973483,medium
17,peak_time,11.0,9.66,10.0,0.9235417115264978,9.0,10.0,8.0,11.0,1.0,3.0,0.0,1.0,-1.3399999999999999,-1.0,1.0,1.0,0.6609570926568087,0.07263987527929502,9.099094541606478,0.6609570926568087,0.7384372863703252,9.099094541606478,10.165728995694,time_avg,0.838220185145072,0.07263987527929502,21,0.6353869461177517,medium
17,peak_height,0.7040202617645264,0.7102597749233246,0.7110389471054077,0.026385021840054652,0.6924170851707458,0.7322794944047928,0.6703606933355332,0.7460792869329452,0.039862409234046936,0.07571859359741206,1.0,1.0,0.006239513158798227,0.007018685340881348,0.007018685340881348,4.926194391430272e-05,0.6609570926568087,0.07263987527929502,9.099094541606478,0.6609570926568087,0.7384372863703252,9.099094541606478,10.165728995694,time_avg,0.838220185145072,0.07263987527929502,21,0.6353869461177517,medium
17,cumulative_infected,12.991754926319118,13.188196027193918,13.137750874273479,0.723378702762867,12.77902617957443,13.663349853362888,11.88834687982453,14.440714359330013,0.8843236737884581,2.5523674795054827,1.0,1.0,0.19644110087480016,0.14599594795436133,0.14599594795436133,0.021314816819092582,0.6609570926568087,0.07263987527929502,9.099094541606478,0.6609570926568087,0.7384372863703252,9.099094541606478,10.165728995694,time_avg,0.838220185145072,0.07263987527929502,21,0.6353869461177517,medium
17,early_growth_slope,0.08821733017109742,0.08042110494614634,0.0819132577855184,0.01237900490681178,0.07217208688823683,0.08898811336257492,0.06081018598162613,0.09778717365473613,0.016816026474338094,0.03697698767311,1.0,1.0,-0.007796225224951089,-0.006304072385579021,0.006304072385579021,3.9741328642619965e-05,0.6609570926568087,0.07263987527929502,9.099094541606478,0.6609570926568087,0.7384372863703252,9.099094541606478,10.165728995694,time_avg,0.838220185145072,0.07263987527929502,21,0.6353869461177517,medium
18,peak_time,21.0,23.86,25.5,11.98738394051737,15.75,31.0,2.95,45.0,15.25,42.05,1.0,1.0,2.8599999999999994,4.5,4.5,20.25,0.17177446384736578,0.1360175458577101,1.2628845989256527,0.17177446384736578,0.16565881471212499,1.2628845989256527,1.2179223913172428,time_avg,0.2126578314981165,0.1360175458577101,17,0.7087128369355162,medium
18,peak_height,0.06480765342712402,0.068446801379323,0.06572296470403671,0.019862551748375094,0.054066235199570656,0.07815698347985744,0.04269000813364983,0.10199822857975957,0.02409074828028679,0.05930822044610974,1.0,1.0,0.0036391479521989817,0.0009153112769126892,0.0009153112769126892,8.377947336435376e-07,0.17177446384736578,0.1360175458577101,1.2628845989256527,0.17177446384736578,0.16565881471212499,1.2628845989256527,1.2179223913172428,time_avg,0.2126578314981165,0.1360175458577101,17,0.7087128369355162,medium
18,cumulative_infected,1.40291189821437,1.1165964158491988,0.9655308619840071,0.5647152197242453,0.7001355968241114,1.41219805603032,0.5178942162412568,2.02431936415378,0.7120624592062086,1.5064251479125235,1.0,1.0,-0.28631548236517124,-0.43738103623036295,0.43738103623036295,0.19130217085394607,0.17177446384736578,0.1360175458577101,1.2628845989256527,0.17177446384736578,0.16565881471212499,1.2628845989256527,1.2179223913172428,time_avg,0.2126578314981165,0.1360175458577101,17,0.7087128369355162,medium
18,early_growth_slope,-0.0026633578762855553,0.00047642776781209485,0.0005855500296872516,0.00251357491273167,-0.0012568268641535666,0.0019337438614110444,-0.0033504328647506448,0.005016701117381756,0.003190570725564611,0.008367133982132402,0.0,1.0,0.00313978564409765,0.003248907905972807,0.003248907905972807,1.0555402581492609e-05,0.17177446384736578,0.1360175458577101,1.2628845989256527,0.17177446384736578,0.16565881471212499,1.2628845989256527,1.2179223913172428,time_avg,0.2126578314981165,0.1360175458577101,17,0.7087128369355162,medium
19,peak_time,15.0,18.92,19.0,7.7806805550022355,13.0,23.0,9.0,32.05,10.0,23.049999999999997,1.0,1.0,3.9200000000000017,4.0,4.0,16.0,0.28723248150394004,0.2659369063978252,1.0800775469436272,0.28723248150394004,0.30388739012272387,1.0800775469436272,1.1427048401778694,time_avg,0.3622948668353909,0.2659369063978252,24,0.6015655913568141,medium
19,peak_height,0.08027580380439758,0.07339670453220606,0.07094557210803032,0.018306082282904156,0.06019870191812515,0.08188645914196968,0.05136398747563362,0.10770447812974453,0.021687757223844528,0.056340490654110904,1.0,1.0,-0.006879099272191519,-0.009330231696367264,0.009330231696367264,8.705322350789635e-05,0.28723248150394004,0.2659369063978252,1.0800775469436272,0.28723248150394004,0.30388739012272387,1.0800775469436272,1.1427048401778694,time_avg,0.3622948668353909,0.2659369063978252,24,0.6015655913568141,medium
19,cumulative_infected,1.2313390010385774,1.162710274481369,1.107096618739888,0.38161308928711307,0.8796512700973835,1.3865011589275582,0.6269512938975822,1.866210826151655,0.5068498888301747,1.239259532254073,1.0,1.0,-0.06862872655720831,-0.12424238229868934,0.12424238229868934,0.015436169559253672,0.28723248150394004,0.2659369063978252,1.0800775469436272,0.28723248150394004,0.30388739012272387,1.0800775469436272,1.1427048401778694,time_avg,0.3622948668353909,0.2659369063978252,24,0.6015655913568141,medium
19,early_growth_slope,0.0028226766569007717,0.0013614982054169955,0.0016361119807178123,0.0027089437862123887,-0.0003641560116583212,0.0031262795798413985,-0.003169366765567764,0.00593225446853986,0.0034904355914997195,0.009101621234107625,1.0,1.0,-0.0014611784514837762,-0.0011865646761829594,0.0011865646761829594,1.4079357307651714e-06,0.28723248150394004,0.2659369063978252,1.0800775469436272,0.28723248150394004,0.30388739012272387,1.0800775469436272,1.1427048401778694,time_avg,0.3622948668353909,0.2659369063978252,24,0.6015655913568141,medium
20,peak_time,13.0,11.62,11.0,2.2237469516675015,10.0,13.0,8.95,15.0,3.0,6.050000000000001,1.0,1.0,-1.3800000000000008,-2.0,2.0,4.0,0.6427242265122733,0.45798545239509403,1.4033725812710078,0.6427242265122733,0.6817723728382119,1.4033725812710078,1.488633250844094,time_avg,0.757582245654678,0.45798545239509403,13,0.7951198826637,medium
20,peak_height,0.13661961257457733,0.13036331191658973,0.12993423640727997,0.013334347265529664,0.12283806875348091,0.13864851370453835,0.10697716027498246,0.1491589732468128,0.015810444951057434,0.04218181297183034,1.0,1.0,-0.006256300657987601,-0.006685376167297363,0.006685376167297363,4.469425449826758e-05,0.6427242265122733,0.45798545239509403,1.4033725812710078,0.6427242265122733,0.6817723728382119,1.4033725812710078,1.488633250844094,time_avg,0.757582245654678,0.45798545239509403,13,0.7951198826637,medium
20,cumulative_infected,1.641474457581353,1.717817118631025,1.7312574819807196,0.16192121252868907,1.6249104373418959,1.8051447072447502,1.4249518249562243,1.9915456621074554,0.1802342699028543,0.5665938371512311,1.0,1.0,0.07634266104967202,0.0897830243993667,0.0897830243993667,0.008060991470297275,0.6427242265122733,0.45798545239509403,1.4033725812710078,0.6427242265122733,0.6817723728382119,1.4033725812710078,1.488633250844094,time_avg,0.757582245654678,0.45798545239509403,13,0.7951198826637,medium
20,early_growth_slope,0.003959594150295568,0.008104699696952072,0.008121451884064643,0.0032283905958875397,0.006569335326535758,0.010333494951261117,0.0024639191444120593,0.012854730408157804,0.0037641596247253587,0.010390811263745746,0.0,1.0,0.004145105546656504,0.004161857733769075,0.004161857733769075,1.7321059796133457e-05,0.6427242265122733,0.45798545239509403,1.4033725812710078,0.6427242265122733,0.6817723728382119,1.4033725812710078,1.488633250844094,time_avg,0.757582245654678,0.45798545239509403,13,0.7951198826637,medium
21,peak_time,23.0,18.57,17.5,7.242209328623135,13.0,21.25,8.0,34.0,8.25,26.0,0.0,1.0,-4.43,-5.5,5.5,30.25,0.4774692804543113,0.40622173373448467,1.1753907799684484,0.4774692804543113,0.5061999013963312,1.1753907799684484,1.2461172294813612,time_avg,0.5551993028177133,0.40622173373448467,20,0.7666603026789615,medium
21,peak_height,0.08188601583242416,0.07612868178635836,0.0716540589928627,0.016067427706235236,0.06512059643864632,0.08527825400233269,0.058151563815772536,0.10405667424201966,0.02015765756368637,0.04590511042624712,1.0,1.0,-0.005757334046065807,-0.010231956839561462,0.010231956839561462,0.00010469294076664859,0.4774692804543113,0.40622173373448467,1.1753907799684484,0.4774692804543113,0.5061999013963312,1.1753907799684484,1.2461172294813612,time_avg,0.5551993028177133,0.40622173373448467,20,0.7666603026789615,medium
21,cumulative_infected,1.23833212768659,1.2079758131545624,1.188117474957835,0.27361332538028793,1.0638632835252793,1.3740077444235794,0.8271763737895527,1.7322065871707308,0.31014446089830017,0.9050302133811782,1.0,1.0,-0.030356314532027584,-0.05021465272875503,0.05021465272875503,0.0025215113486694645,0.4774692804543113,0.40622173373448467,1.1753907799684484,0.4774692804543113,0.5061999013963312,1.1753907799684484,1.2461172294813612,time_avg,0.5551993028177133,0.40622173373448467,20,0.7666603026789615,medium
21,early_growth_slope,-0.0008152542591449743,0.0013749865273196833,0.0008513358784728644,0.002791233936463029,-0.0003723962997485468,0.003346626224811189,-0.002525770048461188,0.006078762487353135,0.0037190225245597357,0.008604532535814323,0.0,1.0,0.0021902407864646577,0.0016665901376178387,0.0016665901376178387,2.7775226868050464e-06,0.4774692804543113,0.40622173373448467,1.1753907799684484,0.4774692804543113,0.5061999013963312,1.1753907799684484,1.2461172294813612,time_avg,0.5551993028177133,0.40622173373448467,20,0.7666603026789615,medium
22,peak_time,5.0,19.74,19.0,15.640933088495323,4.0,31.75,0.0,46.05,27.75,46.05,1.0,1.0,14.739999999999998,14.0,14.0,196.0,0.11123888655362046,0.48611407769724624,0.22883288441381136,0.11123888655362046,0.15310777567632233,0.22883288441381136,0.31496264498572796,time_avg,0.15483385448112277,0.48611407769724624,10,0.6480504209367098,medium
22,peak_height,0.04550870880484581,0.05018518691882491,0.048801055178046227,0.009959626288243387,0.04378572106361389,0.056126873940229416,0.03642494138330221,0.06693656370043753,0.012341152876615524,0.03051162231713532,1.0,1.0,0.004676478113979102,0.0032923463732004166,0.0032923463732004166,1.0839544641125937e-05,0.11123888655362046,0.48611407769724624,0.22883288441381136,0.11123888655362046,0.15310777567632233,0.22883288441381136,0.31496264498572796,time_avg,0.15483385448112277,0.48611407769724624,10,0.6480504209367098,medium
22,cumulative_infected,0.35664383927360177,0.5151818036839358,0.47187062999000773,0.17994482585200802,0.40475650936423335,0.5723652253800537,0.32922197263105774,0.812094827304827,0.1676087160158204,0.4828728546737692,0.0,1.0,0.15853796441033408,0.11522679071640596,0.11522679071640596,0.013277213298802418,0.11123888655362046,0.48611407769724624,0.22883288441381136,0.11123888655362046,0.15310777567632233,0.22883288441381136,0.31496264498572796,time_avg,0.15483385448112277,0.48611407769724624,10,0.6480504209367098,medium
22,early_growth_slope,-0.001959796085776316,-0.0005154732665158952,-0.0004994969127611023,0.0024814224090074673,-0.0019223402608380025,0.0007781122216588955,-0.004510980881916887,0.0038157850767241873,0.0027004524824968982,0.008326765958641074,0.0,1.0,0.0014443228192604208,0.0014602991730152137,0.0014602991730152137,2.132473674708917e-06,0.11123888655362046,0.48611407769724624,0.22883288441381136,0.11123888655362046,0.15310777567632233,0.22883288441381136,0.31496264498572796,time_avg,0.15483385448112277,0.48611407769724624,10,0.6480504209367098,medium
23,peak_time,21.0,17.47,16.0,7.398409602506788,13.0,21.0,8.0,31.249999999999986,8.0,23.249999999999986,1.0,1.0,-3.530000000000001,-5.0,5.0,25.0,0.47939185890218383,0.3939358620723191,1.2169287060597103,0.47939185890218383,0.4931489792048512,1.2169287060597103,1.2518509399236122,time_avg,0.5905764858336026,0.3939358620723191,12,0.7522834632581594,medium
23,peak_height,0.08275720477104187,0.08060857441276312,0.08154745772480965,0.015611839701004873,0.0714358352124691,0.09112190082669258,0.05385374426841736,0.10302623584866523,0.01968606561422348,0.04917249158024787,1.0,1.0,-0.0021486303582787525,-0.0012097470462322235,0.0012097470462322235,1.4634879158675895e-06,0.47939185890218383,0.3939358620723191,1.2169287060597103,0.47939185890218383,0.4931489792048512,1.2169287060597103,1.2518509399236122,time_avg,0.5905764858336026,0.3939358620723191,12,0.7522834632581594,medium
23,cumulative_infected,1.087664589463202,1.2450485112231946,1.2534235944622196,0.2839503067484137,1.1084477761396556,1.410345517215319,0.7747877573609003,1.6169883994502015,0.30189774107566336,0.8422006420893011,0.0,1.0,0.1573839217599926,0.16575900499901763,0.16575900499901763,0.027476047738264352,0.47939185890218383,0.3939358620723191,1.2169287060597103,0.47939185890218383,0.4931489792048512,1.2169287060597103,1.2518509399236122,time_avg,0.5905764858336026,0.3939358620723191,12,0.7522834632581594,medium
23,early_growth_slope,0.0029419223179242434,0.0018912308356344252,0.002202016654856769,0.0030000884168307727,1.2087647129583908e-06,0.00413235512817101,-0.002509635611828082,0.005808321288731392,0.0041311463634580515,0.008317956900559474,1.0,1.0,-0.0010506914822898182,-0.0007399056630674745,0.0007399056630674745,5.474603902393191e-07,0.47939185890218383,0.3939358620723191,1.2169287060597103,0.47939185890218383,0.4931489792048512,1.2169287060597103,1.2518509399236122,time_avg,0.5905764858336026,0.3939358620723191,12,0.7522834632581594,medium
24,peak_time,37.0,22.44,23.5,15.893788889139218,7.0,34.25,0.0,47.0,27.25,47.0,0.0,1.0,-14.559999999999999,-13.5,13.5,182.25,0.2770776627926408,0.43935215307256603,0.6306505177109647,0.2770776627926408,0.34946159370621893,0.6306505177109647,0.7954020283326113,time_avg,0.3625024604645344,0.43935215307256603,18,0.6317921644137573,medium
24,peak_height,0.04208808019757271,0.04890094703063369,0.048699501901865005,0.010939699904746143,0.041929055005311966,0.054111067205667496,0.034049327671527865,0.06322700902819633,0.01218201220035553,0.02917768135666847,1.0,1.0,0.006812866833060982,0.006611421704292297,0.006611421704292297,4.3710896951987266e-05,0.2770776627926408,0.43935215307256603,0.6306505177109647,0.2770776627926408,0.34946159370621893,0.6306505177109647,0.7954020283326113,time_avg,0.3625024604645344,0.43935215307256603,18,0.6317921644137573,medium
24,cumulative_infected,0.431415292667225,0.5041266114792552,0.463210815385537,0.19086042146654783,0.39361990672841785,0.5593469828236266,0.31316477499494794,0.7623745428194524,0.16572707609520876,0.44920976782450445,1.0,1.0,0.07271131881203019,0.031795522718311986,0.031795522718311986,0.0010109552649306937,0.2770776627926408,0.43935215307256603,0.6306505177109647,0.2770776627926408,0.34946159370621893,0.6306505177109647,0.7954020283326113,time_avg,0.3625024604645344,0.43935215307256603,18,0.6317921644137573,medium
24,early_growth_slope,-0.00256946451762425,-0.0004069259180886583,-0.00034665321609714836,0.0023189700565744826,-0.0019826736838911615,0.0008581526982154519,-0.004203042808997752,0.004334337156693175,0.002840826382106613,0.008537379965690928,0.0,1.0,0.0021625385995355916,0.0022228113015271018,0.0022228113015271018,4.940890082196608e-06,0.2770776627926408,0.43935215307256603,0.6306505177109647,0.2770776627926408,0.34946159370621893,0.6306505177109647,0.7954020283326113,time_avg,0.3625024604645344,0.43935215307256603,18,0.6317921644137573,medium
25,peak_time,33.0,21.65,22.0,12.830184580263698,10.75,32.0,1.0,42.05,21.25,41.05,0.0,1.0,-11.350000000000001,-11.0,11.0,121.0,0.2270169825492601,0.18232823694296957,1.2451005195660874,0.2270169825492601,0.22265755403529458,1.2451005195660874,1.2211907369286943,time_avg,0.2557471766255679,0.18232823694296957,18,0.8244714610869218,medium
25,peak_height,0.05713877081871033,0.05720002640038729,0.05247862450778484,0.018663734634650746,0.046282741241157055,0.062307512387633324,0.039029948972165586,0.08801504671573639,0.01602477114647627,0.0489850977435708,1.0,1.0,6.125558167695971e-05,-0.004660146310925484,0.004660146310925484,2.1716963639232395e-05,0.2270169825492601,0.18232823694296957,1.2451005195660874,0.2270169825492601,0.22265755403529458,1.2451005195660874,1.2211907369286943,time_avg,0.2557471766255679,0.18232823694296957,18,0.8244714610869218,medium
25,cumulative_infected,1.0313088446855545,0.7228093573331216,0.6054910910897888,0.41845707008876415,0.45344197670783615,0.8321959805034567,0.3598877001699293,1.4520687325973989,0.3787540037956205,1.0921810324274697,0.0,1.0,-0.30849948735243293,-0.4258177535957657,0.4258177535957657,0.18132075927734423,0.2270169825492601,0.18232823694296957,1.2451005195660874,0.2270169825492601,0.22265755403529458,1.2451005195660874,1.2211907369286943,time_avg,0.2557471766255679,0.18232823694296957,18,0.8244714610869218,medium
25,early_growth_slope,-0.0014338654409151604,0.0001634182009840001,9.538048505505927e-05,0.002334048348685674,-0.0012677058347478668,0.0018062142549925264,-0.0032822805636983712,0.003883404757306423,0.003073920089740393,0.007165685321004794,0.0,1.0,0.0015972836418991605,0.0015292459259702196,0.0015292459259702196,2.3385931020965144e-06,0.2270169825492601,0.18232823694296957,1.2451005195660874,0.2270169825492601,0.22265755403529458,1.2451005195660874,1.2211907369286943,time_avg,0.2557471766255679,0.18232823694296957,18,0.8244714610869218,medium
26,peak_time,9.0,10.21,10.0,0.7951240294584375,10.0,11.0,9.0,11.0,1.0,2.0,0.0,1.0,1.2100000000000009,1.0,1.0,1.0,0.571700183413456,0.16956722212813363,3.371525323340204,0.571700183413456,0.6838299058145211,3.371525323340204,4.032795355329843,time_avg,0.7600553030865141,0.16956722212813363,17,0.6245187109408344,medium
26,peak_height,0.445259153842926,0.4528806993365288,0.45132753252983093,0.020159812368793637,0.44146066159009933,0.4657929167151451,0.4188574761152267,0.4927829340100288,0.024332255125045776,0.0739254578948021,1.0,1.0,0.007621545493602777,0.006068378686904907,0.006068378686904907,3.6825219887681726e-05,0.571700183413456,0.16956722212813363,3.371525323340204,0.571700183413456,0.6838299058145211,3.371525323340204,4.032795355329843,time_avg,0.7600553030865141,0.16956722212813363,17,0.6245187109408344,medium
26,cumulative_infected,6.057529103010893,5.9386409381143475,5.950053921213112,0.2717645143454988,5.754310711752623,6.138660500619153,5.488766106567345,6.383291750622448,0.3843497888665297,0.8945256440551024,1.0,1.0,-0.11888816489654541,-0.10747518179778126,0.10747518179778126,0.011550914702466133,0.571700183413456,0.16956722212813363,3.371525323340204,0.571700183413456,0.6838299058145211,3.371525323340204,4.032795355329843,time_avg,0.7600553030865141,0.16956722212813363,17,0.6245187109408344,medium
26,early_growth_slope,0.04565554979212936,0.04039175920209561,0.04012583581996815,0.004833296789596892,0.0371166243289952,0.0429066049634587,0.033797027219303076,0.04933645039169017,0.005789980634463503,0.015539423172387094,0.0,1.0,-0.005263790590033748,-0.005529713972161211,0.005529713972161211,3.057773661391492e-05,0.571700183413456,0.16956722212813363,3.371525323340204,0.571700183413456,0.6838299058145211,3.371525323340204,4.032795355329843,time_avg,0.7600553030865141,0.16956722212813363,17,0.6245187109408344,medium
27,peak_time,16.0,21.04,18.5,15.981630869611688,6.0,36.0,1.0,48.05,30.0,47.05,1.0,1.0,5.039999999999999,2.5,2.5,6.25,0.15299568164817892,0.2614899540680059,0.5850920055169279,0.15299568164817892,0.1686766661369376,0.5850920055169279,0.6450598331325177,time_avg,0.1759978696072186,0.2614899540680059,14,0.8184780114228516,medium
27,peak_height,0.045440636575222015,0.05002848703414202,0.04760563559830189,0.012491868151222697,0.04204337950795889,0.05626329220831394,0.036504733562469485,0.06783339492976666,0.014219912700355053,0.03132866136729717,1.0,1.0,0.004587850458920004,0.002164999023079872,0.002164999023079872,4.687220769936801e-06,0.15299568164817892,0.2614899540680059,0.5850920055169279,0.15299568164817892,0.1686766661369376,0.5850920055169279,0.6450598331325177,time_avg,0.1759978696072186,0.2614899540680059,14,0.8184780114228516,medium
27,cumulative_infected,0.3924203079659492,0.5245941110116109,0.4603109684467199,0.26059783401251313,0.4153303260609391,0.5395303287186834,0.319354504855437,1.0643073118815658,0.12420000265774434,0.7449528070261289,0.0,1.0,0.13217380304566173,0.06789066048077075,0.06789066048077075,0.004609141780515287,0.15299568164817892,0.2614899540680059,0.5850920055169279,0.15299568164817892,0.1686766661369376,0.5850920055169279,0.6450598331325177,time_avg,0.1759978696072186,0.2614899540680059,14,0.8184780114228516,medium
27,early_growth_slope,-0.0015500555302770341,-4.86725224326222e-05,-7.791487206261418e-05,0.0023337322989180225,-0.0015720296878065539,0.0013975372033504145,-0.0035886293979101075,0.0037585316727580926,0.0029695668911569684,0.0073471610706682,1.0,1.0,0.001501383007844412,0.0014721406582144199,0.0014721406582144199,2.167198117567985e-06,0.15299568164817892,0.2614899540680059,0.5850920055169279,0.15299568164817892,0.1686766661369376,0.5850920055169279,0.6450598331325177,time_avg,0.1759978696072186,0.2614899540680059,14,0.8184780114228516,medium
28,peak_time,13.0,12.48,12.0,0.9372213390570225,12.0,13.0,11.0,14.0,1.0,3.0,1.0,1.0,-0.5199999999999996,-1.0,1.0,1.0,0.49432299119677425,0.15659492402428188,3.156698687884185,0.49432299119677425,0.576998472598488,3.156698687884185,3.684656295174789,time_avg,0.6463488980904517,0.15659492402428188,19,0.6206335674751173,medium
28,peak_height,0.42866942286491394,0.4075908890366554,0.4068544954061508,0.020830891791870886,0.3941282704472542,0.42203959077596664,0.3756924644112587,0.44157277941703793,0.027911320328712463,0.06588031500577923,0.0,1.0,-0.021078533828258528,-0.021814927458763123,0.021814927458763123,0.00047589106003109727,0.49432299119677425,0.15659492402428188,3.156698687884185,0.49432299119677425,0.576998472598488,3.156698687884185,3.684656295174789,time_avg,0.6463488980904517,0.15659492402428188,19,0.6206335674751173,medium
28,cumulative_infected,6.201633562799543,6.041153458654225,6.035915895248763,0.2324797054750808,5.862256844440708,6.1665696130367,5.668004198063864,6.468742082471726,0.30431276859599166,0.8007378844078623,0.0,1.0,-0.16048010414531788,-0.16571766755077988,0.16571766755077988,0.027462345338470803,0.49432299119677425,0.15659492402428188,3.156698687884185,0.49432299119677425,0.576998472598488,3.156698687884185,3.684656295174789,time_avg,0.6463488980904517,0.15659492402428188,19,0.6206335674751173,medium
28,early_growth_slope,0.024460890407984447,0.023365030706419404,0.023094169135826327,0.0038095561069788233,0.02120953179352606,0.026186079743118682,0.017077903277684176,0.029620941685113516,0.004976547949592621,0.01254303840742934,1.0,1.0,-0.0010958597015650433,-0.0013667212721581203,0.0013667212721581203,1.8679270357695107e-06,0.49432299119677425,0.15659492402428188,3.156698687884185,0.49432299119677425,0.576998472598488,3.156698687884185,3.684656295174789,time_avg,0.6463488980904517,0.15659492402428188,19,0.6206335674751173,medium
29,peak_time,21.0,19.56,19.0,4.866542132072046,16.0,23.0,11.95,27.049999999999997,7.0,15.099999999999998,1.0,1.0,-1.4400000000000013,-2.0,2.0,4.0,0.3840654403148658,0.3020418139717494,1.2715638118594674,0.3840654403148658,0.40297817737615144,1.2715638118594674,1.3341800993614839,time_avg,0.44632839082860243,0.3020418139717494,25,0.7209993726899321,medium
29,peak_height,0.09889023751020432,0.0902069578692317,0.08911465108394623,0.014959897176279947,0.08062976971268654,0.1001149658113718,0.06781438402831555,0.11337664984166622,0.019485196098685265,0.04556226581335067,1.0,1.0,-0.00868327964097261,-0.009775586426258087,0.009775586426258087,9.556208997724136e-05,0.3840654403148658,0.3020418139717494,1.2715638118594674,0.3840654403148658,0.40297817737615144,1.2715638118594674,1.3341800993614839,time_avg,0.44632839082860243,0.3020418139717494,25,0.7209993726899321,medium
29,cumulative_infected,1.6023580408655107,1.5660558187223068,1.5415378641337156,0.23633868769819275,1.4231405495957006,1.7242919640957552,1.1759981029768825,1.9369284827029332,0.30115141450005467,0.7609303797260507,1.0,1.0,-0.03630222214320389,-0.06082017673179507,0.06082017673179507,0.0036990938976867865,0.3840654403148658,0.3020418139717494,1.2715638118594674,0.3840654403148658,0.40297817737615144,1.2715638118594674,1.3341800993614839,time_avg,0.44632839082860243,0.3020418139717494,25,0.7209993726899321,medium
29,early_growth_slope,0.0009844031273609115,0.0018014077095237252,0.0016007868218280022,0.003032939986747851,-0.0004718170274004684,0.0038544344140626916,-0.0029193518632036133,0.0067604068334081325,0.00432625144146316,0.009679758696611746,1.0,1.0,0.0008170045821628137,0.0006163836944670907,0.0006163836944670907,3.799288588048998e-07,0.3840654403148658,0.3020418139717494,1.2715638118594674,0.3840654403148658,0.40297817737615144,1.2715638118594674,1.3341800993614839,time_avg,0.44632839082860243,0.3020418139717494,25,0.7209993726899321,medium
30,peak_time,13.0,14.93,15.0,1.1569290594002937,14.0,16.0,13.0,17.0,2.0,4.0,0.0,1.0,1.9299999999999997,2.0,2.0,4.0,0.40723271051794296,0.14165506411305312,2.8748192877378225,0.40723271051794296,0.4460333697928206,2.8748192877378225,3.1487287276708087,time_avg,0.529274578510692,0.14165506411305312,19,0.6280914849097107,medium
30,peak_height,0.39137011766433716,0.3757989200949669,0.37112028896808624,0.017077900772119965,0.36430341750383377,0.38704614341259,0.35410123616456984,0.40621075928211214,0.022742725908756256,0.0521095231175423,0.0,1.0,-0.015571197569370254,-0.020249828696250916,0.020249828696250916,0.00041005556222750705,0.40723271051794296,0.14165506411305312,2.8748192877378225,0.40723271051794296,0.4460333697928206,2.8748192877378225,3.1487287276708087,time_avg,0.529274578510692,0.14165506411305312,19,0.6280914849097107,medium
30,cumulative_infected,6.559146572602913,6.391046221930301,6.384649149971665,0.26906552055078636,6.189341114495619,6.556891046144301,5.972085872929893,6.841277926694602,0.3675499316486821,0.8691920537647091,0.0,1.0,-0.16810035067261175,-0.1744974226312479,0.1744974226312479,0.030449350504948347,0.40723271051794296,0.14165506411305312,2.8748192877378225,0.40723271051794296,0.4460333697928206,2.8748192877378225,3.1487287276708087,time_avg,0.529274578510692,0.14165506411305312,19,0.6280914849097107,medium
30,early_growth_slope,0.017859282337927388,0.013924932412581777,0.01414340393551226,0.003253531034305222,0.011691543801654394,0.01631353116750861,0.008223673864267766,0.01902924642587701,0.004621987365854216,0.010805572561609245,0.0,1.0,-0.003934349925345611,-0.003715878402415128,0.003715878402415128,1.3807752301535204e-05,0.40723271051794296,0.14165506411305312,2.8748192877378225,0.40723271051794296,0.4460333697928206,2.8748192877378225,3.1487287276708087,time_avg,0.529274578510692,0.14165506411305312,19,0.6280914849097107,medium
31,peak_time,47.0,37.96,40.0,9.307236242013332,34.0,45.0,18.95,49.0,11.0,30.05,0.0,1.0,-9.04,-7.0,7.0,49.0,0.14732465656965604,0.08760267421837212,1.6817369775996973,0.14732465656965604,0.1371090953114117,1.6817369775996973,1.5651245413996395,time_avg,0.1706424923034168,0.08760267421837212,25,0.7267054012279701,medium
31,peak_height,0.14303487539291382,0.1194926443323493,0.11247137933969498,0.049750042420257407,0.08092649839818478,0.14312473684549332,0.053125476278364656,0.21974695175886155,0.06219823844730854,0.16662147548049688,1.0,1.0,-0.023542231060564522,-0.03056349605321884,0.03056349605321884,0.0009341272909951237,0.14732465656965604,0.08760267421837212,1.6817369775996973,0.14732465656965604,0.1371090953114117,1.6817369775996973,1.5651245413996395,time_avg,0.1706424923034168,0.08760267421837212,25,0.7267054012279701,medium
31,cumulative_infected,2.485223740339279,2.5222354231059034,2.4705390079470817,1.222616281675707,1.6495900171867106,3.3080499183706706,0.700915469485335,4.674738405225798,1.65845990118396,3.973822935740463,1.0,1.0,0.037011682766624254,-0.014684732392197475,0.014684732392197475,0.00021564136543045378,0.14732465656965604,0.08760267421837212,1.6817369775996973,0.14732465656965604,0.1371090953114117,1.6817369775996973,1.5651245413996395,time_avg,0.1706424923034168,0.08760267421837212,25,0.7267054012279701,medium
31,early_growth_slope,0.002060965235744204,0.0005905409477234229,0.00044255716152076193,0.0023416974630207847,-0.0010729088556087963,0.0018990067231546464,-0.0025155746897715784,0.004754744328480831,0.002971915578763443,0.007270319018252409,0.0,1.0,-0.0014704242880207814,-0.0016184080742234423,0.0016184080742234423,2.619244694711631e-06,0.14732465656965604,0.08760267421837212,1.6817369775996973,0.14732465656965604,0.1371090953114117,1.6817369775996973,1.5651245413996395,time_avg,0.1706424923034168,0.08760267421837212,25,0.7267054012279701,medium
32,peak_time,14.0,19.49,20.0,2.2807716220435554,18.0,21.0,16.0,23.0,3.0,7.0,0.0,0.0,5.489999999999998,6.0,6.0,36.0,0.3411821118560481,0.20421300689590982,1.670716851204063,0.3411821118560481,0.3305027484810822,1.670716851204063,1.618421634864541,time_avg,0.4246484831124244,0.20421300689590982,11,0.7480076521335992,medium
32,peak_height,0.13125331699848175,0.15012841753661632,0.1486561894416809,0.016875167581816734,0.13696576282382011,0.1602451205253601,0.12798776775598525,0.18273455575108527,0.023279357701539993,0.05474678799510002,0.0,1.0,0.01887510053813457,0.017402872443199158,0.017402872443199158,0.0003028599692742606,0.3411821118560481,0.20421300689590982,1.670716851204063,0.3411821118560481,0.3305027484810822,1.670716851204063,1.618421634864541,time_avg,0.4246484831124244,0.20421300689590982,11,0.7480076521335992,medium
32,cumulative_infected,2.916163185145706,2.8963440870209887,2.883969313465059,0.2838106213985371,2.720336983096786,3.0265013381140307,2.497018477739766,3.4081118363421408,0.3061643550172448,0.9110933586023746,1.0,1.0,-0.01981909812471727,-0.032193871680647135,0.032193871680647135,0.0010364453737899736,0.3411821118560481,0.20421300689590982,1.670716851204063,0.3411821118560481,0.3305027484810822,1.670716851204063,1.618421634864541,time_avg,0.4246484831124244,0.20421300689590982,11,0.7480076521335992,medium
32,early_growth_slope,0.006208638799199389,0.003116020057161568,0.00304531131959742,0.0027367860920626623,0.0011438662657469875,0.004748827847097778,-0.0008673717001719114,0.007739031317067288,0.0036049615813507907,0.008606403017239198,0.0,1.0,-0.0030926187420378206,-0.003163327479601969,0.003163327479601969,1.0006640743204946e-05,0.3411821118560481,0.20421300689590982,1.670716851204063,0.3411821118560481,0.3305027484810822,1.670716851204063,1.618421634864541,time_avg,0.4246484831124244,0.20421300689590982,11,0.7480076521335992,medium
33,peak_time,11.0,10.31,10.0,0.9395356686828195,10.0,11.0,9.0,12.0,1.0,3.0,1.0,1.0,-0.6899999999999995,-1.0,1.0,1.0,0.69625415787164,0.0768661767746748,9.05800427556891,0.69625415787164,0.7548349971362218,9.05800427556891,9.820118923683976,time_avg,0.7873221977733241,0.0768661767746748,30,0.7108298224054923,medium
33,peak_height,0.6782882809638977,0.6771756201982498,0.6760552525520325,0.02516464661265668,0.6581846922636032,0.6962551325559616,0.6337564438581467,0.7154006063938141,0.0380704402923584,0.08164416253566742,1.0,1.0,-0.001112660765647866,-0.0022330284118652344,0.0022330284118652344,4.986415888197371e-06,0.69625415787164,0.0768661767746748,9.05800427556891,0.69625415787164,0.7548349971362218,9.05800427556891,9.820118923683976,time_avg,0.7873221977733241,0.0768661767746748,30,0.7108298224054923,medium
33,cumulative_infected,12.367450557649136,12.523522589335116,12.534142568474635,0.6361969335525809,12.140517760068178,13.009139174362645,11.451615999126806,13.517314650677145,0.8686214142944664,2.0656986515503384,1.0,1.0,0.15607203168598005,0.1666920108254999,0.1666920108254999,0.027786226473048573,0.69625415787164,0.0768661767746748,9.05800427556891,0.69625415787164,0.7548349971362218,9.05800427556891,9.820118923683976,time_avg,0.7873221977733241,0.0768661767746748,30,0.7108298224054923,medium
33,early_growth_slope,0.0713086275583399,0.06509058956304732,0.06552232114232277,0.008598359935535137,0.059686132850834996,0.07162126074295623,0.04959421494997859,0.07780770462039589,0.011935127892121235,0.0282134896704173,1.0,1.0,-0.00621803799529258,-0.0057863064160171285,0.0057863064160171285,3.3481341940040986e-05,0.69625415787164,0.0768661767746748,9.05800427556891,0.69625415787164,0.7548349971362218,9.05800427556891,9.820118923683976,time_avg,0.7873221977733241,0.0768661767746748,30,0.7108298224054923,medium
34,peak_time,13.0,13.3,13.0,1.0777829844714388,13.0,14.0,12.0,15.0,1.0,3.0,1.0,1.0,0.3000000000000007,0.0,0.0,0.0,0.4975936752123777,0.13222102330977845,3.7633476338068697,0.4975936752123777,0.5608083215015538,3.7633476338068697,4.241445932449375,time_avg,0.5847746086181913,0.13222102330977845,28,0.6611711895606935,medium
34,peak_height,0.4777412712574005,0.44559569031000135,0.4432744085788727,0.019572073369795218,0.434300035238266,0.4580375924706459,0.41220195442438123,0.47938705831766126,0.023737557232379913,0.06718510389328003,0.0,1.0,-0.032145580947399166,-0.03446686267852783,0.03446686267852783,0.0011879646229004948,0.4975936752123777,0.13222102330977845,3.7633476338068697,0.4975936752123777,0.5608083215015538,3.7633476338068697,4.241445932449375,time_avg,0.5847746086181913,0.13222102330977845,28,0.6611711895606935,medium
34,cumulative_infected,7.451827075332403,7.330753013142093,7.351178627926856,0.2598903895813843,7.147694613900967,7.491905025031883,6.87425466341665,7.765061178349424,0.3442104111309163,0.8908065149327742,1.0,1.0,-0.12107406219030992,-0.1006484474055469,0.1006484474055469,0.010130109965147141,0.4975936752123777,0.13222102330977845,3.7633476338068697,0.4975936752123777,0.5608083215015538,3.7633476338068697,4.241445932449375,time_avg,0.5847746086181913,0.13222102330977845,28,0.6611711895606935,medium
34,early_growth_slope,0.021791763293246426,0.020965537548121832,0.020630351356452414,0.003463772612875096,0.018686923111090433,0.02351358168414749,0.0156360876862891,0.026302632968526307,0.004826658573057058,0.010666545282237209,1.0,1.0,-0.0008262257451245938,-0.0011614119367940115,0.0011614119367940115,1.348877686927617e-06,0.4975936752123777,0.13222102330977845,3.7633476338068697,0.4975936752123777,0.5608083215015538,3.7633476338068697,4.241445932449375,time_avg,0.5847746086181913,0.13222102330977845,28,0.6611711895606935,medium
35,peak_time,8.0,8.37,8.0,0.69128777501037,8.0,9.0,7.0,9.0,1.0,2.0,1.0,1.0,0.3699999999999992,0.0,0.0,0.0,0.7846076991796231,0.22328648370230958,3.513905930041333,0.7846076991796231,0.9036864016071533,3.513905930041333,4.047206022608909,time_avg,0.9422965780253638,0.22328648370230958,16,0.7539040091250083,medium
35,peak_height,0.4438328444957733,0.4257189181447029,0.4248449504375458,0.024844843744726067,0.4073156341910362,0.4424535930156708,0.3845855683088303,0.46603231132030487,0.03513795882463455,0.08144674301147459,0.0,1.0,-0.018113926351070397,-0.01898789405822754,0.01898789405822754,0.0003605401207664727,0.7846076991796231,0.22328648370230958,3.513905930041333,0.7846076991796231,0.9036864016071533,3.513905930041333,4.047206022608909,time_avg,0.9422965780253638,0.22328648370230958,16,0.7539040091250083,medium
35,cumulative_infected,4.674292639479972,4.6120842113547225,4.595235877641244,0.25159964850062516,4.450227118766634,4.777529971732292,4.260715181851992,5.039137682784348,0.32730285296565853,0.778422500932356,1.0,1.0,-0.06220842812524996,-0.07905676183872856,0.07905676183872856,0.006249971592425449,0.7846076991796231,0.22328648370230958,3.513905930041333,0.7846076991796231,0.9036864016071533,3.513905930041333,4.047206022608909,time_avg,0.9422965780253638,0.22328648370230958,16,0.7539040091250083,medium
35,early_growth_slope,0.0598481971780226,0.05469747020784173,0.055611262269805936,0.00568135508871493,0.051206437554875646,0.05816813071751745,0.04452474507076355,0.06444287991810899,0.006961693162641801,0.019918134847345434,0.0,1.0,-0.0051507269701808744,-0.004236934908216666,0.004236934908216666,1.795161741646497e-05,0.7846076991796231,0.22328648370230958,3.513905930041333,0.7846076991796231,0.9036864016071533,3.513905930041333,4.047206022608909,time_avg,0.9422965780253638,0.22328648370230958,16,0.7539040091250083,medium
36,peak_time,3.0,21.36,20.0,15.213311555504555,8.0,32.25,1.0,48.0,24.25,47.0,0.0,1.0,18.36,17.0,17.0,289.0,0.3667440393857389,0.39314969823244206,0.9328356120698551,0.3667440393857389,0.3906618353471605,0.9328356120698551,0.9936719705077564,time_avg,0.4179314647378862,0.39314969823244206,21,0.7888309708937956,medium
36,peak_height,0.03824504092335701,0.052091192454099655,0.05049625411629677,0.012333696736728026,0.04454941675066948,0.05848103482276201,0.03679643366485834,0.07092113718390464,0.013931618072092533,0.0341247035190463,0.0,1.0,0.013846151530742645,0.012251213192939758,0.012251213192939758,0.0001500922246988612,0.3667440393857389,0.39314969823244206,0.9328356120698551,0.3667440393857389,0.3906618353471605,0.9328356120698551,0.9936719705077564,time_avg,0.4179314647378862,0.39314969823244206,21,0.7888309708937956,medium
36,cumulative_infected,0.5204755505546927,0.5787282383855654,0.5140730601269752,0.2479564149603335,0.43662013345601736,0.624795819974679,0.35503889864776284,1.0664922101015688,0.18817568651866168,0.711453311453806,1.0,1.0,0.058252687830872674,-0.0064024904277175665,0.0064024904277175665,4.099188367701507e-05,0.3667440393857389,0.39314969823244206,0.9328356120698551,0.3667440393857389,0.3906618353471605,0.9328356120698551,0.9936719705077564,time_avg,0.4179314647378862,0.39314969823244206,21,0.7888309708937956,medium
36,early_growth_slope,0.0005776020919992814,-0.000636085723450334,-0.00040352802361234136,0.002091533369911312,-0.0020352907266886246,0.0007903485230123071,-0.003955894271417662,0.0022941578819882114,0.002825639249700932,0.006250052153405874,1.0,1.0,-0.0012136878154496156,-0.000981130115611623,0.000981130115611623,9.626163037600766e-07,0.3667440393857389,0.39314969823244206,0.9328356120698551,0.3667440393857389,0.3906618353471605,0.9328356120698551,0.9936719705077564,time_avg,0.4179314647378862,0.39314969823244206,21,0.7888309708937956,medium
37,peak_time,39.0,23.09,24.0,14.782664567566014,9.0,35.0,2.95,47.05,26.0,44.099999999999994,0.0,1.0,-15.91,-15.0,15.0,225.0,0.4382036504429637,0.48421428221433394,0.9049787801364274,0.4382036504429637,0.46397817983266554,0.9049787801364274,0.9582083735962356,time_avg,0.5051256695977634,0.48421428221433394,11,0.8301463069117181,medium
37,peak_height,0.04583755508065224,0.047813306991010905,0.046661486849188805,0.010703476553764942,0.04076846782118082,0.05340182688087225,0.03304408323019743,0.06593884006142617,0.01263335905969143,0.032894756831228736,1.0,1.0,0.001975751910358668,0.0008239317685365677,0.0008239317685365677,6.788635592037962e-07,0.4382036504429637,0.48421428221433394,0.9049787801364274,0.4382036504429637,0.46397817983266554,0.9049787801364274,0.9582083735962356,time_avg,0.5051256695977634,0.48421428221433394,11,0.8301463069117181,medium
37,cumulative_infected,0.4279158838908188,0.48849113190878596,0.4690201958583202,0.1541323896567891,0.3856189654288755,0.5631523980555357,0.3132497249403968,0.7087425082107074,0.17753343262666021,0.39549278327031057,1.0,1.0,0.060575248017967154,0.04110431196750142,0.04110431196750142,0.0016895644623216802,0.4382036504429637,0.48421428221433394,0.9049787801364274,0.4382036504429637,0.46397817983266554,0.9049787801364274,0.9582083735962356,time_avg,0.5051256695977634,0.48421428221433394,11,0.8301463069117181,medium
37,early_growth_slope,0.0009353815084545031,-0.00041942084346308995,-0.00033705964008168743,0.0017898710285445879,-0.0017322294793248572,0.0008802551989598821,-0.003230103349224441,0.002505058341886892,0.002612484678284739,0.005735161691111333,0.0,1.0,-0.0013548023519175932,-0.0012724411485361905,0.0012724411485361905,1.6191064764880996e-06,0.4382036504429637,0.48421428221433394,0.9049787801364274,0.4382036504429637,0.46397817983266554,0.9049787801364274,0.9582083735962356,time_avg,0.5051256695977634,0.48421428221433394,11,0.8301463069117181,medium
38,peak_time,48.0,20.43,18.0,14.635818108912522,7.75,31.25,1.9500000000000002,45.0,23.5,43.05,0.0,0.0,-27.57,-30.0,30.0,900.0,0.19451960477621533,0.2467794649602425,0.7882325411782276,0.19451960477621533,0.2062188979605531,0.7882325411782276,0.8356404289707657,time_avg,0.21271758321235096,0.2467794649602425,29,0.7963096447801246,medium
38,peak_height,0.0363086462020874,0.052710670717060565,0.050098786130547523,0.012681711526855191,0.04424342606216669,0.05910752899944782,0.03641721587628126,0.07584736309945583,0.014864102937281132,0.039430147223174575,0.0,0.0,0.016402024514973162,0.013790139928460121,0.013790139928460121,0.00019016795924651012,0.19451960477621533,0.2467794649602425,0.7882325411782276,0.19451960477621533,0.2062188979605531,0.7882325411782276,0.8356404289707657,time_avg,0.21271758321235096,0.2467794649602425,29,0.7963096447801246,medium
38,cumulative_infected,0.43262394762223266,0.5576332160193215,0.48751370995887555,0.2647368813740262,0.4100482893627486,0.6060211940648514,0.33123013104923305,0.9504239156063699,0.19597290470210282,0.6191937845571368,1.0,1.0,0.1250092683970888,0.05488976233664289,0.05488976233664289,0.00301288600937314,0.19451960477621533,0.2467794649602425,0.7882325411782276,0.19451960477621533,0.2062188979605531,0.7882325411782276,0.8356404289707657,time_avg,0.21271758321235096,0.2467794649602425,29,0.7963096447801246,medium
38,early_growth_slope,0.0011393938302284184,-0.0004453695117986379,-0.00030553383043124415,0.002435829895840304,-0.0020897522654628265,0.000982623412883619,-0.004238111618351898,0.0037549685558544636,0.0030723756783464454,0.00799308017420636,0.0,1.0,-0.0015847633420270563,-0.0014449276606596625,0.0014449276606596625,2.087815944539405e-06,0.19451960477621533,0.2467794649602425,0.7882325411782276,0.19451960477621533,0.2062188979605531,0.7882325411782276,0.8356404289707657,time_avg,0.21271758321235096,0.2467794649602425,29,0.7963096447801246,medium
39,peak_time,18.0,20.43,19.0,14.066404564555128,8.0,33.0,0.9500000000000002,43.0,25.0,42.05,1.0,1.0,2.4299999999999997,1.0,1.0,1.0,0.3437879024329347,0.42740962257738596,0.8043522753648092,0.3437879024329347,0.40146664814657756,0.8043522753648092,0.9393018475476387,time_avg,0.47371672184762115,0.42740962257738596,11,0.6483649366306516,medium
39,peak_height,0.04367540031671524,0.04834046360105276,0.04697357304394245,0.010436122463127298,0.04076058138161898,0.053149052895605564,0.03303100559860468,0.06760571710765362,0.012388471513986588,0.034574711509048936,1.0,1.0,0.004665063284337523,0.003298172727227211,0.003298172727227211,1.0877943338625379e-05,0.3437879024329347,0.42740962257738596,0.8043522753648092,0.3437879024329347,0.40146664814657756,0.8043522753648092,0.9393018475476387,time_avg,0.47371672184762115,0.42740962257738596,11,0.6483649366306516,medium
39,cumulative_infected,0.46079744363669306,0.4995525045302111,0.4607537255242278,0.15845606645866014,0.40777914530190174,0.5379341379994003,0.32536970746004956,0.7915272172889669,0.13015499269749853,0.46615750982891735,1.0,1.0,0.038755060893518045,-4.371811246528523e-05,4.371811246528523e-05,1.911273357527328e-09,0.3437879024329347,0.42740962257738596,0.8043522753648092,0.3437879024329347,0.40146664814657756,0.8043522753648092,0.9393018475476387,time_avg,0.47371672184762115,0.42740962257738596,11,0.6483649366306516,medium
39,early_growth_slope,0.0017212731763720504,-0.00039515824918680596,-0.0003259825753048057,0.0022127026544278687,-0.001658964917407414,0.0008828750897442832,-0.004043082635949497,0.003251757882285995,0.002541840007151697,0.007294840518235492,0.0,1.0,-0.002116431425558856,-0.002047255751676856,0.002047255751676856,4.19125611277397e-06,0.3437879024329347,0.42740962257738596,0.8043522753648092,0.3437879024329347,0.40146664814657756,0.8043522753648092,0.9393018475476387,time_avg,0.47371672184762115,0.42740962257738596,11,0.6483649366306516,medium
40,peak_time,17.0,15.41,15.0,2.605724079751726,14.0,17.0,11.95,20.0,3.0,8.05,1.0,1.0,-1.5899999999999999,-2.0,2.0,4.0,0.5015497593393019,0.3662791716971214,1.369310073011841,0.5015497593393019,0.5703191259050093,1.369310073011841,1.5570613072604902,time_avg,0.5952852156566941,0.3662791716971214,26,0.6719518719345208,medium
40,peak_height,0.12021039426326752,0.11937197707593442,0.11907723918557167,0.014175949774585903,0.10907495021820068,0.12743084132671356,0.09928819946944714,0.14295264482498168,0.01835589110851288,0.04366444535553454,1.0,1.0,-0.0008384171873331014,-0.0011331550776958466,0.0011331550776958466,1.28404043010788e-06,0.5015497593393019,0.3662791716971214,1.369310073011841,0.5015497593393019,0.5703191259050093,1.369310073011841,1.5570613072604902,time_avg,0.5952852156566941,0.3662791716971214,26,0.6719518719345208,medium
40,cumulative_infected,1.8545451781246811,1.8764869108041102,1.8941886321845232,0.19936571735315872,1.7332555977936863,1.9918337870913092,1.5635422766106786,2.2308889652602373,0.2585781892976229,0.6673466886495587,1.0,1.0,0.021941732679429116,0.03964345405984204,0.03964345405984204,0.0015716034497948066,0.5015497593393019,0.3662791716971214,1.369310073011841,0.5015497593393019,0.5703191259050093,1.369310073011841,1.5570613072604902,time_avg,0.5952852156566941,0.3662791716971214,26,0.6719518719345208,medium
40,early_growth_slope,0.005396431062503584,0.003677902835417972,0.0038195167178942248,0.0028768936539661644,0.0018458070602112766,0.00537539333509769,-0.0018029467681896802,0.008493886199513715,0.0035295862748864135,0.010296832967703395,0.0,1.0,-0.001718528227085612,-0.0015769143446093593,0.0015769143446093593,2.486658850234765e-06,0.5015497593393019,0.3662791716971214,1.369310073011841,0.5015497593393019,0.5703191259050093,1.369310073011841,1.5570613072604902,time_avg,0.5952852156566941,0.3662791716971214,26,0.6719518719345208,medium
41,peak_time,10.0,11.71,11.0,2.184865296451102,10.0,13.0,9.0,15.049999999999997,3.0,6.049999999999997,1.0,1.0,1.7100000000000009,1.0,1.0,1.0,0.7181806343397216,0.4473208727078089,1.6055155888261867,0.7181806343397216,0.7442818602736704,1.6055155888261867,1.6638657073349608,time_avg,0.8370370686310825,0.4473208727078089,10,0.8225042254016559,medium
41,peak_height,0.14545251429080963,0.14995474964380265,0.14804953336715698,0.018146932365484238,0.1383516639471054,0.16279608383774757,0.12354105524718761,0.1846264973282814,0.024444419890642166,0.06108544208109379,1.0,1.0,0.004502235352993017,0.002597019076347351,0.002597019076347351,6.7445080829120485e-06,0.7181806343397216,0.4473208727078089,1.6055155888261867,0.7181806343397216,0.7442818602736704,1.6055155888261867,1.6638657073349608,time_avg,0.8370370686310825,0.4473208727078089,10,0.8225042254016559,medium
41,cumulative_infected,1.9552711767610162,1.9512305206554448,1.9364098505029688,0.17005312061336073,1.841804079595022,2.0573303451310494,1.6752454314235365,2.2116386167006565,0.2155262655360275,0.53639318527712,1.0,1.0,-0.004040656105571472,-0.018861326258047484,0.018861326258047484,0.0003557496282125115,0.7181806343397216,0.4473208727078089,1.6055155888261867,0.7181806343397216,0.7442818602736704,1.6055155888261867,1.6638657073349608,time_avg,0.8370370686310825,0.4473208727078089,10,0.8225042254016559,medium
41,early_growth_slope,0.009607228928611478,0.009388095996552388,0.009687238428298207,0.003584088989568241,0.006786587043842744,0.011801822880529686,0.0038042310287155936,0.01538401985924879,0.005015235836686942,0.011579788830533197,1.0,1.0,-0.00021913293205908999,8.000949968672844e-05,8.000949968672844e-05,6.401520040120597e-09,0.7181806343397216,0.4473208727078089,1.6055155888261867,0.7181806343397216,0.7442818602736704,1.6055155888261867,1.6638657073349608,time_avg,0.8370370686310825,0.4473208727078089,10,0.8225042254016559,medium
42,peak_time,0.0,22.29,23.5,14.585377345932203,10.0,34.0,1.0,44.05,24.0,43.05,0.0,0.0,22.29,23.5,23.5,552.25,0.21793392425226507,0.42387357578928675,0.5141484081579148,0.21793392425226507,0.2589175585240961,0.5141484081579148,0.6108367525434223,time_avg,0.25944906408492063,0.42387357578928675,28,0.63633482024094,medium
42,peak_height,0.040671613067388535,0.04822267226874828,0.04661324620246887,0.009288729914088181,0.04155224282294512,0.053642469458281994,0.03504491001367569,0.06409328430891037,0.012090226635336876,0.02904837429523468,0.0,1.0,0.007551059201359747,0.0059416331350803375,0.0059416331350803375,3.53030043118846e-05,0.21793392425226507,0.42387357578928675,0.5141484081579148,0.21793392425226507,0.2589175585240961,0.5141484081579148,0.6108367525434223,time_avg,0.25944906408492063,0.42387357578928675,28,0.63633482024094,medium
42,cumulative_infected,0.27977765032846946,0.4791736031146411,0.459043388684222,0.1433530701893172,0.3927238460582885,0.5287874820423895,0.3155156074441038,0.7726890292717143,0.13606363598410098,0.45717342182761056,0.0,0.0,0.19939595278617162,0.17926573835575255,0.17926573835575255,0.03213620494823313,0.21793392425226507,0.42387357578928675,0.5141484081579148,0.21793392425226507,0.2589175585240961,0.5141484081579148,0.6108367525434223,time_avg,0.25944906408492063,0.42387357578928675,28,0.63633482024094,medium
42,early_growth_slope,-0.003542417679411644,-0.0004751593224050114,-0.0005340622627131996,0.00213650814968897,-0.001957115038142848,0.0006703511833274248,-0.0035787566354320848,0.0035415146918413,0.002627466221470273,0.007120271327273385,0.0,1.0,0.003067258357006633,0.0030083554166984447,0.0030083554166984447,9.050202313178873e-06,0.21793392425226507,0.42387357578928675,0.5141484081579148,0.21793392425226507,0.2589175585240961,0.5141484081579148,0.6108367525434223,time_avg,0.25944906408492063,0.42387357578928675,28,0.63633482024094,medium
43,peak_time,24.0,23.27,23.0,2.0639033334187356,22.0,24.25,20.0,27.0,2.25,7.0,1.0,1.0,-0.7300000000000004,-1.0,1.0,1.0,0.3346251439186372,0.13486071261813543,2.4812648355651534,0.3346251439186372,0.3380183490273894,2.4812648355651534,2.5064256481018647,time_avg,0.35944537496563156,0.13486071261813543,28,0.8430648439382759,medium
43,peak_height,0.2948673367500305,0.26681992143392563,0.26474936306476593,0.021755348858684024,0.24931463599205017,0.28062254190444946,0.23367709815502166,0.30003726929426194,0.03130790591239929,0.06636017113924028,0.0,1.0,-0.028047415316104884,-0.030117973685264587,0.030117973685264587,0.0009070923389062902,0.3346251439186372,0.13486071261813543,2.4812648355651534,0.3346251439186372,0.3380183490273894,2.4812648355651534,2.5064256481018647,time_avg,0.35944537496563156,0.13486071261813543,28,0.8430648439382759,medium
43,cumulative_infected,6.123877854435705,6.014887813223395,6.006719596218318,0.38872660981071044,5.7094676735578105,6.237908133305609,5.420494283875451,6.6932893978431816,0.5284404597477987,1.2727951139677307,1.0,1.0,-0.10899004121230949,-0.1171582582173869,0.1171582582173869,0.013726057468531906,0.3346251439186372,0.13486071261813543,2.4812648355651534,0.3346251439186372,0.3380183490273894,2.4812648355651534,2.5064256481018647,time_avg,0.35944537496563156,0.13486071261813543,28,0.8430648439382759,medium
43,early_growth_slope,0.0063790307031013046,0.0038307727207800442,0.003621270316736107,0.0030217689557579907,0.001625286813318132,0.005974753579634819,-0.0007359991648367478,0.008600639747566585,0.004349466766316687,0.009336638912403333,0.0,1.0,-0.0025482579823212603,-0.0027577603863651974,0.0027577603863651974,7.605242348605122e-06,0.3346251439186372,0.13486071261813543,2.4812648355651534,0.3346251439186372,0.3380183490273894,2.4812648355651534,2.5064256481018647,time_avg,0.35944537496563156,0.13486071261813543,28,0.8430648439382759,medium
44,peak_time,11.0,10.45,10.0,0.8572330399888264,10.0,11.0,9.0,12.0,1.0,3.0,1.0,1.0,-0.5500000000000007,-1.0,1.0,1.0,0.6074646018946612,0.10992693045123098,5.526076270856691,0.6074646018946612,0.6660076257247722,5.526076270856691,6.058639343343133,time_avg,0.7573722680418912,0.10992693045123098,16,0.7089245810564573,medium
44,peak_height,0.5813194513320923,0.5749154138565064,0.5755077004432678,0.021508422428981565,0.5611859411001205,0.5880742520093918,0.5388862460851669,0.6073418855667114,0.02688831090927124,0.06845563948154454,1.0,1.0,-0.006404037475585933,-0.005811750888824463,0.005811750888824463,3.3776448393751934e-05,0.6074646018946612,0.10992693045123098,5.526076270856691,0.6074646018946612,0.6660076257247722,5.526076270856691,6.058639343343133,time_avg,0.7573722680418912,0.10992693045123098,16,0.7089245810564573,medium
44,cumulative_infected,8.83206834550947,8.922126015725734,8.836032135412097,0.4121379909146827,8.636122549127322,9.202167899697088,8.392759292339907,9.731373193440959,0.566045350569766,1.338613901101052,1.0,1.0,0.09005767021626454,0.003963789902627468,0.003963789902627468,1.5711630392171473e-05,0.6074646018946612,0.10992693045123098,5.526076270856691,0.6074646018946612,0.6660076257247722,5.526076270856691,6.058639343343133,time_avg,0.7573722680418912,0.10992693045123098,16,0.7089245810564573,medium
44,early_growth_slope,0.05947697060626176,0.05079329464591518,0.050743574090856336,0.006906798090458807,0.04687441947559514,0.055446476767039184,0.03796219300656091,0.061609256295265535,0.008572057291444043,0.023647063288704626,0.0,1.0,-0.008683675960346582,-0.008733396515405424,0.008733396515405424,7.62722146952956e-05,0.6074646018946612,0.10992693045123098,5.526076270856691,0.6074646018946612,0.6660076257247722,5.526076270856691,6.058639343343133,time_avg,0.7573722680418912,0.10992693045123098,16,0.7089245810564573,medium
45,peak_time,13.0,16.54,15.0,6.328419146112944,13.0,19.25,9.0,27.0,6.25,18.0,1.0,1.0,3.539999999999999,2.0,2.0,4.0,0.6322860442511233,0.4811202332496343,1.3141954974133359,0.6322860442511233,0.7035512460609047,1.3141954974133359,1.4623189744253797,time_avg,0.7122473629309103,0.4811202332496343,29,0.7326994777329929,medium
45,peak_height,0.08838044852018356,0.09173710878938436,0.09155549854040146,0.019920801598713494,0.07769463025033474,0.10234750807285309,0.06397991105914116,0.12064054943621157,0.02465287782251835,0.0566606383770704,1.0,1.0,0.003356660269200798,0.0031750500202178955,0.0031750500202178955,1.0080942630885659e-05,0.6322860442511233,0.4811202332496343,1.3141954974133359,0.6322860442511233,0.7035512460609047,1.3141954974133359,1.4623189744253797,time_avg,0.7122473629309103,0.4811202332496343,29,0.7326994777329929,medium
45,cumulative_infected,1.3306337157264352,1.3938366209226842,1.378266891464591,0.2712671064316858,1.2528232441691216,1.552548969113559,0.9618549553619232,1.7906334644962043,0.2997257249444374,0.8287785091342811,1.0,1.0,0.06320290519624905,0.04763317573815584,0.04763317573815584,0.0022689194309020383,0.6322860442511233,0.4811202332496343,1.3141954974133359,0.6322860442511233,0.7035512460609047,1.3141954974133359,1.4623189744253797,time_avg,0.7122473629309103,0.4811202332496343,29,0.7326994777329929,medium
45,early_growth_slope,0.00287910923084599,0.0029315526385185614,0.002473216647991823,0.0029378426632617944,0.0007828255544327902,0.004965933206092033,-0.0012227083249594477,0.008143492669443642,0.004183107651659242,0.00936620099440309,1.0,1.0,5.244340767257159e-05,-0.000405892582854167,0.000405892582854167,1.6474878881602682e-07,0.6322860442511233,0.4811202332496343,1.3141954974133359,0.6322860442511233,0.7035512460609047,1.3141954974133359,1.4623189744253797,time_avg,0.7122473629309103,0.4811202332496343,29,0.7326994777329929,medium
46,peak_time,10.0,8.96,9.0,0.9092121131323903,8.0,9.0,8.0,10.0,1.0,2.0,0.0,1.0,-1.0399999999999991,-1.0,1.0,1.0,0.7794839633435783,0.2913686597227136,2.67524985043137,0.7794839633435783,0.8674225767201571,2.67524985043137,2.977062040734429,time_avg,0.8694694506775583,0.2913686597227136,28,0.7647847534445069,medium
46,peak_height,0.3288140892982483,0.319043997079134,0.319492906332016,0.02443906061865598,0.30355800688266754,0.33341531455516815,0.2844644859433174,0.36176719814538955,0.02985730767250061,0.07730271220207213,1.0,1.0,-0.00977009221911429,-0.0093211829662323,0.0093211829662323,8.688445188997918e-05,0.7794839633435783,0.2913686597227136,2.67524985043137,0.7794839633435783,0.8674225767201571,2.67524985043137,2.977062040734429,time_avg,0.8694694506775583,0.2913686597227136,28,0.7647847534445069,medium
46,cumulative_infected,3.5800545853562653,3.4203822561896957,3.4149619955242088,0.24147344627139322,3.253730485943379,3.578956463476061,3.0530522597488017,3.8006882123940158,0.325225977532682,0.7476359526452141,0.0,1.0,-0.1596723291665696,-0.16509258983205655,0.16509258983205655,0.02725556321745566,0.7794839633435783,0.2913686597227136,2.67524985043137,0.7794839633435783,0.8674225767201571,2.67524985043137,2.977062040734429,time_avg,0.8694694506775583,0.2913686597227136,28,0.7647847534445069,medium
46,early_growth_slope,0.03775271879775183,0.03587261074868798,0.03648602467157096,0.005672154696805417,0.03265913977139418,0.0393948554424458,0.02650677466521128,0.04474525434973959,0.00673571567105162,0.01823847968452831,1.0,1.0,-0.0018801080490638486,-0.00126669412618087,0.00126669412618087,1.604514009301118e-06,0.7794839633435783,0.2913686597227136,2.67524985043137,0.7794839633435783,0.8674225767201571,2.67524985043137,2.977062040734429,time_avg,0.8694694506775583,0.2913686597227136,28,0.7647847534445069,medium
47,peak_time,9.0,9.55,9.5,1.313296415417127,9.0,10.0,7.0,12.0,1.0,5.0,1.0,1.0,0.5500000000000007,0.5,0.5,0.25,0.6629351478592257,0.4048661867165254,1.6374179163630478,0.6629351478592257,0.7679119225456836,1.6374179163630478,1.8967054986079919,time_avg,0.9011944245807871,0.4048661867165254,11,0.6610491555986027,medium
47,peak_height,0.2042602002620697,0.184048865288496,0.18228460848331451,0.016500474034937183,0.17216305434703827,0.1962549313902855,0.16149255335330964,0.20879062116146088,0.024091877043247223,0.04729806780815124,0.0,1.0,-0.02021133497357369,-0.021975591778755188,0.021975591778755188,0.0004829266340264926,0.6629351478592257,0.4048661867165254,1.6374179163630478,0.6629351478592257,0.7679119225456836,1.6374179163630478,1.8967054986079919,time_avg,0.9011944245807871,0.4048661867165254,11,0.6610491555986027,medium
47,cumulative_infected,2.107481454848312,2.0600178197779746,2.050631663936656,0.15308551905447895,1.9647624437202467,2.1585168447636534,1.82696367821045,2.3127316743957635,0.1937544010434067,0.48576799618531363,1.0,1.0,-0.04746363507033724,-0.05684979091165587,0.05684979091165587,0.003231898726698991,0.6629351478592257,0.4048661867165254,1.6374179163630478,0.6629351478592257,0.7679119225456836,1.6374179163630478,1.8967054986079919,time_avg,0.9011944245807871,0.4048661867165254,11,0.6610491555986027,medium
47,early_growth_slope,0.021915217163041227,0.017679969606161604,0.017881475935047044,0.0037860513970013965,0.015551247820396727,0.020387467602545034,0.010778568589670436,0.023576190291593465,0.004836219782148307,0.012797621701923029,0.0,1.0,-0.004235247556879623,-0.004033741227994183,0.004033741227994183,1.627106829442002e-05,0.6629351478592257,0.4048661867165254,1.6374179163630478,0.6629351478592257,0.7679119225456836,1.6374179163630478,1.8967054986079919,time_avg,0.9011944245807871,0.4048661867165254,11,0.6610491555986027,medium
48,peak_time,35.0,30.99,31.0,7.200582187461222,27.0,35.0,20.0,44.0,8.0,24.0,1.0,1.0,-4.010000000000002,-4.0,4.0,16.0,0.21857000728453596,0.1458545775467237,1.4985474639252805,0.21857000728453596,0.2081376660636948,1.4985474639252805,1.4270218293081618,time_avg,0.26485996447516263,0.1458545775467237,16,0.7429831775757579,medium
48,peak_height,0.1060812845826149,0.10598566602915525,0.10342874005436897,0.02591100648635891,0.08990099281072617,0.11740584671497345,0.06519661098718643,0.1518342152237892,0.027504853904247284,0.08663760423660277,1.0,1.0,-9.561855345964487e-05,-0.002652544528245926,0.002652544528245926,7.035992474327402e-06,0.21857000728453596,0.1458545775467237,1.4985474639252805,0.21857000728453596,0.2081376660636948,1.4985474639252805,1.4270218293081618,time_avg,0.26485996447516263,0.1458545775467237,16,0.7429831775757579,medium
48,cumulative_infected,2.2856003135821084,2.326877547594504,2.2679756047436967,0.7447137673427119,1.8177205770189175,2.7076887560542673,1.2245608817902394,3.393444817524868,0.8899681790353497,2.1688839357346286,1.0,1.0,0.04127723401239569,-0.017624708838411607,0.017624708838411607,0.00031063036163878424,0.21857000728453596,0.1458545775467237,1.4985474639252805,0.21857000728453596,0.2081376660636948,1.4985474639252805,1.4270218293081618,time_avg,0.26485996447516263,0.1458545775467237,16,0.7429831775757579,medium
48,early_growth_slope,0.0028618943646766377,0.000925460327062822,0.0009141615813686744,0.002977298718202364,-0.0007755861470719707,0.0023049507113423063,-0.003865753657165829,0.006330946708610659,0.003080536858414277,0.010196700365776488,0.0,1.0,-0.0019364340376138156,-0.0019477327833079634,0.0019477327833079634,3.793662995172586e-06,0.21857000728453596,0.1458545775467237,1.4985474639252805,0.21857000728453596,0.2081376660636948,1.4985474639252805,1.4270218293081618,time_avg,0.26485996447516263,0.1458545775467237,16,0.7429831775757579,medium
49,peak_time,27.0,20.28,17.0,15.242206155437225,5.75,34.0,1.0,44.099999999999994,28.25,43.099999999999994,1.0,1.0,-6.719999999999999,-10.0,10.0,100.0,0.2959449804016625,0.49959837313820676,0.5923657808224959,0.2959449804016625,0.32628649225985057,0.5923657808224959,0.6530975875887972,time_avg,0.32657473314251984,0.49959837313820676,29,0.7766882268736309,medium
49,peak_height,0.06264733523130417,0.04831594955176115,0.04801845736801624,0.009367782853390837,0.04115710128098726,0.05242837127298117,0.03729102462530136,0.0616304213181138,0.011271269991993904,0.02433939669281244,0.0,0.0,-0.014331385679543021,-0.014628877863287926,0.014628877863287926,0.0002140040675389955,0.2959449804016625,0.49959837313820676,0.5923657808224959,0.2959449804016625,0.32628649225985057,0.5923657808224959,0.6530975875887972,time_avg,0.32657473314251984,0.49959837313820676,29,0.7766882268736309,medium
49,cumulative_infected,0.4336592829786241,0.4925387675921343,0.4833933585250634,0.13259594116190843,0.41781358525622636,0.5598859842575621,0.3091378610623451,0.6726760391815332,0.14207239900133573,0.3635381781191881,1.0,1.0,0.05887948461351017,0.04973407554643927,0.04973407554643927,0.0024734782704589286,0.2959449804016625,0.49959837313820676,0.5923657808224959,0.2959449804016625,0.32628649225985057,0.5923657808224959,0.6530975875887972,time_avg,0.32657473314251984,0.49959837313820676,29,0.7766882268736309,medium
49,early_growth_slope,-0.0034872073997359505,-0.0005290968875596299,-0.0004085624303635459,0.002272511864998811,-0.0019406817335125399,0.0008992805142909109,-0.00437267873120228,0.0028827096531001306,0.0028399622478034506,0.007255388384302411,0.0,1.0,0.0029581105121763204,0.0030786449693724046,0.0030786449693724046,9.478054847442014e-06,0.2959449804016625,0.49959837313820676,0.5923657808224959,0.2959449804016625,0.32628649225985057,0.5923657808224959,0.6530975875887972,time_avg,0.32657473314251984,0.49959837313820676,29,0.7766882268736309,medium
50,peak_time,10.0,9.17,9.0,0.9749902874419111,8.75,10.0,8.0,11.0,1.25,3.0,1.0,1.0,-0.8300000000000001,-1.0,1.0,1.0,0.6011191043292922,0.24095911641648082,2.494693345780287,0.6011191043292922,0.6727676453430841,2.494693345780287,2.7920406388785586,time_avg,0.8613896681229373,0.24095911641648082,10,0.6223100685070857,medium
50,peak_height,0.3729840815067291,0.3528626435995102,0.35308991372585297,0.024849884835793704,0.3413914814591408,0.36567169427871704,0.30645344853401185,0.3920604810118675,0.024280212819576263,0.08560703247785567,0.0,1.0,-0.02012143790721893,-0.01989416778087616,0.01989416778087616,0.00039577791169365106,0.6011191043292922,0.24095911641648082,2.494693345780287,0.6011191043292922,0.6727676453430841,2.494693345780287,2.7920406388785586,time_avg,0.8613896681229373,0.24095911641648082,10,0.6223100685070857,medium
50,cumulative_infected,3.9457693337390083,3.8635025902717826,3.856587124420912,0.22589916811852226,3.703261918024509,4.029954032797832,3.457363913243171,4.248750490996281,0.32669211477332283,0.7913865777531104,1.0,1.0,-0.08226674346722573,-0.08918220931809628,0.08918220931809628,0.00795346645885674,0.6011191043292922,0.24095911641648082,2.494693345780287,0.6011191043292922,0.6727676453430841,2.494693345780287,2.7920406388785586,time_avg,0.8613896681229373,0.24095911641648082,10,0.6223100685070857,medium
50,early_growth_slope,0.03770961710030123,0.038654518317073644,0.039084612397432675,0.0058520968342515136,0.03593830201792852,0.042479968326959,0.027395300515594752,0.04786540219959404,0.006541666309030483,0.020470101683999285,1.0,1.0,0.0009449012167724105,0.0013749952971314414,0.0013749952971314414,1.8906120671335807e-06,0.6011191043292922,0.24095911641648082,2.494693345780287,0.6011191043292922,0.6727676453430841,2.494693345780287,2.7920406388785586,time_avg,0.8613896681229373,0.24095911641648082,10,0.6223100685070857,medium
51,peak_time,16.0,21.33,20.5,8.73984836796094,16.0,26.0,8.95,36.099999999999994,10.0,27.149999999999995,1.0,1.0,5.329999999999998,4.5,4.5,20.25,0.33457625077741115,0.2784027918681636,1.201770458307215,0.33457625077741115,0.33558620333887756,1.201770458307215,1.2053981250942085,time_avg,0.4098509093367513,0.2784027918681636,15,0.7376235502627918,medium
51,peak_height,0.09359702467918396,0.07572429738938809,0.07408011332154274,0.017202500062862117,0.06408271007239819,0.08663930557668209,0.049182596988976,0.10314374603331089,0.022556595504283905,0.05396114904433489,0.0,1.0,-0.017872727289795873,-0.01951691135764122,0.01951691135764122,0.00038090982894202485,0.33457625077741115,0.2784027918681636,1.201770458307215,0.33457625077741115,0.33558620333887756,1.201770458307215,1.2053981250942085,time_avg,0.4098509093367513,0.2784027918681636,15,0.7376235502627918,medium
51,cumulative_infected,1.3402676214464009,1.216964453800979,1.1644391557115341,0.38536391711308793,0.9487621381122153,1.4366504579375032,0.6865392180930939,1.895293056164519,0.4878883198252879,1.208753838071425,1.0,1.0,-0.12330316764542193,-0.17582846573486677,0.17582846573486677,0.030915649362677218,0.33457625077741115,0.2784027918681636,1.201770458307215,0.33457625077741115,0.33558620333887756,1.201770458307215,1.2053981250942085,time_avg,0.4098509093367513,0.2784027918681636,15,0.7376235502627918,medium
51,early_growth_slope,0.0007938607817604431,0.001072089731476029,0.001119682371305923,0.0021827115025695922,-0.0005414124001877742,0.002547225182968846,-0.0027107064775745574,0.004667436372186609,0.00308863758315662,0.007378142849761167,1.0,1.0,0.00027822894971558595,0.00032582158954547983,0.00032582158954547983,1.0615970821394312e-07,0.33457625077741115,0.2784027918681636,1.201770458307215,0.33457625077741115,0.33558620333887756,1.201770458307215,1.2053981250942085,time_avg,0.4098509093367513,0.2784027918681636,15,0.7376235502627918,medium
52,peak_time,45.0,37.96,38.0,3.959185713647633,35.0,41.0,32.0,44.0,6.0,12.0,0.0,0.0,-7.039999999999999,-7.0,7.0,49.0,0.17528357886994186,0.061572437372365146,2.846786425067077,0.17528357886994186,0.1622649514171397,2.846786425067077,2.635350464296663,time_avg,0.221373478872909,0.061572437372365146,13,0.7186490045249933,medium
52,peak_height,0.29539456963539124,0.33241167664527893,0.34332403540611267,0.057630669146190416,0.29727739095687866,0.37074897438287735,0.21360432207584382,0.4128434047102928,0.07347158342599869,0.19923908263444898,0.0,1.0,0.037017107009887695,0.047929465770721436,0.047929465770721436,0.0022972336890667577,0.17528357886994186,0.061572437372365146,2.846786425067077,0.17528357886994186,0.1622649514171397,2.846786425067077,2.635350464296663,time_avg,0.221373478872909,0.061572437372365146,13,0.7186490045249933,medium
52,cumulative_infected,7.636018743272871,8.368839941948718,8.497366309631616,1.6125073465668744,7.234150956908707,9.530343516147695,5.17622750014998,10.593950913171284,2.296192559238989,5.417723413021304,1.0,1.0,0.7328211986758468,0.8613475663587451,0.8613475663587451,0.7419196300721328,0.17528357886994186,0.061572437372365146,2.846786425067077,0.17528357886994186,0.1622649514171397,2.846786425067077,2.635350464296663,time_avg,0.221373478872909,0.061572437372365146,13,0.7186490045249933,medium
52,early_growth_slope,0.008541371684432737,0.0019953722276931972,0.0018174046445416196,0.002524054042933158,0.0003343046382291348,0.0033693853793444017,-0.002027246170993227,0.00674293712460591,0.003035080741115267,0.008770183295599136,0.0,0.0,-0.00654599945673954,-0.006723967039891117,0.006723967039891117,4.521173275354211e-05,0.17528357886994186,0.061572437372365146,2.846786425067077,0.17528357886994186,0.1622649514171397,2.846786425067077,2.635350464296663,time_avg,0.221373478872909,0.061572437372365146,13,0.7186490045249933,medium
53,peak_time,19.0,19.91,20.0,1.5115381155457095,19.0,21.0,18.0,23.0,2.0,5.0,1.0,1.0,0.9100000000000001,1.0,1.0,1.0,0.307701535255333,0.0894728649880811,3.43904864671901,0.307701535255333,0.3033990988800449,3.43904864671901,3.3909621528321625,time_avg,0.39323453615461834,0.0894728649880811,20,0.6374809728239212,medium
53,peak_height,0.46942248940467834,0.44926748663187027,0.4528258144855499,0.025934560264327652,0.43121373653411865,0.4654027298092842,0.4064449355006218,0.4911181449890137,0.03418899327516556,0.08467320948839191,0.0,1.0,-0.020155002772808073,-0.016596674919128418,0.016596674919128418,0.0002754496183712263,0.307701535255333,0.0894728649880811,3.43904864671901,0.307701535255333,0.3033990988800449,3.43904864671901,3.3909621528321625,time_avg,0.39323453615461834,0.0894728649880811,20,0.6374809728239212,medium
53,cumulative_infected,10.076257015578449,10.249150122627617,10.32499339862261,0.6092348067755994,9.864799918606877,10.632727723103017,9.292751517472789,11.188754866365343,0.7679278044961393,1.8960033488925543,1.0,1.0,0.17289310704916794,0.2487363830441609,0.2487363830441609,0.06186978824989153,0.307701535255333,0.0894728649880811,3.43904864671901,0.307701535255333,0.3033990988800449,3.43904864671901,3.3909621528321625,time_avg,0.39323453615461834,0.0894728649880811,20,0.6374809728239212,medium
53,early_growth_slope,0.006103821866591239,0.008119141890915452,0.00862137611312348,0.0030325665038117883,0.006264278644396524,0.010164068629299954,0.002241067524578069,0.012160186329302151,0.0038997899849034304,0.009919118804724082,0.0,1.0,0.0020153200243242138,0.0025175542465322408,0.0025175542465322408,6.338079384232518e-06,0.307701535255333,0.0894728649880811,3.43904864671901,0.307701535255333,0.3033990988800449,3.43904864671901,3.3909621528321625,time_avg,0.39323453615461834,0.0894728649880811,20,0.6374809728239212,medium
54,peak_time,23.0,23.03,21.0,14.245647926594453,10.0,36.5,2.0,45.0,26.5,43.0,1.0,1.0,0.030000000000001137,-2.0,2.0,4.0,0.17387825197885434,0.1853495767989753,0.9381097868242645,0.17387825197885434,0.1774612555284213,0.9381097868242645,0.9574408455266696,time_avg,0.18737602501966902,0.1853495767989753,30,0.8199106177084586,medium
54,peak_height,0.057160940021276474,0.05757524933665991,0.05260181799530983,0.016453515589177677,0.04684232920408249,0.06368145905435085,0.03768757525831461,0.08847491107881068,0.016839129850268364,0.05078733582049608,1.0,1.0,0.00041430931538343624,-0.004559122025966644,0.004559122025966644,2.07855936476542e-05,0.17387825197885434,0.1853495767989753,0.9381097868242645,0.17387825197885434,0.1774612555284213,0.9381097868242645,0.9574408455266696,time_avg,0.18737602501966902,0.1853495767989753,30,0.8199106177084586,medium
54,cumulative_infected,0.8224905072711408,0.7435151241182484,0.5905355352570041,0.4086698002905289,0.4793868883025425,0.8986849809007253,0.3480369991426414,1.7576319807209073,0.41929809259818285,1.409594981578266,1.0,1.0,-0.07897538315289243,-0.23195497201413673,0.23195497201413673,0.05380310904207895,0.17387825197885434,0.1853495767989753,0.9381097868242645,0.17387825197885434,0.1774612555284213,0.9381097868242645,0.9574408455266696,time_avg,0.18737602501966902,0.1853495767989753,30,0.8199106177084586,medium
54,early_growth_slope,-0.004395565267519225,0.0001583345833541038,0.00014357348932424546,0.002448127937932889,-0.0017957329982891666,0.0019834220057375557,-0.004012301867589395,0.0038507402932736997,0.0037791550040267223,0.007863042160863094,0.0,0.0,0.004553899850873329,0.0045391387568434706,0.0045391387568434706,2.0603780653878488e-05,0.17387825197885434,0.1853495767989753,0.9381097868242645,0.17387825197885434,0.1774612555284213,0.9381097868242645,0.9574408455266696,time_avg,0.18737602501966902,0.1853495767989753,30,0.8199106177084586,medium
55,peak_time,9.0,23.49,23.0,14.97573458173676,11.75,38.25,1.0,46.0,26.5,45.0,0.0,1.0,14.489999999999998,14.0,14.0,196.0,0.18879654891013536,0.2372919391561622,0.7956298455881725,0.18879654891013536,0.20903272376668788,0.7956298455881725,0.8809095012246628,time_avg,0.26045244030857917,0.2372919391561622,11,0.6472809879413661,medium
55,peak_height,0.040966738015413284,0.05195658352226019,0.049747534096241,0.012081262846966763,0.04396629799157381,0.057117655873298645,0.03584657572209835,0.0737261589616537,0.013151357881724834,0.03787958323955535,0.0,1.0,0.010989845506846903,0.008780796080827713,0.008780796080827713,7.710237981307932e-05,0.18879654891013536,0.2372919391561622,0.7956298455881725,0.18879654891013536,0.20903272376668788,0.7956298455881725,0.8809095012246628,time_avg,0.26045244030857917,0.2372919391561622,11,0.6472809879413661,medium
55,cumulative_infected,0.6245855362503789,0.579240206343593,0.5279275064531248,0.2590318974172513,0.41953602206194773,0.5947809607512227,0.32335501216584817,1.1093873731442725,0.17524493868927493,0.7860323609784243,0.0,1.0,-0.04534532990678597,-0.09665802979725413,0.09665802979725413,0.009342774724286866,0.18879654891013536,0.2372919391561622,0.7956298455881725,0.18879654891013536,0.20903272376668788,0.7956298455881725,0.8809095012246628,time_avg,0.26045244030857917,0.2372919391561622,11,0.6472809879413661,medium
55,early_growth_slope,-0.0012338683674378039,-0.00016222148798468425,-0.0002038306244815296,0.0019061316228068312,-0.0012175881706103333,0.0009351483943949762,-0.0031551089539356126,0.0030846945024677547,0.0021527365650053096,0.006239803456403367,0.0,1.0,0.0010716468794531196,0.0010300377429562743,0.0010300377429562743,1.0609777519144559e-06,0.18879654891013536,0.2372919391561622,0.7956298455881725,0.18879654891013536,0.20903272376668788,0.7956298455881725,0.8809095012246628,time_avg,0.26045244030857917,0.2372919391561622,11,0.6472809879413661,medium
56,peak_time,10.0,11.56,11.0,1.1661903789690604,11.0,12.0,10.0,14.0,1.0,4.0,0.0,1.0,1.5600000000000005,1.0,1.0,1.0,0.5627169267562065,0.06386143204699286,8.811530038069417,0.5627169267562065,0.5785332651254065,8.811530038069417,9.05919655387134,time_avg,0.7181101287438748,0.06386143204699286,14,0.6994557199366337,medium
56,peak_height,0.7038492560386658,0.6956344974040986,0.6972517669200897,0.022331503647482747,0.6808809340000153,0.7086167186498642,0.6593673139810562,0.7337179958820343,0.027735784649848938,0.07435068190097815,1.0,1.0,-0.00821475863456722,-0.00659748911857605,0.00659748911857605,4.352686266972938e-05,0.5627169267562065,0.06386143204699286,8.811530038069417,0.5627169267562065,0.5785332651254065,8.811530038069417,9.05919655387134,time_avg,0.7181101287438748,0.06386143204699286,14,0.6994557199366337,medium
56,cumulative_infected,14.418993148952723,14.417808390941936,14.506667083478533,0.8272451585766142,13.965895498520695,14.947986643062904,13.137091093987692,15.634556312859058,0.9820911445422098,2.4974652188713655,1.0,1.0,-0.0011847580107868794,0.08767393452581018,0.08767393452581018,0.007686718795236051,0.5627169267562065,0.06386143204699286,8.811530038069417,0.5627169267562065,0.5785332651254065,8.811530038069417,9.05919655387134,time_avg,0.7181101287438748,0.06386143204699286,14,0.6994557199366337,medium
56,early_growth_slope,0.06340402539353816,0.05368433908435343,0.05301555937954357,0.008479102133904494,0.04735480414404134,0.06000573508485796,0.04109588428511328,0.06805958679511342,0.012650930940816617,0.026963702510000145,0.0,1.0,-0.009719686309184732,-0.010388466013994596,0.010388466013994596,0.00010792022612392077,0.5627169267562065,0.06386143204699286,8.811530038069417,0.5627169267562065,0.5785332651254065,8.811530038069417,9.05919655387134,time_avg,0.7181101287438748,0.06386143204699286,14,0.6994557199366337,medium
57,peak_time,10.0,11.63,12.0,1.4259853938362563,11.0,12.0,9.95,14.0,1.0,4.050000000000001,0.0,1.0,1.6300000000000008,2.0,2.0,4.0,0.5523227376830725,0.3244582308151546,1.702292268238784,0.5523227376830725,0.5622439808343732,1.702292268238784,1.7328701430129114,time_avg,0.6867831191223527,0.3244582308151546,10,0.7552713919149825,medium
57,peak_height,0.19593292474746704,0.18107446014881134,0.18133776634931564,0.018306577955274513,0.16790860518813133,0.19376620277762413,0.15095066279172897,0.21068895757198333,0.025857597589492798,0.05973829478025436,0.0,1.0,-0.014858464598655696,-0.014595158398151398,0.014595158398151398,0.00021301864866712927,0.5523227376830725,0.3244582308151546,1.702292268238784,0.5523227376830725,0.5622439808343732,1.702292268238784,1.7328701430129114,time_avg,0.6867831191223527,0.3244582308151546,10,0.7552713919149825,medium
57,cumulative_infected,2.439030513196485,2.325908534309274,2.326859141991008,0.15504989669639074,2.2431379513582215,2.4215109926262812,2.055894176362199,2.5303808540351382,0.17837304126805975,0.4744866776729393,0.0,1.0,-0.11312197888721132,-0.11217137120547704,0.11217137120547704,0.012582416518116925,0.5523227376830725,0.3244582308151546,1.702292268238784,0.5523227376830725,0.5622439808343732,1.702292268238784,1.7328701430129114,time_avg,0.6867831191223527,0.3244582308151546,10,0.7552713919149825,medium
57,early_growth_slope,0.00793828382267661,0.011679363943653048,0.012066948948250639,0.0031180224495423892,0.009625810624649081,0.013686404880510442,0.006480646192739231,0.01633416885451879,0.004060594255861361,0.009853522661779558,0.0,1.0,0.003741080120976438,0.004128665125574029,0.004128665125574029,1.704587571913121e-05,0.5523227376830725,0.3244582308151546,1.702292268238784,0.5523227376830725,0.5622439808343732,1.702292268238784,1.7328701430129114,time_avg,0.6867831191223527,0.3244582308151546,10,0.7552713919149825,medium
58,peak_time,12.0,11.82,12.0,1.1404411692875964,11.0,13.0,10.0,13.049999999999997,2.0,3.049999999999997,1.0,1.0,-0.17999999999999972,0.0,0.0,0.0,0.586504485085938,0.24642867036992627,2.380017244769073,0.586504485085938,0.674714359548331,2.380017244769073,2.7379702148109795,time_avg,0.6858457837666214,0.24642867036992627,26,0.6982396862141899,medium
58,peak_height,0.2767248749732971,0.2726718607544899,0.272968128323555,0.017762816133669347,0.2606543153524399,0.282931886613369,0.24826468601822854,0.3029411047697067,0.022277571260929108,0.05467641875147816,1.0,1.0,-0.004053014218807216,-0.0037567466497421265,0.0037567466497421265,1.4113145390348691e-05,0.586504485085938,0.24642867036992627,2.380017244769073,0.586504485085938,0.674714359548331,2.380017244769073,2.7379702148109795,time_avg,0.6858457837666214,0.24642867036992627,26,0.6982396862141899,medium
58,cumulative_infected,3.7782541386404773,3.6421860940404804,3.612785005781916,0.1987152547102766,3.4982021686446387,3.7563318838365376,3.3553820615488803,3.991796879383037,0.25812971519189887,0.6364148178341567,0.0,1.0,-0.13606804459999688,-0.16546913285856135,0.16546913285856135,0.027380033928964227,0.586504485085938,0.24642867036992627,2.380017244769073,0.586504485085938,0.674714359548331,2.380017244769073,2.7379702148109795,time_avg,0.6858457837666214,0.24642867036992627,26,0.6982396862141899,medium
58,early_growth_slope,0.021464927676355553,0.01722800509918237,0.01704299551091112,0.003225305705228549,0.014972750078110643,0.01953508772948269,0.012190485266702513,0.02234024158235461,0.004562337651372046,0.010149756315652096,0.0,1.0,-0.004236922577173185,-0.004421932165444432,0.004421932165444432,1.9553484075792086e-05,0.586504485085938,0.24642867036992627,2.380017244769073,0.586504485085938,0.674714359548331,2.380017244769073,2.7379702148109795,time_avg,0.6858457837666214,0.24642867036992627,26,0.6982396862141899,medium
59,peak_time,11.0,11.85,12.0,1.0859525446781408,11.0,12.25,10.0,14.0,1.25,4.0,1.0,1.0,0.8499999999999996,1.0,1.0,1.0,0.6048272018601176,0.19346178710744216,3.126339371217619,0.6048272018601176,0.668534500464386,3.126339371217619,3.4556410878862835,time_avg,0.6796018861480377,0.19346178710744216,26,0.7707766922933958,medium
59,peak_height,0.3628723919391632,0.35390069365501403,0.35096046328544617,0.020981380665320532,0.33831459283828735,0.3611585423350334,0.3274511694908142,0.3949904039502144,0.022843949496746063,0.06753923445940019,0.0,1.0,-0.008971698284149177,-0.011911928653717041,0.011911928653717041,0.00014189404425124508,0.6048272018601176,0.19346178710744216,3.126339371217619,0.6048272018601176,0.668534500464386,3.126339371217619,3.4556410878862835,time_avg,0.6796018861480377,0.19346178710744216,26,0.7707766922933958,medium
59,cumulative_infected,4.950896633439697,4.8330917869709,4.836839335941477,0.23773254115892503,4.697012630179643,4.983364990943301,4.468614714543219,5.187802673812257,0.286352360763658,0.7191879592690382,1.0,1.0,-0.11780484646879774,-0.11405729749822058,0.11405729749822058,0.013009067112597594,0.6048272018601176,0.19346178710744216,3.126339371217619,0.6048272018601176,0.668534500464386,3.126339371217619,3.4556410878862835,time_avg,0.6796018861480377,0.19346178710744216,26,0.7707766922933958,medium
59,early_growth_slope,0.026666668942198154,0.0227023125501704,0.022640871238850405,0.0033307806970064233,0.0201394849573262,0.02470484321626524,0.017865382585608,0.028350655631281058,0.004565358258939039,0.010485273045673059,0.0,1.0,-0.003964356392027753,-0.004025797703347749,0.004025797703347749,1.6207047148280013e-05,0.6048272018601176,0.19346178710744216,3.126339371217619,0.6048272018601176,0.668534500464386,3.126339371217619,3.4556410878862835,time_avg,0.6796018861480377,0.19346178710744216,26,0.7707766922933958,medium
60,peak_time,2.0,23.6,24.0,14.810588622790634,11.0,35.25,1.9500000000000002,47.0,24.25,45.05,0.0,1.0,21.6,22.0,22.0,484.0,0.10916378225910446,0.1945119586377279,0.5612188732437701,0.10916378225910446,0.12433309376005133,0.5612188732437701,0.6392053970913819,time_avg,0.1290172153658571,0.1945119586377279,25,0.6922359074259385,medium
60,peak_height,0.06308336555957794,0.04896534603089094,0.04776880517601967,0.011203735975498307,0.04033356532454491,0.05409028846770525,0.034723255410790445,0.06748896986246108,0.013756723143160343,0.03276571445167064,0.0,1.0,-0.014118019528687,-0.015314560383558273,0.015314560383558273,0.00023453575974165253,0.10916378225910446,0.1945119586377279,0.5612188732437701,0.10916378225910446,0.12433309376005133,0.5612188732437701,0.6392053970913819,time_avg,0.1290172153658571,0.1945119586377279,25,0.6922359074259385,medium
60,cumulative_infected,0.4758372590877116,0.5206391494334776,0.4651756403491163,0.2021231744810623,0.39895577169954777,0.5743912501584418,0.32529471521120285,0.8335111059757762,0.17543547845889407,0.5082163907645734,1.0,1.0,0.04480189034576598,-0.01066161873859528,0.01066161873859528,0.00011367011412716601,0.10916378225910446,0.1945119586377279,0.5612188732437701,0.10916378225910446,0.12433309376005133,0.5612188732437701,0.6392053970913819,time_avg,0.1290172153658571,0.1945119586377279,25,0.6922359074259385,medium
60,early_growth_slope,-0.0054588452219918706,-0.0003700648358079925,-0.0004977304959625361,0.0023932087659298707,-0.001871664300346137,0.0011163019697137536,-0.004326364767136205,0.003810375843091778,0.0029879662700598906,0.008136740610227983,0.0,0.0,0.005088780386183878,0.004961114726029335,0.004961114726029335,2.461265932482512e-05,0.10916378225910446,0.1945119586377279,0.5612188732437701,0.10916378225910446,0.12433309376005133,0.5612188732437701,0.6392053970913819,time_avg,0.1290172153658571,0.1945119586377279,25,0.6922359074259385,medium
61,peak_time,12.0,11.95,12.0,1.2900160518929267,11.0,13.0,10.0,14.0,2.0,4.0,1.0,1.0,-0.05000000000000071,0.0,0.0,0.0,0.4876442666514603,0.3284261206029424,1.4847913611627988,0.4876442666514603,0.5354438776577296,1.4847913611627988,1.6303328026246293,time_avg,0.6652794512738976,0.3284261206029424,13,0.6391778728060411,medium
61,peak_height,0.19722101092338562,0.19468406528234483,0.1931956484913826,0.018531218476336476,0.1808195263147354,0.20299182832241058,0.17013722956180571,0.22723517417907713,0.02217230200767517,0.05709794461727141,1.0,1.0,-0.0025369456410407887,-0.004025362432003021,0.004025362432003021,1.6203542708981278e-05,0.4876442666514603,0.3284261206029424,1.4847913611627988,0.4876442666514603,0.5354438776577296,1.4847913611627988,1.6303328026246293,time_avg,0.6652794512738976,0.3284261206029424,13,0.6391778728060411,medium
61,cumulative_infected,2.632708739489317,2.5344627548004066,2.527472454472445,0.17319728577414975,2.3926032214367297,2.63729195927408,2.288383440843609,2.818299653975191,0.24468873783735035,0.5299162131315822,1.0,1.0,-0.09824598468891033,-0.10523628501687199,0.10523628501687199,0.011074675684152315,0.4876442666514603,0.3284261206029424,1.4847913611627988,0.4876442666514603,0.5354438776577296,1.4847913611627988,1.6303328026246293,time_avg,0.6652794512738976,0.3284261206029424,13,0.6391778728060411,medium
61,early_growth_slope,0.011827566150930663,0.011958547997519848,0.011921446017194762,0.0032134725378548776,0.00958080597948061,0.013825524335039687,0.0072928213755533615,0.01715986758714453,0.004244718355559077,0.009867046211591169,1.0,1.0,0.00013098184658918467,9.387986626409849e-05,9.387986626409849e-05,8.813429289765017e-09,0.4876442666514603,0.3284261206029424,1.4847913611627988,0.4876442666514603,0.5354438776577296,1.4847913611627988,1.6303328026246293,time_avg,0.6652794512738976,0.3284261206029424,13,0.6391778728060411,medium
62,peak_time,25.0,22.78,23.0,14.448501372778836,11.0,34.0,0.0,48.0,23.0,48.0,1.0,1.0,-2.219999999999999,-2.0,2.0,4.0,0.22342910209940647,0.46552312923419686,0.47995274148237443,0.22342910209940647,0.2558266140783399,0.47995274148237443,0.5495465166235335,time_avg,0.2569461652524362,0.46552312923419686,17,0.802357708005294,medium
62,peak_height,0.04750632122159004,0.050216082166880366,0.04880567081272602,0.011884601886785341,0.04130821954458952,0.05728399008512497,0.032126412354409696,0.0721093699336052,0.01597577054053545,0.039982957579195504,1.0,1.0,0.0027097609452903237,0.0012993495911359787,0.0012993495911359787,1.688309359985235e-06,0.22342910209940647,0.46552312923419686,0.47995274148237443,0.22342910209940647,0.2558266140783399,0.47995274148237443,0.5495465166235335,time_avg,0.2569461652524362,0.46552312923419686,17,0.802357708005294,medium
62,cumulative_infected,0.4375989650870906,0.5117348497364538,0.49463867567828856,0.1622525736627928,0.3749576966947643,0.5674036395357689,0.32283061467460356,0.849394018651219,0.19244594284100458,0.5265634039766154,1.0,1.0,0.07413588464936316,0.057039710591197945,0.057039710591197945,0.003253528584327619,0.22342910209940647,0.46552312923419686,0.47995274148237443,0.22342910209940647,0.2558266140783399,0.47995274148237443,0.5495465166235335,time_avg,0.2569461652524362,0.46552312923419686,17,0.802357708005294,medium
62,early_growth_slope,-0.00341306632340309,-0.0005211192094949564,-0.00046375054322803967,0.0018693247428537083,-0.001709840296825858,0.0006537501529757207,-0.003293030911369158,0.0028404560078689385,0.0023635904498015784,0.006133486919238096,0.0,0.0,0.0028919471139081335,0.0029493157801750505,0.0029493157801750505,8.698463571189567e-06,0.22342910209940647,0.46552312923419686,0.47995274148237443,0.22342910209940647,0.2558266140783399,0.47995274148237443,0.5495465166235335,time_avg,0.2569461652524362,0.46552312923419686,17,0.802357708005294,medium
63,peak_time,8.0,9.91,10.0,2.270117693740645,9.0,11.0,8.0,12.0,2.0,4.0,0.0,1.0,1.9100000000000001,2.0,2.0,4.0,0.8715566072447626,0.4532056735352181,1.923092887267297,0.8715566072447626,0.9403089092160369,1.923092887267297,2.0747950966305955,time_avg,0.9407598698000622,0.4532056735352181,30,0.8160974315103197,medium
63,peak_height,0.17809180915355682,0.171189698651433,0.17141344398260117,0.01975779999012518,0.16064222529530525,0.18328748270869255,0.1445501632988453,0.19702465757727622,0.0226452574133873,0.05247449427843093,1.0,1.0,-0.006902110502123832,-0.006678365170955658,0.006678365170955658,4.4600561356633595e-05,0.8715566072447626,0.4532056735352181,1.923092887267297,0.8715566072447626,0.9403089092160369,1.923092887267297,2.0747950966305955,time_avg,0.9407598698000622,0.4532056735352181,30,0.8160974315103197,medium
63,cumulative_infected,1.8522466130089015,1.9161558655124906,1.909849179302455,0.16195339462724911,1.8112633282344177,2.019668923676363,1.7029041601883363,2.184707680041902,0.20840559544194548,0.4818035198535655,1.0,1.0,0.06390925250358914,0.057602566293553537,0.057602566293553537,0.00331805564360323,0.8715566072447626,0.4532056735352181,1.923092887267297,0.8715566072447626,0.9403089092160369,1.923092887267297,2.0747950966305955,time_avg,0.9407598698000622,0.4532056735352181,30,0.8160974315103197,medium
63,early_growth_slope,0.020390086674264493,0.01595117028469325,0.016357159424972317,0.0037171799213836006,0.01405214931860211,0.018344664887990803,0.010044941434171051,0.0206726454109663,0.004292515569388693,0.010627703976795248,0.0,1.0,-0.004438916389571244,-0.004032927249292176,0.004032927249292176,1.6264502198083356e-05,0.8715566072447626,0.4532056735352181,1.923092887267297,0.8715566072447626,0.9403089092160369,1.923092887267297,2.0747950966305955,time_avg,0.9407598698000622,0.4532056735352181,30,0.8160974315103197,medium
64,peak_time,11.0,9.49,9.0,0.8703302519588455,9.0,10.0,8.0,11.0,1.0,3.0,0.0,1.0,-1.5099999999999998,-2.0,2.0,4.0,0.6231184489428042,0.271317189481482,2.296641986206825,0.6231184489428042,0.7000317298314107,2.296641986206825,2.5801230330052105,time_avg,0.8130180448702262,0.271317189481482,12,0.6926662440584936,medium
64,peak_height,0.32212191820144653,0.29188811391592023,0.2900400906801224,0.020968011080785037,0.27724964916706085,0.3056095242500305,0.25759709626436234,0.3278979957103729,0.028359875082969666,0.07030089944601059,0.0,1.0,-0.0302338042855263,-0.03208182752132416,0.03208182752132416,0.0010292436571079921,0.6231184489428042,0.271317189481482,2.296641986206825,0.6231184489428042,0.7000317298314107,2.296641986206825,2.5801230330052105,time_avg,0.8130180448702262,0.271317189481482,12,0.6926662440584936,medium
64,cumulative_infected,3.384317733347416,3.252193708607192,3.240931192645803,0.20008722175684807,3.1211503548693145,3.3730869139562856,2.9698016583599385,3.6128057565307246,0.2519365590869711,0.6430040981707861,0.0,1.0,-0.13212402474022378,-0.14338654070161283,0.14338654070161283,0.020559700054375272,0.6231184489428042,0.271317189481482,2.296641986206825,0.6231184489428042,0.7000317298314107,2.296641986206825,2.5801230330052105,time_avg,0.8130180448702262,0.271317189481482,12,0.6926662440584936,medium
64,early_growth_slope,0.03250718525738366,0.029505512249729467,0.029581711123076573,0.0046887474433035675,0.026211866568441364,0.03227611712645738,0.021970064370405103,0.038765322188070654,0.0060642505580160155,0.01679525781766555,0.0,1.0,-0.0030016730076541896,-0.0029254741343070836,0.0029254741343070836,8.55839891049978e-06,0.6231184489428042,0.271317189481482,2.296641986206825,0.6231184489428042,0.7000317298314107,2.296641986206825,2.5801230330052105,time_avg,0.8130180448702262,0.271317189481482,12,0.6926662440584936,medium
65,peak_time,43.0,23.35,22.0,16.26198082036811,8.75,38.25,1.0,48.0,29.5,47.0,0.0,1.0,-19.65,-21.0,21.0,441.0,0.09561282377938304,0.1993788862511785,0.4795534049624971,0.09561282377938304,0.10891493008282983,0.4795534049624971,0.5462711329705106,time_avg,0.11345481410824892,0.1993788862511785,18,0.7542800619967167,medium
65,peak_height,0.037151336669921875,0.049442022759467366,0.04831842519342899,0.011882156385870257,0.041158804669976234,0.05592964496463537,0.03401954751461744,0.06838526502251624,0.014770840294659138,0.034365717507898796,0.0,1.0,0.012290686089545491,0.011167088523507118,0.011167088523507118,0.0001247038660918444,0.09561282377938304,0.1993788862511785,0.4795534049624971,0.09561282377938304,0.10891493008282983,0.4795534049624971,0.5462711329705106,time_avg,0.11345481410824892,0.1993788862511785,18,0.7542800619967167,medium
65,cumulative_infected,0.4385049666161649,0.5085280344560215,0.453599227090308,0.22019494599235542,0.37758144001782057,0.5686665142138736,0.3098818062824648,0.8851448788176638,0.19108507419605303,0.575263072535199,1.0,1.0,0.07002306783985657,0.015094260474143084,0.015094260474143084,0.0002278366992612782,0.09561282377938304,0.1993788862511785,0.4795534049624971,0.09561282377938304,0.10891493008282983,0.4795534049624971,0.5462711329705106,time_avg,0.11345481410824892,0.1993788862511785,18,0.7542800619967167,medium
65,early_growth_slope,0.00017084548294189427,-0.000198923205012934,-0.00016204039621654673,0.0019239134918229265,-0.0013316327347725038,0.0012440164240875413,-0.0033251183257865078,0.0027026669791666786,0.002575649158860045,0.006027785304953187,1.0,1.0,-0.0003697686879548283,-0.00033288587915844103,0.00033288587915844103,1.108130085430882e-07,0.09561282377938304,0.1993788862511785,0.4795534049624971,0.09561282377938304,0.10891493008282983,0.4795534049624971,0.5462711329705106,time_avg,0.11345481410824892,0.1993788862511785,18,0.7542800619967167,medium
66,peak_time,12.0,12.53,12.0,1.3740377716714334,12.0,13.0,11.0,15.0,1.0,4.0,1.0,1.0,0.5299999999999994,0.0,0.0,0.0,0.460663470981455,0.27897290707603106,1.6512839035509141,0.460663470981455,0.4713138819575641,1.6512839035509141,1.6894611268796527,time_avg,0.6492422404934769,0.27897290707603106,10,0.6369252534911186,medium
66,peak_height,0.1974726915359497,0.1976241834461689,0.19781211018562317,0.01702837776277255,0.1860584355890751,0.2084088921546936,0.16962828859686852,0.22600040659308432,0.022350456565618515,0.056372117996215804,1.0,1.0,0.0001514919102191814,0.0003394186496734619,0.0003394186496734619,1.1520501974615627e-07,0.460663470981455,0.27897290707603106,1.6512839035509141,0.460663470981455,0.4713138819575641,1.6512839035509141,1.6894611268796527,time_avg,0.6492422404934769,0.27897290707603106,10,0.6369252534911186,medium
66,cumulative_infected,2.7801804477348924,2.7168957348391816,2.7102396498667076,0.16799278237031173,2.6217140331864357,2.8269905233755708,2.4558524042964565,3.0475378120463574,0.20527649018913507,0.591685407749901,1.0,1.0,-0.0632847128957108,-0.06994079786818475,0.06994079786818475,0.004891715206438276,0.460663470981455,0.27897290707603106,1.6512839035509141,0.460663470981455,0.4713138819575641,1.6512839035509141,1.6894611268796527,time_avg,0.6492422404934769,0.27897290707603106,10,0.6369252534911186,medium
66,early_growth_slope,0.013295479562310943,0.011861813545813978,0.012145192040840073,0.0029803464167611074,0.009955966088455169,0.013798235069511324,0.006978973584912074,0.015938867323677094,0.003842268981056156,0.008959893738765021,1.0,1.0,-0.0014336660164969654,-0.0011502875214708698,0.0011502875214708698,1.3231613820515968e-06,0.460663470981455,0.27897290707603106,1.6512839035509141,0.460663470981455,0.4713138819575641,1.6512839035509141,1.6894611268796527,time_avg,0.6492422404934769,0.27897290707603106,10,0.6369252534911186,medium
67,peak_time,11.0,13.8,14.0,1.6636336037952488,13.0,15.0,11.0,16.049999999999997,2.0,5.049999999999997,0.0,1.0,2.8000000000000007,3.0,3.0,9.0,0.5561030418268734,0.34321988838262557,1.6202529650814501,0.5561030418268734,0.6444554025425169,1.6202529650814501,1.877674995989948,time_avg,0.6568974600625646,0.34321988838262557,27,0.6664345444546208,medium
67,peak_height,0.1459399163722992,0.16162509694695473,0.1606081798672676,0.01716012573251135,0.1480981670320034,0.17220895737409592,0.13632580935955046,0.1889701835811138,0.024110790342092514,0.052644374221563345,0.0,1.0,0.01568518057465554,0.014668263494968414,0.014668263494968414,0.000215157953957823,0.5561030418268734,0.34321988838262557,1.6202529650814501,0.5561030418268734,0.6444554025425169,1.6202529650814501,1.877674995989948,time_avg,0.6568974600625646,0.34321988838262557,27,0.6664345444546208,medium
67,cumulative_infected,2.447438939176209,2.353956910925408,2.3342028624610975,0.1830656064081293,2.250799149973318,2.473426458775066,2.035777472681366,2.6365213463643156,0.22262730880174786,0.6007438736829496,1.0,1.0,-0.09348202825080065,-0.11323607671511127,0.11323607671511127,0.012822409069830565,0.5561030418268734,0.34321988838262557,1.6202529650814501,0.5561030418268734,0.6444554025425169,1.6202529650814501,1.877674995989948,time_avg,0.6568974600625646,0.34321988838262557,27,0.6664345444546208,medium
67,early_growth_slope,0.0012460315843955405,0.00837993701897912,0.008277231164919654,0.00259518215150674,0.006421523492116691,0.010261410398275723,0.0045819502817245105,0.012349501026134625,0.003839886906159032,0.007767550744410114,0.0,0.0,0.00713390543458358,0.007031199580524113,0.007031199580524113,4.9437767541162465e-05,0.5561030418268734,0.34321988838262557,1.6202529650814501,0.5561030418268734,0.6444554025425169,1.6202529650814501,1.877674995989948,time_avg,0.6568974600625646,0.34321988838262557,27,0.6664345444546208,medium
68,peak_time,18.0,19.72,20.0,1.4980121508320297,19.0,21.0,17.0,22.0,2.0,5.0,0.0,1.0,1.7199999999999989,2.0,2.0,4.0,0.3417578059534241,0.10367238330717621,3.2965173081900936,0.3417578059534241,0.3535215642040074,3.2965173081900936,3.4099878186126023,time_avg,0.3969083986669887,0.10367238330717621,26,0.7105199372471332,medium
68,peak_height,0.4027622938156128,0.39345155358314515,0.39354875683784485,0.022144106428512056,0.3772508278489113,0.4055039659142494,0.3615212976932526,0.4304921180009842,0.028253138065338135,0.0689708203077316,1.0,1.0,-0.00931074023246764,-0.009213536977767944,0.009213536977767944,8.488926364069727e-05,0.3417578059534241,0.10367238330717621,3.2965173081900936,0.3417578059534241,0.3535215642040074,3.2965173081900936,3.4099878186126023,time_avg,0.3969083986669887,0.10367238330717621,26,0.7105199372471332,medium
68,cumulative_infected,8.743180065881461,8.544930914717716,8.491917596198618,0.44672565582727686,8.281145937624387,8.742169293691404,7.845580196077935,9.46708466252312,0.4610233560670167,1.6215044664451854,0.0,1.0,-0.1982491511637452,-0.2512624696828425,0.2512624696828425,0.06313282867112134,0.3417578059534241,0.10367238330717621,3.2965173081900936,0.3417578059534241,0.3535215642040074,3.2965173081900936,3.4099878186126023,time_avg,0.3969083986669887,0.10367238330717621,26,0.7105199372471332,medium
68,early_growth_slope,0.01001851773998212,0.007627473921357228,0.007360524688487028,0.0026985521258928013,0.006061893039649087,0.00968548236068316,0.003455857543823575,0.011598036196803494,0.0036235893210340726,0.00814217865297992,0.0,1.0,-0.0023910438186248916,-0.002657993051495092,0.002657993051495092,7.064927061796191e-06,0.3417578059534241,0.10367238330717621,3.2965173081900936,0.3417578059534241,0.3535215642040074,3.2965173081900936,3.4099878186126023,time_avg,0.3969083986669887,0.10367238330717621,26,0.7105199372471332,medium
69,peak_time,8.0,8.95,9.0,0.9679197729505721,8.0,10.0,8.0,10.0,2.0,2.0,1.0,1.0,0.9499999999999993,1.0,1.0,1.0,0.8330936192851547,0.42726747519896874,1.9498175443782655,0.8330936192851547,0.9642621335986135,1.9498175443782655,2.256811457856881,time_avg,0.964894141280031,0.42726747519896874,30,0.6585104097014485,medium
69,peak_height,0.21341867744922638,0.19820282518863677,0.19988813251256943,0.019571030300516788,0.18477220833301544,0.21065225824713707,0.16178076714277267,0.2294873110949993,0.025880049914121628,0.06770654395222664,0.0,1.0,-0.015215852260589607,-0.013530544936656952,0.013530544936656952,0.00018307564628289308,0.8330936192851547,0.42726747519896874,1.9498175443782655,0.8330936192851547,0.9642621335986135,1.9498175443782655,2.256811457856881,time_avg,0.964894141280031,0.42726747519896874,30,0.6585104097014485,medium
69,cumulative_infected,2.24199578340631,2.1156342867761033,2.1107870949199423,0.16044579495206815,2.0055521654358017,2.2105071326950565,1.8727538918494246,2.37119438676018,0.20495496725925477,0.49844049491075526,0.0,1.0,-0.12636149663020646,-0.13120868848636746,0.13120868848636746,0.017215719934312618,0.8330936192851547,0.42726747519896874,1.9498175443782655,0.8330936192851547,0.9642621335986135,1.9498175443782655,2.256811457856881,time_avg,0.964894141280031,0.42726747519896874,30,0.6585104097014485,medium
69,early_growth_slope,0.021792654180899255,0.020719411302700226,0.020519479105825578,0.0037165772677791526,0.01825471254137699,0.023302539334898544,0.015161355836954455,0.026412749753910156,0.005047826793521552,0.0112513939169557,1.0,1.0,-0.0010732428781990294,-0.0012731750750736778,0.0012731750750736778,1.6209747717888652e-06,0.8330936192851547,0.42726747519896874,1.9498175443782655,0.8330936192851547,0.9642621335986135,1.9498175443782655,2.256811457856881,time_avg,0.964894141280031,0.42726747519896874,30,0.6585104097014485,medium
70,peak_time,29.0,28.66,28.5,2.243824296763781,27.0,30.0,25.0,32.05,3.0,7.049999999999997,1.0,1.0,-0.33999999999999986,-0.5,0.5,0.25,0.24267816099649708,0.09106882650441542,2.664777512914707,0.24267816099649708,0.23502057844506508,2.664777512914707,2.580691851054765,time_avg,0.2791514826197025,0.09106882650441542,30,0.6733554727981305,medium
70,peak_height,0.3467494547367096,0.33083397418260574,0.3276832699775696,0.02551085662154919,0.31191691011190414,0.34782668203115463,0.293059316277504,0.3762565925717354,0.03590977191925049,0.0831972762942314,1.0,1.0,-0.015915480554103856,-0.019066184759140015,0.019066184759140015,0.000363519401269663,0.24267816099649708,0.09106882650441542,2.664777512914707,0.24267816099649708,0.23502057844506508,2.664777512914707,2.580691851054765,time_avg,0.2791514826197025,0.09106882650441542,30,0.6733554727981305,medium
70,cumulative_infected,8.314262928441167,8.444931938122899,8.468668291112408,0.6551359058311702,7.969020772841759,8.809007654374,7.3774013237038165,9.554164943331852,0.8399868815322407,2.1767636196280353,1.0,1.0,0.130669009681732,0.15440536267124116,0.15440536267124116,0.023841016021637514,0.24267816099649708,0.09106882650441542,2.664777512914707,0.24267816099649708,0.23502057844506508,2.664777512914707,2.580691851054765,time_avg,0.2791514826197025,0.09106882650441542,30,0.6733554727981305,medium
70,early_growth_slope,0.000661889224180153,0.0026624718970491633,0.00292147886024655,0.0029059256982501684,0.0009915162331058781,0.004601110790861725,-0.002241044879580535,0.006847403716251607,0.0036095945577558474,0.009088448595832141,0.0,1.0,0.0020005826728690104,0.0022595896360663973,0.0022595896360663973,5.105745323418673e-06,0.24267816099649708,0.09106882650441542,2.664777512914707,0.24267816099649708,0.23502057844506508,2.664777512914707,2.580691851054765,time_avg,0.2791514826197025,0.09106882650441542,30,0.6733554727981305,medium
71,peak_time,36.0,21.69,21.0,14.867560103606221,8.0,34.0,1.0,46.05,26.0,45.05,0.0,1.0,-14.309999999999999,-15.0,15.0,225.0,0.10577586839689693,0.24478379864164718,0.43211956421898734,0.10577586839689693,0.1265747128904481,0.43211956421898734,0.5170877876429558,time_avg,0.12868088007638212,0.24478379864164718,23,0.6703730323404276,medium
71,peak_height,0.04292840510606766,0.046982898693531755,0.04617489501833916,0.008700401014466999,0.04169257916510105,0.05297854542732239,0.03348989095538855,0.06223179865628481,0.011285966262221336,0.028741907700896262,1.0,1.0,0.0040544935874640975,0.0032464899122714996,0.0032464899122714996,1.053969675048061e-05,0.10577586839689693,0.24478379864164718,0.43211956421898734,0.10577586839689693,0.1265747128904481,0.43211956421898734,0.5170877876429558,time_avg,0.12868088007638212,0.24478379864164718,23,0.6703730323404276,medium
71,cumulative_infected,0.42345599830150604,0.488478448446258,0.4312012136215344,0.15786714704263222,0.38242220297979657,0.5545966614445206,0.31009033457521584,0.8251353425963316,0.172174458464724,0.5150450080211157,1.0,1.0,0.06502245014475194,0.007745215320028365,0.007745215320028365,5.998836035360208e-05,0.10577586839689693,0.24478379864164718,0.43211956421898734,0.10577586839689693,0.1265747128904481,0.43211956421898734,0.5170877876429558,time_avg,0.12868088007638212,0.24478379864164718,23,0.6703730323404276,medium
71,early_growth_slope,-0.0023638938243190424,-0.00026241735710971645,-0.00018207405948833972,0.0019511338875532612,-0.0016247729420553812,0.0009534048184009627,-0.0035061211641212657,0.002852919910080908,0.002578177760456344,0.006359041074202173,0.0,1.0,0.002101476467209326,0.002181819764830703,0.002181819764830703,4.760337486205903e-06,0.10577586839689693,0.24478379864164718,0.43211956421898734,0.10577586839689693,0.1265747128904481,0.43211956421898734,0.5170877876429558,time_avg,0.12868088007638212,0.24478379864164718,23,0.6703730323404276,medium
72,peak_time,27.0,18.64,14.0,15.752838448734222,5.0,33.5,0.0,46.05,28.5,46.05,1.0,1.0,-8.36,-13.0,13.0,169.0,0.21742151300134238,0.3737160540142773,0.5817826413018802,0.21742151300134238,0.25186391379885764,0.5817826413018802,0.6739445926752601,time_avg,0.25352098817606294,0.3737160540142773,27,0.6904511910053597,medium
72,peak_height,0.033899322152137756,0.051151708494871856,0.049295589327812195,0.011260283674499372,0.04285782761871815,0.05748249124735594,0.036642473004758355,0.07061918787658214,0.01462466362863779,0.033976714871823785,0.0,0.0,0.0172523863427341,0.015396267175674438,0.015396267175674438,0.00023704504294475015,0.21742151300134238,0.3737160540142773,0.5817826413018802,0.21742151300134238,0.25186391379885764,0.5817826413018802,0.6739445926752601,time_avg,0.25352098817606294,0.3737160540142773,27,0.6904511910053597,medium
72,cumulative_infected,0.3969924806151539,0.5267201875585488,0.46036051702685654,0.22078473245603347,0.4031666531591327,0.5818907174398191,0.3284759772956022,0.9554817492715301,0.17872406428068643,0.6270057719759279,0.0,1.0,0.12972770694339486,0.06336803641170263,0.06336803641170263,0.004015508038674871,0.21742151300134238,0.3737160540142773,0.5817826413018802,0.21742151300134238,0.25186391379885764,0.5817826413018802,0.6739445926752601,time_avg,0.25352098817606294,0.3737160540142773,27,0.6904511910053597,medium
72,early_growth_slope,-0.0009817230637140912,-0.00028741175867772964,-0.0003265508532335619,0.0023704135084856815,-0.0016025049040936622,0.0008227916183559937,-0.004559659139652336,0.003745523544992984,0.002425296522449656,0.00830518268464532,1.0,1.0,0.0006943113050363616,0.0006551722104805293,0.0006551722104805293,4.2925062538594294e-07,0.21742151300134238,0.3737160540142773,0.5817826413018802,0.21742151300134238,0.25186391379885764,0.5817826413018802,0.6739445926752601,time_avg,0.25352098817606294,0.3737160540142773,27,0.6904511910053597,medium
73,peak_time,13.0,21.06,18.5,14.064655895347936,11.0,32.25,1.0,46.0,21.25,45.0,1.0,1.0,8.059999999999999,5.5,5.5,30.25,0.10562400808141457,0.2714882301583751,0.389055569811619,0.10562400808141457,0.12582419795740415,0.389055569811619,0.4634609680279822,time_avg,0.12722708004934427,0.2714882301583751,21,0.7072425477946247,medium
73,peak_height,0.0370512418448925,0.048817960284650325,0.04829062148928642,0.010664205828097996,0.0410291301086545,0.053935425356030464,0.03450325485318899,0.06479770094156265,0.012906295247375965,0.03029444608837366,0.0,1.0,0.011766718439757823,0.011239379644393921,0.011239379644393921,0.00012632365479081642,0.10562400808141457,0.2714882301583751,0.389055569811619,0.10562400808141457,0.12582419795740415,0.389055569811619,0.4634609680279822,time_avg,0.12722708004934427,0.2714882301583751,21,0.7072425477946247,medium
73,cumulative_infected,0.42481712251901627,0.5018453627623057,0.4646191200336034,0.1713686260388429,0.40122136173886247,0.5466915167198749,0.3285176625940949,0.7336537523970943,0.14547015498101246,0.4051360898029994,1.0,1.0,0.07702824024328947,0.03980199751458713,0.03980199751458713,0.0015841990061511999,0.10562400808141457,0.2714882301583751,0.389055569811619,0.10562400808141457,0.12582419795740415,0.389055569811619,0.4634609680279822,time_avg,0.12722708004934427,0.2714882301583751,21,0.7072425477946247,medium
73,early_growth_slope,0.0006087403079228742,-0.00031127630715673075,-0.0003363836495693589,0.002263279531162555,-0.001589077443072926,0.0011787354087573474,-0.004114077914952453,0.003046591376741637,0.0027678128518302736,0.0071606692916940905,1.0,1.0,-0.0009200166150796049,-0.0009451239574922331,0.0009451239574922331,8.932592950257805e-07,0.10562400808141457,0.2714882301583751,0.389055569811619,0.10562400808141457,0.12582419795740415,0.389055569811619,0.4634609680279822,time_avg,0.12722708004934427,0.2714882301583751,21,0.7072425477946247,medium
74,peak_time,25.0,20.19,17.0,14.62023987974938,7.75,30.5,0.9500000000000002,47.0,22.75,46.05,1.0,1.0,-4.809999999999999,-8.0,8.0,64.0,0.14461823596594076,0.16604354449852726,0.8709657240978944,0.14461823596594076,0.15100518690093545,0.8709657240978944,0.9094312420093803,time_avg,0.1952040934100503,0.16604354449852726,10,0.6760707180852523,medium
74,peak_height,0.04760794714093208,0.05015940554440022,0.0491035133600235,0.010969273284860394,0.04254888091236353,0.05700040515512228,0.03564474433660507,0.06880657374858856,0.014451524242758751,0.03316182941198349,1.0,1.0,0.0025514584034681334,0.0014955662190914154,0.0014955662190914154,2.2367183156873915e-06,0.14461823596594076,0.16604354449852726,0.8709657240978944,0.14461823596594076,0.15100518690093545,0.8709657240978944,0.9094312420093803,time_avg,0.1952040934100503,0.16604354449852726,10,0.6760707180852523,medium
74,cumulative_infected,0.5094195826677606,0.5428113904751263,0.4950316581816878,0.19924058891002563,0.408596289038087,0.6258619780755907,0.34693757150089366,1.0190576484194025,0.21726568903750376,0.6721200769185088,1.0,1.0,0.033391807807365725,-0.014387924486072734,0.014387924486072734,0.00020701237101693136,0.14461823596594076,0.16604354449852726,0.8709657240978944,0.14461823596594076,0.15100518690093545,0.8709657240978944,0.9094312420093803,time_avg,0.1952040934100503,0.16604354449852726,10,0.6760707180852523,medium
74,early_growth_slope,0.0024946759443818813,-0.0003347749471253156,-0.00032984867825039665,0.0024853729070498007,-0.00216196244028175,0.0009706839812549464,-0.003982937759116922,0.003932111662357957,0.0031326464215366964,0.00791504942147488,0.0,1.0,-0.002829450891507197,-0.002824524622632278,0.002824524622632278,7.977939343856012e-06,0.14461823596594076,0.16604354449852726,0.8709657240978944,0.14461823596594076,0.15100518690093545,0.8709657240978944,0.9094312420093803,time_avg,0.1952040934100503,0.16604354449852726,10,0.6760707180852523,medium
75,peak_time,21.0,21.23,19.0,10.754238065229744,14.75,28.25,4.95,42.0,13.5,37.05,1.0,1.0,0.23000000000000043,-2.0,2.0,4.0,0.2327452651191134,0.19841472729635684,1.1730241413555944,0.2327452651191134,0.2295814932353392,1.1730241413555944,1.1570788941106722,time_avg,0.2886835928424735,0.19841472729635684,17,0.7064085243966756,medium
75,peak_height,0.06401298940181732,0.06902899831533432,0.06614239886403084,0.015958493398460786,0.05789749976247549,0.07900052145123482,0.04749002680182457,0.09479404278099536,0.021103021688759327,0.04730401597917079,1.0,1.0,0.0050160089135170005,0.0021294094622135162,0.0021294094622135162,4.5343846577644564e-06,0.2327452651191134,0.19841472729635684,1.1730241413555944,0.2327452651191134,0.2295814932353392,1.1730241413555944,1.1570788941106722,time_avg,0.2886835928424735,0.19841472729635684,17,0.7064085243966756,medium
75,cumulative_infected,1.2856139171635732,1.0614544247436606,1.0157868062669877,0.3626438413129179,0.8415341538056964,1.3049482641072245,0.49859330310146105,1.6490104537864676,0.4634141103015281,1.1504171506850065,1.0,1.0,-0.22415949241991262,-0.2698271108965855,0.2698271108965855,0.07280666977479826,0.2327452651191134,0.19841472729635684,1.1730241413555944,0.2327452651191134,0.2295814932353392,1.1730241413555944,1.1570788941106722,time_avg,0.2886835928424735,0.19841472729635684,17,0.7064085243966756,medium
75,early_growth_slope,0.0012221016610662167,0.0008751402438377101,0.0011134357080750529,0.00284255181860573,-0.0008655043871147511,0.002335272685048125,-0.0036390160139749854,0.006066223445980409,0.0032007770721628765,0.009705239459955394,1.0,1.0,-0.00034696141722850664,-0.00010866595299116382,0.00010866595299116382,1.1808289339477827e-08,0.2327452651191134,0.19841472729635684,1.1730241413555944,0.2327452651191134,0.2295814932353392,1.1730241413555944,1.1570788941106722,time_avg,0.2886835928424735,0.19841472729635684,17,0.7064085243966756,medium
76,peak_time,36.0,19.25,16.0,14.649007964481225,7.5,30.25,0.0,46.0,22.75,46.0,0.0,1.0,-16.75,-20.0,20.0,400.0,0.0818996139084113,0.46346005926641953,0.17671342388823066,0.0818996139084113,0.11851894157088225,0.17671342388823066,0.25572633326478683,time_avg,0.11987591206446396,0.46346005926641953,10,0.6040040749008995,medium
76,peak_height,0.04125337675213814,0.04946120049804449,0.04730772040784359,0.012031640058426036,0.04198209010064602,0.05410831980407238,0.03563081175088882,0.06836236529052257,0.012126229703426361,0.03273155353963375,0.0,1.0,0.008207823745906354,0.006054343655705452,0.006054343655705452,3.6655077101380856e-05,0.0818996139084113,0.46346005926641953,0.17671342388823066,0.0818996139084113,0.11851894157088225,0.17671342388823066,0.25572633326478683,time_avg,0.11987591206446396,0.46346005926641953,10,0.6040040749008995,medium
76,cumulative_infected,0.42330653335375246,0.4936604604197521,0.4576131116482429,0.2107678869827597,0.39561899731506855,0.5485064033855451,0.3068849649465847,0.7202712912927379,0.15288740607047657,0.41338632634615324,1.0,1.0,0.07035392706599963,0.034306578294490464,0.034306578294490464,0.0011769413142760042,0.0818996139084113,0.46346005926641953,0.17671342388823066,0.0818996139084113,0.11851894157088225,0.17671342388823066,0.25572633326478683,time_avg,0.11987591206446396,0.46346005926641953,10,0.6040040749008995,medium
76,early_growth_slope,0.002009016275960242,-0.0004095877847841959,-0.0005840326775796705,0.002282257952871304,-0.002128665250243751,0.0011182396473096955,-0.0037834388062557454,0.00339404211762095,0.0032469048975534466,0.007177480923876696,0.0,1.0,-0.0024186040607444377,-0.0025930489535399125,0.0025930489535399125,6.723902875454435e-06,0.0818996139084113,0.46346005926641953,0.17671342388823066,0.0818996139084113,0.11851894157088225,0.17671342388823066,0.25572633326478683,time_avg,0.11987591206446396,0.46346005926641953,10,0.6040040749008995,medium
77,peak_time,14.0,15.09,14.0,3.612813895348644,13.0,17.0,11.0,22.0,4.0,11.0,1.0,1.0,1.0899999999999999,0.0,0.0,0.0,0.6274700988958538,0.44512069686846634,1.409662824735539,0.6274700988958538,0.6730923323085188,1.409662824735539,1.512156898216347,time_avg,0.681268302894532,0.44512069686846634,28,0.8205279110564022,medium
77,peak_height,0.09019486606121063,0.1075662326067686,0.10447569563984871,0.0187349367561504,0.09533803723752499,0.11793924123048782,0.08104438818991185,0.13729076758027076,0.022601203992962837,0.05624637939035891,0.0,1.0,0.017371366545557973,0.014280829578638077,0.014280829578638077,0.0002039420934541042,0.6274700988958538,0.44512069686846634,1.409662824735539,0.6274700988958538,0.6730923323085188,1.409662824735539,1.512156898216347,time_avg,0.681268302894532,0.44512069686846634,28,0.8205279110564022,medium
77,cumulative_infected,1.5317674078978598,1.5986084682261572,1.59776819718536,0.2019911209328061,1.4726434158947086,1.7195133642380824,1.277317837657756,1.9711760827398392,0.24686994834337384,0.6938582450820832,1.0,1.0,0.0668410603282974,0.06600078928750008,0.06600078928750008,0.004356104186572986,0.6274700988958538,0.44512069686846634,1.409662824735539,0.6274700988958538,0.6730923323085188,1.409662824735539,1.512156898216347,time_avg,0.681268302894532,0.44512069686846634,28,0.8205279110564022,medium
77,early_growth_slope,0.002974231730193076,0.004274100984137995,0.004245619996384318,0.0025920236209551854,0.002614784391231037,0.006198015408049935,0.000354299533812863,0.008443567562582235,0.0035832310168188984,0.008089268028769372,1.0,1.0,0.0012998692539449193,0.0012713882661912418,0.0012713882661912418,1.616428123408772e-06,0.6274700988958538,0.44512069686846634,1.409662824735539,0.6274700988958538,0.6730923323085188,1.409662824735539,1.512156898216347,time_avg,0.681268302894532,0.44512069686846634,28,0.8205279110564022,medium
78,peak_time,10.0,11.42,11.0,1.1562740578987738,11.0,12.0,10.0,13.0,1.0,3.0,0.0,1.0,1.42,1.0,1.0,1.0,0.6446607270011709,0.06036938635411579,10.678603277822122,0.6446607270011709,0.6754935659194641,10.678603277822122,11.189339609270537,time_avg,0.7174105271989549,0.06036938635411579,26,0.7887373017271719,medium
78,peak_height,0.7254431247711182,0.7100149512290954,0.7111690938472748,0.025355902487804064,0.6914548873901367,0.7311625927686691,0.6709674239158631,0.7460012435913086,0.03970770537853241,0.07503381967544553,1.0,1.0,-0.01542817354202275,-0.014274030923843384,0.014274030923843384,0.0002037479588148372,0.6446607270011709,0.06036938635411579,10.678603277822122,0.6446607270011709,0.6754935659194641,10.678603277822122,11.189339609270537,time_avg,0.7174105271989549,0.06036938635411579,26,0.7887373017271719,medium
78,cumulative_infected,15.30378320813179,15.248689615682816,15.335342501290143,0.8077917400644208,14.766386021627113,15.824775879271328,13.842552604246885,16.40830367363524,1.0583898576442152,2.5657510693883534,1.0,1.0,-0.055093592448974604,0.031559293158352375,0.031559293158352375,0.000995988984654827,0.6446607270011709,0.06036938635411579,10.678603277822122,0.6446607270011709,0.6754935659194641,10.678603277822122,11.189339609270537,time_avg,0.7174105271989549,0.06036938635411579,26,0.7887373017271719,medium
78,early_growth_slope,0.059420631300391887,0.05450530362056528,0.05476971441835518,0.009705978446050399,0.047167805840477466,0.06146410430803716,0.038401491111255286,0.06943610330844031,0.014296298467559691,0.03103461219718503,1.0,1.0,-0.004915327679826609,-0.0046509168820367056,0.0046509168820367056,2.163102784361403e-05,0.6446607270011709,0.06036938635411579,10.678603277822122,0.6446607270011709,0.6754935659194641,10.678603277822122,11.189339609270537,time_avg,0.7174105271989549,0.06036938635411579,26,0.7887373017271719,medium
79,peak_time,42.0,19.57,17.0,15.046228427715365,5.0,32.25,0.9500000000000002,45.05,27.25,44.099999999999994,0.0,1.0,-22.43,-25.0,25.0,625.0,0.12780066549470515,0.3963592205471857,0.3224364638679845,0.12780066549470515,0.16169164474993372,0.3224364638679845,0.4079421806479324,time_avg,0.165658333592008,0.3963592205471857,10,0.714339242128465,medium
79,peak_height,0.051454879343509674,0.050693225786089896,0.04930298216640949,0.01102736951120479,0.04352152440696955,0.056949066929519176,0.03506933785974979,0.06981099434196948,0.01342754252254963,0.03474165648221969,1.0,1.0,-0.000761653557419778,-0.0021518971771001816,0.0021518971771001816,4.63066146081173e-06,0.12780066549470515,0.3963592205471857,0.3224364638679845,0.12780066549470515,0.16169164474993372,0.3224364638679845,0.4079421806479324,time_avg,0.165658333592008,0.3963592205471857,10,0.714339242128465,medium
79,cumulative_infected,0.4732040401431732,0.536525140587969,0.48941827712769737,0.23497326572264146,0.41226547144469805,0.5885185714359977,0.2816460175643442,0.9198536806303306,0.17625309999129968,0.6382076630659863,1.0,1.0,0.06332110044479577,0.016214236984524177,0.016214236984524177,0.00026290148099031166,0.12780066549470515,0.3963592205471857,0.3224364638679845,0.12780066549470515,0.16169164474993372,0.3224364638679845,0.4079421806479324,time_avg,0.165658333592008,0.3963592205471857,10,0.714339242128465,medium
79,early_growth_slope,0.0021355562507995355,-0.0007086735277525361,-0.000649088738663565,0.0025104889996617305,-0.0025645138313328555,0.0008550862292481946,-0.004106277743648247,0.002902596747195016,0.00341960006058105,0.007008874490843264,0.0,1.0,-0.0028442297785520715,-0.0027846449894631006,0.0027846449894631006,7.754247717341952e-06,0.12780066549470515,0.3963592205471857,0.3224364638679845,0.12780066549470515,0.16169164474993372,0.3224364638679845,0.4079421806479324,time_avg,0.165658333592008,0.3963592205471857,10,0.714339242128465,medium
80,peak_time,0.0,20.65,19.0,14.791736022031172,8.0,31.25,0.9500000000000002,45.05,23.25,44.099999999999994,0.0,0.0,20.65,19.0,19.0,361.0,0.3405357085833423,0.41308465617465256,0.8243726884867966,0.3405357085833423,0.3944109664702124,0.8243726884867966,0.9547945211101113,time_avg,0.4208321475747494,0.41308465617465256,23,0.6466593388830059,medium
80,peak_height,0.04171193018555641,0.049154167044907805,0.04786158725619316,0.010010168895370536,0.04202331230044365,0.054784711450338364,0.035310563445091245,0.0694745808839798,0.012761399149894714,0.034164017438888555,0.0,1.0,0.0074422368593513935,0.006149657070636749,0.006149657070636749,3.7818282086432564e-05,0.3405357085833423,0.41308465617465256,0.8243726884867966,0.3405357085833423,0.3944109664702124,0.8243726884867966,0.9547945211101113,time_avg,0.4208321475747494,0.41308465617465256,23,0.6466593388830059,medium
80,cumulative_infected,0.4396409153996501,0.5025724242327602,0.45854479452827945,0.19437282922307314,0.39414699882036075,0.5448324402605067,0.309842592970017,0.8192587852361608,0.15068544144014595,0.5094161922661438,1.0,1.0,0.06293150883311005,0.01890387912862934,0.01890387912862934,0.00035735664610982805,0.3405357085833423,0.41308465617465256,0.8243726884867966,0.3405357085833423,0.3944109664702124,0.8243726884867966,0.9547945211101113,time_avg,0.4208321475747494,0.41308465617465256,23,0.6466593388830059,medium
80,early_growth_slope,-0.002848286503216339,-0.0002887269985954577,-0.0003015145914451702,0.0020919521554647823,-0.001528558748153348,0.0008544940321284922,-0.0036060475071627417,0.003094167098779939,0.00238305278028184,0.006700214605942681,0.0,1.0,0.0025595595046208814,0.0025467719117711687,0.0025467719117711687,6.486047170586574e-06,0.3405357085833423,0.41308465617465256,0.8243726884867966,0.3405357085833423,0.3944109664702124,0.8243726884867966,0.9547945211101113,time_avg,0.4208321475747494,0.41308465617465256,23,0.6466593388830059,medium
81,peak_time,11.0,11.9,12.0,0.9692233691951198,11.0,13.0,10.0,13.0,2.0,3.0,1.0,1.0,0.9000000000000004,1.0,1.0,1.0,0.6017040274040109,0.0786354498216088,7.6518164360861105,0.6017040274040109,0.6346753460349549,7.6518164360861105,8.071109753613285,time_avg,0.6679157949886697,0.0786354498216088,25,0.8017361826702057,medium
81,peak_height,0.6451423168182373,0.6418297499418258,0.6380592286586761,0.025758720010161468,0.6237553358078003,0.6594340205192566,0.6037336736917496,0.6842580288648605,0.0356786847114563,0.08052435517311096,1.0,1.0,-0.00331256687641146,-0.007083088159561157,0.007083088159561157,5.017013787611546e-05,0.6017040274040109,0.0786354498216088,7.6518164360861105,0.6017040274040109,0.6346753460349549,7.6518164360861105,8.071109753613285,time_avg,0.6679157949886697,0.0786354498216088,25,0.8017361826702057,medium
81,cumulative_infected,12.081838181242347,12.230594360694521,12.298245937563479,0.6276017274176535,11.75776179577224,12.659610150964,11.267586242314428,13.251123737869785,0.9018483551917598,1.9835374955553569,1.0,1.0,0.14875617945217456,0.21640775632113218,0.21640775632113218,0.046832316995946525,0.6017040274040109,0.0786354498216088,7.6518164360861105,0.6017040274040109,0.6346753460349549,7.6518164360861105,8.071109753613285,time_avg,0.6679157949886697,0.0786354498216088,25,0.8017361826702057,medium
81,early_growth_slope,0.048015993221529885,0.0433243231734767,0.04287541797384618,0.006115502991459327,0.039466335884450615,0.04708524664948483,0.03372228968600254,0.05432910389555174,0.007618910765034216,0.0206068142095492,0.0,1.0,-0.0046916700480531814,-0.005140575247683701,0.005140575247683701,2.6425513877098346e-05,0.6017040274040109,0.0786354498216088,7.6518164360861105,0.6017040274040109,0.6346753460349549,7.6518164360861105,8.071109753613285,time_avg,0.6679157949886697,0.0786354498216088,25,0.8017361826702057,medium
82,peak_time,9.0,10.53,10.0,1.2984450685183397,10.0,11.0,9.0,13.0,1.0,4.0,0.0,1.0,1.5299999999999994,1.0,1.0,1.0,0.7210992867807474,0.33831232119460863,2.1314603152332334,0.7210992867807474,0.8154848021859792,2.1314603152332334,2.4104496085346088,time_avg,0.8172357894226538,0.33831232119460863,30,0.7059095309879194,medium
82,peak_height,0.2376394420862198,0.22821108460426331,0.2271081879734993,0.019093149173030757,0.21583085507154465,0.2404945082962513,0.195042222738266,0.25805044174194336,0.02466365322470665,0.06300821900367737,1.0,1.0,-0.009428357481956473,-0.01053125411272049,0.01053125411272049,0.00011090731318669222,0.7210992867807474,0.33831232119460863,2.1314603152332334,0.7210992867807474,0.8154848021859792,2.1314603152332334,2.4104496085346088,time_avg,0.8172357894226538,0.33831232119460863,30,0.7059095309879194,medium
82,cumulative_infected,2.760171438101679,2.6783808637644686,2.684192989341682,0.17799476059964067,2.5667916025340674,2.7986026635044254,2.4292176736926194,2.955669419892365,0.23181106097035808,0.5264517461997458,1.0,1.0,-0.08179057433721049,-0.07597844875999726,0.07597844875999726,0.00577272467597553,0.7210992867807474,0.33831232119460863,2.1314603152332334,0.7210992867807474,0.8154848021859792,2.1314603152332334,2.4104496085346088,time_avg,0.8172357894226538,0.33831232119460863,30,0.7059095309879194,medium
82,early_growth_slope,0.018890850035296305,0.01886087508335116,0.01860746706924623,0.003967959889967468,0.016625430398908927,0.02123581767193086,0.013238162311193132,0.0255303984753222,0.004610387273021932,0.01229223616412907,1.0,1.0,-2.9974951945146294e-05,-0.00028338296605007543,0.00028338296605007543,8.030590544733821e-08,0.7210992867807474,0.33831232119460863,2.1314603152332334,0.7210992867807474,0.8154848021859792,2.1314603152332334,2.4104496085346088,time_avg,0.8172357894226538,0.33831232119460863,30,0.7059095309879194,medium
83,peak_time,14.0,21.93,22.0,13.975631750596564,11.0,32.25,1.0,46.0,21.25,45.0,1.0,1.0,7.93,8.0,8.0,64.0,0.10893491232541554,0.4531360505865233,0.24040221956389043,0.10893491232541554,0.1254076964537849,0.24040221956389043,0.27675506349905643,time_avg,0.126171961817057,0.4531360505865233,10,0.829230586936637,medium
83,peak_height,0.05703989416360855,0.05033462449908257,0.04919873923063278,0.010274847377481347,0.04349102731794119,0.05541190039366484,0.03731938675045967,0.07125328928232193,0.011920873075723648,0.03393390253186226,0.0,1.0,-0.006705269664525983,-0.007841154932975769,0.007841154932975769,6.148371068293024e-05,0.10893491232541554,0.4531360505865233,0.24040221956389043,0.10893491232541554,0.1254076964537849,0.24040221956389043,0.27675506349905643,time_avg,0.126171961817057,0.4531360505865233,10,0.829230586936637,medium
83,cumulative_infected,0.5966712168883532,0.5374773416539392,0.5007197873983387,0.18849288431166125,0.4336084325113916,0.5483776425953693,0.3170477360370569,0.895828808326223,0.11476921008397767,0.5787810722891662,0.0,1.0,-0.059193875234413995,-0.09595142949001456,0.09595142949001456,0.009206676821177236,0.10893491232541554,0.4531360505865233,0.24040221956389043,0.10893491232541554,0.1254076964537849,0.24040221956389043,0.27675506349905643,time_avg,0.126171961817057,0.4531360505865233,10,0.829230586936637,medium
83,early_growth_slope,-0.0012479630864358343,-0.00010784479937802533,-2.2689800798183467e-05,0.0023037830499040074,-0.0014699280159437044,0.0012486939522204918,-0.004551999031329092,0.0037834671179986044,0.0027186219681641964,0.008335466149327696,1.0,1.0,0.001140118287057809,0.001225273285637651,0.001225273285637651,1.5012946244972845e-06,0.10893491232541554,0.4531360505865233,0.24040221956389043,0.10893491232541554,0.1254076964537849,0.24040221956389043,0.27675506349905643,time_avg,0.126171961817057,0.4531360505865233,10,0.829230586936637,medium
84,peak_time,13.0,13.47,13.0,1.507255181387074,12.0,14.25,11.0,16.0,2.25,5.0,1.0,1.0,0.47000000000000064,0.0,0.0,0.0,0.5309335571117413,0.30211147281115747,1.7574094494703778,0.5309335571117413,0.6022979268322836,1.7574094494703778,1.9936281175550237,time_avg,0.6416286875031633,0.30211147281115747,20,0.7124631619829279,medium
84,peak_height,0.20636045932769775,0.20436941266059874,0.20257268846035004,0.017072299833042686,0.19410935789346695,0.21393140777945518,0.1779111884534359,0.2344236522912979,0.019822049885988235,0.056512463837862015,1.0,1.0,-0.0019910466670990112,-0.0037877708673477173,0.0037877708673477173,1.4347208143528078e-05,0.5309335571117413,0.30211147281115747,1.7574094494703778,0.5309335571117413,0.6022979268322836,1.7574094494703778,1.9936281175550237,time_avg,0.6416286875031633,0.30211147281115747,20,0.7124631619829279,medium
84,cumulative_infected,2.9995470901485533,2.871609632682539,2.850097395479679,0.1758610769056078,2.7690694304183125,2.9880157712032087,2.592312719166512,3.1504952553194014,0.21894634078489617,0.5581825361528896,0.0,1.0,-0.12793745746601415,-0.14944969466887414,0.14944969466887414,0.02233521123661971,0.5309335571117413,0.30211147281115747,1.7574094494703778,0.5309335571117413,0.6022979268322836,1.7574094494703778,1.9936281175550237,time_avg,0.6416286875031633,0.30211147281115747,20,0.7124631619829279,medium
84,early_growth_slope,0.010975924786180254,0.009997291036808657,0.010028944439476443,0.0030094110252304467,0.007942577960507366,0.011987591210830333,0.0056145097882281765,0.014639151741063129,0.004045013250322967,0.009024641952834953,1.0,1.0,-0.0009786337493715973,-0.0009469803467038115,0.0009469803467038115,8.967717770432711e-07,0.5309335571117413,0.30211147281115747,1.7574094494703778,0.5309335571117413,0.6022979268322836,1.7574094494703778,1.9936281175550237,time_avg,0.6416286875031633,0.30211147281115747,20,0.7124631619829279,medium
85,peak_time,25.0,17.33,15.0,8.325517546930186,12.0,21.0,7.95,32.05,9.0,24.099999999999998,0.0,1.0,-7.670000000000002,-10.0,10.0,100.0,0.2945134647255236,0.288278324627055,1.0216288897423522,0.2945134647255236,0.3094356320586555,1.0216288897423522,1.073391946685453,time_avg,0.41710081854812187,0.288278324627055,12,0.6132849838846163,medium
85,peak_height,0.06630824506282806,0.0764450477808714,0.07553111761808395,0.021197753386752328,0.061461388133466244,0.09045282192528248,0.04330349024385214,0.11572123430669308,0.028991433791816235,0.07241774406284093,1.0,1.0,0.010136802718043333,0.00922287255525589,0.00922287255525589,8.506137817049231e-05,0.2945134647255236,0.288278324627055,1.0216288897423522,0.2945134647255236,0.3094356320586555,1.0216288897423522,1.073391946685453,time_avg,0.41710081854812187,0.288278324627055,12,0.6132849838846163,medium
85,cumulative_infected,1.0197659294353798,1.1483200695864435,1.1778303399896686,0.393056769816585,0.8708697487818426,1.4044111075199908,0.545570267115545,1.7453489476116373,0.5335413587381481,1.1997786804960922,1.0,1.0,0.1285541401510637,0.15806441055428877,0.15806441055428877,0.024984357883874757,0.2945134647255236,0.288278324627055,1.0216288897423522,0.2945134647255236,0.3094356320586555,1.0216288897423522,1.073391946685453,time_avg,0.41710081854812187,0.288278324627055,12,0.6132849838846163,medium
85,early_growth_slope,0.0037868802236126994,0.00214499958976354,0.002133554867690518,0.003177270540094685,-0.0001320635215268417,0.0041018264296109825,-0.0027270974153431014,0.007968968002214315,0.004233889951137824,0.010696065417557417,1.0,1.0,-0.0016418806338491594,-0.0016533253559221812,0.0016533253559221812,2.7334847325352074e-06,0.2945134647255236,0.288278324627055,1.0216288897423522,0.2945134647255236,0.3094356320586555,1.0216288897423522,1.073391946685453,time_avg,0.41710081854812187,0.288278324627055,12,0.6132849838846163,medium
86,peak_time,11.0,23.02,23.0,12.404772623405227,16.0,32.0,2.95,45.05,16.0,42.099999999999994,0.0,1.0,12.02,12.0,12.0,144.0,0.27577902640877305,0.25175373264088036,1.0954317281252155,0.27577902640877305,0.2765936833205206,1.0954317281252155,1.0986676559631143,time_avg,0.31298035445150735,0.25175373264088036,17,0.8199067521398355,medium
86,peak_height,0.054766349494457245,0.05848324742168188,0.054931653663516045,0.015997025419360312,0.047198508866131306,0.06599690392613411,0.038623851537704465,0.08663981780409812,0.018798395060002804,0.04801596626639365,1.0,1.0,0.003716897927224634,0.00016530416905879974,0.00016530416905879974,2.7325468308220247e-08,0.27577902640877305,0.25175373264088036,1.0954317281252155,0.27577902640877305,0.2765936833205206,1.0954317281252155,1.0986676559631143,time_avg,0.31298035445150735,0.25175373264088036,17,0.8199067521398355,medium
86,cumulative_infected,0.9360028905794024,0.7369270371559833,0.6194168520960375,0.3687844498093867,0.48289169574854895,0.9313595366547816,0.34393606857629494,1.4911581310443573,0.4484678409062326,1.1472220624680625,0.0,1.0,-0.19907585342341916,-0.316586038483365,0.316586038483365,0.10022671976259065,0.27577902640877305,0.25175373264088036,1.0954317281252155,0.27577902640877305,0.2765936833205206,1.0954317281252155,1.0986676559631143,time_avg,0.31298035445150735,0.25175373264088036,17,0.8199067521398355,medium
86,early_growth_slope,0.0011462217108124775,0.00024710299120107285,1.7029194471737985e-05,0.0024760002710525054,-0.0013407077452332783,0.0017804818870943216,-0.003191720813213447,0.004229079127851167,0.0031211896323276,0.007420799941064614,1.0,1.0,-0.0008991187196114046,-0.0011291925163407395,0.0011291925163407395,1.2750757389599312e-06,0.27577902640877305,0.25175373264088036,1.0954317281252155,0.27577902640877305,0.2765936833205206,1.0954317281252155,1.0986676559631143,time_avg,0.31298035445150735,0.25175373264088036,17,0.8199067521398355,medium
87,peak_time,10.0,9.46,9.0,0.8092895000860292,9.0,10.0,8.0,11.0,1.0,3.0,1.0,1.0,-0.5399999999999991,-1.0,1.0,1.0,0.7403133321803215,0.23151013933536368,3.197757706447188,0.7403133321803215,0.8758592421790355,3.197757706447188,3.783243553364516,time_avg,0.885665523175402,0.23151013933536368,24,0.6843916389348372,medium
87,peak_height,0.38848403096199036,0.3817547354102135,0.3815973252058029,0.022106760025884156,0.3659730777144432,0.3961939737200737,0.3490827977657318,0.42160673886537553,0.030220896005630493,0.07252394109964372,1.0,1.0,-0.0067292955517768704,-0.006886705756187439,0.006886705756187439,4.7426716172305206e-05,0.7403133321803215,0.23151013933536368,3.197757706447188,0.7403133321803215,0.8758592421790355,3.197757706447188,3.783243553364516,time_avg,0.885665523175402,0.23151013933536368,24,0.6843916389348372,medium
87,cumulative_infected,4.461414544377476,4.315900994237265,4.298565970675554,0.20430949155750697,4.180053763539945,4.467557926938753,3.9936531946375906,4.613209300732706,0.2875041633988076,0.6195561060951151,1.0,1.0,-0.14551355014021095,-0.16284857370192185,0.16284857370192185,0.02651965795675027,0.7403133321803215,0.23151013933536368,3.197757706447188,0.7403133321803215,0.8758592421790355,3.197757706447188,3.783243553364516,time_avg,0.885665523175402,0.23151013933536368,24,0.6843916389348372,medium
87,early_growth_slope,0.04584161932801916,0.039642200258420496,0.040147995332344644,0.005658128864277689,0.03547443223942536,0.043771638727602764,0.030608312867947712,0.04781633752420366,0.008297206488177403,0.017208024656255948,0.0,1.0,-0.006199419069598665,-0.005693623995674517,0.005693623995674517,3.241735420412065e-05,0.7403133321803215,0.23151013933536368,3.197757706447188,0.7403133321803215,0.8758592421790355,3.197757706447188,3.783243553364516,time_avg,0.885665523175402,0.23151013933536368,24,0.6843916389348372,medium
88,peak_time,16.0,16.02,16.0,1.2790463619273524,15.0,17.0,14.0,18.0,2.0,4.0,1.0,1.0,0.019999999999999574,0.0,0.0,0.0,0.4301990174848377,0.13311947803269708,3.2316759638974193,0.4301990174848377,0.4346600287884517,3.2316759638974193,3.2651872979977403,time_avg,0.49835452126535584,0.13311947803269708,16,0.798880761078105,medium
88,peak_height,0.3775045573711395,0.3878153133392334,0.38608814775943756,0.01810349565533921,0.37859179079532623,0.4000282436609268,0.35817108750343324,0.41816540360450744,0.021436452865600586,0.0599943161010742,0.0,1.0,0.010310755968093888,0.008583590388298035,0.008583590388298035,7.36780239540824e-05,0.4301990174848377,0.13311947803269708,3.2316759638974193,0.4301990174848377,0.4346600287884517,3.2316759638974193,3.2651872979977403,time_avg,0.49835452126535584,0.13311947803269708,16,0.798880761078105,medium
88,cumulative_infected,7.017767674289644,7.000596447443459,6.9867333507863805,0.26461802184695005,6.822439255891368,7.180411307679606,6.5758747073588895,7.4402909175725656,0.3579720517882379,0.8644162102136761,1.0,1.0,-0.017171226846184773,-0.031034323503263295,0.031034323503263295,0.0009631292353052005,0.4301990174848377,0.13311947803269708,3.2316759638974193,0.4301990174848377,0.4346600287884517,3.2316759638974193,3.2651872979977403,time_avg,0.49835452126535584,0.13311947803269708,16,0.798880761078105,medium
88,early_growth_slope,0.014785310985254388,0.01250725776498733,0.012458139060375588,0.00306983014496566,0.010055007712383355,0.014516711323743771,0.00760230309138673,0.017238899181774323,0.004461703611360416,0.009636596090387594,0.0,1.0,-0.0022780532202670584,-0.0023271719248787997,0.0023271719248787997,5.415729167944098e-06,0.4301990174848377,0.13311947803269708,3.2316759638974193,0.4301990174848377,0.4346600287884517,3.2316759638974193,3.2651872979977403,time_avg,0.49835452126535584,0.13311947803269708,16,0.798880761078105,medium
89,peak_time,11.0,11.51,11.0,0.915577865767204,11.0,12.0,10.0,13.0,1.0,3.0,1.0,1.0,0.5099999999999998,0.0,0.0,0.0,0.6327330380847365,0.13537112108273952,4.674062185671099,0.6327330380847365,0.6791254161061535,4.674062185671099,5.016767318422875,time_avg,0.6949247743376288,0.13537112108273952,25,0.8210116014005377,medium
89,peak_height,0.4853704571723938,0.48391455799341204,0.4838801175355911,0.021521252119776502,0.4694417119026184,0.4997742101550102,0.4490091159939766,0.5157412558794021,0.030332498252391815,0.06673213988542553,1.0,1.0,-0.0014558991789817566,-0.0014903396368026733,0.0014903396368026733,2.2211122330251243e-06,0.6327330380847365,0.13537112108273952,4.674062185671099,0.6327330380847365,0.6791254161061535,4.674062185671099,5.016767318422875,time_avg,0.6949247743376288,0.13537112108273952,25,0.8210116014005377,medium
89,cumulative_infected,7.431623275377206,7.183311237047064,7.187058774987236,0.27895972676476327,6.999939674627967,7.372708428418264,6.751250390079804,7.661752592795528,0.3727687537902966,0.9105022027157244,0.0,1.0,-0.24831203833014115,-0.2445645003899699,0.2445645003899699,0.05981179485099559,0.6327330380847365,0.13537112108273952,4.674062185671099,0.6327330380847365,0.6791254161061535,4.674062185671099,5.016767318422875,time_avg,0.6949247743376288,0.13537112108273952,25,0.8210116014005377,medium
89,early_growth_slope,0.03706923817905285,0.03375011975253505,0.033394199931838855,0.004072134514347681,0.030823229357511507,0.03681971198446782,0.027750414954997325,0.04046726452156906,0.005996482626956311,0.012716849566571736,0.0,1.0,-0.003319118426517803,-0.003675038247213998,0.003675038247213998,1.3505906118485734e-05,0.6327330380847365,0.13537112108273952,4.674062185671099,0.6327330380847365,0.6791254161061535,4.674062185671099,5.016767318422875,time_avg,0.6949247743376288,0.13537112108273952,25,0.8210116014005377,medium
90,peak_time,43.0,32.39,32.0,3.360179769120706,30.0,35.0,27.0,38.0,5.0,11.0,0.0,0.0,-10.61,-11.0,11.0,121.0,0.19197996154141841,0.07684457906945909,2.4982889341860997,0.19197996154141841,0.1762256027770783,2.4982889341860997,2.2932730572678346,time_avg,0.2703888784784815,0.07684457906945909,10,0.6375178345986263,medium
90,peak_height,0.24150829017162323,0.30413363352417944,0.3015308231115341,0.04182992430309619,0.27528116106987,0.3333113566040993,0.23967099860310553,0.3637434959411621,0.05803019553422928,0.12407249733805659,0.0,1.0,0.0626253433525562,0.06002253293991089,0.06002253293991089,0.0036027044605226877,0.19197996154141841,0.07684457906945909,2.4982889341860997,0.19197996154141841,0.1762256027770783,2.4982889341860997,2.2932730572678346,time_avg,0.2703888784784815,0.07684457906945909,10,0.6375178345986263,medium
90,cumulative_infected,6.808596381451935,7.937040398472455,7.9066467804368585,1.1495046597246759,7.20357309555402,8.707692428884911,6.174708159151487,9.604483851557596,1.504119333330891,3.4297756924061087,0.0,1.0,1.12844401702052,1.098050398984924,1.098050398984924,1.2057146787109507,0.19197996154141841,0.07684457906945909,2.4982889341860997,0.19197996154141841,0.1762256027770783,2.4982889341860997,2.2932730572678346,time_avg,0.2703888784784815,0.07684457906945909,10,0.6375178345986263,medium
90,early_growth_slope,0.0035731390761655013,0.002278946805939389,0.002089583792223407,0.00256297408049421,0.0006295738930930389,0.003917576000925952,-0.0017525251896239782,0.006343755491876176,0.003288002107832913,0.008096280681500154,1.0,1.0,-0.0012941922702261123,-0.0014835552839420943,0.0014835552839420943,2.200936280512508e-06,0.19197996154141841,0.07684457906945909,2.4982889341860997,0.19197996154141841,0.1762256027770783,2.4982889341860997,2.2932730572678346,time_avg,0.2703888784784815,0.07684457906945909,10,0.6375178345986263,medium
91,peak_time,7.0,8.09,8.0,0.6830561152391921,8.0,9.0,7.0,9.0,1.0,2.0,0.0,1.0,1.0899999999999999,1.0,1.0,1.0,0.8898005335546489,0.22856705844575703,3.892951764813538,0.8898005335546489,0.9757839825337584,3.892951764813538,4.269136546486768,time_avg,0.9827229230780687,0.22856705844575703,22,0.8311499258458872,medium
91,peak_height,0.4094681739807129,0.41286426067352294,0.4124031513929367,0.02514530613658431,0.39799023419618607,0.4263273701071739,0.3757618084549904,0.45515586286783216,0.028337135910987854,0.07939405441284175,1.0,1.0,0.003396086692810052,0.002934977412223816,0.002934977412223816,8.614092410264007e-06,0.8898005335546489,0.22856705844575703,3.892951764813538,0.8898005335546489,0.9757839825337584,3.892951764813538,4.269136546486768,time_avg,0.9827229230780687,0.22856705844575703,22,0.8311499258458872,medium
91,cumulative_infected,4.371529514261056,4.2395804762340275,4.170944891520776,0.2888581470704236,4.074761266162454,4.417639214763767,3.866210558223611,4.796593180228956,0.3428779486013127,0.9303826220053448,1.0,1.0,-0.1319490380270283,-0.20058462274027988,0.20058462274027988,0.0402341908798604,0.8898005335546489,0.22856705844575703,3.892951764813538,0.8898005335546489,0.9757839825337584,3.892951764813538,4.269136546486768,time_avg,0.9827229230780687,0.22856705844575703,22,0.8311499258458872,medium
91,early_growth_slope,0.05921904956700191,0.055216581769673194,0.0546948413553071,0.00561425264035058,0.05175826840457461,0.05889674497900288,0.04720627568035741,0.06364592233439904,0.007138476574428267,0.016439646654041636,0.0,1.0,-0.004002467797328713,-0.004524208211694809,0.004524208211694809,2.0468459942766746e-05,0.8898005335546489,0.22856705844575703,3.892951764813538,0.8898005335546489,0.9757839825337584,3.892951764813538,4.269136546486768,time_avg,0.9827229230780687,0.22856705844575703,22,0.8311499258458872,medium
92,peak_time,10.0,9.26,9.0,0.9387289924212,9.0,10.0,8.0,11.0,1.0,3.0,1.0,1.0,-0.7400000000000002,-1.0,1.0,1.0,0.5709201522461635,0.29364269741518556,1.944268177862879,0.5709201522461635,0.6319386521485466,1.944268177862879,2.1520666364641095,time_avg,0.8197163067318931,0.29364269741518556,10,0.6206063115334852,medium
92,peak_height,0.28241556882858276,0.26767431616783144,0.2669026106595993,0.023843246896880884,0.25370626151561737,0.27915675938129425,0.22817640379071236,0.30741467177867887,0.02545049786567688,0.07923826798796652,0.0,1.0,-0.014741252660751325,-0.01551295816898346,0.01551295816898346,0.00024065187115263065,0.5709201522461635,0.29364269741518556,1.944268177862879,0.5709201522461635,0.6319386521485466,1.944268177862879,2.1520666364641095,time_avg,0.8197163067318931,0.29364269741518556,10,0.6206063115334852,medium
92,cumulative_infected,3.074001889443025,2.878626844264618,2.8601530935266055,0.2161394181651867,2.7293679311660526,3.042110177732866,2.536261756409658,3.2074943622777936,0.31274224656681326,0.6712326058681355,0.0,1.0,-0.1953750451784071,-0.21384879591641948,0.21384879591641948,0.045731307514902425,0.5709201522461635,0.29364269741518556,1.944268177862879,0.5709201522461635,0.6319386521485466,1.944268177862879,2.1520666364641095,time_avg,0.8197163067318931,0.29364269741518556,10,0.6206063115334852,medium
92,early_growth_slope,0.02100349040258498,0.027883925903013376,0.02807793893346873,0.004783938348459622,0.025103842917208866,0.031036497090965325,0.01939780986590665,0.03588167420765828,0.00593265417375646,0.01648386434175163,0.0,1.0,0.006880435500428397,0.007074448530883751,0.007074448530883751,5.004782201612326e-05,0.5709201522461635,0.29364269741518556,1.944268177862879,0.5709201522461635,0.6319386521485466,1.944268177862879,2.1520666364641095,time_avg,0.8197163067318931,0.29364269741518556,10,0.6206063115334852,medium
93,peak_time,11.0,10.07,10.0,1.296888272720203,9.0,11.0,8.0,13.0,2.0,5.0,1.0,1.0,-0.9299999999999997,-1.0,1.0,1.0,0.7946334125459199,0.4185094299125052,1.8987228381258894,0.7946334125459199,0.8808214803391048,1.8987228381258894,2.1046634015468944,time_avg,0.8817425518074206,0.4185094299125052,30,0.7530199175401544,medium
93,peak_height,0.18559637665748596,0.1773862489312887,0.1767941266298294,0.01712608103111127,0.16442271322011948,0.18710466846823692,0.15354825928807259,0.20542362183332444,0.022681955248117447,0.05187536254525185,1.0,1.0,-0.008210127726197253,-0.008802250027656555,0.008802250027656555,7.747960554937983e-05,0.7946334125459199,0.4185094299125052,1.8987228381258894,0.7946334125459199,0.8808214803391048,1.8987228381258894,2.1046634015468944,time_avg,0.8817425518074206,0.4185094299125052,30,0.7530199175401544,medium
93,cumulative_infected,2.0598651276668534,2.0371613993357003,2.0257510138326325,0.16872086821392074,1.934989587981363,2.1512268865953956,1.7701281642570392,2.310573305393336,0.21623729861403262,0.5404451411362969,1.0,1.0,-0.022703728331153084,-0.034114113834220916,0.034114113834220916,0.001163772762694183,0.7946334125459199,0.4185094299125052,1.8987228381258894,0.7946334125459199,0.8808214803391048,1.8987228381258894,2.1046634015468944,time_avg,0.8817425518074206,0.4185094299125052,30,0.7530199175401544,medium
93,early_growth_slope,0.020008818642790645,0.015672466126871284,0.015500968355419378,0.0036649361653326796,0.013663797051690161,0.018624524946235826,0.00998835032417749,0.021125314072594926,0.004960727894545665,0.011136963748417435,0.0,1.0,-0.004336352515919361,-0.004507850287371266,0.004507850287371266,2.032071421335321e-05,0.7946334125459199,0.4185094299125052,1.8987228381258894,0.7946334125459199,0.8808214803391048,1.8987228381258894,2.1046634015468944,time_avg,0.8817425518074206,0.4185094299125052,30,0.7530199175401544,medium
94,peak_time,10.0,13.32,13.0,2.0244964456836816,12.0,15.0,10.0,16.049999999999997,3.0,6.049999999999997,0.0,1.0,3.3200000000000003,3.0,3.0,9.0,0.6066189868763118,0.35825932675661026,1.6932399007393575,0.6066189868763118,0.6202433713925826,1.6932399007393575,1.7312692931340088,time_avg,0.6874646137192117,0.35825932675661026,12,0.8452635631413932,medium
94,peak_height,0.14604786038398743,0.14464542649686338,0.14313402026891708,0.01364819130770476,0.13521144911646843,0.15305740758776665,0.12638200595974922,0.1675870470702648,0.017845958471298218,0.041205041110515594,1.0,1.0,-0.0014024338871240494,-0.002913840115070343,0.002913840115070343,8.49046421619315e-06,0.6066189868763118,0.35825932675661026,1.6932399007393575,0.6066189868763118,0.6202433713925826,1.6932399007393575,1.7312692931340088,time_avg,0.6874646137192117,0.35825932675661026,12,0.8452635631413932,medium
94,cumulative_infected,2.146941972678178,2.0717855917199994,2.0664142436580732,0.17759188480432023,1.9602229941519909,2.187014464274398,1.7865431124228053,2.359261282221996,0.2267914701224072,0.5727181697991908,1.0,1.0,-0.07515638095817856,-0.08052772902010474,0.08052772902010474,0.00648471514113542,0.6066189868763118,0.35825932675661026,1.6932399007393575,0.6066189868763118,0.6202433713925826,1.6932399007393575,1.7312692931340088,time_avg,0.6874646137192117,0.35825932675661026,12,0.8452635631413932,medium
94,early_growth_slope,0.0022854748004603968,0.006672748882840441,0.006334039518454422,0.0026840491105615777,0.0048741139014185,0.00800594541319047,0.0024697109549638952,0.011310802786222965,0.00313183151177197,0.00884109183125907,0.0,0.0,0.004387274082380045,0.0040485647179940255,0.0040485647179940255,1.6390876275786044e-05,0.6066189868763118,0.35825932675661026,1.6932399007393575,0.6066189868763118,0.6202433713925826,1.6932399007393575,1.7312692931340088,time_avg,0.6874646137192117,0.35825932675661026,12,0.8452635631413932,medium
95,peak_time,44.0,19.88,18.5,14.487389152102061,6.0,29.25,0.0,46.05,23.25,46.05,0.0,1.0,-24.12,-25.5,25.5,650.25,0.18269376223558467,0.4439279206111221,0.4115392471464375,0.18269376223558467,0.221214971093351,0.4115392471464375,0.49831281346039474,time_avg,0.22321688178355803,0.4439279206111221,14,0.7478590775321813,medium
95,peak_height,0.03819393739104271,0.05064602982252836,0.04985657334327698,0.010863773644766156,0.043460541404783726,0.05587966553866863,0.033995899744331835,0.06771662496030331,0.012419124133884907,0.03372072521597148,0.0,1.0,0.01245209243148565,0.011662635952234268,0.011662635952234268,0.00013601707735434732,0.18269376223558467,0.4439279206111221,0.4115392471464375,0.18269376223558467,0.221214971093351,0.4115392471464375,0.49831281346039474,time_avg,0.22321688178355803,0.4439279206111221,14,0.7478590775321813,medium
95,cumulative_infected,0.39629018992127385,0.48788842725953147,0.4602043572231196,0.14801888500647237,0.3964846516655598,0.5574833628870692,0.31956221352156716,0.6864991168615233,0.16099871122150944,0.36693690333995616,0.0,1.0,0.09159823733825762,0.06391416730184574,0.06391416730184574,0.004085020781888327,0.18269376223558467,0.4439279206111221,0.4115392471464375,0.18269376223558467,0.221214971093351,0.4115392471464375,0.49831281346039474,time_avg,0.22321688178355803,0.4439279206111221,14,0.7478590775321813,medium
95,early_growth_slope,-0.001011559368288588,-0.00017932243771177803,-5.939144951601801e-05,0.002316480524071663,-0.0015524430737492527,0.0010566282130423051,-0.003971271910926414,0.003690063706987226,0.0026090712867915576,0.00766133561791364,1.0,1.0,0.0008322369305768099,0.0009521679187725699,0.0009521679187725699,9.066237455396873e-07,0.18269376223558467,0.4439279206111221,0.4115392471464375,0.18269376223558467,0.221214971093351,0.4115392471464375,0.49831281346039474,time_avg,0.22321688178355803,0.4439279206111221,14,0.7478590775321813,medium
96,peak_time,23.0,20.14,18.0,14.79695573386293,7.0,30.25,1.0,47.0,23.25,46.0,1.0,1.0,-2.8599999999999994,-5.0,5.0,25.0,0.10791433377810478,0.36838807224872777,0.29293655768866295,0.10791433377810478,0.12577251142064771,0.29293655768866295,0.3414130936783664,time_avg,0.12617142689586766,0.36838807224872777,17,0.7807565232461776,medium
96,peak_height,0.043474674224853516,0.0507297008484602,0.049676306545734406,0.01168244766090309,0.043887581676244736,0.05529356189072132,0.032772495038807394,0.07315332740545272,0.011405980214476585,0.040380832366645324,0.0,1.0,0.007255026623606685,0.00620163232088089,0.00620163232088089,3.846024344339449e-05,0.10791433377810478,0.36838807224872777,0.29293655768866295,0.10791433377810478,0.12577251142064771,0.29293655768866295,0.3414130936783664,time_avg,0.12617142689586766,0.36838807224872777,17,0.7807565232461776,medium
96,cumulative_infected,0.4200378464302048,0.5435958149905491,0.49172782136611204,0.21731682487674073,0.41516911495273234,0.5868284715106711,0.32350400695431747,0.9327747055038343,0.17165935655793874,0.6092706985495169,1.0,1.0,0.12355796856034429,0.07168997493590723,0.07168997493590723,0.005139452506311007,0.10791433377810478,0.36838807224872777,0.29293655768866295,0.10791433377810478,0.12577251142064771,0.29293655768866295,0.3414130936783664,time_avg,0.12617142689586766,0.36838807224872777,17,0.7807565232461776,medium
96,early_growth_slope,-0.0024007302764359677,-0.0006628274202566458,-0.0006046438682547194,0.0023300214813225225,-0.002206707354551845,0.0009544546309847479,-0.004607936979820284,0.002974178501088836,0.003161161985536593,0.00758211548090912,0.0,1.0,0.0017379028561793218,0.0017960864081812483,0.0017960864081812483,3.2259263856534175e-06,0.10791433377810478,0.36838807224872777,0.29293655768866295,0.10791433377810478,0.12577251142064771,0.29293655768866295,0.3414130936783664,time_avg,0.12617142689586766,0.36838807224872777,17,0.7807565232461776,medium
97,peak_time,12.0,12.38,12.0,0.9927006323431782,12.0,13.0,11.0,14.0,1.0,3.0,1.0,1.0,0.3800000000000008,0.0,0.0,0.0,0.49879176169599015,0.1468125767881357,3.397472972739886,0.49879176169599015,0.5518688877991401,3.397472972739886,3.7590028039323813,time_avg,0.645712949785264,0.1468125767881357,16,0.66539222917649,medium
97,peak_height,0.49134159088134766,0.4483973830938339,0.44909024238586426,0.01943949345136434,0.43292122334241867,0.4620283395051956,0.4220599964261055,0.4783056825399399,0.029107116162776947,0.0562456861138344,0.0,0.0,-0.04294420778751373,-0.0422513484954834,0.0422513484954834,0.0017851764496867872,0.49879176169599015,0.1468125767881357,3.397472972739886,0.49879176169599015,0.5518688877991401,3.397472972739886,3.7590028039323813,time_avg,0.645712949785264,0.1468125767881357,16,0.66539222917649,medium
97,cumulative_infected,6.968543556286022,6.9510765533671925,6.976196527466527,0.274168618412554,6.726241251366446,7.145464183240847,6.5278014049050395,7.377423543552868,0.4192229318744012,0.8496221386478284,1.0,1.0,-0.01746700291882952,0.007652971180505119,0.007652971180505119,5.856796788964192e-05,0.49879176169599015,0.1468125767881357,3.397472972739886,0.49879176169599015,0.5518688877991401,3.397472972739886,3.7590028039323813,time_avg,0.645712949785264,0.1468125767881357,16,0.66539222917649,medium
97,early_growth_slope,0.023966151777477487,0.026154300429628893,0.026168743747153448,0.003531898555140613,0.024009588817577986,0.02797284408214701,0.020775745486441462,0.03173458823446361,0.003963255264569025,0.010958842748022148,0.0,1.0,0.0021881486521514067,0.0022025919696759613,0.0022025919696759613,4.851411384881031e-06,0.49879176169599015,0.1468125767881357,3.397472972739886,0.49879176169599015,0.5518688877991401,3.397472972739886,3.7590028039323813,time_avg,0.645712949785264,0.1468125767881357,16,0.66539222917649,medium
98,peak_time,14.0,14.15,13.0,4.727685490915201,11.75,16.0,9.95,21.0,4.25,11.05,1.0,1.0,0.15000000000000036,-1.0,1.0,1.0,0.5396185018082704,0.47186042682593665,1.14359770629235,0.5396185018082704,0.6359156444508955,1.14359770629235,1.3476774238698275,time_avg,0.6684249292454706,0.47186042682593665,24,0.6294203622416128,medium
98,peak_height,0.086918406188488,0.09346504129469395,0.09450576081871986,0.02038743475079697,0.08206728473305702,0.10653702728450298,0.06122437231242657,0.12595178708434104,0.02446974255144596,0.06472741477191447,1.0,1.0,0.006546635106205942,0.007587354630231857,0.007587354630231857,5.7567950284900804e-05,0.5396185018082704,0.47186042682593665,1.14359770629235,0.5396185018082704,0.6359156444508955,1.14359770629235,1.3476774238698275,time_avg,0.6684249292454706,0.47186042682593665,24,0.6294203622416128,medium
98,cumulative_infected,1.1260049191769212,1.3397721781234486,1.365179303495097,0.2761641480828896,1.1901412802981213,1.4995390780659363,0.8763700420939131,1.750190544158977,0.30939779776781506,0.8738205020650638,0.0,1.0,0.21376725894652737,0.23917438431817573,0.23917438431817573,0.05720438611397842,0.5396185018082704,0.47186042682593665,1.14359770629235,0.5396185018082704,0.6359156444508955,1.14359770629235,1.3476774238698275,time_avg,0.6684249292454706,0.47186042682593665,24,0.6294203622416128,medium
98,early_growth_slope,0.0071615951157928915,0.0038079332910911034,0.0039313826800069,0.0033321530103151953,0.0012211319598940291,0.00572493918298278,-0.0012239430940272045,0.009406910249665432,0.004503807223088751,0.010630853343692636,0.0,1.0,-0.003353661824701788,-0.003230212435785991,0.003230212435785991,1.0434272380306466e-05,0.5396185018082704,0.47186042682593665,1.14359770629235,0.5396185018082704,0.6359156444508955,1.14359770629235,1.3476774238698275,time_avg,0.6684249292454706,0.47186042682593665,24,0.6294203622416128,medium
99,peak_time,27.0,22.68,22.5,12.205214980788856,13.75,32.5,3.0,43.0,18.75,40.0,1.0,1.0,-4.32,-4.5,4.5,20.25,0.16902131207444035,0.137823503429502,1.2263605834174454,0.16902131207444035,0.1653391819642639,1.2263605834174454,1.1996443121099183,time_avg,0.19843263330731364,0.137823503429502,15,0.7882597610608314,medium
99,peak_height,0.05796877667307854,0.06192118108272553,0.056750981137156487,0.02165581354202877,0.04751213546842337,0.06785394251346588,0.040748904645442965,0.10439648777246474,0.020341807045042515,0.06364758312702178,1.0,1.0,0.00395240440964699,-0.0012177955359220505,0.0012177955359220505,1.4830259673116741e-06,0.16902131207444035,0.137823503429502,1.2263605834174454,0.16902131207444035,0.1653391819642639,1.2263605834174454,1.1996443121099183,time_avg,0.19843263330731364,0.137823503429502,15,0.7882597610608314,medium
99,cumulative_infected,1.2139565211255103,0.9322259045445207,0.7891967236646451,0.6039040372209465,0.5456437844841275,1.047715866472572,0.37717938645291726,2.220653599145589,0.5020720819884446,1.843474212692672,0.0,1.0,-0.28173061658098963,-0.42475979746086523,0.42475979746086523,0.18042088553899524,0.16902131207444035,0.137823503429502,1.2263605834174454,0.16902131207444035,0.1653391819642639,1.2263605834174454,1.1996443121099183,time_avg,0.19843263330731364,0.137823503429502,15,0.7882597610608314,medium
99,early_growth_slope,-0.002146104874555022,0.0005020128382507432,0.0006771808312762353,0.0023067873513868023,-0.0009585285782425959,0.00212833030950389,-0.003526101011500157,0.0037197898687736587,0.0030868588877464857,0.007245890880273815,0.0,1.0,0.002648117712805765,0.002823285705831257,0.002823285705831257,7.9709421767511e-06,0.16902131207444035,0.137823503429502,1.2263605834174454,0.16902131207444035,0.1653391819642639,1.2263605834174454,1.1996443121099183,time_avg,0.19843263330731364,0.137823503429502,15,0.7882597610608314,medium
