case_id,true_beta,true_gamma,true_R0,true_beta_timeavg,true_beta_infweighted,true_R0_timeavg,true_R0_infweighted,beta_ref_mode,beta0,gamma,tau,kappa,severity,beta_mean,beta_median,beta_std,beta_ci50_low,beta_ci50_high,beta_ci90_low,beta_ci90_high,beta_width50,beta_width90,gamma_mean,gamma_median,gamma_std,gamma_ci50_low,gamma_ci50_high,gamma_ci90_low,gamma_ci90_high,gamma_width50,gamma_width90,R0_mean,R0_median,R0_std,R0_ci50_low,R0_ci50_high,R0_ci90_low,R0_ci90_high,R0_width50,R0_width90,beta_covered50,beta_covered90,beta_err_mean,beta_err_median,beta_abs_err_median,beta_sq_err_median,gamma_covered50,gamma_covered90,gamma_err_mean,gamma_err_median,gamma_abs_err_median,gamma_sq_err_median,R0_covered50,R0_covered90,R0_err_mean,R0_err_median,R0_abs_err_median,R0_sq_err_median
0,0.06588378066768495,0.22364714789828816,0.29458806556141753,0.06588378066768495,0.09991402699405277,0.29458806556141753,0.4467484961600869,time_avg,0.1072049143651905,0.22364714789828816,15,0.44937047572882854,strong,0.23007100663764515,0.20698774430760322,0.10136640597867119,0.1527522084418208,0.28413422353758455,0.11109687235987308,0.42804720447259664,0.13138201509576375,0.31695033211272355,0.31173481398649094,0.32124544326382076,0.11649038046102574,0.22095915598967486,0.41206266766790944,0.10572503051206524,0.4743411540392499,0.19110351167823458,0.3686161235271847,0.7989994220876424,0.7681040955047092,0.3065649747227117,0.5787794195913283,0.9623792685956524,0.3623434629078693,1.3848671805673154,0.3835998490043241,1.0225237176594462,0.0,0.0,0.16418722596996022,0.14110396363991828,0.14110396363991828,0.01991032855489538,1.0,1.0,0.08808766608820279,0.0975982953655326,0.0975982953655326,0.009525427258257743,0.0,0.0,0.5044113565262249,0.4735160299432916,0.4735160299432916,0.22421743061325625
1,0.43844080186439427,0.14226911838938677,3.081770709117586,0.43844080186439427,0.46787867086527885,3.081770709117586,3.2886874970624858,time_avg,0.7027206158528589,0.14226911838938677,11,0.517844977505071,strong,0.6951863872491717,0.6958880733542472,0.019081651099484138,0.6821095826540968,0.7079681662271093,0.6634538800135648,0.7256927031180904,0.025858583573012517,0.062238823104525665,0.14497859636248606,0.14481054983738487,0.0065951778872653305,0.14062734998123205,0.14914075298538368,0.13455154027333058,0.1562230915695698,0.008513403004151626,0.02167155129623921,4.804043061752632,4.799454339291245,0.23709604286602542,4.643731716328663,4.955325497318832,4.430085280493379,5.197387317067638,0.31159378099016877,0.7673020365742591,0.0,0.0,0.25674558538477743,0.2574472714898529,0.2574472714898529,0.06627909759757003,1.0,1.0,0.0027094779730992835,0.0025414314479980937,0.0025414314479980937,6.458873804873688e-06,0.0,0.0,1.7222723526350463,1.7176836301736587,1.7176836301736587,2.9504370533665583
2,0.26871127322064725,0.1006554263807258,2.669615368815346,0.26871127322064725,0.2535333992025529,2.669615368815346,2.5188249488266163,time_avg,0.5659011015845684,0.1006554263807258,11,0.3267152168467249,strong,0.5581158848431457,0.5575960089076157,0.016929234629831223,0.5463484874777632,0.5700126040740751,0.5308171103567,0.5855548766866698,0.023664116596311846,0.05473776632996985,0.1074466954198831,0.10713092429693027,0.005393784018292026,0.10374654285851073,0.11090944716605752,0.09903550885375424,0.11629157683374369,0.007162904307546791,0.01725606797998945,5.206203641936351,5.201833010642774,0.28454982606519436,5.00615369333341,5.39363518153337,4.751398052774069,5.692152877957965,0.38748148819996064,0.9407548251838964,0.0,0.0,0.2894046116224984,0.2888847356869685,0.2888847356869685,0.08345439051292965,0.0,1.0,0.006791269039157291,0.00647549791620447,0.00647549791620447,4.1932073262768435e-05,0.0,0.0,2.5365882731210045,2.5322176418274283,2.5322176418274283,6.4121261855820615
3,0.087085158822266,0.4580472037503408,0.1901226731857354,0.087085158822266,0.13283595350719898,0.1901226731857354,0.2900049436380827,time_avg,0.13292615464543783,0.4580472037503408,20,0.4252323035366723,strong,0.20861424199080736,0.15755870205040756,0.12789612387003146,0.1160337451965346,0.2550450477944342,0.1016052978843465,0.5120576637698896,0.13901130259789962,0.4104523658855431,0.29701859027620436,0.29936551506331177,0.13446265748994388,0.1763856590900067,0.4204036957426792,0.0840594729157992,0.49027077314421225,0.24401803665267252,0.40621130022841306,0.7750784467739709,0.7037175883079864,0.3619316823394328,0.5003179701839506,0.995907322395164,0.3097446393090323,1.439327981222822,0.49558935221121336,1.1295833419137895,0.0,0.0,0.12152908316854136,0.07047354322814156,0.07047354322814156,0.004966520295128737,0.0,1.0,-0.16102861347413644,-0.15868168868702903,0.15868168868702903,0.0251798783245672,0.0,0.0,0.5849557735882355,0.513594915122251,0.513594915122251,0.2637797368394322
4,0.5245049759055646,0.3380864936809888,1.5513928704897517,0.5245049759055646,0.7729708158215044,1.5513928704897517,2.286310841363758,time_avg,0.7978302058102752,0.3380864936809888,22,0.38823979822713156,strong,0.7935173045068287,0.7944915040431676,0.02653596047842302,0.7760023615302369,0.8127355293592261,0.7463381885273049,0.8359136493454603,0.036733167828989166,0.08957546081815537,0.334724615705226,0.3343444604628034,0.013485434584725595,0.32551171635348536,0.3437659797673717,0.31338769314063986,0.3578299768650193,0.018254263413886362,0.04444228372437942,2.3729501056149784,2.368770003851291,0.09040996528025592,2.3120906698353245,2.4297568567017964,2.2306010008920025,2.527931995097586,0.1176661868664719,0.2973309942055833,0.0,0.0,0.2690123286012641,0.26998652813760304,0.26998652813760304,0.07289272537579672,1.0,1.0,-0.003361877975762817,-0.003742033218185392,0.003742033218185392,1.4002812606002922e-05,0.0,0.0,0.8215572351252267,0.8173771333615392,0.8173771333615392,0.6681053781423274
5,0.1300984607325225,0.4381957165889852,0.2968957837955113,0.1300984607325225,0.16154716238948244,0.2968957837955113,0.3686644033104709,time_avg,0.16158609909810862,0.4381957165889852,26,0.5940291463120111,strong,0.22416598363464774,0.1842573849192598,0.12431765521922425,0.12826563010385977,0.2838036415569269,0.10330868183077184,0.4932180966589233,0.15553801145306712,0.38990941482815145,0.3187759965610736,0.3353057645830688,0.12524607656203904,0.21858418770053506,0.4302549659678782,0.10137283475935928,0.49049606930405676,0.21167077826734315,0.3891232345446975,0.7537229853175647,0.6989879157712309,0.32306670114213915,0.5084279201563988,0.9449496124774288,0.31934836810594586,1.3716319839235778,0.43652169232103,1.0522836158176319,1.0,1.0,0.09406752290212525,0.05415892418673732,0.05415892418673732,0.0029331890690647605,0.0,1.0,-0.11941972002791162,-0.10288995200591639,0.10288995200591639,0.010586342223779778,0.0,0.0,0.45682720152205336,0.4020921319757196,0.4020921319757196,0.1616780825967795
6,0.6524727776556135,0.41858843962137937,1.5587453352648406,0.6524727776556135,0.8379306979914428,1.5587453352648406,2.001800858975862,time_avg,0.8472431619927892,0.41858843962137937,24,0.557909171510276,strong,0.8479235029650406,0.8522893256253288,0.039946032729246364,0.8241901924277427,0.8776506819345795,0.7734835188003107,0.9030399573533138,0.053460489506836795,0.12955643855300303,0.441528905628731,0.4426414250505071,0.022627479903798025,0.42734269308202344,0.457343079893958,0.4024969561000061,0.47662984036454387,0.030000386811934565,0.07413288426453779,1.9223281663412155,1.9151165407524386,0.07709123424307347,1.8705869487860434,1.9665847094099127,1.8095979978790326,2.063718652151564,0.09599776062386933,0.2541206542725314,0.0,0.0,0.1954507253094271,0.19981654796971526,0.19981654796971526,0.03992665284253352,0.0,1.0,0.022940466007351612,0.024052985429127705,0.024052985429127705,0.0005785461080538297,0.0,0.0,0.3635828310763749,0.35637120548759804,0.35637120548759804,0.12700043610068382
7,0.11238312205506887,0.059983752692886874,1.8735593724931408,0.11238312205506887,0.0948880714896703,1.8735593724931408,1.5818962173889217,time_avg,0.1793979112856613,0.059983752692886874,17,0.4340092439615424,strong,0.3225752331033119,0.3216432665516801,0.02187652797314886,0.30798917037710505,0.3369775810650645,0.2874447334817786,0.35966288080789716,0.02898841068795943,0.07221814732611853,0.18974665827503945,0.1891948441690277,0.021832634628362955,0.17459568662104885,0.2049366516170264,0.15495395989136773,0.22549836841637874,0.03034096499597755,0.07054440852501101,1.7153584011235652,1.713501633396004,0.16374715636682335,1.605128385526918,1.8266966554653357,1.4480203878963158,1.9816039895168185,0.2215682699384176,0.5335836016205027,0.0,0.0,0.210192111048243,0.2092601444966112,0.2092601444966112,0.0437898080747426,0.0,0.0,0.1297629055821526,0.12921109147614085,0.12921109147614085,0.016695506160455637,0.0,1.0,-0.15820097136957556,-0.16005773909713672,0.16005773909713672,0.025618479844887087
8,0.5242769534971756,0.19285175782348601,2.7185490006113273,0.5242769534971756,0.8351776878320473,2.7185490006113273,4.330671896682795,time_avg,0.9355674242729045,0.19285175782348601,17,0.33391505112789405,strong,0.9499627234871291,0.9606901824249576,0.03922567068362495,0.9351727784118542,0.9759557747252384,0.8772799902510119,0.9882407466207351,0.04078299631338422,0.11096075636972325,0.19963319588772643,0.19962473480734488,0.009022764383785865,0.1936115453782298,0.20520141395563435,0.1848467427489932,0.21499820779446974,0.011589868577404544,0.030151465045476528,4.766933251864924,4.755997248648955,0.27232754387669245,4.605421638622065,4.9475761946708605,4.334005251856088,5.209886159981236,0.3421545560487953,0.875880908125148,0.0,0.0,0.42568576998995344,0.436413228927782,0.436413228927782,0.19045650638317266,0.0,1.0,0.006781438064240419,0.006772976983858869,0.006772976983858869,4.587321722388199e-05,0.0,0.0,2.048384251253597,2.0374482480376273,2.0374482480376273,4.151195363431596
9,0.4034973460037933,0.16469046328761228,2.4500346768660988,0.4034973460037933,0.5732918584371702,2.4500346768660988,3.4810264479976856,time_avg,0.6327956599466341,0.16469046328761228,24,0.30315846970076854,strong,0.6244940679036756,0.624044385025919,0.01503430463122298,0.6140634042197546,0.6347422427518483,0.6007006276567587,0.6497948195051787,0.020678838532093735,0.04909419184842001,0.1631899358589534,0.16287159285831884,0.006556585243214326,0.15869471643800448,0.16758444046123672,0.1528034829462055,0.1745061704030066,0.008889724023232237,0.021702687456801095,3.8321341174492782,3.8294368493136397,0.1610944374039515,3.722379115487355,3.938253899702455,3.5745948508786936,4.0969627316752275,0.2158747842151003,0.522367880796534,0.0,0.0,0.2209967218998823,0.2205470390221257,0.2205470390221257,0.04864099642142703,1.0,1.0,-0.0015005274286588877,-0.0018188704292934343,0.0018188704292934343,3.308289638558082e-06,0.0,0.0,1.3820994405831795,1.379402172447541,1.379402172447541,1.9027503533529955
10,0.21654166338196112,0.3359145197978184,0.644633234408248,0.21654166338196112,0.2825732796082968,0.644633234408248,0.8412059108917744,time_avg,0.3281781436337952,0.3359145197978184,13,0.5403103120213728,strong,0.14987280442892423,0.11576381452117313,0.08146482273436892,0.10268578237724885,0.15685434671314677,0.10009126933434355,0.32498994071429116,0.05416856433589792,0.22489867137994762,0.22653684839398847,0.19602608311034983,0.13192642494187712,0.10809437679455233,0.3286258740629394,0.061660361074334105,0.4659439006336173,0.22053149726838708,0.4042835395592832,0.8320348048470696,0.7382746818655355,0.4180505596165844,0.502321726735926,1.1041408847501673,0.3066255296790305,1.6688814121596889,0.6018191580142412,1.3622558824806583,0.0,1.0,-0.0666688589530369,-0.100777848860788,0.100777848860788,0.01015617482100783,0.0,1.0,-0.10937767140382992,-0.13988843668746856,0.13988843668746856,0.0195687747188639,1.0,1.0,0.18740157043882155,0.09364144745728742,0.09364144745728742,0.00876872068189592
11,0.1401115306518716,0.3303234269903075,0.4241646798365979,0.1401115306518716,0.17407202518505516,0.4241646798365979,0.5269745072914942,time_avg,0.17463706958275602,0.3303234269903075,29,0.5292885736255485,strong,0.27372977990657854,0.2297234456930327,0.15436379668969916,0.14628445648279323,0.35866836685764214,0.10806958649800333,0.6016257032438356,0.2123839103748489,0.4935561167458322,0.3594080393562759,0.38911687478559953,0.12078362528323314,0.27810409726994534,0.46576605225307205,0.12232944143851067,0.497590315071483,0.1876619549831267,0.37526087363297234,0.7814614566471655,0.7387567965778394,0.3307653586929141,0.5269280391741409,0.9955438389080401,0.3279741114517141,1.3684942639027562,0.4686157997338992,1.0405201524510421,0.0,1.0,0.13361824925470694,0.08961191504116112,0.08961191504116112,0.008030295317344277,1.0,1.0,0.029084612365968432,0.05879344779529205,0.05879344779529205,0.003456669503657732,0.0,1.0,0.3572967768105676,0.31459211674124155,0.31459211674124155,0.09896819991573495
12,0.27627848670996974,0.2655753582641282,1.0403016624576922,0.27627848670996974,0.30413831331086133,1.0403016624576922,1.14520532062459,time_avg,0.3721072092399894,0.2655753582641282,24,0.5047502432381855,strong,0.532921132396299,0.5332061226073221,0.04828557277748571,0.4985002522366404,0.5669366126466183,0.4553217067503335,0.6115927964069487,0.06843636040997791,0.15627108965661524,0.3960939254369821,0.3994122114991786,0.03753927732204878,0.370857309346225,0.42322753957829995,0.3313302088920566,0.4519292699508221,0.05237023023207493,0.1205990610587655,1.3499843432375729,1.3475202339524879,0.10207836598480868,1.286560074258051,1.4111047895353435,1.18350935565688,1.5210118537382264,0.1245447152772925,0.33750249808134636,0.0,0.0,0.2566426456863293,0.2569276358973524,0.2569276358973524,0.06601181008780249,0.0,0.0,0.13051856717285387,0.1338368532350504,0.1338368532350504,0.017912303283860422,0.0,0.0,0.3096826807798807,0.3072185714947957,0.3072185714947957,0.0943832506713029
13,0.5056800569767482,0.3637089102960206,1.3903427786940334,0.5056800569767482,0.6922949659249377,1.3903427786940334,1.903431415418123,time_avg,0.7378858785067361,0.3637089102960206,20,0.47551550473743515,strong,0.7758671132513204,0.777241004213079,0.027975735427676448,0.7586514900227059,0.7955711559584481,0.7280125091521217,0.8189965622213783,0.03691966593574214,0.09098405306925661,0.38390384378753856,0.3834014802199308,0.016782811334019564,0.3721859387900633,0.3952157976735306,0.3567434674892849,0.4116524806699355,0.023029858883467313,0.05490901318065056,2.0229800062929724,2.01904633842185,0.07504181766731059,1.9712346528314275,2.070068947845525,1.9075142518678752,2.153233656076557,0.09883429501409768,0.24571940420868166,0.0,0.0,0.2701870562745722,0.27156094723633073,0.27156094723633073,0.0737453480638932,0.0,1.0,0.020194933491517963,0.01969256992391022,0.01969256992391022,0.0003877973102080933,0.0,0.0,0.6326372275989389,0.6287035597278166,0.6287035597278166,0.3952681660144282
14,0.3380910463737047,0.3595226805779082,0.9403886448283217,0.3380910463737047,0.4207967301275284,0.9403886448283217,1.1704316663725536,time_avg,0.5438592810924624,0.3595226805779082,16,0.4436054404242148,strong,0.6698343079775194,0.6992206141905858,0.1172209542637093,0.6046252084277732,0.7601944773820382,0.429386386952784,0.8110671447776636,0.15556926895426493,0.3816807578248796,0.47664068434474427,0.49085963902546903,0.036080882621887966,0.47023356576421416,0.49810538230382334,0.4070172384802515,0.4999213403614707,0.027871816539609184,0.09290410188121917,1.400785263476282,1.4408379053590017,0.1989781155231853,1.2977813223668866,1.5423757176855095,1.0092292302925296,1.6385371729327545,0.24459439531862293,0.6293079426402248,0.0,0.0,0.33174326160381473,0.3611295678168811,0.3611295678168811,0.13041456475160731,0.0,0.0,0.11711800376683607,0.13133695844756083,0.13133695844756083,0.01724939665425632,0.0,0.0,0.46039661864796033,0.50044926053068,0.50044926053068,0.25044946236570437
15,0.7432828357778588,0.4743571661758383,1.5669265456028405,0.7432828357778588,0.9256176637337279,1.5669265456028405,1.9513095400157041,time_avg,0.9281961595183197,0.4743571661758383,27,0.5669175289403117,strong,0.9320458240689073,0.9420881547624284,0.03989275751796469,0.9195446895526062,0.9566491931232187,0.8599176450065725,0.972001487367411,0.03710450357061257,0.11208384236083846,0.4874651660839789,0.4923801108810517,0.013772763065575915,0.48286798356673144,0.49704255183578844,0.458572565737679,0.4993993369067886,0.014174568269056997,0.0408267711691096,1.9117402529488217,1.9177286477985769,0.055288166560803265,1.8887682651473068,1.9422991384269515,1.825842791127668,1.9803438989826763,0.053530873279644675,0.15450110785500826,0.0,0.0,0.18876298829104854,0.19880531898456955,0.19880531898456955,0.039523554856556446,0.0,1.0,0.0131079999081406,0.01802294470521343,0.01802294470521343,0.00032482653584718076,0.0,0.0,0.34481370734598116,0.3508021021957364,0.3508021021957364,0.12306211490494787
16,0.7734316095865617,0.207329498590697,3.7304465348341225,0.7734316095865617,0.9815214087934667,3.7304465348341225,4.7341136474320695,time_avg,0.9901964846337973,0.207329498590697,27,0.5241065823341168,strong,0.9689197673968911,0.9815823359732427,0.03799950407452995,0.9613389515948503,0.9915797673380138,0.8961550839668923,0.9973643651619225,0.030240815743163507,0.10120928119503025,0.21297959017516518,0.21272111327996734,0.010226643616430919,0.20658657783678097,0.21948902286462957,0.19650534352686477,0.23021831917730956,0.012902445027848597,0.03371297565044479,4.558796433469172,4.556236034738166,0.268628236448132,4.400882505514689,4.719463855889059,4.138336006145055,4.981703843083226,0.3185813503743704,0.843367836938171,0.0,0.0,0.19548815781032947,0.20815072638668108,0.20815072638668108,0.043326724895302975,1.0,1.0,0.005650091584468192,0.005391614689270352,0.005391614689270352,2.9069508957555834e-05,0.0,0.0,0.8283498986350493,0.8257894999040438,0.8257894999040438,0.6819282981517708
17,0.30403411858211227,0.25738020890800306,1.1812645574888976,0.30403411858211227,0.343374289772534,1.1812645574888976,1.3341130276853117,time_avg,0.500787773273996,0.25738020890800306,15,0.4387310063058417,strong,0.6364028028123746,0.6371153458528237,0.022495372355433602,0.6210586153573452,0.6511982367816476,0.5998838576772296,0.6725485314352405,0.030139621424302376,0.07266467375801089,0.3660752427409324,0.3658523737806608,0.016424125339958434,0.3551046590225788,0.3764349111005907,0.3390878854086006,0.3927204530471713,0.02133025207801187,0.053632567638570716,1.7401559463201632,1.7366747550071295,0.0605400892631843,1.697667873169537,1.7800485168777465,1.6491458983130303,1.8423494607808162,0.08238064370820952,0.19320356246778592,0.0,0.0,0.33236868423026233,0.33308122727071143,0.33308122727071143,0.11094310396016333,0.0,0.0,0.10869503383292933,0.10847216487265776,0.10847216487265776,0.011766210552161049,0.0,0.0,0.5588913888312657,0.555410197518232,0.555410197518232,0.30848048750724144
18,0.3801916469106449,0.19483762017075618,1.9513256555763923,0.3801916469106449,0.43855764384265017,1.9513256555763923,2.2508879109604045,time_avg,0.522466707733389,0.19483762017075618,20,0.5461431362776067,strong,0.5318999304771375,0.531689879606972,0.012121860698202952,0.5239560506090271,0.5400839829539801,0.5117024249264192,0.5524330834824492,0.016127932344953022,0.040730658556030086,0.20959640375690938,0.20932064316423188,0.006515704997746495,0.20511763903489524,0.21386740234946888,0.19945966364074788,0.2205373007425597,0.008749763314573639,0.02107763710181182,2.539491223155733,2.5401350080613003,0.07790227071512244,2.483610819397832,2.593105506771404,2.413846391096294,2.670928857968665,0.10949468737357204,0.257082466872371,0.0,0.0,0.15170828356649257,0.15149823269632712,0.15149823269632712,0.02295171451011048,0.0,0.0,0.014758783586153207,0.014483022993475703,0.014483022993475703,0.0002097579550295459,0.0,0.0,0.5881655675793407,0.5888093524849081,0.5888093524849081,0.3466964535736967
19,0.36986128810599067,0.16081366793974655,2.2999368949445875,0.36986128810599067,0.3847799394766722,2.2999368949445875,2.392706692200075,time_avg,0.6314951545464212,0.16081366793974655,11,0.46883514230776147,strong,0.6455506880637067,0.6456682526449614,0.015924565974438303,0.6350330418026713,0.6564602972153286,0.6186207209243286,0.6713853254674771,0.02142725541265733,0.05276460454314846,0.1768945451908154,0.17688930646916182,0.007074396059636913,0.1719255243403919,0.18168462970492522,0.16550021666191553,0.1885202458705567,0.00975910536453331,0.023020029208641185,3.6542504328242895,3.6460201645328283,0.15071204654221182,3.547693482747235,3.75011130320652,3.419744921157607,3.9154619573507987,0.20241782045928502,0.4957170361931915,0.0,0.0,0.2756893999577161,0.27580696453897074,0.27580696453897074,0.07606948168820106,0.0,0.0,0.016080877251068854,0.016075638529415265,0.016075638529415265,0.00025842615412842055,0.0,0.0,1.354313537879702,1.3460832695882408,1.3460832695882408,1.8119401686653684
20,0.11781234894533232,0.38423184018882467,0.3066178713545325,0.11781234894533232,0.16063525275506677,0.3066178713545325,0.4180685616166664,time_avg,0.16097277954751602,0.38423184018882467,23,0.5034767768684497,strong,0.21698379695375264,0.1674262855285838,0.12489824815880098,0.1238209415570565,0.2697558716033789,0.1024606126412981,0.4975436036867738,0.14593493004632238,0.39508299104547573,0.3131664038153848,0.32202775588067223,0.12915125618377546,0.20347903452055782,0.43261084871908273,0.0970266392570888,0.49096149425669017,0.2291318141985249,0.39393485499960135,0.7445331782784456,0.6945186158462475,0.3179590726737166,0.495827641352625,0.9504739170214386,0.30740229080118425,1.2992198100234205,0.45464627566881355,0.9918175192222363,0.0,1.0,0.09917144800842032,0.04961393658325147,0.04961393658325147,0.002461542703286899,1.0,1.0,-0.07106543637343987,-0.06220408430815244,0.06220408430815244,0.0038693481046157365,0.0,0.0,0.43791530692391306,0.387900744491715,0.387900744491715,0.1504669875772268
21,0.13636110895363762,0.4438634834821007,0.3072140737595426,0.13636110895363762,0.17807259456428365,0.3072140737595426,0.40118775522443856,time_avg,0.17815523805765832,0.4438634834821007,25,0.5308122336487868,strong,0.16389895338880953,0.1274327895561674,0.08931323756490413,0.10665064414762468,0.18250789257804995,0.10035739494350811,0.3590685363000282,0.07585724843042527,0.2587111413565201,0.2641270853346285,0.25966515223842124,0.13079523084574904,0.14701205241836515,0.37412378160121207,0.07239054451927117,0.47706432739179344,0.22711172918284692,0.40467378287252226,0.733217349353735,0.6502032818374874,0.3562432584616709,0.45555796491171985,0.9424274314255379,0.3014491735930827,1.4707809553152826,0.486869466513818,1.1693317817222,1.0,1.0,0.027537844435171904,-0.008928319397470214,0.008928319397470214,7.971488726324287e-05,0.0,1.0,-0.17973639814747222,-0.18419833124367946,0.18419833124367946,0.03392902523295626,0.0,1.0,0.4260032755941923,0.3429892080779448,0.3429892080779448,0.11764159685793572
22,0.2113721539291719,0.1606832776743221,1.3154583164378038,0.2113721539291719,0.21514478005210977,1.3154583164378038,1.3389369644809705,time_avg,0.29474477266169335,0.1606832776743221,28,0.35712778658985045,strong,0.39018904059747056,0.3900710457261374,0.013165822199572897,0.3811285561905647,0.3990621826143185,0.36875697403811986,0.4114691193423557,0.01793362642375379,0.04271214530423584,0.22942971525048667,0.2293921826958724,0.00991753213874053,0.22301901343028757,0.2357237589337679,0.2134145306523745,0.2462547422198543,0.01270474550348033,0.03284021156747979,1.702574446696594,1.7026961472155242,0.06561378497817152,1.6576606253767634,1.7453623763057342,1.5954631781499238,1.8122194520824635,0.08770175092897081,0.2167562739325397,0.0,0.0,0.17881688666829865,0.17869889179696546,0.17869889179696546,0.03193329392946357,0.0,0.0,0.06874643757616455,0.06870890502155028,0.06870890502155028,0.0047209136292604165,0.0,0.0,0.3871161302587902,0.38723783077772045,0.38723783077772045,0.14995313758543447
23,0.4337603562616053,0.4154284939861013,1.0441275996733081,0.4337603562616053,0.655263791145489,1.0441275996733081,1.5773202864784999,time_avg,0.7179247228232679,0.4154284939861013,20,0.3403106724890442,strong,0.7519245251353907,0.7555719885273311,0.03936673007020764,0.7271109673087593,0.7799414081423057,0.6830207083027476,0.8093417853831432,0.05283044083354638,0.12632107708039553,0.4480095717792956,0.4500139221842232,0.021529207030266333,0.43411238338715263,0.4633847088391094,0.41088286219706033,0.48048488830112956,0.029272325451956793,0.06960202610406924,1.6793455819868803,1.6761384443622531,0.06755058566633136,1.6367317520304705,1.7186718148535653,1.5730727203828316,1.7974728551765122,0.08194006282309485,0.2244001347936806,0.0,0.0,0.31816416887378535,0.3218116322657258,0.3218116322657258,0.10356272666153073,0.0,1.0,0.0325810777931943,0.03458542819812188,0.03458542819812188,0.0011961518436474441,0.0,0.0,0.6352179823135722,0.632010844688945,0.632010844688945,0.3994377078044337
24,0.06980531113197878,0.21212625450283645,0.32907435854926376,0.06980531113197878,0.10195503215345458,0.32907435854926376,0.4806337263268432,time_avg,0.10813132191728994,0.21212625450283645,18,0.4461882941017361,strong,0.2343779435716786,0.18190069663234187,0.14112549476201397,0.1256808289732761,0.3036889409834077,0.10157398208620677,0.5376609327857794,0.17800811201013161,0.43608695069957265,0.3366601146539897,0.3604203447906294,0.12745557035490518,0.23467701584926534,0.4524954530203167,0.10507874937610052,0.49542504337827037,0.21781843717105134,0.39034629400216986,0.7317351660104862,0.6858009806143399,0.32774529925228724,0.47749402216471304,0.9335117136785451,0.29271833669098185,1.338097745662622,0.4560176915138321,1.0453794089716402,0.0,0.0,0.16457263243969983,0.11209538550036309,0.11209538550036309,0.012565375450475012,0.0,1.0,0.12453386015115325,0.14829409028779295,0.14829409028779295,0.021991137214284084,0.0,1.0,0.4026608074612224,0.35672662206507616,0.35672662206507616,0.12725388288995967
25,0.18142762261422982,0.19959240411963353,0.9089906172255136,0.18142762261422982,0.2028644390965134,0.9089906172255136,1.0163935846722836,time_avg,0.2566152138937585,0.19959240411963353,26,0.38958874343850936,strong,0.37492378524755504,0.36927323778987126,0.11164938023780785,0.2923377509697028,0.4501571931097156,0.20026899435176318,0.5656368255209749,0.15781944214001276,0.3653678311692118,0.37906473881303687,0.3986591083196882,0.08761810130695051,0.3257366061002783,0.44942571344632004,0.20353775126480536,0.4861003906350863,0.12368910734604172,0.2825626393702809,1.0109987801103604,1.0114504854044033,0.2561414744323724,0.8453388792478644,1.157887095998758,0.6044888911603485,1.434242252661638,0.3125482167508935,0.8297533615012895,0.0,0.0,0.19349616263332522,0.18784561517564144,0.18784561517564144,0.03528597514071517,0.0,0.0,0.17947233469340335,0.19906670420005468,0.19906670420005468,0.03962755272107207,1.0,1.0,0.10200816288484682,0.10245986817888975,0.10245986817888975,0.010498024587235463
26,0.433365658589993,0.18970243365182204,2.284449652266391,0.433365658589993,0.5666955594458841,2.284449652266391,2.987286712863112,time_avg,0.6326913121966533,0.18970243365182204,21,0.4568205483677239,strong,0.6093082096693727,0.6090913830572994,0.014977495323495852,0.5996170458521588,0.6197554178495499,0.5837416109551238,0.6335510269437246,0.020138371997391102,0.04980941598860078,0.19005082099670612,0.18988219493274253,0.007076140026388286,0.18509980038351334,0.19469115607877768,0.1790492548023051,0.2021416995072615,0.009591355695264342,0.02309244470495639,3.209522885418369,3.2053105428072026,0.1204294302811211,3.1300898918429745,3.2852453532079315,3.017956451612695,3.415109005838448,0.15515546136495706,0.397152554225753,0.0,0.0,0.17594255107937973,0.1757257244673064,0.1757257244673064,0.030879530239559683,1.0,1.0,0.0003483873448840713,0.00017976128092048183,0.00017976128092048183,3.2314118118172384e-08,0.0,0.0,0.925073233151978,0.9208608905408115,0.9208608905408115,0.8479847797276165
27,0.4491460751308997,0.06294407806763852,7.1356367257973945,0.4491460751308997,0.4724119677277888,7.1356367257973945,7.505264708463024,time_avg,0.6467738586016709,0.06294407806763852,16,0.5506480519053272,strong,0.6255056644461424,0.6253336957427574,0.023568466686790537,0.6096288595868498,0.6415313203093362,0.5863971596517321,0.6646094092185567,0.03190246072248648,0.0782122495668246,0.0626609758070146,0.062111526936898885,0.0037075967465480214,0.05999990667983134,0.06473161662390522,0.05762358017985846,0.06956946890243045,0.004731709944073882,0.011945888722571983,10.015778880237809,10.031373337771825,0.6837579458788421,9.57397073862356,10.47395443744223,8.854727928415869,11.117849748290379,0.8999836988186711,2.2631218198745096,0.0,0.0,0.1763595893152427,0.17618762061185772,0.17618762061185772,0.031042077656867912,1.0,1.0,-0.00028310226062391863,-0.0008325511307396352,0.0008325511307396352,6.931413852958452e-07,0.0,0.0,2.8801421544404144,2.8957366119744306,2.8957366119744306,8.385290525929154
28,0.17328211213243314,0.2606415848241881,0.6648291071791863,0.17328211213243314,0.21958262110027227,0.6648291071791863,0.8424696360267624,time_avg,0.2616659200317749,0.2606415848241881,15,0.5174664599118871,strong,0.3049581980231227,0.2428582585498038,0.18817459133128414,0.143619454150199,0.4342996413155701,0.10306837507769354,0.6786240690404465,0.2906801871653711,0.575555693962753,0.36423938299875397,0.4036898673499839,0.12652202892591488,0.2751604921887266,0.47665934470755067,0.11581684149440225,0.49932700362224014,0.20149885251882405,0.3835101621278379,0.8413454202400399,0.7955829128123314,0.3703383255992499,0.538198391381292,1.1080005596553062,0.32360800943234336,1.4868635092809963,0.5698021682740142,1.163255499848653,1.0,1.0,0.13167608589068955,0.06957614641737067,0.06957614641737067,0.004840840150291402,0.0,1.0,0.10359779817456588,0.14304828252579582,0.14304828252579582,0.0204628111335799,1.0,1.0,0.17651631306085358,0.1307538056331451,0.1307538056331451,0.017096557687550286
29,0.6365070560844621,0.18394589728249672,3.4602949317588756,0.6365070560844621,0.8275362706554713,3.4602949317588756,4.498802544014202,time_avg,0.8730064303954558,0.18394589728249672,20,0.5484963109915397,strong,0.841747327942069,0.8441442200917073,0.029251628201908172,0.8232492023392394,0.86289820755386,0.7906234055987909,0.884881971178364,0.03964900521462067,0.09425856557957313,0.1847036489037239,0.18470240832107934,0.00819097633170715,0.1793538763573047,0.19000241034842735,0.17119549283810906,0.19858149185657203,0.010648533991122644,0.027385999018462975,4.565133839434943,4.554294203719127,0.2378955959317063,4.393982024883841,4.724694625111438,4.205822124789051,4.9702692331307174,0.33071260022759663,0.7644471083416668,0.0,0.0,0.20524027185760685,0.2076371640072452,0.2076371640072452,0.043113191876971636,1.0,1.0,0.0007577516212271818,0.0007565110385826246,0.0007565110385826246,5.723089514973613e-07,0.0,0.0,1.1048389076760676,1.0939992719602518,1.0939992719602518,1.1968344070495611
30,0.28040284191456033,0.1564199745393455,1.7926281009848168,0.28040284191456033,0.28505225254272526,1.7926281009848168,1.8223519942526516,time_avg,0.5353380897348915,0.1564199745393455,12,0.3734032343575937,strong,0.5713026138583721,0.570967021133281,0.013828859427040242,0.5616969580868865,0.5809054279514292,0.5491829465043269,0.594129912805284,0.01920846986454272,0.04494696630095718,0.19932364102709857,0.19922452566132554,0.0069881388495525165,0.19462961793771222,0.2040768729814028,0.18847705902812964,0.21152805239725464,0.009447255043690594,0.023050993369125,2.8688291083018496,2.8659512272676615,0.09915485877831279,2.798521286189503,2.933226896708639,2.7154009794183978,3.0410065519935907,0.134705610519136,0.32560557257519296,0.0,0.0,0.2908997719438118,0.2905641792187207,0.2905641792187207,0.08442754224504884,0.0,0.0,0.04290366648775307,0.04280455112198003,0.04280455112198003,0.0018322295967542021,0.0,0.0,1.0762010073170327,1.0733231262828447,1.0733231262828447,1.1520225334135792
31,0.15372553861841998,0.3001080197898632,0.5122340240226143,0.15372553861841998,0.19377138139685027,0.5122340240226143,0.6456721201003883,time_avg,0.19639607017870425,0.3001080197898632,28,0.5062096673798742,strong,0.2020782257503814,0.1561442015918466,0.11932495048942926,0.11774405587057013,0.2420275036514487,0.10119469806368135,0.46625574674793263,0.12428344778087858,0.36506104868425127,0.31018336188361,0.31871323295810433,0.12739775018793031,0.20687774312627932,0.4249913189663238,0.09321710165382267,0.49033423265462567,0.21811357584004448,0.397117131000803,0.7101316970830568,0.6477389008606078,0.32723307262637946,0.4508560342825813,0.9069632668782981,0.3039250638498752,1.3477270158057277,0.4561072325957168,1.0438019519558526,1.0,1.0,0.04835268713196142,0.002418662973426633,0.002418662973426633,5.849930579024961e-06,1.0,1.0,0.01007534209374683,0.018605213168241153,0.018605213168241153,0.000346153957035694,1.0,1.0,0.19789767306044248,0.1355048768379935,0.1355048768379935,0.01836157164687979
32,0.5850679431962337,0.4227929412984518,1.3838167245635993,0.5850679431962337,0.8086137212666872,1.3838167245635993,1.9125525577208784,time_avg,0.8194828438605872,0.4227929412984518,25,0.4278955260124205,strong,0.8276465876473584,0.8323568773921772,0.03785349568180144,0.8052984197034962,0.854740954527773,0.7582118661765886,0.8802754363527246,0.04944253482427674,0.122063570176136,0.4462169329392735,0.4480190885473051,0.020870210343135652,0.43313901127932464,0.4613060064424758,0.40992016251669255,0.47731747626766596,0.028166995163151187,0.06739731375097341,1.856010558790559,1.851553790837362,0.06519047793748677,1.8122517942125866,1.8927505233193491,1.7572511994619193,1.9670504405393774,0.08049872910676248,0.20979924107745807,0.0,0.0,0.24257864445112476,0.24728893419594355,0.24728893419594355,0.0611518169757657,0.0,1.0,0.023423991640821706,0.025226147248853303,0.025226147248853303,0.000636358505020829,0.0,0.0,0.4721938342269598,0.46773706627376277,0.46773706627376277,0.21877796316638634
33,0.12746861501430692,0.4008815707494104,0.3179707532476894,0.12746861501430692,0.2255210947291367,0.3179707532476894,0.5625628893529484,time_avg,0.22940994122097044,0.4008815707494104,18,0.3056825639282644,strong,0.1932191204393414,0.15076559666140676,0.1101495531844852,0.11517245247432228,0.23268979729986805,0.10113662871812887,0.4261936317322733,0.11751734482554577,0.3250570030141444,0.30032403187145096,0.3065549952305977,0.1289018489116079,0.18967493918977507,0.4151079288353365,0.09041794796505716,0.488292369074624,0.2254329896455614,0.39787442110956683,0.707917012349206,0.6492564127312781,0.3178388386011245,0.46841696043735187,0.8812393262524729,0.30612166691381254,1.3304062574472875,0.41282236581512105,1.024284590533475,1.0,1.0,0.06575050542503447,0.02329698164709984,0.02329698164709984,0.0005427493538653068,1.0,1.0,-0.10055753887795943,-0.09432657551881268,0.09432657551881268,0.008897502849106273,0.0,1.0,0.3899462591015166,0.3312856594835887,0.3312856594835887,0.10975018817947627
34,0.48880774347813616,0.24921974388286117,1.9613524027529965,0.48880774347813616,0.6192495571630368,1.9613524027529965,2.484753204200779,time_avg,0.64072804350668,0.24921974388286117,26,0.506029698142646,strong,0.653507342647049,0.653409178496926,0.014357526169291585,0.6438365679926444,0.6633924463635674,0.6299334417028435,0.6768204238873358,0.019555878370922986,0.046886982184492276,0.2685564237433161,0.2683427575624764,0.008127297088838942,0.26305883663190927,0.2739639656917358,0.255704998740311,0.28235241765609326,0.010905129059826546,0.02664741891578226,2.434982252214577,2.4317044277949105,0.07160857631528915,2.386157619496407,2.478691705753231,2.325282301238945,2.558260972193339,0.09253408625682402,0.23297867095439395,0.0,0.0,0.16469959916891286,0.16460143501878988,0.16460143501878988,0.027093632410244907,0.0,0.0,0.019336679860454953,0.01912301367961522,0.01912301367961522,0.00036568965219075083,0.0,0.0,0.4736298494615805,0.470352025041914,0.470352025041914,0.22123102746102927
35,0.5184392599405302,0.12133408800721257,4.27282446718281,0.5184392599405302,0.6563944288749175,4.27282446718281,5.409810545869838,time_avg,0.7927158270156803,0.12133408800721257,17,0.4757635182598041,strong,0.764592013405016,0.7656501757779658,0.02365480994345848,0.7491979653494026,0.7812946128346357,0.7228375454507253,0.8016877526837303,0.03209664748523311,0.07885020723300495,0.12417334615245065,0.12392613012243034,0.005644298091415876,0.1202411866271628,0.12776869945696884,0.11553803868614265,0.13379273079131115,0.007527512829806043,0.018254692105168502,6.169410189717464,6.159227511149025,0.32630906468215815,5.943211762683161,6.375802114275936,5.645670523089697,6.727426978814882,0.4325903515927747,1.081756455725185,0.0,0.0,0.24615275346448584,0.2472109158374356,0.2472109158374356,0.06111323690918367,1.0,1.0,0.0028392581452380827,0.0025920421152177686,0.0025920421152177686,6.718682327062604e-06,0.0,0.0,1.8965857225346543,1.8864030439662152,1.8864030439662152,3.558516444285002
36,0.5199944118877248,0.05109355052329082,10.177300394316639,0.5199944118877248,0.5357785812867041,10.177300394316639,10.48622724002066,time_avg,0.7910165462627274,0.05109355052329082,13,0.5369930891279451,strong,0.7679778813665862,0.7702102180480734,0.04008535102006619,0.7425656378537482,0.7957939186494691,0.6972322551496539,0.8284648581909404,0.05322828079572095,0.13123260304128648,0.05413080684266113,0.0534634353825446,0.002749991709242141,0.05226578845487177,0.05520565964390555,0.051196342307635846,0.059264089784629756,0.0029398711890337784,0.00806774747699391,14.219948266106254,14.240650572231667,0.9886741907991802,13.59278201807901,14.919611101343735,12.522744795197184,15.802269493416645,1.326829083264725,3.2795246982194612,0.0,0.0,0.2479834694788614,0.25021580616034866,0.25021580616034866,0.06260794965247318,0.0,0.0,0.00303725631937031,0.002369884859253775,0.002369884859253775,5.616354246120285e-06,0.0,0.0,4.042647871789615,4.063350177915028,4.063350177915028,16.51081466836209
37,0.6361683702847136,0.3431698063211541,1.8538005342152915,0.6361683702847136,0.914714973899646,1.8538005342152915,2.6654879218704153,time_avg,0.9199937248425982,0.3431698063211541,26,0.35727515739658017,strong,0.9099265612644789,0.9162124712211404,0.036568218061267414,0.8905329662190741,0.9356888996581179,0.841231474389229,0.9572720375791058,0.04515593343904378,0.11604056318987688,0.34774327568250873,0.3472011681331154,0.015589928826704319,0.33653966130041596,0.3581109741359252,0.3235712470467426,0.3744562438319591,0.021571312835509227,0.05088499678521646,2.619751026918758,2.613890039628541,0.11807973227834417,2.5396038044359486,2.6948923564575464,2.4377043248210892,2.818551112995043,0.15528855202159786,0.3808467881739537,0.0,0.0,0.2737581909797653,0.28004410093642673,0.28004410093642673,0.07842469846929156,1.0,1.0,0.00457346936135461,0.004031361811961287,0.004031361811961287,1.625187805893979e-05,0.0,0.0,0.7659504927034664,0.7600895054132495,0.7600895054132495,0.5777360562393582
38,0.6650692883191399,0.3299705637902874,2.015541267316876,0.6650692883191399,0.9666672365961793,2.015541267316876,2.929555974606705,time_avg,0.9712534651045913,0.3299705637902874,26,0.3432366271479246,strong,0.953296284291127,0.9616738379309955,0.0359295247258241,0.9403445445213348,0.9776075199430706,0.8830889290381734,0.9897092984862402,0.037262975421735844,0.10662036944806685,0.34411659839171377,0.3439793057457096,0.01660540129050659,0.3331746268653895,0.3544869473294947,0.3176251671346046,0.3724470498824469,0.021312320464105194,0.05482188274784233,2.7746801971542174,2.768733003691775,0.13534729809492144,2.687226973472431,2.8521940239148256,2.569318661183091,3.0075778025361672,0.16496705044239457,0.4382591413530763,0.0,0.0,0.2882269959719871,0.29660454961185556,0.29660454961185556,0.08797425885045168,0.0,1.0,0.014146034601426383,0.014008741955422233,0.014008741955422233,0.00019624485117360712,0.0,0.0,0.7591389298373414,0.753191736374899,0.753191736374899,0.5672977917434353
39,0.09563722732280087,0.32778274487652315,0.2917701703877907,0.09563722732280087,0.14085707807727618,0.2917701703877907,0.429726946518608,time_avg,0.14664399547027124,0.32778274487652315,12,0.542332651262912,strong,0.25117556339177477,0.1942321933643231,0.15150646743509977,0.131834969694182,0.32845755722664216,0.10310925648320855,0.5723862876476841,0.19662258753246015,0.4692770311644755,0.3530337149717493,0.3872081079080918,0.12484658326063176,0.2591796935195997,0.46357340941697167,0.1149662010169564,0.4972534164189916,0.20439371589737199,0.38228721540203525,0.7336579399771974,0.6855378844739177,0.32235309075674223,0.47443060788889113,0.9699326743558292,0.2916679641238253,1.3253382716343607,0.49550206646693806,1.0336703075105353,0.0,0.0,0.15553833606897388,0.09859496604152222,0.09859496604152222,0.00972096732872892,1.0,1.0,0.025250970095226144,0.059425363031568645,0.059425363031568645,0.0035313737714337255,0.0,1.0,0.44188776958940673,0.39376771408612704,0.39376771408612704,0.1550530126566139
40,0.4317833196702945,0.44014052401108633,0.9810124178872897,0.4317833196702945,0.5508760270811036,0.9810124178872897,1.2515912464975119,time_avg,0.5836297066689945,0.44014052401108633,29,0.380533560008421,strong,0.5327774290439313,0.5363808694961553,0.09556501752349265,0.46900237358068364,0.6022185933747729,0.3661861255806628,0.6790338421931857,0.13321621979408926,0.3128477166125229,0.44152003420579683,0.4555729357224705,0.05000184579055961,0.419406450205779,0.4768127399730684,0.3416439955189036,0.49525977922524206,0.0574062897672894,0.15361578370633844,1.2068995951929322,1.2204977620266748,0.16489318701567823,1.1057867668274182,1.3175556283447238,0.9228352292903204,1.4512330063606633,0.21176886151730567,0.528397777070343,0.0,1.0,0.10099410937363684,0.10459754982586078,0.10459754982586078,0.010940647429573428,1.0,1.0,0.0013795101947104982,0.015432411711384153,0.015432411711384153,0.00023815933122966676,0.0,1.0,0.22588717730564256,0.23948534413938516,0.23948534413938516,0.05735323005755974
41,0.485641993259342,0.34225882946052527,1.4189319645159189,0.485641993259342,0.7036667143694306,1.4189319645159189,2.0559490473293653,time_avg,0.9643286359842775,0.34225882946052527,10,0.37950789691583403,strong,0.9845546722202189,0.9964342554367509,0.04072837425611326,0.9877139284468561,0.9988378926422125,0.9305721400849765,0.9997261893307524,0.011123964195356328,0.06915404924577595,0.3943245144148559,0.393111221634622,0.028710347909993685,0.3744651993207347,0.41347109407816673,0.34868099640189365,0.4436441958772701,0.03900589475743205,0.09496319947537646,2.5068517203379086,2.509332791305856,0.1735191582320623,2.401753165841466,2.6125270117116353,2.2395709206218175,2.7771941919666556,0.21077384587016912,0.5376232713448381,0.0,0.0,0.4989126789608769,0.5107922621774089,0.5107922621774089,0.26090873510031487,0.0,0.0,0.052065684954330615,0.050852392174096706,0.050852392174096706,0.0025859657898281317,0.0,0.0,1.0879197558219897,1.0904008267899372,1.0904008267899372,1.1889739630641787
42,0.12586624687389628,0.0927501104367397,1.3570468679899144,0.12586624687389628,0.11413250409811473,1.3570468679899144,1.2305376625503741,time_avg,0.19681568321567838,0.0927501104367397,19,0.41856983714347656,strong,0.3762116293802389,0.37507718937317275,0.03534436118977523,0.3517405045737445,0.3997541990754111,0.3219477205391826,0.43665891581439403,0.04801369450166659,0.11471119527521145,0.2625081491531862,0.2620073134911156,0.038182477522931996,0.2356239809011289,0.28843652232835415,0.20153220422786383,0.3250704719597524,0.052812541427225246,0.12353826773188858,1.4515188346447703,1.4444389007087148,0.16252706860083255,1.3404705249595983,1.5511759562976315,1.2015928326031808,1.7326572306337757,0.2107054313380332,0.5310643980305949,0.0,0.0,0.25034538250634264,0.24921094249927647,0.24921094249927647,0.062106093861377686,0.0,0.0,0.1697580387164465,0.16925720305437592,0.16925720305437592,0.02864800078579024,1.0,1.0,0.09447196665485591,0.08739203271880047,0.08739203271880047,0.0076373673827238924
43,0.1894886555790286,0.47716886953080373,0.3971102636375907,0.1894886555790286,0.3105415320712376,0.3971102636375907,0.6508000666023971,time_avg,0.3134876392801075,0.47716886953080373,21,0.31802302732028964,strong,0.20880797761922315,0.1561934734623125,0.12996038559881343,0.11551169562234712,0.252737915508257,0.10085149797028631,0.5066136042587115,0.1372262198859099,0.4057621062884252,0.30344323597910355,0.31356289718929986,0.13349360870203075,0.18649106172278765,0.42601306519907944,0.08929376605368913,0.49237742535653256,0.2395220034762918,0.4030836593028434,0.7484919292405846,0.6913519347063534,0.34206390081330973,0.4792798917555421,0.9572545165055935,0.31199616030627203,1.39574429075655,0.47797462475005137,1.083748130450278,1.0,1.0,0.019319322040194542,-0.033295182116716115,0.033295182116716115,0.0011085691521852926,0.0,1.0,-0.17372563355170018,-0.16360597234150387,0.16360597234150387,0.02676691418580893,0.0,1.0,0.3513816656029939,0.29424167106876264,0.29424167106876264,0.08657816099333791
44,0.17241969321401499,0.11647969287646093,1.4802553900694464,0.17241969321401499,0.15511719501068497,1.4802553900694464,1.331710199263688,time_avg,0.29367988031650855,0.11647969287646093,15,0.410144002608713,strong,0.4106876107712934,0.4106685660803031,0.01560737917094037,0.39980586893285947,0.42113401826458,0.38524117095850857,0.43653485832770283,0.02132814933172056,0.05129368736919426,0.23712929028549745,0.23702675851951344,0.012059677735045463,0.22828177683673867,0.24494749128582768,0.21827560387003897,0.2574549815740594,0.016665714449089014,0.03917937770402041,1.7345400158660997,1.7327046982095435,0.07536347759612,1.6852043961644576,1.7828601097998749,1.6116274503790038,1.8589050419513575,0.09765571363541725,0.24727759157235374,0.0,0.0,0.2382679175572784,0.23824887286628812,0.23824887286628812,0.056762525422056724,0.0,0.0,0.12064959740903652,0.12054706564305251,0.12054706564305251,0.01453159503515041,0.0,0.0,0.25428462579665334,0.25244930814009714,0.25244930814009714,0.06373065318041371
45,0.09386014998752518,0.12235043294778084,0.7671419522281927,0.09386014998752518,0.10481867291895763,0.7671419522281927,0.8567086392223413,time_avg,0.13110704260519304,0.12235043294778084,23,0.47389762060712326,strong,0.25262053257973327,0.21051474230052114,0.13817247513824044,0.14421494083255415,0.32304736171681236,0.10605438808994963,0.5435846739206454,0.17883242088425821,0.43753028583069575,0.33203893990741934,0.3587806123658739,0.127274807188267,0.22746569778607795,0.4451208697204797,0.10203376343180223,0.49350885503575276,0.21765517193440176,0.39147509160395055,0.8059569966694494,0.7681765485986212,0.333268846642207,0.5504534186087711,1.010383701712655,0.3423732013960744,1.416366267708197,0.45993028310388384,1.0739930663121227,0.0,0.0,0.1587603825922081,0.11665459231299596,0.11665459231299596,0.013608293907711297,0.0,1.0,0.2096885069596385,0.23643017941809305,0.23643017941809305,0.05589922973967167,1.0,1.0,0.03881504444125672,0.0010345963704284644,0.0010345963704284644,1.0703896497037524e-06
46,0.09180573899577979,0.41442723395756353,0.22152438708982264,0.09180573899577979,0.11875269023138195,0.22152438708982264,0.28654654062513174,time_avg,0.11876042872473612,0.41442723395756353,30,0.4325826788771513,strong,0.21712359732543307,0.17343641607283736,0.1246683471168763,0.12430632154227951,0.26475394232241994,0.10297673919908107,0.4899181699706379,0.14044762078014045,0.38694143077155685,0.30752808193090925,0.3254203762420299,0.13140762145129617,0.19501665193445705,0.42612515600164336,0.0878847951585451,0.4898810165736712,0.2311085040671863,0.40199622141512614,0.7724626250465922,0.7196568965104669,0.33893059038383655,0.5117360681962204,0.9826935460682845,0.3135904636545682,1.4274532732385021,0.4709574778720641,1.1138628095839338,0.0,0.0,0.12531785832965328,0.08163067707705757,0.08163067707705757,0.006663567440058852,1.0,1.0,-0.10689915202665429,-0.08900685771553363,0.08900685771553363,0.007922220720393247,0.0,0.0,0.5509382379567695,0.4981325094206443,0.4981325094206443,0.2481359969417083
47,0.2579169337631999,0.22158415319886565,1.1639683165055879,0.2579169337631999,0.28178390976864237,1.1639683165055879,1.2716789792984389,time_avg,0.3665851768632655,0.22158415319886565,24,0.42993496800609365,strong,0.44451483948416215,0.4442517184962529,0.023326918357951615,0.42850262426956276,0.45992340946055654,0.4070719494056906,0.4841623524716986,0.03142078519099378,0.077090403066008,0.29098027516303326,0.2906808383385039,0.02202885976125496,0.27625907865896016,0.3045081472602038,0.25580232088785204,0.3288639651003994,0.028249068601243654,0.07306164421254735,1.5326327563680213,1.533437019631084,0.0910739159469868,1.470498661437302,1.5906903936081451,1.3878982519783303,1.6869659747834311,0.12019173217084322,0.29906772280510086,0.0,0.0,0.18659790572096224,0.18633478473305298,0.18633478473305298,0.0347206520015132,0.0,0.0,0.06939612196416761,0.06909668513963824,0.06909668513963824,0.004774351897286304,0.0,0.0,0.36866443986243347,0.3694687031254962,0.3694687031254962,0.13650712258923603
48,0.6881768067324299,0.06688136793657784,10.289514523462097,0.6881768067324299,0.8006555243343426,10.289514523462097,11.971279132531903,time_avg,0.8762505405645131,0.06688136793657784,30,0.46341335860711996,strong,0.8671247978008028,0.8733652609213678,0.04515954895766926,0.8409238598853914,0.8995291515472523,0.7818432903827796,0.930596696127917,0.0586052916618609,0.1487534057451374,0.06501157197001226,0.06458066170790612,0.0038793103955593617,0.06224945297211625,0.06729203111006463,0.05943313101478118,0.07224462438508436,0.005042578137948374,0.012811493370303177,13.387383918088092,13.394490702145223,1.089511547062732,12.639863442745963,14.158218797360515,11.597716738568504,15.116305411613645,1.5183553546145525,3.518588673045141,0.0,0.0,0.1789479910683729,0.18518845418893792,0.18518845418893792,0.03429476356488836,1.0,1.0,-0.001869795966565585,-0.00230070622867172,0.00230070622867172,5.293249150648849e-06,0.0,0.0,3.097869394625995,3.104976178683126,3.104976178683126,9.640877070189667
49,0.49532279929871675,0.10524850580090409,4.706221675352867,0.49532279929871675,0.6267686016810685,4.706221675352867,5.955130639732888,time_avg,0.6913104053926079,0.10524850580090409,26,0.40937166646042167,strong,0.6714894257383417,0.6721416893056514,0.019611076643339092,0.658833371177802,0.6845444707715272,0.6372236385460892,0.7035659926253531,0.025711099593725195,0.06634235407926392,0.10585930877587175,0.1056274941106827,0.0050463203080888305,0.10228497506231163,0.10914712999122346,0.09799934444223471,0.11450260735799174,0.006862154928911832,0.01650326291575703,6.356749723069666,6.343404453233779,0.3402089932611902,6.117169390101457,6.5794874920472655,5.827008523632886,6.9243209995069686,0.462318101945808,1.0973124758740829,0.0,0.0,0.17616662643962494,0.17681889000693468,0.17681889000693468,0.03126491986328447,1.0,1.0,0.0006108029749676697,0.0003789883097786162,0.0003789883097786162,1.4363213894885234e-07,0.0,0.0,1.650528047716799,1.6371827778809118,1.6371827778809118,2.680367448189859
50,0.4645385004486816,0.3180913953279194,1.4603931677239819,0.4645385004486816,0.6515134350133843,1.4603931677239819,2.0481957216784856,time_avg,0.6857817294788836,0.3180913953279194,23,0.40256547268969123,strong,0.6747210832935732,0.675123574325704,0.0182678102252077,0.6624458239287476,0.6873189348461901,0.6442257426699086,0.7039099151187258,0.024873110917442487,0.059684172448817185,0.3172957333159859,0.31721155621814706,0.01134044091703986,0.3093645340910931,0.32473381394534956,0.29903591788971484,0.3362052578064727,0.015369279854256457,0.03716933991675786,2.1281331384034656,2.123798275174156,0.06805269700952851,2.0827716220453936,2.1723706088955375,2.021180709032895,2.2414828564094975,0.08959898685014389,0.2203021473766027,0.0,0.0,0.21018258284489155,0.2105850738770224,0.2105850738770224,0.04434607333979099,1.0,1.0,-0.00079566201193354,-0.0008798391097723512,0.0008798391097723512,7.741168590850036e-07,0.0,0.0,0.6677399706794838,0.6634051074501743,0.6634051074501743,0.44010633659097737
51,0.404092985693502,0.40181838715064866,1.005660762711689,0.404092985693502,0.4911202259191582,1.005660762711689,1.2222442815565548,time_avg,0.5612442193992201,0.40181838715064866,21,0.5172326171467206,strong,0.5202939897513389,0.5220720601234394,0.07500011978397497,0.47026769562256054,0.5706734932113869,0.39244950498862935,0.6419412595712535,0.1004057975888264,0.24949175458262413,0.40807354673085033,0.41580147985200394,0.051230257928409316,0.3773071010490866,0.4458976633666912,0.310606192711042,0.4781562758228027,0.06859056231760458,0.16755008311176067,1.2812999498933577,1.2839242566831004,0.15004943922579173,1.195829923608967,1.371636093615431,1.027724669133015,1.5087519650638108,0.17580617000646415,0.48102729593079574,0.0,1.0,0.1162010040578369,0.11797907442993744,0.11797907442993744,0.013919062003344718,1.0,1.0,0.006255159580201675,0.013983092701355282,0.013983092701355282,0.00019552688149469536,0.0,0.0,0.2756391871816688,0.2782634939714115,0.2782634939714115,0.07743057207717775
52,0.24430498037565818,0.47034949492066447,0.5194115928983106,0.24430498037565818,0.3063294749208636,0.5194115928983106,0.6512805439974657,time_avg,0.3070232271311938,0.47034949492066447,28,0.5357306636672303,strong,0.1658661178795301,0.12025767618844602,0.10229349502891946,0.10357203239931151,0.178716604925476,0.1000908934305286,0.39394061722473567,0.0751445725261645,0.29384972379420704,0.25069101890808004,0.22901979578042794,0.13617943545388317,0.12816869559772961,0.36859718683117204,0.06736558777172479,0.47987884384004403,0.24042849123344243,0.41251325606831923,0.7911657371084618,0.7088000845657171,0.39370006279368897,0.4797169612842613,1.0240326311112768,0.3043875769069798,1.5824321392970442,0.5443156698270155,1.2780445623900643,0.0,1.0,-0.07843886249612808,-0.12404730418721216,0.12404730418721216,0.015387733676114743,0.0,1.0,-0.21965847601258442,-0.24132969914023653,0.24132969914023653,0.05824002368711708,1.0,1.0,0.2717541442101512,0.18938849166740646,0.18938849166740646,0.03586800077605529
53,0.3694347884817701,0.4032595724892013,0.9161215596231457,0.3694347884817701,0.5465237431318337,0.9161215596231457,1.3552653933502565,time_avg,0.6633760478139018,0.4032595724892013,17,0.32863788810240063,strong,0.7706181215319801,0.7743160425571418,0.04198022418792209,0.7448554235821845,0.8018508779720539,0.6967792687088539,0.8308981866302206,0.056995454389869415,0.13411891792136676,0.464659240680478,0.4679194589846739,0.020217345728697926,0.4531113579326883,0.4795200571915884,0.4261654332491071,0.49148624194547924,0.026408699258900104,0.06532080869637213,1.6587507722629862,1.6610675956893344,0.06300808549346273,1.6196768318281891,1.6971485088777238,1.553700358536378,1.7605046386381806,0.07747167704953473,0.20680428010180263,0.0,0.0,0.40118333305021,0.40488125407537173,0.40488125407537173,0.16392882990164573,0.0,0.0,0.06139966819127668,0.06465988649547261,0.06465988649547261,0.004180900921607401,0.0,0.0,0.7426292126398405,0.7449460360661887,0.7449460360661887,0.5549445966507273
54,0.2501906905641757,0.4724225761794501,0.529590885743658,0.2501906905641757,0.35652094788337574,0.529590885743658,0.754665348058961,time_avg,0.35981283329634595,0.4724225761794501,27,0.3376861971367582,strong,0.20718361023677345,0.1508897588760455,0.13247122876919604,0.11241088956688215,0.2541549945202758,0.10051863290544956,0.5028424047732567,0.14174410495339362,0.40232377186780716,0.3224984827918071,0.3379103293622509,0.13092183506069072,0.21224393392097585,0.4460117221274212,0.09663470626464873,0.49513422915467253,0.23376778820644534,0.39849952289002377,0.6840992469699018,0.6221177252240773,0.3185995680092479,0.4364893810527119,0.8760219873275461,0.285414701264988,1.3040810668665341,0.4395326062748342,1.018666365601546,1.0,1.0,-0.04300708032740225,-0.0993009316881302,0.0993009316881302,0.009860675034130701,0.0,1.0,-0.149924093387643,-0.1345122468171992,0.1345122468171992,0.018093544543811117,1.0,1.0,0.15450836122624378,0.09252683948041929,0.09252683948041929,0.008561216024235277
55,0.2189570077839624,0.4392748005284302,0.49845110058798225,0.2189570077839624,0.316310677202951,0.49845110058798225,0.7200747159237036,time_avg,0.32037170029763407,0.4392748005284302,24,0.3912438125689709,strong,0.22563287160857737,0.18359020224715789,0.12409525852533136,0.13008899480444078,0.2849207153199106,0.10475077441646592,0.4908993291856689,0.1548317205154698,0.386148554769203,0.31742530973363325,0.3322923262165014,0.12583006680677813,0.21490398307128555,0.4306259285740869,0.09924201242979891,0.4876164073543612,0.21572194550280133,0.38837439492456227,0.7627454055163453,0.7178299682971099,0.3219073631794581,0.5115504290269008,0.968166355695624,0.3200629172773975,1.3538147582656384,0.4566159266687232,1.033751840988241,1.0,1.0,0.006675863824614964,-0.03536680553680452,0.03536680553680452,0.0012508109338781467,0.0,1.0,-0.12184949079479696,-0.10698247431192881,0.10698247431192881,0.011445249809902507,0.0,1.0,0.26429430492836303,0.21937886770912762,0.21937886770912762,0.04812708759733892
56,0.5660264333122288,0.4678511251009968,1.2098430525095745,0.5660264333122288,0.6859104463091397,1.2098430525095745,1.4660869868829953,time_avg,0.6974059677524869,0.4678511251009968,30,0.5290421199590112,strong,0.6341969621499791,0.638484556253647,0.06544880514622518,0.5909523957655046,0.6823260673579585,0.5151538528213558,0.7330736994868249,0.09137367159245391,0.21791984666546904,0.4429645004199942,0.4482403753122261,0.034775161881985955,0.4242577602264783,0.4686250070985497,0.37652399149286586,0.48855037263709244,0.044367246872071386,0.11202638114422658,1.43248913835744,1.4374441371453883,0.10696966525539987,1.3705771544507437,1.4999090857091129,1.2517856772984244,1.59270559178306,0.12933193125836917,0.34091991448463554,0.0,1.0,0.06817052883775032,0.07245812294141818,0.07245812294141818,0.0052501795801936715,1.0,1.0,-0.02488662468100261,-0.0196107497887707,0.0196107497887707,0.00038458150727776997,0.0,0.0,0.2226460858478656,0.22760108463581386,0.22760108463581386,0.051802253727398904
57,0.538856631327172,0.4529826178605309,1.189574632846245,0.538856631327172,0.8151968368120293,1.189574632846245,1.799620569686011,time_avg,0.886873519010525,0.4529826178605309,16,0.4229283773386185,strong,0.8979765056740673,0.9064042515465713,0.03923175854551999,0.8787774555861899,0.9255688205073189,0.8180183575347533,0.9458502347758816,0.04679136492112901,0.12783187724112832,0.4656796333760335,0.4691646719869139,0.01946874633855784,0.45405053254311073,0.4806866705667935,0.4294892703677557,0.4908240949698284,0.026636138023682754,0.06133482460207268,1.9292371975736333,1.9227943715607672,0.06584168911671652,1.8914035881170106,1.9640166597140485,1.8353556226754189,2.041754979284042,0.07261307159703789,0.20639935660862307,0.0,0.0,0.3591198743468953,0.36754762021939935,0.36754762021939935,0.13509125312894382,0.0,1.0,0.012697015515502619,0.016182054126383016,0.016182054126383016,0.0002618588757491896,0.0,0.0,0.7396625647273882,0.7332197387145221,0.7332197387145221,0.537611185240592
58,0.6161103915699057,0.18379133842038564,3.352227568856794,0.6161103915699057,0.9310229828611288,3.352227568856794,5.065652118662967,time_avg,0.9624290416441336,0.18379133842038564,24,0.30800362918063506,strong,0.9238538550373399,0.9312824607283126,0.03780529780043149,0.9058096924137435,0.9507208874273716,0.8497622135508651,0.9701663571620147,0.04491119501362806,0.1204041436111496,0.18513953902703542,0.18525166620999287,0.008269969201564106,0.17933006615642985,0.19046185856255307,0.17207420426469,0.1991959003675171,0.01113179240612322,0.02712169610282711,4.9992537103446235,4.997208498513681,0.2927771850934913,4.810918955494915,5.189916261322512,4.516799635136507,5.495531358387866,0.37899730582759705,0.978731723251359,0.0,0.0,0.3077434634674342,0.3151720691584069,0.3151720691584069,0.09933343317759162,1.0,1.0,0.0013482006066497798,0.0014603277896072242,0.0014603277896072242,2.1325572530991215e-06,0.0,0.0,1.6470261414878293,1.6449809296568865,1.6449809296568865,2.7059622589348344
59,0.478997015149526,0.13649481425855584,3.5092689619855006,0.478997015149526,0.6618887437145556,3.5092689619855006,4.8491860098125805,time_avg,0.7243710469351519,0.13649481425855584,24,0.34857537439438224,strong,0.7168185995709501,0.7166103262040527,0.02090556437363623,0.702940640516614,0.7308664606752463,0.6828994286118013,0.7509215761286532,0.02792582015863232,0.06802214751685187,0.13155249070668568,0.1312807847049895,0.006175655850394699,0.12740726119033113,0.13555594697278409,0.12202360700904596,0.1424501948359371,0.008148685782452952,0.020426587826891135,5.459702718177224,5.453962011565052,0.2795382516088189,5.263873985586937,5.637745234617828,5.025766678008967,5.9428876415963545,0.3738712490308913,0.9171209635873874,0.0,0.0,0.2378215844214241,0.23761331105452677,0.23761331105452677,0.05646008559029529,0.0,1.0,-0.004942323551870159,-0.005214029553566341,0.005214029553566341,2.7186104185463212e-05,0.0,0.0,1.9504337561917238,1.9446930495795511,1.9446930495795511,3.7818310570830147
60,0.2971409397255155,0.2483737348535992,1.196346062520103,0.2971409397255155,0.3389553372122817,1.196346062520103,1.364698797206052,time_avg,0.5035926476536244,0.2483737348535992,15,0.4143460737561716,strong,0.64359981012182,0.6435459193267677,0.02148137638543981,0.6289350805134096,0.6582168376926609,0.6078551132560557,0.6783748639029535,0.0292817571792513,0.07051975064689786,0.35695420657465887,0.3570010824373968,0.015454628427079887,0.3469428734782415,0.36720191023587667,0.331417717864852,0.382515856404567,0.020259036757635185,0.051098138539714955,1.8048084350882228,1.8034483033826354,0.0629497569208184,1.7607203465523455,1.8440265922529642,1.709241467382721,1.9117546432313326,0.08330624570061862,0.20251317584861162,0.0,0.0,0.3464588703963045,0.34640497960125227,0.34640497960125227,0.11999640989254401,0.0,0.0,0.10858047172105967,0.1086273475837976,0.1086273475837976,0.01179990064309118,0.0,0.0,0.6084623725681197,0.6071022408625324,0.6071022408625324,0.3685731308603083
61,0.3648026332956726,0.14356624961516665,2.5410055237462585,0.3648026332956726,0.35645055514217155,2.5410055237462585,2.4828297465291964,time_avg,0.6011078822951196,0.14356624961516665,10,0.5086047447564689,strong,0.6047697510638517,0.604513948080636,0.01513638406761935,0.594355725403233,0.6152530536972318,0.5802252568728885,0.6301148745169539,0.020897328293998818,0.04988961764406541,0.16103175040336423,0.16080076870367777,0.0062265508469119095,0.15661889861670997,0.16519453347431245,0.15121175388292973,0.17162570470575927,0.008575634857602488,0.02041395082282954,3.760300176222915,3.755266944300615,0.15262106668654943,3.651453000161674,3.859917941647444,3.521704695495043,4.02115836968846,0.20846494148577,0.499453674193417,0.0,0.0,0.23996711776817908,0.23971131478496338,0.23971131478496338,0.05746151443593581,0.0,0.0,0.017465500788197585,0.01723451908851112,0.01723451908851112,0.0002970286482122541,0.0,0.0,1.2192946524766564,1.2142614205543563,1.2142614205543563,1.4744307974466833
62,0.3102358017645797,0.4730704426441736,0.6557919789504326,0.3102358017645797,0.38349186705682653,0.6557919789504326,0.8106443195084061,time_avg,0.38747507425811556,0.4730704426441736,29,0.5253810065108666,strong,0.24316795904792934,0.19299690682064014,0.1429602577733866,0.12961144704716163,0.31719462299702716,0.10340201331831221,0.5451899191365946,0.18758317594986554,0.4417879058182824,0.33401591065556185,0.3543169071507587,0.12613153275610203,0.23507577776154504,0.448746238070408,0.10631747641346768,0.49527930805610426,0.21367046030886294,0.3889618316426366,0.7591884118451933,0.7053263600786532,0.33166989739850306,0.5123986105944869,0.9543061737771806,0.31887901112522266,1.3608629095710552,0.44190756318269375,1.0419838984458325,1.0,1.0,-0.06706784271665037,-0.11723889494393958,0.11723889494393958,0.0137449584876761,0.0,1.0,-0.13905453198861173,-0.11875353549341489,0.11875353549341489,0.014102402192185748,1.0,1.0,0.10339643289476064,0.04953438112822062,0.04953438112822062,0.002453654913755819
63,0.4833153061082307,0.3551571107261141,1.3608493016515952,0.4833153061082307,0.5730687347136846,1.3608493016515952,1.6135640183074274,time_avg,0.6002747433458488,0.3551571107261141,26,0.5940767174596091,strong,0.6431972171870013,0.6429860528461184,0.027796148152492452,0.6254600756361914,0.6614749551275849,0.5963520571863395,0.6890787691234019,0.03601487949139348,0.09272671193706239,0.3929136346750074,0.39312444130785656,0.020517468628136182,0.3791116285816553,0.4063671876733489,0.3600712126158452,0.42676020701876316,0.027255559091693582,0.06668899440291798,1.6389585645922091,1.635166344422632,0.06455278020085539,1.5936084794435228,1.678175256377743,1.5399650649175216,1.7491441940545955,0.08456677693422021,0.20917912913707393,0.0,0.0,0.1598819110787706,0.15967074673788773,0.15967074673788773,0.025494747363834683,0.0,0.0,0.037756523948893284,0.03796733058174245,0.03796733058174245,0.0014415181915033157,0.0,0.0,0.2781092629406139,0.27431704277103686,0.27431704277103686,0.07524983995464686
64,0.41506044131371256,0.09811552230209974,4.2303239240344945,0.41506044131371256,0.48951888051289105,4.2303239240344945,4.989209342489684,time_avg,0.638221171280795,0.09811552230209974,18,0.4536554782822215,strong,0.623175155062388,0.6234893043380045,0.018264352848262215,0.6106961355184457,0.6358643855697412,0.5930710512405591,0.6522784322838932,0.025168250051295527,0.059207381043334006,0.09704871857098797,0.09677619960409028,0.0046639240972060955,0.09370878866061859,0.1001267960920246,0.0897653186172078,0.10507824812496097,0.0064180074314060115,0.015312929507753176,6.43457535630365,6.436388236650035,0.3350465453743427,6.203431457025975,6.6627819513964255,5.89541954155752,6.995145464126676,0.45935049437045006,1.0997259225691556,0.0,0.0,0.2081147137486754,0.20842886302429198,0.20842886302429198,0.043442590941599066,1.0,1.0,-0.0010668037311117734,-0.0013393226980094597,0.0013393226980094597,1.7937852894033384e-06,0.0,0.0,2.2042514322691558,2.20606431261554,2.20606431261554,4.866719751395876
65,0.553900158534916,0.4053999886317049,1.3663053134372916,0.553900158534916,0.8789827451590543,1.3663053134372916,2.1681864080109454,time_avg,0.8953589286868843,0.4053999886317049,22,0.31899064798846144,strong,0.9501361089821141,0.9596571991801962,0.035386658198858806,0.9378206637488514,0.9736343578405255,0.8798145591555729,0.9855969387246211,0.03581369409167412,0.10578237956904812,0.4317621672936057,0.4320686388301252,0.021642022363494207,0.4173484899715719,0.4473288524732207,0.3943876633522315,0.4662594852838242,0.02998036250164876,0.0718718219315927,2.203578078048061,2.1953931411779086,0.08957970619769383,2.1395581284620167,2.256055316758271,2.076747252085024,2.363848381552434,0.11649718829625444,0.28710112946740995,0.0,0.0,0.39623595044719806,0.4057570406452802,0.4057570406452802,0.16463877603321556,0.0,1.0,0.026362178661900826,0.026668650198420296,0.026668650198420296,0.0007112169034057029,0.0,0.0,0.8372727646107696,0.8290878277406171,0.8290878277406171,0.6873866261076551
66,0.7182454302836512,0.35519074676733114,2.022140038333094,0.7182454302836512,0.8876334002599037,2.022140038333094,2.499033007865351,time_avg,0.8907797699001242,0.35519074676733114,27,0.5789367203722949,strong,0.9125674731643062,0.9189531600317914,0.03668875913894857,0.8927235261254803,0.9391884082778876,0.8441774043468764,0.9609841995107249,0.046464882152407294,0.11680679516384851,0.35168562394814706,0.351424949385196,0.016464398018307656,0.34072468636303765,0.36296089347795796,0.324711749089978,0.37852789662453157,0.022236207114920303,0.05381614753455355,2.598260343163219,2.589205351713062,0.12005795188287446,2.51469872103067,2.6709543038358534,2.416790653551825,2.8079088126434635,0.15625558280518348,0.3911181590916386,0.0,0.0,0.19432204288065502,0.20070772974814022,0.20070772974814022,0.04028359278065249,1.0,1.0,-0.003505122819184081,-0.003765797382135172,0.003765797382135172,1.4181229923296114e-05,0.0,0.0,0.5761203048301251,0.5670653133799681,0.5670653133799681,0.32156306963872144
67,0.768295362271504,0.48826737069958037,1.5735136287536575,0.768295362271504,0.986863322348727,1.5735136287536575,2.021153535069869,time_avg,0.9919490230907532,0.48826737069958037,23,0.5824649893085486,strong,0.9655229900882395,0.9740651916504344,0.035439213383987374,0.960607746985274,0.9837339524616778,0.909912570823844,0.9921309795792674,0.02312620547640387,0.08221840875542341,0.49476705212065963,0.49849097675478915,0.009255508098378606,0.4941807927377208,0.49966507770968766,0.4766417249295087,0.49996733956433276,0.005484284971966846,0.023325614634824077,1.951077652089344,1.9596286833111023,0.05219889077981552,1.9384453927264602,1.9755720416862972,1.884213881849744,1.9970095766224396,0.03712664895983697,0.11279569477269558,0.0,0.0,0.19722762781673553,0.2057698293789304,0.2057698293789304,0.04234122268263413,0.0,1.0,0.006499681421079262,0.010223606055208778,0.010223606055208778,0.00010452212077210159,0.0,0.0,0.3775640233356865,0.38611505455744477,0.38611505455744477,0.14908483535589856
68,0.08737068574070805,0.44529276185776645,0.19620953499490215,0.08737068574070805,0.12594128488641376,0.19620953499490215,0.2828280530790244,time_avg,0.12666839003877123,0.44529276185776645,13,0.5807556582037643,strong,0.2557701976911637,0.21762646727805451,0.13467307291210162,0.14803680774249034,0.32547903438108017,0.10853290386287848,0.5409617433491893,0.17744222663858983,0.43242883948631083,0.32240081835190326,0.3383929395125114,0.12438940799252954,0.2205557509713464,0.4313339941688151,0.10580642088803623,0.4920877651218178,0.21077824319746874,0.3862813442337816,0.8390933758118931,0.8091589676515171,0.328860265070352,0.5925175036383524,1.0573375152334408,0.3464129813861132,1.4053477290521634,0.46482001159508834,1.0589347476660502,0.0,0.0,0.16839951195045566,0.13025578153734646,0.13025578153734646,0.016966568623904926,0.0,1.0,-0.12289194350586319,-0.10689982234525502,0.10689982234525502,0.011427572017447086,0.0,0.0,0.642883840816991,0.612949432656615,0.612949432656615,0.3757070069940661
69,0.09311893048897886,0.3181096904280224,0.2927258530341708,0.09311893048897886,0.13343427931585486,0.2927258530341708,0.41945996406559194,time_avg,0.13452845352549656,0.3181096904280224,21,0.469289005394126,strong,0.22926877112172475,0.192696478869957,0.11721953394670692,0.13725578399558003,0.28599175439365576,0.10696392427001594,0.4772335998831664,0.14873597039807573,0.37026967561315044,0.32467242036458976,0.34156250394127474,0.12277870801737444,0.22964198884571446,0.43217975618329507,0.10141816128273272,0.4891305384342298,0.2025377673375806,0.3877123771514971,0.7551343246871074,0.7206203031124934,0.30473156574139765,0.5235149297649819,0.9277838523004602,0.33452734022258646,1.3180838592570259,0.4042689225354783,0.9835565190344394,0.0,0.0,0.13614984063274588,0.09957754838097814,0.09957754838097814,0.009915688141566043,1.0,1.0,0.006562729936567369,0.023452813513252346,0.023452813513252346,0.0005500344616873919,0.0,0.0,0.4624084716529366,0.42789445007832255,0.42789445007832255,0.18309366040783007
70,0.314127723784146,0.2635722333935869,1.1918088629429553,0.314127723784146,0.4031705080841916,1.1918088629429553,1.5296395333196784,time_avg,0.6845142339705432,0.2635722333935869,11,0.30628980863617034,strong,0.7575838071076734,0.7578695163077531,0.02591697845306294,0.7409372845968,0.7755076545012267,0.713956730757265,0.7990925409867682,0.034570369904426745,0.08513581022950323,0.353219704611011,0.3534203684260168,0.015322988417006493,0.34267046362839765,0.36361059109593813,0.3284997224537082,0.37930132680479983,0.02094012746754048,0.050801604351091656,2.147072798164115,2.1418331379008717,0.08108011939975127,2.092230848515188,2.2001543892051876,2.022576136702187,2.283714341871924,0.10792354068999943,0.26113820516973707,0.0,0.0,0.4434560833235274,0.4437417925236071,0.4437417925236071,0.196906778432064,0.0,0.0,0.08964747121742411,0.08984813503242994,0.08984813503242994,0.008072687368805766,0.0,0.0,0.9552639352211596,0.9500242749579164,0.9500242749579164,0.9025461230093148
71,0.6569525351001285,0.23151971485652084,2.8375662759746407,0.6569525351001285,0.8483828651415929,2.8375662759746407,3.6644087336897386,time_avg,0.8847086143191784,0.23151971485652084,19,0.5847802215058953,strong,0.858854880246505,0.8613293023697726,0.03061814041194248,0.8395520469309756,0.8806393277014819,0.8050145518310715,0.9041354061059573,0.041087280770506274,0.09912085427488582,0.23121701217726082,0.23110924194637428,0.010043143806150727,0.22442581628023595,0.23799586122872476,0.21496495597267753,0.24794305012962478,0.013570044948488819,0.032978094156947246,3.720338695365444,3.7143652690824194,0.18838024374362308,3.5887172448330773,3.8332319467763485,3.433262108328926,4.05235149872136,0.24451470194327118,0.6190893903924342,0.0,0.0,0.2019023451463765,0.20437676726964404,0.20437676726964404,0.04176986299959024,1.0,1.0,-0.00030270267926002514,-0.0004104729101465643,0.0004104729101465643,1.6848800996418944e-07,0.0,0.0,0.8827724193908031,0.8767989931077786,0.8767989931077786,0.7687764743148144
72,0.30612817496113387,0.32137828234295857,0.9525477973475801,0.30612817496113387,0.411409832363192,0.9525477973475801,1.280141985214036,time_avg,0.6696675196780307,0.32137828234295857,11,0.3040186819954099,strong,0.8777730604819933,0.8851504151604654,0.0408008084305874,0.8586043810812476,0.9063155396463731,0.800328187051899,0.9278153910665857,0.04771115856512553,0.12748720401468672,0.47983733549841384,0.48411894405792943,0.015748230885473814,0.4716302805184806,0.4915881011921438,0.4487317365801712,0.4974801282156634,0.019957820673663196,0.048748391635492216,1.8291686948477952,1.8338246226354402,0.057329637017470715,1.7986047898004154,1.8632941286767704,1.7298493183785149,1.9109684815322863,0.06468933887635497,0.1811191631537714,0.0,0.0,0.5716448855208595,0.5790222401993316,0.5790222401993316,0.3352667546454524,0.0,0.0,0.15845905315545528,0.16274066171497087,0.16274066171497087,0.026484522975426587,0.0,0.0,0.8766208975002151,0.8812768252878601,0.8812768252878601,0.7766488427894496
73,0.3506570924344609,0.26863003686550435,1.3053532528457539,0.3506570924344609,0.49365879611565383,1.3053532528457539,1.8376902370110426,time_avg,0.5687406449082459,0.26863003686550435,22,0.31526800727494,strong,0.5837294868899958,0.583916147279907,0.014486869930032523,0.5737844800589813,0.5935025957999054,0.5602008219435543,0.6070089590910833,0.01971811574092408,0.04680813714752907,0.29271931970623644,0.29263225331507725,0.009776124832116484,0.2859892706044903,0.29931465998684,0.27709616813175475,0.3088762075222556,0.013325389382349673,0.031780039390500836,1.9955026431392349,1.993336007121043,0.058145279314737806,1.954597905633388,2.033807669624045,1.9038126873838677,2.0954192310910846,0.07920976399065704,0.19160654370721697,0.0,0.0,0.2330723944555349,0.23325905484544612,0.23325905484544612,0.054409786667390846,0.0,0.0,0.024089282840732085,0.0240022164495729,0.0240022164495729,0.0005761063944921479,0.0,0.0,0.690149390293481,0.6879827542752892,0.6879827542752892,0.473320270180213
74,0.43480855461802376,0.4363672353982305,0.9964280526726891,0.43480855461802376,0.5461974545232717,0.9964280526726891,1.2516921762579394,time_avg,0.5847160602736274,0.4363672353982305,27,0.4426596018116823,strong,0.5088655095852798,0.5117967150977062,0.06033774407736114,0.4674082435850395,0.5500529203911944,0.4094960083749261,0.6044579178446351,0.08264467680615484,0.19496190946970898,0.39939638037416014,0.4045344781775466,0.045510640742801804,0.3711690520849148,0.4328634014984067,0.3166028320196003,0.4670830608284935,0.06169434941349189,0.15048022880889317,1.2798674819974225,1.278942717471556,0.1257546973580158,1.2058178985449117,1.353931237614269,1.0725301879749696,1.4818213355646621,0.1481133390693572,0.40929114758969254,0.0,1.0,0.074056954967256,0.07698816047968243,0.07698816047968243,0.005927176854045336,0.0,1.0,-0.03697085502407038,-0.031832757220683905,0.031832757220683905,0.0010133244322710032,0.0,0.0,0.2834394293247334,0.2825146647988669,0.2825146647988669,0.07981453582641612
75,0.17810621206366398,0.27923587468053424,0.6378342763709361,0.17810621206366398,0.2445150211104939,0.6378342763709361,0.8756576188150484,time_avg,0.2848962751842022,0.27923587468053424,19,0.39542194021376365,strong,0.284818920486475,0.242111658925091,0.15310003123216456,0.15918917368074487,0.38291048529858057,0.11169539042599519,0.595402005103868,0.2237213116178357,0.4837066146778728,0.35975522636549634,0.38873980093348115,0.11863021924148136,0.2746165352969446,0.46436965934561547,0.1283181648621026,0.49691642074731546,0.1897531240486709,0.3685982558852129,0.8086061488825473,0.7779550266953688,0.31863717821781734,0.5616671855882476,1.030536903668296,0.3408523820279499,1.3585427315512226,0.4688697180800485,1.0176903495232728,1.0,1.0,0.10671270842281103,0.06400544686142703,0.06400544686142703,0.0040966972279309595,1.0,1.0,0.0805193516849621,0.10950392625294691,0.10950392625294691,0.011991109864810837,1.0,1.0,0.1707718725116112,0.1401207503244326,0.1401207503244326,0.019633824671481982
76,0.22377507180627343,0.23827790770803425,0.9391347857581015,0.22377507180627343,0.24659322055107957,0.9391347857581015,1.0348975401162,time_avg,0.2910670741412154,0.23827790770803425,28,0.47456657750010367,strong,0.4386318309395399,0.4380256942881175,0.09415996504793618,0.37601962400261324,0.5031785365524413,0.28266045119368205,0.5963833921900215,0.12715891254982803,0.3137229409963394,0.3837916907824441,0.39726629505910127,0.0727109757614109,0.33922509220718305,0.4396345809449076,0.24844373317439142,0.480393540332796,0.10040948873772454,0.2319498071584046,1.1570443892722124,1.1515386125392695,0.2005735005520298,1.031580955329603,1.2698138778545496,0.8465433258506376,1.4950257407992726,0.23823292252494666,0.648482414948635,0.0,0.0,0.21485675913326646,0.21425062248184407,0.21425062248184407,0.04590332923385767,0.0,0.0,0.14551378307440982,0.15898838735106702,0.15898838735106702,0.025277307312492926,0.0,1.0,0.21790960351411093,0.21240382678116798,0.21240382678116798,0.045115385631284415
77,0.15462773985341413,0.32390739907295046,0.4773825491358685,0.15462773985341413,0.2633533172245773,0.4773825491358685,0.8130512547052524,time_avg,0.3469391732156997,0.32390739907295046,10,0.3071140123072766,strong,0.18888492509019772,0.14305267076728928,0.11446341248582009,0.1102579364516776,0.22378409254767054,0.10075897408922745,0.45283587539293274,0.11352615609599294,0.3520769013037053,0.2907271457610497,0.2984683150789043,0.1361196044280496,0.1673693089796202,0.4166666374894904,0.07628340053699051,0.48896935204371345,0.2492973285098702,0.41268595150672294,0.7391943907592678,0.6621608903010001,0.3586969180775063,0.4563667095322059,0.9522095549993547,0.30056067253897145,1.4269778660489507,0.49584284546714874,1.1264171935099792,1.0,1.0,0.03425718523678359,-0.01157506908612485,0.01157506908612485,0.00013398222434856318,1.0,1.0,-0.033180253311900776,-0.025439083994046152,0.025439083994046152,0.0006471469944561351,1.0,1.0,0.2618118416233994,0.18477834116513164,0.18477834116513164,0.034143035363737785
78,0.4745812270269268,0.22376731073997402,2.1208693327793884,0.4745812270269268,0.5020941203337037,2.1208693327793884,2.2438224719836573,time_avg,0.7178743763100741,0.22376731073997402,10,0.5763653828026088,strong,0.7427860692675194,0.7425377586918485,0.01873807755262886,0.7300757891195221,0.7554566929415163,0.7110946569821377,0.7730153970472912,0.025380903821994205,0.06192074006515347,0.253363985763144,0.2530626531845819,0.008780808216959963,0.24752797893949707,0.25914878814526504,0.2392818800711858,0.26841199378553426,0.011620809205767968,0.029130113714348455,2.9345418933095435,2.931446461467031,0.10925975054274749,2.8569030078203226,3.0068492255217074,2.7656407876582105,3.1193041087570927,0.14994621770138483,0.3536633210988822,0.0,0.0,0.26820484224059266,0.26795653166492167,0.26795653166492167,0.07180070286189418,0.0,0.0,0.029596675023169983,0.029295342444607853,0.029295342444607853,0.0008582170889468424,0.0,0.0,0.8136725605301551,0.8105771286876426,0.8105771286876426,0.6570352815515031
79,0.44269280076164974,0.10153158111683366,4.360148792051584,0.44269280076164974,0.5402597826877797,4.360148792051584,5.32110085103566,time_avg,0.6733022117302918,0.10153158111683366,19,0.44757249215506384,strong,0.6535595737430542,0.6535495312160851,0.019744003376076832,0.6412163853114322,0.6663489535183278,0.6213090534130481,0.6864930591311995,0.025132568206895578,0.06518400571815142,0.09831097003730278,0.09807463682187076,0.005019230721020733,0.0948323981607408,0.10153370794561038,0.0906628794700821,0.10669548462391565,0.0067013097848695885,0.01603260515383355,6.6636531704913,6.646394283257455,0.3696518806711174,6.409448197091087,6.901860272117601,6.100863931648415,7.295009042759298,0.49241207502651374,1.194145111110883,0.0,0.0,0.21086677298140444,0.21085673045443531,0.21085673045443531,0.04446056077793439,1.0,1.0,-0.00322061107953088,-0.003456944294962905,0.003456944294962905,1.1950463858476575e-05,0.0,0.0,2.3035043784397162,2.2862454912058707,2.2862454912058707,5.226918446059173
80,0.14434868216811161,0.45986860752439884,0.31389114152666536,0.14434868216811161,0.22646497292179454,0.31389114152666536,0.49245582154632983,time_avg,0.22689764636162313,0.45986860752439884,23,0.32626691082300147,strong,0.2306842270808633,0.207791868374662,0.10090570406986461,0.15439000619069815,0.28097271590256134,0.11367841046479331,0.43202401875367463,0.1265827097118632,0.3183456082888813,0.31596566680552696,0.32695931852362975,0.11429408269359065,0.23183287216722087,0.4153295548262516,0.10996866244375779,0.47597397662338303,0.18349668265903074,0.36600531417962523,0.7836165267907247,0.7538621298612559,0.28901470960793074,0.5762040171539067,0.9416130062311909,0.36934398331544593,1.3323083248927488,0.36540898907728425,0.9629643415773028,0.0,1.0,0.0863355449127517,0.06344318620655037,0.06344318620655037,0.004025037876039024,0.0,1.0,-0.14390294071887189,-0.1329092890007691,0.1329092890007691,0.01766487910268996,0.0,0.0,0.4697253852640593,0.43997098833459053,0.43997098833459053,0.1935744705761164
81,0.6160804874869513,0.09950357316671202,6.191541347512686,0.6160804874869513,0.7338529736425224,6.191541347512686,7.375141919908722,time_avg,0.8204705473381261,0.09950357316671202,21,0.5704944485099337,strong,0.7977266388701405,0.7991163103205389,0.029810030553164675,0.7782171041858543,0.8194893408472489,0.7458209995814417,0.8438848529172378,0.04127223666139457,0.09806385333579615,0.1007916868589371,0.10068004251416066,0.005153547663444082,0.09721649325946526,0.10414192981870507,0.0925330053333355,0.10952038686788175,0.006925436559239814,0.01698738153454625,7.9348682894147915,7.9030611197730245,0.49911745890235587,7.585916345292445,8.23395666430307,7.182412158690224,8.823767923453117,0.648040319010625,1.641355764762893,0.0,0.0,0.18164615138318918,0.18303582283358755,0.18303582283358755,0.03350211244036845,1.0,1.0,0.0012881136922250763,0.0011764693474486387,0.0011764693474486387,1.384080125486226e-06,0.0,0.0,1.7433269419021054,1.7115197722603384,1.7115197722603384,2.9292999308380803
82,0.4299539464596541,0.13636145819082277,3.1530459718169133,0.4299539464596541,0.568196611271093,3.1530459718169133,4.166841707397737,time_avg,0.6332763819737002,0.13636145819082277,24,0.38256866226049124,strong,0.6266831133244832,0.6272224957667569,0.01663945260339072,0.6156007368647924,0.6379263714417553,0.5988647394129739,0.6540739280989185,0.022325634576962905,0.0552091886859446,0.13455223419875187,0.13442281762852554,0.005867755257108257,0.1305081335310464,0.13846903338603186,0.1249247789824208,0.14393274373975945,0.007960899854985465,0.019007964757338652,4.665338772297257,4.6578613012009376,0.2168680138995457,4.513679025737129,4.805159223947463,4.3306978158345535,5.040994224357412,0.29148019821033433,0.7102964085228587,0.0,0.0,0.1967291668648291,0.1972685493071028,0.1972685493071028,0.03891488054572885,1.0,1.0,-0.0018092239920708963,-0.001938640562297228,0.001938640562297228,3.7583272297841124e-06,0.0,0.0,1.5122928004803433,1.5048153293840243,1.5048153293840243,2.2644691755491495
83,0.46318464428739925,0.1412050734064184,3.2802266456408034,0.46318464428739925,0.6443787562769149,3.2802266456408034,4.563424958692914,time_avg,0.8593013851581311,0.1412050734064184,14,0.3597564840454709,strong,0.8396769640166096,0.8413004503951498,0.03006309860449253,0.8207319988422846,0.861220302264483,0.7859646140237107,0.8851073792208844,0.040488303422198335,0.0991427651971738,0.14731331081836535,0.14711099367572628,0.006638684036719353,0.1426033633375391,0.15176683680548944,0.13689849932621528,0.15875847316157202,0.00916347346795035,0.021859973835356733,5.710276439117908,5.694581274803955,0.3080792531159978,5.498481322836019,5.907517904982967,5.231381519963273,6.23894669062445,0.40903658214694794,1.0075651706611772,0.0,0.0,0.3764923197292104,0.37811580610775053,0.37811580610775053,0.142971562828514,0.0,1.0,0.006108237411946937,0.005905920269307863,0.005905920269307863,3.4879894227421456e-05,0.0,0.0,2.4300497934771044,2.4143546291631517,2.4143546291631517,5.8291082753615395
84,0.2500200121938088,0.055505929929279274,4.504383811105626,0.2500200121938088,0.232239299970554,4.504383811105626,4.18404484469412,time_avg,0.44954433657504866,0.055505929929279274,17,0.32751998457142323,strong,0.4279870895930992,0.42759717348213155,0.016390836762889296,0.4171878868676979,0.4392799637486731,0.4010436536417863,0.4545741326102696,0.022092076880975198,0.053530478968483286,0.05690156877582773,0.0561800664114942,0.003612687611985315,0.05430057020753598,0.058615409516569676,0.05271059415373774,0.06339303541109693,0.004314839309033695,0.010682441257359197,7.548767795957983,7.586414924655876,0.5206960250472658,7.22239534869701,7.915589865673607,6.678945762558323,8.333626061205864,0.6931945169765976,1.6546802986475413,0.0,0.0,0.1779670773992904,0.17757716128832274,0.17757716128832274,0.031533648211218984,1.0,1.0,0.001395638846548454,0.0006741364822149265,0.0006741364822149265,4.544599966531159e-07,0.0,0.0,3.044383984852357,3.08203111355025,3.08203111355025,9.498915784891793
85,0.42478764006224845,0.17428165326640152,2.4373629243287662,0.42478764006224845,0.6158563159499127,2.4373629243287662,3.5336841509561188,time_avg,0.7143363867574999,0.17428165326640152,19,0.3462266290355917,strong,0.7048014392547998,0.7054253668693433,0.01752313437370692,0.6927509795286074,0.7168692015302885,0.6752928513518781,0.7332329766591317,0.024118222001681122,0.057940125307253565,0.18011236360584323,0.17994697400837337,0.007045588623706091,0.17551751125921242,0.18469813866463203,0.1686228659213537,0.19193825201040385,0.009180627405419611,0.02331538608905015,3.9182795234833527,3.9076530229641198,0.1632696547877048,3.8068427712279314,4.021186187369243,3.6638461827132396,4.198784330585809,0.21434341614131158,0.5349381478725697,0.0,0.0,0.2800137991925513,0.28063772680709487,0.28063772680709487,0.07875753370745361,0.0,1.0,0.005830710339441714,0.0056653207419718465,0.0056653207419718465,3.2095859109416436e-05,0.0,0.0,1.4809165991545865,1.4702900986353535,1.4702900986353535,2.1617529741451578
86,0.4112745923776314,0.4483810529851864,0.9172434687850629,0.4112745923776314,0.6037030911930268,0.9172434687850629,1.3464063371405925,time_avg,0.8690733990200169,0.4483810529851864,10,0.3415417973346558,strong,0.883726999988673,0.897650786696881,0.05295484138200875,0.8664406576869076,0.9169702418234278,0.7823952876158856,0.9379376518818406,0.0505295841365202,0.15554236426595502,0.4941222663159999,0.49856719536143457,0.011162040418896957,0.49398701495747444,0.49978953959220934,0.4720149768731147,0.4999903592864623,0.005802524634734907,0.02797538241334757,1.78755737653801,1.8048801131200713,0.08498573311029818,1.7565773759862073,1.8405466655680622,1.63652048379657,1.885712228887229,0.0839692895818549,0.2491917450906591,0.0,0.0,0.47245240761104157,0.4863761943192496,0.4863761943192496,0.23656180240047645,0.0,0.0,0.045741213330813546,0.05018614237624819,0.05018614237624819,0.002518648886609054,0.0,0.0,0.870313907752947,0.8876366443350084,0.8876366443350084,0.7878988123663143
87,0.44475035616709974,0.21036228398451168,2.11421148193963,0.44475035616709974,0.5405877791012484,2.11421148193963,2.5697942086474503,time_avg,0.5705802308191714,0.21036228398451168,26,0.5405631705545452,strong,0.5824112608485225,0.5824399212885617,0.013203719860259621,0.5734075044081768,0.5909590719732485,0.5602698539953715,0.6039967904420187,0.017551567565071702,0.04372693644664716,0.2222067826895245,0.22205658695742267,0.0070952032095785615,0.2172483126777406,0.2269165909866355,0.21044805822387386,0.23427105384498434,0.009668278308894884,0.023822995621110482,2.622908045146276,2.619738983531843,0.07991495820773065,2.566862503948437,2.674919512956635,2.4984550870120867,2.7576664805613555,0.10805700900819781,0.2592113935492688,0.0,0.0,0.13766090468142272,0.13768956512146197,0.13768956512146197,0.018958416343337316,0.0,0.0,0.011844498705012835,0.011694302972910992,0.011694302972910992,0.00013675672202223486,0.0,0.0,0.5086965632066458,0.5055275015922129,0.5055275015922129,0.25555805486606487
88,0.2868865865488901,0.4142692931728993,0.6925123133110308,0.2868865865488901,0.3968345054322609,0.6925123133110308,0.957914361436,time_avg,0.5181957138752972,0.4142692931728993,11,0.42772555754803554,strong,0.25405371250581993,0.20457098192754816,0.14851589304119567,0.1360042836008034,0.3291828968956887,0.1056444430371944,0.5848386324710427,0.19317861329488528,0.47919418943384834,0.3404519032822759,0.36950064895934137,0.1259338281462084,0.24226931413263306,0.4532273110798913,0.10510953839048645,0.4949759646354141,0.21095799694725823,0.3898664262449276,0.7804919594411077,0.7320567926785295,0.338878310532516,0.5153073101682016,1.0034455891565117,0.3163966891256449,1.3801481858298785,0.4881382789883101,1.0637514967042336,1.0,1.0,-0.03283287404307017,-0.08231560462134194,0.08231560462134194,0.00677585876417709,1.0,1.0,-0.07381738989062336,-0.04476864421355792,0.04476864421355792,0.002004231504720133,1.0,1.0,0.08797964613007692,0.03954447936749872,0.03954447936749872,0.001563765848446532
89,0.08735062073943894,0.4806739074481146,0.18172532227343302,0.08735062073943894,0.13236464454390245,0.18172532227343302,0.2753730595584498,time_avg,0.13244453848117588,0.4806739074481146,19,0.4508484364552666,strong,0.21811316256133995,0.16903819973175455,0.12720121889461786,0.12399141120394078,0.27558936107972565,0.10266083881209911,0.5001160329339381,0.15159794987578487,0.39745519412183905,0.3072639510995523,0.3216132960717696,0.1304794227325538,0.19518515376599205,0.42488483582012904,0.09078943689750572,0.48999350116760193,0.229699682054137,0.3992040642700962,0.7734753157106867,0.7075469201723881,0.34553628654910795,0.5068311525207922,0.9919463036116221,0.3141607477871121,1.41625641951698,0.4851151510908298,1.102095671729868,0.0,0.0,0.130762541821901,0.0816875789923156,0.0816875789923156,0.0066728605616258015,0.0,1.0,-0.17340995634856232,-0.15906061137634503,0.15906061137634503,0.02530027809141666,0.0,0.0,0.5917499934372537,0.5258215978989551,0.5258215978989551,0.27648835281701045
90,0.40498235342761046,0.4348396418851103,0.9313372434765539,0.40498235342761046,0.5168750753350764,0.9313372434765539,1.1886567496337899,time_avg,0.6544375707033828,0.4348396418851103,14,0.4705903281541338,strong,0.6367666453874046,0.6524864431665448,0.10992839441366678,0.5722740269635207,0.7231212262968527,0.42818674440216803,0.7823723120585725,0.15084719933333202,0.35418556765640447,0.462876531362976,0.47743941377564303,0.04347224351242895,0.44933044283833773,0.4932511108440159,0.37747064698034627,0.49935842816411946,0.043920668005678176,0.12188778118377319,1.3729272960699004,1.3997306692882088,0.18328236755968033,1.2695852904814664,1.4993034083717165,1.0455138040046563,1.6064158266213018,0.2297181178902501,0.5609020226166455,0.0,0.0,0.2317842919597941,0.24750408973893434,0.24750408973893434,0.06125827443749846,0.0,1.0,0.0280368894778657,0.04259977189053271,0.04259977189053271,0.0018147405651254209,0.0,0.0,0.4415900525933465,0.4683934258116549,0.4683934258116549,0.21939240134357824
91,0.5010092664633151,0.36923548537642314,1.3568827653510958,0.5010092664633151,0.6346157182849942,1.3568827653510958,1.718728950545002,time_avg,0.6682937839823501,0.36923548537642314,23,0.5364521547578093,strong,0.6592063988243695,0.6596347132956422,0.023842449974689123,0.6436624452268099,0.6751828880853203,0.6200997251239384,0.698150606815091,0.03152044285851041,0.0780508816911526,0.3797167328194245,0.3791941233325874,0.016874989282236085,0.36841107894720987,0.390882308570432,0.35269831518982797,0.40781861662499364,0.022471229623222122,0.055120301435165664,1.7376815693117913,1.7349413911602272,0.060812514529173196,1.6946922180483357,1.7752940699622575,1.6470125764582375,1.840736139317584,0.08060185191392177,0.19372356285934655,0.0,0.0,0.15819713236105437,0.15862544683232704,0.15862544683232704,0.025162032382755415,1.0,1.0,0.01048124744300133,0.009958637956164251,0.009958637956164251,9.91744699419553e-05,0.0,0.0,0.38079880396069554,0.3780586258091314,0.3780586258091314,0.14292832454868884
92,0.4917911966473336,0.2709415973209887,1.8151188356090666,0.4917911966473336,0.541962725564737,1.8151188356090666,2.0002935352989204,time_avg,0.7629461989059253,0.2709415973209887,10,0.5557435723393219,strong,0.7818966086672803,0.7825796724957934,0.02346928902910471,0.7669573591716197,0.7977928395777125,0.7410756601421999,0.8186651182790192,0.030835480406092852,0.07758945813681928,0.29472167541185307,0.2945262108017293,0.010783435839821259,0.2870668616766415,0.302007744971032,0.27739635468834445,0.3127836775641538,0.014940883294390472,0.03538732287580937,2.6553866419354217,2.649210884192482,0.09849550538804086,2.5861119230214884,2.7180326013586322,2.507255482258613,2.8283441688646436,0.13192067833714383,0.32108868660603074,0.0,0.0,0.29010541201994666,0.2907884758484598,0.2907884758484598,0.08455793768627029,0.0,0.0,0.023780078090864354,0.02358461348074059,0.02358461348074059,0.0005562339930359308,0.0,0.0,0.8402678063263551,0.8340920485834153,0.8340920485834153,0.6957095455100785
93,0.40806773828726123,0.3459207868584881,1.179656597087346,0.40806773828726123,0.584849083840524,1.179656597087346,1.6907023401278818,time_avg,0.7670129264033169,0.3459207868584881,13,0.36759727466882586,strong,0.8366436563270641,0.8387924362023946,0.03156595878287743,0.8174358014015091,0.8597530145624525,0.7816287887920942,0.8819126632386437,0.04231721316094339,0.10028387444654951,0.3984754272306818,0.3986568169436475,0.018338166387471485,0.3859383324427675,0.4107270130284154,0.36786753900872593,0.4285385109594251,0.024788680585647926,0.06067097195069915,2.1018432453035762,2.097481500776616,0.08037998761025418,2.0450191252711334,2.1504519437095793,1.980797790729627,2.238093411880258,0.10543281843844587,0.257295621150631,0.0,0.0,0.42857591803980283,0.4307246979151334,0.4307246979151334,0.1855237653940829,0.0,0.0,0.052554640372193706,0.052736030085159424,0.052736030085159424,0.00278108886914284,0.0,0.0,0.9221866482162302,0.9178249036892698,0.9178249036892698,0.8424025538322174
94,0.3188369082575304,0.4631297511753505,0.6884397028011534,0.3188369082575304,0.43906304861097756,0.6884397028011534,0.9480346436321669,time_avg,0.4750211810770093,0.4631297511753505,21,0.4331132174178862,strong,0.3262278451209079,0.30481713041473224,0.14863409102587238,0.20464593167450035,0.4226833080555533,0.12418979522809577,0.616466077946424,0.21803737638105297,0.4922762827183283,0.3831150967231199,0.4138953263978636,0.10611688043606206,0.32171428261541957,0.4705938356295539,0.1666987146438896,0.49734016403796244,0.14887955301413436,0.3306414493940728,0.8593939545252054,0.8375673282800432,0.29018426813209464,0.6545329923525538,1.059556647051023,0.39556462396408715,1.344091787786365,0.4050236546984691,0.9485271638222779,1.0,1.0,0.007390936863377495,-0.014019777842798176,0.014019777842798176,0.00019655417076141465,1.0,1.0,-0.0800146544522306,-0.04923442477748691,0.04923442477748691,0.0024240285831700166,1.0,1.0,0.170954251724052,0.1491276254788898,0.1491276254788898,0.022239048680972023
95,0.07367270743537155,0.32873743127760063,0.22410805836454628,0.07367270743537155,0.10182149335055549,0.22410805836454628,0.3097350154341653,time_avg,0.10194981716603352,0.32873743127760063,26,0.4221603636986252,strong,0.1870976044177443,0.1424554145566831,0.10985457323829438,0.11223961845235854,0.2182056914616673,0.10082857296853473,0.44068211162227094,0.10596607300930876,0.33985353865373624,0.2799372530591475,0.278853051152686,0.1334535527192157,0.15874890529282096,0.39651505450192104,0.07838759794193668,0.48656804640260726,0.23776614920910008,0.4081804484606706,0.7601552365544854,0.6893502264519671,0.35467180354513533,0.47995212410794047,0.9726588568508279,0.30910913004917456,1.4670250479998335,0.4927067327428874,1.1579159179506588,0.0,0.0,0.11342489698237276,0.06878270712131154,0.06878270712131154,0.004731060798936122,1.0,1.0,-0.048800178218453116,-0.04988438012491464,0.04988438012491464,0.0024884513804469786,0.0,0.0,0.5360471781899391,0.4652421680874208,0.4652421680874208,0.21645027496668393
96,0.628423907425507,0.4978258473713995,1.2623368407721018,0.628423907425507,0.9284247636726164,1.2623368407721018,1.864958938100238,time_avg,0.9485838787520428,0.4978258473713995,20,0.4374773131155283,strong,0.9084245855173843,0.9189102973460632,0.04237604833370613,0.8910429756082521,0.9371904512727971,0.8280415867095781,0.9556306827228959,0.046147475664545023,0.1275890960133178,0.4874643105194282,0.4921552286577249,0.014131204394625117,0.4833256906868897,0.49723656459100257,0.4576376847691127,0.4995945584113884,0.013910873904112886,0.04195687364227568,1.863212078581765,1.8705327771569573,0.059585514088397504,1.8345407528692297,1.8994427743581257,1.7552451416294805,1.940147707299917,0.06490202148889601,0.1849025656704364,0.0,0.0,0.28000067809187723,0.2904863899205562,0.2904863899205562,0.08438234272907741,0.0,1.0,-0.010361536851971331,-0.0056706187136746355,0.0056706187136746355,3.215591659587698e-05,0.0,0.0,0.6008752378096631,0.6081959363848555,0.6081959363848555,0.3699022970350512
97,0.2606786901694317,0.20359656399752796,1.2803688090364669,0.2606786901694317,0.2874926925056214,1.2803688090364669,1.4120704537484834,time_avg,0.5648108235497118,0.20359656399752796,11,0.309657366226337,strong,0.6968040270056431,0.6977360059375464,0.02070223903628336,0.6830118385455314,0.7112712379567472,0.6621073751004478,0.7297187398236807,0.028259399411215802,0.06761136472323293,0.33174281445594617,0.3314462364678453,0.013071326797506803,0.32264498170559053,0.34045173121786,0.3110920501999866,0.35439898170393463,0.01780674951226946,0.04330693150394804,2.1023797263466766,2.0984282848573077,0.07264306195120979,2.049613597363699,2.1499964923949766,1.988987102908009,2.225072666678985,0.10038289503127773,0.23608556377097578,0.0,0.0,0.43612533683621146,0.4370573157681147,0.4370573157681147,0.19101909726642952,0.0,0.0,0.1281462504584182,0.12784967247031737,0.12784967247031737,0.016345538750767427,0.0,0.0,0.8220109173102097,0.8180594758208408,0.8180594758208408,0.6692213059802689
98,0.3570164318277662,0.09408902142375379,3.794453661281608,0.3570164318277662,0.4275397829594301,3.794453661281608,4.54399223724409,time_avg,0.5364721130081057,0.09408902142375379,23,0.3805356747143239,strong,0.5209187396404747,0.5209904325867547,0.015417083904201306,0.510897185348863,0.5309270594549866,0.4957954052630201,0.5466274144947273,0.02002987410612367,0.05083200923170722,0.09192296862867994,0.09170084853424128,0.004588597141501677,0.08872535528231669,0.09489039185386228,0.08467962195385587,0.09986061373205697,0.006165036571545587,0.015180991778201106,5.67983865231667,5.673506861496572,0.30892390836984157,5.464279758393436,5.890336426838168,5.175302712372097,6.179740216814965,0.42605666844473156,1.0044375044428682,0.0,0.0,0.16390230781270854,0.1639740007589885,0.1639740007589885,0.02688747292490876,1.0,1.0,-0.0021660527950738556,-0.002388172889512513,0.002388172889512513,5.703369750202547e-06,0.0,0.0,1.8853849910350622,1.8790532002149636,1.8790532002149636,3.5308409292380962
99,0.3311110279435877,0.2099634215349892,1.5769938664693077,0.3311110279435877,0.37193234075351694,1.5769938664693077,1.7714149352035424,time_avg,0.43563380400942453,0.2099634215349892,25,0.5201346860420614,strong,0.44537095073191046,0.4452651268362161,0.01174951904569853,0.4374309662706196,0.45324338459283,0.426352359670204,0.4657670918891458,0.015812418322210364,0.03941473221894176,0.23246852155891437,0.23248154991323153,0.007334376277181136,0.22756026450524103,0.2373413071794774,0.22055798333792984,0.24452637369954966,0.009781042674236379,0.023968390361619824,1.9169690382590947,1.9170271169073398,0.05712383372457453,1.8782033092962136,1.9545904805603571,1.8254752443217908,2.01306775159861,0.07638717126414352,0.1875925072768192,0.0,0.0,0.11425992278832275,0.1141540988926284,0.1141540988926284,0.013031158293987984,0.0,0.0,0.022505100023925168,0.022518128378242325,0.022518128378242325,0.0005070661056590023,0.0,0.0,0.339975171789787,0.3400332504380321,0.3400332504380321,0.11562261140345347
