case_id,feature,observed_value,pred_mean,pred_median,pred_std,pred_ci50_low,pred_ci50_high,pred_ci90_low,pred_ci90_high,pred_width50,pred_width90,covered50,covered90,err_mean,err_median,abs_err_median,sq_err_median,true_beta,true_gamma,true_R0,beta0,gamma,tau,kappa,severity
0,peak_time,18.0,20.76,18.5,14.60048428697286,8.75,31.0,0.9500000000000002,46.0,22.25,45.05,1.0,1.0,2.7600000000000016,0.5,0.5,0.25,0.06588378066768495,0.22364714789828816,0.29458806556141753,0.1072049143651905,0.22364714789828816,15,0.44937047572882854,strong
0,peak_height,0.04954363778233528,0.04997763933613896,0.0480221901088953,0.012878259700339324,0.040936265140771866,0.05458008497953415,0.033523868210613726,0.07638508565723896,0.013643819838762283,0.04286121744662524,1.0,1.0,0.00043400155380367983,-0.0015214476734399796,0.0015214476734399796,2.3148030230159267e-06,0.06588378066768495,0.22364714789828816,0.29458806556141753,0.1072049143651905,0.22364714789828816,15,0.44937047572882854,strong
0,cumulative_infected,0.4278440270572901,0.5454645386264383,0.5028889627574245,0.22641655814408526,0.4228804125896204,0.5854075840034056,0.30349321429675913,1.007827154797269,0.16252717141378525,0.7043339405005099,1.0,1.0,0.11762051156914821,0.07504493570013437,0.07504493570013437,0.005631742374237303,0.06588378066768495,0.22364714789828816,0.29458806556141753,0.1072049143651905,0.22364714789828816,15,0.44937047572882854,strong
0,early_growth_slope,-0.0022423823524843002,-0.00017465543278463104,-0.0004775972317604874,0.0018924384010923466,-0.0013688713127824772,0.0009398037370937403,-0.002802093823196454,0.0032153151032703353,0.0023086750498762174,0.006017408926466789,0.0,1.0,0.002067726919699669,0.001764785120723813,0.001764785120723813,3.114466522328163e-06,0.06588378066768495,0.22364714789828816,0.29458806556141753,0.1072049143651905,0.22364714789828816,15,0.44937047572882854,strong
1,peak_time,14.0,14.45,15.0,1.282161999881214,14.0,15.0,12.95,16.049999999999997,1.0,3.099999999999998,1.0,1.0,0.4499999999999993,1.0,1.0,1.0,0.4600441325893398,0.19935750869708702,2.307633836297343,0.5704258660249205,0.19935750869708702,27,0.5793313305556413,strong
1,peak_height,0.30441567301750183,0.2923333910107613,0.2914631962776184,0.020222930419672668,0.277632899582386,0.30509281903505325,0.26324893832206725,0.32579353302717207,0.027459919452667236,0.06254459470510482,1.0,1.0,-0.012082282006740552,-0.012952476739883423,0.012952476739883423,0.0001677666536972211,0.4600441325893398,0.19935750869708702,2.307633836297343,0.5704258660249205,0.19935750869708702,27,0.5793313305556413,strong
1,cumulative_infected,4.699758626520634,4.610682320462974,4.598742436966859,0.22045680554188427,4.461885505355895,4.752021382009843,4.244691628462169,4.959360622818348,0.2901358766539488,0.7146689943561793,1.0,1.0,-0.0890763060576596,-0.1010161895537749,0.1010161895537749,0.01020427055196418,0.4600441325893398,0.19935750869708702,2.307633836297343,0.5704258660249205,0.19935750869708702,27,0.5793313305556413,strong
1,early_growth_slope,0.0168009168424067,0.01224072106538231,0.01213462526460976,0.0031968253139371223,0.009844901744231936,0.014805037242781724,0.007706933200825006,0.017238375184769245,0.0049601354985497875,0.00953144198394424,0.0,1.0,-0.004560195777024389,-0.004666291577796938,0.004666291577796938,2.177427708901864e-05,0.4600441325893398,0.19935750869708702,2.307633836297343,0.5704258660249205,0.19935750869708702,27,0.5793313305556413,strong
2,peak_time,15.0,22.44,22.0,14.942529635881332,8.75,35.25,2.95,46.0,26.5,43.05,1.0,1.0,7.440000000000001,7.0,7.0,49.0,0.09855350200798643,0.4600703231768622,0.2142139952159011,0.13256470427688344,0.4600703231768622,26,0.46549368642244704,strong
2,peak_height,0.037634458392858505,0.05338352965191007,0.049194684252142906,0.016162854120392256,0.04406893625855446,0.05757092218846083,0.03710417561233044,0.08523927517235279,0.013501985929906368,0.04813509956002235,0.0,1.0,0.01574907125905156,0.011560225859284401,0.011560225859284401,0.00013363882191766777,0.09855350200798643,0.4600703231768622,0.2142139952159011,0.13256470427688344,0.4600703231768622,26,0.46549368642244704,strong
2,cumulative_infected,0.40189195683342405,0.6029271259180962,0.5036074351664865,0.33197229831062497,0.43529773790214676,0.614301036199322,0.34634210151562,1.2762580538721522,0.1790032982971752,0.9299159523565321,0.0,1.0,0.20103516908467212,0.10171547833306249,0.10171547833306249,0.010346038532523706,0.09855350200798643,0.4600703231768622,0.2142139952159011,0.13256470427688344,0.4600703231768622,26,0.46549368642244704,strong
2,early_growth_slope,-0.0016820941597134572,-0.00028498705407400775,-0.0007103869893832031,0.0022077794830467567,-0.001859646442989329,0.0010458845038859481,-0.0033606797417936214,0.0037184435986827805,0.002905530946875277,0.007079123340476402,1.0,1.0,0.0013971071056394493,0.0009717071703302541,0.0009717071703302541,9.442148248712294e-07,0.09855350200798643,0.4600703231768622,0.2142139952159011,0.13256470427688344,0.4600703231768622,26,0.46549368642244704,strong
3,peak_time,8.0,10.04,10.0,1.5170412457854077,9.0,11.0,8.0,13.0,2.0,5.0,0.0,1.0,2.039999999999999,2.0,2.0,4.0,0.6092311758782997,0.3989365571725036,1.5271379995763659,0.8764734823496965,0.3989365571725036,28,0.3070310847102676,strong
3,peak_height,0.18917037546634674,0.18420000612735749,0.18139208108186722,0.01884583454006308,0.17365159466862679,0.19401108101010323,0.15390294194221496,0.21800312623381612,0.02035948634147644,0.06410018429160116,1.0,1.0,-0.004970369338989256,-0.007778294384479523,0.007778294384479523,6.050186353162568e-05,0.6092311758782997,0.3989365571725036,1.5271379995763659,0.8764734823496965,0.3989365571725036,28,0.3070310847102676,strong
3,cumulative_infected,2.254785679746419,2.1452743576968896,2.1399851032183506,0.15466560904314383,2.040505535551347,2.249184335116297,1.9180540831410327,2.3708744145114906,0.20867879956495017,0.45282033137045796,0.0,1.0,-0.10951132204952962,-0.11480057652806863,0.11480057652806863,0.013179172371176943,0.6092311758782997,0.3989365571725036,1.5271379995763659,0.8764734823496965,0.3989365571725036,28,0.3070310847102676,strong
3,early_growth_slope,0.018313246222013337,0.016326091903019483,0.016308753219033988,0.004187753854035475,0.013069754631336155,0.019868752724418987,0.009782913672028198,0.022278501400225123,0.006798998093082832,0.012495587728196925,1.0,1.0,-0.0019871543189938536,-0.002004493002979349,0.002004493002979349,4.017992198993168e-06,0.6092311758782997,0.3989365571725036,1.5271379995763659,0.8764734823496965,0.3989365571725036,28,0.3070310847102676,strong
4,peak_time,16.0,20.5,20.0,11.332887691773154,14.0,27.25,2.95,44.0,13.25,41.05,1.0,1.0,4.5,4.0,4.0,16.0,0.4471298891940926,0.45055085923042926,0.9924071390249263,0.6080337044720686,0.45055085923042926,22,0.5274468512937291,strong
4,peak_height,0.07082017511129379,0.06289293635636568,0.060479361563920975,0.018402073405353027,0.04993855953216553,0.07430811412632465,0.03988315854221582,0.10107556730508804,0.024369554594159126,0.06119240876287222,1.0,1.0,-0.00792723875492811,-0.010340813547372818,0.010340813547372818,0.0001069324248215292,0.4471298891940926,0.45055085923042926,0.9924071390249263,0.6080337044720686,0.45055085923042926,22,0.5274468512937291,strong
4,cumulative_infected,0.8813143802108243,0.8612625683515944,0.7671564231568482,0.46885299188431345,0.5474408382815454,1.0226048491895199,0.3920618023839779,1.7120432559953767,0.47516401090797444,1.3199814536113987,1.0,1.0,-0.020051811859229884,-0.11415795705397613,0.11415795705397613,0.01303203915873746,0.4471298891940926,0.45055085923042926,0.9924071390249263,0.6080337044720686,0.45055085923042926,22,0.5274468512937291,strong
4,early_growth_slope,0.005822903651278464,0.00042402665261934575,0.0004972515719903949,0.0024486887784858614,-0.001258728284959769,0.0020991471364617434,-0.0036298871644595164,0.004497024023190272,0.0033578754214215125,0.008126911187649789,0.0,0.0,-0.0053988769986591184,-0.005325652079288069,0.005325652079288069,2.8362570069625336e-05,0.4471298891940926,0.45055085923042926,0.9924071390249263,0.6080337044720686,0.45055085923042926,22,0.5274468512937291,strong
5,peak_time,9.0,19.93,19.0,15.158592589450029,5.75,31.25,0.0,44.05,25.5,44.05,1.0,1.0,10.93,10.0,10.0,100.0,0.12060769906143623,0.37119618663849296,0.324916320271619,0.21789895491899808,0.37119618663849296,13,0.39662551329509244,strong
5,peak_height,0.042058613151311874,0.0514891248755157,0.047832535579800606,0.013634430955125636,0.04242693446576595,0.057750338688492775,0.03588332924991846,0.07853700146079062,0.015323404222726822,0.042653672210872164,0.0,1.0,0.009430511724203824,0.005773922428488731,0.005773922428488731,3.333818021020521e-05,0.12060769906143623,0.37119618663849296,0.324916320271619,0.21789895491899808,0.37119618663849296,13,0.39662551329509244,strong
5,cumulative_infected,0.42665558008593507,0.5788216026358896,0.47274536595796235,0.3326221948675428,0.3875384109742299,0.6355450407718308,0.291995777291595,1.3219267526990732,0.2480066297976009,1.0299309754074781,1.0,1.0,0.15216602254995448,0.04608978587202728,0.04608978587202728,0.002124268361729325,0.12060769906143623,0.37119618663849296,0.324916320271619,0.21789895491899808,0.37119618663849296,13,0.39662551329509244,strong
5,early_growth_slope,0.0023753534714203496,-0.0007185789870995247,-0.0006101759848076772,0.0025766281093434155,-0.0023201672655497,0.001002692715528178,-0.005286329150632286,0.002995931878796822,0.003322859981077878,0.008282261029429108,0.0,1.0,-0.003093932458519874,-0.0029855294562280265,0.0029855294562280265,8.913386134005215e-06,0.12060769906143623,0.37119618663849296,0.324916320271619,0.21789895491899808,0.37119618663849296,13,0.39662551329509244,strong
6,peak_time,14.0,15.19,15.0,1.3758009604693127,14.0,16.0,13.0,17.0,2.0,4.0,1.0,1.0,1.1899999999999995,1.0,1.0,1.0,0.3553258630829522,0.26288154406981845,1.3516576994411658,0.5547981800236328,0.26288154406981845,24,0.3085763015931875,strong
6,peak_height,0.22176602482795715,0.18640662625432014,0.18666402995586395,0.014911267467804046,0.17590520903468132,0.19685958325862885,0.16443593427538872,0.21146590188145636,0.020954374223947525,0.047029967606067646,0.0,0.0,-0.03535939857363701,-0.0351019948720932,0.0351019948720932,0.0012321500440004574,0.3553258630829522,0.26288154406981845,1.3516576994411658,0.5547981800236328,0.26288154406981845,24,0.3085763015931875,strong
6,cumulative_infected,3.096485532645602,2.9481177069911064,2.9277985013613943,0.18885519097378173,2.7924975371643086,3.079403046693187,2.6552872765707436,3.2585576953104463,0.2869055095288786,0.6032704187397027,0.0,1.0,-0.14836782565449536,-0.16868703128420748,0.16868703128420748,0.028455314523479193,0.3553258630829522,0.26288154406981845,1.3516576994411658,0.5547981800236328,0.26288154406981845,24,0.3085763015931875,strong
6,early_growth_slope,0.007451853764775609,0.007267618928006932,0.0073050182462403804,0.002297789420921191,0.005625798713784508,0.008720410619086275,0.004007397920802413,0.010976671908948831,0.0030946119053017673,0.006969273988146419,1.0,1.0,-0.00018423483676867705,-0.00014683551853522832,0.00014683551853522832,2.156066950350938e-08,0.3553258630829522,0.26288154406981845,1.3516576994411658,0.5547981800236328,0.26288154406981845,24,0.3085763015931875,strong
7,peak_time,31.0,22.77,21.0,15.350356163406579,10.0,37.0,1.0,47.0,27.0,46.0,1.0,1.0,-8.23,-10.0,10.0,100.0,0.3177855434209874,0.4555254171651098,0.6976241751748461,0.420317695592922,0.4555254171651098,26,0.4917923927593165,strong
7,peak_height,0.03823044151067734,0.05075491692870855,0.048291606828570366,0.013237926347921286,0.04263598285615444,0.05569631699472666,0.035140143148601054,0.07657124251127242,0.013060334138572216,0.04143109936267137,0.0,1.0,0.012524475418031214,0.010061165317893028,0.010061165317893028,0.00010122704755397352,0.3177855434209874,0.4555254171651098,0.6976241751748461,0.420317695592922,0.4555254171651098,26,0.4917923927593165,strong
7,cumulative_infected,0.44646000606007874,0.574328742655589,0.4720450580934994,0.3113792004267484,0.4015561401974992,0.5805521426882478,0.33381589679047463,1.1744528597642785,0.17899600249074865,0.8406369629738039,1.0,1.0,0.12786873659551024,0.025585052033420652,0.025585052033420652,0.0006545948875528423,0.3177855434209874,0.4555254171651098,0.6976241751748461,0.420317695592922,0.4555254171651098,26,0.4917923927593165,strong
7,early_growth_slope,0.0012040385710341594,-0.0005195875164957078,-0.0005431052884973933,0.0025027078351013833,-0.002227966189994252,0.0011159933953119128,-0.004253838581055222,0.0036052516994199567,0.003343959585306165,0.007859090280475179,0.0,1.0,-0.0017236260875298673,-0.0017471438595315528,0.0017471438595315528,3.0525116658988102e-06,0.3177855434209874,0.4555254171651098,0.6976241751748461,0.420317695592922,0.4555254171651098,26,0.4917923927593165,strong
8,peak_time,19.0,22.69,21.0,15.65647315059019,8.0,38.0,1.0,47.05,30.0,46.05,1.0,1.0,3.6900000000000013,2.0,2.0,4.0,0.2651935977374697,0.4071236940829213,0.6513833549649806,0.3650678070283543,0.4071236940829213,23,0.4933756527778436,strong
8,peak_height,0.045063868165016174,0.0528884157165885,0.0490811001509428,0.016634069850387026,0.04200122319161892,0.057464638724923134,0.035982143878936765,0.08852524198591709,0.015463415533304214,0.052543098106980324,1.0,1.0,0.007824547551572324,0.004017231985926628,0.004017231985926628,1.6138152828752e-05,0.2651935977374697,0.4071236940829213,0.6513833549649806,0.3650678070283543,0.4071236940829213,23,0.4933756527778436,strong
8,cumulative_infected,0.4711157492711209,0.6101826994443763,0.48785849811974913,0.370068782181314,0.40714964002836496,0.6121225189081088,0.3493121976091061,1.11213679316279,0.2049728788797438,0.7628245955536839,1.0,1.0,0.13906695017325543,0.016742748848628253,0.016742748848628253,0.0002803196390082427,0.2651935977374697,0.4071236940829213,0.6513833549649806,0.3650678070283543,0.4071236940829213,23,0.4933756527778436,strong
8,early_growth_slope,-0.0020422626638762825,-0.00017486104121676945,-0.00012682282803801848,0.002258131407304965,-0.0018285076477609222,0.0015027065840383458,-0.0035232643327964006,0.0034114087580140516,0.003331214231799268,0.006934673090810452,0.0,1.0,0.001867401622659513,0.001915439835838264,0.001915439835838264,3.6689097647161155e-06,0.2651935977374697,0.4071236940829213,0.6513833549649806,0.3650678070283543,0.4071236940829213,23,0.4933756527778436,strong
9,peak_time,15.0,13.62,14.0,3.070814059805476,12.0,15.0,10.0,18.049999999999997,3.0,8.049999999999997,1.0,1.0,-1.3800000000000008,-1.0,1.0,1.0,0.5473032044209812,0.49438448963967485,1.1070395934546318,0.7299880611509427,0.49438448963967485,28,0.4312333607897093,strong
9,peak_height,0.1052829846739769,0.10320169996470213,0.10193795338273048,0.015631173396338904,0.09305492229759693,0.1126218680292368,0.08261296227574348,0.1292468547821045,0.019566945731639862,0.046633892506361005,1.0,1.0,-0.0020812847092747666,-0.003345031291246414,0.003345031291246414,1.1189234339417653e-05,0.5473032044209812,0.49438448963967485,1.1070395934546318,0.7299880611509427,0.49438448963967485,28,0.4312333607897093,strong
9,cumulative_infected,1.5187622637022287,1.486088624058184,1.4802510253502987,0.184429069283932,1.356923677780287,1.6057548857061192,1.242852456169203,1.775588555712602,0.24883120792583213,0.5327360995433992,1.0,1.0,-0.03267363964404457,-0.03851123835192993,0.03851123835192993,0.001483115479399159,0.5473032044209812,0.49438448963967485,1.1070395934546318,0.7299880611509427,0.49438448963967485,28,0.4312333607897093,strong
9,early_growth_slope,0.005658676759118126,0.005084057733460039,0.0051798423159024895,0.00297361825216588,0.0030098622616302837,0.007629859541165863,-1.698824881237686e-05,0.0089097822003255,0.004619997279535579,0.008926770449137878,1.0,1.0,-0.0005746190256580869,-0.0004788344432156361,0.0004788344432156361,2.2928242400962823e-07,0.5473032044209812,0.49438448963967485,1.1070395934546318,0.7299880611509427,0.49438448963967485,28,0.4312333607897093,strong
10,peak_time,10.0,8.5,8.0,0.8102873913406629,8.0,9.0,7.0,10.0,1.0,3.0,0.0,1.0,-1.5,-2.0,2.0,4.0,0.5115351123799354,0.23837948620855742,2.145885623448299,0.9472898215410569,0.23837948620855742,15,0.3428550447630347,strong
10,peak_height,0.3933405876159668,0.3917499977350235,0.3908391147851944,0.021295527400728216,0.37697823345661163,0.4045877903699875,0.3578225329518318,0.42794169932603837,0.027609556913375854,0.07011916637420657,1.0,1.0,-0.001590589880943294,-0.0025014728307724,0.0025014728307724,6.257366323092484e-06,0.5115351123799354,0.23837948620855742,2.145885623448299,0.9472898215410569,0.23837948620855742,15,0.3428550447630347,strong
10,cumulative_infected,4.238787230162416,4.141726477516386,4.1643422353081405,0.21240006092777255,4.007062486518407,4.275124382751528,3.787489008140983,4.440953584806993,0.26806189623312093,0.6534645766660105,1.0,1.0,-0.09706075264602987,-0.07444499485427514,0.07444499485427514,0.005542057258853051,0.5115351123799354,0.23837948620855742,2.145885623448299,0.9472898215410569,0.23837948620855742,15,0.3428550447630347,strong
10,early_growth_slope,0.05189903193552579,0.048913898446290176,0.04873500299955984,0.006160855151270399,0.04547486385507951,0.05287778985664424,0.03907440217943595,0.05789228780139679,0.007402926001564732,0.018817885621960836,1.0,1.0,-0.0029851334892356113,-0.00316402893596595,0.00316402893596595,1.0011079107629821e-05,0.5115351123799354,0.23837948620855742,2.145885623448299,0.9472898215410569,0.23837948620855742,15,0.3428550447630347,strong
11,peak_time,15.0,14.19,14.0,1.2528351685660646,13.0,15.0,12.0,16.0,2.0,4.0,1.0,1.0,-0.8100000000000005,-1.0,1.0,1.0,0.4294869647369562,0.18982086001376658,2.262590975016171,0.5510929229146162,0.18982086001376658,23,0.591364342593074,strong
11,peak_height,0.32682010531425476,0.3089514771103859,0.3092433512210846,0.015610034019343473,0.2999899089336395,0.32059797644615173,0.28345365524291993,0.33304306119680405,0.020608067512512207,0.049589405953884114,0.0,1.0,-0.017868628203868864,-0.017576754093170166,0.017576754093170166,0.0003089422844517742,0.4294869647369562,0.18982086001376658,2.262590975016171,0.5510929229146162,0.18982086001376658,23,0.591364342593074,strong
11,cumulative_infected,5.001288163010031,4.91442790765599,4.973485705326311,0.24395535096572868,4.738909202220384,5.111309460015036,4.477114004461328,5.251833042828366,0.37240025779465213,0.7747190383670386,1.0,1.0,-0.08686025535404074,-0.027802457683719695,0.027802457683719695,0.0007729766532550243,0.4294869647369562,0.18982086001376658,2.262590975016171,0.5510929229146162,0.18982086001376658,23,0.591364342593074,strong
11,early_growth_slope,0.01682371951063119,0.01271273551427709,0.013065943866552384,0.0034211276251578156,0.010654213878470249,0.014944081693621613,0.006716959967854478,0.017879006454798698,0.004289867815151364,0.01116204648694422,0.0,1.0,-0.0041109839963541,-0.0037577756440788073,0.0037577756440788073,1.4120877791231895e-05,0.4294869647369562,0.18982086001376658,2.262590975016171,0.5510929229146162,0.18982086001376658,23,0.591364342593074,strong
12,peak_time,37.0,35.24,35.0,4.958657361452072,32.0,38.0,27.95,45.05,6.0,17.099999999999998,1.0,1.0,-1.759999999999998,-2.0,2.0,4.0,0.12497929611087352,0.06716894073547608,1.8606709402053174,0.16420260212156723,0.06716894073547608,30,0.40282149150025687,strong
12,peak_height,0.15147964656352997,0.18275310829281807,0.18102364242076874,0.038273973111828404,0.1584041714668274,0.20642421767115593,0.12119935005903244,0.24356376826763151,0.04802004620432854,0.12236441820859907,0.0,1.0,0.031273461729288105,0.02954399585723877,0.02954399585723877,0.0008728476912125416,0.12497929611087352,0.06716894073547608,1.8606709402053174,0.16420260212156723,0.06716894073547608,30,0.40282149150025687,strong
12,cumulative_infected,3.7631797026842833,4.514635658366533,4.576113243121654,1.1015919348187617,3.7446965094131883,5.213525859173387,2.6275469100599365,6.2952409918885675,1.468829349760199,3.667694081828631,1.0,1.0,0.7514559556822498,0.8129335404373705,0.8129335404373705,0.660860941168038,0.12497929611087352,0.06716894073547608,1.8606709402053174,0.16420260212156723,0.06716894073547608,30,0.40282149150025687,strong
12,early_growth_slope,0.003769969490046303,0.0018176583262590742,0.002108406475079911,0.0026304920214450535,-5.865848340493151e-05,0.003478175491355137,-0.00234260082056391,0.005264801305713175,0.0035368339747600687,0.007607402126277085,0.0,1.0,-0.001952311163787229,-0.0016615630149663923,0.0016615630149663923,2.7607916527042076e-06,0.12497929611087352,0.06716894073547608,1.8606709402053174,0.16420260212156723,0.06716894073547608,30,0.40282149150025687,strong
13,peak_time,22.0,26.49,26.0,6.291721352361178,23.0,30.0,18.0,36.05,7.0,18.049999999999997,0.0,1.0,4.489999999999998,4.0,4.0,16.0,0.11960357644865681,0.08061596621682687,1.4836214469844324,0.19105383158896616,0.08061596621682687,20,0.3767004954740747,strong
13,peak_height,0.10596977174282074,0.1190729134529829,0.11971275135874748,0.02572012729357804,0.09895055368542671,0.1367149017751217,0.07949734106659889,0.16146367862820624,0.03776434808969498,0.08196633756160734,1.0,1.0,0.013103141710162164,0.013742979615926743,0.013742979615926743,0.00018886948872377796,0.11960357644865681,0.08061596621682687,1.4836214469844324,0.19105383158896616,0.08061596621682687,20,0.3767004954740747,strong
13,cumulative_infected,2.4427779372781515,2.575506228768354,2.610183246433735,0.6389566978689555,2.1596736925421283,3.0504837348125875,1.5737858928157948,3.6806958014371047,0.8908100422704592,2.1069099086213097,1.0,1.0,0.13272829149020238,0.16740530915558338,0.16740530915558338,0.02802453753347645,0.11960357644865681,0.08061596621682687,1.4836214469844324,0.19105383158896616,0.08061596621682687,20,0.3767004954740747,strong
13,early_growth_slope,0.00271531402887333,0.0016112492566233935,0.001701923225828933,0.0022639568921617283,0.00010623040656182256,0.003061879302376404,-0.002214324229862538,0.005156288412953947,0.0029556488958145813,0.007370612642816485,1.0,1.0,-0.0011040647722499364,-0.001013390803044397,0.001013390803044397,1.0269609196949675e-06,0.11960357644865681,0.08061596621682687,1.4836214469844324,0.19105383158896616,0.08061596621682687,20,0.3767004954740747,strong
14,peak_time,14.0,12.89,13.0,0.9836542876314613,12.0,14.0,11.0,14.049999999999997,2.0,3.049999999999997,1.0,1.0,-1.1099999999999994,-1.0,1.0,1.0,0.414715209910162,0.06533992855498873,6.347041067869339,0.6232517652903978,0.06533992855498873,10,0.5817569901244676,strong
14,peak_height,0.6260213255882263,0.6700935631990432,0.6704719066619873,0.019182571641853455,0.658353790640831,0.6841786354780197,0.6375161230564117,0.7003484964370728,0.02582484483718872,0.06283237338066106,0.0,0.0,0.04407223761081691,0.044450581073760986,0.044450581073760986,0.0019758541577949984,0.414715209910162,0.06533992855498873,6.347041067869339,0.6232517652903978,0.06533992855498873,10,0.5817569901244676,strong
14,cumulative_infected,13.972582092508674,14.382554745954257,14.41134531609714,0.6041933529486107,14.03012006089557,14.782549854367971,13.283407556824386,15.32240591752343,0.7524297934724018,2.0389983606990434,0.0,1.0,0.40997265344558365,0.43876322358846664,0.43876322358846664,0.19251316637374277,0.414715209910162,0.06533992855498873,6.347041067869339,0.6232517652903978,0.06533992855498873,10,0.5817569901244676,strong
14,early_growth_slope,0.04148381367503177,0.03791149018491393,0.037450192246719125,0.0049479170067530855,0.03442323222268549,0.04094590953900478,0.030761426818623597,0.04647794987551085,0.006522677316319288,0.01571652305688725,0.0,1.0,-0.0035723234901178375,-0.004033621428312643,0.004033621428312643,1.627010182694293e-05,0.414715209910162,0.06533992855498873,6.347041067869339,0.6232517652903978,0.06533992855498873,10,0.5817569901244676,strong
15,peak_time,8.0,8.77,9.0,0.8022065529122494,8.0,9.0,8.0,10.0,1.0,2.0,1.0,1.0,0.7699999999999996,1.0,1.0,1.0,0.7024400441119323,0.28836670675614245,2.4359262968105098,0.913956139374223,0.28836670675614245,26,0.5178559311411228,strong
15,peak_height,0.3471231758594513,0.32525493890047075,0.32612717151641846,0.022709918993225522,0.30974387377500534,0.34032875299453735,0.28600515276193617,0.36341766864061353,0.030584879219532013,0.07741251587867737,0.0,1.0,-0.021868236958980547,-0.020996004343032837,0.020996004343032837,0.00044083219837265375,0.7024400441119323,0.28836670675614245,2.4359262968105098,0.913956139374223,0.28836670675614245,26,0.5178559311411228,strong
15,cumulative_infected,3.4785656556487083,3.3847784748113736,3.376713191100862,0.19701921888439156,3.248876636935165,3.4942776554089505,3.0744141449104063,3.719811624777503,0.24540101847378537,0.6453974798670967,1.0,1.0,-0.09378718083733473,-0.10185246454784647,0.10185246454784647,0.010373924534470322,0.7024400441119323,0.28836670675614245,2.4359262968105098,0.913956139374223,0.28836670675614245,26,0.5178559311411228,strong
15,early_growth_slope,0.041824241179884175,0.03694746642808776,0.03719460433127269,0.005047547004145015,0.03369776145388771,0.041009214942321355,0.029248463412624822,0.04396852021732012,0.007311453488433643,0.014720056804695295,0.0,1.0,-0.004876774751796417,-0.004629636848611486,0.004629636848611486,2.1433537350021294e-05,0.7024400441119323,0.28836670675614245,2.4359262968105098,0.913956139374223,0.28836670675614245,26,0.5178559311411228,strong
16,peak_time,8.0,9.13,9.0,0.7199186261535594,9.0,10.0,8.0,10.0,1.0,2.0,0.0,1.0,1.1300000000000008,1.0,1.0,1.0,0.6508192303763595,0.2314239913615988,2.812237514992375,0.88644438272607,0.2314239913615988,28,0.3958879763681797,strong
16,peak_height,0.43284666538238525,0.38885911673307416,0.38857318460941315,0.021574272387039312,0.3747304156422615,0.39950091391801834,0.3599205181002617,0.4272614374756813,0.024770498275756836,0.06734091937541958,0.0,0.0,-0.04398754864931109,-0.04427348077297211,0.04427348077297211,0.001960141099754731,0.6508192303763595,0.2314239913615988,2.812237514992375,0.88644438272607,0.2314239913615988,28,0.3958879763681797,strong
16,cumulative_infected,4.472181266864936,4.362144093621209,4.367806424386799,0.2077319115181802,4.227331945763581,4.5050248387415195,4.028117917850613,4.662174108123872,0.27769289297793875,0.6340561902732587,1.0,1.0,-0.11003717324372708,-0.104374842478137,0.104374842478137,0.010894107742335912,0.6508192303763595,0.2314239913615988,2.812237514992375,0.88644438272607,0.2314239913615988,28,0.3958879763681797,strong
16,early_growth_slope,0.04607786337978072,0.04420138084886968,0.044274681580385986,0.005287799084319646,0.04161522467031664,0.04792914481367915,0.035060185497249687,0.05195414298380324,0.00631392014336251,0.016893957486553556,1.0,1.0,-0.0018764825309110361,-0.0018031817993947319,0.0018031817993947319,3.2514646016684233e-06,0.6508192303763595,0.2314239913615988,2.812237514992375,0.88644438272607,0.2314239913615988,28,0.3958879763681797,strong
17,peak_time,11.0,9.7,10.0,0.8468599159080072,9.0,10.0,9.0,11.0,1.0,2.0,0.0,1.0,-1.3000000000000007,-1.0,1.0,1.0,0.518547578534645,0.07263987527929502,7.1386077762505415,0.838220185145072,0.07263987527929502,21,0.34246433534130205,strong
17,peak_height,0.7040202617645264,0.7062503427267075,0.7077092826366425,0.01977864046692224,0.6929957568645477,0.7188566029071808,0.6724903643131256,0.7354840159416198,0.025860846042633057,0.06299365162849424,1.0,1.0,0.0022300809621811357,0.003689020872116089,0.003689020872116089,1.3608874994908149e-05,0.518547578534645,0.07263987527929502,7.1386077762505415,0.838220185145072,0.07263987527929502,21,0.34246433534130205,strong
17,cumulative_infected,12.990519232625957,13.214090312964109,13.240728607634082,0.637470130454458,12.871733393985778,13.602169725170825,12.173273097164929,14.205475208116695,0.7304363311850466,2.0322021109517667,1.0,1.0,0.22357108033815187,0.2502093750081258,0.2502093750081258,0.06260473134195692,0.518547578534645,0.07263987527929502,7.1386077762505415,0.838220185145072,0.07263987527929502,21,0.34246433534130205,strong
17,early_growth_slope,0.08821733017109742,0.07816739131232937,0.0790596553567974,0.00891456644775908,0.07220796282802308,0.08360674847236144,0.06210055936105725,0.09156862915981381,0.011398785644338355,0.02946806979875656,0.0,1.0,-0.010049938858768051,-0.00915767481430002,0.00915767481430002,8.386300800446492e-05,0.518547578534645,0.07263987527929502,7.1386077762505415,0.838220185145072,0.07263987527929502,21,0.34246433534130205,strong
18,peak_time,21.0,21.19,21.0,12.382534947141144,11.75,29.0,2.0,44.05,17.25,42.05,1.0,1.0,0.19000000000000128,0.0,0.0,0.0,0.13271987318368914,0.1360175458577101,0.9757555346758667,0.2126578314981165,0.1360175458577101,17,0.4304554043226194,strong
18,peak_height,0.05853909254074097,0.0632880812138319,0.05960574373602867,0.02698686942712364,0.05000985786318779,0.06722594797611237,0.039816486090421675,0.09982104934751986,0.017216090112924576,0.06000456325709818,1.0,1.0,0.00474898867309094,0.0010666511952877045,0.0010666511952877045,1.1377447724086887e-06,0.13271987318368914,0.1360175458577101,0.9757555346758667,0.2126578314981165,0.1360175458577101,17,0.4304554043226194,strong
18,cumulative_infected,0.9901073707733303,0.9251447779302725,0.7679420548665803,0.6950737756644144,0.5817638414118846,1.0540982330858242,0.398204518800776,1.7956984907788862,0.47233439167393954,1.3974939719781103,1.0,1.0,-0.06496259284305783,-0.22216531590675004,0.22216531590675004,0.04935742759194604,0.13271987318368914,0.1360175458577101,0.9757555346758667,0.2126578314981165,0.1360175458577101,17,0.4304554043226194,strong
18,early_growth_slope,-0.0026633578762855553,0.0004119273799335053,0.0004766947933517049,0.002572365986016463,-0.0014489294678371922,0.0018370863676647697,-0.00338158012351154,0.004815454412770728,0.0032860158355019617,0.008197034536282267,0.0,1.0,0.0030752852562190604,0.00314005266963726,0.00314005266963726,9.859930768096084e-06,0.13271987318368914,0.1360175458577101,0.9757555346758667,0.2126578314981165,0.1360175458577101,17,0.4304554043226194,strong
19,peak_time,15.0,18.69,17.0,9.817213289303476,11.75,25.0,3.0,35.099999999999994,13.25,32.099999999999994,1.0,1.0,3.6900000000000013,2.0,2.0,4.0,0.2307734716716813,0.2659369063978252,0.8677752734569998,0.3622948668353909,0.2659369063978252,24,0.301878709628177,strong
19,peak_height,0.08027580380439758,0.06886713467538357,0.06904122233390808,0.015446789361288998,0.05970331560820341,0.07846448570489883,0.044416787661612035,0.09340278506278991,0.018761170096695423,0.04898599740117788,0.0,1.0,-0.011408669129014018,-0.011234581470489502,0.011234581470489502,0.00012621582081706606,0.2307734716716813,0.2659369063978252,0.8677752734569998,0.3622948668353909,0.2659369063978252,24,0.301878709628177,strong
19,cumulative_infected,1.1330034342245199,1.0285908660674523,0.9944159968290478,0.37444042715675036,0.7988372544641607,1.234593667293666,0.44635206878883765,1.5975450591009575,0.4357564128295053,1.1511929903121199,1.0,1.0,-0.10441256815706756,-0.13858743739547208,0.13858743739547208,0.019206477803843894,0.2307734716716813,0.2659369063978252,0.8677752734569998,0.3622948668353909,0.2659369063978252,24,0.301878709628177,strong
19,early_growth_slope,0.0028226766569007717,0.0010534239960008481,0.0012878136346574014,0.0026752453200000015,-0.000538006522956059,0.002932885983249261,-0.003655933112549106,0.005302510494324709,0.0034708925062053204,0.008958443606873815,1.0,1.0,-0.0017692526608999236,-0.0015348630222433704,0.0015348630222433704,2.355804497050053e-06,0.2307734716716813,0.2659369063978252,0.8677752734569998,0.3622948668353909,0.2659369063978252,24,0.301878709628177,strong
20,peak_time,13.0,11.76,11.0,2.7455013709298663,10.0,13.0,8.0,17.0,3.0,9.0,1.0,1.0,-1.2400000000000002,-2.0,2.0,4.0,0.4964182330912108,0.45798545239509403,1.0839170338165276,0.757582245654678,0.45798545239509403,13,0.53414385919644,strong
20,peak_height,0.13662604987621307,0.11944276634603739,0.11842222884297371,0.019739831017329953,0.10952747985720634,0.13218389451503754,0.08325804509222508,0.1467153996229172,0.022656414657831192,0.06345735453069211,0.0,1.0,-0.01718328353017569,-0.018203821033239365,0.018203821033239365,0.0003313791002102079,0.4964182330912108,0.45798545239509403,1.0839170338165276,0.757582245654678,0.45798545239509403,13,0.53414385919644,strong
20,cumulative_infected,1.4736539865825762,1.5545853717436284,1.5698448368202662,0.15116578648999332,1.4671791232249234,1.6405264142813394,1.3100435215921606,1.7734701268738717,0.173347291056416,0.4634266052817111,1.0,1.0,0.08093138516105225,0.09619085023769003,0.09619085023769003,0.009252679669449712,0.4964182330912108,0.45798545239509403,1.0839170338165276,0.757582245654678,0.45798545239509403,13,0.53414385919644,strong
20,early_growth_slope,0.003959594150295568,0.007671590886813993,0.0075810087312545085,0.003601623216062437,0.0057509854918212765,0.01005061963293147,0.0011353943596727084,0.013414495992695997,0.004299634141110193,0.012279101633023289,0.0,1.0,0.0037119967365184248,0.0036214145809589406,0.0036214145809589406,1.3114643567182019e-05,0.4964182330912108,0.45798545239509403,1.0839170338165276,0.757582245654678,0.45798545239509403,13,0.53414385919644,strong
21,peak_time,23.0,18.78,17.0,10.508851487958122,12.0,23.25,4.95,41.099999999999994,11.25,36.14999999999999,1.0,1.0,-4.219999999999999,-6.0,6.0,36.0,0.38863696800969266,0.40622173373448467,0.9567114108761946,0.5551993028177133,0.40622173373448467,20,0.4999923632147537,strong
21,peak_height,0.07355694472789764,0.06813236329704524,0.06780673936009407,0.01624985570631171,0.05545670725405216,0.07740351185202599,0.04507802724838257,0.09383769743144511,0.021946804597973824,0.04875967018306254,1.0,1.0,-0.005424581430852407,-0.005750205367803574,0.005750205367803574,3.306486177191703e-05,0.38863696800969266,0.40622173373448467,0.9567114108761946,0.5551993028177133,0.40622173373448467,20,0.4999923632147537,strong
21,cumulative_infected,1.1375470584025607,1.0142797896521416,1.0043292672780808,0.34914586078538734,0.798549087747233,1.1998793495586142,0.518323180000516,1.5050220459237607,0.4013302618113812,0.9866988659232446,1.0,1.0,-0.12326726875041905,-0.13321779112447985,0.13321779112447985,0.017746979872085542,0.38863696800969266,0.40622173373448467,0.9567114108761946,0.5551993028177133,0.40622173373448467,20,0.4999923632147537,strong
21,early_growth_slope,-0.0008152542591449743,0.000827372503249319,0.0006314060537122365,0.0026033028429921583,-0.0007250649595378137,0.002333988876281572,-0.003163446855441651,0.005815570903914269,0.003059053835819386,0.00897901775935592,0.0,1.0,0.0016426267623942934,0.0014466603128572108,0.0014466603128572108,2.092826060796123e-06,0.38863696800969266,0.40622173373448467,0.9567114108761946,0.5551993028177133,0.40622173373448467,20,0.4999923632147537,strong
22,peak_time,5.0,19.15,18.0,15.623328193390288,4.0,31.0,0.0,45.05,27.0,45.05,1.0,1.0,14.149999999999999,13.0,13.0,169.0,0.0752691345794424,0.48611407769724624,0.1548384176323326,0.15483385448112277,0.48611407769724624,10,0.3576605051240518,strong
22,peak_height,0.04550870880484581,0.0515808960609138,0.0496185626834631,0.012943294528293105,0.042976648546755314,0.056490883231163025,0.037719272449612616,0.07389976680278777,0.013514234684407711,0.036180494353175156,1.0,1.0,0.006072187256067993,0.004109853878617287,0.004109853878617287,1.6890898903585555e-05,0.0752691345794424,0.48611407769724624,0.1548384176323326,0.15483385448112277,0.48611407769724624,10,0.3576605051240518,strong
22,cumulative_infected,0.35660372814163566,0.5497236715848589,0.47138517012353987,0.30547695048604084,0.39218408953456674,0.567561678130005,0.32405721607992743,1.0480284122226293,0.17537758859543828,0.7239711961427019,0.0,1.0,0.19311994344322325,0.11478144198190421,0.11478144198190421,0.013174779423445242,0.0752691345794424,0.48611407769724624,0.1548384176323326,0.15483385448112277,0.48611407769724624,10,0.3576605051240518,strong
22,early_growth_slope,-0.001959796085776316,-0.0004583941187956943,-0.0004817525235315156,0.002493356817598285,-0.002381990211904934,0.0010435667649116597,-0.004496123692730352,0.003509148996367694,0.003425556976816594,0.008005272689098047,1.0,1.0,0.0015014019669806217,0.0014780435622448003,0.0014780435622448003,2.184612771893299e-06,0.0752691345794424,0.48611407769724624,0.1548384176323326,0.15483385448112277,0.48611407769724624,10,0.3576605051240518,strong
23,peak_time,21.0,18.98,16.0,10.67232804305536,13.0,24.0,3.95,40.14999999999999,11.0,36.19999999999999,1.0,1.0,-2.0199999999999996,-5.0,5.0,25.0,0.3584105450845217,0.3939358620723191,0.9098195406711267,0.5905764858336026,0.3939358620723191,12,0.48274015590979125,strong
23,peak_height,0.06433630734682083,0.07171163747087121,0.06813692674040794,0.021832453099404247,0.05670072231441736,0.0827641561627388,0.04333919174969196,0.11039696261286734,0.026063433848321438,0.06705777086317538,1.0,1.0,0.0073753301240503805,0.0038006193935871124,0.0038006193935871124,1.444470777491047e-05,0.3584105450845217,0.3939358620723191,0.9098195406711267,0.5905764858336026,0.3939358620723191,12,0.48274015590979125,strong
23,cumulative_infected,0.8348917334224097,0.9927192674842081,1.0552173500182107,0.3467769010404425,0.695920374513662,1.2540043063418125,0.42887788684165573,1.4718011961274897,0.5580839318281505,1.0429233092858339,1.0,1.0,0.1578275340617984,0.22032561659580097,0.22032561659580097,0.048543377328319884,0.3584105450845217,0.3939358620723191,0.9098195406711267,0.5905764858336026,0.3939358620723191,12,0.48274015590979125,strong
23,early_growth_slope,0.0029419223179242434,0.0014832776357313077,0.001531963009862618,0.0031994844723785124,-0.00014398911402427697,0.003663015738268205,-0.0038449538017933543,0.0059399007337300885,0.0038070048522924824,0.009784854535523442,1.0,1.0,-0.0014586446821929356,-0.0014099593080616254,0.0014099593080616254,1.9879852503896173e-06,0.3584105450845217,0.3939358620723191,0.9098195406711267,0.5905764858336026,0.3939358620723191,12,0.48274015590979125,strong
24,peak_time,37.0,23.34,24.0,15.278703736861576,11.0,35.0,0.0,47.05,24.0,47.05,0.0,1.0,-13.66,-13.0,13.0,169.0,0.20895235682485563,0.43935215307256603,0.47559197186941704,0.3625024604645344,0.43935215307256603,18,0.33815059729650876,strong
24,peak_height,0.04206138849258423,0.05233635451644659,0.05002374202013016,0.013611995300818065,0.04284069128334522,0.05748469848185778,0.035189300402998926,0.07489825040102005,0.014644007198512554,0.039708949998021124,0.0,1.0,0.01027496602386236,0.007962353527545929,0.007962353527545929,6.33990736976231e-05,0.20895235682485563,0.43935215307256603,0.47559197186941704,0.3625024604645344,0.43935215307256603,18,0.33815059729650876,strong
24,cumulative_infected,0.42978687083814293,0.6078780071973778,0.4972848255856661,0.31566005032943956,0.40439274450181983,0.6783392991346773,0.34624595465211316,1.2293040810123783,0.27394655463285744,0.8830581263602651,1.0,1.0,0.1780911363592349,0.06749795474752318,0.06749795474752318,0.0045559738950986875,0.20895235682485563,0.43935215307256603,0.47559197186941704,0.3625024604645344,0.43935215307256603,18,0.33815059729650876,strong
24,early_growth_slope,-0.00256946451762425,-0.00028979724746369234,-0.00012134085963701844,0.0023678360561365935,-0.0018507383436025553,0.001089454774739265,-0.004399954741044587,0.003648929469160238,0.0029401931183418205,0.008048884210204825,0.0,1.0,0.0022796672701605575,0.0024481236579872315,0.0024481236579872315,5.993309444796783e-06,0.20895235682485563,0.43935215307256603,0.47559197186941704,0.3625024604645344,0.43935215307256603,18,0.33815059729650876,strong
25,peak_time,18.0,20.99,21.0,13.45737378134787,9.75,32.0,1.0,42.05,22.25,41.05,1.0,1.0,2.9899999999999984,3.0,3.0,9.0,0.18526174126511855,0.18232823694296957,1.016089138859312,0.2557471766255679,0.18232823694296957,18,0.5693657533043062,strong
25,peak_height,0.04732261598110199,0.05317940656095743,0.050546588376164436,0.015535387814990226,0.043080687522888184,0.05961290840059519,0.03626268152147531,0.07677436992526054,0.016532220877707005,0.04051168840378523,1.0,1.0,0.005856790579855442,0.0032239723950624466,0.0032239723950624466,1.0393998004124688e-05,0.18526174126511855,0.18232823694296957,1.016089138859312,0.2557471766255679,0.18232823694296957,18,0.5693657533043062,strong
25,cumulative_infected,0.7036889768205583,0.6167460045193639,0.5179527691652765,0.32102585530334715,0.4206803312708871,0.7081155470514204,0.31525486240716416,1.1612005135320937,0.2874352157805333,0.8459456511249296,1.0,1.0,-0.08694297230119441,-0.18573620765528176,0.18573620765528176,0.034497938834165943,0.18526174126511855,0.18232823694296957,1.016089138859312,0.2557471766255679,0.18232823694296957,18,0.5693657533043062,strong
25,early_growth_slope,-0.0014338654409151604,1.6725423756725395e-05,-0.00019123878640433113,0.002383930255186647,-0.0013745153375479967,0.0013179119080935688,-0.00366805512800662,0.004151011294604921,0.0026924272456415655,0.00781906642261154,0.0,1.0,0.0014505908646718858,0.0012426266545108294,0.0012426266545108294,1.5441210025007762e-06,0.18526174126511855,0.18232823694296957,1.016089138859312,0.2557471766255679,0.18232823694296957,18,0.5693657533043062,strong
26,peak_time,9.0,10.1,10.0,0.7453559924999298,10.0,11.0,9.0,11.0,1.0,2.0,0.0,1.0,1.0999999999999996,1.0,1.0,1.0,0.4236691294706824,0.16956722212813363,2.4985319931144265,0.7600553030865141,0.16956722212813363,17,0.32942245312900137,strong
26,peak_height,0.445259153842926,0.45419753521680833,0.45044027268886566,0.021736542698138354,0.4383532777428627,0.47107864916324615,0.4259882226586342,0.4967026486992836,0.03272537142038345,0.07071442604064943,1.0,1.0,0.00893838137388231,0.005181118845939636,0.005181118845939636,2.6843992495750868e-05,0.4236691294706824,0.16956722212813363,2.4985319931144265,0.7600553030865141,0.16956722212813363,17,0.32942245312900137,strong
26,cumulative_infected,6.017687979154289,5.907635239531592,5.89722978323698,0.26428768895760524,5.800364160601021,6.109849609434605,5.406200154847466,6.261585006635869,0.3094854488335841,0.8553848517884033,1.0,1.0,-0.1100527396226969,-0.12045819591730833,0.12045819591730833,0.014510176963652636,0.4236691294706824,0.16956722212813363,2.4985319931144265,0.7600553030865141,0.16956722212813363,17,0.32942245312900137,strong
26,early_growth_slope,0.04565554979212936,0.04146915978843891,0.04142450643259854,0.005216910104153622,0.03837882897988449,0.04478007611275339,0.03296483941930567,0.05039091758219347,0.006401247132868902,0.017426078162887798,0.0,1.0,-0.004186390003690449,-0.004231043359530819,0.004231043359530819,1.7901727910229837e-05,0.4236691294706824,0.16956722212813363,2.4985319931144265,0.7600553030865141,0.16956722212813363,17,0.32942245312900137,strong
27,peak_time,16.0,20.69,18.0,16.527109654605475,5.0,36.0,1.0,48.0,31.0,47.0,1.0,1.0,4.690000000000001,2.0,2.0,4.0,0.12051718151058757,0.2614899540680059,0.46088646862221166,0.1759978696072186,0.2614899540680059,14,0.562173613707422,strong
27,peak_height,0.04525003954768181,0.04996246950700879,0.0490078367292881,0.010247162091070686,0.043064351193606853,0.056107254698872566,0.03289251197129488,0.06527624391019345,0.013042903505265713,0.03238373193889857,1.0,1.0,0.004712429959326983,0.0037577971816062927,0.0037577971816062927,1.4121039658088197e-05,0.12051718151058757,0.2614899540680059,0.46088646862221166,0.1759978696072186,0.2614899540680059,14,0.562173613707422,strong
27,cumulative_infected,0.3904167207656428,0.5186690225572783,0.4582238467701245,0.2105158372298222,0.40634524680353934,0.5737132646645478,0.3105394116042589,0.9212906818414921,0.1673680178610084,0.6107512702372332,0.0,1.0,0.1282523017916355,0.06780712600448169,0.06780712600448169,0.004597806336987657,0.12051718151058757,0.2614899540680059,0.46088646862221166,0.1759978696072186,0.2614899540680059,14,0.562173613707422,strong
27,early_growth_slope,-0.0015500555302770341,-1.8635166915199822e-05,-9.589337302410669e-05,0.0023287384734603967,-0.0015055414037522565,0.001505227261597091,-0.0034952434494958376,0.0042212705334393474,0.0030107686653493473,0.007716513982935185,0.0,1.0,0.0015314203633618342,0.0014541621572529274,0.0014541621572529274,2.1145875795864877e-06,0.12051718151058757,0.2614899540680059,0.46088646862221166,0.1759978696072186,0.2614899540680059,14,0.562173613707422,strong
28,peak_time,13.0,12.27,12.0,0.9084897001912215,12.0,13.0,11.0,14.0,1.0,3.0,1.0,1.0,-0.7300000000000004,-1.0,1.0,1.0,0.3757558201185012,0.15659492402428188,2.3995402306925087,0.6463488980904517,0.15659492402428188,19,0.32476028097014087,strong
28,peak_height,0.42866942286491394,0.4123248100280762,0.41274987161159515,0.018573457676407078,0.39731864631175995,0.42373305559158325,0.38273926377296447,0.4431987538933754,0.026414409279823303,0.06045949012041091,0.0,1.0,-0.016344612836837746,-0.015919551253318787,0.015919551253318787,0.00025343211210704375,0.3757558201185012,0.15659492402428188,2.3995402306925087,0.6463488980904517,0.15659492402428188,19,0.32476028097014087,strong
28,cumulative_infected,6.141285655088723,6.095000394648028,6.067860447918065,0.2595007166179764,5.905848961803713,6.277352793433238,5.6839421512704575,6.489184341218788,0.37150383162952494,0.8052421899483306,1.0,1.0,-0.04628526044069492,-0.07342520717065781,0.07342520717065781,0.00539126104805402,0.3757558201185012,0.15659492402428188,2.3995402306925087,0.6463488980904517,0.15659492402428188,19,0.32476028097014087,strong
28,early_growth_slope,0.024460890407984447,0.02392812935836229,0.023815823447269693,0.003391909604431271,0.021317459820281888,0.026523058801623322,0.01898923919347691,0.029015827689519415,0.005205598981341434,0.010026588496042505,1.0,1.0,-0.0005327610496221567,-0.000645066960714754,0.000645066960714754,4.161113838057699e-07,0.3757558201185012,0.15659492402428188,2.3995402306925087,0.6463488980904517,0.15659492402428188,19,0.32476028097014087,strong
29,peak_time,21.0,19.59,19.0,6.587553308008867,16.0,23.0,10.95,28.14999999999999,7.0,17.199999999999992,1.0,1.0,-1.4100000000000001,-2.0,2.0,4.0,0.32251672722097224,0.3020418139717494,1.0677883402300647,0.44632839082860243,0.3020418139717494,25,0.4451992472279185,strong
29,peak_height,0.09889023751020432,0.08144028592854738,0.07942178100347519,0.016376396364192986,0.06996410898864269,0.08959536626935005,0.06316933985799551,0.10658529885113238,0.01963125728070736,0.04341595899313687,0.0,1.0,-0.017449951581656936,-0.019468456506729126,0.019468456506729126,0.00037902079875440364,0.32251672722097224,0.3020418139717494,1.0677883402300647,0.44632839082860243,0.3020418139717494,25,0.4451992472279185,strong
29,cumulative_infected,1.481415418908,1.3753616597420477,1.3165286505536642,0.3014115994076751,1.1844637209287612,1.5207445061387261,0.9487856650550384,1.9423525490274187,0.33628078520996496,0.9935668839723804,1.0,1.0,-0.10605375916595228,-0.1648867683543358,0.1648867683543358,0.027187646378336393,0.32251672722097224,0.3020418139717494,1.0677883402300647,0.44632839082860243,0.3020418139717494,25,0.4451992472279185,strong
29,early_growth_slope,0.0009844031273609115,0.0014927106946942376,0.001330840667703472,0.002811141543680367,-0.0002350635311034099,0.0035926488628666396,-0.002911463925903217,0.00548962332752472,0.0038277123939700493,0.008401087253427936,1.0,1.0,0.0005083075673333261,0.0003464375403425604,0.0003464375403425604,1.2001896935860318e-07,0.32251672722097224,0.3020418139717494,1.0677883402300647,0.44632839082860243,0.3020418139717494,25,0.4451992472279185,strong
30,peak_time,13.0,14.79,15.0,1.1485168301295845,14.0,16.0,13.0,17.0,2.0,4.0,0.0,1.0,1.7899999999999991,2.0,2.0,4.0,0.3106312844105347,0.14165506411305312,2.1928710163346072,0.529274578510692,0.14165506411305312,19,0.3337097818916528,strong
30,peak_height,0.39137011766433716,0.3788203528523445,0.3789256662130356,0.019049717030412205,0.3660129904747009,0.3897462859749794,0.34788143783807757,0.4103448048233986,0.023733295500278473,0.06246336698532101,0.0,1.0,-0.012549764811992659,-0.012444451451301575,0.012444451451301575,0.00015486437192380187,0.3106312844105347,0.14165506411305312,2.1928710163346072,0.529274578510692,0.14165506411305312,19,0.3337097818916528,strong
30,cumulative_infected,6.383844383701216,6.413059963109699,6.410481076920405,0.2910962692767055,6.232333570886112,6.599489338987041,5.903397537721321,6.867404858942609,0.367155768100929,0.9640073212212883,1.0,1.0,0.02921557940848274,0.0266366932191886,0.0266366932191886,0.000709513425653168,0.3106312844105347,0.14165506411305312,2.1928710163346072,0.529274578510692,0.14165506411305312,19,0.3337097818916528,strong
30,early_growth_slope,0.017859282337927388,0.014314816275490598,0.014017800706261324,0.0032288670232177904,0.011729072165811278,0.017107884215268612,0.008938864707791556,0.019196062147827996,0.005378812049457334,0.01025719744003644,0.0,1.0,-0.0035444660624367897,-0.003841481631666064,0.003841481631666064,1.4756981126427766e-05,0.3106312844105347,0.14165506411305312,2.1928710163346072,0.529274578510692,0.14165506411305312,19,0.3337097818916528,strong
31,peak_time,47.0,30.57,32.5,9.451903768473569,25.75,36.0,12.9,44.05,10.25,31.15,0.0,0.0,-16.43,-14.5,14.5,210.25,0.12389041526952806,0.08760267421837212,1.414230973825062,0.1706424923034168,0.08760267421837212,25,0.4520464814735642,strong
31,peak_height,0.10093004256486893,0.1045826993510127,0.09576131403446198,0.038180785918884956,0.076277369633317,0.13155395165085793,0.05151185169816017,0.17445765286684034,0.05527658201754093,0.12294580116868017,1.0,1.0,0.003652656786143779,-0.005168728530406952,0.005168728530406952,2.671575462104281e-05,0.12389041526952806,0.08760267421837212,1.414230973825062,0.1706424923034168,0.08760267421837212,25,0.4520464814735642,strong
31,cumulative_infected,1.871342470869422,2.246766709764561,2.0687921105418354,1.1037645105083518,1.419341648428599,3.0182725841295905,0.6712732693951693,4.323427802471997,1.5989309357009915,3.6521545330768275,1.0,1.0,0.375424238895139,0.19744963967241347,0.19744963967241347,0.038986360206765915,0.12389041526952806,0.08760267421837212,1.414230973825062,0.1706424923034168,0.08760267421837212,25,0.4520464814735642,strong
31,early_growth_slope,0.002060965235744204,0.0008223929891305275,0.0008711237903861774,0.0025624701392193746,-0.0010237550544670293,0.0021480334893827337,-0.002541553422980496,0.005939430149876334,0.003171788543849763,0.00848098357285683,1.0,1.0,-0.0012385722466136768,-0.0011898414453580268,0.0011898414453580268,1.4157226650916782e-06,0.12389041526952806,0.08760267421837212,1.414230973825062,0.1706424923034168,0.08760267421837212,25,0.4520464814735642,strong
32,peak_time,14.0,15.12,15.0,3.712604792249553,13.0,17.0,10.0,22.0,4.0,12.0,1.0,1.0,1.1199999999999992,1.0,1.0,1.0,0.2516191579026808,0.20421300689590982,1.2321407031185558,0.4246484831124244,0.20421300689590982,11,0.47760918256031903,strong
32,peak_height,0.10852816700935364,0.09805826768279076,0.09828094765543938,0.015779604619890863,0.08781575970351696,0.10688519850373268,0.0727537613362074,0.12633263766765593,0.01906943880021572,0.05357887633144853,0.0,1.0,-0.010469899326562879,-0.01024721935391426,0.01024721935391426,0.000105005504487235,0.2516191579026808,0.20421300689590982,1.2321407031185558,0.4246484831124244,0.20421300689590982,11,0.47760918256031903,strong
32,cumulative_infected,1.6473681310890242,1.488120700869731,1.4754434409551322,0.18439196911391223,1.3579197827621101,1.5810938018448724,1.2478492324618855,1.7970093477899354,0.22317401908276224,0.5491601153280499,0.0,1.0,-0.15924743021929322,-0.171924690133892,0.171924690133892,0.02955809907763478,0.2516191579026808,0.20421300689590982,1.2321407031185558,0.4246484831124244,0.20421300689590982,11,0.47760918256031903,strong
32,early_growth_slope,0.006208638799199389,0.003292912367146419,0.0030779259451221494,0.0028469511480508115,0.0012626760823574552,0.005013406841629018,-0.0012062947889457313,0.00822261368583505,0.003750730759271563,0.009428908474780782,0.0,1.0,-0.00291572643205297,-0.0031307128540772394,0.0031307128540772394,9.801362974684455e-06,0.2516191579026808,0.20421300689590982,1.2321407031185558,0.4246484831124244,0.20421300689590982,11,0.47760918256031903,strong
33,peak_time,11.0,10.11,10.0,0.8396127053287695,10.0,11.0,9.0,12.0,1.0,3.0,1.0,1.0,-0.8900000000000006,-1.0,1.0,1.0,0.6087561964872507,0.0768661767746748,7.919688763391421,0.7873221977733241,0.0768661767746748,30,0.4329957868865907,strong
33,peak_height,0.6782882809638977,0.6817799156904221,0.681992381811142,0.021644859109438846,0.6660864651203156,0.6952819675207138,0.6503475636243821,0.7224797457456589,0.029195502400398254,0.07213218212127681,1.0,1.0,0.003491634726524362,0.0037041008472442627,0.0037041008472442627,1.3720363086555665e-05,0.6087561964872507,0.0768661767746748,7.919688763391421,0.7873221977733241,0.0768661767746748,30,0.4329957868865907,strong
33,cumulative_infected,12.36715180426836,12.705484430283395,12.7250444162637,0.6604127085539507,12.306420465931296,13.114500552939717,11.716832147073001,13.724466685857623,0.8080800870084204,2.0076345387846217,1.0,1.0,0.3383326260150348,0.3578926119953394,0.3578926119953394,0.12808712172084655,0.6087561964872507,0.0768661767746748,7.919688763391421,0.7873221977733241,0.0768661767746748,30,0.4329957868865907,strong
33,early_growth_slope,0.0713086275583399,0.06572572402267354,0.06595577270005984,0.006134498772559626,0.061921939473471674,0.06938474501172699,0.05399226464838388,0.07411482201035444,0.007462805538255318,0.020122557361970557,0.0,1.0,-0.005582903535666359,-0.005352854858280062,0.005352854858280062,2.8653055133812465e-05,0.6087561964872507,0.0768661767746748,7.919688763391421,0.7873221977733241,0.0768661767746748,30,0.4329957868865907,strong
34,peak_time,13.0,13.23,13.0,1.1087803837523187,12.0,14.0,12.0,15.0,2.0,3.0,1.0,1.0,0.23000000000000043,0.0,0.0,0.0,0.423551306416974,0.13222102330977845,3.2033582543423726,0.5847746086181913,0.13222102330977845,28,0.3734054274728322,strong
34,peak_height,0.4777412712574005,0.44875946283340457,0.4474777281284332,0.018716750032808017,0.43485957384109497,0.4643401429057121,0.41924086958169937,0.4772533252835274,0.029480569064617157,0.058012455701828,0.0,0.0,-0.028981808423995947,-0.030263543128967285,0.030263543128967285,0.000915882042718863,0.423551306416974,0.13222102330977845,3.2033582543423726,0.5847746086181913,0.13222102330977845,28,0.3734054274728322,strong
34,cumulative_infected,7.439173573628068,7.429685155602492,7.426939651602879,0.32286448596912565,7.224688122165389,7.676172045990825,6.899279682151973,7.89240303626284,0.45148392382543534,0.9931233541108666,1.0,1.0,-0.009488418025576095,-0.012233922025188804,0.012233922025188804,0.00014966884811839972,0.423551306416974,0.13222102330977845,3.2033582543423726,0.5847746086181913,0.13222102330977845,28,0.3734054274728322,strong
34,early_growth_slope,0.021791763293246426,0.020925520258266862,0.020918017924053678,0.0032347927357958845,0.018502182377103178,0.02342796558514237,0.016134754890975142,0.02566585102107464,0.004925783208039193,0.009531096130099496,1.0,1.0,-0.0008662430349795636,-0.000873745369192748,0.000873745369192748,7.634309701857715e-07,0.423551306416974,0.13222102330977845,3.2033582543423726,0.5847746086181913,0.13222102330977845,28,0.3734054274728322,strong
35,peak_time,8.0,8.49,8.0,0.7587203474644433,8.0,9.0,7.95,10.0,1.0,2.05,1.0,1.0,0.4900000000000002,0.0,0.0,0.0,0.6121023553378806,0.22328648370230958,2.7413318763797134,0.9422965780253638,0.22328648370230958,16,0.48468481095001004,strong
35,peak_height,0.4438328444957733,0.4229943764209747,0.4265168756246567,0.022603709952878262,0.40562552958726883,0.43555324524641037,0.3893149882555008,0.4556802809238434,0.02992771565914154,0.06636529266834257,0.0,1.0,-0.02083846807479861,-0.017315968871116638,0.017315968871116638,0.0002998427779454804,0.6121023553378806,0.22328648370230958,2.7413318763797134,0.9422965780253638,0.22328648370230958,16,0.48468481095001004,strong
35,cumulative_infected,4.65918494341895,4.614983273364305,4.642381344863679,0.23486777759627062,4.452351064464892,4.759098411013838,4.260729594028089,4.989248603582382,0.30674734654894564,0.7285190095542928,1.0,1.0,-0.044201670054644815,-0.016803598555270582,0.016803598555270582,0.0002823609244066916,0.6121023553378806,0.22328648370230958,2.7413318763797134,0.9422965780253638,0.22328648370230958,16,0.48468481095001004,strong
35,early_growth_slope,0.0598481971780226,0.05350089775395773,0.053440279288527855,0.006066149358368703,0.049507994152095516,0.05711266961935463,0.044341883525651465,0.06304068334117928,0.007604675467259112,0.018698799815527814,0.0,1.0,-0.006347299424064874,-0.006407917889494748,0.006407917889494748,4.106141167850682e-05,0.6121023553378806,0.22328648370230958,2.7413318763797134,0.9422965780253638,0.22328648370230958,16,0.48468481095001004,strong
36,peak_time,3.0,22.5,22.0,15.322459912748272,9.5,34.5,1.0,48.0,25.0,47.0,0.0,1.0,19.5,19.0,19.0,361.0,0.3031784994147552,0.39314969823244206,0.7711528223926217,0.4179314647378862,0.39314969823244206,21,0.5265971650725547,strong
36,peak_height,0.03824504092335701,0.05445926455780864,0.049634069204330444,0.01807692363883153,0.04393020272254944,0.059560478664934635,0.03649090435355902,0.08636653535068033,0.015630275942385197,0.049875630997121306,0.0,1.0,0.01621422363445163,0.011389028280973434,0.011389028280973434,0.0001297099651848127,0.3031784994147552,0.39314969823244206,0.7711528223926217,0.4179314647378862,0.39314969823244206,21,0.5265971650725547,strong
36,cumulative_infected,0.49015247786883265,0.6436466078369995,0.4996888029272668,0.43210971483474736,0.4189487660587474,0.6602204057526251,0.32910281351505544,1.5643686448689549,0.24127163969387766,1.2352658313538996,1.0,1.0,0.1534941299681668,0.009536325058434159,0.009536325058434159,9.094149562011925e-05,0.3031784994147552,0.39314969823244206,0.7711528223926217,0.4179314647378862,0.39314969823244206,21,0.5265971650725547,strong
36,early_growth_slope,0.0005776020919992814,-0.0005615711514586839,-0.0004359989959214416,0.0022656022787611585,-0.0022854085296525467,0.0007003568338231638,-0.003977217552130152,0.0037153736555150573,0.0029857653634757105,0.0076925912076452095,1.0,1.0,-0.0011391732434579654,-0.001013601087920723,0.001013601087920723,1.0273871654340733e-06,0.3031784994147552,0.39314969823244206,0.7711528223926217,0.4179314647378862,0.39314969823244206,21,0.5265971650725547,strong
37,peak_time,39.0,23.31,24.5,15.099464837663565,8.75,35.25,1.9500000000000002,47.05,26.5,45.099999999999994,0.0,1.0,-15.690000000000001,-14.5,14.5,210.25,0.33813968170902753,0.48421428221433394,0.6983265346133521,0.5051256695977634,0.48421428221433394,11,0.5761755682940617,strong
37,peak_height,0.04529805853962898,0.05115517908707261,0.046694597229361534,0.018755084240463613,0.04101172648370266,0.05475145857781172,0.032894957810640335,0.09253837876021861,0.013739732094109058,0.05964342094957828,1.0,1.0,0.0058571205474436255,0.0013965386897325516,0.0013965386897325516,1.950320311919912e-06,0.33813968170902753,0.48421428221433394,0.6983265346133521,0.5051256695977634,0.48421428221433394,11,0.5761755682940617,strong
37,cumulative_infected,0.40510451851878315,0.5646966993429668,0.45768649732053746,0.42331591895705495,0.38294016331747116,0.5353142696658324,0.3153702888492262,1.2037859998265046,0.15237410634836124,0.8884157109772783,1.0,1.0,0.1595921808241837,0.0525819788017543,0.0525819788017543,0.0027648644947081387,0.33813968170902753,0.48421428221433394,0.6983265346133521,0.5051256695977634,0.48421428221433394,11,0.5761755682940617,strong
37,early_growth_slope,0.0009353815084545031,-0.0003822549209265457,-0.00027930945673558305,0.0018477554006959733,-0.0018643767697583472,0.0008135036674676005,-0.0032186530635780856,0.0026875599304774017,0.002677880437225948,0.005906212994055487,0.0,1.0,-0.0013176364293810488,-0.001214690965190086,0.001214690965190086,1.475474140914423e-06,0.33813968170902753,0.48421428221433394,0.6983265346133521,0.5051256695977634,0.48421428221433394,11,0.5761755682940617,strong
38,peak_time,48.0,21.12,20.0,14.942502596231458,7.0,33.0,2.0,45.0,26.0,43.0,0.0,0.0,-26.88,-28.0,28.0,784.0,0.17122490440016697,0.2467794649602425,0.6938377325185959,0.21271758321235096,0.2467794649602425,29,0.5355715737361495,strong
38,peak_height,0.03592848405241966,0.05462641039863229,0.05346032418310642,0.014062050126593362,0.04434447828680277,0.06311137601733208,0.03808228094130754,0.08154063783586026,0.01876689773052931,0.04345835689455271,0.0,0.0,0.018697926346212625,0.01753184013068676,0.01753184013068676,0.00030736541836795875,0.17122490440016697,0.2467794649602425,0.6938377325185959,0.21271758321235096,0.2467794649602425,29,0.5355715737361495,strong
38,cumulative_infected,0.4292206893742332,0.6089902870977858,0.4873441783420276,0.3178272733790831,0.403506227361504,0.6875950544199441,0.3324137588169833,1.289281544377445,0.2840888270584401,0.9568677855604617,1.0,1.0,0.1797695977235526,0.0581234889677944,0.0581234889677944,0.0033783399697893176,0.17122490440016697,0.2467794649602425,0.6938377325185959,0.21271758321235096,0.2467794649602425,29,0.5355715737361495,strong
38,early_growth_slope,0.0011393938302284184,-0.0003072244199341047,-0.00032369959877715166,0.0024367064079843584,-0.002135834547862897,0.0014682490422966937,-0.0038023605472907117,0.003586231966827264,0.0036040835901595906,0.007388592514117976,1.0,1.0,-0.001446618250162523,-0.0014630934290055702,0.0014630934290055702,2.1406423819992776e-06,0.17122490440016697,0.2467794649602425,0.6938377325185959,0.21271758321235096,0.2467794649602425,29,0.5355715737361495,strong
39,peak_time,18.0,22.13,20.0,15.344301084036895,9.0,38.0,0.0,45.0,29.0,45.0,1.0,1.0,4.129999999999999,2.0,2.0,4.0,0.23651234908094573,0.42740962257738596,0.5533622468645363,0.47371672184762115,0.42740962257738596,11,0.358037923956782,strong
39,peak_height,0.04079156741499901,0.05013076439499855,0.04785573482513428,0.012389514269880117,0.04205807484686375,0.056905388832092285,0.03335992079228163,0.07558088675141335,0.014847313985228539,0.04222096595913172,0.0,1.0,0.00933919697999954,0.007064167410135269,0.007064167410135269,4.9902461198417236e-05,0.23651234908094573,0.42740962257738596,0.5533622468645363,0.47371672184762115,0.42740962257738596,11,0.358037923956782,strong
39,cumulative_infected,0.43280547542963177,0.5487818444751974,0.4666433211241383,0.25782432894981183,0.38622188655244827,0.6041285012688604,0.31659847513037676,1.1572938066907226,0.21790661471641215,0.8406953315603458,1.0,1.0,0.11597636904556563,0.03383784569450654,0.03383784569450654,0.001144999801245235,0.23651234908094573,0.42740962257738596,0.5533622468645363,0.47371672184762115,0.42740962257738596,11,0.358037923956782,strong
39,early_growth_slope,0.0017212731763720504,-0.000369582091329794,-0.0004023211262219339,0.0023513187480793335,-0.0018286649026863617,0.0007490395406161299,-0.004022771029156586,0.004134800811187319,0.0025777044433024916,0.008157571840343904,0.0,1.0,-0.002090855267701844,-0.002123594302593984,0.002123594302593984,4.50965276200963e-06,0.23651234908094573,0.42740962257738596,0.5533622468645363,0.47371672184762115,0.42740962257738596,11,0.358037923956782,strong
40,peak_time,17.0,15.68,15.5,2.91592631296236,14.0,17.25,11.95,20.049999999999997,3.25,8.099999999999998,1.0,1.0,-1.3200000000000003,-1.5,1.5,2.25,0.4199405493024767,0.3662791716971214,1.1465040377718454,0.5952852156566941,0.3662791716971214,26,0.386342246321425,strong
40,peak_height,0.12021039426326752,0.11205340549349785,0.11272772774100304,0.01422983952087383,0.10260484926402569,0.11963856779038906,0.09229454211890697,0.13527604788541794,0.017033718526363373,0.04298150576651097,0.0,1.0,-0.008156988769769669,-0.007482666522264481,0.007482666522264481,5.5990298283417617e-05,0.4199405493024767,0.3662791716971214,1.1465040377718454,0.5952852156566941,0.3662791716971214,26,0.386342246321425,strong
40,cumulative_infected,1.8242473101709038,1.7847175125710784,1.7797881537117064,0.1964718019151296,1.6732868185499683,1.88372685801005,1.4941422865202185,2.1168121514550875,0.2104400394600816,0.622669864934869,1.0,1.0,-0.039529797599825445,-0.0444591564591974,0.0444591564591974,0.001976616593063394,0.4199405493024767,0.3662791716971214,1.1465040377718454,0.5952852156566941,0.3662791716971214,26,0.386342246321425,strong
40,early_growth_slope,0.005396431062503584,0.0031807841605465607,0.00356099122880204,0.002900194161235047,0.001188758361552444,0.004836371075639145,-0.0015694645631204652,0.0075361044051879544,0.003647612714086701,0.00910556896830842,0.0,1.0,-0.0022156469019570233,-0.001835439833701544,0.001835439833701544,3.368839383138351e-06,0.4199405493024767,0.3662791716971214,1.1465040377718454,0.5952852156566941,0.3662791716971214,26,0.386342246321425,strong
41,peak_time,10.0,11.5,11.0,2.2984404022789633,10.0,13.0,8.0,15.0,3.0,7.0,1.0,1.0,1.5,1.0,1.0,1.0,0.5470908234023787,0.4473208727078089,1.2230388894902737,0.8370370686310825,0.4473208727078089,10,0.5670050704819871,strong
41,peak_height,0.14547710120677948,0.1294820512831211,0.12657124549150467,0.01766117196791076,0.11789544858038425,0.14050530642271042,0.10223052203655243,0.1634817413985729,0.022609857842326164,0.06125121936202048,0.0,1.0,-0.015995049923658383,-0.01890585571527481,0.01890585571527481,0.00035743138032678923,0.5470908234023787,0.4473208727078089,1.2230388894902737,0.8370370686310825,0.4473208727078089,10,0.5670050704819871,strong
41,cumulative_infected,1.7038888460956514,1.6594761276964436,1.6706308040447766,0.13516758620145697,1.5684567438147496,1.739288951823255,1.432269233891566,1.8709173798721166,0.1708322080085054,0.4386481459805507,1.0,1.0,-0.044412718399207796,-0.03325804205087479,0.03325804205087479,0.0011060973610577559,0.5470908234023787,0.4473208727078089,1.2230388894902737,0.8370370686310825,0.4473208727078089,10,0.5670050704819871,strong
41,early_growth_slope,0.009607228928611478,0.008247398699919098,0.007600982396243558,0.003411381916292352,0.006471647212969227,0.010640053110234603,0.0026743834059397204,0.0139992181278233,0.004168405897265376,0.01132483472188358,1.0,1.0,-0.0013598302286923804,-0.0020062465323679203,0.0020062465323679203,4.025025148638304e-06,0.5470908234023787,0.4473208727078089,1.2230388894902737,0.8370370686310825,0.4473208727078089,10,0.5670050704819871,strong
42,peak_time,0.0,23.57,25.0,14.616480942809563,11.0,34.0,1.9500000000000002,45.099999999999994,23.0,43.14999999999999,0.0,0.0,23.57,25.0,25.0,625.0,0.18451622688231376,0.42387357578928675,0.43530957677352183,0.25944906408492063,0.42387357578928675,28,0.3436017842891281,strong
42,peak_height,0.040671613067388535,0.0500034991838038,0.04740400053560734,0.011223108258582392,0.0433358158916235,0.05529299844056368,0.03525214269757271,0.0744908656924963,0.011957182548940182,0.03923872299492359,0.0,1.0,0.009331886116415264,0.006732387468218803,0.006732387468218803,4.532504102222959e-05,0.18451622688231376,0.42387357578928675,0.43530957677352183,0.25944906408492063,0.42387357578928675,28,0.3436017842891281,strong
42,cumulative_infected,0.2797498427244136,0.5264034345492962,0.4667163360363702,0.20009087379288615,0.41949376309457875,0.555964005048736,0.32097035902552307,0.9878277423908003,0.13647024195415725,0.6668573833652772,0.0,0.0,0.24665359182488256,0.18696649331195658,0.18696649331195658,0.034956469621369904,0.18451622688231376,0.42387357578928675,0.43530957677352183,0.25944906408492063,0.42387357578928675,28,0.3436017842891281,strong
42,early_growth_slope,-0.003542417679411644,-0.0004009753154943083,-0.0005413953885657797,0.002134154324997874,-0.0019672112962109065,0.0009288821775477291,-0.0035828788041336697,0.003144472093221596,0.0028960934737586354,0.006727350897355266,0.0,1.0,0.003141442363917336,0.0030010222908458646,0.0030010222908458646,9.006134790153761e-06,0.18451622688231376,0.42387357578928675,0.43530957677352183,0.25944906408492063,0.42387357578928675,28,0.3436017842891281,strong
43,peak_time,24.0,23.35,24.0,2.138511707527533,22.0,24.25,20.0,27.0,2.25,7.0,1.0,1.0,-0.6499999999999986,0.0,0.0,0.0,0.2948667854125652,0.13486071261813543,2.18645430302222,0.35944537496563156,0.13486071261813543,28,0.591677812725931,strong
43,peak_height,0.2948673367500305,0.2586119422316551,0.25508077442646027,0.019348609952662337,0.24481309205293655,0.2725422754883766,0.23195364475250244,0.2920216977596283,0.027729183435440063,0.06006805300712584,0.0,0.0,-0.036255394518375395,-0.03978656232357025,0.03978656232357025,0.0015829705415273398,0.2948667854125652,0.13486071261813543,2.18645430302222,0.35944537496563156,0.13486071261813543,28,0.591677812725931,strong
43,cumulative_infected,5.926827162853442,5.8300755552973715,5.814814024604857,0.31145378886719266,5.63042442582082,6.039957657223567,5.336821877810872,6.356552899884991,0.40953323140274733,1.0197310220741196,1.0,1.0,-0.0967516075560706,-0.11201313824858516,0.11201313824858516,0.012546943140296652,0.2948667854125652,0.13486071261813543,2.18645430302222,0.35944537496563156,0.13486071261813543,28,0.591677812725931,strong
43,early_growth_slope,0.0063790307031013046,0.003732806731588339,0.0034189762165104695,0.0028986172077472092,0.0015282490168742487,0.005718042416057348,-0.000890718743487794,0.008552747515274123,0.004189793399183099,0.009443466258761917,0.0,1.0,-0.0026462239715129656,-0.002960054486590835,0.002960054486590835,8.761922563586533e-06,0.2948667854125652,0.13486071261813543,2.18645430302222,0.35944537496563156,0.13486071261813543,28,0.591677812725931,strong
44,peak_time,11.0,10.55,10.5,0.7961396760860395,10.0,11.0,9.0,12.0,1.0,3.0,1.0,1.0,-0.4499999999999993,-0.5,0.5,0.25,0.4641801773661484,0.10992693045123098,4.222624751375931,0.7573722680418912,0.10992693045123098,16,0.43070949726774876,strong
44,peak_height,0.5813194513320923,0.5789806187152863,0.57720085978508,0.018440848661917926,0.5643117874860764,0.5906389653682709,0.5528590708971024,0.6115409672260285,0.02632717788219452,0.058681896328926064,1.0,1.0,-0.002338832616806008,-0.004118591547012329,0.004118591547012329,1.696279633112141e-05,0.4641801773661484,0.10992693045123098,4.222624751375931,0.7573722680418912,0.10992693045123098,16,0.43070949726774876,strong
44,cumulative_infected,8.808169837109745,9.034355336182635,9.047876709024422,0.39384454792900137,8.738911776716122,9.316557907099195,8.431140008498915,9.679603359580506,0.5776461303830729,1.2484633510815915,1.0,1.0,0.22618549907289065,0.23970687191467732,0.23970687191467732,0.05745938444311952,0.4641801773661484,0.10992693045123098,4.222624751375931,0.7573722680418912,0.10992693045123098,16,0.43070949726774876,strong
44,early_growth_slope,0.05947697060626176,0.05102348011136719,0.05137597786129584,0.005143953537495478,0.04709469416134413,0.054440020722159664,0.04293434627110226,0.05962887859038475,0.007345326560815532,0.016694532319282494,0.0,1.0,-0.00845349049489457,-0.008100992744965917,0.008100992744965917,6.562608345399042e-05,0.4641801773661484,0.10992693045123098,4.222624751375931,0.7573722680418912,0.10992693045123098,16,0.43070949726774876,strong
45,peak_time,13.0,15.97,15.0,5.147236190815456,13.0,19.0,9.0,23.049999999999997,6.0,14.049999999999997,1.0,1.0,2.9700000000000006,2.0,2.0,4.0,0.5504821241803499,0.4811202332496343,1.144167478599318,0.7122473629309103,0.4811202332496343,29,0.4592393732795915,strong
45,peak_height,0.08838044852018356,0.0854928382858634,0.08386322855949402,0.016933692633505353,0.07355295680463314,0.09671452641487122,0.061335650458931926,0.11576340459287165,0.023161569610238075,0.05442775413393973,1.0,1.0,-0.0028876102343201593,-0.004517219960689545,0.004517219960689545,2.040527617325205e-05,0.5504821241803499,0.4811202332496343,1.144167478599318,0.7122473629309103,0.4811202332496343,29,0.4592393732795915,strong
45,cumulative_infected,1.32186975737568,1.2844126084490564,1.3017101626610383,0.19518085968243618,1.158481829595985,1.3979137962887762,0.9689137547422433,1.585773875459563,0.23943196669279132,0.6168601207173197,1.0,1.0,-0.03745714892662355,-0.02015959471464157,0.02015959471464157,0.00040640925905860437,0.5504821241803499,0.4811202332496343,1.144167478599318,0.7122473629309103,0.4811202332496343,29,0.4592393732795915,strong
45,early_growth_slope,0.00287910923084599,0.0026471923789120493,0.0025458779197097526,0.002632659706539547,0.0007789413003982718,0.00438816399452792,-0.0014427460506946468,0.007151389403484893,0.003609222694129648,0.00859413545417954,1.0,1.0,-0.00023191685193394047,-0.00033323131113623724,0.00033323131113623724,1.1104310672157575e-07,0.5504821241803499,0.4811202332496343,1.144167478599318,0.7122473629309103,0.4811202332496343,29,0.4592393732795915,strong
46,peak_time,10.0,9.09,9.0,0.7533762390570581,9.0,10.0,8.0,10.0,1.0,2.0,1.0,1.0,-0.9100000000000001,-1.0,1.0,1.0,0.6773222230511946,0.2913686597227136,2.3246227775347594,0.8694694506775583,0.2913686597227136,28,0.49774170413340824,strong
46,peak_height,0.3288140892982483,0.31835327863693236,0.31812649965286255,0.024173039114555827,0.3017614036798477,0.3331865519285202,0.2820390433073044,0.36101949512958526,0.031425148248672485,0.07898045182228086,1.0,1.0,-0.010460810661315934,-0.010687589645385742,0.010687589645385742,0.00011422457242815653,0.6773222230511946,0.2913686597227136,2.3246227775347594,0.8694694506775583,0.2913686597227136,28,0.49774170413340824,strong
46,cumulative_infected,3.5794233572669327,3.465526015228315,3.450408321165014,0.19540357587143153,3.3659536080958787,3.601175133313518,3.1882838499470383,3.78223871529226,0.23522152521763928,0.5939548653452218,1.0,1.0,-0.11389734203861757,-0.12901503610191867,0.12901503610191867,0.016644879540379378,0.6773222230511946,0.2913686597227136,2.3246227775347594,0.8694694506775583,0.2913686597227136,28,0.49774170413340824,strong
46,early_growth_slope,0.03775271879775183,0.034699768753893113,0.034752713791455045,0.005003001274153411,0.031643647136488214,0.03805571499868251,0.026027212964947373,0.04289148946242804,0.006412067862194296,0.016864276497480665,1.0,1.0,-0.003052950043858714,-0.0030000050062967826,0.0030000050062967826,9.000030037805758e-06,0.6773222230511946,0.2913686597227136,2.3246227775347594,0.8694694506775583,0.2913686597227136,28,0.49774170413340824,strong
47,peak_time,9.0,9.25,9.0,1.3734495390671027,8.0,10.0,7.0,12.0,2.0,5.0,1.0,1.0,0.25,0.0,0.0,0.0,0.46063832925685005,0.4048661867165254,1.1377545084528744,0.9011944245807871,0.4048661867165254,11,0.3732589867183232,strong
47,peak_height,0.2042602002620697,0.17312534913420677,0.17138799279928207,0.0149314431280499,0.1621551364660263,0.18332749605178833,0.15288412272930146,0.19849944338202477,0.021172359585762024,0.04561532065272331,0.0,0.0,-0.031134851127862934,-0.03287220746278763,0.03287220746278763,0.0010805820234765506,0.46063832925685005,0.4048661867165254,1.1377545084528744,0.9011944245807871,0.4048661867165254,11,0.3732589867183232,strong
47,cumulative_infected,1.9798886673524976,1.9227127989065729,1.927675316343084,0.14059026451004555,1.832047379182768,1.990064368234016,1.7047081205164432,2.203679465618916,0.15801698905124795,0.4989713451024729,1.0,1.0,-0.057175868445924705,-0.0522133510094136,0.0522133510094136,0.002726234023632232,0.46063832925685005,0.4048661867165254,1.1377545084528744,0.9011944245807871,0.4048661867165254,11,0.3732589867183232,strong
47,early_growth_slope,0.021915217163041227,0.017081803389337437,0.017225863701674997,0.003635936018231339,0.014303573487614768,0.019364576102123547,0.011290009783226107,0.023458700581769718,0.005061002614508779,0.01216869079854361,0.0,1.0,-0.00483341377370379,-0.00468935346136623,0.00468935346136623,2.1990035885627445e-05,0.46063832925685005,0.4048661867165254,1.1377545084528744,0.9011944245807871,0.4048661867165254,11,0.3732589867183232,strong
48,peak_time,18.0,23.02,24.0,10.953510576038804,16.75,29.0,3.95,45.0,12.25,41.05,1.0,1.0,5.02,6.0,6.0,36.0,0.16968896516092627,0.1458545775467237,1.1634119958049816,0.26485996447516263,0.1458545775467237,16,0.47157981309090957,strong
48,peak_height,0.08056221902370453,0.07254936031997204,0.06985625997185707,0.017785279263403928,0.06057610269635916,0.08109262958168983,0.05050608646124601,0.09887818619608878,0.020516526885330677,0.048372099734842765,1.0,1.0,-0.008012858703732487,-0.010705959051847458,0.010705959051847458,0.00011461755921983452,0.16968896516092627,0.1458545775467237,1.1634119958049816,0.26485996447516263,0.1458545775467237,16,0.47157981309090957,strong
48,cumulative_infected,1.2925463008141378,1.17510942611465,1.096269982168451,0.4952120156033997,0.8430418571952032,1.3854569486284163,0.5725826767325998,2.0059796514149633,0.5424150914332131,1.4333969746823634,1.0,1.0,-0.11743687469948783,-0.19627631864568684,0.19627631864568684,0.0385243932611032,0.16968896516092627,0.1458545775467237,1.1634119958049816,0.26485996447516263,0.1458545775467237,16,0.47157981309090957,strong
48,early_growth_slope,0.0028618943646766377,0.0006632531924030148,0.0003397139953449383,0.002947959903086088,-0.0010641540834296298,0.0023450797813157325,-0.004185088424925368,0.005381749475020026,0.0034092338647453624,0.009566837899945394,0.0,1.0,-0.0021986411722736228,-0.0025221803693316995,0.0025221803693316995,6.361393815442188e-06,0.16968896516092627,0.1458545775467237,1.1634119958049816,0.26485996447516263,0.1458545775467237,16,0.47157981309090957,strong
49,peak_time,27.0,23.28,21.0,15.403712001798247,10.0,37.0,0.9500000000000002,46.099999999999994,27.0,45.14999999999999,1.0,1.0,-3.719999999999999,-6.0,6.0,36.0,0.25964352451112227,0.49959837313820676,0.5197045035999258,0.32657473314251984,0.49959837313820676,29,0.5120258722483572,strong
49,peak_height,0.06264733523130417,0.05258155290037394,0.04982145316898823,0.0175960108954024,0.04429439827799797,0.058502450585365295,0.03587880581617355,0.07015382833778858,0.014208052307367325,0.034275022521615024,0.0,1.0,-0.01006578233093023,-0.01282588206231594,0.01282588206231594,0.0001645032506764378,0.25964352451112227,0.49959837313820676,0.5197045035999258,0.32657473314251984,0.49959837313820676,29,0.5120258722483572,strong
49,cumulative_infected,0.43363469606265426,0.6102965204480643,0.494611494068522,0.3816621177647727,0.41984194080578163,0.6539311190135777,0.3395169059440377,1.0926810354969345,0.23408917820779607,0.7531641295528968,1.0,1.0,0.17666182438541,0.06097679800586775,0.06097679800586775,0.0037181698950483973,0.25964352451112227,0.49959837313820676,0.5197045035999258,0.32657473314251984,0.49959837313820676,29,0.5120258722483572,strong
49,early_growth_slope,-0.0034872073997359505,-0.00042460808473541404,-0.0003758166605534593,0.0022747556671187095,-0.002013908463552415,0.0010932255837750354,-0.004151285946967875,0.003327183079922438,0.0031071340473274502,0.007478469026890313,0.0,1.0,0.0030625993150005366,0.003111390739182491,0.003111390739182491,9.680752331870569e-06,0.25964352451112227,0.49959837313820676,0.5197045035999258,0.32657473314251984,0.49959837313820676,29,0.5120258722483572,strong
50,peak_time,10.0,8.76,9.0,0.7401883462192497,8.0,9.0,8.0,10.0,1.0,2.0,0.0,1.0,-1.2400000000000002,-1.0,1.0,1.0,0.3974604099809262,0.24095911641648082,1.649493141790676,0.8613896681229373,0.24095911641648082,10,0.32677208220850285,strong
50,peak_height,0.37298449873924255,0.3471719890832901,0.3453528434038162,0.024480280940922455,0.3299059718847275,0.36403073370456696,0.3110211372375488,0.3899804919958115,0.03412476181983948,0.07895935475826266,0.0,1.0,-0.025812509655952443,-0.02763165533542633,0.02763165533542633,0.0007635083765757944,0.3974604099809262,0.24095911641648082,1.649493141790676,0.8613896681229373,0.24095911641648082,10,0.32677208220850285,strong
50,cumulative_infected,3.722048698400613,3.67661843869264,3.680718219926348,0.22865343239680538,3.5037025188066764,3.8624848909094,3.365648960141698,4.019402365770657,0.35878237210272346,0.6537534056289589,1.0,1.0,-0.045430259707972986,-0.041330478474264964,0.041330478474264964,0.0017082084509116796,0.3974604099809262,0.24095911641648082,1.649493141790676,0.8613896681229373,0.24095911641648082,10,0.32677208220850285,strong
50,early_growth_slope,0.03770961710030123,0.040001859354794875,0.04028197546445188,0.005051824033864967,0.036979389995048254,0.0434165415755983,0.0316175672735664,0.04758157653566393,0.006437151580550048,0.015964009262097532,1.0,1.0,0.0022922422544936413,0.002572358364150644,0.002572358364150644,6.617027553615777e-06,0.3974604099809262,0.24095911641648082,1.649493141790676,0.8613896681229373,0.24095911641648082,10,0.32677208220850285,strong
51,peak_time,16.0,21.35,19.5,11.088600935513494,14.0,28.25,4.9,42.099999999999994,14.25,37.199999999999996,1.0,1.0,5.350000000000001,3.5,3.5,12.25,0.25640427902768326,0.2784027918681636,0.9209831457045962,0.4098509093367513,0.2784027918681636,15,0.46514826031535017,strong
51,peak_height,0.0894630029797554,0.06319272082298993,0.06088767386972904,0.016337478324127207,0.05322153680026531,0.07048325426876545,0.040275074914097785,0.08522416315972804,0.017261717468500137,0.04494908824563026,0.0,0.0,-0.026270282156765468,-0.02857532911002636,0.02857532911002636,0.0008165494337463199,0.25640427902768326,0.2784027918681636,0.9209831457045962,0.4098509093367513,0.2784027918681636,15,0.46514826031535017,strong
51,cumulative_infected,0.9774095487082377,0.8847194245889477,0.8346740087508806,0.3756720399903092,0.6640640760015231,1.067611218939419,0.41691647190018555,1.5055336498517131,0.40354714293789584,1.0886171779515275,1.0,1.0,-0.09269012411929001,-0.1427355399573571,0.1427355399573571,0.020373434366918287,0.25640427902768326,0.2784027918681636,0.9209831457045962,0.4098509093367513,0.2784027918681636,15,0.46514826031535017,strong
51,early_growth_slope,0.0007938607817604431,0.0006977873961113803,0.0005203903863383898,0.00221251309484581,-0.0008327863678070041,0.00199123199954123,-0.00299815507813556,0.004462492118104169,0.0028240183673482345,0.007460647196239728,1.0,1.0,-9.607338564906283e-05,-0.00027347039542205333,0.00027347039542205333,7.47860571722942e-08,0.25640427902768326,0.2784027918681636,0.9209831457045962,0.4098509093367513,0.2784027918681636,15,0.46514826031535017,strong
52,peak_time,45.0,33.35,33.0,3.6469857486018573,31.0,35.0,28.0,40.0,4.0,12.0,0.0,0.0,-11.649999999999999,-12.0,12.0,144.0,0.13002599650883884,0.061572437372365146,2.1117565270722403,0.221373478872909,0.061572437372365146,13,0.442378805429992,strong
52,peak_height,0.15473279356956482,0.21068666137754918,0.2131255343556404,0.03660460084455921,0.18648480623960495,0.23381298035383224,0.15067956745624542,0.2670487865805626,0.047328174114227295,0.11636921912431716,0.0,1.0,0.055953867807984364,0.05839274078607559,0.05839274078607559,0.003409712176509816,0.13002599650883884,0.061572437372365146,2.1117565270722403,0.221373478872909,0.061572437372365146,13,0.442378805429992,strong
52,cumulative_infected,4.275188428815454,5.310826604303402,5.245153188239783,1.0107709713497133,4.706835384888109,5.935550782698556,3.5611624089768155,6.858925373054808,1.228715397810447,3.297762964077992,0.0,1.0,1.0356381754879473,0.9699647594243288,0.9699647594243288,0.9408316345250961,0.13002599650883884,0.061572437372365146,2.1117565270722403,0.221373478872909,0.061572437372365146,13,0.442378805429992,strong
52,early_growth_slope,0.008541371684432737,0.001904201774012628,0.001756925832956941,0.002489164036292776,0.0003192171792588425,0.0034211020018639314,-0.0017878811361567515,0.006801811740227829,0.003101884822605089,0.00858969287638458,0.0,0.0,-0.006637169910420109,-0.006784445851475796,0.006784445851475796,4.6028705511607144e-05,0.13002599650883884,0.061572437372365146,2.1117565270722403,0.221373478872909,0.061572437372365146,13,0.442378805429992,strong
53,peak_time,19.0,20.09,20.0,1.4845670729001752,19.0,21.0,18.0,22.049999999999997,2.0,4.049999999999997,1.0,1.0,1.0899999999999999,1.0,1.0,1.0,0.23868797630306637,0.0894728649880811,2.667713572543615,0.39323453615461834,0.0894728649880811,20,0.34497716738870543,strong
53,peak_height,0.46942248940467834,0.43883025854825974,0.43895794451236725,0.021683324603044944,0.4204190671443939,0.4525480195879936,0.4092496961355209,0.47695449888706204,0.0321289524435997,0.06770480275154112,0.0,1.0,-0.0305922308564186,-0.030464544892311096,0.030464544892311096,0.0009280884954956381,0.23868797630306637,0.0894728649880811,2.667713572543615,0.39323453615461834,0.0894728649880811,20,0.34497716738870543,strong
53,cumulative_infected,9.549075569026172,10.016742336923672,9.98760346416384,0.4107237527775715,9.685483176261187,10.312125173164532,9.360670568421483,10.680183918960392,0.626641996903345,1.3195133505389087,0.0,1.0,0.4676667678974997,0.43852789513766766,0.43852789513766766,0.19230671481387324,0.23868797630306637,0.0894728649880811,2.667713572543615,0.39323453615461834,0.0894728649880811,20,0.34497716738870543,strong
53,early_growth_slope,0.006103821866591239,0.007809322311736432,0.007907376380725984,0.0029415658810598706,0.0059975611289874425,0.010020475456604755,0.002630841382224822,0.011908052683741384,0.0040229143276173124,0.009277211301516562,1.0,1.0,0.0017055004451451937,0.0018035545141347458,0.0018035545141347458,3.252808885455819e-06,0.23868797630306637,0.0894728649880811,2.667713572543615,0.39323453615461834,0.0894728649880811,20,0.34497716738870543,strong
54,peak_time,23.0,21.86,20.0,15.220945165040565,7.0,37.25,1.0,44.05,30.25,43.05,1.0,1.0,-1.1400000000000006,-3.0,3.0,9.0,0.15468960716896057,0.1853495767989753,0.8345830070965438,0.18737602501966902,0.1853495767989753,30,0.5638927412501504,strong
54,peak_height,0.057160940021276474,0.05808112140744925,0.05149979144334793,0.02308509462147381,0.04514326713979244,0.06208420917391777,0.03721322491765022,0.11525788307189941,0.016940942034125328,0.07804465815424919,1.0,1.0,0.0009201813861727734,-0.005661148577928543,0.005661148577928543,3.2048603221382366e-05,0.15468960716896057,0.1853495767989753,0.8345830070965438,0.18737602501966902,0.1853495767989753,30,0.5638927412501504,strong
54,cumulative_infected,0.8013227923074737,0.744945923240557,0.5497581425042881,0.6219298562028732,0.45019518458866514,0.7051690770604182,0.33980525134393247,2.6199476938461883,0.25497389247175306,2.280142442502256,0.0,1.0,-0.056376869066916746,-0.2515646498031856,0.2515646498031856,0.06328477303059941,0.15468960716896057,0.1853495767989753,0.8345830070965438,0.18737602501966902,0.1853495767989753,30,0.5638927412501504,strong
54,early_growth_slope,-0.004395565267519225,-9.877174332878647e-06,0.0001876043395549508,0.002369572249745656,-0.0016969794572408614,0.0016902516543355192,-0.004056874145767538,0.0032751764741814904,0.0033872311115763806,0.007332050619949028,0.0,0.0,0.004385688093186346,0.004583169607074176,0.004583169607074176,2.100544364720846e-05,0.15468960716896057,0.1853495767989753,0.8345830070965438,0.18737602501966902,0.1853495767989753,30,0.5638927412501504,strong
55,peak_time,9.0,23.75,23.0,14.121675437840837,13.0,36.25,1.9500000000000002,46.0,23.25,44.05,0.0,1.0,14.75,14.0,14.0,196.0,0.1297717318734944,0.2372919391561622,0.5468863895460495,0.26045244030857917,0.2372919391561622,11,0.3567371855296394,strong
55,peak_height,0.040966738015413284,0.05425911443307996,0.04973551258444786,0.022031878740888397,0.04452004563063383,0.05942751280963421,0.03572280909866095,0.07893617302179336,0.014907467179000378,0.04321336392313241,0.0,1.0,0.013292376417666674,0.008768774569034576,0.008768774569034576,7.689140744254752e-05,0.1297717318734944,0.2372919391561622,0.5468863895460495,0.26045244030857917,0.2372919391561622,11,0.3567371855296394,strong
55,cumulative_infected,0.5876308088190854,0.6472199624774158,0.497677129060321,0.5565055845561588,0.4052902279072441,0.679381808382459,0.3168780310086731,1.3112396324868314,0.27409158047521487,0.9943616014781582,1.0,1.0,0.059589153658330396,-0.08995367975876434,0.08995367975876434,0.00809166450214233,0.1297717318734944,0.2372919391561622,0.5468863895460495,0.26045244030857917,0.2372919391561622,11,0.3567371855296394,strong
55,early_growth_slope,-0.0012338683674378039,-4.439710207093137e-05,-0.0002953101065941142,0.0020304884851288572,-0.0012579614350605483,0.0011578081054418974,-0.002967564419044978,0.0030591830173285566,0.0024157695405024457,0.006026747436373535,1.0,1.0,0.0011894712653668725,0.0009385582608436897,0.0009385582608436897,8.808916089979314e-07,0.1297717318734944,0.2372919391561622,0.5468863895460495,0.26045244030857917,0.2372919391561622,11,0.3567371855296394,strong
56,peak_time,10.0,11.32,11.0,0.9087676192837121,11.0,12.0,10.0,13.0,1.0,3.0,0.0,1.0,1.3200000000000003,1.0,1.0,1.0,0.4178896419656434,0.06386143204699286,6.543693565439254,0.7181101287438748,0.06386143204699286,14,0.4193468639239605,strong
56,peak_height,0.7038492560386658,0.702404345870018,0.7026124000549316,0.021029539228492964,0.6901594251394272,0.7179586887359619,0.6668738186359405,0.7330295830965042,0.02779926359653473,0.0661557644605637,1.0,1.0,-0.0014449101686477839,-0.0012368559837341309,0.0012368559837341309,1.5298127244989246e-06,0.4178896419656434,0.06386143204699286,6.543693565439254,0.7181101287438748,0.06386143204699286,14,0.4193468639239605,strong
56,cumulative_infected,14.39630975201726,14.679733498406131,14.74373652599752,0.663292707075673,14.357672964280937,15.142908611451276,13.369595242477953,15.559229635261,0.7852356471703388,2.189634392783047,1.0,1.0,0.2834237463888716,0.3474267739802599,0.3474267739802599,0.12070536327833059,0.4178896419656434,0.06386143204699286,6.543693565439254,0.7181101287438748,0.06386143204699286,14,0.4193468639239605,strong
56,early_growth_slope,0.06340402539353816,0.05484693285917836,0.05534016782933446,0.006425710315186668,0.050247169797547106,0.059034954229857585,0.04454793314382965,0.06650927992221632,0.008787784432310479,0.021961346778386674,0.0,1.0,-0.008557092534359802,-0.008063857564203705,0.008063857564203705,6.502579881576532e-05,0.4178896419656434,0.06386143204699286,6.543693565439254,0.7181101287438748,0.06386143204699286,14,0.4193468639239605,strong
57,peak_time,10.0,10.51,10.0,1.4598671587552485,9.0,11.0,8.0,13.0,2.0,5.0,1.0,1.0,0.5099999999999998,0.0,0.0,0.0,0.4045568324296825,0.3244582308151546,1.2468687615453355,0.6867831191223527,0.3244582308151546,10,0.486325670297979,strong
57,peak_height,0.19593508541584015,0.15534831665456295,0.15503659844398499,0.017524668238742144,0.14261218905448914,0.16628502309322357,0.12738320603966713,0.1835449308156967,0.023672834038734436,0.05616172477602957,0.0,0.0,-0.0405867687612772,-0.040898486971855164,0.040898486971855164,0.0016726862365870065,0.4045568324296825,0.3244582308151546,1.2468687615453355,0.6867831191223527,0.3244582308151546,10,0.486325670297979,strong
57,cumulative_infected,1.9865718281362206,1.8671885649261093,1.8623892942305247,0.15770107118886728,1.7692472148919478,1.9651490156029467,1.6076983177685178,2.100525395232398,0.19590180071099894,0.4928270774638803,0.0,1.0,-0.11938326321011128,-0.12418253390569589,0.12418253390569589,0.015421301727239309,0.4045568324296825,0.3244582308151546,1.2468687615453355,0.6867831191223527,0.3244582308151546,10,0.486325670297979,strong
57,early_growth_slope,0.00793828382267661,0.011699474490638488,0.011654436856458361,0.0031150444526003495,0.009586298225691452,0.013916138017001294,0.006826545170042665,0.01680110606747413,0.0043298397913098426,0.009974560897431466,0.0,1.0,0.003761190667961878,0.0037161530337817515,0.0037161530337817515,1.3809793370485315e-05,0.4045568324296825,0.3244582308151546,1.2468687615453355,0.6867831191223527,0.3244582308151546,10,0.486325670297979,strong
58,peak_time,12.0,11.98,12.0,1.0728984626287388,11.0,13.0,10.0,14.0,2.0,4.0,1.0,1.0,-0.019999999999999574,0.0,0.0,0.0,0.49421091058404615,0.24642867036992627,2.005492744988486,0.6858457837666214,0.24642867036992627,26,0.4178876234570278,strong
58,peak_height,0.2767248749732971,0.27108958989381793,0.2712247371673584,0.017720250208384233,0.25652557611465454,0.2851213589310646,0.2436676636338234,0.29800688922405244,0.028595782816410065,0.05433922559022905,1.0,1.0,-0.005635285079479191,-0.005500137805938721,0.005500137805938721,3.0251515884316404e-05,0.49421091058404615,0.24642867036992627,2.005492744988486,0.6858457837666214,0.24642867036992627,26,0.4178876234570278,strong
58,cumulative_infected,3.7717176479382033,3.644047225871036,3.643480396945961,0.18703230364087947,3.5210185283795,3.7758877021842636,3.3433062305528436,3.9648780213319696,0.2548691738047637,0.621571790779126,1.0,1.0,-0.12767042206716717,-0.12823725099224248,0.12823725099224248,0.016444792542047396,0.49421091058404615,0.24642867036992627,2.005492744988486,0.6858457837666214,0.24642867036992627,26,0.4178876234570278,strong
58,early_growth_slope,0.021464927676355553,0.01683674085561766,0.016701559627628218,0.003214411191361625,0.014725919162780576,0.018608694818491735,0.011420721867554154,0.02237997810533713,0.0038827756557111587,0.010959256237782976,0.0,1.0,-0.004628186820737894,-0.004763368048727335,0.004763368048727335,2.268967516763646e-05,0.49421091058404615,0.24642867036992627,2.005492744988486,0.6858457837666214,0.24642867036992627,26,0.4178876234570278,strong
59,peak_time,11.0,11.79,12.0,0.9774735523043809,11.0,12.0,10.0,13.0,1.0,3.0,1.0,1.0,0.7899999999999991,1.0,1.0,1.0,0.5181063058253007,0.19346178710744216,2.678080842588112,0.6796018861480377,0.19346178710744216,26,0.504932030752075,strong
59,peak_height,0.3628723919391632,0.3551629820466042,0.35392192006111145,0.02232053840777721,0.33943139016628265,0.3681565299630165,0.3216558188199997,0.3939486190676689,0.028725139796733856,0.07229280024766921,1.0,1.0,-0.007709409892559027,-0.008950471878051758,0.008950471878051758,8.011094683979536e-05,0.5181063058253007,0.19346178710744216,2.678080842588112,0.6796018861480377,0.19346178710744216,26,0.504932030752075,strong
59,cumulative_infected,4.94310406059958,4.860609366107074,4.869164586416446,0.24004900432271375,4.702549212495796,5.003619431794505,4.469396280078217,5.286353866683203,0.30107021929870825,0.8169575866049854,1.0,1.0,-0.08249469449250668,-0.07393947418313473,0.07393947418313473,0.005467045842478448,0.5181063058253007,0.19346178710744216,2.678080842588112,0.6796018861480377,0.19346178710744216,26,0.504932030752075,strong
59,early_growth_slope,0.026666668942198154,0.022935928010388504,0.02285498143949856,0.0034594222454529173,0.020788963575753203,0.02537712252177741,0.016817033186643602,0.027949802772976297,0.004588158946024209,0.011132769586332695,0.0,1.0,-0.00373074093180965,-0.003811687502699595,0.003811687502699595,1.4528961618236274e-05,0.5181063058253007,0.19346178710744216,2.678080842588112,0.6796018861480377,0.19346178710744216,26,0.504932030752075,strong
60,peak_time,2.0,22.63,21.5,14.845776190791465,9.75,35.0,1.0,46.05,25.25,45.05,0.0,1.0,20.63,19.5,19.5,380.25,0.09100120194750967,0.1945119586377279,0.4678437386823933,0.1290172153658571,0.1945119586377279,25,0.4106830889111263,strong
60,peak_height,0.06308336555957794,0.0492158493027091,0.04769800044596195,0.012340254861854374,0.041420760564506054,0.05454677063971758,0.03238456565886736,0.07010281793773174,0.013126010075211525,0.03771825227886438,0.0,1.0,-0.013867516256868842,-0.01538536511361599,0.01538536511361599,0.00023670945967927196,0.09100120194750967,0.1945119586377279,0.4678437386823933,0.1290172153658571,0.1945119586377279,25,0.4106830889111263,strong
60,cumulative_infected,0.4741919182706624,0.5223504596324324,0.481838380017507,0.21388339027765624,0.3940747793058108,0.5658608476660447,0.2943999718134819,0.9610537928161648,0.1717860683602339,0.6666538210026829,1.0,1.0,0.04815854136177,0.0076464617468445795,0.0076464617468445795,5.846837724595746e-05,0.09100120194750967,0.1945119586377279,0.4678437386823933,0.1290172153658571,0.1945119586377279,25,0.4106830889111263,strong
60,early_growth_slope,-0.0054588452219918706,-0.0003717329397667997,-0.0005639542041102502,0.0024226387358674516,-0.0018948849835959702,0.0011052011167997813,-0.004346894966424551,0.0037315128452887394,0.0030000861003957515,0.00807840781171329,0.0,0.0,0.005087112282225071,0.00489489101788162,0.00489489101788162,2.395995807693816e-05,0.09100120194750967,0.1945119586377279,0.4678437386823933,0.1290172153658571,0.1945119586377279,25,0.4106830889111263,strong
61,peak_time,12.0,11.02,11.0,1.317941461890359,10.0,12.0,9.0,13.0,2.0,4.0,1.0,1.0,-0.9800000000000004,-1.0,1.0,1.0,0.3438097350595822,0.3284261206029424,1.0468404109526908,0.6652794512738976,0.3284261206029424,13,0.34701344736724926,strong
61,peak_height,0.19722101092338562,0.1807963114976883,0.1806701421737671,0.018340423183949708,0.16785330325365067,0.19533365219831467,0.15191086903214454,0.20950245559215547,0.027480348944664,0.05759158656001093,0.0,1.0,-0.016424699425697326,-0.01655086874961853,0.01655086874961853,0.00027393125636709925,0.3438097350595822,0.3284261206029424,1.0468404109526908,0.6652794512738976,0.3284261206029424,13,0.34701344736724926,strong
61,cumulative_infected,2.3427465208806098,2.2247344415540646,2.2094564129656646,0.18274596036920948,2.088587810905665,2.3727570580631436,1.9383105341228657,2.509587600485247,0.2841692471574788,0.5712770663623814,1.0,1.0,-0.11801207932654512,-0.1332901079149451,0.1332901079149451,0.017766252867977714,0.3438097350595822,0.3284261206029424,1.0468404109526908,0.6652794512738976,0.3284261206029424,13,0.34701344736724926,strong
61,early_growth_slope,0.011827566150930663,0.012865236411512122,0.012796646940322322,0.0035661171339899985,0.01072098912915126,0.015489759527900741,0.007476792953509306,0.01789912444683501,0.004768770398749482,0.010422331493325703,1.0,1.0,0.0010376702605814584,0.0009690807893916586,0.0009690807893916586,9.391175763679602e-07,0.3438097350595822,0.3284261206029424,1.0468404109526908,0.6652794512738976,0.3284261206029424,13,0.34701344736724926,strong
62,peak_time,25.0,23.66,24.0,14.606087011166878,11.0,34.25,0.0,48.0,23.25,48.0,1.0,1.0,-1.3399999999999999,-1.0,1.0,1.0,0.17941710627414678,0.46552312923419686,0.385409649933602,0.2569461652524362,0.46552312923419686,17,0.5428292496063529,strong
62,peak_height,0.047493163496255875,0.051154456473886965,0.04779859445989132,0.015039628759241287,0.04031418822705746,0.056542761623859406,0.0339106036350131,0.07806534767150877,0.01622857339680195,0.04415474403649567,1.0,1.0,0.0036612929776310907,0.00030543096363544464,0.00030543096363544464,9.328807354727631e-08,0.17941710627414678,0.46552312923419686,0.385409649933602,0.2569461652524362,0.46552312923419686,17,0.5428292496063529,strong
62,cumulative_infected,0.43744308565510437,0.5312727605528744,0.46452378987305565,0.3027321346290817,0.3897019222204108,0.5780274002754595,0.30274639220842803,0.9640823537680262,0.18832547805504873,0.6613359615595982,1.0,1.0,0.09382967489777005,0.02708070421795128,0.02708070421795128,0.0007333645409401642,0.17941710627414678,0.46552312923419686,0.385409649933602,0.2569461652524362,0.46552312923419686,17,0.5428292496063529,strong
62,early_growth_slope,-0.00341306632340309,-0.0005499762441139034,-0.0004847701722090795,0.0019473358592828579,-0.0016355406533832477,0.0005655729193157256,-0.0036991785779329255,0.0027991257089611493,0.0022011135726989735,0.006498304286894074,0.0,1.0,0.0028630900792891868,0.002928296151194011,0.002928296151194011,8.574918349097657e-06,0.17941710627414678,0.46552312923419686,0.385409649933602,0.2569461652524362,0.46552312923419686,17,0.5428292496063529,strong
63,peak_time,8.0,9.73,10.0,1.2937690612463972,9.0,10.25,8.0,12.0,1.25,4.0,0.0,1.0,1.7300000000000004,2.0,2.0,4.0,0.7749290861912972,0.4532056735352181,1.7098839035850646,0.9407598698000622,0.4532056735352181,30,0.5593169178123836,strong
63,peak_height,0.17809180915355682,0.16208238437771796,0.16222072392702103,0.015152271024920401,0.15346983820199966,0.17166005820035934,0.13596822768449784,0.18522211089730262,0.01819021999835968,0.04925388321280477,0.0,1.0,-0.01600942477583886,-0.015871085226535797,0.015871085226535797,0.00025189134626796283,0.7749290861912972,0.4532056735352181,1.7098839035850646,0.9407598698000622,0.4532056735352181,30,0.5593169178123836,strong
63,cumulative_infected,1.8519461296964437,1.8317196018638606,1.8134870409267023,0.12467528493068264,1.738937625195831,1.9074625552016187,1.6643076980624756,2.050299129699124,0.1685249300057876,0.3859914316366486,1.0,1.0,-0.020226527832583052,-0.038459088769741356,0.038459088769741356,0.0014791015089988457,0.7749290861912972,0.4532056735352181,1.7098839035850646,0.9407598698000622,0.4532056735352181,30,0.5593169178123836,strong
63,early_growth_slope,0.020390086674264493,0.01485259767256052,0.014912356743090119,0.0031233311160872306,0.012480349238363227,0.01685015629794049,0.009656179341531934,0.01961724583968697,0.004369807059577263,0.009961066498155037,0.0,0.0,-0.005537489001703973,-0.005477729931174374,0.005477729931174374,3.0005525198883615e-05,0.7749290861912972,0.4532056735352181,1.7098839035850646,0.9407598698000622,0.4532056735352181,30,0.5593169178123836,strong
64,peak_time,11.0,9.36,9.0,0.8105366721929964,9.0,10.0,8.0,11.0,1.0,3.0,0.0,1.0,-1.6400000000000006,-2.0,2.0,4.0,0.44920191265501797,0.271317189481482,1.655633811899253,0.8130180448702262,0.271317189481482,12,0.41119949287019236,strong
64,peak_height,0.32212191820144653,0.29013380825519564,0.2895182967185974,0.022425006074886414,0.2748461291193962,0.30701129138469696,0.25666709840297697,0.3231268763542175,0.03216516226530075,0.06645977795124053,0.0,1.0,-0.0319881099462509,-0.03260362148284912,0.03260362148284912,0.0010629961337969007,0.44920191265501797,0.271317189481482,1.655633811899253,0.8130180448702262,0.271317189481482,12,0.41119949287019236,strong
64,cumulative_infected,3.2442332209611777,3.207395552684029,3.1965828713728115,0.18137841892586684,3.0669195271620993,3.344405948606436,2.9517262658802794,3.457409448525868,0.2774864214443369,0.5056831826455888,1.0,1.0,-0.036837668277148516,-0.047650349588366225,0.047650349588366225,0.0022705558158935134,0.44920191265501797,0.271317189481482,1.655633811899253,0.8130180448702262,0.271317189481482,12,0.41119949287019236,strong
64,early_growth_slope,0.03250718525738366,0.029883497011372426,0.029803255265246006,0.004529117364061852,0.027197082959381592,0.03277259720544818,0.02241995371656403,0.03769018942312824,0.005575514246066587,0.01527023570656421,1.0,1.0,-0.0026236882460112312,-0.0027039299921376506,0.0027039299921376506,7.311237402381515e-06,0.44920191265501797,0.271317189481482,1.655633811899253,0.8130180448702262,0.271317189481482,12,0.41119949287019236,strong
65,peak_time,43.0,26.12,27.0,15.44117544068129,12.0,39.0,2.95,48.0,27.0,45.05,0.0,1.0,-16.88,-16.0,16.0,256.0,0.0760699878871684,0.1993788862511785,0.3815348220540015,0.11345481410824892,0.1993788862511785,18,0.4851360743960601,strong
65,peak_height,0.03709110990166664,0.05591340182349086,0.05127461068332195,0.02382049096125029,0.04277403838932514,0.06152159906923771,0.035115030594170094,0.08922501392662521,0.018747560679912567,0.05410998333245512,0.0,1.0,0.01882229192182422,0.014183500781655312,0.014183500781655312,0.00020117169442321683,0.0760699878871684,0.1993788862511785,0.3815348220540015,0.11345481410824892,0.1993788862511785,18,0.4851360743960601,strong
65,cumulative_infected,0.43681878902134486,0.6886099129579634,0.48821772530209273,0.6130171959894497,0.4149779505969491,0.7724942429194925,0.32513740226504523,1.4266770496615202,0.35751629232254345,1.101539647396475,1.0,1.0,0.2517911239366185,0.051398936280747876,0.051398936280747876,0.0026418506507923803,0.0760699878871684,0.1993788862511785,0.3815348220540015,0.11345481410824892,0.1993788862511785,18,0.4851360743960601,strong
65,early_growth_slope,0.00017084548294189427,-2.8733920243254805e-05,-8.99188009844646e-05,0.0018703591388575037,-0.001120088177794102,0.001476615248888958,-0.002972249450561191,0.0028023574683434804,0.00259670342668306,0.005774606918904671,1.0,1.0,-0.00019957940318514908,-0.0002607642839263589,0.0002607642839263589,6.799801177162672e-08,0.0760699878871684,0.1993788862511785,0.3815348220540015,0.11345481410824892,0.1993788862511785,18,0.4851360743960601,strong
66,peak_time,10.0,10.75,11.0,1.5200677815828019,10.0,12.0,8.0,13.0,2.0,5.0,1.0,1.0,0.75,1.0,1.0,1.0,0.3086810827521987,0.27897290707603106,1.1064912574756622,0.6492422404934769,0.27897290707603106,10,0.34431030418934233,strong
66,peak_height,0.17689268290996552,0.16308523550629617,0.16071917116641998,0.017412640163355503,0.14993784576654434,0.17449676990509033,0.13872816562652587,0.1905303321778774,0.02455892413854599,0.05180216655135153,0.0,1.0,-0.013807447403669348,-0.016173511743545532,0.016173511743545532,0.00026158248211860524,0.3086810827521987,0.27897290707603106,1.1064912574756622,0.6492422404934769,0.27897290707603106,10,0.34431030418934233,strong
66,cumulative_infected,2.1359560266137123,2.021681365859322,2.0025480191252427,0.16370356397507665,1.9219253650153405,2.1075324431294575,1.7786773250616534,2.3135867791876077,0.18560707811411703,0.5349094541259543,0.0,1.0,-0.1142746607543903,-0.1334080074884696,0.1334080074884696,0.017797696462043558,0.3086810827521987,0.27897290707603106,1.1064912574756622,0.6492422404934769,0.27897290707603106,10,0.34431030418934233,strong
66,early_growth_slope,0.013295479562310943,0.012718351478824408,0.012768954612381223,0.0029436974198149856,0.011019135826721873,0.014552584799405717,0.008068777768667566,0.01773283016574125,0.0035334489726838447,0.009664052397073682,1.0,1.0,-0.0005771280834865351,-0.0005265249499297204,0.0005265249499297204,2.772285228984946e-07,0.3086810827521987,0.27897290707603106,1.1064912574756622,0.6492422404934769,0.27897290707603106,10,0.34431030418934233,strong
67,peak_time,11.0,13.69,14.0,1.727349812208683,13.0,15.0,11.0,17.0,2.0,6.0,0.0,1.0,2.6899999999999995,3.0,3.0,9.0,0.4694661352214037,0.34321988838262557,1.367829053944675,0.6568974600625646,0.34321988838262557,27,0.37972145334554497,strong
67,peak_height,0.1459399163722992,0.15860091976821422,0.1567952036857605,0.01705391190947135,0.14664483070373535,0.16928894445300102,0.13473452031612396,0.19039400964975356,0.02264411374926567,0.0556594893336296,0.0,1.0,0.012661003395915027,0.010855287313461304,0.010855287313461304,0.00011783726265779393,0.4694661352214037,0.34321988838262557,1.367829053944675,0.6568974600625646,0.34321988838262557,27,0.37972145334554497,strong
67,cumulative_infected,2.4360641327220947,2.306307385168657,2.3050530082546175,0.16877869656823616,2.20514123828616,2.4080895989900455,2.026571377802611,2.573822035267949,0.20294836070388556,0.5472506574653377,0.0,1.0,-0.1297567475534378,-0.1310111244674772,0.1310111244674772,0.017163914734232805,0.4694661352214037,0.34321988838262557,1.367829053944675,0.6568974600625646,0.34321988838262557,27,0.37972145334554497,strong
67,early_growth_slope,0.0012460315843955405,0.008174066685299164,0.008329968645869353,0.0026412581218730647,0.0064121679242816745,0.010186820977001583,0.0036536830255673044,0.012001386295360999,0.0037746530527199085,0.008347703269793694,0.0,0.0,0.006928035100903623,0.007083937061473812,0.007083937061473812,5.018216429092223e-05,0.4694661352214037,0.34321988838262557,1.367829053944675,0.6568974600625646,0.34321988838262557,27,0.37972145334554497,strong
68,peak_time,18.0,19.94,20.0,1.489491812191614,19.0,21.0,17.95,22.0,2.0,4.050000000000001,0.0,1.0,1.9400000000000013,2.0,2.0,4.0,0.2888141605114771,0.10367238330717621,2.785835063285223,0.3969083986669887,0.10367238330717621,26,0.43262392469655997,strong
68,peak_height,0.4027622938156128,0.3929809835553169,0.39425352215766907,0.0173335211408824,0.3818553313612938,0.40383297950029373,0.36488218456506727,0.4190932124853134,0.02197764813899994,0.054211027920246124,1.0,1.0,-0.009781310260295883,-0.008508771657943726,0.008508771657943726,7.239919512702642e-05,0.2888141605114771,0.10367238330717621,2.785835063285223,0.3969083986669887,0.10367238330717621,26,0.43262392469655997,strong
68,cumulative_infected,8.591617131140083,8.547445285262365,8.547878339129966,0.35559049683366506,8.293125051539391,8.82460845191963,7.9726052158512175,9.129267918970436,0.5314834003802389,1.1566627031192187,1.0,1.0,-0.044171845877718496,-0.04373879201011732,0.04373879201011732,0.0019130819265043028,0.2888141605114771,0.10367238330717621,2.785835063285223,0.3969083986669887,0.10367238330717621,26,0.43262392469655997,strong
68,early_growth_slope,0.01001851773998212,0.00749151571757249,0.007475426409482245,0.002669003961773526,0.0057045766069287705,0.009276887902940092,0.003963388337468218,0.011904246645350385,0.0035723112960113212,0.007940858307882166,0.0,1.0,-0.00252700202240963,-0.002543091330499875,0.002543091330499875,6.467313515263624e-06,0.2888141605114771,0.10367238330717621,2.785835063285223,0.3969083986669887,0.10367238330717621,26,0.43262392469655997,strong
69,peak_time,8.0,8.97,9.0,1.067944310582275,8.0,10.0,7.0,11.0,2.0,4.0,1.0,1.0,0.9700000000000006,1.0,1.0,1.0,0.7218228304535367,0.42726747519896874,1.689393348083423,0.964894141280031,0.42726747519896874,30,0.3702124916417382,strong
69,peak_height,0.21341867744922638,0.19578389540314675,0.1944538727402687,0.01850665126998166,0.1853388361632824,0.20797333493828773,0.16288074776530265,0.22619272544980049,0.02263449877500534,0.06331197768449784,0.0,1.0,-0.017634782046079628,-0.018964804708957672,0.018964804708957672,0.0003596638176489031,0.7218228304535367,0.42726747519896874,1.689393348083423,0.964894141280031,0.42726747519896874,30,0.3702124916417382,strong
69,cumulative_infected,2.241737711476162,2.1046363007007494,2.1046734301080505,0.16594564397812722,1.9709964624207714,2.230516235434152,1.855266318989743,2.3917994834831915,0.2595197730133805,0.5365331644934486,0.0,1.0,-0.1371014107754127,-0.13706428136811155,0.13706428136811155,0.01878661722695685,0.7218228304535367,0.42726747519896874,1.689393348083423,0.964894141280031,0.42726747519896874,30,0.3702124916417382,strong
69,early_growth_slope,0.021792654180899255,0.0200416668655955,0.019718434417708992,0.0037196161745069374,0.017735342600471556,0.022679385224667684,0.014336954489755,0.026088651779129914,0.004944042624196128,0.011751697289374915,1.0,1.0,-0.0017509873153037543,-0.002074219763190263,0.002074219763190263,4.302387626009071e-06,0.7218228304535367,0.42726747519896874,1.689393348083423,0.964894141280031,0.42726747519896874,30,0.3702124916417382,strong
70,peak_time,29.0,28.11,28.0,2.5854878601044473,26.0,30.0,24.0,32.05,4.0,8.049999999999997,1.0,1.0,-0.8900000000000006,-1.0,1.0,1.0,0.21081816620132215,0.09106882650441542,2.3149322802693715,0.2791514826197025,0.09106882650441542,30,0.38802656735775654,strong
70,peak_height,0.3467494547367096,0.3106560742855072,0.3115019202232361,0.024242335426677954,0.2922815531492233,0.3273443803191185,0.2741634249687195,0.3531912207603455,0.03506282716989517,0.079027795791626,0.0,1.0,-0.03609338045120242,-0.03524753451347351,0.03524753451347351,0.0012423886892785063,0.21081816620132215,0.09106882650441542,2.3149322802693715,0.2791514826197025,0.09106882650441542,30,0.38802656735775654,strong
70,cumulative_infected,7.903700852766633,7.82831765493378,7.855827561448677,0.5647533773575178,7.396667924942449,8.258464328711852,6.959946741489693,8.719027759833262,0.8617964037694037,1.7590810183435686,1.0,1.0,-0.07538319783285274,-0.04787329131795559,0.04787329131795559,0.0022918520216138423,0.21081816620132215,0.09106882650441542,2.3149322802693715,0.2791514826197025,0.09106882650441542,30,0.38802656735775654,strong
70,early_growth_slope,0.000661889224180153,0.0026300099436602554,0.0029310990828976397,0.0028948763646749996,0.0008107702616966684,0.004342964452613765,-0.0023200144370396913,0.007352239502194735,0.003532194190917097,0.009672253939234425,0.0,1.0,0.0019681207194801025,0.0022692098587174868,0.0022692098587174868,5.149313382900636e-06,0.21081816620132215,0.09106882650441542,2.3149322802693715,0.2791514826197025,0.09106882650441542,30,0.38802656735775654,strong
71,peak_time,36.0,22.92,21.0,15.769603800996526,8.0,36.25,1.0,48.0,28.25,47.0,1.0,1.0,-13.079999999999998,-15.0,15.0,225.0,0.08590757750792571,0.24478379864164718,0.3509528734525877,0.12868088007638212,0.24478379864164718,23,0.38444763880851307,strong
71,peak_height,0.04289776831865311,0.05119984874501824,0.049053655937314034,0.013497885660831732,0.042433951050043106,0.056426589377224445,0.031147167086601257,0.07817448116838932,0.01399263832718134,0.04702731408178806,1.0,1.0,0.008302080426365134,0.006155887618660927,0.006155887618660927,3.7894952373582896e-05,0.08590757750792571,0.24478379864164718,0.3509528734525877,0.12868088007638212,0.24478379864164718,23,0.38444763880851307,strong
71,cumulative_infected,0.42307577887549996,0.6102712814198094,0.5247475475043757,0.29472403843582146,0.41007751526012726,0.6985744459088892,0.33558812157134527,1.2716388902073958,0.2884969306487619,0.9360507686360506,1.0,1.0,0.1871955025443094,0.10167176862887572,0.10167176862887572,0.010337148536123638,0.08590757750792571,0.24478379864164718,0.3509528734525877,0.12868088007638212,0.24478379864164718,23,0.38444763880851307,strong
71,early_growth_slope,-0.0023638938243190424,-0.00014438916970469764,0.00016516978281461484,0.002042868840663956,-0.0015055358803476233,0.000748441738150654,-0.0035705795216883726,0.0038426445375773165,0.0022539776184982772,0.007413224059265689,0.0,1.0,0.0022195046546143447,0.0025290636071336574,0.0025290636071336574,6.396162728927906e-06,0.08590757750792571,0.24478379864164718,0.3509528734525877,0.12868088007638212,0.24478379864164718,23,0.38444763880851307,strong
72,peak_time,27.0,20.48,17.5,15.995883308785508,5.0,36.0,0.9500000000000002,47.0,31.0,46.05,1.0,1.0,-6.52,-9.5,9.5,90.25,0.18454529396298075,0.3737160540142773,0.4938115234298456,0.25352098817606294,0.3737160540142773,27,0.40854142920643155,strong
72,peak_height,0.03389938175678253,0.05209968855604529,0.04800960049033165,0.01373262743157473,0.042029441334307194,0.05957923270761967,0.03663888778537512,0.07448867037892341,0.017549791373312473,0.03784978259354829,0.0,0.0,0.01820030679926276,0.014110218733549118,0.014110218733549118,0.00019909827270860048,0.18454529396298075,0.3737160540142773,0.4938115234298456,0.25352098817606294,0.3737160540142773,27,0.40854142920643155,strong
72,cumulative_infected,0.39678584365174174,0.5472054747286257,0.46649718916160055,0.29269174695109235,0.40380866868872545,0.5617562577535864,0.3238871239373111,1.1315134985372424,0.15794758906486095,0.8076263745999313,0.0,1.0,0.15041963107688394,0.0697113455098588,0.0697113455098588,0.004859671692794911,0.18454529396298075,0.3737160540142773,0.4938115234298456,0.25352098817606294,0.3737160540142773,27,0.40854142920643155,strong
72,early_growth_slope,-0.0009817230637140912,-0.000353244660300766,-0.0004582029692496033,0.0022776988811552884,-0.0015844155738401835,0.0008397506199322552,-0.004249328780861103,0.003065512696325421,0.002424166193772439,0.0073148414771865245,1.0,1.0,0.0006284784034133251,0.0005235200944644879,0.0005235200944644879,2.740732893081063e-07,0.18454529396298075,0.3737160540142773,0.4938115234298456,0.25352098817606294,0.3737160540142773,27,0.40854142920643155,strong
73,peak_time,13.0,22.3,19.0,14.580670752608045,12.0,35.0,1.0,46.0,23.0,45.0,1.0,1.0,9.3,6.0,6.0,36.0,0.08506921827353228,0.2714882301583751,0.313344037875625,0.12722708004934427,0.2714882301583751,21,0.4286910573535497,strong
73,peak_height,0.0370512418448925,0.05034372041001916,0.04899456351995468,0.011130025718462902,0.043311034329235554,0.05467558745294809,0.03650560807436705,0.0697858341038227,0.01136455312371254,0.033280226029455656,0.0,1.0,0.013292478565126657,0.01194332167506218,0.01194332167506218,0.00014264293263401007,0.08506921827353228,0.2714882301583751,0.313344037875625,0.12722708004934427,0.2714882301583751,21,0.4286910573535497,strong
73,cumulative_infected,0.42461432109121233,0.5568929501161324,0.48304406739771366,0.2381438312460456,0.42419702536062687,0.5934862186841201,0.2737413467904844,0.9976628646942114,0.16928919332349324,0.723921517903727,1.0,1.0,0.13227862902492005,0.05842974630650133,0.05842974630650133,0.0034140352534421056,0.08506921827353228,0.2714882301583751,0.313344037875625,0.12722708004934427,0.2714882301583751,21,0.4286910573535497,strong
73,early_growth_slope,0.0006087403079228742,-0.00024846619266229744,-0.00021397912253936092,0.002352021868553447,-0.0016448448971329646,0.0014431707954610747,-0.004147421065551625,0.003668455295146918,0.0030880156925940394,0.007815876360698543,1.0,1.0,-0.0008572065005851717,-0.0008227194304622352,0.0008227194304622352,6.768672612601046e-07,0.08506921827353228,0.2714882301583751,0.313344037875625,0.12722708004934427,0.2714882301583751,21,0.4286910573535497,strong
74,peak_time,25.0,21.2,19.0,14.84328913425971,8.0,33.25,0.9500000000000002,47.0,25.25,46.05,1.0,1.0,-3.8000000000000007,-6.0,6.0,36.0,0.10014514403694999,0.16604354449852726,0.6031257905232096,0.1952040934100503,0.16604354449852726,10,0.39128486170230276,strong
74,peak_height,0.04372168332338333,0.05215474434196949,0.050263866782188416,0.0170436602729862,0.04251739755272865,0.058724796399474144,0.03426490407437086,0.06966331265866756,0.01620739884674549,0.035398408584296694,1.0,1.0,0.008433061018586159,0.006542183458805084,0.006542183458805084,4.2800164408662855e-05,0.10014514403694999,0.16604354449852726,0.6031257905232096,0.1952040934100503,0.16604354449852726,10,0.39128486170230276,strong
74,cumulative_infected,0.4534177710302174,0.6051539318020264,0.49160726711852476,0.4302058190107498,0.3990507278504083,0.5876283202087507,0.3537514330877457,1.1432138897624093,0.18857759235834237,0.7894624566746636,1.0,1.0,0.15173616077180896,0.03818949608830735,0.03818949608830735,0.0014584376114788425,0.10014514403694999,0.16604354449852726,0.6031257905232096,0.1952040934100503,0.16604354449852726,10,0.39128486170230276,strong
74,early_growth_slope,0.0024946759443818813,-0.00035521538411687994,-0.0004297623610390078,0.0024103921379207286,-0.001977541625300155,0.0010845557401245021,-0.003968222986285189,0.003650433992152101,0.0030620973654246573,0.007618656978437291,0.0,1.0,-0.0028498913284987614,-0.0029244383054208892,0.0029244383054208892,8.552339402213002e-06,0.10014514403694999,0.16604354449852726,0.6031257905232096,0.1952040934100503,0.16604354449852726,10,0.39128486170230276,strong
75,peak_time,6.0,21.83,18.0,13.168722509235756,13.0,33.0,1.0,45.099999999999994,20.0,44.099999999999994,0.0,1.0,15.829999999999998,12.0,12.0,144.0,0.17964074189371423,0.19841472729635684,0.9053800811136296,0.2886835928424735,0.19841472729635684,17,0.42769022927601064,strong
75,peak_height,0.06157945096492767,0.06292841296643019,0.060905540362000465,0.015459455055235688,0.05036838259547949,0.07329566404223442,0.043164216727018354,0.09185529500246048,0.022927281446754932,0.048691078275442126,1.0,1.0,0.0013489620015025156,-0.000673910602927208,0.000673910602927208,4.5415550073771294e-07,0.17964074189371423,0.19841472729635684,0.9053800811136296,0.2886835928424735,0.19841472729635684,17,0.42769022927601064,strong
75,cumulative_infected,0.9842373954597861,0.8411466697888409,0.8547402139520273,0.3119422750061568,0.5729856039852166,1.060458650768851,0.39897152237599587,1.3850239780847915,0.48747304678363435,0.9860524557087956,1.0,1.0,-0.14309072567094516,-0.1294971815077588,0.1294971815077588,0.016769520018453426,0.17964074189371423,0.19841472729635684,0.9053800811136296,0.2886835928424735,0.19841472729635684,17,0.42769022927601064,strong
75,early_growth_slope,0.0012221016610662167,0.0007170184353552556,0.0005130261484910517,0.0026764539696492967,-0.0008003570677439188,0.0023000866848243667,-0.002969292171266194,0.005559612704452038,0.0031004437525682855,0.008528904875718231,1.0,1.0,-0.0005050832257109611,-0.000709075512575165,0.000709075512575165,5.02788082533733e-07,0.17964074189371423,0.19841472729635684,0.9053800811136296,0.2886835928424735,0.19841472729635684,17,0.42769022927601064,strong
76,peak_time,36.0,19.6,16.5,13.987729110065208,8.0,31.0,1.0,44.099999999999994,23.0,43.099999999999994,0.0,1.0,-16.4,-19.5,19.5,380.25,0.0532061937538551,0.46346005926641953,0.11480211226415431,0.11987591206446396,0.46346005926641953,10,0.30480488988107934,strong
76,peak_height,0.04125336930155754,0.050560604985803365,0.046970099210739136,0.013050114914320489,0.04302429500967264,0.05592138599604368,0.03405896257609129,0.07387066744267941,0.01289709098637104,0.03981170486658812,0.0,1.0,0.009307235684245824,0.005716729909181595,0.005716729909181595,3.2681000854531406e-05,0.0532061937538551,0.46346005926641953,0.11480211226415431,0.11987591206446396,0.46346005926641953,10,0.30480488988107934,strong
76,cumulative_infected,0.4232656255335314,0.528713856666236,0.4641240159980953,0.24819042287412474,0.39123290005954914,0.5469900454409071,0.30345112867944407,1.153100710173021,0.155757145381358,0.8496495814935769,1.0,1.0,0.10544823113270463,0.040858390464563854,0.040858390464563854,0.0016694080713547624,0.0532061937538551,0.46346005926641953,0.11480211226415431,0.11987591206446396,0.46346005926641953,10,0.30480488988107934,strong
76,early_growth_slope,0.002009016275960242,-0.0003573689831968547,-0.0002641841755186233,0.0021657240286070216,-0.001998853380861136,0.0012025777444553873,-0.003788816935931598,0.0032213186877058982,0.0032014311253165235,0.0070101356236374965,0.0,1.0,-0.0023663852591570963,-0.002273200451478865,0.002273200451478865,5.167440292603716e-06,0.0532061937538551,0.46346005926641953,0.11480211226415431,0.11987591206446396,0.46346005926641953,10,0.30480488988107934,strong
77,peak_time,14.0,15.54,15.0,3.6664462743681767,13.0,18.0,11.0,21.0,5.0,10.0,1.0,1.0,1.5399999999999991,1.0,1.0,1.0,0.5507636863759274,0.44512069686846634,1.23733560414217,0.681268302894532,0.44512069686846634,28,0.5646334932676826,strong
77,peak_height,0.09019486606121063,0.09779893472790718,0.09724632278084755,0.016509873995465683,0.08849803544580936,0.10599875822663307,0.07478143684566022,0.12723881155252456,0.017500722780823708,0.052457374706864346,1.0,1.0,0.007604068666696551,0.007051456719636917,0.007051456719636917,4.972304186891263e-05,0.5507636863759274,0.44512069686846634,1.23733560414217,0.681268302894532,0.44512069686846634,28,0.5646334932676826,strong
77,cumulative_infected,1.5207578798290342,1.4837732618912014,1.476875133055728,0.19914238987475402,1.3647346779762302,1.6094083953939844,1.1569080189685337,1.8128237375873142,0.24467371741775423,0.6559157186187805,1.0,1.0,-0.03698461793783281,-0.04388274677330628,0.04388274677330628,0.0019256954643701227,0.5507636863759274,0.44512069686846634,1.23733560414217,0.681268302894532,0.44512069686846634,28,0.5646334932676826,strong
77,early_growth_slope,0.002974231730193076,0.003541544331159717,0.0036048858039846106,0.0025514881463350445,0.0020165944616088553,0.0052055041860079474,-0.0012632134157077699,0.007623854751831719,0.003188909724399092,0.008887068167539489,1.0,1.0,0.000567312600966641,0.0006306540737915345,0.0006306540737915345,3.977245607898583e-07,0.5507636863759274,0.44512069686846634,1.23733560414217,0.681268302894532,0.44512069686846634,28,0.5646334932676826,strong
78,peak_time,10.0,11.38,11.0,1.0128467731392474,11.0,12.0,10.0,13.0,1.0,3.0,0.0,1.0,1.3800000000000008,1.0,1.0,1.0,0.5543522152894045,0.06036938635411579,9.182671031931246,0.7174105271989549,0.06036938635411579,26,0.5264847620726063,strong
78,peak_height,0.7254431247711182,0.7159579902887344,0.715360701084137,0.020558157222395828,0.7013552486896515,0.7274641990661621,0.6815000593662262,0.7530713438987732,0.02610895037651062,0.07157128453254702,1.0,1.0,-0.00948513448238375,-0.010082423686981201,0.010082423686981201,0.0001016552674037996,0.5543522152894045,0.06036938635411579,9.182671031931246,0.7174105271989549,0.06036938635411579,26,0.5264847620726063,strong
78,cumulative_infected,15.303276002407074,15.506693411423475,15.584607613040134,0.7084713510203057,15.064235961064696,16.06223126454279,14.349405253879377,16.452459331415593,0.997995303478092,2.103054077536216,1.0,1.0,0.20341740901640115,0.28133161063306034,0.28133161063306034,0.07914747514139187,0.5543522152894045,0.06036938635411579,9.182671031931246,0.7174105271989549,0.06036938635411579,26,0.5264847620726063,strong
78,early_growth_slope,0.059420631300391887,0.054967451445622616,0.05447241790811641,0.00797162939749227,0.049450736521976055,0.06073873807465478,0.04180324852599628,0.06873256835277147,0.011288001552678728,0.02692931982677519,1.0,1.0,-0.004453179854769271,-0.004948213392275476,0.004948213392275476,2.448481577549437e-05,0.5543522152894045,0.06036938635411579,9.182671031931246,0.7174105271989549,0.06036938635411579,26,0.5264847620726063,strong
79,peak_time,42.0,22.53,23.0,15.309239964244739,7.75,35.25,1.0,46.0,27.5,45.0,0.0,1.0,-19.47,-19.0,19.0,361.0,0.09107326516305117,0.3963592205471857,0.22977455914188605,0.165658333592008,0.3963592205471857,10,0.43720709055415796,strong
79,peak_height,0.051454782485961914,0.054207326602190735,0.05119340680539608,0.016173438367398724,0.044155548326671124,0.06257224082946777,0.0340596841648221,0.0779392722994089,0.01841669250279665,0.043879588134586804,1.0,1.0,0.002752544116228821,-0.00026137568056583405,0.00026137568056583405,6.831724639125292e-08,0.09107326516305117,0.3963592205471857,0.22977455914188605,0.165658333592008,0.3963592205471857,10,0.43720709055415796,strong
79,cumulative_infected,0.473064947698731,0.6375344999226036,0.5073898310656659,0.3765150194161138,0.4218342174208374,0.6844087278877851,0.32438365041889483,1.4047846108180235,0.2625745104669477,1.0804009603991287,1.0,1.0,0.1644695522238726,0.034324883366934955,0.034324883366934955,0.001178197618153688,0.09107326516305117,0.3963592205471857,0.22977455914188605,0.165658333592008,0.3963592205471857,10,0.43720709055415796,strong
79,early_growth_slope,0.0021355562507995355,-0.0006494752384709752,-0.0007793750230034448,0.0024911276158754714,-0.0024861114264543463,0.0009748532507468811,-0.004181377087661528,0.0031303022421308824,0.0034609646772012274,0.00731167932979241,0.0,1.0,-0.0027850314892705107,-0.0029149312738029802,0.0029149312738029802,8.496824330994665e-06,0.09107326516305117,0.3963592205471857,0.22977455914188605,0.165658333592008,0.3963592205471857,10,0.43720709055415796,strong
80,peak_time,0.0,21.07,19.0,14.520800128217328,8.0,32.5,1.0,45.05,24.5,44.05,0.0,0.0,21.07,19.0,19.0,361.0,0.2744815616531808,0.41308465617465256,0.6644680637499393,0.4208321475747494,0.41308465617465256,23,0.3559912066596071,strong
80,peak_height,0.04171193018555641,0.05327873293310404,0.04924257844686508,0.015025315885450849,0.043656530790030956,0.05964118428528309,0.03691087886691093,0.07775942198932168,0.015984653495252132,0.04084854312241074,0.0,1.0,0.011566802747547629,0.00753064826130867,0.00753064826130867,5.6710663235551295e-05,0.2744815616531808,0.41308465617465256,0.6644680637499393,0.4208321475747494,0.41308465617465256,23,0.3559912066596071,strong
80,cumulative_infected,0.43036529162782244,0.5822115500900554,0.4724604761249793,0.318295263740815,0.40270506306842435,0.655948896164773,0.31605960827691887,1.184734712739009,0.2532438330963487,0.8686751044620902,1.0,1.0,0.15184625846223299,0.04209518449715688,0.04209518449715688,0.0017720045578496768,0.2744815616531808,0.41308465617465256,0.6644680637499393,0.4208321475747494,0.41308465617465256,23,0.3559912066596071,strong
80,early_growth_slope,-0.002848286503216339,-0.00010905012401140238,1.4388723121513188e-05,0.0021796009996955684,-0.0012949525899741616,0.0011518134838081012,-0.004222256325495736,0.0032307764216619977,0.002446766073782263,0.007453032747157733,0.0,1.0,0.0027392363792049365,0.0028626752263378524,0.0028626752263378524,8.194909451488474e-06,0.2744815616531808,0.41308465617465256,0.6644680637499393,0.4208321475747494,0.41308465617465256,23,0.3559912066596071,strong
81,peak_time,11.0,11.85,12.0,0.9031370691409835,11.0,13.0,10.0,13.0,2.0,3.0,1.0,1.0,0.8499999999999996,1.0,1.0,1.0,0.5149909364383253,0.0786354498216088,6.549093794295397,0.6679157949886697,0.0786354498216088,25,0.542083419204247,strong
81,peak_height,0.6451423168182373,0.6497448766231537,0.6492069661617279,0.020761492122837233,0.635529950261116,0.6653637588024139,0.61787149310112,0.6842866003513336,0.029833808541297913,0.0664151072502136,1.0,1.0,0.004602559804916417,0.004064649343490601,0.004064649343490601,1.652137428553857e-05,0.5149909364383253,0.0786354498216088,6.549093794295397,0.6679157949886697,0.0786354498216088,25,0.542083419204247,strong
81,cumulative_infected,12.078915791586041,12.529253728363438,12.499529244145378,0.5949615632242845,12.173391128890216,13.014047088101506,11.599811741430312,13.416269296989777,0.8406559592112899,1.8164575555594649,0.0,1.0,0.4503379367773963,0.420613452559337,0.420613452559337,0.17691567647388565,0.5149909364383253,0.0786354498216088,6.549093794295397,0.6679157949886697,0.0786354498216088,25,0.542083419204247,strong
81,early_growth_slope,0.048015993221529885,0.044211538628470784,0.044076894978172174,0.005017342537893195,0.04009691350317249,0.04804066660082233,0.03603405030063142,0.05172029892370724,0.007943753097649844,0.01568624862307582,1.0,1.0,-0.0038044545930591006,-0.003939098243357711,0.003939098243357711,1.5516494970823804e-05,0.5149909364383253,0.0786354498216088,6.549093794295397,0.6679157949886697,0.0786354498216088,25,0.542083419204247,strong
82,peak_time,9.0,10.5,10.0,1.1934162828797101,10.0,11.0,9.0,12.0,1.0,3.0,0.0,1.0,1.5,1.0,1.0,1.0,0.6299552367831726,0.33831232119460863,1.8620523029097753,0.8172357894226538,0.33831232119460863,30,0.42709143718550324,strong
82,peak_height,0.2376394420862198,0.22810960307717323,0.22879718244075775,0.017543984077811485,0.21505897119641304,0.2401246577501297,0.20008857026696206,0.2533410772681236,0.02506568655371666,0.05325250700116155,1.0,1.0,-0.009529839009046553,-0.008842259645462036,0.008842259645462036,7.818555563776641e-05,0.6299552367831726,0.33831232119460863,1.8620523029097753,0.8172357894226538,0.33831232119460863,30,0.42709143718550324,strong
82,cumulative_infected,2.7594611551612616,2.686104557508952,2.692306557437405,0.169076051642127,2.5706125487486133,2.789244602474355,2.437758926700917,2.9619638712581944,0.21863205372574157,0.5242049445572774,1.0,1.0,-0.0733565976523094,-0.06715459772385657,0.06715459772385657,0.004509739995453002,0.6299552367831726,0.33831232119460863,1.8620523029097753,0.8172357894226538,0.33831232119460863,30,0.42709143718550324,strong
82,early_growth_slope,0.018890850035296305,0.018566327546431494,0.018187468968487032,0.003226101144764874,0.01610584673679633,0.020715086454791677,0.014155630160877035,0.023984554324332347,0.004609239717995348,0.009828924163455313,1.0,1.0,-0.00032452248886481044,-0.0007033810668092728,0.0007033810668092728,4.947449251457508e-07,0.6299552367831726,0.33831232119460863,1.8620523029097753,0.8172357894226538,0.33831232119460863,30,0.42709143718550324,strong
83,peak_time,14.0,21.47,22.0,14.163158210831737,9.0,33.0,1.0,43.14999999999999,24.0,42.14999999999999,1.0,1.0,7.469999999999999,8.0,8.0,64.0,0.08328123714728519,0.4531360505865233,0.18378859293911598,0.126171961817057,0.4531360505865233,10,0.5750767043239644,strong
83,peak_height,0.05702932924032211,0.05406410131603479,0.048885470256209373,0.01900223864877771,0.043882859870791435,0.0565890334546566,0.03824117351323366,0.07815697379410266,0.012706173583865166,0.039915800280869,0.0,1.0,-0.002965227924287321,-0.00814385898411274,0.00814385898411274,6.632243915311378e-05,0.08328123714728519,0.4531360505865233,0.18378859293911598,0.126171961817057,0.4531360505865233,10,0.5750767043239644,strong
83,cumulative_infected,0.5966359714511782,0.6493189214886843,0.5147063014901505,0.551042399944996,0.4279227992956294,0.6514233039342798,0.32663776258632427,1.2435121360816987,0.22350050463865045,0.9168743734953745,1.0,1.0,0.052682950037506115,-0.08192966996102768,0.08192966996102768,0.006712470819922922,0.08328123714728519,0.4531360505865233,0.18378859293911598,0.126171961817057,0.4531360505865233,10,0.5750767043239644,strong
83,early_growth_slope,-0.0012479630864358343,-3.1055428295140435e-05,-0.00016377250098490245,0.0023848728513537094,-0.0015742880094053563,0.0017250949195364395,-0.00445021111739888,0.0036667623199848863,0.003299382928941796,0.008116973437383766,1.0,1.0,0.001216907658140694,0.001084190585450932,0.001084190585450932,1.1754692255804345e-06,0.08328123714728519,0.4531360505865233,0.18378859293911598,0.126171961817057,0.4531360505865233,10,0.5750767043239644,strong
84,peak_time,13.0,13.08,13.0,1.3460004352589086,12.0,14.0,11.0,15.0,2.0,4.0,1.0,1.0,0.08000000000000007,0.0,0.0,0.0,0.424099544283039,0.30211147281115747,1.403784968299212,0.6416286875031633,0.30211147281115747,20,0.4349557943795135,strong
84,peak_height,0.20636045932769775,0.20028493016958238,0.20222796499729156,0.015379186784960194,0.18940680101513863,0.21072697639465332,0.17467256709933282,0.22745638862252235,0.021320175379514694,0.05278382152318953,1.0,1.0,-0.006075529158115378,-0.004132494330406189,0.004132494330406189,1.7077509390839296e-05,0.424099544283039,0.30211147281115747,1.403784968299212,0.6416286875031633,0.30211147281115747,20,0.4349557943795135,strong
84,cumulative_infected,2.9239382377127185,2.767633138622732,2.7745357993990183,0.1859428369653636,2.639428081572987,2.892825874121627,2.478483088733628,3.1010447145439684,0.2533977925486397,0.6225616258103401,0.0,1.0,-0.15630509908998658,-0.14940243831370026,0.14940243831370026,0.02232108857407901,0.424099544283039,0.30211147281115747,1.403784968299212,0.6416286875031633,0.30211147281115747,20,0.4349557943795135,strong
84,early_growth_slope,0.010975924786180254,0.010274664715241322,0.010423840421329562,0.0030189005142459303,0.008480761668622671,0.012576098284972387,0.00461686018568885,0.014505268977068008,0.004095336616349716,0.009888408791379158,1.0,1.0,-0.0007012600709389322,-0.0005520843648506926,0.0005520843648506926,3.047971459125927e-07,0.424099544283039,0.30211147281115747,1.403784968299212,0.6416286875031633,0.30211147281115747,20,0.4349557943795135,strong
85,peak_time,4.0,16.42,15.0,8.804475445975637,11.0,20.25,4.0,33.05,9.25,29.049999999999997,0.0,1.0,12.420000000000002,11.0,11.0,121.0,0.20025673709975791,0.288278324627055,0.6946645654293627,0.41710081854812187,0.288278324627055,12,0.3159419806615395,strong
85,peak_height,0.065212681889534,0.06849993800744414,0.06271861121058464,0.02381026102390482,0.05130235105752945,0.08126526698470116,0.03958090972155333,0.11125525012612343,0.029962915927171707,0.0716743404045701,1.0,1.0,0.0032872561179101423,-0.002494070678949356,0.002494070678949356,6.220388551594902e-06,0.20025673709975791,0.288278324627055,0.6946645654293627,0.41710081854812187,0.288278324627055,12,0.3159419806615395,strong
85,cumulative_infected,0.8420632515335456,0.9260656040748291,0.9685949294944294,0.40768001782461966,0.549044246559788,1.1913179833209142,0.3387071235578333,1.5160740257160796,0.6422737367611262,1.1773669021582465,1.0,1.0,0.08400235254128352,0.12653167796088383,0.12653167796088383,0.016010265527596813,0.20025673709975791,0.288278324627055,0.6946645654293627,0.41710081854812187,0.288278324627055,12,0.3159419806615395,strong
85,early_growth_slope,0.0037868802236126994,0.0016756745124976513,0.0018844754439279702,0.0030866605829329196,-0.00040941623670473016,0.003251188570651547,-0.0031702778647914286,0.007321747946774671,0.0036606048073562773,0.0104920258115661,0.0,1.0,-0.002111205711115048,-0.0019024047796847292,0.0019024047796847292,3.6191439457673033e-06,0.20025673709975791,0.288278324627055,0.6946645654293627,0.41710081854812187,0.288278324627055,12,0.3159419806615395,strong
86,peak_time,11.0,21.08,20.0,13.137716542824172,12.0,29.5,1.9500000000000002,44.05,17.5,42.099999999999994,0.0,1.0,10.079999999999998,9.0,9.0,81.0,0.22289401333386735,0.25175373264088036,0.8853652773912172,0.31298035445150735,0.25175373264088036,17,0.5638881025678028,strong
86,peak_height,0.054766349494457245,0.05948262441903353,0.05431106500327587,0.02064032213014609,0.04698367789387703,0.06750453822314739,0.03577086292207241,0.09373536221683025,0.020520860329270363,0.05796449929475784,1.0,1.0,0.004716274924576283,-0.0004552844911813736,0.0004552844911813736,2.0728396791028225e-07,0.22289401333386735,0.25175373264088036,0.8853652773912172,0.31298035445150735,0.25175373264088036,17,0.5638881025678028,strong
86,cumulative_infected,0.7606024826673092,0.7454582915210085,0.5805642669583904,0.45601314302283735,0.4655866237299051,0.9750961127610935,0.3448058676382061,1.4631871240155305,0.5095094890311884,1.1183812563773246,1.0,1.0,-0.015144191146300723,-0.18003821570891887,0.18003821570891887,0.032413759115651204,0.22289401333386735,0.25175373264088036,0.8853652773912172,0.31298035445150735,0.25175373264088036,17,0.5638881025678028,strong
86,early_growth_slope,0.0011462217108124775,0.0004534598266001841,0.0003562449266956681,0.002750141812544637,-0.0012936999296687725,0.0018117361095002175,-0.003247784765595234,0.005503706762586561,0.0031054360391689897,0.008751491528181795,1.0,1.0,-0.0006927618842122933,-0.0007899767841168094,0.0007899767841168094,6.240633194435361e-07,0.22289401333386735,0.25175373264088036,0.8853652773912172,0.31298035445150735,0.25175373264088036,17,0.5638881025678028,strong
87,peak_time,10.0,9.53,10.0,0.8463230035055329,9.0,10.0,8.0,11.0,1.0,3.0,1.0,1.0,-0.47000000000000064,0.0,0.0,0.0,0.6099227581300394,0.23151013933536368,2.634540153969284,0.885665523175402,0.23151013933536368,24,0.4012699667218046,strong
87,peak_height,0.38848403096199036,0.38377393037080765,0.3810942769050598,0.01943498902137787,0.3692440614104271,0.3957908898591995,0.35417618304491044,0.4184765785932541,0.02654682844877243,0.06430039554834366,1.0,1.0,-0.004710100591182709,-0.007389754056930542,0.007389754056930542,5.4608465021921404e-05,0.6099227581300394,0.23151013933536368,2.634540153969284,0.885665523175402,0.23151013933536368,24,0.4012699667218046,strong
87,cumulative_infected,4.459210161585361,4.360366584025282,4.356437838356214,0.20730101165545795,4.211479103047168,4.481461246141407,4.102547663534279,4.753170853725169,0.2699821430942393,0.6506231901908901,1.0,1.0,-0.09884357756007844,-0.10277232322914642,0.10277232322914642,0.010562150421916149,0.6099227581300394,0.23151013933536368,2.634540153969284,0.885665523175402,0.23151013933536368,24,0.4012699667218046,strong
87,early_growth_slope,0.04584161932801916,0.03924383030097336,0.039899772759305216,0.004371570353310418,0.03628306192002214,0.04266552995180799,0.031873795124036916,0.04540203077080408,0.006382468031785847,0.013528235646767167,0.0,0.0,-0.006597789027045803,-0.005941846568713945,0.005941846568713945,3.5305540646137676e-05,0.6099227581300394,0.23151013933536368,2.634540153969284,0.885665523175402,0.23151013933536368,24,0.4012699667218046,strong
88,peak_time,16.0,16.16,16.0,1.2120606045453788,15.0,17.0,14.95,18.0,2.0,3.0500000000000007,1.0,1.0,0.16000000000000014,0.0,0.0,0.0,0.34201408034743686,0.13311947803269708,2.569226422773613,0.49835452126535584,0.13311947803269708,16,0.538656913293726,strong
88,peak_height,0.37750327587127686,0.38215517580509184,0.3824731707572937,0.021254953947179692,0.36821917444467545,0.39762814342975616,0.3513993605971336,0.4172701507806778,0.02940896898508072,0.06587079018354419,1.0,1.0,0.004651899933814985,0.004969894886016846,0.004969894886016846,2.4699855178056396e-05,0.34201408034743686,0.13311947803269708,2.569226422773613,0.49835452126535584,0.13311947803269708,16,0.538656913293726,strong
88,cumulative_infected,6.718957998789847,6.887967811108393,6.947072422481142,0.3079235359512028,6.7577225342975,7.072762653588143,6.252894798922353,7.350915525609162,0.3150401192906429,1.0980207266868094,0.0,1.0,0.16900981231854573,0.2281144236912951,0.2281144236912951,0.05203619029601169,0.34201408034743686,0.13311947803269708,2.569226422773613,0.49835452126535584,0.13311947803269708,16,0.538656913293726,strong
88,early_growth_slope,0.014785310985254388,0.012345483619465407,0.012342313168379145,0.0032073437778038605,0.010003832942207476,0.014827045049363123,0.0073253405316444555,0.016941079624839837,0.0048232121071556475,0.009615739093195382,1.0,1.0,-0.002439827365788981,-0.0024429978168752434,0.0024429978168752434,5.968238333257205e-06,0.34201408034743686,0.13311947803269708,2.569226422773613,0.49835452126535584,0.13311947803269708,16,0.538656913293726,strong
89,peak_time,11.0,11.18,11.0,0.9143082609052571,10.75,12.0,10.0,13.0,1.25,3.0,1.0,1.0,0.17999999999999972,0.0,0.0,0.0,0.5438529656570187,0.13537112108273952,4.017496208254144,0.6949247743376288,0.13537112108273952,25,0.5652139216806453,strong
89,peak_height,0.4853704571723938,0.4891577485203743,0.4861194044351578,0.01986739215550066,0.4765899106860161,0.5021853893995285,0.458241830766201,0.5219294935464859,0.02559547871351242,0.06368766278028487,1.0,1.0,0.0037872913479805037,0.000748947262763977,0.000748947262763977,5.609220024016537e-07,0.5438529656570187,0.13537112108273952,4.017496208254144,0.6949247743376288,0.13537112108273952,25,0.5652139216806453,strong
89,cumulative_infected,7.425755036930241,7.235576901844979,7.257583661354147,0.33204629894222865,6.960578940790583,7.459451247239485,6.676187438718261,7.768856143055018,0.49887230644890224,1.0926687043367567,1.0,1.0,-0.1901781350852616,-0.16817137557609385,0.16817137557609385,0.028281611563155614,0.5438529656570187,0.13537112108273952,4.017496208254144,0.6949247743376288,0.13537112108273952,25,0.5652139216806453,strong
89,early_growth_slope,0.03706923817905285,0.03512377991201598,0.03501524266764698,0.0037839152883835576,0.032042702128473176,0.03765191140978241,0.0297007541660042,0.041860397013563956,0.005609209281309237,0.012159642847559757,1.0,1.0,-0.0019454582670368759,-0.002053995511405872,0.002053995511405872,4.2188975608754695e-06,0.5438529656570187,0.13537112108273952,4.017496208254144,0.6949247743376288,0.13537112108273952,25,0.5652139216806453,strong
90,peak_time,15.0,24.85,25.0,3.9167472590032015,22.75,27.0,19.0,32.05,4.25,13.049999999999997,0.0,0.0,9.850000000000001,10.0,10.0,100.0,0.12870973554179302,0.07684457906945909,1.674935787278547,0.2703888784784815,0.07684457906945909,10,0.34502140151835153,strong
90,peak_height,0.11463513225317001,0.14037246406078338,0.13530804961919785,0.027158969529561986,0.12169116176664829,0.15620318427681923,0.1018250398337841,0.18943915143609047,0.03451202251017094,0.08761411160230637,0.0,1.0,0.025737331807613367,0.020672917366027832,0.020672917366027832,0.0004273695124226151,0.12870973554179302,0.07684457906945909,1.674935787278547,0.2703888784784815,0.07684457906945909,10,0.34502140151835153,strong
90,cumulative_infected,2.9683716683648527,3.0554962805811736,3.001918336143717,0.5827709488466245,2.69084069726523,3.3852001772029325,2.131342194485478,4.002840001019649,0.6943594799377024,1.8714978065341712,1.0,1.0,0.08712461221632095,0.0335466677788645,0.0335466677788645,0.0011253789190655058,0.12870973554179302,0.07684457906945909,1.674935787278547,0.2703888784784815,0.07684457906945909,10,0.34502140151835153,strong
90,early_growth_slope,0.0035731390761655013,0.0021295817693784817,0.0020297631466140347,0.002530943306137442,0.00043459140994985224,0.0034166697753659843,-0.0017851490483042729,0.006425001749691241,0.0029820783654161322,0.008210150797995515,0.0,1.0,-0.0014435573067870197,-0.0015433759295514667,0.0015433759295514667,2.3820092599188538e-06,0.12870973554179302,0.07684457906945909,1.674935787278547,0.2703888784784815,0.07684457906945909,10,0.34502140151835153,strong
91,peak_time,7.0,8.33,8.0,0.7255092255537737,8.0,9.0,7.0,9.049999999999997,1.0,2.049999999999997,0.0,1.0,1.33,1.0,1.0,1.0,0.7501445915267467,0.22856705844575703,3.2819453364263738,0.9827229230780687,0.22856705844575703,22,0.5773799110150646,strong
91,peak_height,0.4094681739807129,0.40651350885629656,0.4052579551935196,0.025268295772592958,0.38910365104675293,0.42129476368427277,0.369393390417099,0.4476014941930771,0.032191112637519836,0.07820810377597809,1.0,1.0,-0.0029546651244163336,-0.004210218787193298,0.004210218787193298,1.7725942236035408e-05,0.7501445915267467,0.22856705844575703,3.2819453364263738,0.9827229230780687,0.22856705844575703,22,0.5773799110150646,strong
91,cumulative_infected,4.369867585483007,4.257672537282656,4.242499438871164,0.23293144994164713,4.112757037132724,4.374599501257762,3.942133974819444,4.7035746159090195,0.26184246412503853,0.7614406410895755,1.0,1.0,-0.11219504820035109,-0.12736814661184326,0.12736814661184326,0.016222644771336,0.7501445915267467,0.22856705844575703,3.2819453364263738,0.9827229230780687,0.22856705844575703,22,0.5773799110150646,strong
91,early_growth_slope,0.05921904956700191,0.052437914836259314,0.05394332222862257,0.0067502392454605285,0.04861885786799358,0.05673262127259346,0.040032737732066635,0.06079005599798012,0.008113763404599877,0.020757318265913483,0.0,1.0,-0.006781134730742593,-0.005275727338379339,0.005275727338379339,2.7833298948923148e-05,0.7501445915267467,0.22856705844575703,3.2819453364263738,0.9827229230780687,0.22856705844575703,22,0.5773799110150646,strong
92,peak_time,10.0,8.95,9.0,0.8804842561071295,8.0,9.0,8.0,10.049999999999997,1.0,2.049999999999997,0.0,1.0,-1.0500000000000007,-1.0,1.0,1.0,0.3768908513642046,0.29364269741518556,1.283501529858627,0.8197163067318931,0.29364269741518556,10,0.32472757384018236,strong
92,peak_height,0.28237947821617126,0.2535002528131008,0.25331442058086395,0.02253031061478196,0.2376539744436741,0.26925988495349884,0.21999098360538483,0.2878111287951469,0.03160591050982475,0.0678201451897621,0.0,1.0,-0.028879225403070474,-0.029065057635307312,0.029065057635307312,0.0008447775753437359,0.3768908513642046,0.29364269741518556,1.283501529858627,0.8197163067318931,0.29364269741518556,10,0.32472757384018236,strong
92,cumulative_infected,2.778852862305939,2.625664918745324,2.621417726841173,0.17304482615920969,2.526013130620413,2.7387513878929894,2.3615313333721133,2.9122589800987044,0.21273825727257645,0.5507276467265911,0.0,1.0,-0.15318794356061538,-0.15743513546476606,0.15743513546476606,0.02478582187880924,0.3768908513642046,0.29364269741518556,1.283501529858627,0.8197163067318931,0.29364269741518556,10,0.32472757384018236,strong
92,early_growth_slope,0.02100349040258498,0.0281342928338078,0.028676879154296498,0.005224979329858832,0.025436884684798614,0.031091877238872082,0.019927734787398503,0.03683325584611988,0.005654992554073469,0.016905521058721375,0.0,1.0,0.00713080243122282,0.007673388751711519,0.007673388751711519,5.888089493489287e-05,0.3768908513642046,0.29364269741518556,1.283501529858627,0.8197163067318931,0.29364269741518556,10,0.32472757384018236,strong
93,peak_time,11.0,10.15,10.0,1.3807844352271852,9.0,11.0,8.0,13.0,2.0,5.0,1.0,1.0,-0.8499999999999996,-1.0,1.0,1.0,0.699618240134567,0.4185094299125052,1.6716905047535755,0.8817425518074206,0.4185094299125052,30,0.48362390104818537,strong
93,peak_height,0.18559637665748596,0.17217578127980232,0.16793527454137802,0.017391986172367046,0.15999894589185715,0.1807919442653656,0.1499016374349594,0.20713290721178054,0.020792998373508453,0.057231269776821136,0.0,1.0,-0.013420595377683642,-0.01766110211610794,0.01766110211610794,0.0003119145279555924,0.699618240134567,0.4185094299125052,1.6716905047535755,0.8817425518074206,0.4185094299125052,30,0.48362390104818537,strong
93,cumulative_infected,2.059157909709029,1.9850452564618444,1.9715175524179358,0.15391837218343846,1.8856370702269487,2.0678309887896376,1.7601786215614994,2.2451709665823727,0.18219391856268885,0.4849923450208733,1.0,1.0,-0.07411265324718452,-0.0876403572910931,0.0876403572910931,0.007680832226110454,0.699618240134567,0.4185094299125052,1.6716905047535755,0.8817425518074206,0.4185094299125052,30,0.48362390104818537,strong
93,early_growth_slope,0.020008818642790645,0.014835941708402712,0.015051490822640644,0.0033632103472845437,0.01274884894138224,0.017130033746417167,0.008574564057579708,0.019664177108955166,0.004381184805034927,0.011089613051375458,0.0,0.0,-0.005172876934387933,-0.004957327820150001,0.004957327820150001,2.457509911643316e-05,0.699618240134567,0.4185094299125052,1.6716905047535755,0.8817425518074206,0.4185094299125052,30,0.48362390104818537,strong
94,peak_time,10.0,12.53,12.0,2.052123807476567,11.0,14.0,9.0,16.0,3.0,7.0,0.0,1.0,2.5299999999999994,2.0,2.0,4.0,0.4755057780938796,0.35825932675661026,1.3272669895260614,0.6874646137192117,0.35825932675661026,12,0.5943162757696717,strong
94,peak_height,0.14604786038398743,0.12407631769776345,0.12262864783406258,0.016664848743727645,0.11264634318649769,0.13450763747096062,0.09946822784841061,0.15179501995444297,0.02186129428446293,0.05232679210603236,0.0,1.0,-0.021971542686223977,-0.02341921254992485,0.02341921254992485,0.0005484595164585576,0.4755057780938796,0.35825932675661026,1.3272669895260614,0.6874646137192117,0.35825932675661026,12,0.5943162757696717,strong
94,cumulative_infected,1.8468714379705489,1.7291612059548243,1.7178933203686029,0.19026991207689004,1.6053049718466355,1.8525283565104473,1.4601061500012293,1.9883427919208772,0.24722338466381188,0.5282366419196478,1.0,1.0,-0.11771023201572461,-0.128978117601946,0.128978117601946,0.01663535482014141,0.4755057780938796,0.35825932675661026,1.3272669895260614,0.6874646137192117,0.35825932675661026,12,0.5943162757696717,strong
94,early_growth_slope,0.0022854748004603968,0.00616758773114097,0.00614218873947504,0.0030051062012208408,0.004059230398741506,0.0079185225470047,0.0012603310128768157,0.01115161134276561,0.0038592921482631937,0.009891280329888794,0.0,1.0,0.0038821129306805735,0.0038567139390146433,0.0038567139390146433,1.4874242407389846e-05,0.4755057780938796,0.35825932675661026,1.3272669895260614,0.6874646137192117,0.35825932675661026,12,0.5943162757696717,strong
95,peak_time,44.0,20.54,19.0,14.87348668136043,6.75,30.25,0.9500000000000002,47.0,23.5,46.05,0.0,1.0,-23.46,-25.0,25.0,625.0,0.1392315842514744,0.4439279206111221,0.3136355651156268,0.22321688178355803,0.4439279206111221,14,0.4774308930386176,strong
95,peak_height,0.03819385543465614,0.05308734519407153,0.0502066183835268,0.01400786236437561,0.04485161416232586,0.05837404262274504,0.03464682921767235,0.07989748641848564,0.013522428460419178,0.04525065720081329,0.0,1.0,0.014893489759415388,0.012012762948870659,0.012012762948870659,0.0001443064736657597,0.1392315842514744,0.4439279206111221,0.3136355651156268,0.22321688178355803,0.4439279206111221,14,0.4774308930386176,strong
95,cumulative_infected,0.3961867114849156,0.556771481469259,0.4785840193799231,0.2725711720915437,0.4004185137055174,0.5843289201075095,0.3204670829036331,1.2738372663035988,0.18391040640199208,0.9533701833999657,0.0,1.0,0.16058476998434346,0.08239730789500754,0.08239730789500754,0.006789316348344673,0.1392315842514744,0.4439279206111221,0.3136355651156268,0.22321688178355803,0.4439279206111221,14,0.4774308930386176,strong
95,early_growth_slope,-0.001011559368288588,-0.00010990034894261676,-3.7124108833570315e-05,0.0024051560296226428,-0.0016886972218690917,0.0011513783463756443,-0.004075694610946809,0.00361063517685536,0.002840075568244736,0.007686329787802169,1.0,1.0,0.0009016590193459712,0.0009744352594550176,0.0009744352594550176,9.495240748691676e-07,0.1392315842514744,0.4439279206111221,0.3136355651156268,0.22321688178355803,0.4439279206111221,14,0.4774308930386176,strong
96,peak_time,23.0,20.59,18.0,15.582361823549087,5.5,33.0,0.9500000000000002,47.05,27.5,46.099999999999994,1.0,1.0,-2.41,-5.0,5.0,25.0,0.08594282396927218,0.36838807224872777,0.2332942634235058,0.12617142689586766,0.36838807224872777,17,0.5169078278954131,strong
96,peak_height,0.043468981981277466,0.05260540483519435,0.049712155014276505,0.01820519658544942,0.04172108694911003,0.05835141707211733,0.03294551819562912,0.07982568778097629,0.016630330123007298,0.04688016958534717,1.0,1.0,0.009136422853916887,0.006243173032999039,0.006243173032999039,3.8977209519966416e-05,0.08594282396927218,0.36838807224872777,0.2332942634235058,0.12617142689586766,0.36838807224872777,17,0.5169078278954131,strong
96,cumulative_infected,0.4200076487613842,0.6039940100128115,0.4823085691896267,0.4469560578174617,0.4077805381457438,0.5993286721368349,0.32062013701943215,1.2576736857867217,0.19154813399109116,0.9370535487672895,1.0,1.0,0.1839863612514273,0.062300920428242534,0.062300920428242534,0.003881404686206208,0.08594282396927218,0.36838807224872777,0.2332942634235058,0.12617142689586766,0.36838807224872777,17,0.5169078278954131,strong
96,early_growth_slope,-0.0024007302764359677,-0.0007004029238981139,-0.0006381432744785254,0.0024043529237590252,-0.0021026434253491,0.0008216164214467261,-0.004543085943502468,0.0030192003152998428,0.0029242598467958264,0.007562286258802311,0.0,1.0,0.0017003273525378537,0.0017625870019574424,0.0017625870019574424,3.106712939469325e-06,0.08594282396927218,0.36838807224872777,0.2332942634235058,0.12617142689586766,0.36838807224872777,17,0.5169078278954131,strong
97,peak_time,12.0,12.32,12.0,1.0906396973771628,12.0,13.0,11.0,14.0,1.0,3.0,1.0,1.0,0.3200000000000003,0.0,0.0,0.0,0.37280886679026,0.1468125767881357,2.539352383469559,0.645712949785264,0.1468125767881357,16,0.37847067501178805,strong
97,peak_height,0.49134159088134766,0.44864562898874283,0.44442369043827057,0.020515404597578498,0.4356164038181305,0.4630460739135742,0.41681801676750185,0.48249744027853014,0.027429670095443726,0.06567942351102829,0.0,0.0,-0.04269596189260483,-0.04691790044307709,0.04691790044307709,0.002201289381986493,0.37280886679026,0.1468125767881357,2.539352383469559,0.645712949785264,0.1468125767881357,16,0.37847067501178805,strong
97,cumulative_infected,6.8568192617967725,6.930439552120661,6.940611646161415,0.28932973780198884,6.73836368919001,7.102420668088598,6.441368121490814,7.350525121600367,0.36405697889858857,0.9091570001095537,1.0,1.0,0.0736202903238885,0.0837923843646422,0.0837923843646422,0.007021163677511935,0.37280886679026,0.1468125767881357,2.539352383469559,0.645712949785264,0.1468125767881357,16,0.37847067501178805,strong
97,early_growth_slope,0.023966151777477487,0.026234966015787595,0.025975746002846523,0.0038397969197445955,0.02407112370929098,0.02814167341594362,0.020612773221607,0.03307184511353451,0.004070549706652639,0.01245907189192751,0.0,1.0,0.0022688142383101087,0.002009594225369036,0.002009594225369036,4.0384689506365755e-06,0.37280886679026,0.1468125767881357,2.539352383469559,0.645712949785264,0.1468125767881357,16,0.37847067501178805,strong
98,peak_time,14.0,15.22,13.0,6.978437207468867,12.0,17.0,7.9,27.099999999999994,5.0,19.199999999999996,1.0,1.0,1.2200000000000006,-1.0,1.0,1.0,0.43738940441514834,0.47186042682593665,0.9269465705300516,0.6684249292454706,0.47186042682593665,24,0.3353044346899354,strong
98,peak_height,0.086918406188488,0.08448670770972967,0.08641813322901726,0.024031901718395816,0.06463446095585823,0.10289718769490719,0.046822480671107766,0.11945694088935851,0.03826272673904896,0.07263446021825075,1.0,1.0,-0.0024316984787583346,-0.0005002729594707489,0.0005002729594707489,2.5027303397762157e-07,0.43738940441514834,0.47186042682593665,0.9269465705300516,0.6684249292454706,0.47186042682593665,24,0.3353044346899354,strong
98,cumulative_infected,1.113400923088193,1.1622028910006656,1.2301426066842396,0.3252552781938577,0.9894148852035869,1.3889225761013222,0.4964124441641616,1.5661024341941812,0.3995076908977353,1.0696899900300196,1.0,1.0,0.04880196791247271,0.11674168359604664,0.11674168359604664,0.013628620688839466,0.43738940441514834,0.47186042682593665,0.9269465705300516,0.6684249292454706,0.47186042682593665,24,0.3353044346899354,strong
98,early_growth_slope,0.0071615951157928915,0.0032163604072671403,0.003337381081586326,0.0035592722430385164,0.0010660864008102753,0.005344603730398894,-0.002518656856929216,0.008769929377428652,0.0042785173295886185,0.011288586234357868,0.0,1.0,-0.003945234708525751,-0.0038242140342065654,0.0038242140342065654,1.4624612979422454e-05,0.43738940441514834,0.47186042682593665,0.9269465705300516,0.6684249292454706,0.47186042682593665,24,0.3353044346899354,strong
99,peak_time,13.0,21.0,19.0,12.471381380398626,11.0,29.0,2.9000000000000004,43.05,18.0,40.15,1.0,1.0,8.0,6.0,6.0,36.0,0.13258042229853934,0.137823503429502,0.9619580042554603,0.19843263330731364,0.137823503429502,15,0.5259117132729977,strong
99,peak_height,0.05496922880411148,0.06304360402747988,0.05820397101342678,0.029117420181845235,0.04636769648641348,0.067112747579813,0.03646594639867544,0.11637714169919487,0.020745051093399525,0.07991119530051943,1.0,1.0,0.008074375223368402,0.0032347422093153,0.0032347422093153,1.0463557160726028e-05,0.13258042229853934,0.137823503429502,0.9619580042554603,0.19843263330731364,0.137823503429502,15,0.5259117132729977,strong
99,cumulative_infected,0.8883405791129917,0.9200460495361392,0.6502112125745043,0.7901663903635128,0.4535538766422178,1.0249608751619235,0.3353982352578896,2.6776973282161634,0.5714069985197057,2.3422990929582737,1.0,1.0,0.03170547042314753,-0.23812936653848737,0.23812936653848737,0.05670559520802127,0.13258042229853934,0.137823503429502,0.9619580042554603,0.19843263330731364,0.137823503429502,15,0.5259117132729977,strong
99,early_growth_slope,-0.002146104874555022,0.0006845974221557433,0.0005509670008905243,0.002500547350660358,-0.0008748738993225338,0.002220004574198919,-0.0030792731305284943,0.0048183314424629,0.003094878473521453,0.007897604572991395,0.0,1.0,0.0028307022967107654,0.0026970718754455465,0.0026970718754455465,7.274196701319357e-06,0.13258042229853934,0.137823503429502,0.9619580042554603,0.19843263330731364,0.137823503429502,15,0.5259117132729977,strong
