case_id,feature,observed_value,pred_mean,pred_median,pred_std,pred_ci50_low,pred_ci50_high,pred_ci90_low,pred_ci90_high,pred_width50,pred_width90,covered50,covered90,err_mean,err_median,abs_err_median,sq_err_median,true_beta,true_gamma,true_R0,sigma
0,peak_time,46.0,21.52,20.0,15.03093107192262,10.0,33.5,1.0,47.0,23.5,46.0,0.0,1.0,-24.48,-26.0,26.0,676.0,0.26104133230789256,0.33796092457181953,0.7724009296004251,0.4270878808004396
0,peak_height,0.06380709260702133,0.04979313379153609,0.048791274428367615,0.010098580132583588,0.042083634063601494,0.057238468900322914,0.034605357237160204,0.06721543446183205,0.01515483483672142,0.032610077224671845,0.0,1.0,-0.014013958815485242,-0.015015818178653717,0.015015818178653717,0.00022547479557438743,0.26104133230789256,0.33796092457181953,0.7724009296004251,0.4270878808004396
0,cumulative_infected,0.6326338765502442,0.5339070343178958,0.4941335841053842,0.18731989458924447,0.41684502275893465,0.6033478456665762,0.33430330293485894,0.8575342500273109,0.18650282290764153,0.5232309470924519,0.0,1.0,-0.0987268422323484,-0.13850029244485995,0.13850029244485995,0.01918233100731173,0.26104133230789256,0.33796092457181953,0.7724009296004251,0.4270878808004396
0,early_growth_slope,-0.0024941901889784864,-0.0008918691152610413,-0.0008249662045965941,0.0022331635088997603,-0.002734064446918809,0.0007296569315907885,-0.004424127643835073,0.0031905548145438095,0.0034637213785095973,0.007614682458378883,1.0,1.0,0.0016023210737174452,0.0016692239843818922,0.0016692239843818922,2.7863087100357596e-06,0.26104133230789256,0.33796092457181953,0.7724009296004251,0.4270878808004396
0,post_peak_decline_slope,-0.02072873096913098,-0.0045137508088460634,-0.002838117912566911,0.007638057323133506,-0.0036320267633224487,-0.0019296153492177831,-0.017531963181681827,-0.00043123364564962366,0.0017024114141046655,0.017100729536032203,0.0,0.0,0.016214980160284918,0.01789061305656407,0.01789061305656407,0.00032007403553970074,0.26104133230789256,0.33796092457181953,0.7724009296004251,0.4270878808004396
0,late_phase_auc,0.39856995502486825,0.24854593650047718,0.22037516215641517,0.12397630313340204,0.16846771302516572,0.30554809540626593,0.10160316496912855,0.46094060919713226,0.1370803823811002,0.35933744422800373,0.0,1.0,-0.15002401852439107,-0.17819479286845308,0.17819479286845308,0.0317533842054309,0.26104133230789256,0.33796092457181953,0.7724009296004251,0.4270878808004396
0,time_to_half_peak_after_peak,2.0,1.21,1.0,0.6711214796175432,1.0,1.0,1.0,2.0,0.0,1.0,0.0,1.0,-0.79,-1.0,1.0,1.0,0.26104133230789256,0.33796092457181953,0.7724009296004251,0.4270878808004396
0,late_to_early_mean_ratio,1.5752390309218374,0.9114912627796303,0.8832145529153231,0.34572691230546365,0.6415530632805799,1.122956108445734,0.4005144573970084,1.509151597861817,0.4814030451651541,1.1086371404648085,0.0,0.0,-0.663747768142207,-0.6920244780065142,0.6920244780065142,0.4788978781601885,0.26104133230789256,0.33796092457181953,0.7724009296004251,0.4270878808004396
1,peak_time,33.0,30.37,30.0,2.5451677327592357,29.0,32.0,27.0,34.0,3.0,7.0,0.0,1.0,-2.629999999999999,-3.0,3.0,9.0,0.38426463760700225,0.09375293050568131,4.098694681162167,0.4469875793470971
1,peak_height,0.35008546710014343,0.3414857666194439,0.3434136211872101,0.03731824425370685,0.31596409529447556,0.36513014137744904,0.281741826236248,0.40408723056316376,0.04916604608297348,0.12234540432691576,1.0,1.0,-0.008599700480699524,-0.00667184591293335,0.00667184591293335,4.451352788592544e-05,0.38426463760700225,0.09375293050568131,4.098694681162167,0.4469875793470971
1,cumulative_infected,8.933826265856624,8.88408513305003,9.01053297938779,0.9364508591167882,8.289601972093806,9.441154932952486,7.385390051592549,10.32429579538293,1.1515529608586803,2.9389057437903814,1.0,1.0,-0.04974113280659331,0.07670671353116632,0.07670671353116632,0.005883919900752413,0.38426463760700225,0.09375293050568131,4.098694681162167,0.4469875793470971
1,early_growth_slope,0.005494136440878112,0.0031982060390795854,0.0033092463965572055,0.002803998121425786,0.0008642177351811406,0.00501274044827802,-0.0010613439177783806,0.007801237793145922,0.004148522713096879,0.008862581710924303,0.0,1.0,-0.0022959304017985266,-0.0021848900443209064,0.0021848900443209064,4.773744505772612e-06,0.38426463760700225,0.09375293050568131,4.098694681162167,0.4469875793470971
1,post_peak_decline_slope,-0.01673307692011197,-0.007948719590902325,-0.007897167156140014,0.0033881318462778472,-0.0103163262208303,-0.006234864642222714,-0.012698961794376382,-0.0031945639600356453,0.004081461578607585,0.009504397834340737,0.0,0.0,0.008784357329209644,0.008835909763971955,0.008835909763971955,7.807330135705492e-05,0.38426463760700225,0.09375293050568131,4.098694681162167,0.4469875793470971
1,late_phase_auc,6.198220193386078,6.199936237595975,6.2057559080421925,0.5987116894438764,5.795212268829346,6.611506218090653,5.262033380940556,7.1410577274858955,0.8162939492613077,1.8790243465453393,1.0,1.0,0.0017160442098971274,0.007535714656114578,0.007535714656114578,5.6786995378380056e-05,0.38426463760700225,0.09375293050568131,4.098694681162167,0.4469875793470971
1,time_to_half_peak_after_peak,12.0,16.2,16.0,2.5662927708775918,14.0,18.0,12.0,20.049999999999997,4.0,8.049999999999997,0.0,1.0,4.199999999999999,4.0,4.0,16.0,0.38426463760700225,0.09375293050568131,4.098694681162167,0.4469875793470971
1,late_to_early_mean_ratio,2.4827689990162947,2.5521779250004824,2.5254904284762625,0.30776029809201577,2.305277135589081,2.753994844108842,2.0898356985988658,3.0573577239221024,0.4487177085197609,0.9675220253232366,1.0,1.0,0.06940892598418769,0.04272142945996782,0.04272142945996782,0.0018251205351030063,0.38426463760700225,0.09375293050568131,4.098694681162167,0.4469875793470971
2,peak_time,4.0,21.27,20.0,14.027285819956314,9.75,31.25,1.0,45.0,21.5,44.0,0.0,1.0,17.27,16.0,16.0,256.0,0.13019504140257454,0.13768807731046862,0.945579631481103,0.6814932701214442
2,peak_height,0.06671859323978424,0.05241088829934597,0.04852299205958843,0.017364212459917705,0.04227987118065357,0.057034192606806755,0.03546476550400257,0.07907136864960193,0.014754321426153183,0.04360660314559936,0.0,1.0,-0.014307704940438273,-0.01819560118019581,0.01819560118019581,0.0003310799023087431,0.13019504140257454,0.13768807731046862,0.945579631481103,0.6814932701214442
2,cumulative_infected,0.5368472501577344,0.5964809209119994,0.48240084332064725,0.3698730437466109,0.40115728694945574,0.6230182475119364,0.3440934571783146,1.3415531592821934,0.2218609605624806,0.9974597021038789,1.0,1.0,0.05963367075426507,-0.054446406837087125,0.054446406837087125,0.0029644112174696076,0.13019504140257454,0.13768807731046862,0.945579631481103,0.6814932701214442
2,early_growth_slope,0.004247821047015132,-0.0002199378009674454,-0.00023748426645484098,0.0021135338541915616,-0.0015646369550571147,0.0011130550729354755,-0.003285869159957481,0.003046780818000288,0.00267769202799259,0.0063326499779577695,0.0,0.0,-0.004467758847982577,-0.004485305313469973,0.004485305313469973,2.0117963755041976e-05,0.13019504140257454,0.13768807731046862,0.945579631481103,0.6814932701214442
2,post_peak_decline_slope,-0.0036756677087396426,-0.003741332108278148,-0.0026844271458685426,0.00599486594555735,-0.0038764788943808515,-0.001720264375520249,-0.008564274716482028,-1.8562772699325226e-05,0.0021562145188606025,0.008545711943782704,1.0,1.0,-6.566439953850558e-05,0.0009912405628711,0.0009912405628711,9.825578534810152e-07,0.13019504140257454,0.13768807731046862,0.945579631481103,0.6814932701214442
2,late_phase_auc,0.2696942634647712,0.2794932077861995,0.2319314220076194,0.21172960632709792,0.17395273922011256,0.30864368309266865,0.12080780688847881,0.5458092138578642,0.1346909438725561,0.4250014069693854,1.0,1.0,0.009798944321428305,-0.03776284145715181,0.03776284145715181,0.0014260321949179833,0.13019504140257454,0.13768807731046862,0.945579631481103,0.6814932701214442
2,time_to_half_peak_after_peak,1.0,1.31,1.0,1.1520293907586374,1.0,1.0,1.0,2.049999999999997,0.0,1.0499999999999972,1.0,1.0,0.31000000000000005,0.0,0.0,0.0,0.13019504140257454,0.13768807731046862,0.945579631481103,0.6814932701214442
2,late_to_early_mean_ratio,1.1221669303674338,0.9464714984259821,0.8537763759711564,0.45908248612720437,0.6548218856333401,1.143295993064569,0.37744454615912243,1.8088720429088967,0.4884741074312289,1.4314274967497742,1.0,1.0,-0.17569543194145165,-0.26839055439627735,0.26839055439627735,0.07203348968914111,0.13019504140257454,0.13768807731046862,0.945579631481103,0.6814932701214442
3,peak_time,44.0,31.25,33.0,11.866577289414861,23.0,40.0,5.95,46.05,17.0,40.099999999999994,0.0,1.0,-12.75,-11.0,11.0,121.0,0.41698839604645543,0.25440669602818106,1.6390621888358825,0.3467917697973054
3,peak_height,0.08916101604700089,0.07927296303212643,0.07104626670479774,0.027203401909542912,0.058839243836700916,0.09424098767340183,0.04670814443379641,0.12728058993816374,0.035401743836700916,0.08057244550436733,1.0,1.0,-0.009888053014874457,-0.01811474934220314,0.01811474934220314,0.0003281441437308491,0.41698839604645543,0.25440669602818106,1.6390621888358825,0.3467917697973054
3,cumulative_infected,1.6870697030099109,1.4652551758233858,1.2829997182707302,0.8090599977654163,0.7565698520338628,1.9810998888788163,0.4933343385149783,2.952087550272699,1.2245300368449534,2.458753211757721,1.0,1.0,-0.22181452718652506,-0.40406998473918065,0.40406998473918065,0.1632725525671217,0.41698839604645543,0.25440669602818106,1.6390621888358825,0.3467917697973054
3,early_growth_slope,0.0004549914225381577,0.0006609999913312748,0.00036939102435662083,0.0024693778159217733,-0.001159932701349523,0.0026214929953095544,-0.0031230002239767797,0.0047172489448539185,0.0037814256966590774,0.007840249168830698,1.0,1.0,0.00020600856879311708,-8.560039818153686e-05,8.560039818153686e-05,7.3274281688376596e-09,0.41698839604645543,0.25440669602818106,1.6390621888358825,0.3467917697973054
3,post_peak_decline_slope,-0.007389607440148092,-0.004377064854289483,-0.0032249114903000523,0.006254847122449367,-0.005252793564328123,-0.0016639328290087598,-0.011553742850665,6.60058906457166e-05,0.003588860735319363,0.011619748741310717,0.0,1.0,0.003012542585858609,0.00416469594984804,0.00416469594984804,1.734469235468067e-05,0.41698839604645543,0.25440669602818106,1.6390621888358825,0.3467917697973054
3,late_phase_auc,1.1363586732186377,0.9175976941712178,0.737333690864034,0.6255175791636011,0.3916059173861868,1.2540535237640142,0.1916701126319822,2.101391341071576,0.8624476063778275,1.9097212284395937,1.0,1.0,-0.21876097904741987,-0.3990249823546037,0.3990249823546037,0.1592209365430918,0.41698839604645543,0.25440669602818106,1.6390621888358825,0.3467917697973054
3,time_to_half_peak_after_peak,3.0,2.76,1.0,3.4819012570198438,1.0,3.0,1.0,10.149999999999991,2.0,9.149999999999991,1.0,1.0,-0.2400000000000002,-2.0,2.0,4.0,0.41698839604645543,0.25440669602818106,1.6390621888358825,0.3467917697973054
3,late_to_early_mean_ratio,2.10384740082294,1.6259749998525594,1.4761578589356372,0.6834672649849484,1.1153816513115133,2.1549426043174464,0.7221202087627798,2.8490557056421952,1.039560953005933,2.1269354968794154,1.0,1.0,-0.47787240097038075,-0.627689541887303,0.627689541887303,0.39399416099469226,0.41698839604645543,0.25440669602818106,1.6390621888358825,0.3467917697973054
4,peak_time,26.0,27.31,27.0,3.5581603463735374,25.0,30.0,22.0,33.0,5.0,11.0,1.0,1.0,1.3099999999999987,1.0,1.0,1.0,0.917557242696752,0.24002109931769794,3.8228190992586457,0.16419880864677913
4,peak_height,0.17941267788410187,0.17471427693963051,0.17314887046813965,0.020040651990797326,0.1610408015549183,0.18816304951906204,0.14371356070041658,0.21335772350430487,0.027122247964143753,0.0696441628038883,1.0,1.0,-0.004698400944471354,-0.006263807415962219,0.006263807415962219,3.9235283344263294e-05,0.917557242696752,0.24002109931769794,3.8228190992586457,0.16419880864677913
4,cumulative_infected,4.054814994102344,4.125198078809226,4.094305890146643,0.3864400448629013,3.876232113747392,4.397429165779613,3.538426352170063,4.890320762380725,0.5211970520322211,1.3518944102106616,1.0,1.0,0.07038308470688204,0.039490896044299006,0.039490896044299006,0.0015595308703816309,0.917557242696752,0.24002109931769794,3.8228190992586457,0.16419880864677913
4,early_growth_slope,0.007463921185782444,0.002111298903447667,0.002077615624459992,0.0024656250018577075,0.0006668331888726067,0.003949740042333447,-0.0018476788129191833,0.005593340118658876,0.00328290685346084,0.007441018931578059,0.0,0.0,-0.005352622282334777,-0.005386305561322452,0.005386305561322452,2.9012287599933177e-05,0.917557242696752,0.24002109931769794,3.8228190992586457,0.16419880864677913
4,post_peak_decline_slope,-0.005097549284497894,-0.005697092839827142,-0.005873122066259388,0.002747487374917389,-0.007093979977071292,-0.00384200206026435,-0.010847758265833065,-0.001152811745802568,0.003251977916806942,0.009694946520030497,1.0,1.0,-0.000599543555329248,-0.0007755727817614945,0.0007755727817614945,6.015131398092628e-07,0.917557242696752,0.24002109931769794,3.8228190992586457,0.16419880864677913
4,late_phase_auc,2.4123170636594296,2.4358960140356793,2.4364799823379144,0.23893417540247858,2.2434903990942985,2.592182250227779,2.110370418941602,2.840368382493034,0.34869185113348067,0.729997963551432,1.0,1.0,0.023578950376249797,0.024162918678484857,0.024162918678484857,0.0005838466390630724,0.917557242696752,0.24002109931769794,3.8228190992586457,0.16419880864677913
4,time_to_half_peak_after_peak,13.0,10.45,10.0,3.7829361692481753,8.0,13.0,4.95,17.0,5.0,12.05,1.0,1.0,-2.5500000000000007,-3.0,3.0,9.0,0.917557242696752,0.24002109931769794,3.8228190992586457,0.16419880864677913
4,late_to_early_mean_ratio,1.6064659920562183,1.5728231836282824,1.5553815582887747,0.19102737160144045,1.4387682818045522,1.7012995771585073,1.262313928810414,1.9251988525393393,0.26253129535395514,0.6628849237289254,1.0,1.0,-0.03364280842793588,-0.05108443376744365,0.05108443376744365,0.002609619373340337,0.917557242696752,0.24002109931769794,3.8228190992586457,0.16419880864677913
5,peak_time,23.0,24.35,24.0,3.788272706790009,21.75,27.0,18.0,30.049999999999997,5.25,12.049999999999997,1.0,1.0,1.3500000000000014,1.0,1.0,1.0,0.8360565185976389,0.2979746339392359,2.805797619565599,0.2502840719369524
5,peak_height,0.15708495676517487,0.1453286364674568,0.14447855949401855,0.015292108620082637,0.1339109241962433,0.15574607998132706,0.12237832769751548,0.17207619175314903,0.02183515578508377,0.04969786405563355,0.0,1.0,-0.01175632029771806,-0.012606397271156311,0.012606397271156311,0.00015892125215821729,0.8360565185976389,0.2979746339392359,2.805797619565599,0.2502840719369524
5,cumulative_infected,3.1515916362404823,3.210923998194776,3.2087877048179507,0.2875460661657394,3.022374201384082,3.377039115061052,2.803583652836096,3.729046826470949,0.3546649136769702,0.9254631736348529,1.0,1.0,0.05933236195429359,0.057196068577468395,0.057196068577468395,0.0032713902607184675,0.8360565185976389,0.2979746339392359,2.805797619565599,0.2502840719369524
5,early_growth_slope,0.003787844502810566,0.0023234828906736637,0.0022649238152163374,0.0023961515642631423,0.0005532809577527508,0.003960201157800231,-0.0016380123508584108,0.006280772453257146,0.0034069202000474802,0.007918784804115557,1.0,1.0,-0.0014643616121369023,-0.0015229206875942286,0.0015229206875942286,2.319287420702478e-06,0.8360565185976389,0.2979746339392359,2.805797619565599,0.2502840719369524
5,post_peak_decline_slope,-0.0011141101519266813,-0.005308713772799819,-0.005008751153945921,0.0031071651639679363,-0.007300650033478934,-0.0030175388480226262,-0.010617952859029164,-0.0003750800093015056,0.0042831111854563075,0.010242872849727658,0.0,1.0,-0.004194603620873138,-0.0038946410020192397,0.0038946410020192397,1.5168228534609427e-05,0.8360565185976389,0.2979746339392359,2.805797619565599,0.2502840719369524
5,late_phase_auc,1.623280276544392,1.635111615737187,1.617977112531662,0.19800237921389605,1.4917597894673236,1.7665753971086815,1.349907734221779,1.9698471906584019,0.27481560764135793,0.619939456436623,1.0,1.0,0.011831339192794887,-0.005303164012730122,0.005303164012730122,2.8123548545915845e-05,0.8360565185976389,0.2979746339392359,2.805797619565599,0.2502840719369524
5,time_to_half_peak_after_peak,9.0,9.2,9.0,4.271115105265163,6.0,12.0,2.95,16.0,6.0,13.05,1.0,1.0,0.1999999999999993,0.0,0.0,0.0,0.8360565185976389,0.2979746339392359,2.805797619565599,0.2502840719369524
5,late_to_early_mean_ratio,1.1576057764663803,1.1241774213068965,1.1079197065647164,0.15667930572452668,1.0132965897427457,1.2074778706293547,0.8910574362955198,1.3871141704363663,0.19418128088660902,0.4960567341408465,1.0,1.0,-0.033428355159483836,-0.04968606990166391,0.04968606990166391,0.0024687055422730323,0.8360565185976389,0.2979746339392359,2.805797619565599,0.2502840719369524
6,peak_time,47.0,22.41,20.5,15.952008201369683,7.0,37.0,2.0,47.05,30.0,45.05,0.0,1.0,-24.59,-26.5,26.5,702.25,0.7221485915160983,0.4838620984718143,1.4924677791396894,0.2337648838686423
6,peak_height,0.07506757229566574,0.05512893836945296,0.0494089238345623,0.018402291991894155,0.04328682832419872,0.06378903053700924,0.03640131298452616,0.08569516800343989,0.020502202212810516,0.04929385501891373,0.0,1.0,-0.019938633926212784,-0.02565864846110344,0.02565864846110344,0.0006583662408504859,0.7221485915160983,0.4838620984718143,1.4924677791396894,0.2337648838686423
6,cumulative_infected,0.9656088986666873,0.7474475021687021,0.5620339610031806,0.49504639303982345,0.44764398245024495,0.8513342007645406,0.357211986422044,1.7401824379106983,0.40369021831429563,1.3829704514886543,0.0,1.0,-0.21816139649798516,-0.4035749376635067,0.4035749376635067,0.16287273031010333,0.7221485915160983,0.4838620984718143,1.4924677791396894,0.2337648838686423
6,early_growth_slope,0.002249758259581757,-0.00010865142061967479,-0.00042205641633093633,0.002424767937605044,-0.0015627397064928935,0.0012741011326267782,-0.003552935281324953,0.00415552795018898,0.0028368408391196715,0.007708463231513933,0.0,1.0,-0.0023584096802014318,-0.0026718146759126932,0.0026718146759126932,7.13859366242245e-06,0.7221485915160983,0.4838620984718143,1.4924677791396894,0.2337648838686423
6,post_peak_decline_slope,-0.03753378614783263,-0.0037106203090585188,-0.0026042025434435414,0.006114203727452919,-0.004009236792002675,-0.0013634732027033713,-0.007681366780861503,0.0,0.0026457635892993036,0.007681366780861503,0.0,0.0,0.03382316583877411,0.03492958360438909,0.03492958360438909,0.001220075810776007,0.7221485915160983,0.4838620984718143,1.4924677791396894,0.2337648838686423
6,late_phase_auc,0.5591101464815438,0.3912244621597847,0.2522571478039026,0.37274471406360893,0.18548380726133473,0.4235439009498805,0.14969091483471858,1.0904275532811878,0.23806009368854575,0.9407366384464693,0.0,1.0,-0.1678856843217591,-0.30685299867764115,0.30685299867764115,0.09415876279746044,0.7221485915160983,0.4838620984718143,1.4924677791396894,0.2337648838686423
6,time_to_half_peak_after_peak,1.0,1.5,1.0,1.7780934063249214,1.0,1.0,1.0,3.049999999999997,0.0,2.049999999999997,1.0,1.0,0.5,0.0,0.0,0.0,0.7221485915160983,0.4838620984718143,1.4924677791396894,0.2337648838686423
6,late_to_early_mean_ratio,1.4420347561521503,1.0713669791694704,0.9588325472390957,0.5588324163332579,0.7119973278759177,1.2857085421725816,0.45693000347559964,2.2196427190932786,0.5737112142966638,1.762712715617679,0.0,1.0,-0.37066777698267983,-0.48320220891305454,0.48320220891305454,0.2334843746984552,0.7221485915160983,0.4838620984718143,1.4924677791396894,0.2337648838686423
7,peak_time,24.0,22.81,22.0,2.80221773644095,21.0,25.0,19.0,28.0,4.0,9.0,1.0,1.0,-1.1900000000000013,-2.0,2.0,4.0,0.5203767225037499,0.2023453575170162,2.571725533460726,0.6280045942112092
7,peak_height,0.2239007204771042,0.19867516413331032,0.1967492774128914,0.017436500553661118,0.18479013815522194,0.21342550963163376,0.1742148406803608,0.22628119289875032,0.02863537147641182,0.05206635221838951,0.0,1.0,-0.025225556343793865,-0.0271514430642128,0.0271514430642128,0.0007372008604691893,0.5203767225037499,0.2023453575170162,2.571725533460726,0.6280045942112092
7,cumulative_infected,4.387338657019427,4.308661491896783,4.286716261820402,0.2848937504373367,4.128120534296613,4.410106943039864,3.8104716730536894,4.891556102456525,0.28198640874325065,1.0810844294028352,1.0,1.0,-0.07867716512264433,-0.10062239519902505,0.10062239519902505,0.01012486641558878,0.5203767225037499,0.2023453575170162,2.571725533460726,0.6280045942112092
7,early_growth_slope,0.0052467633175270045,0.003071570403941829,0.0027819204496197575,0.0026161141297603957,0.001357176288452354,0.004767042430882742,-0.0008192827575840038,0.007640304050541348,0.003409866142430388,0.008459586808125351,0.0,1.0,-0.0021751929135851757,-0.002464842867907247,0.002464842867907247,6.075450363473222e-06,0.5203767225037499,0.2023453575170162,2.571725533460726,0.6280045942112092
7,post_peak_decline_slope,-0.015640574445327095,-0.007646133583039044,-0.007708530376354853,0.0037201268257688663,-0.010321068422247984,-0.0052918137982487685,-0.012890962734818446,-0.0005079646284381495,0.0050292546239992155,0.012382998106380296,0.0,0.0,0.007994440862288052,0.007932044068972242,0.007932044068972242,6.291732311211772e-05,0.5203767225037499,0.2023453575170162,2.571725533460726,0.6280045942112092
7,late_phase_auc,2.01115297107026,1.9761293628317071,1.959746924112551,0.1727336790378355,1.8599148146458901,2.0598096079193056,1.7042134993243963,2.292757432919461,0.19989479327341542,0.5885439335950648,1.0,1.0,-0.03502360823855266,-0.051406046957708895,0.051406046957708895,0.002642581663818172,0.5203767225037499,0.2023453575170162,2.571725533460726,0.6280045942112092
7,time_to_half_peak_after_peak,8.0,9.77,10.0,3.0644755017800516,8.0,11.25,5.0,15.0,3.25,10.0,1.0,1.0,1.7699999999999996,2.0,2.0,4.0,0.5203767225037499,0.2023453575170162,2.571725533460726,0.6280045942112092
7,late_to_early_mean_ratio,0.9148904869636079,0.9240771835459202,0.9122971553000984,0.10560360717140793,0.84999112214013,0.9724179278262088,0.7897853914844905,1.115459186391465,0.12242680568607889,0.32567379490697446,1.0,1.0,0.009186696582312304,-0.0025933316635095016,0.0025933316635095016,6.725369116960959e-06,0.5203767225037499,0.2023453575170162,2.571725533460726,0.6280045942112092
8,peak_time,26.0,26.77,27.0,2.18283015251931,25.0,28.0,24.0,30.049999999999997,3.0,6.049999999999997,1.0,1.0,0.7699999999999996,1.0,1.0,1.0,0.4925504189295422,0.12980289857070007,3.794602619457404,0.39929238147204527
8,peak_height,0.30716973543167114,0.2777600210905075,0.2815219759941101,0.02046649347863246,0.264201320707798,0.29252466559410095,0.24255422055721282,0.3087725847959518,0.028323344886302948,0.066218364238739,0.0,1.0,-0.02940971434116363,-0.025647759437561035,0.025647759437561035,0.0006578075641670011,0.4925504189295422,0.12980289857070007,3.794602619457404,0.39929238147204527
8,cumulative_infected,7.049903525039554,6.868875304532121,6.860771578736603,0.44790588990315566,6.5811648460512515,7.226214228372555,6.119531683332752,7.5532073673559355,0.6450493823213037,1.433675684023183,1.0,1.0,-0.18102822050743228,-0.18913194630295038,0.18913194630295038,0.035770893112342106,0.4925504189295422,0.12980289857070007,3.794602619457404,0.39929238147204527
8,early_growth_slope,0.004321882079931951,0.0036772304029519935,0.004096890067947761,0.00266764373693075,0.0017388650760819602,0.0055499366266996645,-0.0011446911187487686,0.008091583131075214,0.0038110715506177043,0.009236274249823984,1.0,1.0,-0.0006446516769799573,-0.00022499201198418993,0.00022499201198418993,5.062140545669387e-08,0.4925504189295422,0.12980289857070007,3.794602619457404,0.39929238147204527
8,post_peak_decline_slope,-0.0051289265354474475,-0.008347395014017815,-0.008525279909372335,0.0037253388518150928,-0.01105360599855581,-0.005570605956017975,-0.0141779327392578,-0.002470135316252691,0.005483000042537835,0.011707797423005109,0.0,1.0,-0.0032184684785703677,-0.003396353373924887,0.003396353373924887,1.1535216240570963e-05,0.4925504189295422,0.12980289857070007,3.794602619457404,0.39929238147204527
8,late_phase_auc,4.168937191367149,4.141531882557319,4.14558747317642,0.27628130681945867,3.9645416187122464,4.326353223994374,3.661536021158099,4.557568372040987,0.36181160528212786,0.896032350882888,1.0,1.0,-0.027405308809830053,-0.023349718190729618,0.023349718190729618,0.0005452093395864896,0.4925504189295422,0.12980289857070007,3.794602619457404,0.39929238147204527
8,time_to_half_peak_after_peak,13.0,13.26,13.0,2.653832753364138,11.75,15.0,9.0,18.0,3.25,9.0,1.0,1.0,0.2599999999999998,0.0,0.0,0.0,0.4925504189295422,0.12980289857070007,3.794602619457404,0.39929238147204527
8,late_to_early_mean_ratio,1.5881857758981386,1.6621623259254923,1.6600978878972787,0.15917201031927192,1.5523761424662947,1.766211529696677,1.3688742013424782,1.9158475255686336,0.2138353872303822,0.5469733242261554,1.0,1.0,0.0739765500273537,0.07191211199914016,0.07191211199914016,0.005171351852176878,0.4925504189295422,0.12980289857070007,3.794602619457404,0.39929238147204527
9,peak_time,27.0,29.44,30.0,3.995755323597856,26.0,32.0,23.0,36.05,6.0,13.049999999999997,1.0,1.0,2.4400000000000013,3.0,3.0,9.0,0.8213335072767307,0.23056740893602845,3.5622272508800754,0.16582837346392312
9,peak_height,0.1961476057767868,0.1623704056441784,0.16461209952831268,0.020700486734635228,0.1493511125445366,0.17735613510012627,0.12628600299358367,0.19481446593999863,0.028005022555589676,0.06852846294641496,0.0,0.0,-0.033777200132608404,-0.03153550624847412,0.03153550624847412,0.0009944881543475503,0.8213335072767307,0.23056740893602845,3.5622272508800754,0.16582837346392312
9,cumulative_infected,3.9166317681083456,3.9410333222004454,3.9640360284247436,0.4232911909752418,3.6826209551654756,4.235539515444543,3.2374155606259594,4.536377266154159,0.5529185602790676,1.2989617055281997,1.0,1.0,0.024401554092099875,0.047404260316397995,0.047404260316397995,0.002247163896144826,0.8213335072767307,0.23056740893602845,3.5622272508800754,0.16582837346392312
9,early_growth_slope,0.0002945735371516398,0.0017454414639533006,0.0019821997765185582,0.0024982245575971606,-5.7068981688990206e-05,0.0034770141300257467,-0.002722546979895836,0.005623919194996622,0.0035340831117147368,0.008346466174892458,1.0,1.0,0.0014508679268016608,0.0016876262393669184,0.0016876262393669184,2.8480823237997277e-06,0.8213335072767307,0.23056740893602845,3.5622272508800754,0.16582837346392312
9,post_peak_decline_slope,-0.0058202872673670325,-0.004736724694569905,-0.004384228338797884,0.0030646151146298374,-0.006902693832914034,-0.0022427595530947033,-0.009403125916918118,0.0007035044829050743,0.004659934279819331,0.010106630399823192,1.0,1.0,0.0010835625727971272,0.0014360589285691483,0.0014360589285691483,2.0622652463231702e-06,0.8213335072767307,0.23056740893602845,3.5622272508800754,0.16582837346392312
9,late_phase_auc,2.5386318545788527,2.5010771074087823,2.484471167437732,0.2925621157741973,2.294072588905692,2.701559479814023,2.0744263478554785,2.979776234179735,0.4074868909083307,0.9053498863242564,1.0,1.0,-0.037554747170070346,-0.054160687141120434,0.054160687141120434,0.0029333800315983283,0.8213335072767307,0.23056740893602845,3.5622272508800754,0.16582837346392312
9,time_to_half_peak_after_peak,11.0,10.1,10.0,4.83777225632216,7.0,14.0,2.95,17.049999999999997,7.0,14.099999999999998,1.0,1.0,-0.9000000000000004,-1.0,1.0,1.0,0.8213335072767307,0.23056740893602845,3.5622272508800754,0.16582837346392312
9,late_to_early_mean_ratio,2.0347887377922826,1.8887274892939485,1.8679150912918647,0.22967910329726582,1.6968973620992727,2.018861937793795,1.5869908346653308,2.3162627264538482,0.3219645756945222,0.7292718917885175,0.0,1.0,-0.14606124849833413,-0.16687364650041792,0.16687364650041792,0.02784681389634644,0.8213335072767307,0.23056740893602845,3.5622272508800754,0.16582837346392312
10,peak_time,1.0,20.6,17.0,16.77480072590847,3.75,37.25,0.0,46.099999999999994,33.5,46.099999999999994,0.0,1.0,19.6,16.0,16.0,256.0,0.388590108705298,0.42157454286836554,0.9217589517179011,0.10500316098674117
10,peak_height,0.03947296366095543,0.04994267761707306,0.048083895817399025,0.011072963416627285,0.0423637293279171,0.056931622326374054,0.03513254020363092,0.0685508482158184,0.014567892998456955,0.03341830801218748,0.0,1.0,0.010469713956117628,0.008610932156443596,0.008610932156443596,7.414815260287436e-05,0.388590108705298,0.42157454286836554,0.9217589517179011,0.10500316098674117
10,cumulative_infected,0.33445392246358097,0.5105544719154841,0.47207442416402046,0.18325428072062505,0.42214773122395854,0.5341448280451004,0.3306925967374809,0.7414038398419506,0.1119970968211419,0.41071124310446966,0.0,1.0,0.17610054945190312,0.1376205017004395,0.1376205017004395,0.01893940248828067,0.388590108705298,0.42157454286836554,0.9217589517179011,0.10500316098674117
10,early_growth_slope,-0.003930952167138455,-0.0007710287824873022,-0.000677626735220353,0.002071847229824722,-0.0021077117310466884,0.0003777630493762749,-0.004100138812680683,0.002801999234777342,0.0024854747804229633,0.006902138047458025,0.0,1.0,0.0031599233846511523,0.0032533254319181016,0.0032533254319181016,1.0584126365965102e-05,0.388590108705298,0.42157454286836554,0.9217589517179011,0.10500316098674117
10,post_peak_decline_slope,-0.0022432968408490233,-0.003834114127076906,-0.0025921760849693517,0.0065638264191042435,-0.00392327933028962,-0.0016615994085289795,-0.007336701767829559,0.0,0.002261679921760641,0.007336701767829559,1.0,1.0,-0.0015908172862278826,-0.0003488792441203284,0.0003488792441203284,1.217167269779717e-07,0.388590108705298,0.42157454286836554,0.9217589517179011,0.10500316098674117
10,late_phase_auc,0.18487090710550547,0.23485228822823045,0.21901430352590978,0.1368949571984099,0.17080794798675925,0.25611853944064933,0.10913806681055575,0.3364730781788237,0.08531059145389008,0.22733501136826795,1.0,1.0,0.04998138112272499,0.034143396420404315,0.034143396420404315,0.0011657715191208781,0.388590108705298,0.42157454286836554,0.9217589517179011,0.10500316098674117
10,time_to_half_peak_after_peak,1.0,1.18,1.0,0.5925462944877059,1.0,1.0,1.0,2.0,0.0,1.0,1.0,1.0,0.17999999999999994,0.0,0.0,0.0,0.388590108705298,0.42157454286836554,0.9217589517179011,0.10500316098674117
10,late_to_early_mean_ratio,1.2337247780809864,0.912408876034874,0.8259162395355146,0.4344933594568357,0.6206930009480148,1.122831660578186,0.4114558726864987,1.549544175432427,0.5021386596301712,1.1380883027459283,0.0,1.0,-0.3213159020461124,-0.4078085385454717,0.4078085385454717,0.16630780411059348,0.388590108705298,0.42157454286836554,0.9217589517179011,0.10500316098674117
11,peak_time,1.0,22.34,21.5,14.628890745522861,10.0,35.0,1.0,45.05,25.0,44.05,0.0,1.0,21.34,20.5,20.5,420.25,0.11489960090513164,0.46824899449326457,0.24538141513678016,0.27019603123738367
11,peak_height,0.04933399707078934,0.05224604934453964,0.04746183939278126,0.020771453725252784,0.04086108319461346,0.05466619599610567,0.0355138786137104,0.08531585112214086,0.013805112801492214,0.049801972508430464,1.0,1.0,0.0029120522737503055,-0.0018721576780080795,0.0018721576780080795,3.504974371324604e-06,0.11489960090513164,0.46824899449326457,0.24538141513678016,0.27019603123738367
11,cumulative_infected,0.5256599276326597,0.6107808956810277,0.45708933961577713,0.53362994479146,0.40123922171187587,0.5707815988280345,0.3069866688019829,1.2443772933678696,0.1695423771161586,0.9373906245658867,1.0,1.0,0.085120968048368,-0.06857058801688254,0.06857058801688254,0.004701925540981035,0.11489960090513164,0.46824899449326457,0.24538141513678016,0.27019603123738367
11,early_growth_slope,-0.006047171651430072,-0.00034265499743685735,-0.0003558994191865029,0.00203475722154497,-0.0014421285949148478,0.0009060484867188193,-0.004180705947579727,0.0028923177868515875,0.002348177081633667,0.007073023734431315,0.0,0.0,0.005704516653993214,0.005691272232243569,0.005691272232243569,3.2390579621506695e-05,0.11489960090513164,0.46824899449326457,0.24538141513678016,0.27019603123738367
11,post_peak_decline_slope,-0.005225159786641599,-0.00351308204855706,-0.0028636989950124817,0.003886736612204274,-0.00393219529008396,-0.0020405918049315607,-0.006993544934472685,-0.00014613496372476692,0.001891603485152399,0.006847409970747918,0.0,1.0,0.001712077738084539,0.0023614607916291174,0.0023614607916291174,5.576497070401618e-06,0.11489960090513164,0.46824899449326457,0.24538141513678016,0.27019603123738367
11,late_phase_auc,0.2591743222437799,0.3077389411920285,0.21356595298857428,0.37630270505776753,0.16036410929518752,0.28405113879125565,0.11580092356889508,0.72370738487807,0.12368702949606813,0.6079064613091749,1.0,1.0,0.048564618948248595,-0.045608369255205616,0.045608369255205616,0.002080123346119185,0.11489960090513164,0.46824899449326457,0.24538141513678016,0.27019603123738367
11,time_to_half_peak_after_peak,2.0,1.31,1.0,1.426268706886057,1.0,1.0,1.0,3.0,0.0,2.0,0.0,1.0,-0.69,-1.0,1.0,1.0,0.11489960090513164,0.46824899449326457,0.24538141513678016,0.27019603123738367
11,late_to_early_mean_ratio,1.0229526624804433,0.9889416243586483,0.8519964542555454,0.49751102383084644,0.656363566712918,1.2392656697634845,0.424603977855945,1.7447881040910957,0.5829021030505666,1.3201841262351508,1.0,1.0,-0.034011038121794956,-0.17095620822489788,0.17095620822489788,0.02922602513063464,0.11489960090513164,0.46824899449326457,0.24538141513678016,0.27019603123738367
12,peak_time,25.0,20.82,18.5,14.715744334322045,8.0,31.75,1.0,47.05,23.75,46.05,1.0,1.0,-4.18,-6.5,6.5,42.25,0.4408165153540289,0.398979304211287,1.1048606048011607,0.27454790386162986
12,peak_height,0.05847488343715668,0.05538547439500689,0.052599845454096794,0.015594401724268236,0.04524783603847027,0.06176258157938719,0.034719897992908956,0.08670188151299953,0.01651474554091692,0.05198198352009057,1.0,1.0,-0.003089409042149785,-0.005875037983059883,0.005875037983059883,3.451607130239634e-05,0.4408165153540289,0.398979304211287,1.1048606048011607,0.27454790386162986
12,cumulative_infected,0.8331269652117044,0.6730565543756165,0.5623350892437884,0.3213553538565615,0.4450056898276671,0.865429469384253,0.3580986947155907,1.3845780128322074,0.42042377955658594,1.0264793181166167,1.0,1.0,-0.16007041083608786,-0.270791875967916,0.270791875967916,0.07332824009022319,0.4408165153540289,0.398979304211287,1.1048606048011607,0.27454790386162986
12,early_growth_slope,0.0008220421150326734,0.00011311513173755688,0.00026877617485643877,0.002296012714893932,-0.0011982185216246365,0.001764074324715433,-0.004110282048003723,0.0034885011112713795,0.0029622928463400693,0.007598783159275103,1.0,1.0,-0.0007089269832951166,-0.0005532659401762347,0.0005532659401762347,3.0610320055909287e-07,0.4408165153540289,0.398979304211287,1.1048606048011607,0.27454790386162986
12,post_peak_decline_slope,-0.003598854163040719,-0.00404137110525837,-0.003123715667364499,0.00539112978894691,-0.004346047328726855,-0.0019034479119000088,-0.007984582558662317,5.0277744837021796e-06,0.0024425994168268466,0.007989610333146019,1.0,1.0,-0.0004425169422176511,0.00047513849567621964,0.00047513849567621964,2.25756590073461e-07,0.4408165153540289,0.398979304211287,1.1048606048011607,0.27454790386162986
12,late_phase_auc,0.3912020791321993,0.2921296322604758,0.2488436778075993,0.17083457634938276,0.17772139624867123,0.3405419384362176,0.12053338569821789,0.611789388931356,0.16282054218754638,0.4912560032331381,0.0,1.0,-0.09907244687172351,-0.14235840132459998,0.14235840132459998,0.02026591442769587,0.4408165153540289,0.398979304211287,1.1048606048011607,0.27454790386162986
12,time_to_half_peak_after_peak,2.0,1.42,1.0,1.0068452580895308,1.0,1.25,1.0,3.0,0.25,2.0,0.0,1.0,-0.5800000000000001,-1.0,1.0,1.0,0.4408165153540289,0.398979304211287,1.1048606048011607,0.27454790386162986
12,late_to_early_mean_ratio,1.0593413659465551,0.8681296942168787,0.7911402266025472,0.3887125922020368,0.6166669670241889,1.0745949613040562,0.3718395847925134,1.6972781432958373,0.4579279942798673,1.325438558503324,1.0,1.0,-0.19121167172967646,-0.2682011393440079,0.2682011393440079,0.07193185114542394,0.4408165153540289,0.398979304211287,1.1048606048011607,0.27454790386162986
13,peak_time,16.0,16.27,16.0,1.2937690612463975,15.0,17.0,14.0,19.0,2.0,5.0,1.0,1.0,0.2699999999999996,0.0,0.0,0.0,0.8857494005908546,0.11499398706729289,7.702571440300843,0.4624837960733643
13,peak_height,0.4790096580982208,0.4368207174539566,0.435007244348526,0.019917066900964602,0.4239802956581116,0.4515007510781288,0.4042080730199814,0.4712455183267593,0.027520455420017242,0.06703744530677791,0.0,0.0,-0.042188940644264206,-0.044002413749694824,0.044002413749694824,0.0019362124157993321,0.8857494005908546,0.11499398706729289,7.702571440300843,0.4624837960733643
13,cumulative_infected,8.525846837088466,8.360066918580142,8.359896629815921,0.3565626123990782,8.138286198285641,8.575349759717938,7.7874235405470245,8.928448931954335,0.4370635614322964,1.141025391407311,1.0,1.0,-0.1657799185083242,-0.1659502072725445,0.1659502072725445,0.027539471293800483,0.8857494005908546,0.11499398706729289,7.702571440300843,0.4624837960733643
13,early_growth_slope,0.006811013744611824,0.013278316934081758,0.013659728197602642,0.0029834439701126865,0.01139301168344294,0.015181631686400144,0.008076787709502414,0.017352726543876557,0.003788620002957205,0.009275938834374144,0.0,0.0,0.006467303189469934,0.006848714452990818,0.006848714452990818,4.690488965860532e-05,0.8857494005908546,0.11499398706729289,7.702571440300843,0.4624837960733643
13,post_peak_decline_slope,-0.0287419880429903,-0.020336627552906664,-0.020999379952748608,0.00408847588287755,-0.023494637136658,-0.01720757000148294,-0.026117080127199505,-0.013124056383967408,0.006287067135175059,0.012993023743232097,0.0,0.0,0.008405360490083634,0.007742608090241691,0.007742608090241691,5.994798003907608e-05,0.8857494005908546,0.11499398706729289,7.702571440300843,0.4624837960733643
13,late_phase_auc,2.1884409515187144,2.3205348689397214,2.3331001301994547,0.1940110181098913,2.1869998273905367,2.470142988022417,1.9928792195045388,2.5841142214951107,0.28314316063188016,0.5912350019905719,1.0,1.0,0.13209391742100696,0.1446591786807403,0.1446591786807403,0.020926277976586347,0.8857494005908546,0.11499398706729289,7.702571440300843,0.4624837960733643
13,time_to_half_peak_after_peak,10.0,10.54,11.0,1.5269961269489754,9.0,12.0,8.0,13.0,3.0,5.0,1.0,1.0,0.5399999999999991,1.0,1.0,1.0,0.8857494005908546,0.11499398706729289,7.702571440300843,0.4624837960733643
13,late_to_early_mean_ratio,0.37523701497233836,0.4155821390264977,0.4151772059637479,0.035902107131437044,0.3926106947215231,0.4390897624384278,0.3569475494737287,0.4751880989177182,0.04647906771690469,0.11824054944398948,0.0,1.0,0.040345124054159354,0.03994019099140955,0.03994019099140955,0.0015952188564302726,0.8857494005908546,0.11499398706729289,7.702571440300843,0.4624837960733643
14,peak_time,20.0,20.75,20.0,8.080872790144952,17.0,23.25,7.0,36.099999999999994,6.25,29.099999999999994,1.0,1.0,0.75,0.0,0.0,0.0,0.8037411183808738,0.47230043301312946,1.7017581653551663,0.6032136214458038
14,peak_height,0.08384277671575546,0.0814278431609273,0.0799521803855896,0.01557128930852629,0.07004920765757561,0.09065497294068336,0.059381591901183126,0.10866459272801876,0.020605765283107758,0.049283000826835635,1.0,1.0,-0.0024149335548281636,-0.003890596330165863,0.003890596330165863,1.5136739804300081e-05,0.8037411183808738,0.47230043301312946,1.7017581653551663,0.6032136214458038
14,cumulative_infected,1.3729581917068572,1.3701073625732396,1.3250769298174419,0.2546167984952811,1.2166687809221912,1.508564914111048,0.9778328532469459,1.797871048550587,0.29189613318885677,0.8200381953036412,1.0,1.0,-0.0028508291336175606,-0.04788126188941533,0.04788126188941533,0.0022926152401227767,0.8037411183808738,0.47230043301312946,1.7017581653551663,0.6032136214458038
14,early_growth_slope,0.0035631630979921836,0.0015050701423673935,0.0017868061688551236,0.0026323160469780343,-0.00014904055500491683,0.003478752895413587,-0.003064670175739417,0.005144109425046259,0.0036277934504185035,0.008208779600785676,0.0,1.0,-0.0020580929556247903,-0.00177635692913706,0.00177635692913706,3.1554439396932462e-06,0.8037411183808738,0.47230043301312946,1.7017581653551663,0.6032136214458038
14,post_peak_decline_slope,-0.0032698502764105758,-0.0037504668039813043,-0.0036901314820473384,0.0023590663669650095,-0.005116855457890782,-0.002212446494377222,-0.008202655886707369,-0.000413529900057865,0.0029044089635135596,0.0077891259866495035,1.0,1.0,-0.00048061652757072854,-0.0004202812056367626,0.0004202812056367626,1.7663629181149075e-07,0.8037411183808738,0.47230043301312946,1.7017581653551663,0.6032136214458038
14,late_phase_auc,0.4520426830276847,0.5158887354064654,0.505081828974653,0.12189836087060497,0.4262640560627915,0.6017532182886498,0.34753311905951706,0.7100439907990221,0.1754891622258583,0.3625108717395051,1.0,1.0,0.06384605237878072,0.05303914594696835,0.05303914594696835,0.0028131510027838086,0.8037411183808738,0.47230043301312946,1.7017581653551663,0.6032136214458038
14,time_to_half_peak_after_peak,3.0,2.05,1.0,1.8443196988361732,1.0,2.0,1.0,5.049999999999997,1.0,4.049999999999997,0.0,1.0,-0.9500000000000002,-2.0,2.0,4.0,0.8037411183808738,0.47230043301312946,1.7017581653551663,0.6032136214458038
14,late_to_early_mean_ratio,0.5622458756705262,0.6707693360260825,0.6539616903522447,0.19003560759104052,0.5511472847074296,0.7698168110045035,0.38968887972699073,1.0218630552822072,0.21866952629707392,0.6321741755552165,1.0,1.0,0.10852346035555627,0.09171581468171852,0.09171581468171852,0.008411790662731334,0.8037411183808738,0.47230043301312946,1.7017581653551663,0.6032136214458038
15,peak_time,25.0,23.74,26.0,16.343917411796852,8.0,39.5,1.9500000000000002,48.0,31.5,46.05,1.0,1.0,-1.2600000000000016,1.0,1.0,1.0,0.223239646774186,0.19625577667810645,1.1374933800819416,0.5235571582887761
15,peak_height,0.0521092563867569,0.05085869576781988,0.04951908998191357,0.012169886310171227,0.04132495075464249,0.05731379333883524,0.033954893425107005,0.07016340307891367,0.015988842584192753,0.03620850965380666,1.0,1.0,-0.0012505606189370175,-0.0025901664048433304,0.0025901664048433304,6.708962004779023e-06,0.223239646774186,0.19625577667810645,1.1374933800819416,0.5235571582887761
15,cumulative_infected,0.6104487386764959,0.5606263064747669,0.5062679990660399,0.23829279557006874,0.4006007113857777,0.5869648403568135,0.3248752917657839,1.0635568419238548,0.18636412897103583,0.7386815501580709,0.0,1.0,-0.049822432201728994,-0.10418073961045593,0.10418073961045593,0.010853626505781621,0.223239646774186,0.19625577667810645,1.1374933800819416,0.5235571582887761
15,early_growth_slope,0.00039878240620185224,-0.0003528070370417213,-8.748038228423727e-05,0.0022806550073371647,-0.0019578475676964783,0.001254368954548789,-0.003777023738933034,0.002909136078059894,0.0032122165222452674,0.006686159816992929,1.0,1.0,-0.0007515894432435736,-0.0004862627884860895,0.0004862627884860895,2.3645149946626743e-07,0.223239646774186,0.19625577667810645,1.1374933800819416,0.5235571582887761
15,post_peak_decline_slope,-0.001147730687322709,-0.005087264483297952,-0.0026566203664212286,0.009794823893844779,-0.003780674012765909,-0.0018218493147287573,-0.01581921405158929,-6.437233532779064e-05,0.0019588246980371516,0.0157548417162615,0.0,1.0,-0.0039395337959752435,-0.0015088896790985196,0.0015088896790985196,2.2767480636900334e-06,0.223239646774186,0.19625577667810645,1.1374933800819416,0.5235571582887761
15,late_phase_auc,0.3718941385159269,0.2799955420615504,0.21818814399739495,0.1760005729242554,0.19076245812539128,0.3012920888431836,0.12670477247447706,0.623490638107614,0.11052963071779232,0.49678586563313687,0.0,1.0,-0.09189859645437648,-0.15370599451853195,0.15370599451853195,0.023625532750930975,0.223239646774186,0.19625577667810645,1.1374933800819416,0.5235571582887761
15,time_to_half_peak_after_peak,1.0,1.18,1.0,0.5001009999000303,1.0,1.0,1.0,2.0,0.0,1.0,1.0,1.0,0.17999999999999994,0.0,0.0,0.0,0.223239646774186,0.19625577667810645,1.1374933800819416,0.5235571582887761
15,late_to_early_mean_ratio,1.8568066349740315,1.0209184958735824,0.9552490835765509,0.43249929019104316,0.6894018803388413,1.1900973426287609,0.49895928248657817,1.9112514744988873,0.5006954622899196,1.412292192012309,0.0,1.0,-0.8358881391004491,-0.9015575513974806,0.9015575513974806,0.8128060184818209,0.223239646774186,0.19625577667810645,1.1374933800819416,0.5235571582887761
16,peak_time,18.0,16.83,17.0,1.4774739567685422,16.0,18.0,14.0,19.0,2.0,5.0,1.0,1.0,-1.1700000000000017,-1.0,1.0,1.0,0.8042367176125458,0.20320599440074216,3.957741108889298,0.5430403169001513
16,peak_height,0.3132338225841522,0.2786750102043152,0.27745096385478973,0.01760653221000703,0.26606498658657074,0.28989382088184357,0.25343821942806244,0.31065136939287186,0.023828834295272827,0.05721314996480942,0.0,0.0,-0.034558812379837045,-0.03578285872936249,0.03578285872936249,0.0012804129788455132,0.8042367176125458,0.20320599440074216,3.957741108889298,0.5430403169001513
16,cumulative_infected,5.049031918752007,4.920829238556344,4.953590665303636,0.2196405755370378,4.7463690923541435,5.080027105403133,4.516086757538142,5.261588391888654,0.33365801304898923,0.7455016343505116,1.0,1.0,-0.12820268019566328,-0.09544125344837084,0.09544125344837084,0.00910903285979616,0.8042367176125458,0.20320599440074216,3.957741108889298,0.5430403169001513
16,early_growth_slope,0.008839081616661996,0.008052005142829633,0.008295503982697568,0.002529260235177274,0.006388056674040854,0.009941285599433327,0.0032704342672202204,0.0116126861423254,0.003553228925392473,0.00834225187510518,1.0,1.0,-0.0007870764738323634,-0.0005435776339644278,0.0005435776339644278,2.9547664414636544e-07,0.8042367176125458,0.20320599440074216,3.957741108889298,0.5430403169001513
16,post_peak_decline_slope,-0.01891103188196819,-0.01534645789737502,-0.015695457036296514,0.003628820048017758,-0.017907655549546087,-0.01299843446662026,-0.02075646823892992,-0.009020543297131856,0.004909221082925828,0.011735924941798065,0.0,1.0,0.0035645739845931706,0.0032155748456716773,0.0032155748456716773,1.0339921588116432e-05,0.8042367176125458,0.20320599440074216,3.957741108889298,0.5430403169001513
16,late_phase_auc,0.994594361865893,1.1424650541300252,1.1433840729878284,0.11226013485812252,1.0751578230410814,1.208684392566738,0.9756577184889466,1.3128278712334578,0.13352656952565667,0.33717015274451123,0.0,1.0,0.1478706922641322,0.1487897111219354,0.1487897111219354,0.022138378135748985,0.8042367176125458,0.20320599440074216,3.957741108889298,0.5430403169001513
16,time_to_half_peak_after_peak,7.0,8.71,9.0,1.843881501045821,8.0,10.0,6.0,12.0,2.0,6.0,0.0,1.0,1.7100000000000009,2.0,2.0,4.0,0.8042367176125458,0.20320599440074216,3.957741108889298,0.5430403169001513
16,late_to_early_mean_ratio,0.26621436926312675,0.3294453062204992,0.33068415282553865,0.03420713481333095,0.3019793268508029,0.3515055505377596,0.2809592273214842,0.38100632761533976,0.049526223686956694,0.10004710029385555,0.0,0.0,0.06323093695737247,0.0644697835624119,0.0644697835624119,0.004156352992584236,0.8042367176125458,0.20320599440074216,3.957741108889298,0.5430403169001513
17,peak_time,28.0,28.16,28.0,2.51347881581997,26.75,30.0,24.0,32.0,3.25,8.0,1.0,1.0,0.16000000000000014,0.0,0.0,0.0,0.40089247552210316,0.09472465032987573,4.23218744145275,0.4948581317635824
17,peak_height,0.36143168807029724,0.34225248873233793,0.34558913111686707,0.031366501407498505,0.32024872303009033,0.3630707710981369,0.293378908932209,0.38900540024042124,0.04282204806804657,0.09562649130821221,1.0,1.0,-0.019179199337959307,-0.015842556953430176,0.015842556953430176,0.0002509866108226788,0.40089247552210316,0.09472465032987573,4.23218744145275,0.4948581317635824
17,cumulative_infected,8.996140487492085,8.854529127127316,8.889009305392392,0.7636325734871969,8.3873591387528,9.39765724996687,7.530539988772944,10.102765697683207,1.0102981112140696,2.5722257089102634,1.0,1.0,-0.1416113603647684,-0.10713118209969252,0.10713118209969252,0.01147709017807748,0.40089247552210316,0.09472465032987573,4.23218744145275,0.4948581317635824
17,early_growth_slope,0.005685962625734862,0.003064641651771602,0.0031363309022881805,0.0028604992286448065,0.0012794490557141785,0.0052187159210353405,-0.0017811428192847719,0.00773993347510917,0.003939266865321162,0.009521076294393941,0.0,1.0,-0.0026213209739632598,-0.002549631723446681,0.002549631723446681,6.500621925205693e-06,0.40089247552210316,0.09472465032987573,4.23218744145275,0.4948581317635824
17,post_peak_decline_slope,-0.010285822550455709,-0.00875174554934104,-0.008548219998677546,0.0038640232977593734,-0.011989028255144741,-0.005904581770300848,-0.014504620333512656,-0.0028977518777052384,0.006084446484843893,0.011606868455807417,1.0,1.0,0.0015340770011146691,0.0017376025517781626,0.0017376025517781626,3.019262627945982e-06,0.40089247552210316,0.09472465032987573,4.23218744145275,0.4948581317635824
17,late_phase_auc,5.819649804383516,5.7689287980273365,5.761095501482487,0.4738362878933077,5.504931257106364,6.0949881775304675,4.989364387653768,6.503454477898776,0.5900569204241037,1.5140900902450083,1.0,1.0,-0.05072100635617982,-0.05855430290102959,0.05855430290102959,0.003428606388225522,0.40089247552210316,0.09472465032987573,4.23218744145275,0.4948581317635824
17,time_to_half_peak_after_peak,13.0,15.48,15.5,2.7833560151498236,13.0,17.0,11.0,20.0,4.0,9.0,1.0,1.0,2.4800000000000004,2.5,2.5,6.25,0.40089247552210316,0.09472465032987573,4.23218744145275,0.4948581317635824
17,late_to_early_mean_ratio,2.0055835516060188,2.0620021780914555,2.073786114535757,0.24405690451898399,1.8551416723403036,2.2320034517452294,1.6973188227709113,2.4094630837847077,0.3768617794049258,0.7121442610137965,1.0,1.0,0.05641862648543672,0.06820256292973825,0.06820256292973825,0.004651589590184906,0.40089247552210316,0.09472465032987573,4.23218744145275,0.4948581317635824
18,peak_time,16.0,19.65,19.0,5.301753092948205,16.75,23.0,12.0,28.049999999999997,6.25,16.049999999999997,0.0,1.0,3.6499999999999986,3.0,3.0,9.0,0.7709307275198969,0.4292053339236153,1.7961816095628897,0.6546799970017237
18,peak_height,0.10012266039848328,0.09513743154704571,0.09695716574788094,0.016315101262287534,0.08391786552965641,0.10458133928477764,0.06888440139591694,0.12426971048116683,0.02066347375512123,0.0553853090852499,1.0,1.0,-0.0049852288514375676,-0.0031654946506023407,0.0031654946506023407,1.0020356382992035e-05,0.7709307275198969,0.4292053339236153,1.7961816095628897,0.6546799970017237
18,cumulative_infected,1.724660255771596,1.6751600611470712,1.6382049359381199,0.2687985334341826,1.505789428956632,1.8250945018080529,1.279050096354331,2.176280184274219,0.31930507285142085,0.8972300879198882,1.0,1.0,-0.04950019462452482,-0.0864553198334761,0.0864553198334761,0.007474522327508645,0.7709307275198969,0.4292053339236153,1.7961816095628897,0.6546799970017237
18,early_growth_slope,0.00021920231492480343,0.0021561819358863602,0.002019834951386743,0.002715491276536607,0.0003041650412515526,0.004004186891723379,-0.0019079432775643411,0.006698161941243423,0.0037000218504718266,0.008606105218807765,0.0,1.0,0.0019369796209615568,0.0018006326364619397,0.0018006326364619397,3.242277891491876e-06,0.7709307275198969,0.4292053339236153,1.7961816095628897,0.6546799970017237
18,post_peak_decline_slope,-0.0006115885451436118,-0.004247134474760278,-0.004317246074788278,0.002432597167874008,-0.005642206361517311,-0.002922683653499318,-0.007931827694798506,-0.0001676228611419555,0.002719522708017993,0.00776420483365655,0.0,1.0,-0.0036355459296166658,-0.0037056575296446665,0.0037056575296446665,1.3731897727012212e-05,0.7709307275198969,0.4292053339236153,1.7961816095628897,0.6546799970017237
18,late_phase_auc,0.6331209643394686,0.5893927992530371,0.5567244320991449,0.1366824755214374,0.4855152299423935,0.6864484411489684,0.41219036310358204,0.8243244938450516,0.20093321120657492,0.41213413074146954,1.0,1.0,-0.043728165086431514,-0.07639653224032372,0.07639653224032372,0.005836430138346822,0.7709307275198969,0.4292053339236153,1.7961816095628897,0.6546799970017237
18,time_to_half_peak_after_peak,1.0,3.34,2.0,2.8148954445301095,1.0,4.25,1.0,9.0,3.25,8.0,1.0,1.0,2.34,1.0,1.0,1.0,0.7709307275198969,0.4292053339236153,1.7961816095628897,0.6546799970017237
18,late_to_early_mean_ratio,0.635027048751915,0.5993617762544412,0.5569632604052617,0.17590144345589287,0.47054862318831253,0.7004464529917123,0.4008012822451578,0.942672564519871,0.22989782980339973,0.5418712822747132,1.0,1.0,-0.035665272497473754,-0.07806378834665328,0.07806378834665328,0.006093955051031081,0.7709307275198969,0.4292053339236153,1.7961816095628897,0.6546799970017237
19,peak_time,30.0,34.16,33.5,3.661759802128595,31.75,36.25,29.0,41.05,4.5,12.049999999999997,0.0,1.0,4.159999999999997,3.5,3.5,12.25,0.4720703531499616,0.12699829420329395,3.7171393215273403,0.23870476149082823
19,peak_height,0.25451213121414185,0.2523321543633938,0.24994376301765442,0.03327947098749079,0.23069331049919128,0.27075300365686417,0.20603344589471817,0.31181715428829193,0.04005969315767288,0.10578370839357376,1.0,1.0,-0.0021799768507480555,-0.004568368196487427,0.004568368196487427,2.0869987978677784e-05,0.4720703531499616,0.12699829420329395,3.7171393215273403,0.23870476149082823
19,cumulative_infected,6.434641215484589,6.448372160726503,6.40935884648934,0.8512167002292472,5.928216729545966,6.873009414644912,5.200002273940481,7.953418355202302,0.9447926850989461,2.753416081261821,1.0,1.0,0.013730945241913872,-0.02528236899524927,0.02528236899524927,0.0006391981820119417,0.4720703531499616,0.12699829420329395,3.7171393215273403,0.23870476149082823
19,early_growth_slope,0.0009101526700847225,0.0016470725360085501,0.0016768161959979412,0.0024551513339419614,-0.00016263249840232577,0.0035373888779195975,-0.00214536220966173,0.005275021224432356,0.0037000213763219232,0.007420383434094086,1.0,1.0,0.0007369198659238276,0.0007666635259132187,0.0007666635259132187,5.877729619656886e-07,0.4720703531499616,0.12699829420329395,3.7171393215273403,0.23870476149082823
19,post_peak_decline_slope,-0.0021045774221420334,-0.005246542267146568,-0.005369098111987118,0.0032774584983249148,-0.007267135319610446,-0.0026258784656723365,-0.010492067888733856,-0.00042163051664830545,0.004641256853938109,0.010070437372085551,0.0,1.0,-0.0031419648450045344,-0.003264520689845084,0.003264520689845084,1.0657095334426624e-05,0.4720703531499616,0.12699829420329395,3.7171393215273403,0.23870476149082823
19,late_phase_auc,4.72080697119236,4.7645200222730635,4.785242136567831,0.6286372527117977,4.307659033685923,5.0765236094594,3.780108267813921,5.853115981817245,0.7688645757734776,2.073007714003324,1.0,1.0,0.04371305108070356,0.06443516537547112,0.06443516537547112,0.004151890536964312,0.4720703531499616,0.12699829420329395,3.7171393215273403,0.23870476149082823
19,time_to_half_peak_after_peak,18.0,14.3,15.0,3.622321371884626,12.0,17.0,7.0,19.049999999999997,5.0,12.049999999999997,0.0,1.0,-3.6999999999999993,-3.0,3.0,9.0,0.4720703531499616,0.12699829420329395,3.7171393215273403,0.23870476149082823
19,late_to_early_mean_ratio,2.989863377971037,3.10579829091885,3.0774072112510082,0.36179923688656346,2.859398312930992,3.3450201641655273,2.517994575377777,3.676281229727096,0.4856218512345354,1.158286654349319,1.0,1.0,0.1159349129478131,0.0875438332799714,0.0875438332799714,0.007663922745351427,0.4720703531499616,0.12699829420329395,3.7171393215273403,0.23870476149082823
20,peak_time,38.0,23.66,25.0,13.415067663043686,14.0,34.25,1.0,44.0,20.25,43.0,0.0,1.0,-14.34,-13.0,13.0,169.0,0.6499290594563397,0.45730464610530314,1.421216829943777,0.4815213977348819
20,peak_height,0.06503339856863022,0.06361867114901543,0.0586612094193697,0.01995736185795095,0.05012793280184269,0.07195100001990795,0.03968058507889509,0.09985475800931452,0.021823067218065262,0.060174172930419434,1.0,1.0,-0.0014147274196147919,-0.006372189149260521,0.006372189149260521,4.060479455395352e-05,0.6499290594563397,0.45730464610530314,1.421216829943777,0.4815213977348819
20,cumulative_infected,1.1602840849664062,0.932696411053339,0.7211580154280455,0.508329364551989,0.5610988122934941,1.1555983989383094,0.4362971360576921,1.9697879877348896,0.5944995866448153,1.5334908516771975,0.0,1.0,-0.22758767391306722,-0.43912606953836075,0.43912606953836075,0.19283170494820925,0.6499290594563397,0.45730464610530314,1.421216829943777,0.4815213977348819
20,early_growth_slope,-0.0015557680467498426,7.560591076158112e-05,3.202638306122825e-05,0.0023737063002522546,-0.0014116690366617606,0.001395153404917523,-0.0037226670039152442,0.004292743208740526,0.0028068224415792836,0.00801541021265577,0.0,1.0,0.0016313739575114236,0.0015877944298110709,0.0015877944298110709,2.5210911513390636e-06,0.6499290594563397,0.45730464610530314,1.421216829943777,0.4815213977348819
20,post_peak_decline_slope,-0.0044286939005057065,-0.0036212095055464773,-0.0029387355277625286,0.004915146095733461,-0.004023900738199398,-0.0017422542223357609,-0.006737953724694402,-0.00017886731075121993,0.002281646515863637,0.006559086413943182,0.0,1.0,0.0008074843949592292,0.001489958372743178,0.001489958372743178,2.2199759525074985e-06,0.6499290594563397,0.45730464610530314,1.421216829943777,0.4815213977348819
20,late_phase_auc,0.7084324825555086,0.46975422298766717,0.3476526680169627,0.30504937230903806,0.25325694062485127,0.6312726464720981,0.16022180152976945,1.063820133563786,0.37801570584724686,0.9035983320340166,0.0,1.0,-0.23867825956784144,-0.3607798145385459,0.3607798145385459,0.13016207457846757,0.6499290594563397,0.45730464610530314,1.421216829943777,0.4815213977348819
20,time_to_half_peak_after_peak,2.0,1.4,1.0,0.8164965809277259,1.0,2.0,1.0,3.0,1.0,2.0,1.0,1.0,-0.6000000000000001,-1.0,1.0,1.0,0.6499290594563397,0.45730464610530314,1.421216829943777,0.4815213977348819
20,late_to_early_mean_ratio,1.6215344433827295,1.0575826576012253,0.9828826951671731,0.4171028740175311,0.7463606492449861,1.3242415874737488,0.5230894729080712,1.7536901867423411,0.5778809382287626,1.2306007138342698,0.0,1.0,-0.5639517857815042,-0.6386517482155564,0.6386517482155564,0.4078760554987864,0.6499290594563397,0.45730464610530314,1.421216829943777,0.4815213977348819
21,peak_time,17.0,19.79,17.0,14.848252626508147,7.0,31.0,1.0,45.05,24.0,44.05,1.0,1.0,2.789999999999999,0.0,0.0,0.0,0.1863113171088373,0.4910119493814975,0.3794435498841201,0.17075657995142687
21,peak_height,0.03852103278040886,0.049751774985343215,0.04885934852063656,0.011275875775684245,0.042110616341233253,0.056916868314146996,0.03403372336179018,0.07119518667459487,0.014806251972913742,0.03716146331280469,0.0,1.0,0.011230742204934356,0.0103383157402277,0.0103383157402277,0.0001068807723446398,0.1863113171088373,0.4910119493814975,0.3794435498841201,0.17075657995142687
21,cumulative_infected,0.30944001872558147,0.500355074630379,0.47598444244795246,0.13986595637538898,0.3908925586074474,0.5572933583898703,0.34385671435775295,0.7601098211249336,0.16640079978242284,0.4162531067671807,0.0,0.0,0.19091505590479751,0.166544423722371,0.166544423722371,0.02773704507301665,0.1863113171088373,0.4910119493814975,0.3794435498841201,0.17075657995142687
21,early_growth_slope,-0.0030711837378995725,-0.00046307485436521996,-0.0005075291978539009,0.002257278169872704,-0.0019108920844571118,0.0009974654704343442,-0.004075767284528062,0.003399133146186136,0.002908357554891456,0.007474900430714198,0.0,1.0,0.0026081088835343525,0.0025636545400456717,0.0025636545400456717,6.572324600696785e-06,0.1863113171088373,0.4910119493814975,0.3794435498841201,0.17075657995142687
21,post_peak_decline_slope,-0.0032757795881480007,-0.0033959630880214826,-0.002684674842748795,0.0037684146695351793,-0.003823228673233336,-0.0018516018215450486,-0.006352967042475943,-0.0005288045432341093,0.0019716268516882874,0.0058241624992418336,1.0,1.0,-0.00012018349987348185,0.0005911047453992057,0.0005911047453992057,3.4940482003345987e-07,0.1863113171088373,0.4910119493814975,0.3794435498841201,0.17075657995142687
21,late_phase_auc,0.1535042063333094,0.22354856501099676,0.20775325193244498,0.0784302941270546,0.1650875187769998,0.2637517098992248,0.13404512743873057,0.373431574582355,0.09866419112222502,0.23938644714362442,0.0,1.0,0.07004435867768735,0.05424904559913557,0.05424904559913557,0.0029429589484170904,0.1863113171088373,0.4910119493814975,0.3794435498841201,0.17075657995142687
21,time_to_half_peak_after_peak,1.0,1.1,1.0,0.41438770700537414,1.0,1.0,1.0,2.0,0.0,1.0,1.0,1.0,0.10000000000000009,0.0,0.0,0.0,0.1863113171088373,0.4910119493814975,0.3794435498841201,0.17075657995142687
21,late_to_early_mean_ratio,0.9428263355526325,0.8874889031515265,0.8405764824155942,0.34790595646510064,0.621452019383289,1.0532636773312365,0.4983948178129,1.560881903713078,0.4318116579479475,1.0624870859001778,1.0,1.0,-0.055337432401106,-0.10224985313703827,0.10224985313703827,0.010455032466545895,0.1863113171088373,0.4910119493814975,0.3794435498841201,0.17075657995142687
22,peak_time,15.0,15.06,15.0,1.2934957723670044,14.0,16.0,13.0,17.0,2.0,4.0,1.0,1.0,0.0600000000000005,0.0,0.0,0.0,0.9252126089336355,0.17198195208524397,5.379707566495395,0.5437743558180992
22,peak_height,0.39434483647346497,0.3457063364982605,0.34489575028419495,0.019165590653642293,0.3310270309448242,0.35693443566560745,0.3176186054944992,0.37753760218620297,0.025907404720783234,0.05991899669170375,0.0,0.0,-0.048638499975204474,-0.04944908618927002,0.04944908618927002,0.002445212124953855,0.9252126089336355,0.17198195208524397,5.379707566495395,0.5437743558180992
22,cumulative_infected,6.021875287522562,5.814949443539827,5.820960293640383,0.25385950514305683,5.651590532041155,5.9864014341146685,5.414879471464519,6.182931828708388,0.3348109020735137,0.7680523572438691,0.0,1.0,-0.20692584398273528,-0.20091499388217926,0.20091499388217926,0.04036683476667613,0.9252126089336355,0.17198195208524397,5.379707566495395,0.5437743558180992
22,early_growth_slope,0.006539182418713436,0.01333463077629295,0.013614444448670661,0.0029529017366348408,0.011144626751567036,0.015582820273093167,0.008490025213298698,0.017497379039109327,0.004438193521526131,0.00900735382581063,0.0,0.0,0.0067954483575795145,0.007075262029957226,0.007075262029957226,5.005933279255444e-05,0.9252126089336355,0.17198195208524397,5.379707566495395,0.5437743558180992
22,post_peak_decline_slope,-0.023346114158630363,-0.019814915920297296,-0.020593402658899605,0.00445812907454456,-0.022507265396416145,-0.016934541985392574,-0.026637871923545955,-0.011205083777507154,0.005572723411023571,0.015432788146038802,0.0,1.0,0.003531198238333068,0.002752711499730758,0.002752711499730758,7.57742060074996e-06,0.9252126089336355,0.17198195208524397,5.379707566495395,0.5437743558180992
22,late_phase_auc,0.9386370334541425,1.092570023002154,1.095500716357492,0.12973535056892213,0.9921174799310393,1.1834735333832214,0.9108928062370978,1.3048552458989433,0.1913560534521821,0.3939624396618455,0.0,1.0,0.1539329895480115,0.1568636829033494,0.1568636829033494,0.02460621501400255,0.9252126089336355,0.17198195208524397,5.379707566495395,0.5437743558180992
22,time_to_half_peak_after_peak,9.0,8.78,9.0,1.8509075033233258,8.0,10.0,6.0,12.0,2.0,6.0,1.0,1.0,-0.22000000000000064,0.0,0.0,0.0,0.9252126089336355,0.17198195208524397,5.379707566495395,0.5437743558180992
22,late_to_early_mean_ratio,0.20080230004455796,0.2518307818572933,0.251625266998343,0.02925605031243696,0.22949660252757195,0.2722590507914654,0.21016751022891048,0.30228947578468174,0.04276244826389344,0.09212196555577126,0.0,0.0,0.05102848181273534,0.05082296695378502,0.05082296695378502,0.0025829739699855243,0.9252126089336355,0.17198195208524397,5.379707566495395,0.5437743558180992
23,peak_time,19.0,21.37,21.5,14.653337607190489,7.75,32.25,0.0,47.05,24.5,47.05,1.0,1.0,2.370000000000001,2.5,2.5,6.25,0.21507551470748892,0.13235491601133975,1.624990753566433,0.1828981602748662
23,peak_height,0.06574204564094543,0.060013967640697954,0.05414118617773056,0.017824881475384136,0.04732205346226692,0.06919617019593716,0.041229866445064545,0.08729213625192639,0.021874116733670235,0.046062269806861844,1.0,1.0,-0.00572807800024748,-0.011600859463214874,0.011600859463214874,0.0001345799402852621,0.21507551470748892,0.13235491601133975,1.624990753566433,0.1828981602748662
23,cumulative_infected,1.1299546658119652,0.8243208847229505,0.6774250279413536,0.4895321300349319,0.5301625825595693,0.928236375846609,0.38478768078032316,1.8065378367435185,0.39807379328703973,1.4217501559631953,0.0,1.0,-0.30563378108901473,-0.4525296378706116,0.4525296378706116,0.2047830731513069,0.21507551470748892,0.13235491601133975,1.624990753566433,0.1828981602748662
23,early_growth_slope,-0.001413425824250138,-0.0004119226843721278,-0.0004239876566099963,0.0023477644819564665,-0.0021573090108133667,0.0011421125648970094,-0.004065301265204435,0.003458623236067414,0.0032994215757103764,0.007523924501271849,1.0,1.0,0.0010015031398780102,0.0009894381676401418,0.0009894381676401418,9.789878875830815e-07,0.21507551470748892,0.13235491601133975,1.624990753566433,0.1828981602748662
23,post_peak_decline_slope,-0.004189240373671056,-0.0032246204271622943,-0.0028269572018568166,0.0033519835211832136,-0.004150511931705602,-0.0015598323230127218,-0.008324309347995704,0.0003983993675016472,0.0025906796086928806,0.008722708715497351,0.0,1.0,0.0009646199465087619,0.0013622831718142396,0.0013622831718142396,1.8558154402082653e-06,0.21507551470748892,0.13235491601133975,1.624990753566433,0.1828981602748662
23,late_phase_auc,0.6168200128304306,0.41158747174458765,0.30276669630256947,0.32652876047709545,0.23565034728380851,0.47890717652626336,0.1321433524833992,0.9947218156419693,0.24325682924245484,0.86257846315857,0.0,1.0,-0.205232541085843,-0.31405331652786117,0.31405331652786117,0.09862948562214896,0.21507551470748892,0.13235491601133975,1.624990753566433,0.1828981602748662
23,time_to_half_peak_after_peak,3.0,1.21,1.0,0.7951240294584375,1.0,1.0,1.0,2.0,0.0,1.0,0.0,0.0,-1.79,-2.0,2.0,4.0,0.21507551470748892,0.13235491601133975,1.624990753566433,0.1828981602748662
23,late_to_early_mean_ratio,1.3618503092393084,1.0202681886885832,0.9090988094382111,0.45377161361127194,0.6871420613321012,1.2307164366118903,0.5170211388775131,1.775231781155986,0.5435743752797891,1.2582106422784727,0.0,1.0,-0.34158212055072523,-0.4527514998010973,0.4527514998010973,0.204983920572143,0.21507551470748892,0.13235491601133975,1.624990753566433,0.1828981602748662
24,peak_time,20.0,18.68,18.5,2.7775434244575683,17.0,21.0,15.0,23.049999999999997,4.0,8.049999999999997,1.0,1.0,-1.3200000000000003,-1.5,1.5,2.25,0.7255901579361533,0.3765224536314298,1.927083367640058,0.7198107285760984
24,peak_height,0.14083890616893768,0.1256358727067709,0.12385643646121025,0.0173744051266242,0.11232204735279083,0.13589315116405487,0.10305625349283218,0.15915537625551224,0.023571103811264038,0.05609912276268006,0.0,1.0,-0.015203033462166782,-0.016982469707727432,0.016982469707727432,0.00028840427737387986,0.7255901579361533,0.3765224536314298,1.927083367640058,0.7198107285760984
24,cumulative_infected,2.211150346789509,2.2048634459866663,2.1888312194496393,0.2376839599646047,2.0951334625506206,2.341785233213159,1.8240295192808844,2.593001453168108,0.24665177066253818,0.7689719338872236,1.0,1.0,-0.006286900802842776,-0.022319127339869738,0.022319127339869738,0.0004981434452133208,0.7255901579361533,0.3765224536314298,1.927083367640058,0.7198107285760984
24,early_growth_slope,0.000492697515125786,0.003038435744530857,0.003016948303584718,0.0028046452051553876,0.0011992349003170004,0.004531308059259095,-0.001425003931702425,0.00814121797098085,0.0033320731589420952,0.009566221902683275,0.0,1.0,0.002545738229405071,0.002524250788458932,0.002524250788458932,6.371842043035539e-06,0.7255901579361533,0.3765224536314298,1.927083367640058,0.7198107285760984
24,post_peak_decline_slope,-0.004823571816086767,-0.006265387417748568,-0.00644727656617761,0.002911721176970014,-0.007857226704557733,-0.004466047355284296,-0.011699166009202603,-0.0011158821079880047,0.0033911793492734377,0.010583283901214598,1.0,1.0,-0.001441815601661801,-0.0016237047500908429,0.0016237047500908429,2.6364171154675666e-06,0.7255901579361533,0.3765224536314298,1.927083367640058,0.7198107285760984
24,late_phase_auc,0.6809133677743375,0.6508301034902615,0.635603429749608,0.11558961526115948,0.579831219281914,0.7134821320942137,0.4827162853034679,0.8590262624435127,0.1336509128122998,0.37630997714004477,1.0,1.0,-0.03008326428407604,-0.04530993802472949,0.04530993802472949,0.002052990483804827,0.7255901579361533,0.3765224536314298,1.927083367640058,0.7198107285760984
24,time_to_half_peak_after_peak,4.0,5.22,5.0,2.7945835055866497,3.0,7.0,1.0,10.0,4.0,9.0,1.0,1.0,1.2199999999999998,1.0,1.0,1.0,0.7255901579361533,0.3765224536314298,1.927083367640058,0.7198107285760984
24,late_to_early_mean_ratio,0.4780954306839008,0.4583065669077366,0.43773515917149475,0.09450965628817938,0.4008980455821901,0.5133736722757543,0.32018665087782455,0.6244736346569055,0.11247562669356415,0.304286983779081,1.0,1.0,-0.019788863776164234,-0.040360271512406065,0.040360271512406065,0.0016289515165551366,0.7255901579361533,0.3765224536314298,1.927083367640058,0.7198107285760984
25,peak_time,22.0,17.75,18.0,3.002944682753375,16.0,20.0,13.0,23.0,4.0,10.0,0.0,1.0,-4.25,-4.0,4.0,16.0,0.7241602925207351,0.3521885800426382,2.056171987271886,0.7985623411296857
25,peak_height,0.13310858607292175,0.1360810624808073,0.1367482841014862,0.016333650569810135,0.12463691271841526,0.14501070231199265,0.10987275540828705,0.1617447629570961,0.020373789593577385,0.051872007548809065,1.0,1.0,0.0029724764078855603,0.003639698028564453,0.003639698028564453,1.3247401739135967e-05,0.7241602925207351,0.3521885800426382,2.056171987271886,0.7985623411296857
25,cumulative_infected,2.379501737654209,2.3581021852185766,2.3470785767567577,0.22489417768615833,2.1904001474031247,2.5229652364796493,1.977014840641641,2.7416293533780847,0.3325650890765246,0.7646145127364437,1.0,1.0,-0.02139955243563252,-0.03242316089745145,0.03242316089745145,0.001051261362582025,0.7241602925207351,0.3521885800426382,2.056171987271886,0.7985623411296857
25,early_growth_slope,0.006851293069000044,0.0036021346862287916,0.003769735510321057,0.0027228866557889087,0.0018258087788819385,0.0055357086073075015,-0.0011736243335083898,0.007458102736356002,0.003709899828425563,0.00863172706986439,0.0,1.0,-0.0032491583827712524,-0.003081557558678987,0.003081557558678987,9.495996987451599e-06,0.7241602925207351,0.3521885800426382,2.056171987271886,0.7985623411296857
25,post_peak_decline_slope,-0.013500300173958138,-0.006413913474418224,-0.0065453730523586315,0.003102719088228901,-0.00871018649389347,-0.004114797369887429,-0.010930636272144814,-0.001598667148500684,0.004595389124006041,0.00933196912364413,0.0,0.0,0.007086386699539914,0.006954927121599506,0.006954927121599506,4.8371011266760394e-05,0.7241602925207351,0.3521885800426382,2.056171987271886,0.7985623411296857
25,late_phase_auc,0.6258194660767913,0.6313066262804022,0.6332710389397107,0.11204172665356255,0.5564192053861916,0.7110071804490872,0.4527853019040776,0.7901784220011904,0.15458797506289557,0.33739312009711275,1.0,1.0,0.005487160203610952,0.00745157286291942,0.00745157286291942,5.552593813139712e-05,0.7241602925207351,0.3521885800426382,2.056171987271886,0.7985623411296857
25,time_to_half_peak_after_peak,6.0,6.55,6.0,3.4710199938893758,4.0,9.0,1.0,13.0,5.0,12.0,1.0,1.0,0.5499999999999998,0.0,0.0,0.0,0.7241602925207351,0.3521885800426382,2.056171987271886,0.7985623411296857
25,late_to_early_mean_ratio,0.39382211310768095,0.39914657590330116,0.3947610616792822,0.0760317288831926,0.34090493196502863,0.45425796400670626,0.29036515883568964,0.5453408423249391,0.11335303204167763,0.2549756834892494,1.0,1.0,0.005324462795620211,0.0009389485716012613,0.0009389485716012613,8.816244201120489e-07,0.7241602925207351,0.3521885800426382,2.056171987271886,0.7985623411296857
26,peak_time,19.0,20.64,20.5,3.5661710219191334,18.0,23.0,14.95,26.0,5.0,11.05,1.0,1.0,1.6400000000000006,1.5,1.5,2.25,0.664046959829155,0.3416518139936517,1.9436365698368392,0.5809892329720586
26,peak_height,0.12679849565029144,0.11812811382114888,0.11747289821505547,0.014144041382578645,0.11090713739395142,0.12620605528354645,0.09560120813548564,0.14054049104452132,0.015298917889595032,0.04493928290903568,0.0,1.0,-0.008670381829142565,-0.009325597435235977,0.009325597435235977,8.696676752407984e-05,0.664046959829155,0.3416518139936517,1.9436365698368392,0.5809892329720586
26,cumulative_infected,2.3016831818968058,2.309779032162023,2.3105495972704375,0.268717334645247,2.1230314914064365,2.4729339691984933,1.9307244244875619,2.735670839669183,0.34990247779205674,0.804946415181621,1.0,1.0,0.008095850265217308,0.008866415373631753,0.008866415373631753,7.86133215777735e-05,0.664046959829155,0.3416518139936517,1.9436365698368392,0.5809892329720586
26,early_growth_slope,0.00518428125706989,0.002287412904780857,0.0022679508519580674,0.0025636845993216254,0.0003401372578948565,0.004399347597167693,-0.0013902229790498173,0.006503880414224805,0.004059210339272837,0.007894103393274622,0.0,1.0,-0.0028968683522890334,-0.002916330405111823,0.002916330405111823,8.50498303177969e-06,0.664046959829155,0.3416518139936517,1.9436365698368392,0.5809892329720586
26,post_peak_decline_slope,-0.0019526003549496299,-0.004848196306421112,-0.004520479713877047,0.0029749791969853738,-0.006859099601084986,-0.002895803827171522,-0.009767888638501369,-0.000797247638305034,0.003963295773913464,0.008970641000196334,0.0,1.0,-0.0028955959514714823,-0.0025678793589274168,0.0025678793589274168,6.594004402005481e-06,0.664046959829155,0.3416518139936517,1.9436365698368392,0.5809892329720586
26,late_phase_auc,0.9628956518135965,0.9012773848227335,0.9076607015449554,0.14797760041036392,0.7828613253077492,0.9981849563773721,0.6814190499135293,1.158883387951937,0.21532363106962293,0.4774643380384076,1.0,1.0,-0.061618266990863035,-0.055234950268641114,0.055234950268641114,0.003050899731179257,0.664046959829155,0.3416518139936517,1.9436365698368392,0.5809892329720586
26,time_to_half_peak_after_peak,9.0,5.89,5.0,3.7061101609710043,3.0,8.0,1.0,13.0,5.0,12.0,0.0,1.0,-3.1100000000000003,-4.0,4.0,16.0,0.664046959829155,0.3416518139936517,1.9436365698368392,0.5809892329720586
26,late_to_early_mean_ratio,0.7773622467317473,0.6981190626941198,0.6936703256970368,0.12443500098775233,0.6007663020163161,0.7664434785258417,0.5014033765401187,0.8939071444970249,0.16567717650952563,0.3925037679569062,0.0,1.0,-0.07924318403762742,-0.08369192103471046,0.08369192103471046,0.007004337646480211,0.664046959829155,0.3416518139936517,1.9436365698368392,0.5809892329720586
27,peak_time,26.0,32.23,32.5,5.046961281981286,29.0,35.0,24.0,40.05,6.0,16.049999999999997,0.0,1.0,6.229999999999997,6.5,6.5,42.25,0.38430782761335813,0.20172222890674602,1.9051337559383177,0.51857002279417
27,peak_height,0.13938242197036743,0.14087245263159276,0.14321020245552063,0.026724671351995893,0.1210723128169775,0.15972499176859856,0.10048788748681545,0.1834769748151302,0.038652678951621056,0.08298908732831475,1.0,1.0,0.0014900306612253278,0.0038277804851531982,0.0038277804851531982,1.4651903442519654e-05,0.38430782761335813,0.20172222890674602,1.9051337559383177,0.51857002279417
27,cumulative_infected,3.2600836374331266,3.3838317611064483,3.4406299692345783,0.6724677588846554,3.0139953826219426,3.7562006482621655,2.296736378862988,4.4289856973162385,0.7422052656402229,2.1322493184532503,1.0,1.0,0.12374812367332177,0.18054633180145174,0.18054633180145174,0.032596977926959904,0.38430782761335813,0.20172222890674602,1.9051337559383177,0.51857002279417
27,early_growth_slope,-0.001507752771777587,0.002085434801851772,0.0018960202079532397,0.0023995164593543345,0.0005658907512908972,0.003516388666217348,-0.0016741660918341934,0.006651237905247223,0.0029504979149264504,0.008325403997081416,0.0,1.0,0.003593187573629359,0.0034037729797308266,0.0034037729797308266,1.158567049754567e-05,0.38430782761335813,0.20172222890674602,1.9051337559383177,0.51857002279417
27,post_peak_decline_slope,-0.002894835049907372,-0.00391338251646431,-0.0038486087694764087,0.002514176455903323,-0.0054947668065627505,-0.001948351785540586,-0.00795347195739548,-0.0005478116745750283,0.0035464150210221647,0.0074056602828204525,1.0,1.0,-0.0010185474665569375,-0.0009537737195690365,0.0009537737195690365,9.09684308140555e-07,0.38430782761335813,0.20172222890674602,1.9051337559383177,0.51857002279417
27,late_phase_auc,2.1770553290843964,2.2466418373002672,2.29242339823395,0.47612059797988115,1.9092025831341743,2.5867323987185955,1.4582308030687272,3.0194103715941307,0.6775298155844212,1.5611795685254035,1.0,1.0,0.06958650821587087,0.11536806914955378,0.11536806914955378,0.013309791379296223,0.38430782761335813,0.20172222890674602,1.9051337559383177,0.51857002279417
27,time_to_half_peak_after_peak,4.0,8.96,9.0,5.532128382859932,4.0,12.0,2.0,18.049999999999997,8.0,16.049999999999997,1.0,1.0,4.960000000000001,5.0,5.0,25.0,0.38430782761335813,0.20172222890674602,1.9051337559383177,0.51857002279417
27,late_to_early_mean_ratio,2.150725091706559,2.142643152189481,2.1043213811743033,0.3079086460135615,1.9359060653393736,2.3832493434057427,1.6740074350884862,2.6730215260570303,0.4473432780663691,0.9990140909685441,1.0,1.0,-0.008081939517077696,-0.04640371053225545,0.04640371053225545,0.002153304351161355,0.38430782761335813,0.20172222890674602,1.9051337559383177,0.51857002279417
28,peak_time,49.0,22.81,22.0,14.979915847156112,9.75,36.0,1.0,48.05,26.25,47.05,0.0,0.0,-26.19,-27.0,27.0,729.0,0.21291136386148155,0.3607346660973756,0.5902159783113523,0.2282718130970415
28,peak_height,0.05899753421545029,0.049363298546522855,0.04856552742421627,0.010830667919589245,0.04253523889929056,0.05657655745744705,0.03497344925999642,0.06682800240814686,0.01404131855815649,0.031854553148150444,0.0,1.0,-0.009634235668927432,-0.010432006791234016,0.010432006791234016,0.00010882676569235264,0.21291136386148155,0.3607346660973756,0.5902159783113523,0.2282718130970415
28,cumulative_infected,0.4006822278024629,0.5143759007683445,0.46016468049492687,0.21542845904938998,0.3936942547734361,0.5564793900266523,0.30433015354210513,1.0718635938654189,0.16278513525321614,0.7675334403233137,1.0,1.0,0.11369367296588162,0.059482452692463994,0.059482452692463994,0.003538162178311217,0.21291136386148155,0.3607346660973756,0.5902159783113523,0.2282718130970415
28,early_growth_slope,-0.003514152204540247,-0.0004663535808085744,-0.0003443517433922912,0.0018297075105198014,-0.0014721874135180492,0.0007115726863654954,-0.0037989699578333965,0.0020361066944176503,0.002183760099883545,0.005835076652251046,0.0,1.0,0.0030477986237316726,0.003169800461147956,0.003169800461147956,1.0047634963493796e-05,0.21291136386148155,0.3607346660973756,0.5902159783113523,0.2282718130970415
28,post_peak_decline_slope,0.0,-0.0034469448683165675,-0.0027942557421435288,0.004318982705214567,-0.0037853471721367316,-0.0018026408128207522,-0.005314254118323635,-0.00034059200746318466,0.0019827063593159796,0.00497366211086045,0.0,0.0,-0.0034469448683165675,-0.0027942557421435288,0.0027942557421435288,7.807865152502083e-06,0.21291136386148155,0.3607346660973756,0.5902159783113523,0.2282718130970415
28,late_phase_auc,0.20205447706393898,0.23502714877206926,0.19421454597613774,0.14686207657965894,0.16160615588887595,0.23152086870686617,0.10188011258724146,0.5522091649452701,0.06991471281799022,0.4503290523580286,1.0,1.0,0.032972671708130286,-0.007839931087801233,0.007839931087801233,6.146451946147223e-05,0.21291136386148155,0.3607346660973756,0.5902159783113523,0.2282718130970415
28,time_to_half_peak_after_peak,0.0,1.16,1.0,0.825355754333924,1.0,1.0,0.9500000000000002,2.0,0.0,1.0499999999999998,0.0,0.0,1.16,1.0,1.0,1.0,0.21291136386148155,0.3607346660973756,0.5902159783113523,0.2282718130970415
28,late_to_early_mean_ratio,1.131907165900889,0.9024935305702031,0.8241071047065986,0.4073111542448857,0.6063810417472292,1.1144433026843656,0.37434205317341607,1.6847112754612397,0.5080622609371365,1.3103692222878236,0.0,1.0,-0.22941363533068593,-0.3078000611942904,0.3078000611942904,0.0947408776712089,0.21291136386148155,0.3607346660973756,0.5902159783113523,0.2282718130970415
29,peak_time,34.0,35.49,35.0,3.020117731332855,33.0,37.25,31.0,41.0,4.25,10.0,1.0,1.0,1.490000000000002,1.0,1.0,1.0,0.2644606877936243,0.060421512310077086,4.376929303530816,0.7047783850734497
29,peak_height,0.4414178133010864,0.41042505830526355,0.4206000417470932,0.05585408854671535,0.3922043815255165,0.44248587638139725,0.3097627878189087,0.46755489408969875,0.05028149485588074,0.15779210627079004,1.0,1.0,-0.03099275499582288,-0.020817771553993225,0.020817771553993225,0.0004333796124742495,0.2644606877936243,0.060421512310077086,4.376929303530816,0.7047783850734497
29,cumulative_infected,11.037862007506192,10.644589222852664,10.992633233210654,1.5924052812279628,10.150451211025938,11.610811374848709,7.785943977767602,12.584506781201343,1.4603601638227701,4.798562803433741,1.0,1.0,-0.39327278465352755,-0.04522877429553773,0.04522877429553773,0.0020456420242766947,0.2644606877936243,0.060421512310077086,4.376929303530816,0.7047783850734497
29,early_growth_slope,0.0009797208920298592,0.0025592358333406517,0.0029062047445525723,0.002481436172873651,0.0005319254151323721,0.004281810956377912,-0.001304377096572091,0.006172504767476181,0.0037498855412455403,0.0074768818640482725,1.0,1.0,0.0015795149413107925,0.0019264838525227131,0.0019264838525227131,3.7113400340307546e-06,0.2644606877936243,0.060421512310077086,4.376929303530816,0.7047783850734497
29,post_peak_decline_slope,-0.008872991303602836,-0.00801875134859057,-0.007922621133426826,0.0035708371381725835,-0.010156148796280242,-0.006013509444892419,-0.014351287086804746,-0.0016377664854129255,0.0041426393513878225,0.01271352060139182,1.0,1.0,0.0008542399550122651,0.0009503701701760094,0.0009503701701760094,9.032034603603771e-07,0.2644606877936243,0.060421512310077086,4.376929303530816,0.7047783850734497
29,late_phase_auc,8.494753301143646,8.18924186496064,8.485495559871197,1.1731455208140937,7.920444006100297,8.891586128622293,5.78809299506247,9.3200070053339,0.9711421225219965,3.5319140102714304,1.0,1.0,-0.30551143618300536,-0.009257741272449493,0.009257741272449493,8.570577346761477e-05,0.2644606877936243,0.060421512310077086,4.376929303530816,0.7047783850734497
29,time_to_half_peak_after_peak,15.0,13.39,14.0,3.1233723033693157,11.0,16.0,7.95,18.0,5.0,10.05,1.0,1.0,-1.6099999999999994,-1.0,1.0,1.0,0.2644606877936243,0.060421512310077086,4.376929303530816,0.7047783850734497
29,late_to_early_mean_ratio,3.6094871343244637,3.7055291856616113,3.6601366762201817,0.5014156731697785,3.3897386686585063,3.9427125792615403,2.9214905627021124,4.607824356623416,0.552973910603034,1.6863337939213037,1.0,1.0,0.0960420513371476,0.05064954189571802,0.05064954189571802,0.002565376094246095,0.2644606877936243,0.060421512310077086,4.376929303530816,0.7047783850734497
30,peak_time,24.0,23.21,23.0,3.108460270379091,21.0,25.0,19.0,29.0,4.0,10.0,1.0,1.0,-0.7899999999999991,-1.0,1.0,1.0,0.9313846928970714,0.28726239813804616,3.242278484528585,0.2398796722252234
30,peak_height,0.156011700630188,0.14463006250560284,0.14352863281965256,0.014848283444572275,0.1345527060329914,0.1546836420893669,0.12042870223522187,0.1683109901845455,0.020130936056375504,0.04788228794932364,0.0,1.0,-0.011381638124585147,-0.012483067810535431,0.012483067810535431,0.00015582698196242584,0.9313846928970714,0.28726239813804616,3.242278484528585,0.2398796722252234
30,cumulative_infected,2.9534763401461532,3.032866663318855,3.012778681702912,0.2705493214786602,2.858636164921336,3.172828717099037,2.6020252454894943,3.5804629604448563,0.31419255217770115,0.978437714955362,1.0,1.0,0.07939032317270156,0.05930234155675862,0.05930234155675862,0.0035167677141144603,0.9313846928970714,0.28726239813804616,3.242278484528585,0.2398796722252234
30,early_growth_slope,0.003944328586970056,0.0025928998709033686,0.0025260804963874667,0.0029131520499002844,0.0005367296149155924,0.004703717008288505,-0.0011523734681153034,0.006941366022580214,0.004166987393372913,0.008093739490695518,1.0,1.0,-0.0013514287160666877,-0.0014182480905825896,0.0014182480905825896,2.011427646441161e-06,0.9313846928970714,0.28726239813804616,3.242278484528585,0.2398796722252234
30,post_peak_decline_slope,-0.005950514848033588,-0.005241728841637573,-0.005250694602727889,0.003108722978101115,-0.00770463983838757,-0.0030475103917221237,-0.0093716081418097,-0.0003557026075820108,0.004657129446665447,0.00901590553422769,1.0,1.0,0.0007087860063960151,0.0006998202453056997,0.0006998202453056997,4.897483757397296e-07,0.9313846928970714,0.28726239813804616,3.242278484528585,0.2398796722252234
30,late_phase_auc,1.3786133890971541,1.396888460545524,1.377035161596723,0.166658550058294,1.2872535487549612,1.4937781251501292,1.1309584903763608,1.7096970509388485,0.20652457639516797,0.5787385605624877,1.0,1.0,0.01827507144836993,-0.0015782275004312396,0.0015782275004312396,2.4908020431174384e-06,0.9313846928970714,0.28726239813804616,3.242278484528585,0.2398796722252234
30,time_to_half_peak_after_peak,10.0,7.77,8.0,4.1775131551697315,4.0,11.0,1.0,14.0,7.0,13.0,1.0,1.0,-2.2300000000000004,-2.0,2.0,4.0,0.9313846928970714,0.28726239813804616,3.242278484528585,0.2398796722252234
30,late_to_early_mean_ratio,0.9860212483461063,0.9264984401427724,0.9154754677424376,0.12572542333859732,0.8472444743269588,0.979738488932663,0.7453974941730878,1.1209043173041422,0.1324940146057042,0.37550682313105443,0.0,1.0,-0.05952280820333389,-0.07054578060366867,0.07054578060366867,0.0049767071609809555,0.9313846928970714,0.28726239813804616,3.242278484528585,0.2398796722252234
31,peak_time,23.0,21.71,21.0,4.274176629315389,19.0,23.0,16.0,29.0,4.0,13.0,1.0,1.0,-1.2899999999999991,-2.0,2.0,4.0,0.7498135529285523,0.3816684833302549,1.9645676435896444,0.4162231905989713
31,peak_height,0.1033589318394661,0.11531779229640961,0.11352049931883812,0.017272546209063315,0.10318927094340324,0.12245165929198265,0.09048977717757226,0.14793607369065284,0.019262388348579407,0.057446296513080586,1.0,1.0,0.011958860456943513,0.010161567479372025,0.010161567479372025,0.00010325745363783112,0.7498135529285523,0.3816684833302549,1.9645676435896444,0.4162231905989713
31,cumulative_infected,2.2978845187462866,2.3164028868718014,2.291125406860374,0.30761268305085415,2.131628179371546,2.4934952327166684,1.8471925514342729,2.8474730859859845,0.36186705334512226,1.0002805345517116,1.0,1.0,0.018518368125514773,-0.006759111885912716,0.006759111885912716,4.568559348628656e-05,0.7498135529285523,0.3816684833302549,1.9645676435896444,0.4162231905989713
31,early_growth_slope,0.000690101396425495,0.002328093271043621,0.00202257658487984,0.002715528863621584,0.0006010552405357548,0.00420901968027465,-0.0017209828568628,0.007127643747870543,0.0036079644397388946,0.008848626604733343,1.0,1.0,0.0016379918746181259,0.001332475188454345,0.001332475188454345,1.7754901278464424e-06,0.7498135529285523,0.3816684833302549,1.9645676435896444,0.4162231905989713
31,post_peak_decline_slope,-0.0034067561229070066,-0.0042224651589640415,-0.003696335790057968,0.0027272083387221533,-0.005795846444865069,-0.0024959969955186036,-0.009578885322747133,-0.00023097301522890422,0.003299849449346465,0.00934791230751823,1.0,1.0,-0.0008157090360570349,-0.0002895796671509615,0.0002895796671509615,8.385638362726167e-08,0.7498135529285523,0.3816684833302549,1.9645676435896444,0.4162231905989713
31,late_phase_auc,1.0492037311196327,0.9776106614106539,0.9697216965723783,0.15950822615451601,0.8681927986617666,1.0670198917505331,0.710063416522462,1.2471706281881778,0.19882709308876656,0.5371072116657158,1.0,1.0,-0.07159306970897883,-0.07948203454725444,0.07948203454725444,0.006317393815770949,0.7498135529285523,0.3816684833302549,1.9645676435896444,0.4162231905989713
31,time_to_half_peak_after_peak,6.0,5.63,5.0,4.457781755741097,2.0,9.0,1.0,13.0,7.0,12.0,1.0,1.0,-0.3700000000000001,-1.0,1.0,1.0,0.7498135529285523,0.3816684833302549,1.9645676435896444,0.4162231905989713
31,late_to_early_mean_ratio,0.9198018592986124,0.8006671959869646,0.7681477638903598,0.17064624666239106,0.6869358796480994,0.880394701299431,0.5665926428102798,1.1175578640878208,0.19345882165133155,0.550965221277541,0.0,1.0,-0.11913466331164779,-0.1516540954082526,0.1516540954082526,0.02299896465409538,0.7498135529285523,0.3816684833302549,1.9645676435896444,0.4162231905989713
32,peak_time,24.0,24.4,25.0,2.357022603955158,23.0,26.0,20.0,28.0,3.0,8.0,1.0,1.0,0.3999999999999986,1.0,1.0,1.0,0.9657326361519409,0.1940338120294599,4.977135820046224,0.17676995764745201
32,peak_height,0.2407405823469162,0.228147751390934,0.22815461456775665,0.01741921216742226,0.21809690445661545,0.23655607178807259,0.20093316063284875,0.2569271638989449,0.018459167331457138,0.05599400326609613,0.0,1.0,-0.01259283095598221,-0.012585967779159546,0.012585967779159546,0.00015840658493804227,0.9657326361519409,0.1940338120294599,4.977135820046224,0.17676995764745201
32,cumulative_infected,5.305940913967788,5.227816993949891,5.215595461864723,0.320789789172541,4.990527467823995,5.471692407885712,4.770123140633222,5.739865613752045,0.48116494006171706,0.9697424731188224,1.0,1.0,-0.07812392001789714,-0.09034545210306533,0.09034545210306533,0.00816230071570727,0.9657326361519409,0.1940338120294599,4.977135820046224,0.17676995764745201
32,early_growth_slope,-0.0007691116604421793,0.003168766857784032,0.0035451994003129327,0.002836216709746267,0.0016739601608909047,0.0052452601043374405,-0.0018554875094975714,0.007181354983532355,0.0035712999434465357,0.009036842493029927,0.0,1.0,0.003937878518226212,0.004314311060755112,0.004314311060755112,1.86132799289539e-05,0.9657326361519409,0.1940338120294599,4.977135820046224,0.17676995764745201
32,post_peak_decline_slope,-0.012176083525021858,-0.00816791671514511,-0.007972983270883562,0.0037465007682146068,-0.010656528950979315,-0.005870510078966617,-0.01414575083802146,-0.0015444016208251432,0.004786018872012698,0.012601349217196316,0.0,1.0,0.004008166809876748,0.004203100254138297,0.004203100254138297,1.7666051746337416e-05,0.9657326361519409,0.1940338120294599,4.977135820046224,0.17676995764745201
32,late_phase_auc,2.66560035943985,2.7094049119643753,2.7136807404458523,0.19581700959673448,2.5775963647756726,2.8569692973978817,2.376139248115942,3.0181732301600275,0.2793729326222092,0.6420339820440857,1.0,1.0,0.04380455252452542,0.048080381006002426,0.048080381006002426,0.002311723037682359,0.9657326361519409,0.1940338120294599,4.977135820046224,0.17676995764745201
32,time_to_half_peak_after_peak,10.0,11.27,11.0,2.795577315198513,9.0,13.0,7.0,16.049999999999997,4.0,9.049999999999997,1.0,1.0,1.2699999999999996,1.0,1.0,1.0,0.9657326361519409,0.1940338120294599,4.977135820046224,0.17676995764745201
32,late_to_early_mean_ratio,1.0889198873936097,1.1746116940977973,1.1586106299194643,0.11832255891388127,1.0924954631685961,1.2690049179334122,1.008126742088004,1.3659599856783815,0.17650945476481605,0.3578332435903775,0.0,1.0,0.08569180670418763,0.06969074252585461,0.06969074252585461,0.00485679959380496,0.9657326361519409,0.1940338120294599,4.977135820046224,0.17676995764745201
33,peak_time,0.0,21.45,18.0,15.886831469535206,8.5,37.5,0.9500000000000002,47.05,29.0,46.099999999999994,0.0,0.0,21.45,18.0,18.0,324.0,0.3214611151840776,0.42169168380630556,0.762313148512868,0.18700485327556732
33,peak_height,0.054773230105638504,0.04886285353451967,0.04799862205982208,0.009612025712440263,0.041937428526580334,0.05513276532292366,0.03483359143137932,0.06430125162005423,0.013195336796343327,0.029467660188674916,1.0,1.0,-0.005910376571118835,-0.0067746080458164215,0.0067746080458164215,4.5895314174440593e-05,0.3214611151840776,0.42169168380630556,0.762313148512868,0.18700485327556732
33,cumulative_infected,0.44854079437209293,0.5081865843543255,0.4670082885422744,0.19594021107715176,0.38936218941125844,0.5672979212977225,0.322754572636768,0.8069320026064812,0.17793573188646405,0.48417742996971325,1.0,1.0,0.05964578998223258,0.018467494170181453,0.018467494170181453,0.00034104834092568595,0.3214611151840776,0.42169168380630556,0.762313148512868,0.18700485327556732
33,early_growth_slope,-0.003385250911205295,-0.0005255322011951295,-0.00045260365004651075,0.002000014709460375,-0.0019746339104520817,0.0008582672758382708,-0.0035351842359800443,0.0025691985447164837,0.0028329011862903526,0.0061043827806965285,0.0,1.0,0.0028597187100101655,0.0029326472611587843,0.0029326472611587843,8.600419958382118e-06,0.3214611151840776,0.42169168380630556,0.762313148512868,0.18700485327556732
33,post_peak_decline_slope,-0.003207718782747787,-0.0034914451943997326,-0.002820126526057722,0.00497242509397909,-0.003815844329074043,-0.00183093046034628,-0.005586019799132679,0.0,0.001984913868727763,0.005586019799132679,1.0,1.0,-0.0002837264116519454,0.000387592256690065,0.000387592256690065,1.5022775744609724e-07,0.3214611151840776,0.42169168380630556,0.762313148512868,0.18700485327556732
33,late_phase_auc,0.2642820756882429,0.23386706974302796,0.206110683400766,0.14640226067748996,0.157978839536554,0.2652569125057198,0.099639994201425,0.44177447562687977,0.1072780729691658,0.3421344814254548,1.0,1.0,-0.030415005945214957,-0.05817139228747692,0.05817139228747692,0.003383910880663529,0.3214611151840776,0.42169168380630556,0.762313148512868,0.18700485327556732
33,time_to_half_peak_after_peak,1.0,1.12,1.0,0.47736651315188405,1.0,1.0,1.0,2.0,0.0,1.0,1.0,1.0,0.1200000000000001,0.0,0.0,0.0,0.3214611151840776,0.42169168380630556,0.762313148512868,0.18700485327556732
33,late_to_early_mean_ratio,1.3901582208321346,0.8952441111708288,0.8261759624567278,0.4186995246238895,0.6187434960546832,1.1128341076664159,0.3660483403066681,1.3959633865248027,0.49409061161173273,1.0299150462181346,0.0,1.0,-0.4949141096613058,-0.5639822583754068,0.5639822583754068,0.3180759877622241,0.3214611151840776,0.42169168380630556,0.762313148512868,0.18700485327556732
34,peak_time,19.0,22.49,25.0,16.302999042439332,6.0,38.0,0.9500000000000002,47.0,32.0,46.05,1.0,1.0,3.4899999999999984,6.0,6.0,36.0,0.1614080473523189,0.42202464202913326,0.38246119130924244,0.6384216083550412
34,peak_height,0.05490579828619957,0.051191132627427575,0.05068233422935009,0.010897134882411614,0.04535978566855192,0.056617858819663525,0.034979479014873506,0.07090260609984396,0.011258073151111603,0.03592312708497045,1.0,1.0,-0.0037146656587719942,-0.00422346405684948,0.00422346405684948,1.7837648639499465e-05,0.1614080473523189,0.42202464202913326,0.38246119130924244,0.6384216083550412
34,cumulative_infected,0.539051680429111,0.5593491697751506,0.48137405222223606,0.25063220008686493,0.4365279380399443,0.6012085354359442,0.3393739342575827,0.9033084185444749,0.16468059739599994,0.5639344842868921,1.0,1.0,0.020297489346039588,-0.05767762820687494,0.05767762820687494,0.003326708795570496,0.1614080473523189,0.42202464202913326,0.38246119130924244,0.6384216083550412
34,early_growth_slope,0.0014775676228011778,-0.00033791556675428775,-0.0005514661288110621,0.0023313496731403025,-0.0020106860347801725,0.0010830353172163344,-0.0036817263269941078,0.004002303241092398,0.003093721351996507,0.007684029568086506,0.0,1.0,-0.0018154831895554656,-0.00202903375161224,0.00202903375161224,4.1169779651816404e-06,0.1614080473523189,0.42202464202913326,0.38246119130924244,0.6384216083550412
34,post_peak_decline_slope,-0.0028672191964384747,-0.004581258596168864,-0.0032703728124033674,0.006472941196118393,-0.004190015362109991,-0.0019356756199461716,-0.012686175247654218,-0.0006547510821837871,0.0022543397421638197,0.01203142416547043,1.0,1.0,-0.001714039399730389,-0.00040315361596489265,0.00040315361596489265,1.6253283806556814e-07,0.1614080473523189,0.42202464202913326,0.38246119130924244,0.6384216083550412
34,late_phase_auc,0.26641346351243556,0.2569756753119873,0.21449323918204755,0.17041412999960676,0.17727122045471333,0.2892571546490217,0.11239227827172726,0.4652543671429156,0.11198593419430836,0.35286208887118836,1.0,1.0,-0.009437788200448272,-0.05192022433038801,0.05192022433038801,0.002695709694517815,0.1614080473523189,0.42202464202913326,0.38246119130924244,0.6384216083550412
34,time_to_half_peak_after_peak,1.0,1.19,1.0,0.6307763374436202,1.0,1.0,1.0,2.0,0.0,1.0,1.0,1.0,0.18999999999999995,0.0,0.0,0.0,0.1614080473523189,0.42202464202913326,0.38246119130924244,0.6384216083550412
34,late_to_early_mean_ratio,0.9766189944582204,0.9051941096288703,0.7941742144424588,0.41824781598505506,0.6446715505028187,1.098196989233361,0.38894459752071175,1.7030688003479617,0.4535254387305423,1.31412420282725,1.0,1.0,-0.07142488482935017,-0.1824447800157616,0.1824447800157616,0.03328609775499964,0.1614080473523189,0.42202464202913326,0.38246119130924244,0.6384216083550412
35,peak_time,27.0,18.91,19.0,3.9005179661219875,16.0,21.0,13.0,26.0,5.0,13.0,0.0,0.0,-8.09,-8.0,8.0,64.0,0.778454592282307,0.4126702474791653,1.8863840973212134,0.502300662700834
35,peak_height,0.10307027399539948,0.10315237857401371,0.10324059426784515,0.013612844252569966,0.09387277998030186,0.11235600337386131,0.08171303197741508,0.1256963573396206,0.018483223393559456,0.043983325362205505,1.0,1.0,8.210457861423937e-05,0.0001703202724456787,0.0001703202724456787,2.9008995205970223e-08,0.778454592282307,0.4126702474791653,1.8863840973212134,0.502300662700834
35,cumulative_infected,1.859623477968853,1.8646404401694963,1.8464376482152147,0.22866014905293627,1.7128973213548306,2.0054372644081013,1.5499069710829645,2.227408572891727,0.2925399430532707,0.6775016018087625,1.0,1.0,0.0050169622006432935,-0.013185829753638245,0.013185829753638245,0.00017386610629193161,0.778454592282307,0.4126702474791653,1.8863840973212134,0.502300662700834
35,early_growth_slope,0.0014960542432076868,0.002430410130686401,0.0023311284963017983,0.0023720497026067135,0.0007686607700417806,0.003854429497594192,-0.0009357319875908548,0.007158171432092783,0.0030857687275524116,0.008093903419683638,1.0,1.0,0.0009343558874787142,0.0008350742530941115,0.0008350742530941115,6.973490081806882e-07,0.778454592282307,0.4126702474791653,1.8863840973212134,0.502300662700834
35,post_peak_decline_slope,-0.005203840136528003,-0.004550378971907777,-0.004409087635576725,0.0025766303133099365,-0.006377534552787743,-0.0028606176531563218,-0.00841665420370797,-0.00041464356705546315,0.0035169168996314216,0.008002010636652507,1.0,1.0,0.0006534611646202256,0.000794752500951278,0.000794752500951278,6.316315377683111e-07,0.778454592282307,0.4126702474791653,1.8863840973212134,0.502300662700834
35,late_phase_auc,0.6733651437680237,0.6199948307296654,0.6177338715642691,0.13479506282707412,0.5440623915055767,0.692236150149256,0.403615372965578,0.851165952719748,0.14817375864367932,0.44755057975417006,1.0,1.0,-0.053370313038358264,-0.055631272203754634,0.055631272203754634,0.003094838447008243,0.778454592282307,0.4126702474791653,1.8863840973212134,0.502300662700834
35,time_to_half_peak_after_peak,3.0,4.06,3.5,2.90878154920752,1.75,6.0,1.0,9.0,4.25,8.0,1.0,1.0,1.0599999999999996,0.5,0.5,0.25,0.778454592282307,0.4126702474791653,1.8863840973212134,0.502300662700834
35,late_to_early_mean_ratio,0.60373997257646,0.5482503551668095,0.5302203803344946,0.13893102550872216,0.45370895951147056,0.6245336235147139,0.33339576542810123,0.7741491249872448,0.1708246640032433,0.4407533595591435,1.0,1.0,-0.055489617409650416,-0.07351959224196536,0.07351959224196536,0.0054051304434248534,0.778454592282307,0.4126702474791653,1.8863840973212134,0.502300662700834
36,peak_time,5.0,21.29,20.0,13.912638683999349,10.75,31.25,1.0,46.0,20.5,45.0,0.0,1.0,16.29,15.0,15.0,225.0,0.41521110410780404,0.4651707984700952,0.8925992462841518,0.5981712740618378
36,peak_height,0.04981454089283943,0.04747125310823321,0.04658640921115875,0.009323623112789893,0.04070090036839247,0.05298483371734619,0.0357462203130126,0.06745387353003025,0.012283933348953724,0.031707653217017656,1.0,1.0,-0.0023432877846062197,-0.0032281316816806793,0.0032281316816806793,1.042083415427053e-05,0.41521110410780404,0.4651707984700952,0.8925992462841518,0.5981712740618378
36,cumulative_infected,0.5259313406568253,0.4835935430730751,0.4656448830355657,0.15074441522397844,0.3850963201839477,0.5588115327263949,0.31221484017005424,0.6716245672316284,0.17371521254244726,0.3594097270615742,1.0,1.0,-0.042337797583750225,-0.060286457621259615,0.060286457621259615,0.0036344569725199317,0.41521110410780404,0.4651707984700952,0.8925992462841518,0.5981712740618378
36,early_growth_slope,0.0011238350111636383,-0.00040242787553801217,-0.0006692833876946847,0.002003322965429193,-0.0018982572236425405,0.0007996825631943515,-0.003514529431898455,0.0031611279124349697,0.002697939786836892,0.006675657344333424,0.0,1.0,-0.0015262628867016505,-0.001793118398858323,0.001793118398858323,3.2152735923242356e-06,0.41521110410780404,0.4651707984700952,0.8925992462841518,0.5981712740618378
36,post_peak_decline_slope,-0.002536438929382711,-0.0033837916428130395,-0.002703188848681752,0.004460009379710665,-0.003927553957328199,-0.0017534699698444423,-0.005660882335255978,-0.00018501512706279192,0.0021740839874837565,0.005475867208193186,1.0,1.0,-0.0008473527134303283,-0.00016674991929904086,0.00016674991929904086,2.780553558623664e-08,0.41521110410780404,0.4651707984700952,0.8925992462841518,0.5981712740618378
36,late_phase_auc,0.20173478058131877,0.21165871355380658,0.20511838275706396,0.08074585144331207,0.1646457808164996,0.24699348116701003,0.10643955924588226,0.2972925250520347,0.08234770035051042,0.1908529658061524,1.0,1.0,0.009923932972487809,0.0033836021757451817,0.0033836021757451817,1.1448763683707528e-05,0.41521110410780404,0.4651707984700952,0.8925992462841518,0.5981712740618378
36,time_to_half_peak_after_peak,1.0,1.09,1.0,0.35090071691478936,1.0,1.0,1.0,2.0,0.0,1.0,1.0,1.0,0.09000000000000008,0.0,0.0,0.0,0.41521110410780404,0.4651707984700952,0.8925992462841518,0.5981712740618378
36,late_to_early_mean_ratio,0.6474361533081763,0.8581411923893242,0.8023129674538338,0.32113954128777605,0.6430257266392206,1.0188876500144326,0.43197428009580924,1.439560041488119,0.37586192337521196,1.0075857613923096,1.0,1.0,0.2107050390811479,0.15487681414565757,0.15487681414565757,0.023986827559908556,0.41521110410780404,0.4651707984700952,0.8925992462841518,0.5981712740618378
37,peak_time,10.0,19.79,19.5,14.635845715160425,7.0,31.25,0.0,46.0,24.25,46.0,1.0,1.0,9.79,9.5,9.5,90.25,0.28687128303669307,0.48516385087271297,0.5912874228380142,0.7092476348698595
37,peak_height,0.041162312030792236,0.048615193217992785,0.047678761184215546,0.010953483020744743,0.04280677158385515,0.05406086426228285,0.034612362086772916,0.06635877154767512,0.011254092678427696,0.03174640946090221,0.0,1.0,0.007452881187200548,0.006516449153423309,0.006516449153423309,4.2464109569151365e-05,0.28687128303669307,0.48516385087271297,0.5912874228380142,0.7092476348698595
37,cumulative_infected,0.41638958745170385,0.4842671524154775,0.4601737262310053,0.16135562311449217,0.39774396625580266,0.5404640261258464,0.2790436701441649,0.717525296167878,0.14272005987004377,0.43848162602371304,1.0,1.0,0.06787756496377367,0.04378413877930143,0.04378413877930143,0.0019170508086451272,0.28687128303669307,0.48516385087271297,0.5912874228380142,0.7092476348698595
37,early_growth_slope,-0.001645763127488039,-0.0008500106959365344,-0.0007846175211896123,0.002307088713061871,-0.0024179060904619587,0.0004827680313610472,-0.004502711152946129,0.0030477171298116433,0.002900674121823006,0.007550428282757773,1.0,1.0,0.0007957524315515045,0.0008611456062984266,0.0008611456062984266,7.415717552470848e-07,0.28687128303669307,0.48516385087271297,0.5912874228380142,0.7092476348698595
37,post_peak_decline_slope,-0.0016623202342695214,-0.0036904141976870698,-0.0028261086787097194,0.004459709686396331,-0.003868656054449579,-0.0018654672579335317,-0.010463672378100393,-0.00045854946753631526,0.002003188796516047,0.010005122910564077,0.0,1.0,-0.0020280939634175483,-0.001163788444440198,0.001163788444440198,1.354403543412536e-06,0.28687128303669307,0.48516385087271297,0.5912874228380142,0.7092476348698595
37,late_phase_auc,0.16732351761311293,0.21357657179230047,0.1950006912520621,0.10745782087733051,0.14998622803250328,0.25688154734962154,0.08561905803217087,0.34270993522950444,0.10689531931711826,0.2570908771973336,1.0,1.0,0.04625305417918754,0.02767717363894917,0.02767717363894917,0.0007660259406405429,0.28687128303669307,0.48516385087271297,0.5912874228380142,0.7092476348698595
37,time_to_half_peak_after_peak,1.0,1.22,1.0,0.6126610281008049,1.0,1.0,1.0,2.049999999999997,0.0,1.0499999999999972,1.0,1.0,0.21999999999999997,0.0,0.0,0.0,0.28687128303669307,0.48516385087271297,0.5912874228380142,0.7092476348698595
37,late_to_early_mean_ratio,0.7502905750634029,0.8421393188018149,0.791218884472001,0.36868054239529874,0.5736081940585503,1.0562244412527066,0.38801892977908536,1.4831835213971951,0.4826162471941563,1.0951645916181096,1.0,1.0,0.09184874373841201,0.04092830940859804,0.04092830940859804,0.0016751265110459348,0.28687128303669307,0.48516385087271297,0.5912874228380142,0.7092476348698595
38,peak_time,14.0,14.81,15.0,1.5288141572057499,14.0,16.0,12.95,17.0,2.0,4.050000000000001,1.0,1.0,0.8100000000000005,1.0,1.0,1.0,0.8188433244119744,0.27584126322365227,2.9685309400140607,0.7402213842543953
38,peak_height,0.2135978788137436,0.21137020751833915,0.21205736696720123,0.014727633776136277,0.2029980942606926,0.22056063264608383,0.18672559186816215,0.2369400605559349,0.017562538385391235,0.05021446868777274,1.0,1.0,-0.0022276712954044375,-0.0015405118465423584,0.0015405118465423584,2.373176749337347e-06,0.8188433244119744,0.27584126322365227,2.9685309400140607,0.7402213842543953
38,cumulative_infected,3.5080607659110683,3.368452291436247,3.3609206126395748,0.1698083665488897,3.2494965018377115,3.4928855607868172,3.101355531887384,3.6273287229938433,0.24338905894910567,0.5259731911064591,0.0,1.0,-0.13960847447482116,-0.14714015327149355,0.14714015327149355,0.021650224704758612,0.8188433244119744,0.27584126322365227,2.9685309400140607,0.7402213842543953
38,early_growth_slope,0.009253278679569205,0.007900481365494282,0.00810070081622273,0.0027574560203814454,0.0062228546022587185,0.009301190897877815,0.0032087719722074396,0.013000128350159637,0.003078336295619096,0.009791356377952198,1.0,1.0,-0.0013527973140749234,-0.0011525778633464743,0.0011525778633464743,1.328435731076324e-06,0.8188433244119744,0.27584126322365227,2.9685309400140607,0.7402213842543953
38,post_peak_decline_slope,-0.008436413357655206,-0.011926331046347818,-0.012419865715006962,0.003763002286346348,-0.014535437493274603,-0.00945045510306955,-0.01738627080805599,-0.004953714112440742,0.005084982390205054,0.012432556695615247,0.0,1.0,-0.003489917688692612,-0.003983452357351756,0.003983452357351756,1.5867892683291262e-05,0.8188433244119744,0.27584126322365227,2.9685309400140607,0.7402213842543953
38,late_phase_auc,0.49649171903001843,0.5827721276125385,0.5774658159352839,0.09179888799887792,0.5205423730076291,0.6386566467699595,0.43680381450976713,0.7280919038923457,0.11811427376233041,0.29128808938257855,0.0,1.0,0.08628040858252006,0.08097409690526547,0.08097409690526547,0.006556804369623323,0.8188433244119744,0.27584126322365227,2.9685309400140607,0.7402213842543953
38,time_to_half_peak_after_peak,9.0,7.89,8.0,1.825160848038364,7.0,9.0,5.0,11.0,2.0,6.0,1.0,1.0,-1.1100000000000003,-1.0,1.0,1.0,0.8188433244119744,0.27584126322365227,2.9685309400140607,0.7402213842543953
38,late_to_early_mean_ratio,0.18468639896862274,0.22837887078614913,0.22679199223636554,0.037054303789341,0.20032489956031296,0.2518406859330867,0.1727962498522689,0.2982306791223924,0.051515786372773764,0.12543442927012347,0.0,1.0,0.04369247181752639,0.0421055932677428,0.0421055932677428,0.0017728809844285876,0.8188433244119744,0.27584126322365227,2.9685309400140607,0.7402213842543953
39,peak_time,14.0,22.41,21.0,14.051201465578046,10.75,35.25,1.9500000000000002,45.0,24.5,43.05,1.0,1.0,8.41,7.0,7.0,49.0,0.34310243473030666,0.30067154646677735,1.1411203978631803,0.2713221109708648
39,peak_height,0.05539095774292946,0.052396554742008446,0.05203654244542122,0.0129460567616176,0.04263401497155428,0.057528247125446796,0.03644552491605282,0.06784082800149917,0.014894232153892517,0.03139530308544635,1.0,1.0,-0.002994403000921013,-0.0033544152975082397,0.0033544152975082397,1.1252101988157293e-05,0.34310243473030666,0.30067154646677735,1.1411203978631803,0.2713221109708648
39,cumulative_infected,0.6122329883510247,0.588344780723769,0.5140456791850738,0.2694141110108933,0.4431606007492519,0.6482808754117286,0.3406782733698492,1.0721620172320399,0.20512027466247673,0.7314837438621906,1.0,1.0,-0.023888207627255742,-0.09818730916595086,0.09818730916595086,0.009640747681250018,0.34310243473030666,0.30067154646677735,1.1411203978631803,0.2713221109708648
39,early_growth_slope,-0.0013093513192697637,-0.0004796458220230947,-2.050231532415354e-05,0.0024507314556928943,-0.0022405347221397913,0.0013187950881685883,-0.004807163259673478,0.0031914936334942463,0.0035593298103083794,0.007998656893167724,1.0,1.0,0.000829705497246669,0.0012888490039456102,0.0012888490039456102,1.6611317549715915e-06,0.34310243473030666,0.30067154646677735,1.1411203978631803,0.2713221109708648
39,post_peak_decline_slope,-0.0037711209520542317,-0.002890027749873085,-0.002864031051770634,0.001945698270283814,-0.003908959750939787,-0.0016814124071970543,-0.005384088051505399,0.0,0.002227547343742733,0.005384088051505399,1.0,1.0,0.0008810932021811467,0.0009070899002835975,0.0009070899002835975,8.228120871965069e-07,0.34310243473030666,0.30067154646677735,1.1411203978631803,0.2713221109708648
39,late_phase_auc,0.2675064243376255,0.27258782800221526,0.2221115819993429,0.18061777496643977,0.18723438713459473,0.2864605731156189,0.12564507415518164,0.5453891214798204,0.09922618598102417,0.41974404732463877,1.0,1.0,0.0050814036645897565,-0.045394842338282615,0.045394842338282615,0.0020606917109175357,0.34310243473030666,0.30067154646677735,1.1411203978631803,0.2713221109708648
39,time_to_half_peak_after_peak,1.0,1.19,1.0,0.5064233865696237,1.0,1.0,1.0,2.0,0.0,1.0,1.0,1.0,0.18999999999999995,0.0,0.0,0.0,0.34310243473030666,0.30067154646677735,1.1411203978631803,0.2713221109708648
39,late_to_early_mean_ratio,0.7631293370632052,0.8970058625341872,0.7804027901036128,0.37979054601317036,0.6461566797481058,1.052081663376848,0.49975358072101334,1.5510013591441314,0.4059249836287422,1.051247778423118,1.0,1.0,0.13387652547098206,0.017273453040407616,0.017273453040407616,0.0002983721799391671,0.34310243473030666,0.30067154646677735,1.1411203978631803,0.2713221109708648
40,peak_time,21.0,24.84,25.0,1.9473888241240453,24.0,26.0,22.0,28.0,2.0,6.0,0.0,0.0,3.84,4.0,4.0,16.0,0.49437727735218284,0.06625782067035502,7.461417721717739,0.4612079141134182
40,peak_height,0.5164462327957153,0.4834136766195297,0.4850687086582184,0.03367215774532976,0.45961374789476395,0.5070054531097412,0.42861672043800353,0.5367523312568664,0.047391705214977264,0.10813561081886286,0.0,1.0,-0.03303255617618561,-0.03137752413749695,0.03137752413749695,0.0009845490209992036,0.49437727735218284,0.06625782067035502,7.461417721717739,0.4612079141134182
40,cumulative_infected,13.066393868997693,12.58952641647018,12.62039820116479,0.8384462172918209,12.029654690559255,13.037769592832774,11.190743926982396,13.981534425972495,1.008114902273519,2.7907904989900985,0.0,1.0,-0.4768674525275127,-0.44599566783290356,0.44599566783290356,0.19891213572571764,0.49437727735218284,0.06625782067035502,7.461417721717739,0.4612079141134182
40,early_growth_slope,0.001305850178358103,0.006094254799546823,0.006049252262095076,0.0030910991694969355,0.00401862722910231,0.008173271883389956,0.001221159851134181,0.011547608614256159,0.004154644654287646,0.010326448763121977,0.0,1.0,0.00478840462118872,0.004743402083736973,0.004743402083736973,2.2499863328000258e-05,0.49437727735218284,0.06625782067035502,7.461417721717739,0.4612079141134182
40,post_peak_decline_slope,-0.0009870524207750754,-0.012846872434020041,-0.013204841315746315,0.004037169602178256,-0.015376460055510207,-0.009860961635907481,-0.018942364851633704,-0.006377752944827078,0.0055154984196027265,0.012564611906806626,0.0,0.0,-0.011859820013244966,-0.01221778889497124,0.01221778889497124,0.00014927436548208255,0.49437727735218284,0.06625782067035502,7.461417721717739,0.4612079141134182
40,late_phase_auc,7.477270111441612,7.391234797015787,7.402768425643444,0.46419996829557286,7.008438216522336,7.738750115036964,6.598165839165449,8.054552854970098,0.7303118985146284,1.4563870158046486,1.0,1.0,-0.08603531442582568,-0.07450168579816818,0.07450168579816818,0.005550501186768975,0.49437727735218284,0.06625782067035502,7.461417721717739,0.4612079141134182
40,time_to_half_peak_after_peak,18.0,16.51,16.5,2.032538344339934,15.0,18.0,13.0,20.0,3.0,7.0,1.0,1.0,-1.4899999999999984,-1.5,1.5,2.25,0.49437727735218284,0.06625782067035502,7.461417721717739,0.4612079141134182
40,late_to_early_mean_ratio,1.4579409258810327,1.5639335781775794,1.5526529247214913,0.1733099015937151,1.4258074729227979,1.6670667748108854,1.3394272036499835,1.872978611754432,0.24125930188808753,0.5335514081044486,1.0,1.0,0.10599265229654664,0.09471199884045856,0.09471199884045856,0.008970362724355023,0.49437727735218284,0.06625782067035502,7.461417721717739,0.4612079141134182
41,peak_time,39.0,32.96,33.0,7.139193288326126,28.0,38.0,21.0,46.0,10.0,25.0,0.0,1.0,-6.039999999999999,-6.0,6.0,36.0,0.43115345857382337,0.23601286905335017,1.8268218182473859,0.5332691011708144
41,peak_height,0.11284870654344559,0.11148013144731522,0.10750018432736397,0.024321971742174056,0.0922457817941904,0.12777062132954597,0.07853801324963569,0.15304198265075683,0.03552483953535557,0.07450396940112114,1.0,1.0,-0.0013685750961303644,-0.005348522216081619,0.005348522216081619,2.8606689895918636e-05,0.43115345857382337,0.23601286905335017,1.8268218182473859,0.5332691011708144
41,cumulative_infected,2.5353276496753097,2.5376272245599103,2.513412977801636,0.686043758517896,2.054672378988471,3.0224365924368612,1.557922191498801,3.573530835285782,0.9677642134483904,2.0156086437869813,1.0,1.0,0.0022995748846006414,-0.021914671873673797,0.021914671873673797,0.0004802528433307894,0.43115345857382337,0.23601286905335017,1.8268218182473859,0.5332691011708144
41,early_growth_slope,-0.0006087608635425564,0.001423410781204612,0.0013495697418139105,0.0023060967264950183,2.9071403246019475e-05,0.0026790668122148847,-0.0016554580089480906,0.005780161801002186,0.0026499954089688653,0.007435619809950277,0.0,1.0,0.0020321716447471686,0.001958330605356467,0.001958330605356467,3.835058759875827e-06,0.43115345857382337,0.23601286905335017,1.8268218182473859,0.5332691011708144
41,post_peak_decline_slope,-0.005838281971712911,-0.004115057979283545,-0.0034193772201736757,0.0039052785819731536,-0.005251760128885503,-0.0022500450878093665,-0.011035969266667946,7.406622171407417e-07,0.0030017150410761367,0.011036709928885087,0.0,1.0,0.0017232239924293664,0.0024189047515392357,0.0024189047515392357,5.851100197019092e-06,0.43115345857382337,0.23601286905335017,1.8268218182473859,0.5332691011708144
41,late_phase_auc,1.6925991270691156,1.6298501222494814,1.5577430566772819,0.49445979914372146,1.2969333020446356,2.0058087427169085,0.8448498936835677,2.419700813479721,0.7088754406722728,1.5748509197961535,1.0,1.0,-0.06274900481963419,-0.13485607039183378,0.13485607039183378,0.018186159721527227,0.43115345857382337,0.23601286905335017,1.8268218182473859,0.5332691011708144
41,time_to_half_peak_after_peak,3.0,5.08,3.0,4.587378380299625,2.0,8.0,1.0,14.099999999999994,6.0,13.099999999999994,1.0,1.0,2.08,0.0,0.0,0.0,0.43115345857382337,0.23601286905335017,1.8268218182473859,0.5332691011708144
41,late_to_early_mean_ratio,2.0933853316833604,1.9079035165725262,1.9135815255529707,0.3475593918035794,1.7181076016793402,2.148385188450316,1.3314734721862231,2.4103968029746397,0.43027758677097583,1.0789233307884165,1.0,1.0,-0.18548181511083417,-0.1798038061303897,0.1798038061303897,0.03232940869897477,0.43115345857382337,0.23601286905335017,1.8268218182473859,0.5332691011708144
42,peak_time,18.0,17.95,18.0,2.3457462037750916,16.0,19.0,14.0,22.0,3.0,8.0,1.0,1.0,-0.05000000000000071,0.0,0.0,0.0,0.8286125751942053,0.32178977205888054,2.5750121574485196,0.5623388085374428
42,peak_height,0.19904789328575134,0.1585244635492563,0.15798577666282654,0.015794384578214197,0.14890528470277786,0.16782208159565926,0.13521737083792687,0.18425538539886474,0.018916796892881393,0.04903801456093787,0.0,0.0,-0.04052342973649503,-0.041062116622924805,0.041062116622924805,0.0016860974215546776,0.8286125751942053,0.32178977205888054,2.5750121574485196,0.5623388085374428
42,cumulative_infected,2.841300264932215,2.8247054608113467,2.8214520045439713,0.2238471900014202,2.702305197250098,3.0027603753551375,2.4159799278713763,3.15664946609395,0.3004551781050395,0.7406695382225736,1.0,1.0,-0.016594804120868556,-0.019848260388243943,0.019848260388243943,0.00039395344043953364,0.8286125751942053,0.32178977205888054,2.5750121574485196,0.5623388085374428
42,early_growth_slope,-0.0024538279948977822,0.004298370517526997,0.004381364237772124,0.0026676255335904816,0.0027395423523904317,0.006041975411963426,-0.0003797196109579597,0.008107897467423405,0.003302433059572994,0.008487617078381365,0.0,0.0,0.006752198512424779,0.006835192232669906,0.006835192232669906,4.671985285755102e-05,0.8286125751942053,0.32178977205888054,2.5750121574485196,0.5623388085374428
42,post_peak_decline_slope,-0.011272354175647098,-0.008282257985944548,-0.0090897914643089,0.0035114982796014423,-0.010885200370103112,-0.005824560703088838,-0.013110335680345692,-0.0024268445620934183,0.005060639667014274,0.010683491118252274,0.0,1.0,0.00299009618970255,0.0021825627113381974,0.0021825627113381974,4.763579988923944e-06,0.8286125751942053,0.32178977205888054,2.5750121574485196,0.5623388085374428
42,late_phase_auc,0.6870572271291167,0.7532834804898811,0.7553968293359503,0.11002088553994274,0.6825218522717478,0.8255788257811219,0.576352462504292,0.9309196772053838,0.14305697350937407,0.35456721470109187,1.0,1.0,0.06622625336076449,0.06833960220683366,0.06833960220683366,0.004670301229788264,0.8286125751942053,0.32178977205888054,2.5750121574485196,0.5623388085374428
42,time_to_half_peak_after_peak,7.0,7.46,7.0,2.8653978869443333,6.0,9.0,3.0,12.049999999999997,3.0,9.049999999999997,1.0,1.0,0.45999999999999996,0.0,0.0,0.0,0.8286125751942053,0.32178977205888054,2.5750121574485196,0.5623388085374428
42,late_to_early_mean_ratio,0.3434708992140646,0.3953916384907476,0.38791310721030536,0.057722722720759206,0.36065683366881396,0.42963924397924724,0.29364230691747306,0.48438814143386055,0.06898241031043328,0.1907458345163875,0.0,1.0,0.051920739276683,0.04444220799624077,0.04444220799624077,0.001975109851581127,0.8286125751942053,0.32178977205888054,2.5750121574485196,0.5623388085374428
43,peak_time,20.0,23.12,22.0,15.036843640427556,9.75,36.25,0.9500000000000002,47.05,26.5,46.099999999999994,1.0,1.0,3.120000000000001,2.0,2.0,4.0,0.598133022984479,0.43901229003884185,1.362451659227032,0.3245085857387896
43,peak_height,0.0681336373090744,0.0512203829549253,0.051348648965358734,0.010416411357360258,0.04383004456758499,0.05651826877146959,0.03707472998648882,0.06435636132955551,0.012688224203884602,0.027281631343066687,0.0,0.0,-0.0169132543541491,-0.016784988343715668,0.016784988343715668,0.00028173583369867083,0.598133022984479,0.43901229003884185,1.362451659227032,0.3245085857387896
43,cumulative_infected,0.766594261629507,0.5512060110404491,0.5308216761914082,0.2177153283301349,0.42455932540178765,0.6080440794903552,0.3073305217272718,0.9416531597904394,0.18348475408856757,0.6343226380631676,0.0,1.0,-0.21538825058905786,-0.23577258543809876,0.23577258543809876,0.05558871204416558,0.598133022984479,0.43901229003884185,1.362451659227032,0.3245085857387896
43,early_growth_slope,0.001677548013893621,-0.0004185434831721234,-0.00037552332755045063,0.0021738987833894684,-0.0017535918848893938,0.0009769845096993129,-0.0032123108888277943,0.0033299450522809764,0.0027305763945887065,0.006542255941108771,0.0,1.0,-0.0020960914970657445,-0.0020530713414440714,0.0020530713414440714,4.215101933058959e-06,0.598133022984479,0.43901229003884185,1.362451659227032,0.3245085857387896
43,post_peak_decline_slope,-0.0027062069314221465,-0.00410167206852271,-0.0030976050785587496,0.005365032504613573,-0.004080582604607722,-0.002176380958796172,-0.010310015361755976,-0.0002446700496754288,0.0019042016458115495,0.010065345312080547,1.0,1.0,-0.0013954651371005634,-0.0003913981471366031,0.0003913981471366031,1.5319250958196598e-07,0.598133022984479,0.43901229003884185,1.362451659227032,0.3245085857387896
43,late_phase_auc,0.4249275414040312,0.25565415536511865,0.2253980379900895,0.1424318692210474,0.17944033379899338,0.2820684157195501,0.1265784067352797,0.5082211953529623,0.10262808192055672,0.3816427886176826,0.0,1.0,-0.16927338603891257,-0.1995295034139417,0.1995295034139417,0.03981202273261418,0.598133022984479,0.43901229003884185,1.362451659227032,0.3245085857387896
43,time_to_half_peak_after_peak,1.0,1.13,1.0,0.4416452253228886,1.0,1.0,1.0,2.0,0.0,1.0,1.0,1.0,0.1299999999999999,0.0,0.0,0.0,0.598133022984479,0.43901229003884185,1.362451659227032,0.3245085857387896
43,late_to_early_mean_ratio,1.3501838891444733,0.941050785016472,0.8932842524076325,0.4306627863914715,0.6087267525366906,1.1404322367488537,0.4385356694584132,1.6084489058202271,0.5317054842121631,1.1699132363618139,0.0,1.0,-0.4091331041280013,-0.45689963673684075,0.45689963673684075,0.20875727805025704,0.598133022984479,0.43901229003884185,1.362451659227032,0.3245085857387896
44,peak_time,25.0,20.47,20.5,14.891835604678414,6.75,32.25,0.0,44.0,25.5,44.0,1.0,1.0,-4.530000000000001,-4.5,4.5,20.25,0.15736231199119458,0.34243928144379016,0.45953347211723106,0.10009056427219191
44,peak_height,0.045057158917188644,0.051069779992103576,0.049017442390322685,0.01020125507118708,0.04383996408432722,0.05779723543673754,0.036619141697883606,0.06862186677753924,0.013957271352410316,0.03200272507965564,1.0,1.0,0.006012621074914931,0.003960283473134041,0.003960283473134041,1.568384518757862e-05,0.15736231199119458,0.34243928144379016,0.45953347211723106,0.10009056427219191
44,cumulative_infected,0.4258935352554545,0.5157998055749158,0.4879828360135434,0.16182962384882255,0.41324400123994565,0.5673271819687216,0.3644224330291763,0.7640150386374441,0.15408318072877591,0.3995926056082678,1.0,1.0,0.0899062703194613,0.06208930075808894,0.06208930075808894,0.0038550812686284235,0.15736231199119458,0.34243928144379016,0.45953347211723106,0.10009056427219191
44,early_growth_slope,0.0019055330305404604,-0.0006608401279213242,-0.0009893429828696835,0.002326665120300167,-0.0023609170242534236,0.000646785209980971,-0.0037821295876277685,0.003456459813571114,0.0030077022342343946,0.007238589401198882,0.0,1.0,-0.0025663731584617848,-0.002894876013410144,0.002894876013410144,8.380307133017408e-06,0.15736231199119458,0.34243928144379016,0.45953347211723106,0.10009056427219191
44,post_peak_decline_slope,-0.0030530429289986677,-0.0037561302127793344,-0.002963441961522526,0.005131138879649717,-0.0037325516061779748,-0.0017936017422471205,-0.005809680709415777,-0.0008713200360459006,0.0019389498639308543,0.0049383606733698765,1.0,1.0,-0.0007030872837806667,8.960096747614174e-05,8.960096747614174e-05,8.02833337266061e-09,0.15736231199119458,0.34243928144379016,0.45953347211723106,0.10009056427219191
44,late_phase_auc,0.17801262310240418,0.23014835743688308,0.21193098652292974,0.10144214445463419,0.17659076061681844,0.24856440868097707,0.11801988703664393,0.39690849667240397,0.07197364806415862,0.27888860963576,1.0,1.0,0.052135734334478906,0.033918363420525566,0.033918363420525566,0.0011504553771268468,0.15736231199119458,0.34243928144379016,0.45953347211723106,0.10009056427219191
44,time_to_half_peak_after_peak,1.0,1.16,1.0,0.4197161137740797,1.0,1.0,1.0,2.0,0.0,1.0,1.0,1.0,0.15999999999999992,0.0,0.0,0.0,0.15736231199119458,0.34243928144379016,0.45953347211723106,0.10009056427219191
44,late_to_early_mean_ratio,0.8898997302946469,0.8750221295228034,0.8152933375539538,0.3556642552248212,0.6279857602425755,1.054713792054133,0.3698799223862534,1.5544913545201644,0.4267280318115575,1.184611432133911,1.0,1.0,-0.014877600771843413,-0.07460639274069303,0.07460639274069303,0.005566113837778533,0.15736231199119458,0.34243928144379016,0.45953347211723106,0.10009056427219191
45,peak_time,16.0,16.07,16.0,1.1913408115618844,15.0,17.0,14.0,18.0,2.0,4.0,1.0,1.0,0.07000000000000028,0.0,0.0,0.0,0.7333566372847715,0.08386691201008276,8.744290444324514,0.7852598955575815
45,peak_height,0.5758636593818665,0.5400780788064004,0.5386519730091095,0.021453658734751517,0.526151642203331,0.55241759121418,0.5084833234548569,0.5779368668794632,0.026265949010849,0.0694535434246063,0.0,1.0,-0.0357855805754661,-0.03721168637275696,0.03721168637275696,0.0013847096027044259,0.7333566372847715,0.08386691201008276,8.744290444324514,0.7852598955575815
45,cumulative_infected,11.42502786591649,11.276328216920483,11.224399440383422,0.5115230071359866,10.934564536059042,11.617701120499987,10.506525922438595,12.112151026632636,0.6831365844409447,1.6056251041940417,1.0,1.0,-0.14869964899600774,-0.20062842553306837,0.20062842553306837,0.04025176513187796,0.7333566372847715,0.08386691201008276,8.744290444324514,0.7852598955575815
45,early_growth_slope,0.015512596660604077,0.01635627414175966,0.016116476154864008,0.0030540110806496173,0.014173664639764907,0.018166292230099704,0.011531280445966071,0.022239442914273926,0.003992627590334797,0.010708162468307855,1.0,1.0,0.0008436774811555834,0.0006038794942599315,0.0006038794942599315,3.646704435876306e-07,0.7333566372847715,0.08386691201008276,8.744290444324514,0.7852598955575815
45,post_peak_decline_slope,-0.026825258135795546,-0.022148706629872318,-0.02187164450685181,0.00421897725346506,-0.024795768782496463,-0.020359826833009728,-0.028504029884934376,-0.016004581525921827,0.0044359419494867346,0.012499448359012549,0.0,1.0,0.004676551505923228,0.0049536136289437364,0.0049536136289437364,2.4538287984857134e-05,0.7333566372847715,0.08386691201008276,8.744290444324514,0.7852598955575815
45,late_phase_auc,3.430738788098097,3.6210711500875186,3.5922728767618537,0.2966313636157469,3.4516810858622193,3.844503832515329,3.149611118063331,4.087871779501438,0.3928227466531098,0.9382606614381075,0.0,1.0,0.19033236198942172,0.16153408866375685,0.16153408866375685,0.026093261800430458,0.7333566372847715,0.08386691201008276,8.744290444324514,0.7852598955575815
45,time_to_half_peak_after_peak,9.0,12.07,12.0,1.4924388554891408,11.0,13.0,10.0,14.0,2.0,4.0,0.0,0.0,3.0700000000000003,3.0,3.0,9.0,0.7333566372847715,0.08386691201008276,8.744290444324514,0.7852598955575815
45,late_to_early_mean_ratio,0.4560086806987562,0.5093518773956769,0.506612938085661,0.03906454796556147,0.48842465802126017,0.5381679104428069,0.4416274738038696,0.5794054190475,0.0497432524215467,0.1377779452436304,0.0,1.0,0.05334319669692067,0.05060425738690477,0.05060425738690477,0.002560790865680106,0.7333566372847715,0.08386691201008276,8.744290444324514,0.7852598955575815
46,peak_time,20.0,20.99,21.0,1.6422145678530216,20.0,22.0,18.95,24.0,2.0,5.050000000000001,1.0,1.0,0.9899999999999984,1.0,1.0,1.0,0.8776878200248025,0.08662539624802407,10.13199197971718,0.25899988093977555
46,peak_height,0.4903486371040344,0.444992863535881,0.44341371953487396,0.025092930070727788,0.4259466230869293,0.46041376143693924,0.4080939769744873,0.4894741669297218,0.03446713835000992,0.0813801899552345,0.0,0.0,-0.0453557735681534,-0.04693491756916046,0.04693491756916046,0.0022028864872238874,0.8776878200248025,0.08662539624802407,10.13199197971718,0.25899988093977555
46,cumulative_infected,10.727933597750962,10.471791720627516,10.461806768202223,0.5476453043836691,10.091487968958972,10.793380981194787,9.680265432619489,11.397906107839662,0.7018930122358142,1.7176406752201725,1.0,1.0,-0.2561418771234454,-0.2661268295487389,0.2661268295487389,0.07082348940566352,0.8776878200248025,0.08662539624802407,10.13199197971718,0.25899988093977555
46,early_growth_slope,0.004060033276411039,0.006893939921345528,0.007099767836431661,0.002912753540613984,0.0048769778444520415,0.0087113012947763,0.001958578615449369,0.01172228252267121,0.0038343234503242585,0.009763703907221841,0.0,1.0,0.0028339066449344884,0.0030397345600206216,0.0030397345600206216,9.239986195383761e-06,0.8776878200248025,0.08662539624802407,10.13199197971718,0.25899988093977555
46,post_peak_decline_slope,-0.01396424522002538,-0.014432529598474499,-0.014601533114910126,0.004400467745242742,-0.017910965532064418,-0.011716692646344501,-0.021673183143138885,-0.006932365099589029,0.0061942728857199165,0.014740818043549856,1.0,1.0,-0.00046828437844911863,-0.0006372878948847464,0.0006372878948847464,4.0613586096663164e-07,0.8776878200248025,0.08662539624802407,10.13199197971718,0.25899988093977555
46,late_phase_auc,4.710960116237402,4.879469470910262,4.86505979206413,0.3482609930623187,4.699857136234641,5.078530722763389,4.3081974071450535,5.487559779547155,0.3786735865287483,1.1793623724021014,1.0,1.0,0.1685093546728602,0.15409967582672834,0.15409967582672834,0.023746710089902763,0.8776878200248025,0.08662539624802407,10.13199197971718,0.25899988093977555
46,time_to_half_peak_after_peak,11.0,13.77,14.0,2.083387878073848,12.0,15.0,11.0,17.0,3.0,6.0,0.0,1.0,2.7699999999999996,3.0,3.0,9.0,0.8776878200248025,0.08662539624802407,10.13199197971718,0.25899988093977555
46,late_to_early_mean_ratio,0.8556083645363843,0.9489188125896759,0.9440630318075205,0.0811945406139818,0.9019388668896372,1.0037949178300136,0.8006949850696179,1.0867947360436891,0.10185605094037642,0.28609975097407125,0.0,1.0,0.09331044805329158,0.08845466727113616,0.08845466727113616,0.007824228162047406,0.8776878200248025,0.08662539624802407,10.13199197971718,0.25899988093977555
47,peak_time,36.0,42.77,43.0,3.863465236851968,39.75,46.0,36.0,48.0,6.25,12.0,0.0,1.0,6.770000000000003,7.0,7.0,49.0,0.407590816443254,0.06955601600984852,5.859893073599022,0.1693302325037111
47,peak_height,0.3739683926105499,0.34313530549407006,0.35230231285095215,0.05237350028734924,0.3167303428053856,0.375797338783741,0.26471886709332465,0.4051400050520897,0.05906699597835541,0.14042113795876504,1.0,1.0,-0.030833087116479863,-0.02166607975959778,0.02166607975959778,0.0004694190121492525,0.407590816443254,0.06955601600984852,5.859893073599022,0.1693302325037111
47,cumulative_infected,8.992481905966997,7.978419269741389,8.141551528475247,1.3972718565736757,7.293793009361252,8.857601654191967,5.799589758226648,9.718220270704478,1.563808644830715,3.9186305124778302,0.0,1.0,-1.0140626362256082,-0.8509303774917498,0.8509303774917498,0.7240825073382519,0.407590816443254,0.06955601600984852,5.859893073599022,0.1693302325037111
47,early_growth_slope,0.002034823210643872,0.001703319979499481,0.0016753794805568064,0.002474478450987456,0.0002524465741035313,0.0034026695038413706,-0.0017865421851941674,0.005887961837773521,0.0031502229297378395,0.007674504022967689,1.0,1.0,-0.0003315032311443909,-0.00035944373008706555,0.00035944373008706555,1.2919979509890324e-07,0.407590816443254,0.06955601600984852,5.859893073599022,0.1693302325037111
47,post_peak_decline_slope,-0.0034823432564735526,-0.010539004667174232,-0.006190338482459402,0.014176152714517025,-0.010914049191134301,-0.0034341548259059387,-0.037626123428344545,0.0,0.007479894365228362,0.037626123428344545,1.0,1.0,-0.007056661410700679,-0.0027079952259858498,0.0027079952259858498,7.3332381439621535e-06,0.407590816443254,0.06955601600984852,5.859893073599022,0.1693302325037111
47,late_phase_auc,7.3567144349217415,6.468867977065965,6.62739434838295,1.1483217699013173,5.962558697909117,7.188200483098626,4.738986180722714,7.896733157336712,1.2256417851895094,3.157746976613998,0.0,1.0,-0.8878464578557761,-0.7293200865387917,0.7293200865387917,0.5319077886289506,0.407590816443254,0.06955601600984852,5.859893073599022,0.1693302325037111
47,time_to_half_peak_after_peak,13.0,6.23,6.0,3.863465236851968,3.0,9.25,1.0,13.0,6.25,12.0,0.0,1.0,-6.77,-7.0,7.0,49.0,0.407590816443254,0.06955601600984852,5.859893073599022,0.1693302325037111
47,late_to_early_mean_ratio,4.892561271936695,4.685146770993657,4.725596855292631,0.5873259972644115,4.412298937467605,5.017908643925509,3.6951874034142786,5.527867248326131,0.605609706457904,1.8326798449118522,1.0,1.0,-0.20741450094303815,-0.16696441664406425,0.16696441664406425,0.02787711642529268,0.407590816443254,0.06955601600984852,5.859893073599022,0.1693302325037111
48,peak_time,45.0,40.12,45.0,11.632660395575376,38.0,47.0,10.850000000000001,49.0,9.0,38.15,1.0,1.0,-4.880000000000003,0.0,0.0,0.0,0.31386946992361775,0.1603284248507834,1.957665773962003,0.28962080049423977
48,peak_height,0.14258156716823578,0.1307715522311628,0.13531935960054398,0.057941510716372324,0.0834570974111557,0.1764192208647728,0.04441105965524912,0.22344669774174689,0.0929621234536171,0.17903563808649775,1.0,1.0,-0.011810014937072982,-0.007262207567691803,0.007262207567691803,5.273965875624009e-05,0.31386946992361775,0.1603284248507834,1.957665773962003,0.28962080049423977
48,cumulative_infected,2.6301671371329576,2.580128409404961,2.5974756829818944,1.3608393662861278,1.5667244379874319,3.7005734777776524,0.516742000967497,4.842969107092357,2.1338490397902206,4.32622710612486,1.0,1.0,-0.05003872772799678,-0.032691454151063226,0.032691454151063226,0.001068731174511069,0.31386946992361775,0.1603284248507834,1.957665773962003,0.28962080049423977
48,early_growth_slope,-0.003517395364941051,0.00033751464750052793,0.00034687764959276824,0.002631951861329491,-0.001344944364280394,0.0021731847601975975,-0.00432215271451111,0.004767693165229588,0.0035181291244779913,0.009089845879740698,0.0,1.0,0.0038549100124415786,0.003864273014533819,0.003864273014533819,1.493260593085429e-05,0.31386946992361775,0.1603284248507834,1.957665773962003,0.28962080049423977
48,post_peak_decline_slope,-0.008451660722494146,-0.009005480249994764,-0.003955895983104014,0.012355237613414173,-0.00857458282262085,-0.0019079694534109126,-0.0389054805040359,0.0,0.006666613369209938,0.0389054805040359,1.0,1.0,-0.0005538195275006184,0.004495764739390132,0.004495764739390132,2.021190059194362e-05,0.31386946992361775,0.1603284248507834,1.957665773962003,0.28962080049423977
48,late_phase_auc,1.966884933412075,1.912865352906383,1.9079053616151214,1.1435243126727692,0.9875978388590738,2.858471628278494,0.23903854219242932,3.7850736754015086,1.87087378941942,3.546035133209079,1.0,1.0,-0.054019580505692,-0.05897957179695368,0.05897957179695368,0.0034785898893520137,0.31386946992361775,0.1603284248507834,1.957665773962003,0.28962080049423977
48,time_to_half_peak_after_peak,4.0,2.84,2.0,2.8558640716882158,1.0,4.0,0.0,9.049999999999997,3.0,9.049999999999997,1.0,1.0,-1.1600000000000001,-2.0,2.0,4.0,0.31386946992361775,0.1603284248507834,1.957665773962003,0.28962080049423977
48,late_to_early_mean_ratio,3.0528940312800446,2.8091141039443035,2.9648870139289665,1.256940535951122,1.960793318685527,3.5839382492503935,0.8029951563369322,4.81609652538673,1.6231449305648664,4.013101369049798,1.0,1.0,-0.24377992733574105,-0.08800701735107808,0.08800701735107808,0.007745235103032958,0.31386946992361775,0.1603284248507834,1.957665773962003,0.28962080049423977
49,peak_time,38.0,35.89,38.0,10.473530850904508,30.0,44.0,15.8,48.0,14.0,32.2,1.0,1.0,-2.1099999999999994,0.0,0.0,0.0,0.48260016424335217,0.27115351763469103,1.7798041804994416,0.33211746515305546
49,peak_height,0.0985538512468338,0.09380532223731279,0.08433839678764343,0.03693654858246453,0.06754297204315662,0.11221836507320404,0.046422341652214524,0.16328544989228247,0.04467539303004742,0.11686310824006794,1.0,1.0,-0.00474852900952101,-0.014215454459190369,0.014215454459190369,0.00020207914548131534,0.48260016424335217,0.27115351763469103,1.7798041804994416,0.33211746515305546
49,cumulative_infected,2.014929039462004,1.9081912143478417,1.7099178928729089,0.9912809460377383,1.150471379980445,2.52492980734678,0.5877511488513847,3.75592646827572,1.374458427366335,3.1681753194243356,1.0,1.0,-0.10673782511416219,-0.305011146589095,0.305011146589095,0.0930317995435944,0.48260016424335217,0.27115351763469103,1.7798041804994416,0.33211746515305546
49,early_growth_slope,-0.00040668772444838494,0.0006259742618801418,0.0006212164090746749,0.002509476426080507,-0.0008738321415703035,0.0024246364815293684,-0.0037720177987856504,0.004480310879080205,0.003298468623099672,0.008252328677865855,1.0,1.0,0.0010326619863285267,0.0010279041335230599,0.0010279041335230599,1.0565869077137926e-06,0.48260016424335217,0.27115351763469103,1.7798041804994416,0.33211746515305546
49,post_peak_decline_slope,-0.002418490685522565,-0.00782102637533846,-0.004030403137827913,0.013626958723967814,-0.0064512656070291885,-0.002041339036077258,-0.03146170622843764,5.545249208807555e-05,0.0044099265709519305,0.03151715872052572,1.0,1.0,-0.005402535689815895,-0.0016119124523053482,0.0016119124523053482,2.5982617538970416e-06,0.48260016424335217,0.27115351763469103,1.7798041804994416,0.33211746515305546
49,late_phase_auc,1.4330096133053303,1.262956953127375,1.105942138005048,0.7762832410574949,0.6684994914103299,1.7378476827871054,0.263583156518871,2.7580762511119246,1.0693481913767755,2.4944930945930537,1.0,1.0,-0.17005266017795528,-0.32706747530028224,0.32706747530028224,0.10697313339930073,0.48260016424335217,0.27115351763469103,1.7798041804994416,0.33211746515305546
49,time_to_half_peak_after_peak,2.0,2.99,2.0,3.0928232338036326,1.0,4.0,1.0,8.049999999999997,3.0,7.049999999999997,1.0,1.0,0.9900000000000002,0.0,0.0,0.0,0.48260016424335217,0.27115351763469103,1.7798041804994416,0.33211746515305546
49,late_to_early_mean_ratio,2.479024899350949,1.9338847491187963,1.8880737008125832,0.7043715593218155,1.3987864861139885,2.342858409221294,0.7812543907362302,3.091716286747953,0.9440719231073054,2.3104618960117227,0.0,1.0,-0.5451401502321529,-0.590951198538366,0.590951198538366,0.3492233190539312,0.48260016424335217,0.27115351763469103,1.7798041804994416,0.33211746515305546
50,peak_time,31.0,21.55,17.0,15.458236338828266,8.0,34.25,0.0,47.0,26.25,47.0,1.0,1.0,-9.45,-14.0,14.0,196.0,0.2932621956429153,0.48033082051759707,0.6105421162166952,0.5033539001288508
50,peak_height,0.04137488827109337,0.05136771950870753,0.04906992241740227,0.011579101054263033,0.0447721853852272,0.05652996897697449,0.03781731575727463,0.06629154644906521,0.011757783591747284,0.02847423069179058,0.0,1.0,0.009992831237614158,0.007695034146308899,0.007695034146308899,5.9213550512859925e-05,0.2932621956429153,0.48033082051759707,0.6105421162166952,0.5033539001288508
50,cumulative_infected,0.4710884243249893,0.5410874823141921,0.4904282286588568,0.22761709320349413,0.41713361800066195,0.5716130606597289,0.33748213867947924,0.8911588656192176,0.154479442659067,0.5536767269397385,1.0,1.0,0.0699990579892028,0.019339804333867505,0.019339804333867505,0.00037402803167228035,0.2932621956429153,0.48033082051759707,0.6105421162166952,0.5033539001288508
50,early_growth_slope,0.0023904992101181836,-0.00029070058002183684,-0.00040438784829651265,0.002062070572593957,-0.0015987776827214024,0.0008242952670635922,-0.0033445443964973507,0.002868485741782933,0.0024230729497849946,0.0062130301382802835,0.0,1.0,-0.0026811997901400207,-0.002794887058414696,0.002794887058414696,7.811393669293953e-06,0.2932621956429153,0.48033082051759707,0.6105421162166952,0.5033539001288508
50,post_peak_decline_slope,-0.000185929549237098,-0.0043554578092485545,-0.0029090264889722094,0.005957522118791058,-0.004330105688859477,-0.0017388402067202435,-0.0165910258924123,1.6342441861827916e-05,0.0025912654821392336,0.016607368334274127,0.0,1.0,-0.004169528260011456,-0.0027230969397351113,0.0027230969397351113,7.415256943194728e-06,0.2932621956429153,0.48033082051759707,0.6105421162166952,0.5033539001288508
50,late_phase_auc,0.2542023326968774,0.24387142626919286,0.21117273846607532,0.14656321877554368,0.16605861934658606,0.2711905450851191,0.11510346392169594,0.41790502174408173,0.10513192573853303,0.30280155782238577,1.0,1.0,-0.010330906427684555,-0.043029594230802104,0.043029594230802104,0.0018515459796674778,0.2932621956429153,0.48033082051759707,0.6105421162166952,0.5033539001288508
50,time_to_half_peak_after_peak,1.0,1.15,1.0,0.5198095999517711,1.0,1.0,1.0,2.0,0.0,1.0,1.0,1.0,0.1499999999999999,0.0,0.0,0.0,0.2932621956429153,0.48033082051759707,0.6105421162166952,0.5033539001288508
50,late_to_early_mean_ratio,1.1796248131040834,0.8989778498431934,0.7813301641530679,0.41365788234063366,0.5956773820233036,1.1753252903524234,0.4079940375301262,1.6633006914179682,0.5796479083291198,1.2553066538878421,0.0,1.0,-0.28064696326089,-0.3982946489510155,0.3982946489510155,0.15863862738301268,0.2932621956429153,0.48033082051759707,0.6105421162166952,0.5033539001288508
51,peak_time,46.0,40.7,44.0,10.805441951052988,41.0,47.0,11.95,49.0,6.0,37.05,1.0,1.0,-5.299999999999997,-2.0,2.0,4.0,0.18618740126411512,0.08349356449692624,2.229961104019813,0.2525874733623103
51,peak_height,0.1307069957256317,0.12918664693832396,0.12390806898474693,0.060293995838414466,0.07339918613433838,0.17825985327363014,0.055117407254874705,0.22059313133358954,0.10486066713929176,0.16547572407871483,1.0,1.0,-0.0015203487873077515,-0.006798926740884781,0.006798926740884781,4.622540482791815e-05,0.18618740126411512,0.08349356449692624,2.229961104019813,0.2525874733623103
51,cumulative_infected,2.6220070228446275,2.4363610671106652,2.4412913009291515,1.3645544656171735,1.2334604232528363,3.495457184704719,0.6009785453527001,4.634239837895438,2.2619967614518828,4.033261292542738,1.0,1.0,-0.18564595573396225,-0.18071572191547602,0.18071572191547602,0.03265817214743166,0.18618740126411512,0.08349356449692624,2.229961104019813,0.2525874733623103
51,early_growth_slope,0.0024463973906157263,0.0003308122539718696,0.00044397585900566813,0.002798897717032127,-0.0011513104878499026,0.0018350100130884953,-0.004444264301786287,0.005265105719168092,0.002986320500938398,0.009709370020954379,0.0,1.0,-0.0021155851366438565,-0.002002421531610058,0.002002421531610058,4.00969199025557e-06,0.18618740126411512,0.08349356449692624,2.229961104019813,0.2525874733623103
51,post_peak_decline_slope,-0.003530766814947132,-0.008312337856814584,-0.00435834420689692,0.01053193408086649,-0.01068470198661087,-0.0016482469841971011,-0.03061893135309206,0.00016055094588195815,0.00903645500241377,0.03077948229897402,1.0,1.0,-0.004781571041867452,-0.0008275773919497876,0.0008275773919497876,6.848843396664124e-07,0.18618740126411512,0.08349356449692624,2.229961104019813,0.2525874733623103
51,late_phase_auc,1.9713360667228699,1.8049325414028135,1.7425114535726607,1.1627342534843867,0.7730982120992849,2.691255616489798,0.24748751106963027,3.647340803220868,1.918157404390513,3.3998532921512377,1.0,1.0,-0.16640352532005642,-0.2288246131502092,0.2288246131502092,0.05236070358334289,0.18618740126411512,0.08349356449692624,2.229961104019813,0.2525874733623103
51,time_to_half_peak_after_peak,3.0,2.62,2.0,2.3474895251538546,1.0,4.0,0.0,7.0,3.0,7.0,1.0,1.0,-0.3799999999999999,-1.0,1.0,1.0,0.18618740126411512,0.08349356449692624,2.229961104019813,0.2525874733623103
51,late_to_early_mean_ratio,3.2956896154260167,2.7839639286741447,2.7934580602588595,1.2646214294928446,1.79875771759993,3.8905823730670765,0.8137734054295505,4.6206202546480215,2.0918246554671462,3.806846849218471,1.0,1.0,-0.511725686751872,-0.5022315551671572,0.5022315551671572,0.2522365350056213,0.18618740126411512,0.08349356449692624,2.229961104019813,0.2525874733623103
52,peak_time,3.0,22.65,23.0,14.844224806334957,9.0,34.75,2.95,47.0,25.75,44.05,0.0,1.0,19.65,20.0,20.0,400.0,0.30395043904078545,0.4588385124655646,0.6624344530442976,0.3626046842895344
52,peak_height,0.051431186497211456,0.04853664074093103,0.04708502069115639,0.009406078322383712,0.04226756189018488,0.05367980618029833,0.03618977665901184,0.06294939033687114,0.011412244290113449,0.026759613677859298,1.0,1.0,-0.0028945457562804255,-0.004346165806055069,0.004346165806055069,1.8889157213722307e-05,0.30395043904078545,0.4588385124655646,0.6624344530442976,0.3626046842895344
52,cumulative_infected,0.4151012130896561,0.49372719913412766,0.45625882262356754,0.18262188798526954,0.3970301645458676,0.5198607362835901,0.30366111563225784,0.8495001215545925,0.1228305717377225,0.5458390059223347,1.0,1.0,0.07862598604447157,0.041157609533911454,0.041157609533911454,0.001693948822545919,0.30395043904078545,0.4588385124655646,0.6624344530442976,0.3626046842895344
52,early_growth_slope,0.0006915336984786247,-0.00014904280496423153,-0.0002069759689870148,0.0020957384850722066,-0.0012956026503594493,0.001073848828257594,-0.003225327192783531,0.003069274436243825,0.0023694514786170434,0.006294601629027356,1.0,1.0,-0.0008405765034428562,-0.0008985096674656394,0.0008985096674656394,8.073196225292139e-07,0.30395043904078545,0.4588385124655646,0.6624344530442976,0.3626046842895344
52,post_peak_decline_slope,-0.003682349389418962,-0.003524984464335179,-0.003027948806993661,0.003482715728852314,-0.0037597628512663667,-0.0019479415069023813,-0.007236305613041627,-4.9721174097322774e-05,0.0018118213443639854,0.007186584438944305,1.0,1.0,0.00015736492508378313,0.000654400582425301,0.000654400582425301,4.2824012227857314e-07,0.30395043904078545,0.4588385124655646,0.6624344530442976,0.3626046842895344
52,late_phase_auc,0.20106776588363573,0.22800408363553287,0.2059950395487249,0.12161641506915935,0.16639153311552946,0.25410997762082843,0.10836061636218801,0.42420560033642674,0.08771844450529898,0.3158449839742387,1.0,1.0,0.026936317751897143,0.00492727366508916,0.00492727366508916,2.4278025770681166e-05,0.30395043904078545,0.4588385124655646,0.6624344530442976,0.3626046842895344
52,time_to_half_peak_after_peak,1.0,1.24,1.0,0.6684823758848746,1.0,1.0,1.0,3.0,0.0,2.0,1.0,1.0,0.24,0.0,0.0,0.0,0.30395043904078545,0.4588385124655646,0.6624344530442976,0.3626046842895344
52,late_to_early_mean_ratio,0.9394210748511056,0.9164077374191666,0.864400745278217,0.3756614547634977,0.6718485827539914,1.0833986944135543,0.43305384319964496,1.7966549866072596,0.4115501116595629,1.3636011434076147,1.0,1.0,-0.023013337431939007,-0.07502032957288862,0.07502032957288862,0.005628049849224827,0.30395043904078545,0.4588385124655646,0.6624344530442976,0.3626046842895344
53,peak_time,29.0,29.08,29.0,2.7365096105230196,27.0,30.0,25.0,34.0,3.0,9.0,1.0,1.0,0.0799999999999983,0.0,0.0,0.0,0.4227805256307632,0.07996117699117526,5.287322442457574,0.3802890390408382
53,peak_height,0.42521902918815613,0.3796354067325592,0.3823913335800171,0.03816039619196249,0.35530299693346024,0.40620167553424835,0.3171239450573921,0.4319958820939064,0.050898678600788116,0.11487193703651427,0.0,1.0,-0.04558362245559694,-0.04282769560813904,0.04282769560813904,0.0018342115111034119,0.4227805256307632,0.07996117699117526,5.287322442457574,0.3802890390408382
53,cumulative_infected,10.303659478202462,9.905234991575126,10.011988907819614,0.9272403801102647,9.226321847061627,10.561854025349021,8.516585241360008,11.216196008760017,1.3355321782873943,2.6996107674000083,1.0,1.0,-0.3984244866273361,-0.2916705703828484,0.2916705703828484,0.08507172162745612,0.4227805256307632,0.07996117699117526,5.287322442457574,0.3802890390408382
53,early_growth_slope,0.0003763914684809395,0.002940980328331491,0.002671699397199388,0.002684817014643925,0.001219324582572361,0.004657909158032408,-0.0011876288204110158,0.0067267579392396954,0.0034385845754600474,0.007914386759650711,0.0,1.0,0.0025645888598505515,0.0022953079287184484,0.0022953079287184484,5.268438487637774e-06,0.4227805256307632,0.07996117699117526,5.287322442457574,0.3802890390408382
53,post_peak_decline_slope,-0.012420173486073813,-0.008722388073801986,-0.00868987043698628,0.003999656099594579,-0.011432107103367645,-0.0055711240818103035,-0.014335470547278763,-0.002007469336191822,0.005860983021557341,0.012328001211086941,0.0,1.0,0.0036977854122718264,0.0037303030490875334,0.0037303030490875334,1.3915160838031749e-05,0.4227805256307632,0.07996117699117526,5.287322442457574,0.3802890390408382
53,late_phase_auc,6.963484615087509,6.700306578725576,6.754908416420221,0.5887793239550856,6.375522313639522,7.058789001777768,5.84105411246419,7.472387155517936,0.6832666881382465,1.631333043053746,1.0,1.0,-0.26317803636193293,-0.20857619866728783,0.20857619866728783,0.04350403065049592,0.4227805256307632,0.07996117699117526,5.287322442457574,0.3802890390408382
53,time_to_half_peak_after_peak,14.0,16.42,16.0,2.686216219100312,15.0,18.0,12.0,20.0,3.0,8.0,0.0,1.0,2.4200000000000017,2.0,2.0,4.0,0.4227805256307632,0.07996117699117526,5.287322442457574,0.3802890390408382
53,late_to_early_mean_ratio,2.293029305568547,2.3137014429913862,2.303926292535672,0.2906089526361975,2.107482075037161,2.5026695804865433,1.8874418404169253,2.8413203637008313,0.3951875054493823,0.953878523283906,1.0,1.0,0.020672137422839132,0.010896986967124711,0.010896986967124711,0.0001187443249616858,0.4227805256307632,0.07996117699117526,5.287322442457574,0.3802890390408382
54,peak_time,37.0,23.86,23.0,13.131056563150068,13.75,34.0,3.95,47.0,20.25,43.05,0.0,1.0,-13.14,-14.0,14.0,196.0,0.5201635448425348,0.37992071656800674,1.3691370913947627,0.5383960675870433
54,peak_height,0.05510207265615463,0.06191889334470033,0.05887407064437866,0.017854653586632623,0.05115995276719332,0.06880361773073673,0.04038295894861221,0.08813921213150024,0.017643664963543415,0.04775625318288802,1.0,1.0,0.006816820688545701,0.0037719979882240295,0.0037719979882240295,1.4227968823166126e-05,0.5201635448425348,0.37992071656800674,1.3691370913947627,0.5383960675870433
54,cumulative_infected,1.1184929538576398,0.9056582863390394,0.7679918357462157,0.48803980619856063,0.5838005909463391,1.0402592006648774,0.44180550382079675,1.84406778155826,0.45645860971853836,1.4022622777374631,0.0,1.0,-0.21283466751860036,-0.35050111811142415,0.35050111811142415,0.1228510337973585,0.5201635448425348,0.37992071656800674,1.3691370913947627,0.5383960675870433
54,early_growth_slope,-0.00012287772482349777,-0.00030839932802163676,-0.0007283098044960441,0.0021872337019262435,-0.0017453636849365573,0.0010821941236610567,-0.0034982627302053405,0.003966454888757738,0.002827557808597614,0.007464717618963078,1.0,1.0,-0.000185521603198139,-0.0006054320796725464,0.0006054320796725464,3.6654800309662456e-07,0.5201635448425348,0.37992071656800674,1.3691370913947627,0.5383960675870433
54,post_peak_decline_slope,-0.001306183015306786,-0.004128014981008678,-0.0028194573397437796,0.005484245055766162,-0.004563717177370565,-0.0015812074823770745,-0.016694256807677325,0.00010337073355912904,0.002982509694993491,0.016797627541236454,0.0,1.0,-0.002821831965701892,-0.0015132743244369935,0.0015132743244369935,2.2899991810002393e-06,0.5201635448425348,0.37992071656800674,1.3691370913947627,0.5383960675870433
54,late_phase_auc,0.6113049447303638,0.46340492935350996,0.36340230284258723,0.33587008278942526,0.25391541254066397,0.5232138670398854,0.1683741088869283,0.9935885376064104,0.2692984544992214,0.8252144287194821,0.0,1.0,-0.14790001537685382,-0.24790264188777655,0.24790264188777655,0.06145571985493919,0.5201635448425348,0.37992071656800674,1.3691370913947627,0.5383960675870433
54,time_to_half_peak_after_peak,2.0,1.34,1.0,0.8067893720848651,1.0,1.0,1.0,3.0,0.0,2.0,0.0,1.0,-0.6599999999999999,-1.0,1.0,1.0,0.5201635448425348,0.37992071656800674,1.3691370913947627,0.5383960675870433
54,late_to_early_mean_ratio,1.2452381706374906,1.0884218488338049,0.9971100199839322,0.5255835278287065,0.8107661337954718,1.243376701225303,0.487196191881108,1.835598981774908,0.43261056742983117,1.3484027898938,0.0,1.0,-0.15681632180368577,-0.24812815065355842,0.24812815065355842,0.06156757914675499,0.5201635448425348,0.37992071656800674,1.3691370913947627,0.5383960675870433
55,peak_time,25.0,27.47,27.5,3.8097562158545553,25.0,30.0,21.0,33.05,5.0,12.049999999999997,1.0,1.0,2.469999999999999,2.5,2.5,6.25,0.8218833670743898,0.2713781269278947,3.0285542036067064,0.20823089715653376
55,peak_height,0.14684458076953888,0.14234865464270116,0.14373043924570084,0.015857957370295973,0.13044893741607666,0.15218165144324303,0.11886693127453327,0.16532640755176545,0.021732714027166367,0.04645947627723218,1.0,1.0,-0.004495926126837718,-0.003114141523838043,0.003114141523838043,9.69787743049233e-06,0.8218833670743898,0.2713781269278947,3.0285542036067064,0.20823089715653376
55,cumulative_infected,3.2051557167433202,3.2548403282317393,3.242444956500549,0.36837341886459285,3.025500349514914,3.492521553795086,2.74452267527231,3.7771809087164,0.46702120428017224,1.03265823344409,1.0,1.0,0.04968461148841907,0.03728923975722864,0.03728923975722864,0.0013904874016720812,0.8218833670743898,0.2713781269278947,3.0285542036067064,0.20823089715653376
55,early_growth_slope,0.0024036529551570616,0.0019292483061944738,0.0018884140188761404,0.002773881507514069,0.00022166793877702383,0.0034655785699631747,-0.0023460618235557834,0.006270431277586056,0.003243910631186151,0.008616493101141839,1.0,1.0,-0.00047440464896258776,-0.0005152389362809212,0.0005152389362809212,2.6547116145989515e-07,0.8218833670743898,0.2713781269278947,3.0285542036067064,0.20823089715653376
55,post_peak_decline_slope,-0.0035933122038841283,-0.004753534777089955,-0.005015103115389748,0.002552250616292866,-0.006207979066918289,-0.0031646884356935734,-0.00888595110426345,-0.0002870407390097932,0.003043290631224716,0.008598910365253657,1.0,1.0,-0.0011602225732058268,-0.0014217909115056197,0.0014217909115056197,2.021489396039981e-06,0.8218833670743898,0.2713781269278947,3.0285542036067064,0.20823089715653376
55,late_phase_auc,1.9288563495501876,1.8796361703401636,1.8577508684247732,0.2558305250894249,1.7234441266627982,2.025265976204537,1.5256886440620292,2.3542092596180737,0.30182184954173863,0.8285206155560445,1.0,1.0,-0.04922017921002397,-0.07110548112541437,0.07110548112541437,0.0050559894460766594,0.8218833670743898,0.2713781269278947,3.0285542036067064,0.20823089715653376
55,time_to_half_peak_after_peak,13.0,8.3,8.0,4.132893427226025,5.0,11.0,2.0,16.0,6.0,14.0,0.0,1.0,-4.699999999999999,-5.0,5.0,25.0,0.8218833670743898,0.2713781269278947,3.0285542036067064,0.20823089715653376
55,late_to_early_mean_ratio,1.648392625600373,1.4854842128692853,1.475966081594824,0.2242776296967053,1.3466050352270986,1.6069567189566987,1.1336852573653189,1.8169570851703567,0.26035168372960005,0.6832718278050378,0.0,1.0,-0.16290841273108758,-0.17242654400554902,0.17242654400554902,0.029730913077697534,0.8218833670743898,0.2713781269278947,3.0285542036067064,0.20823089715653376
56,peak_time,47.0,22.19,21.0,15.113506568896604,10.0,37.0,1.0,47.05,27.0,46.05,0.0,1.0,-24.81,-26.0,26.0,676.0,0.5800072632402468,0.4150367311473699,1.3974841735978778,0.12268984881119518
56,peak_height,0.05540446937084198,0.050856066793203356,0.048106392845511436,0.011679589621320633,0.04276260640472174,0.05621846113353968,0.03679622672498226,0.07510700151324272,0.01345585472881794,0.038310774788260456,1.0,1.0,-0.004548402577638624,-0.0072980765253305435,0.0072980765253305435,5.326192096958074e-05,0.5800072632402468,0.4150367311473699,1.3974841735978778,0.12268984881119518
56,cumulative_infected,0.5691197832347825,0.5291368462369792,0.4730357357766479,0.22971291189585374,0.40308595035457984,0.5554987551149679,0.3118460858408071,1.1437315891467734,0.1524128047603881,0.8318855033059663,0.0,1.0,-0.03998293699780331,-0.09608404745813459,0.09608404745813459,0.009232144175937061,0.5800072632402468,0.4150367311473699,1.3974841735978778,0.12268984881119518
56,early_growth_slope,-9.932444940897646e-05,6.539754927600775e-05,0.00015432150047716006,0.0022679895456873115,-0.0012044721571285106,0.0014173996794505951,-0.003844946647829297,0.003651831640378248,0.002621871836579106,0.0074967782882075455,1.0,1.0,0.0001647219986849842,0.00025364594988613653,0.00025364594988613653,6.433626789364049e-08,0.5800072632402468,0.4150367311473699,1.3974841735978778,0.12268984881119518
56,post_peak_decline_slope,-0.02770223468542084,-0.005327302464926559,-0.0029232470629115903,0.010433008009014635,-0.004203956800501187,-0.002276787685938568,-0.011531112880911678,-0.001509206603780066,0.0019271691145626192,0.010021906277131612,0.0,0.0,0.022374932220494283,0.02477898762250925,0.02477898762250925,0.0006139982275964667,0.5800072632402468,0.4150367311473699,1.3974841735978778,0.12268984881119518
56,late_phase_auc,0.30464252934325486,0.24550266137462132,0.20656457451696042,0.15818285377975735,0.1708933043264551,0.2559939376260445,0.10571926405245904,0.6257052370841845,0.08510063329958939,0.5199859730317254,0.0,1.0,-0.05913986796863355,-0.09807795482629444,0.09807795482629444,0.009619285222908653,0.5800072632402468,0.4150367311473699,1.3974841735978778,0.12268984881119518
56,time_to_half_peak_after_peak,1.0,1.24,1.0,0.6834257143762642,1.0,1.0,1.0,3.0,0.0,2.0,1.0,1.0,0.24,0.0,0.0,0.0,0.5800072632402468,0.4150367311473699,1.3974841735978778,0.12268984881119518
56,late_to_early_mean_ratio,1.1126577726447615,0.9936206303314524,0.7986865596571887,0.6121589897042242,0.6493627887366891,1.0780334064335206,0.43516943040775485,2.60236361700444,0.42867061769683157,2.167194186596685,0.0,1.0,-0.11903714231330909,-0.3139712129875728,0.3139712129875728,0.0985779225848878,0.5800072632402468,0.4150367311473699,1.3974841735978778,0.12268984881119518
57,peak_time,27.0,24.42,23.0,13.547656251137683,13.0,35.25,2.0,46.05,22.25,44.05,1.0,1.0,-2.5799999999999983,-4.0,4.0,16.0,0.4448034813728572,0.3486659864476568,1.275729490865129,0.5493716069267889
57,peak_height,0.06899251788854599,0.060663999430835246,0.058476002886891365,0.01854926352503066,0.04708574339747429,0.06665104627609253,0.03986356873065233,0.09518044553697108,0.01956530287861824,0.05531687680631875,0.0,1.0,-0.008328518457710744,-0.010516515001654625,0.010516515001654625,0.00011059708778002678,0.4448034813728572,0.3486659864476568,1.275729490865129,0.5493716069267889
57,cumulative_infected,0.9917404109437484,0.8223109693323931,0.6667147517437115,0.45644288190725557,0.5097169711298193,0.9396480972500285,0.3782029546804552,1.7870372086690622,0.42993112612020923,1.4088342539886072,0.0,1.0,-0.1694294416113553,-0.3250256592000369,0.3250256592000369,0.10564167913841853,0.4448034813728572,0.3486659864476568,1.275729490865129,0.5493716069267889
57,early_growth_slope,-0.00015942566651141343,0.00020729844095469563,0.0003330787155954616,0.002256817788968932,-0.0015621306665707367,0.0015842850623899029,-0.0033312061988648805,0.0034674842520395197,0.0031464157289606397,0.0067986904509044,1.0,1.0,0.00036672410746610906,0.000492504382106875,0.000492504382106875,2.425605663944747e-07,0.4448034813728572,0.3486659864476568,1.275729490865129,0.5493716069267889
57,post_peak_decline_slope,-0.0021893467443684657,-0.0036453321811864684,-0.003307031888592368,0.004500462273971362,-0.004364838597774949,-0.001975291105918579,-0.006465743415125572,0.0,0.0023895474918563695,0.006465743415125572,1.0,1.0,-0.0014559854368180027,-0.0011176851442239021,0.0011176851442239021,1.249220081618805e-06,0.4448034813728572,0.3486659864476568,1.275729490865129,0.5493716069267889
57,late_phase_auc,0.6162504460662603,0.4212090581158918,0.3061381906736642,0.3342125202846377,0.22258334978687344,0.4897487195994472,0.12688340871245601,1.142864893902151,0.26716536981257377,1.015981485189695,0.0,1.0,-0.19504138795036852,-0.3101122553925961,0.3101122553925961,0.09616961094468277,0.4448034813728572,0.3486659864476568,1.275729490865129,0.5493716069267889
57,time_to_half_peak_after_peak,1.0,1.44,1.0,0.9880089150213252,1.0,2.0,1.0,3.0,1.0,2.0,1.0,1.0,0.43999999999999995,0.0,0.0,0.0,0.4448034813728572,0.3486659864476568,1.275729490865129,0.5493716069267889
57,late_to_early_mean_ratio,1.7314743557463144,1.0447100414523052,0.9327582369821342,0.5563879787743232,0.703383464527261,1.1935222266379142,0.4362775070186073,2.047474001416776,0.4901387621106532,1.6111964943981685,0.0,1.0,-0.6867643142940092,-0.7987161187641801,0.7987161187641801,0.6379474383737159,0.4448034813728572,0.3486659864476568,1.275729490865129,0.5493716069267889
58,peak_time,49.0,19.94,16.0,13.765584373041094,9.0,28.25,2.95,46.05,19.25,43.099999999999994,0.0,0.0,-29.06,-33.0,33.0,1089.0,0.3912593620261985,0.3752454692992487,1.0426757790223422,0.13719812594495046
58,peak_height,0.06331668049097061,0.0514578884281218,0.04873962327837944,0.01571940932163821,0.04202722944319248,0.057558197528123856,0.03401894625276327,0.07030045762658119,0.015530968084931374,0.036281511373817917,0.0,1.0,-0.01185879206284881,-0.014577057212591171,0.014577057212591171,0.0002124905969791563,0.3912593620261985,0.3752454692992487,1.0426757790223422,0.13719812594495046
58,cumulative_infected,0.66866085678339,0.5743162526349395,0.5055741436808603,0.3092281520053376,0.43030263745458797,0.613095181852259,0.3157943738756259,1.0126101917296175,0.182792544397671,0.6968158178539916,0.0,1.0,-0.09434460414845058,-0.16308671310252976,0.16308671310252976,0.026597275990586852,0.3912593620261985,0.3752454692992487,1.0426757790223422,0.13719812594495046
58,early_growth_slope,0.00025168237542467505,8.380331452610308e-05,0.00016024912890446013,0.002380732332757263,-0.0013577928310994697,0.0014814616117205114,-0.0036274532411923774,0.00437288541108414,0.002839254442819981,0.008000338652276517,1.0,1.0,-0.00016787906089857198,-9.143324652021492e-05,9.143324652021492e-05,8.360038569226394e-09,0.3912593620261985,0.3752454692992487,1.0426757790223422,0.13719812594495046
58,post_peak_decline_slope,0.0,-0.0038789642908496303,-0.0029965511950043344,0.005011653359772999,-0.004133724964534253,-0.0018855221239694716,-0.008857722450047727,-0.00033003387642869744,0.0022482028405647813,0.00852768857361903,0.0,0.0,-0.0038789642908496303,-0.0029965511950043344,0.0029965511950043344,8.979319064281904e-06,0.3912593620261985,0.3752454692992487,1.0426757790223422,0.13719812594495046
58,late_phase_auc,0.3581445978488773,0.2585421908614089,0.2209747289889492,0.15532808576185061,0.16728169246925972,0.2882870343164541,0.11573746241206351,0.5537372423685153,0.12100534184719436,0.4379997799564518,0.0,1.0,-0.09960240698746842,-0.1371698688599281,0.1371698688599281,0.018815572923049872,0.3912593620261985,0.3752454692992487,1.0426757790223422,0.13719812594495046
58,time_to_half_peak_after_peak,0.0,1.33,1.0,0.7114503609961951,1.0,2.0,1.0,3.0,1.0,2.0,0.0,0.0,1.33,1.0,1.0,1.0,0.3912593620261985,0.3752454692992487,1.0426757790223422,0.13719812594495046
58,late_to_early_mean_ratio,1.2851087795397493,0.8949345111345448,0.7934945599108063,0.39588907112944155,0.6055296389742422,1.1530671314494225,0.37337789741885585,1.581970347400498,0.5475374924751804,1.208592449981642,0.0,1.0,-0.3901742684052045,-0.491614219628943,0.491614219628943,0.24168454094137462,0.3912593620261985,0.3752454692992487,1.0426757790223422,0.13719812594495046
59,peak_time,2.0,20.86,18.0,14.411709604948808,8.75,33.25,1.0,43.14999999999999,24.5,42.14999999999999,0.0,1.0,18.86,16.0,16.0,256.0,0.23686468080494658,0.36241666492370095,0.6535700582499796,0.36492829896159107
59,peak_height,0.0680881068110466,0.05081185530871153,0.04964554309844971,0.00929790767709005,0.04419697541743517,0.0570444418117404,0.03719147220253945,0.06681657694280148,0.01284746639430523,0.02962510474026203,0.0,0.0,-0.01727625150233507,-0.018442563712596893,0.018442563712596893,0.0003401281562931957,0.23686468080494658,0.36241666492370095,0.6535700582499796,0.36492829896159107
59,cumulative_infected,0.6181536799413152,0.5436995209168163,0.5058477939674049,0.18632308173336354,0.44151550420792773,0.6067908915574662,0.3541148282820359,0.7954809843446128,0.1652753873495385,0.4413661560625769,0.0,1.0,-0.07445415902449892,-0.11230588597391034,0.11230588597391034,0.01261261202438495,0.23686468080494658,0.36241666492370095,0.6535700582499796,0.36492829896159107
59,early_growth_slope,-0.00518140765849412,-0.00021617903121295894,0.00013167295331922678,0.002313761853698964,-0.0018581289834747584,0.0011362816322140314,-0.0038853576869725998,0.0031707021100460427,0.0029944106156887897,0.007056059797018642,0.0,0.0,0.004965228627281161,0.005313080611813347,0.005313080611813347,2.822882558762689e-05,0.23686468080494658,0.36241666492370095,0.6535700582499796,0.36492829896159107
59,post_peak_decline_slope,-0.005801809125114235,-0.003468965105806136,-0.0029692288206379504,0.0048131261557130016,-0.0040772545214470745,-0.0019978979757676527,-0.0049991370070104815,-0.00046428946991606645,0.002079356545679422,0.004534847537094415,0.0,0.0,0.0023328440193080987,0.0028325803044762844,0.0028325803044762844,8.02351118130696e-06,0.23686468080494658,0.36241666492370095,0.6535700582499796,0.36492829896159107
59,late_phase_auc,0.23413722758414224,0.24890532313482253,0.23076740946271457,0.13719662722343162,0.1855395589955151,0.26723153244711284,0.12821327837300486,0.45352385350270197,0.08169197345159773,0.3253105751296971,1.0,1.0,0.014768095550680288,-0.00336981812142767,0.00336981812142767,1.1355674171502313e-05,0.23686468080494658,0.36241666492370095,0.6535700582499796,0.36492829896159107
59,time_to_half_peak_after_peak,1.0,1.13,1.0,0.4181488788081164,1.0,1.0,1.0,2.0,0.0,1.0,1.0,1.0,0.1299999999999999,0.0,0.0,0.0,0.23686468080494658,0.36241666492370095,0.6535700582499796,0.36492829896159107
59,late_to_early_mean_ratio,0.5959418910930264,0.9152992826212007,0.8244529949139736,0.4103017431923536,0.6316359511232549,1.1290980220252553,0.4413640379631088,1.729333758206827,0.49746207090200045,1.2879697202437184,0.0,1.0,0.31935739152817433,0.2285111038209472,0.2285111038209472,0.052217324569467705,0.23686468080494658,0.36241666492370095,0.6535700582499796,0.36492829896159107
60,peak_time,43.0,43.19,44.0,3.72188450148903,40.0,46.0,36.0,48.05,6.0,12.049999999999997,1.0,1.0,0.18999999999999773,1.0,1.0,1.0,0.2649135619547513,0.07916602140917442,3.3463038465142687,0.3659363231310826
60,peak_height,0.29778483510017395,0.302801071703434,0.319257453083992,0.06256474108373673,0.2678827792406082,0.34100138396024704,0.18827262744307519,0.37503162920475,0.07311860471963882,0.18675900176167484,1.0,1.0,0.00501623660326006,0.021472617983818054,0.021472617983818054,0.0004610733230789865,0.2649135619547513,0.07916602140917442,3.3463038465142687,0.3659363231310826
60,cumulative_infected,6.8940391363576055,6.935823591239605,7.159280954510905,1.6089332662456128,6.1606043046558625,7.897262734531978,3.87456597329583,9.228811354050412,1.7366584298761154,5.354245380754582,1.0,1.0,0.041784454881999444,0.2652418181532994,0.2652418181532994,0.07035322209726794,0.2649135619547513,0.07916602140917442,3.3463038465142687,0.3659363231310826
60,early_growth_slope,0.004960435231970179,0.001388758352771956,0.0013330325184922132,0.0025395301085645054,-0.0007230465385613821,0.00304270004493273,-0.002687175529787226,0.005696217513122105,0.003765746583494112,0.00838339304290933,0.0,1.0,-0.003571676879198223,-0.003627402713477966,0.003627402713477966,1.3158050445747311e-05,0.2649135619547513,0.07916602140917442,3.3463038465142687,0.3659363231310826
60,post_peak_decline_slope,-0.006537456597600642,-0.009015753031176094,-0.0065972809635457645,0.009111591720734122,-0.012510875612497325,-0.0027352220689256914,-0.028075378760695345,0.0,0.009775653543571634,0.028075378760695345,1.0,1.0,-0.002478296433575452,-5.9824365945122283e-05,5.9824365945122283e-05,3.5789547607359066e-09,0.2649135619547513,0.07916602140917442,3.3463038465142687,0.3659363231310826
60,late_phase_auc,5.5951628014445305,5.593372919429093,5.794433321803808,1.3421104922369,4.928420141339302,6.474889786913991,3.0622325932607053,7.2783546064049,1.546469645574689,4.2161220131441945,1.0,1.0,-0.001789882015437172,0.19927052035927773,0.19927052035927773,0.03970874028425732,0.2649135619547513,0.07916602140917442,3.3463038465142687,0.3659363231310826
60,time_to_half_peak_after_peak,6.0,5.76,5.0,3.739280976634709,3.0,9.0,0.9500000000000002,13.0,6.0,12.05,1.0,1.0,-0.2400000000000002,-1.0,1.0,1.0,0.2649135619547513,0.07916602140917442,3.3463038465142687,0.3659363231310826
60,late_to_early_mean_ratio,4.6885601045456715,4.50680243911831,4.526180744326404,0.6125607558450471,4.21282763350568,4.8566620641693135,3.5848304407348897,5.307930741955871,0.6438344306636337,1.7231003012209811,1.0,1.0,-0.18175766542736138,-0.16237936021926735,0.16237936021926735,0.026367056625218585,0.2649135619547513,0.07916602140917442,3.3463038465142687,0.3659363231310826
61,peak_time,27.0,24.06,24.0,2.974028998656282,22.0,26.0,19.0,29.049999999999997,4.0,10.049999999999997,0.0,1.0,-2.9400000000000013,-3.0,3.0,9.0,0.7003569837557189,0.29900085689179645,2.3423243365792983,0.3803441979266533
61,peak_height,0.15725164115428925,0.14607677668333052,0.14441314339637756,0.01812528575404886,0.13376198336482048,0.15887674316763878,0.12128164619207382,0.17939128503203391,0.0251147598028183,0.05810963883996009,1.0,1.0,-0.011174864470958723,-0.012838497757911682,0.012838497757911682,0.0001648270246799033,0.7003569837557189,0.29900085689179645,2.3423243365792983,0.3803441979266533
61,cumulative_infected,3.114313022539136,3.117499026838268,3.163586991839111,0.30736588419928507,2.9101916435174644,3.296847742109094,2.5777596911415457,3.587642076995689,0.3866560985916294,1.0098823858541435,1.0,1.0,0.0031860042991320725,0.04927396929997485,0.04927396929997485,0.0024279240505748643,0.7003569837557189,0.29900085689179645,2.3423243365792983,0.3803441979266533
61,early_growth_slope,0.0013703181896181338,0.0028191978532439476,0.00285942437282453,0.0026473761830249883,0.0010068012911471583,0.004929931372143549,-0.0012215968523551478,0.007047432695149575,0.0039231300809963905,0.008269029547504723,1.0,1.0,0.0014488796636258137,0.0014891061832063963,0.0014891061832063963,2.2174372248635214e-06,0.7003569837557189,0.29900085689179645,2.3423243365792983,0.3803441979266533
61,post_peak_decline_slope,-0.010169866308569897,-0.006078348640352488,-0.006290062889456751,0.0029750246013385377,-0.007989992341026658,-0.0043907914000253,-0.011244745114818221,-0.0009658040540913748,0.003599200941001358,0.010278941060726847,0.0,1.0,0.004091517668217409,0.0038798034191131455,0.0038798034191131455,1.5052874570962053e-05,0.7003569837557189,0.29900085689179645,2.3423243365792983,0.3803441979266533
61,late_phase_auc,1.5480277317838045,1.4386165636131774,1.4447926115244627,0.1850888271260115,1.3167643785127439,1.5714978324249387,1.1082120374776423,1.7044331626733764,0.2547334539121948,0.5962211251957341,1.0,1.0,-0.10941116817062713,-0.10323512025934178,0.10323512025934178,0.01065749005496076,0.7003569837557189,0.29900085689179645,2.3423243365792983,0.3803441979266533
61,time_to_half_peak_after_peak,7.0,7.03,7.0,3.945218305081162,4.0,10.0,1.9500000000000002,13.049999999999997,6.0,11.099999999999998,1.0,1.0,0.03000000000000025,0.0,0.0,0.0,0.7003569837557189,0.29900085689179645,2.3423243365792983,0.3803441979266533
61,late_to_early_mean_ratio,1.0813407088060896,0.9343660846824391,0.9297980020878678,0.14449602709236223,0.8362324814398152,1.0168918447666446,0.7219475662202846,1.162258177546883,0.18065936332682941,0.44031061132659843,0.0,1.0,-0.14697462412365048,-0.1515427067182218,0.1515427067182218,0.022965191959484984,0.7003569837557189,0.29900085689179645,2.3423243365792983,0.3803441979266533
62,peak_time,30.0,21.71,20.0,14.980320423809363,10.0,34.25,1.0,48.0,24.25,47.0,1.0,1.0,-8.29,-10.0,10.0,100.0,0.2646825586056971,0.41973841346390484,0.6305893149530817,0.5670986617648569
62,peak_height,0.05561050400137901,0.04981839612126351,0.04733515717089176,0.010926694619635025,0.04215647839009762,0.05524784419685602,0.03545645829290152,0.07074010334908962,0.013091365806758404,0.0352836450561881,0.0,1.0,-0.005792107880115506,-0.008275346830487251,0.008275346830487251,6.84813651648554e-05,0.2646825586056971,0.41973841346390484,0.6305893149530817,0.5670986617648569
62,cumulative_infected,0.35395417654217454,0.49953437874613427,0.4694811395420402,0.1549784335520193,0.40154512143044485,0.558980994974263,0.31708039702207313,0.8189489752554434,0.15743587354381816,0.5018685782333703,0.0,1.0,0.14558020220395973,0.11552696299986565,0.11552696299986565,0.013346479179972327,0.2646825586056971,0.41973841346390484,0.6305893149530817,0.5670986617648569
62,early_growth_slope,8.249250666787252e-05,-0.000641690923720748,-0.0007545377586558007,0.0021149441199344128,-0.0019094379032529615,0.0007151444816762304,-0.004024260671576483,0.003116956610964344,0.002624582384929192,0.007141217282540827,1.0,1.0,-0.0007241834303886206,-0.0008370302653236733,0.0008370302653236733,7.00619665067819e-07,0.2646825586056971,0.41973841346390484,0.6305893149530817,0.5670986617648569
62,post_peak_decline_slope,-0.0028406151633438223,-0.004326898391052098,-0.002847844921052455,0.0074523942133248545,-0.004005421461382265,-0.0019242653991871877,-0.008126240069312719,0.0,0.0020811560621950775,0.008126240069312719,1.0,1.0,-0.0014862832277082755,-7.229757708632906e-06,7.229757708632906e-06,5.226939652553692e-11,0.2646825586056971,0.41973841346390484,0.6305893149530817,0.5670986617648569
62,late_phase_auc,0.16781062780501088,0.22829492934464723,0.21490569226443768,0.08603358001443137,0.16448827985004755,0.2745583626674488,0.12032294090895448,0.38995392053911926,0.11007008281740127,0.2696309796301648,1.0,1.0,0.060484301539636354,0.047095064459426794,0.047095064459426794,0.0022179450964375648,0.2646825586056971,0.41973841346390484,0.6305893149530817,0.5670986617648569
62,time_to_half_peak_after_peak,1.0,1.11,1.0,0.4691492407550183,1.0,1.0,1.0,2.0,0.0,1.0,1.0,1.0,0.1100000000000001,0.0,0.0,0.0,0.2646825586056971,0.41973841346390484,0.6305893149530817,0.5670986617648569
62,late_to_early_mean_ratio,0.8604699270512697,0.946368323231601,0.8341887213956054,0.4259752094530275,0.6485159031843146,1.2207008170387197,0.4654899010767591,1.5836105876020623,0.5721849138544051,1.1181206865253033,1.0,1.0,0.08589839618033135,-0.026281205655664275,0.026281205655664275,0.0006907017707153199,0.2646825586056971,0.41973841346390484,0.6305893149530817,0.5670986617648569
63,peak_time,18.0,20.69,20.0,14.77008647725038,6.75,32.0,1.0,46.0,25.25,45.0,1.0,1.0,2.6900000000000013,2.0,2.0,4.0,0.18023012285830156,0.4911684495659578,0.3669415717104177,0.1406910350667164
63,peak_height,0.03555732220411301,0.049348247423768046,0.050143659114837646,0.00933151603842535,0.04277320206165314,0.05593477375805378,0.0342437494546175,0.06291302740573883,0.013161571696400642,0.028669277951121327,0.0,1.0,0.01379092521965504,0.01458633691072464,0.01458633691072464,0.00021276122447316803,0.18023012285830156,0.4911684495659578,0.3669415717104177,0.1406910350667164
63,cumulative_infected,0.4496214487589896,0.5112832528857462,0.4900428045748413,0.14746392764163863,0.41931175491481554,0.5637379800100462,0.31433189823465,0.835890263694455,0.14442622509523062,0.5215583654598049,1.0,1.0,0.06166180412675659,0.04042135581585171,0.04042135581585171,0.0016338860059916889,0.18023012285830156,0.4911684495659578,0.3669415717104177,0.1406910350667164
63,early_growth_slope,-0.0014827603784700234,-8.036861149337509e-05,-0.00013508193937706754,0.0020824057500323694,-0.0015357585435686978,0.0013799545517291067,-0.0034562476406184337,0.003138923962597756,0.0029157130952978047,0.006595171603216189,1.0,1.0,0.0014023917669766482,0.001347678439092956,0.001347678439092956,1.8162371751960262e-06,0.18023012285830156,0.4911684495659578,0.3669415717104177,0.1406910350667164
63,post_peak_decline_slope,-0.0016858021107812747,-0.0038962678157270997,-0.003085928744015592,0.004819785211066728,-0.004107603247393847,-0.001966433723767594,-0.010452269627712622,-0.0007207998728457261,0.002141169523626253,0.009731469754866896,0.0,1.0,-0.002210465704945825,-0.0014001266332343174,0.0014001266332343174,1.9603545890920647e-06,0.18023012285830156,0.4911684495659578,0.3669415717104177,0.1406910350667164
63,late_phase_auc,0.19241788377985358,0.23084394456838708,0.2170162362526753,0.08880422909226822,0.1694006932521006,0.2851263564953115,0.11507895169779658,0.3827851598878624,0.11572566324321087,0.2677062081900658,1.0,1.0,0.0384260607885335,0.024598352472821716,0.024598352472821716,0.0006050789443771742,0.18023012285830156,0.4911684495659578,0.3669415717104177,0.1406910350667164
63,time_to_half_peak_after_peak,1.0,1.2,1.0,0.4714045207910317,1.0,1.0,1.0,2.0,0.0,1.0,1.0,1.0,0.19999999999999996,0.0,0.0,0.0,0.18023012285830156,0.4911684495659578,0.3669415717104177,0.1406910350667164
63,late_to_early_mean_ratio,0.7286511561774961,0.9240729193360382,0.7954754513131279,0.417344479231914,0.6331276791257245,1.155343585079275,0.44134448104187907,1.710772557242692,0.5222159059535505,1.2694280762008128,1.0,1.0,0.1954217631585421,0.06682429513563182,0.06682429513563182,0.004465486420374026,0.18023012285830156,0.4911684495659578,0.3669415717104177,0.1406910350667164
64,peak_time,43.0,20.87,21.0,14.157594242931063,9.0,32.0,0.9500000000000002,44.099999999999994,23.0,43.14999999999999,0.0,1.0,-22.13,-22.0,22.0,484.0,0.20604497676663075,0.476769940406168,0.4321685561616945,0.40278977928246096
64,peak_height,0.06132569536566734,0.049645169861614706,0.047408321872353554,0.009853765074693202,0.04316013026982546,0.05548663903027773,0.03554426059126854,0.06861452497541903,0.01232650876045227,0.03307026438415049,0.0,1.0,-0.011680525504052637,-0.01391737349331379,0.01391737349331379,0.00019369328495239327,0.20604497676663075,0.476769940406168,0.4321685561616945,0.40278977928246096
64,cumulative_infected,0.4809875041246414,0.5154532957768061,0.47659804846625775,0.19542181065916037,0.4123442099089516,0.5466148453342612,0.34605123829242074,0.7813014408036905,0.1342706354253096,0.4352502025112697,1.0,1.0,0.03446579165216468,-0.0043894556583836675,0.0043894556583836675,1.9267320976916396e-05,0.20604497676663075,0.476769940406168,0.4321685561616945,0.40278977928246096
64,early_growth_slope,0.0023077642240206756,-0.0008167368772077064,-0.0007469920397159587,0.002018312604086482,-0.001911615908154218,0.0005468252368570709,-0.004360457672044587,0.001908105622056782,0.002458441145011289,0.0062685632941013696,0.0,0.0,-0.003124501101228382,-0.0030547562637366346,0.0030547562637366346,9.331535830838204e-06,0.20604497676663075,0.476769940406168,0.4321685561616945,0.40278977928246096
64,post_peak_decline_slope,-0.006431182721696258,-0.003697207919834043,-0.0026611856572950946,0.0057056026297108604,-0.0039047106418972073,-0.0015384790924144911,-0.006157004141825298,-0.00037341159069909124,0.002366231549482716,0.005783592551126207,0.0,0.0,0.002733974801862215,0.0037699970644011634,0.0037699970644011634,1.421287786559339e-05,0.20604497676663075,0.476769940406168,0.4321685561616945,0.40278977928246096
64,late_phase_auc,0.21962352655828,0.2391609183613582,0.20911079859070014,0.1263968714559385,0.18120307187200524,0.25441908903303556,0.12568828244402538,0.4323480842183924,0.07321601716103032,0.306659801774367,1.0,1.0,0.019537391803078202,-0.010512727967579849,0.010512727967579849,0.00011051744932033555,0.20604497676663075,0.476769940406168,0.4321685561616945,0.40278977928246096
64,time_to_half_peak_after_peak,1.0,1.21,1.0,0.5373898759633259,1.0,1.0,1.0,2.049999999999997,0.0,1.0499999999999972,1.0,1.0,0.20999999999999996,0.0,0.0,0.0,0.20604497676663075,0.476769940406168,0.4321685561616945,0.40278977928246096
64,late_to_early_mean_ratio,0.8424343080466058,0.9311155148375313,0.852358749479788,0.38790585488868323,0.6431603621057315,1.1381656014795667,0.47080895032084497,1.5593756096501847,0.4950052393738352,1.0885666593293397,1.0,1.0,0.0886812067909255,0.009924441433182163,0.009924441433182163,9.849453776066282e-05,0.20604497676663075,0.476769940406168,0.4321685561616945,0.40278977928246096
65,peak_time,43.0,24.45,25.0,15.751462975183792,11.0,39.25,1.0,47.05,28.25,46.05,0.0,1.0,-18.55,-18.0,18.0,324.0,0.45506193698004505,0.2771052478890465,1.642198913397168,0.1581538585818167
65,peak_height,0.05767775699496269,0.057047166489064695,0.051092566922307014,0.023649422774935296,0.04453617427498102,0.05941577348858118,0.037577453441917895,0.0922753844410181,0.014879599213600159,0.054697930999100204,1.0,1.0,-0.0006305905058979974,-0.006585190072655678,0.006585190072655678,4.336472829300289e-05,0.45506193698004505,0.2771052478890465,1.642198913397168,0.1581538585818167
65,cumulative_infected,1.0186964059248567,0.7750072101369733,0.5881104914587922,0.6218374625545644,0.4447086344589479,0.7929207200650126,0.35069905475829727,1.6914657058732698,0.34821208560606465,1.3407666511149725,0.0,1.0,-0.2436891957878834,-0.4305859144660644,0.4305859144660644,0.18540422973657694,0.45506193698004505,0.2771052478890465,1.642198913397168,0.1581538585818167
65,early_growth_slope,0.00037345311249650673,-6.919054681193677e-05,-0.00021329194506896303,0.0022062373060076994,-0.0011812951942417938,0.001288609781373192,-0.0036095614880434263,0.003110267151870562,0.0024699049756149857,0.006719828639913989,1.0,1.0,-0.0004426436593084435,-0.0005867450575654698,0.0005867450575654698,3.4426976257750646e-07,0.45506193698004505,0.2771052478890465,1.642198913397168,0.1581538585818167
65,post_peak_decline_slope,0.00024943233334590666,-0.004762972974600241,-0.0032536689192056677,0.007777890088154248,-0.004443875952468603,-0.0020506295103890214,-0.012809609166163582,1.734973086664728e-05,0.0023932464420795816,0.012826958897030229,0.0,0.0,-0.005012405307946147,-0.0035031012525515745,0.0035031012525515745,1.227171838562841e-05,0.45506193698004505,0.2771052478890465,1.642198913397168,0.1581538585818167
65,late_phase_auc,0.6423470668960363,0.41437462925590807,0.24367497727507725,0.4593009354608179,0.19735896826023236,0.39671873263432644,0.13960812098230235,1.1633985659573227,0.19935976437409408,1.0237904449750204,0.0,1.0,-0.2279724376401282,-0.398672089620959,0.398672089620959,0.15893943504274197,0.45506193698004505,0.2771052478890465,1.642198913397168,0.1581538585818167
65,time_to_half_peak_after_peak,3.0,1.49,1.0,1.2909553270991434,1.0,2.0,1.0,3.049999999999997,1.0,2.049999999999997,0.0,1.0,-1.51,-2.0,2.0,4.0,0.45506193698004505,0.2771052478890465,1.642198913397168,0.1581538585818167
65,late_to_early_mean_ratio,1.8329172140856484,1.1100313649391933,0.9212625271445842,0.6381582597400216,0.7282081950765513,1.2719538097278427,0.48330515963227416,2.455235609932861,0.5437456146512913,1.971930450300587,0.0,1.0,-0.7228858491464552,-0.9116546869410642,0.9116546869410642,0.8311142682216098,0.45506193698004505,0.2771052478890465,1.642198913397168,0.1581538585818167
66,peak_time,13.0,14.52,14.0,1.4666666666666666,13.0,15.0,13.0,17.049999999999997,2.0,4.049999999999997,1.0,1.0,1.5199999999999996,1.0,1.0,1.0,0.9749752366163381,0.054277529618968326,17.962778399472594,0.7308042378175793
66,peak_height,0.7288272380828857,0.6789602291584015,0.6811906397342682,0.02667740947204724,0.6633457541465759,0.6963819861412048,0.6300766080617904,0.7246732950210572,0.033036231994628906,0.09459668695926671,0.0,0.0,-0.04986700892448426,-0.047636598348617554,0.047636598348617554,0.0022692455022275126,0.9749752366163381,0.054277529618968326,17.962778399472594,0.7308042378175793
66,cumulative_infected,16.606735387817025,15.941861027221785,16.114862612099387,0.7667852839332442,15.594784629531205,16.491866411815863,14.43530869311653,16.77775231427513,0.8970817822846584,2.3424436211585995,0.0,1.0,-0.6648743605952401,-0.49187277571763843,0.49187277571763843,0.24193882749217424,0.9749752366163381,0.054277529618968326,17.962778399472594,0.7308042378175793
66,early_growth_slope,0.02790340492945341,0.0294323551450162,0.029650544126828503,0.005838898733817405,0.02641167529786581,0.03324532471153707,0.020193199569725293,0.037480568537665966,0.006833649413671261,0.017287368967940673,1.0,1.0,0.001528950215562791,0.0017471391973750937,0.0017471391973750937,3.0524953750044866e-06,0.9749752366163381,0.054277529618968326,17.962778399472594,0.7308042378175793
66,post_peak_decline_slope,-0.018608888983726517,-0.02328613573809465,-0.023901203771432226,0.0036887751923063905,-0.026062753424048457,-0.021447518219550456,-0.02804924232264354,-0.015868327418963126,0.004615235204498001,0.012180914903680413,0.0,1.0,-0.004677246754368133,-0.005292314787705709,0.005292314787705709,2.8008595812168523e-05,0.9749752366163381,0.054277529618968326,17.962778399472594,0.7308042378175793
66,late_phase_auc,5.885159380733967,5.7120267090201375,5.721510913223028,0.458482152423671,5.508542508818209,6.105960384011269,4.892032689601183,6.277604553103447,0.5974178751930594,1.385571863502264,1.0,1.0,-0.1731326717138293,-0.16364846751093864,0.16364846751093864,0.02678082091867874,0.9749752366163381,0.054277529618968326,17.962778399472594,0.7308042378175793
66,time_to_half_peak_after_peak,14.0,15.01,15.0,1.8173962949586127,14.0,16.0,12.0,18.0,2.0,6.0,1.0,1.0,1.0099999999999998,1.0,1.0,1.0,0.9749752366163381,0.054277529618968326,17.962778399472594,0.7308042378175793
66,late_to_early_mean_ratio,0.5847298440388977,0.5974515677339475,0.5936324829229793,0.047564505450262626,0.574465862886094,0.6249163629121189,0.5163761634321775,0.665773791403516,0.050450500026024914,0.1493976279713385,1.0,1.0,0.012721723695049758,0.008902638884081604,0.008902638884081604,7.925697910036174e-05,0.9749752366163381,0.054277529618968326,17.962778399472594,0.7308042378175793
67,peak_time,34.0,34.53,34.0,3.208117859745836,32.0,37.0,30.0,40.0,5.0,10.0,1.0,1.0,0.5300000000000011,0.0,0.0,0.0,0.33036949836942814,0.09654702655141985,3.4218505755169693,0.4931788962576267
67,peak_height,0.3288094997406006,0.3019250275194645,0.3044327199459076,0.04008706498129796,0.2748386859893799,0.3312375769019127,0.22758239656686782,0.35934647619724275,0.056398890912532806,0.13176407963037493,1.0,1.0,-0.026884472221136102,-0.024376779794692993,0.024376779794692993,0.0005942273931589526,0.33036949836942814,0.09654702655141985,3.4218505755169693,0.4931788962576267
67,cumulative_infected,7.7905836016871035,7.764667829134378,7.8535185848595574,1.1255474337386844,6.992351743654581,8.582349138145219,5.854262294969521,9.49237088287482,1.5899973944906378,3.6381085879052986,1.0,1.0,-0.025915772552725258,0.06293498317245394,0.06293498317245394,0.0039608121069170605,0.33036949836942814,0.09654702655141985,3.4218505755169693,0.4931788962576267
67,early_growth_slope,0.0029063040800836114,0.0022957011301531606,0.0021283076909769864,0.0024858916038751045,0.0006052818429279358,0.004157215442752375,-0.0020625007563337128,0.0064630563983449785,0.0035519335998244394,0.008525557154678691,1.0,1.0,-0.0006106029499304507,-0.0007779963891066249,0.0007779963891066249,6.05278381462947e-07,0.33036949836942814,0.09654702655141985,3.4218505755169693,0.4931788962576267
67,post_peak_decline_slope,-0.010961259156465513,-0.006237670879988447,-0.005891733989119538,0.003516543637433461,-0.008192515683670857,-0.0044224303215742045,-0.01268615787227952,-0.0008417887116471938,0.0037700853620966524,0.011844369160632326,0.0,1.0,0.004723588276477066,0.005069525167345976,0.005069525167345976,2.5700085422354243e-05,0.33036949836942814,0.09654702655141985,3.4218505755169693,0.4931788962576267
67,late_phase_auc,5.793897911906242,5.815068951062858,5.8295461013913155,0.8222777124845005,5.283961107954383,6.4685853980481625,4.3845147958025334,7.04721751101315,1.1846242900937796,2.6627027152106164,1.0,1.0,0.021171039156615556,0.03564818948507309,0.03564818948507309,0.0012707934135636756,0.33036949836942814,0.09654702655141985,3.4218505755169693,0.4931788962576267
67,time_to_half_peak_after_peak,14.0,14.24,14.0,3.219636719578873,12.0,17.0,9.0,19.0,5.0,10.0,1.0,1.0,0.2400000000000002,0.0,0.0,0.0,0.33036949836942814,0.09654702655141985,3.4218505755169693,0.4931788962576267
67,late_to_early_mean_ratio,3.1090768784743408,3.279787242129194,3.2457311245551512,0.3429606228052995,3.003852950232898,3.5232876996115934,2.7466688595964506,3.8743379504196156,0.5194347493786955,1.127669090823165,1.0,1.0,0.17071036365485304,0.13665424608081045,0.13665424608081045,0.018674382971914698,0.33036949836942814,0.09654702655141985,3.4218505755169693,0.4931788962576267
68,peak_time,20.0,18.77,19.0,1.632096006286816,17.75,20.0,16.0,22.0,2.25,6.0,1.0,1.0,-1.2300000000000004,-1.0,1.0,1.0,0.9420416073172487,0.16360637129088174,5.757976293248132,0.29387994446238747
68,peak_height,0.3417063355445862,0.2999304074048996,0.29637156426906586,0.018527718871837462,0.2870335802435875,0.31111010909080505,0.2731292277574539,0.3332069545984268,0.02407652884721756,0.0600777268409729,0.0,0.0,-0.04177592813968656,-0.045334771275520325,0.045334771275520325,0.0020552414866037427,0.9420416073172487,0.16360637129088174,5.757976293248132,0.29387994446238747
68,cumulative_infected,6.138542241300456,5.926050382240215,5.885120158549398,0.2982459600033483,5.686372284864774,6.115530936338473,5.480590778769693,6.411910434666789,0.42915865147369914,0.931319655897096,0.0,1.0,-0.2124918590602416,-0.25342208275105804,0.25342208275105804,0.06422275202588411,0.9420416073172487,0.16360637129088174,5.757976293248132,0.29387994446238747
68,early_growth_slope,0.0013411628938878766,0.006687905705125775,0.006735433631720729,0.0029269549503692883,0.004722606307560843,0.00868116878423496,0.0017007190335009779,0.011824331605055787,0.0039585624766741165,0.01012361257155481,0.0,0.0,0.005346742811237898,0.005394270737832853,0.005394270737832853,2.909815679303979e-05,0.9420416073172487,0.16360637129088174,5.757976293248132,0.29387994446238747
68,post_peak_decline_slope,-0.01990022957324981,-0.01326780681684613,-0.013483969991405803,0.004316074792853434,-0.01627302585790555,-0.01036135833710432,-0.02011506747454404,-0.0059061629200975185,0.005911667520801229,0.014208904554446521,0.0,1.0,0.00663242275640368,0.0064162595818440075,0.0064162595818440075,4.116838702160504e-05,0.9420416073172487,0.16360637129088174,5.757976293248132,0.29387994446238747
68,late_phase_auc,1.8787624510005116,1.9438087640341883,1.9511771014076658,0.16557244122904705,1.8401537803583778,2.0265951209294144,1.6874385610804894,2.2322847509698476,0.18644134057103656,0.5448461898893582,1.0,1.0,0.0650463130336767,0.07241465040715411,0.07241465040715411,0.005243881593590345,0.9420416073172487,0.16360637129088174,5.757976293248132,0.29387994446238747
68,time_to_half_peak_after_peak,8.0,10.25,10.0,1.8715034738213159,9.0,12.0,7.0,13.0,3.0,6.0,0.0,1.0,2.25,2.0,2.0,4.0,0.9420416073172487,0.16360637129088174,5.757976293248132,0.29387994446238747
68,late_to_early_mean_ratio,0.47835627104235656,0.5315616981468945,0.5337594284743614,0.04763929954879301,0.5021475721084683,0.5564185575049407,0.46025775457213747,0.6229445596644234,0.05427098539647246,0.16268680509228595,0.0,1.0,0.053205427104537906,0.05540315743200486,0.05540315743200486,0.003069509853435515,0.9420416073172487,0.16360637129088174,5.757976293248132,0.29387994446238747
69,peak_time,32.0,33.99,34.0,3.759150452058566,31.75,37.0,27.95,40.0,5.25,12.05,1.0,1.0,1.990000000000002,2.0,2.0,4.0,0.6258234853518522,0.16388664367898156,3.8186362921538914,0.16799362245179753
69,peak_height,0.22533780336380005,0.21671633034944535,0.21807081252336502,0.031244603185997335,0.19281307980418205,0.2409590259194374,0.16579363346099854,0.2622361212968826,0.048145946115255356,0.09644248783588408,1.0,1.0,-0.008621473014354702,-0.007266990840435028,0.007266990840435028,5.2809155874966596e-05,0.6258234853518522,0.16388664367898156,3.8186362921538914,0.16799362245179753
69,cumulative_infected,5.306867168517783,5.508794192375554,5.432936395285651,0.7826613531533915,4.989067634916864,6.145990800927393,4.187725420622155,6.628376345394917,1.1569231660105288,2.440650924772762,1.0,1.0,0.2019270238577704,0.1260692267678678,0.1260692267678678,0.015893449937848077,0.6258234853518522,0.16388664367898156,3.8186362921538914,0.16799362245179753
69,early_growth_slope,0.0009636558797432215,0.0017834837246081883,0.0017032215920543027,0.002498441589285235,0.0002188286439160873,0.0033359255525976456,-0.00216954860599279,0.005872428549420353,0.003117096908681558,0.008041977155413143,1.0,1.0,0.0008198278448649668,0.0007395657123110812,0.0007395657123110812,5.469574428261969e-07,0.6258234853518522,0.16388664367898156,3.8186362921538914,0.16799362245179753
69,post_peak_decline_slope,-0.005421511580546703,-0.005770267028361558,-0.005317550711333755,0.0038048364558949466,-0.0075841839114824915,-0.00324031400183837,-0.011640110189716016,-0.0007017713785171602,0.0043438699096441215,0.010938338811198855,1.0,1.0,-0.0003487554478148547,0.00010396086921294831,0.00010396086921294831,1.0807862327511743e-08,0.6258234853518522,0.16388664367898156,3.8186362921538914,0.16799362245179753
69,late_phase_auc,3.7703924477100372,3.939891263078898,3.888884875923395,0.5672562444049605,3.53334241732955,4.361354181542993,2.979247048124671,4.795372195541859,0.8280117642134428,1.8161251474171878,1.0,1.0,0.1694988153688608,0.11849242821335793,0.11849242821335793,0.014040455543897781,0.6258234853518522,0.16388664367898156,3.8186362921538914,0.16799362245179753
69,time_to_half_peak_after_peak,11.0,13.29,13.0,4.229036234740426,10.75,17.0,7.0,21.0,6.25,14.0,1.0,1.0,2.289999999999999,2.0,2.0,4.0,0.6258234853518522,0.16388664367898156,3.8186362921538914,0.16799362245179753
69,late_to_early_mean_ratio,2.6624518642180357,2.739729061792064,2.692440008123347,0.3011718046810727,2.5130379439164052,2.907045733984803,2.335670114986592,3.2308932054539143,0.3940077900683976,0.8952230904673222,1.0,1.0,0.07727719757402829,0.029988143905311127,0.029988143905311127,0.0008992887748856489,0.6258234853518522,0.16388664367898156,3.8186362921538914,0.16799362245179753
70,peak_time,40.0,34.58,37.5,10.498850345912098,30.0,42.0,12.9,48.0,12.0,35.1,1.0,1.0,-5.420000000000002,-2.5,2.5,6.25,0.8754213937783283,0.3963770931325158,2.20855697502595,0.16345515300725894
70,peak_height,0.08562212437391281,0.08373439069837332,0.0770602822303772,0.02920604994265875,0.06492112949490547,0.09693166241049767,0.047663383185863495,0.14066233560442923,0.032010532915592194,0.09299895241856573,1.0,1.0,-0.001887733675539488,-0.008561842143535614,0.008561842143535614,7.330514089082252e-05,0.8754213937783283,0.3963770931325158,2.20855697502595,0.16345515300725894
70,cumulative_infected,1.8063294368912466,1.587445346249715,1.487719419747009,0.8322374186533341,0.8858904845892539,2.1013098966213875,0.5259100866154768,3.01196966052521,1.2154194120321336,2.4860595739097335,1.0,1.0,-0.2188840906415317,-0.31861001714423764,0.31861001714423764,0.10151234302465141,0.8754213937783283,0.3963770931325158,2.20855697502595,0.16345515300725894
70,early_growth_slope,0.002862946128256486,0.00044264930923115315,0.0005981913917431879,0.002286686057921556,-0.0010483614120554798,0.0022671548420129545,-0.00379563554805437,0.0037163953672418185,0.0033155162540684344,0.007512030915296189,0.0,1.0,-0.002420296819025333,-0.002264754736513298,0.002264754736513298,5.1291140165594184e-06,0.8754213937783283,0.3963770931325158,2.20855697502595,0.16345515300725894
70,post_peak_decline_slope,-0.002749605725208921,-0.005920741785054338,-0.003351883369032295,0.010051407214058486,-0.005814423260744666,-0.0014382135499978544,-0.02221860222285608,0.00036306104888873933,0.004376209710746812,0.02258166327174482,1.0,1.0,-0.0031711360598454166,-0.000602277643823374,0.000602277643823374,3.627383602494349e-07,0.8754213937783283,0.3963770931325158,2.20855697502595,0.16345515300725894
70,late_phase_auc,1.2653795862570405,1.0237652360681386,0.9286217444168869,0.646157871046484,0.5127317478763871,1.41392273735255,0.22855533040128648,2.0851840434595936,0.9011909894761629,1.8566287130583072,1.0,1.0,-0.24161435018890187,-0.33675784184015356,0.33675784184015356,0.11340584404083788,0.8754213937783283,0.3963770931325158,2.20855697502595,0.16345515300725894
70,time_to_half_peak_after_peak,2.0,2.54,1.0,2.471739255968345,1.0,3.0,1.0,8.0,2.0,7.0,1.0,1.0,0.54,-1.0,1.0,1.0,0.8754213937783283,0.3963770931325158,2.20855697502595,0.16345515300725894
70,late_to_early_mean_ratio,2.4943429762505076,1.7889156683324714,1.7474154777937083,0.7026467733470434,1.2699262384906544,2.2179667070311364,0.6681630651296684,2.809246452906404,0.948040468540482,2.1410833877767352,0.0,1.0,-0.7054273079180362,-0.7469274984567993,0.7469274984567993,0.557900687950932,0.8754213937783283,0.3963770931325158,2.20855697502595,0.16345515300725894
71,peak_time,38.0,42.07,42.0,3.534119409414459,39.75,45.0,36.0,47.0,5.25,11.0,0.0,1.0,4.07,4.0,4.0,16.0,0.3543213304237225,0.06538853020727937,5.418707673968755,0.25768988163236806
71,peak_height,0.415221631526947,0.3680668450891972,0.37034882605075836,0.03873015991206544,0.3530069962143898,0.3881000578403473,0.30123077183961866,0.4265131190419197,0.03509306162595749,0.12528234720230103,0.0,1.0,-0.04715478643774984,-0.04487280547618866,0.04487280547618866,0.002013568671303867,0.3543213304237225,0.06538853020727937,5.418707673968755,0.25768988163236806
71,cumulative_infected,10.236014757771045,8.675460778925771,8.759266046748962,1.202608658959566,7.931834040209651,9.438057832303457,6.890386478044093,10.532598461030284,1.506223792093806,3.6422119829861916,0.0,1.0,-1.5605539788452738,-1.4767487110220827,1.4767487110220827,2.1807867555053826,0.3543213304237225,0.06538853020727937,5.418707673968755,0.25768988163236806
71,early_growth_slope,-0.0016962414651754349,0.0021338177544112115,0.002428268866857425,0.0024610756972038767,0.00048643444842171144,0.003619263787792686,-0.0020170981259157285,0.006408222926297854,0.003132829339370974,0.008425321052213584,0.0,1.0,0.0038300592195866464,0.00412451033203286,0.00412451033203286,1.7011585479045813e-05,0.3543213304237225,0.06538853020727937,5.418707673968755,0.25768988163236806
71,post_peak_decline_slope,-0.01041946709156034,-0.008357852745978594,-0.006156116724014301,0.009928765582247942,-0.009486228121178483,-0.0029485143721103635,-0.022744712978601367,-0.0005767176051934589,0.00653771374906812,0.022167995373407908,0.0,1.0,0.0020616143455817453,0.004263350367546038,0.004263350367546038,1.8176156356454937e-05,0.3543213304237225,0.06538853020727937,5.418707673968755,0.25768988163236806
71,late_phase_auc,8.350552752614021,7.04924466798082,7.1226665414869785,0.9406377150734202,6.528599745593965,7.618008812889457,5.621870094910264,8.526508093252778,1.0894090672954917,2.9046379983425137,0.0,1.0,-1.3013080846332015,-1.2278862111270428,1.2278862111270428,1.5077045474759248,0.3543213304237225,0.06538853020727937,5.418707673968755,0.25768988163236806
71,time_to_half_peak_after_peak,11.0,6.93,7.0,3.534119409414459,4.0,9.25,2.0,13.0,5.25,11.0,0.0,1.0,-4.07,-4.0,4.0,16.0,0.3543213304237225,0.06538853020727937,5.418707673968755,0.25768988163236806
71,late_to_early_mean_ratio,4.878891769169211,4.772257990837935,4.807152464906562,0.42842088007421947,4.5162661807834645,5.06871834210918,4.077264393584227,5.457915570115104,0.5524521613257152,1.3806511765308773,1.0,1.0,-0.1066337783312763,-0.07173930426264974,0.07173930426264974,0.005146527776089035,0.3543213304237225,0.06538853020727937,5.418707673968755,0.25768988163236806
72,peak_time,16.0,18.99,19.0,5.8022896908518495,15.0,22.25,12.0,29.0,7.25,17.0,1.0,1.0,2.9899999999999984,3.0,3.0,9.0,0.7786284762138673,0.4637892547863957,1.678841129194498,0.7483018028658353
72,peak_height,0.08832745999097824,0.0839832665771246,0.08341078460216522,0.016186393689602997,0.07307264395058155,0.09443628042936325,0.06087872814387083,0.10756158381700515,0.0213636364787817,0.046682855673134314,1.0,1.0,-0.004344193413853642,-0.004916675388813019,0.004916675388813019,2.417369687895965e-05,0.7786284762138673,0.4637892547863957,1.678841129194498,0.7483018028658353
72,cumulative_infected,1.336285927798599,1.333398114276206,1.3380453813879285,0.20970491062778987,1.197756357025355,1.479306560177065,0.9975010512105655,1.652918337925803,0.28155020315170987,0.6554172867152375,1.0,1.0,-0.00288781352239309,0.001759453589329496,0.001759453589329496,3.095676933004447e-06,0.7786284762138673,0.4637892547863957,1.678841129194498,0.7483018028658353
72,early_growth_slope,0.0010422781841563332,0.0019771150314738324,0.0017585364722825557,0.0028939767618659834,0.0003736683755137385,0.004001272994736653,-0.002481879266062085,0.007065372238866982,0.0036276046192229142,0.009547251504929067,1.0,1.0,0.0009348368473174992,0.0007162582881262225,0.0007162582881262225,5.130259353095069e-07,0.7786284762138673,0.4637892547863957,1.678841129194498,0.7483018028658353
72,post_peak_decline_slope,0.0011075472148756075,-0.004411819489013096,-0.004605488386005165,0.0023633830790900355,-0.006054147491037538,-0.002875081744665906,-0.00825184713738658,-0.0005827957632330599,0.003179065746371632,0.0076690513741535194,0.0,0.0,-0.005519366703888703,-0.005713035600880772,0.005713035600880772,3.2638775776931127e-05,0.7786284762138673,0.4637892547863957,1.678841129194498,0.7483018028658353
72,late_phase_auc,0.34700534865260124,0.4240360684726329,0.43179176945704967,0.10539708494056785,0.34316107718041167,0.48734338524809573,0.27003690445126266,0.5970148153312037,0.14418230806768406,0.32697791087994105,1.0,1.0,0.07703071982003168,0.08478642080444843,0.08478642080444843,0.007188737152829005,0.7786284762138673,0.4637892547863957,1.678841129194498,0.7483018028658353
72,time_to_half_peak_after_peak,1.0,2.15,1.0,1.8982980149426885,1.0,2.0,1.0,6.049999999999997,1.0,5.049999999999997,1.0,1.0,1.15,0.0,0.0,0.0,0.7786284762138673,0.4637892547863957,1.678841129194498,0.7483018028658353
72,late_to_early_mean_ratio,0.3900719839948073,0.5233692222606346,0.4974125394838872,0.18817524642030706,0.38818280695683205,0.6304720025655778,0.2849468966845274,0.7992846527577683,0.24228919560874573,0.514337756073241,1.0,1.0,0.13329723826582734,0.10734055548907989,0.10734055548907989,0.01152199485270424,0.7786284762138673,0.4637892547863957,1.678841129194498,0.7483018028658353
73,peak_time,0.0,20.31,17.0,15.09076578975408,7.0,32.0,1.0,46.0,25.0,45.0,0.0,0.0,20.31,17.0,17.0,289.0,0.2265160777470478,0.2981741593656002,0.7596770901576004,0.48838227306004844
73,peak_height,0.030158521607518196,0.04913695091381669,0.04706775024533272,0.011009192946421444,0.04174442309886217,0.05333919916301966,0.035138013772666454,0.07320894934237003,0.011594776064157486,0.038070935569703576,0.0,0.0,0.01897842930629849,0.016909228637814522,0.016909228637814522,0.00028592201312588675,0.2265160777470478,0.2981741593656002,0.7596770901576004,0.48838227306004844
73,cumulative_infected,0.2897729795258783,0.4899684976810522,0.45763214702310506,0.16437406550325848,0.39112130417561275,0.5449661662370318,0.3053710062697064,0.8065616561114438,0.153844862061419,0.5011906498417373,0.0,0.0,0.2001955181551739,0.16785916749722674,0.16785916749722674,0.02817670011286202,0.2265160777470478,0.2981741593656002,0.7596770901576004,0.48838227306004844
73,early_growth_slope,-0.0029446761112748845,-7.035036919010025e-06,0.00012420011937917672,0.0019065781549781943,-0.0013579456987957068,0.0014619888837235828,-0.003083906668204385,0.0028500620648542045,0.0028199345825192894,0.005933968733058589,0.0,1.0,0.0029376410743558743,0.0030688762306540613,0.0030688762306540613,9.418001319073479e-06,0.2265160777470478,0.2981741593656002,0.7596770901576004,0.48838227306004844
73,post_peak_decline_slope,-0.002756017989789448,-0.003150970594877954,-0.0026997234866333515,0.0031986237409141025,-0.0036907277991607163,-0.00158861983800307,-0.006842649479707079,0.0,0.0021021079611576463,0.006842649479707079,1.0,1.0,-0.0003949526050885063,5.629450315609635e-05,5.629450315609635e-05,3.169071085591742e-09,0.2265160777470478,0.2981741593656002,0.7596770901576004,0.48838227306004844
73,late_phase_auc,0.0872564986202633,0.22868880561589322,0.20490246728877537,0.11013003200009396,0.16389650161727332,0.2591227179946145,0.10822347273133347,0.4101472794776782,0.09522621637734119,0.3019238067463447,0.0,0.0,0.14143230699562992,0.11764596866851207,0.11764596866851207,0.013840573943952524,0.2265160777470478,0.2981741593656002,0.7596770901576004,0.48838227306004844
73,time_to_half_peak_after_peak,2.0,1.16,1.0,0.6774879327264057,1.0,1.0,1.0,2.0,0.0,1.0,0.0,1.0,-0.8400000000000001,-1.0,1.0,1.0,0.2265160777470478,0.2981741593656002,0.7596770901576004,0.48838227306004844
73,late_to_early_mean_ratio,0.4010023251568207,0.9500135235715481,0.8800097122504429,0.40399435131883965,0.6763748938165727,1.1552966135006437,0.4310069341047981,1.7282901468144591,0.47892171968407105,1.297283212709661,0.0,0.0,0.5490111984147275,0.4790073870936222,0.4790073870936222,0.2294480768902592,0.2265160777470478,0.2981741593656002,0.7596770901576004,0.48838227306004844
74,peak_time,34.0,22.46,21.5,14.39866716615174,11.75,33.0,1.0,47.05,21.25,46.05,0.0,1.0,-11.54,-12.5,12.5,156.25,0.1339396253054035,0.22905440706409586,0.5847502653285489,0.7430107949324866
74,peak_height,0.06428556889295578,0.050129384864121676,0.049744151532649994,0.01069205472724713,0.04232905153185129,0.055259368382394314,0.03434797320514917,0.06640980876982212,0.012930316850543022,0.03206183556467295,0.0,1.0,-0.014156184028834104,-0.014541417360305786,0.014541417360305786,0.0002114528188466025,0.1339396253054035,0.22905440706409586,0.5847502653285489,0.7430107949324866
74,cumulative_infected,0.45278559697180754,0.5369014756804973,0.5084878368652426,0.1758276129588317,0.40524371816718485,0.61570105728606,0.30541822649392997,0.903702942621021,0.2104573391188751,0.598284716127091,1.0,1.0,0.08411587870868975,0.055702239893435035,0.055702239893435035,0.0031027395291457855,0.1339396253054035,0.22905440706409586,0.5847502653285489,0.7430107949324866
74,early_growth_slope,-0.0017646620205293078,-0.0003992175438404603,-0.0004563657123418073,0.0021681026092966876,-0.0015788918838855644,0.001055091242527678,-0.004180702667716622,0.0030860682159462673,0.002633983126413242,0.00726677088366289,0.0,1.0,0.0013654444766888476,0.0013082963081875005,0.0013082963081875005,1.7116392300170432e-06,0.1339396253054035,0.22905440706409586,0.5847502653285489,0.7430107949324866
74,post_peak_decline_slope,-0.00456019146367908,-0.0045085028757727835,-0.002767273552793389,0.00846587789167746,-0.003774648622493257,-0.00158246398121784,-0.01257036441355013,-0.00021534786093981218,0.002192184641275417,0.012355016552610319,0.0,1.0,5.1688587906296816e-05,0.0017929179108856913,0.0017929179108856913,3.2145546351747115e-06,0.1339396253054035,0.22905440706409586,0.5847502653285489,0.7430107949324866
74,late_phase_auc,0.1489333182325936,0.23893730124858847,0.21757478959625587,0.09277404975099211,0.1814324735023547,0.26842620108800475,0.13319168877060292,0.3907033741706982,0.08699372758565005,0.2575116854000953,0.0,1.0,0.09000398301599488,0.06864147136366228,0.06864147136366228,0.0047116515909684685,0.1339396253054035,0.22905440706409586,0.5847502653285489,0.7430107949324866
74,time_to_half_peak_after_peak,1.0,1.15,1.0,0.5,1.0,1.0,1.0,2.0,0.0,1.0,1.0,1.0,0.1499999999999999,0.0,0.0,0.0,0.1339396253054035,0.22905440706409586,0.5847502653285489,0.7430107949324866
74,late_to_early_mean_ratio,0.5928649928119455,0.8903634224387492,0.8391830779847624,0.3448162893125234,0.6329910350447361,1.0382790445508536,0.4985154486450928,1.4996429783364784,0.40528800950611754,1.0011275296913857,0.0,1.0,0.29749842962680373,0.24631808517281695,0.24631808517281695,0.060672599083203105,0.1339396253054035,0.22905440706409586,0.5847502653285489,0.7430107949324866
75,peak_time,15.0,16.05,16.0,1.9816073467686974,15.0,17.0,13.0,20.0,2.0,7.0,1.0,1.0,1.0500000000000007,1.0,1.0,1.0,0.8837552333949886,0.3423941073268198,2.5811052657849403,0.6709418192398394
75,peak_height,0.20436789095401764,0.17150435402989386,0.1714182049036026,0.01440589135167221,0.16061082482337952,0.1795537769794464,0.14568423703312874,0.19710683152079583,0.018942952156066895,0.05142259448766709,0.0,0.0,-0.032863536924123776,-0.03294968605041504,0.03294968605041504,0.0010856818108209154,0.8837552333949886,0.3423941073268198,2.5811052657849403,0.6709418192398394
75,cumulative_infected,2.8026399804221,2.7834837030283417,2.7657028632529546,0.16139108891929482,2.6849778832984157,2.8886632766370894,2.529936127451947,3.038961535814451,0.20368539333867375,0.5090254083625041,1.0,1.0,-0.01915627739375836,-0.036937117169145495,0.036937117169145495,0.001364350624767183,0.8837552333949886,0.3423941073268198,2.5811052657849403,0.6709418192398394
75,early_growth_slope,0.004684264638594218,0.0058910434927249644,0.006268335565913557,0.0026968919690041155,0.004528113119747667,0.007839446287280658,0.0013746347232719415,0.009279082851883553,0.0033113331675329906,0.00790444812861161,1.0,1.0,0.0012067788541307465,0.0015840709273193393,0.0015840709273193393,2.5092807027783516e-06,0.8837552333949886,0.3423941073268198,2.5811052657849403,0.6709418192398394
75,post_peak_decline_slope,-0.014165515949328737,-0.009720278844858208,-0.010049923943976555,0.0030084526947870708,-0.011785874251897144,-0.007556229790983099,-0.014488787287846205,-0.00474522211278478,0.004229644460914045,0.009743565175061425,0.0,1.0,0.004445237104470529,0.004115592005352182,0.004115592005352182,1.6938097554518794e-05,0.8837552333949886,0.3423941073268198,2.5811052657849403,0.6709418192398394
75,late_phase_auc,0.44337279404862784,0.5372912148685464,0.5286411526612937,0.09242061518614851,0.4613185185007751,0.6118957959697582,0.399426821002271,0.6799248037874349,0.15057727746898308,0.2804979827851639,0.0,1.0,0.09391842081991852,0.0852683586126659,0.0852683586126659,0.007270692980498196,0.8837552333949886,0.3423941073268198,2.5811052657849403,0.6709418192398394
75,time_to_half_peak_after_peak,8.0,7.03,7.0,2.27171896825005,5.0,9.0,4.0,10.049999999999997,4.0,6.049999999999997,1.0,1.0,-0.9699999999999998,-1.0,1.0,1.0,0.8837552333949886,0.3423941073268198,2.5811052657849403,0.6709418192398394
75,late_to_early_mean_ratio,0.21537744515702228,0.26147829612843065,0.25945097058335254,0.046499194317512024,0.22257409783132512,0.29767836293413996,0.19201470675876212,0.334912577066196,0.07510426510281484,0.14289787030743387,0.0,1.0,0.04610085097140837,0.04407352542633025,0.04407352542633025,0.0019424756435053791,0.8837552333949886,0.3423941073268198,2.5811052657849403,0.6709418192398394
76,peak_time,16.0,21.53,20.0,15.132715913182635,9.75,34.5,1.0,46.099999999999994,24.75,45.099999999999994,1.0,1.0,5.530000000000001,4.0,4.0,16.0,0.34589702627104435,0.41156801759521217,0.8404370881200081,0.2253176532613471
76,peak_height,0.04783518984913826,0.04965816702693701,0.048177702352404594,0.009881797953743741,0.04256270546466112,0.05654972046613693,0.03500288911163807,0.06727329902350902,0.013987015001475811,0.032270409911870954,1.0,1.0,0.0018229771777987513,0.00034251250326633453,0.00034251250326633453,1.1731481489377082e-07,0.34589702627104435,0.41156801759521217,0.8404370881200081,0.2253176532613471
76,cumulative_infected,0.3862051561009139,0.5129909815848225,0.48372498640674166,0.18909040124095935,0.39934694266412407,0.5681139315602195,0.3005239310932666,0.7904607447329907,0.16876698889609543,0.4899368136397241,0.0,1.0,0.1267858254839086,0.09751983030582778,0.09751983030582778,0.009510117302877447,0.34589702627104435,0.41156801759521217,0.8404370881200081,0.2253176532613471
76,early_growth_slope,-0.0004916704742104878,-0.0003986345544360242,-0.0004274418294828909,0.002124001313667542,-0.0018861381630856711,0.0010857550334462537,-0.003801156166619396,0.003361048071556502,0.002971893196531925,0.007162204238175898,1.0,1.0,9.303591977446356e-05,6.422864472759688e-05,6.422864472759688e-05,4.125318803543859e-09,0.34589702627104435,0.41156801759521217,0.8404370881200081,0.2253176532613471
76,post_peak_decline_slope,-0.003461411773848038,-0.004455724844006823,-0.003073677754119199,0.007687630414054523,-0.004506530324579218,-0.0018093024695796578,-0.00800445540109651,-0.00021960563356213396,0.00269722785499956,0.007784849767534377,1.0,1.0,-0.0009943130701587852,0.00038773401972883904,0.00038773401972883904,1.5033767005508374e-07,0.34589702627104435,0.41156801759521217,0.8404370881200081,0.2253176532613471
76,late_phase_auc,0.14582016691565514,0.22643250952021846,0.2039079288369976,0.11267867663102525,0.1620818580267951,0.2602804805501364,0.1160435317462543,0.37474427868583,0.09819862252334133,0.2587007469395757,0.0,1.0,0.08061234260456332,0.05808776192134246,0.05808776192134246,0.0033741880850305635,0.34589702627104435,0.41156801759521217,0.8404370881200081,0.2253176532613471
76,time_to_half_peak_after_peak,1.0,1.22,1.0,0.7327821620165825,1.0,1.0,1.0,2.049999999999997,0.0,1.0499999999999972,1.0,1.0,0.21999999999999997,0.0,0.0,0.0,0.34589702627104435,0.41156801759521217,0.8404370881200081,0.2253176532613471
76,late_to_early_mean_ratio,0.6259694735713883,0.8528061535084277,0.7821958853761207,0.3212729105881128,0.5775828959712448,1.049598722805152,0.4503334113656952,1.5194825518158985,0.4720158268339072,1.0691491404502034,1.0,1.0,0.22683667993703938,0.1562264118047324,0.1562264118047324,0.02440669174538183,0.34589702627104435,0.41156801759521217,0.8404370881200081,0.2253176532613471
77,peak_time,35.0,34.16,34.0,3.5836892000881275,32.0,37.0,29.0,40.05,5.0,11.049999999999997,1.0,1.0,-0.8400000000000034,-1.0,1.0,1.0,0.33715686116769167,0.11698283539278781,2.8821053963655077,0.5312335315028842
77,peak_height,0.270012766122818,0.25233034014701844,0.24767156690359116,0.03467538164303904,0.22488288953900337,0.27727241814136505,0.20670904070138932,0.31140793710947035,0.05238952860236168,0.10469889640808103,1.0,1.0,-0.017682425975799554,-0.022341199219226837,0.022341199219226837,0.0004991291825531818,0.33715686116769167,0.11698283539278781,2.8821053963655077,0.5312335315028842
77,cumulative_infected,6.4056112471735105,6.496525903662696,6.425593520747498,0.8992741645609036,5.807601374341175,7.076474361937471,5.2527715668082235,8.08295862057712,1.2688729875962963,2.8301870537688965,1.0,1.0,0.0909146564891854,0.019982273573987186,0.019982273573987186,0.0003992912571856666,0.33715686116769167,0.11698283539278781,2.8821053963655077,0.5312335315028842
77,early_growth_slope,0.0037909688696908268,0.0020451348710944983,0.0020348082460779028,0.002495857334461244,0.0005774074809215528,0.0033671533480325406,-0.0018532126376937532,0.006711029288791386,0.0027897458671109878,0.008564241926485139,0.0,1.0,-0.0017458339985963285,-0.001756160623612924,0.001756160623612924,3.084100135928534e-06,0.33715686116769167,0.11698283539278781,2.8821053963655077,0.5312335315028842
77,post_peak_decline_slope,-0.01437705953915916,-0.005658136411436969,-0.005541610593597094,0.0035310942560567537,-0.00870357130964596,-0.002976942062377931,-0.012221298776566974,-0.0003237032766143515,0.005726629247268029,0.011897595499952623,0.0,0.0,0.00871892312772219,0.008835448945562065,0.008835448945562065,7.806515806963382e-05,0.33715686116769167,0.11698283539278781,2.8821053963655077,0.5312335315028842
77,late_phase_auc,4.628601111471653,4.749876763336361,4.69476879760623,0.6442613957092137,4.266601283103228,5.193775048479438,3.9355322759598494,5.797978907823563,0.9271737653762102,1.8624466318637132,1.0,1.0,0.12127565186470779,0.0661676861345768,0.0661676861345768,0.004378162688403867,0.33715686116769167,0.11698283539278781,2.8821053963655077,0.5312335315028842
77,time_to_half_peak_after_peak,7.0,14.1,14.5,3.5915163787723285,11.75,17.0,8.0,20.0,5.25,12.0,0.0,0.0,7.1,7.5,7.5,56.25,0.33715686116769167,0.11698283539278781,2.8821053963655077,0.5312335315028842
77,late_to_early_mean_ratio,2.82974824717672,2.985013393156093,2.9663100054798557,0.32614514836950154,2.801189735196903,3.1494738933424085,2.4704500580923265,3.5276946292757594,0.3482841581455056,1.0572445711834328,1.0,1.0,0.15526514597937302,0.13656175830313577,0.13656175830313577,0.018649113830844073,0.33715686116769167,0.11698283539278781,2.8821053963655077,0.5312335315028842
78,peak_time,16.0,16.53,16.0,1.3215769582455865,16.0,17.0,15.0,19.0,1.0,4.0,1.0,1.0,0.5300000000000011,0.0,0.0,0.0,0.848939365224746,0.13017671114676466,6.521438110904717,0.44414566246945175
78,peak_height,0.4363788068294525,0.3980896744132042,0.40020225942134857,0.021120649490096552,0.38262446224689484,0.41161174327135086,0.36488876640796664,0.4323334440588951,0.028987281024456024,0.06744467765092849,0.0,0.0,-0.03828913241624832,-0.03617654740810394,0.03617654740810394,0.001308742582370792,0.848939365224746,0.13017671114676466,6.521438110904717,0.44414566246945175
78,cumulative_infected,7.781808524392545,7.530265089944878,7.531814525602385,0.3136003905204868,7.325255543575622,7.772775015095249,7.078559156146366,8.048252580082044,0.4475194715196267,0.969693423935678,0.0,1.0,-0.251543434447667,-0.24999399879015982,0.24999399879015982,0.06249699943109443,0.848939365224746,0.13017671114676466,6.521438110904717,0.44414566246945175
78,early_growth_slope,0.009990657712998135,0.01140968014113674,0.011375481273890247,0.002821324030674934,0.009596166655509953,0.013277930634406703,0.006764510015325089,0.016308443998319228,0.0036817639788967495,0.009543933982994138,1.0,1.0,0.0014190224281386051,0.0013848235608921126,0.0013848235608921126,1.9177362948019107e-06,0.848939365224746,0.13017671114676466,6.521438110904717,0.44414566246945175
78,post_peak_decline_slope,-0.018155132234096504,-0.01878127485762039,-0.01932253700991471,0.004417573028007527,-0.021992475042740503,-0.015899114434917747,-0.02547656937191879,-0.011969638938705137,0.0060933606078227565,0.013506930433213651,1.0,1.0,-0.000626142623523885,-0.0011674047758182052,0.0011674047758182052,1.3628339106031538e-06,0.848939365224746,0.13017671114676466,6.521438110904717,0.44414566246945175
78,late_phase_auc,1.9649345967918634,2.0373423816633296,2.035133356344886,0.17739245042968485,1.9165078672813252,2.169734702911228,1.7614855397026985,2.3402373020689993,0.2532268356299028,0.5787517623663008,1.0,1.0,0.07240778487146615,0.07019875955302268,0.07019875955302268,0.004927865842783093,0.848939365224746,0.13017671114676466,6.521438110904717,0.44414566246945175
78,time_to_half_peak_after_peak,10.0,10.28,10.0,1.5959544815159068,9.0,11.0,7.95,13.0,2.0,5.05,1.0,1.0,0.27999999999999936,0.0,0.0,0.0,0.848939365224746,0.13017671114676466,6.521438110904717,0.44414566246945175
78,late_to_early_mean_ratio,0.36955000453848763,0.40223117133913006,0.3978730717334301,0.03585131199782196,0.3841327715242474,0.42425587334722115,0.34770376139671194,0.46163245060748836,0.04012310182297374,0.11392868921077642,0.0,1.0,0.032681166800642425,0.028323067194942486,0.028323067194942486,0.0008021961353292272,0.848939365224746,0.13017671114676466,6.521438110904717,0.44414566246945175
79,peak_time,20.0,20.13,20.0,12.890098776372758,8.75,29.0,1.0,44.0,20.25,43.0,1.0,1.0,0.129999999999999,0.0,0.0,0.0,0.36451722413475474,0.3089766931012173,1.1797563773373125,0.3705626148261636
79,peak_height,0.06450934708118439,0.06076951127499342,0.05762895196676254,0.018006043443740887,0.047597408294677734,0.06934631429612637,0.040546208061277865,0.09360145777463912,0.02174890600144863,0.05305524971336125,1.0,1.0,-0.003739835806190965,-0.0068803951144218445,0.0068803951144218445,4.7339836930559986e-05,0.36451722413475474,0.3089766931012173,1.1797563773373125,0.3705626148261636
79,cumulative_infected,1.0005606365157291,0.853388082563979,0.726736203476321,0.4350204086852694,0.548379965888671,1.045332766865613,0.4252833115799149,1.636810032150242,0.49695280097694194,1.211526720570327,1.0,1.0,-0.1471725539517501,-0.2738244330394082,0.2738244330394082,0.07497982012935334,0.36451722413475474,0.3089766931012173,1.1797563773373125,0.3705626148261636
79,early_growth_slope,0.003448332970341047,0.0004506193153273288,0.0005148458239134588,0.002711464981215989,-0.0015833261042557515,0.002368263742287776,-0.003734856562888513,0.004733314833165854,0.003951589846543528,0.008468171396054366,0.0,1.0,-0.002997713655013718,-0.002933487146427588,0.002933487146427588,8.605346838255875e-06,0.36451722413475474,0.3089766931012173,1.1797563773373125,0.3705626148261636
79,post_peak_decline_slope,-0.003757665880645311,-0.003488303205921384,-0.0033622615912463553,0.0025506860771442753,-0.004543467467495547,-0.002009190189952886,-0.008247401915335415,0.00023787899874150688,0.0025342772775426613,0.008485280914076921,1.0,1.0,0.0002693626747239269,0.00039540428939895556,0.00039540428939895556,1.56344552075093e-07,0.36451722413475474,0.3089766931012173,1.1797563773373125,0.3705626148261636
79,late_phase_auc,0.49672310648020357,0.37893960874520416,0.292533888889011,0.2605582731919156,0.22882855391071644,0.46383992553455755,0.1398097392568161,0.8229954902315509,0.23501137162384111,0.6831857509747348,0.0,1.0,-0.11778349773499941,-0.20418921759119257,0.20418921759119257,0.04169323658050339,0.36451722413475474,0.3089766931012173,1.1797563773373125,0.3705626148261636
79,time_to_half_peak_after_peak,1.0,1.69,1.0,1.7214921880552794,1.0,2.0,1.0,5.0,1.0,4.0,1.0,1.0,0.69,0.0,0.0,0.0,0.36451722413475474,0.3089766931012173,1.1797563773373125,0.3705626148261636
79,late_to_early_mean_ratio,0.9925309344762249,0.8609096907770555,0.751074687346372,0.42978763403115633,0.6123227337697684,1.054036566265756,0.3705925594199295,1.5037561784799847,0.4417138324959876,1.1331636190600551,1.0,1.0,-0.1316212436991694,-0.24145624712985292,0.24145624712985292,0.05830111927803261,0.36451722413475474,0.3089766931012173,1.1797563773373125,0.3705626148261636
80,peak_time,31.0,24.18,22.5,15.200598074358187,11.75,39.0,0.9500000000000002,47.0,27.25,46.05,1.0,1.0,-6.82,-8.5,8.5,72.25,0.2471041151882863,0.4512701366403208,0.5475747121845058,0.2348834790507754
80,peak_height,0.04270663484930992,0.05118234358727932,0.04927838779985905,0.015275548079230225,0.04046198632568121,0.05687768291682005,0.03306057043373585,0.07204257324337957,0.01641569659113884,0.038982002809643715,1.0,1.0,0.0084757087379694,0.006571752950549126,0.006571752950549126,4.318793684305114e-05,0.2471041151882863,0.4512701366403208,0.5475747121845058,0.2348834790507754
80,cumulative_infected,0.3417416757438332,0.5391739441328149,0.449689148896141,0.27843904242794687,0.40039604830599274,0.561914504833112,0.31218074054268075,1.115910402208101,0.16151845652711927,0.8037296616654203,0.0,1.0,0.19743226838898176,0.1079474731523078,0.1079474731523078,0.011652656959968212,0.2471041151882863,0.4512701366403208,0.5475747121845058,0.2348834790507754
80,early_growth_slope,-0.0026364850540024514,-0.0004719432530535925,-0.00043905149712892416,0.0020185811984938,-0.001625552751994248,0.0005402796279148397,-0.004020167070779104,0.002678657125129357,0.0021658323799090876,0.00669882419590846,0.0,1.0,0.0021645418009488587,0.0021974335568735273,0.0021974335568735273,4.828714236873841e-06,0.2471041151882863,0.4512701366403208,0.5475747121845058,0.2348834790507754
80,post_peak_decline_slope,-0.0016015735202624206,-0.004466559301801506,-0.002938458325418952,0.0063788426286180856,-0.004349003771009545,-0.0018726154521573328,-0.019129407126456485,-2.6922740507885063e-05,0.0024763883188522124,0.0191024843859486,0.0,1.0,-0.002864985781539085,-0.0013368848051565313,0.0013368848051565313,1.7872609822584166e-06,0.2471041151882863,0.4512701366403208,0.5475747121845058,0.2348834790507754
80,late_phase_auc,0.25572636496508494,0.25982904540966045,0.19788484633318149,0.20628259851717828,0.15119568647060078,0.2705721241218271,0.11466408215710544,0.7370349075645207,0.1193764376512263,0.6223708254074153,1.0,1.0,0.004102680444575513,-0.057841518631903455,0.057841518631903455,0.0033456412776448345,0.2471041151882863,0.4512701366403208,0.5475747121845058,0.2348834790507754
80,time_to_half_peak_after_peak,1.0,1.17,1.0,0.4934930126509934,1.0,1.0,1.0,2.0,0.0,1.0,1.0,1.0,0.16999999999999993,0.0,0.0,0.0,0.2471041151882863,0.4512701366403208,0.5475747121845058,0.2348834790507754
80,late_to_early_mean_ratio,2.4807347568559655,0.9677663774561276,0.8630098133948789,0.501944018887566,0.6136156505365205,1.056843541638135,0.43251945484359144,1.974377828904769,0.44322789110161454,1.5418583740611775,0.0,0.0,-1.5129683793998379,-1.6177249434610865,1.6177249434610865,2.6170339926961756,0.2471041151882863,0.4512701366403208,0.5475747121845058,0.2348834790507754
81,peak_time,16.0,21.99,20.5,16.773292262800805,5.0,36.5,0.9500000000000002,48.05,31.5,47.099999999999994,1.0,1.0,5.989999999999998,4.5,4.5,20.25,0.37747002616762304,0.48810615927015416,0.7733359208825372,0.20270720672305378
81,peak_height,0.030673591420054436,0.05240572402253747,0.05057794041931629,0.014517385479646809,0.042201035656034946,0.05970132816582918,0.03688799608498812,0.07363577745854855,0.017500292509794235,0.036747781373560426,0.0,0.0,0.021732132602483037,0.019904348999261856,0.019904348999261856,0.00039618310908441645,0.37747002616762304,0.48810615927015416,0.7733359208825372,0.20270720672305378
81,cumulative_infected,0.41515503206755966,0.5637703610454445,0.4872254308575066,0.3186863412522212,0.40524802678555716,0.5689919071810436,0.3200664932046493,1.1594326394202652,0.16374388039548649,0.8393661462156159,1.0,1.0,0.14861532897788488,0.07207039878994692,0.07207039878994692,0.005194142381741982,0.37747002616762304,0.48810615927015416,0.7733359208825372,0.20270720672305378
81,early_growth_slope,-5.1592462807006114e-05,-0.00039764154064912455,-0.00045406095575474737,0.00231186831218589,-0.002085916609281583,0.0013701806922091194,-0.0040851545960148995,0.0031979065393984672,0.003456097301490702,0.007283061135413367,1.0,1.0,-0.00034604907784211846,-0.00040246849294774123,0.00040246849294774123,1.6198088781562604e-07,0.37747002616762304,0.48810615927015416,0.7733359208825372,0.20270720672305378
81,post_peak_decline_slope,-0.002647537435404956,-0.003989557922304466,-0.0032591861362258616,0.0061977436571206655,-0.004286309474749337,-0.0023283598226650323,-0.0076004153402755,0.0,0.001957949652084305,0.0076004153402755,1.0,1.0,-0.0013420204868995096,-0.0006116487008209054,0.0006116487008209054,3.741141332159015e-07,0.37747002616762304,0.48810615927015416,0.7733359208825372,0.20270720672305378
81,late_phase_auc,0.19518450007308275,0.2688785914399864,0.2213040500646457,0.19912342810935213,0.16759923787321895,0.2776233639451675,0.12149044117795711,0.6586673653859177,0.11002412607194856,0.5371769242079606,1.0,1.0,0.07369409136690364,0.026119549991562963,0.026119549991562963,0.0006822308917617567,0.37747002616762304,0.48810615927015416,0.7733359208825372,0.20270720672305378
81,time_to_half_peak_after_peak,1.0,1.21,1.0,1.0079983164969106,1.0,1.0,0.9500000000000002,2.049999999999997,0.0,1.099999999999997,1.0,1.0,0.20999999999999996,0.0,0.0,0.0,0.37747002616762304,0.48810615927015416,0.7733359208825372,0.20270720672305378
81,late_to_early_mean_ratio,1.031266439774149,0.9570830988385819,0.8187077318504099,0.4643848008210787,0.6467166038999884,1.1526535096303372,0.4497403357058083,1.8027394111516317,0.5059369057303488,1.3529990754458234,1.0,1.0,-0.074183340935567,-0.212558707923739,0.212558707923739,0.045181204314209376,0.37747002616762304,0.48810615927015416,0.7733359208825372,0.20270720672305378
82,peak_time,32.0,21.64,22.0,15.306643437845326,6.75,33.25,1.0,46.05,26.5,45.05,1.0,1.0,-10.36,-10.0,10.0,100.0,0.22265528697835635,0.3661446511953632,0.6081074412843315,0.161066916657381
82,peak_height,0.05053986608982086,0.05043507996946573,0.04996800050139427,0.009212347307146285,0.04368111118674278,0.055975726805627346,0.03621085062623024,0.06710222736001015,0.012294615618884563,0.03089137673377991,1.0,1.0,-0.00010478612035513118,-0.00057186558842659,0.00057186558842659,3.2703025122649e-07,0.22265528697835635,0.3661446511953632,0.6081074412843315,0.161066916657381
82,cumulative_infected,0.47372159138467396,0.5127228622645998,0.4856775669468334,0.14313301136201412,0.4345147213607561,0.549155478583998,0.3351339945831569,0.7809711892739869,0.11464075722324196,0.44583719469083,1.0,1.0,0.03900127087992589,0.011955975562159438,0.011955975562159438,0.0001429453516429537,0.22265528697835635,0.3661446511953632,0.6081074412843315,0.161066916657381
82,early_growth_slope,-0.004705729827816996,-0.0004832398204252093,-0.0002481285451462344,0.002281277528011885,-0.0020822448402343843,0.001065822121398967,-0.004306639236996744,0.003349925563781566,0.0031480669616333512,0.00765656480077831,0.0,0.0,0.004222490007391787,0.004457601282670762,0.004457601282670762,1.9870209195268023e-05,0.22265528697835635,0.3661446511953632,0.6081074412843315,0.161066916657381
82,post_peak_decline_slope,-0.004123159214699018,-0.004271829664307699,-0.0032987534611796368,0.006621618946295426,-0.003925817475343747,-0.001974140820675534,-0.009801851944066476,-0.0002580301191968168,0.0019516766546682127,0.00954382182486966,0.0,1.0,-0.00014867044960868107,0.0008244057535193808,0.0008244057535193808,6.796448464358581e-07,0.22265528697835635,0.3661446511953632,0.6081074412843315,0.161066916657381
82,late_phase_auc,0.21988554392009974,0.23497811779723635,0.2303384549159091,0.08578899850319723,0.1815172044443898,0.26300152197654825,0.13705060692445842,0.4020520316553302,0.08148431753215846,0.2650014247308718,1.0,1.0,0.015092573877136611,0.010452910995809361,0.010452910995809361,0.00010926334828631225,0.22265528697835635,0.3661446511953632,0.6081074412843315,0.161066916657381
82,time_to_half_peak_after_peak,1.0,1.16,1.0,0.506921785850339,1.0,1.0,1.0,2.0,0.0,1.0,1.0,1.0,0.15999999999999992,0.0,0.0,0.0,0.22265528697835635,0.3661446511953632,0.6081074412843315,0.161066916657381
82,late_to_early_mean_ratio,0.7914899120305866,0.961045655315423,0.8723603067115677,0.535877277548355,0.6910810244931105,1.1443721996096219,0.4611432236841896,1.5761975762841223,0.4532911751165114,1.1150543525999326,1.0,1.0,0.16955574328483636,0.08087039468098112,0.08087039468098112,0.006540020735857659,0.22265528697835635,0.3661446511953632,0.6081074412843315,0.161066916657381
83,peak_time,40.0,30.47,30.0,6.233592605205827,26.0,35.0,21.0,42.0,9.0,21.0,0.0,1.0,-9.530000000000001,-10.0,10.0,100.0,0.55610471173518,0.27181820527559114,2.0458700003973473,0.2928945962361764
83,peak_height,0.1280226707458496,0.10530651949346065,0.10248371586203575,0.02333871395515236,0.08777845650911331,0.12088398076593876,0.07448220960795879,0.1418798394501209,0.03310552425682545,0.0673976298421621,0.0,1.0,-0.02271615125238896,-0.025538954883813858,0.025538954883813858,0.0006522382165574797,0.55610471173518,0.27181820527559114,2.0458700003973473,0.2928945962361764
83,cumulative_infected,2.349392120668199,2.339673703897715,2.2825084306823555,0.6887038999135224,1.862400286947377,2.787784777698107,1.3525232814019545,3.4156933772377664,0.92538449075073,2.0631700958358117,1.0,1.0,-0.009718416770483795,-0.06688368998584338,0.06688368998584338,0.004473427986122405,0.55610471173518,0.27181820527559114,2.0458700003973473,0.2928945962361764
83,early_growth_slope,-0.004216312078781246,0.0013203046915302929,0.001345618908609529,0.002309698198986341,-0.00027136501046784434,0.0028751068318905748,-0.002252530938286716,0.004585418978794698,0.003146471842358419,0.006837949917081414,0.0,0.0,0.005536616770311539,0.005561930987390775,0.005561930987390775,3.0935076308497716e-05,0.55610471173518,0.27181820527559114,2.0458700003973473,0.2928945962361764
83,post_peak_decline_slope,-0.008761435126264892,-0.003587345365591493,-0.003586424980312579,0.0028061020650971425,-0.005498804741849509,-0.0016195464879274416,-0.009062463565108701,0.0007432496345912487,0.0038792582539220674,0.00980571319969995,0.0,1.0,0.005174089760673399,0.0051750101459523135,0.0051750101459523135,2.6780730010709384e-05,0.55610471173518,0.27181820527559114,2.0458700003973473,0.2928945962361764
83,late_phase_auc,1.5659488392993808,1.4490635630003816,1.3922523178625852,0.48678525068235223,1.1273470123996958,1.6914198519662023,0.6844698356289882,2.2631065678782756,0.5640728395665064,1.5786367322492874,1.0,1.0,-0.11688527629899914,-0.1736965214367956,0.1736965214367956,0.030170481559243192,0.55610471173518,0.27181820527559114,2.0458700003973473,0.2928945962361764
83,time_to_half_peak_after_peak,1.0,4.67,3.0,4.397095000616253,1.0,7.0,1.0,15.049999999999997,6.0,14.049999999999997,1.0,1.0,3.67,2.0,2.0,4.0,0.55610471173518,0.27181820527559114,2.0458700003973473,0.2928945962361764
83,late_to_early_mean_ratio,2.0142625266158194,1.7282409825084895,1.7064903803395837,0.3537082079937254,1.5177879538677643,1.9046531056398435,1.1435637161641692,2.3549893382815337,0.38686515177207914,1.2114256221173645,0.0,1.0,-0.28602154410732994,-0.3077721462762357,0.3077721462762357,0.09472369402348065,0.55610471173518,0.27181820527559114,2.0458700003973473,0.2928945962361764
84,peak_time,13.0,17.65,18.0,3.499999999999999,15.0,20.0,11.95,23.0,5.0,11.05,0.0,1.0,4.649999999999999,5.0,5.0,25.0,0.8241617904022283,0.43372598947273916,1.9001900056856726,0.6446076457374229
84,peak_height,0.11523498594760895,0.1073662655800581,0.10785913839936256,0.014109894792104335,0.09604684822261333,0.11687369272112846,0.08870946131646633,0.12759934440255166,0.02082684449851513,0.03888988308608533,1.0,1.0,-0.007868720367550847,-0.007375847548246384,0.007375847548246384,5.440312705497219e-05,0.8241617904022283,0.43372598947273916,1.9001900056856726,0.6446076457374229
84,cumulative_infected,1.8601505426922813,1.8870664537067932,1.8739932641292398,0.20022482232321695,1.7386385545396479,1.9976048581593204,1.605256404795,2.227420827446622,0.25896630361967254,0.6221644226516219,1.0,1.0,0.02691591101451185,0.013842721436958527,0.013842721436958527,0.00019162093678123116,0.8241617904022283,0.43372598947273916,1.9001900056856726,0.6446076457374229
84,early_growth_slope,0.005626075556002822,0.0027096356838029302,0.0027423062018074457,0.0025682864472379202,0.0011544870115661394,0.004455619237324711,-0.0022299635512310822,0.006540199738221762,0.0033011322257585716,0.008770163289452845,0.0,1.0,-0.002916439872199892,-0.0028837693541953766,0.0028837693541953766,8.31612568819642e-06,0.8241617904022283,0.43372598947273916,1.9001900056856726,0.6446076457374229
84,post_peak_decline_slope,-0.002241746336221698,-0.0048695631105608,-0.004926271395136915,0.0028687246082275894,-0.006938364698241154,-0.0027678921275461734,-0.009306464579422032,-0.0005095125051836207,0.004170472570694981,0.00879695207423841,0.0,1.0,-0.002627816774339102,-0.002684525058915217,0.002684525058915217,7.206674791943749e-06,0.8241617904022283,0.43372598947273916,1.9001900056856726,0.6446076457374229
84,late_phase_auc,0.5454201851971447,0.5591854128806881,0.5540670910850167,0.12351885234845807,0.4805039626080543,0.6227600666461512,0.3668228694936261,0.7763815548503771,0.14225610403809696,0.409558685356751,1.0,1.0,0.01376522768354338,0.00864690588787198,0.00864690588787198,7.476898143371513e-05,0.8241617904022283,0.43372598947273916,1.9001900056856726,0.6446076457374229
84,time_to_half_peak_after_peak,2.0,4.69,4.0,3.0869389237871094,2.0,7.0,1.0,10.049999999999997,5.0,9.049999999999997,1.0,1.0,2.6900000000000004,2.0,2.0,4.0,0.8241617904022283,0.43372598947273916,1.9001900056856726,0.6446076457374229
84,late_to_early_mean_ratio,0.46413833542971517,0.4611786834740802,0.4481145293166398,0.11577443659508088,0.38188236962301403,0.529186642143332,0.2947155355984502,0.6498249382353259,0.14730427252031797,0.35510940263687574,1.0,1.0,-0.0029596519556349676,-0.016023806113075356,0.016023806113075356,0.0002567623623494312,0.8241617904022283,0.43372598947273916,1.9001900056856726,0.6446076457374229
85,peak_time,38.0,32.08,37.0,15.029721396370768,19.0,46.0,3.0,49.0,27.0,46.0,1.0,1.0,-5.920000000000002,-1.0,1.0,1.0,0.12892762339478486,0.060850653317652666,2.118754957679036,0.19960298748925118
85,peak_height,0.09024295210838318,0.07901811756193639,0.06715011596679688,0.0356842784000196,0.054858011193573475,0.09873871877789497,0.03971429038792849,0.1476019911468029,0.0438807075843215,0.10788770075887441,1.0,1.0,-0.011224834546446794,-0.023092836141586304,0.023092836141586304,0.0005332790810621546,0.12892762339478486,0.060850653317652666,2.118754957679036,0.19960298748925118
85,cumulative_infected,1.6317192278802395,1.3321272081261872,1.0399763947934844,0.9204215236255711,0.6131574705559615,1.7619237568578683,0.39784359580698947,3.222620711615309,1.1487662863019068,2.8247771158083195,1.0,1.0,-0.29959201975405225,-0.5917428330867551,0.5917428330867551,0.3501595805095393,0.12892762339478486,0.060850653317652666,2.118754957679036,0.19960298748925118
85,early_growth_slope,-0.004095514072105288,0.00046927315358492037,0.0006337887247181726,0.002579022386427768,-0.001460008172822805,0.0020804939974498537,-0.003777767182327806,0.004741194100296565,0.003540502170272659,0.00851896128262437,0.0,0.0,0.004564787225690208,0.00472930279682346,0.00472930279682346,2.23663049440422e-05,0.12892762339478486,0.060850653317652666,2.118754957679036,0.19960298748925118
85,post_peak_decline_slope,-0.0017099445375303559,-0.007228720092643921,-0.003141052694991232,0.010662586496815655,-0.006273696559946982,-0.001856503018643685,-0.03273505866527554,3.3980592464396964e-06,0.004417193541303297,0.03273845672452198,0.0,1.0,-0.005518775555113565,-0.0014311081574608763,0.0014311081574608763,2.0480705583510643e-06,0.12892762339478486,0.060850653317652666,2.118754957679036,0.19960298748925118
85,late_phase_auc,1.1909033856354654,0.8636193470481885,0.5997448534471914,0.7391458525874864,0.2877731221669819,1.2328805722645484,0.166311572707491,2.380045635183342,0.9451074500975665,2.213734062475851,1.0,1.0,-0.32728403858727684,-0.591158532188274,0.591158532188274,0.34946841017899455,0.12892762339478486,0.060850653317652666,2.118754957679036,0.19960298748925118
85,time_to_half_peak_after_peak,2.0,1.83,1.0,2.098845281375336,1.0,2.0,0.0,5.0,1.0,5.0,1.0,1.0,-0.16999999999999993,-1.0,1.0,1.0,0.12892762339478486,0.060850653317652666,2.118754957679036,0.19960298748925118
85,late_to_early_mean_ratio,2.729480790367555,1.7312173767741266,1.4459138754006449,0.9281311017459879,0.9898453275740009,2.545228719133409,0.6081736627281816,3.277704896074609,1.5553833915594082,2.6695312333464276,0.0,1.0,-0.9982634135934285,-1.2835669149669102,1.2835669149669102,1.6475440251976714,0.12892762339478486,0.060850653317652666,2.118754957679036,0.19960298748925118
86,peak_time,32.0,34.63,35.0,7.064858259174223,30.75,39.0,25.75,43.05,8.25,17.299999999999997,1.0,1.0,2.6300000000000026,3.0,3.0,9.0,0.3267542325742204,0.18949655560763778,1.7243280835709838,0.5580000412526727
86,peak_height,0.14696083962917328,0.13441904570907354,0.13136832416057587,0.037195704042314794,0.10647127404808998,0.16371922940015793,0.07890733145177364,0.19548281058669087,0.05724795535206795,0.11657547913491723,1.0,1.0,-0.012541793920099742,-0.015592515468597412,0.015592515468597412,0.00024312653863844957,0.3267542325742204,0.18949655560763778,1.7243280835709838,0.5580000412526727
86,cumulative_infected,2.8685651356354356,3.1696244355457837,3.0586203017737716,1.00957240977039,2.433771172829438,3.981766972807236,1.620491648389725,4.734958477126201,1.547995799977798,3.1144668287364765,1.0,1.0,0.3010592999103481,0.19005516613833606,0.19005516613833606,0.036120966175870524,0.3267542325742204,0.18949655560763778,1.7243280835709838,0.5580000412526727
86,early_growth_slope,0.0016318278143271096,0.0014360333114891114,0.0014058150460251845,0.0024800286009526054,-0.00039061329603317095,0.003249842035161454,-0.002610147507151675,0.005212494791928856,0.0036404553311946246,0.00782264229908053,1.0,1.0,-0.00019579450283799824,-0.00022601276830192516,0.00022601276830192516,5.108177143549971e-08,0.3267542325742204,0.18949655560763778,1.7243280835709838,0.5580000412526727
86,post_peak_decline_slope,-0.004076479747891419,-0.003995907519334219,-0.003624909246961272,0.0030201895564437057,-0.005930792260915047,-0.001466378561841949,-0.009341975407054016,3.8329325034303805e-05,0.004464413699073098,0.00938030473208832,1.0,1.0,8.057222855720018e-05,0.00045157050093014685,0.00045157050093014685,2.0391591731030377e-07,0.3267542325742204,0.18949655560763778,1.7243280835709838,0.5580000412526727
86,late_phase_auc,1.9319974929094315,2.153587539291184,2.099754306487739,0.7292262750901226,1.6301376966293901,2.6877690721303225,1.049389143078588,3.4231703160330653,1.0576313755009323,2.3737811729544775,1.0,1.0,0.22159004638175261,0.16775681357830763,0.16775681357830763,0.028142348501947058,0.3267542325742204,0.18949655560763778,1.7243280835709838,0.5580000412526727
86,time_to_half_peak_after_peak,1.0,6.97,5.5,5.33987288465207,2.0,11.25,1.0,16.049999999999997,9.25,15.049999999999997,0.0,1.0,5.97,4.5,4.5,20.25,0.3267542325742204,0.18949655560763778,1.7243280835709838,0.5580000412526727
86,late_to_early_mean_ratio,2.245898657408502,2.2714364688970523,2.2566400245624436,0.4328690580311205,2.003292322743528,2.5786855591479365,1.6610693961213627,2.9455859172425645,0.5753932364044085,1.2845165211212017,1.0,1.0,0.0255378114885505,0.010741367153941805,0.010741367153941805,0.00011537696833577988,0.3267542325742204,0.18949655560763778,1.7243280835709838,0.5580000412526727
87,peak_time,36.0,21.98,21.0,15.873222480617851,6.75,37.0,0.0,48.0,30.25,48.0,1.0,1.0,-14.02,-15.0,15.0,225.0,0.40963989331542316,0.47829060014172187,0.8564665356041768,0.29896633891845065
87,peak_height,0.04772935435175896,0.05076339978724718,0.049259524792432785,0.01156469470837839,0.04316916409879923,0.05651636887341738,0.0338916951790452,0.0691928207874298,0.013347204774618149,0.0353011256083846,1.0,1.0,0.003034045435488221,0.0015301704406738281,0.0015301704406738281,2.3414215775119374e-06,0.40963989331542316,0.47829060014172187,0.8564665356041768,0.29896633891845065
87,cumulative_infected,0.5355330330785364,0.5329501130805875,0.48492336086928844,0.2427876904790763,0.4231739593524253,0.5688264676318795,0.32899966361437694,0.7648721937235677,0.1456525082794542,0.4358725301091908,1.0,1.0,-0.002582919997948907,-0.05060967220924795,0.05060967220924795,0.002561338921127524,0.40963989331542316,0.47829060014172187,0.8564665356041768,0.29896633891845065
87,early_growth_slope,-0.001647070380082975,-2.1363667274271708e-05,-0.00011617399394751789,0.002024744300225576,-0.0014512017923628984,0.0012287558557069307,-0.0031511705191362444,0.003629913226233751,0.002679957648069829,0.006781083745369995,0.0,1.0,0.001625706712808703,0.001530896386135457,0.001530896386135457,2.3436437450826023e-06,0.40963989331542316,0.47829060014172187,0.8564665356041768,0.29896633891845065
87,post_peak_decline_slope,-0.002203023456968371,-0.0050627288978281415,-0.0029507913937171343,0.009409866201258003,-0.004151312409279248,-0.0016705302967845205,-0.016538243833929128,-0.000671275000786409,0.002480782112494728,0.01586696883314272,1.0,1.0,-0.0028597054408597707,-0.0007477679367487635,0.0007477679367487635,5.591568872295028e-07,0.40963989331542316,0.47829060014172187,0.8564665356041768,0.29896633891845065
87,late_phase_auc,0.21772027923725545,0.24203680582299059,0.21145546913612634,0.1423312896774189,0.18824350615614094,0.2617106914985925,0.13233868510369576,0.37090114069287666,0.07346718534245156,0.2385624555891809,1.0,1.0,0.024316526585735132,-0.006264810101129115,0.006264810101129115,3.924784560320939e-05,0.40963989331542316,0.47829060014172187,0.8564665356041768,0.29896633891845065
87,time_to_half_peak_after_peak,1.0,1.25,1.0,0.9885710532241612,1.0,1.0,1.0,2.0,0.0,1.0,1.0,1.0,0.25,0.0,0.0,0.0,0.40963989331542316,0.47829060014172187,0.8564665356041768,0.29896633891845065
87,late_to_early_mean_ratio,0.6937052794536691,0.897382202084851,0.8766242983726844,0.31621442153153806,0.68719998259106,1.0827055050006655,0.4615395911988672,1.5726596455123465,0.39550552240960557,1.1111200543134792,1.0,1.0,0.20367692263118187,0.1829190189190153,0.1829190189190153,0.033459367482295076,0.40963989331542316,0.47829060014172187,0.8564665356041768,0.29896633891845065
88,peak_time,20.0,19.78,19.5,1.5864323738400186,19.0,21.0,17.0,23.0,2.0,6.0,1.0,1.0,-0.21999999999999886,-0.5,0.5,0.25,0.899878572013166,0.15673887788559965,5.741259502125364,0.2836898361205179
88,peak_height,0.33874931931495667,0.3019116297364235,0.3038102686405182,0.01992073550488764,0.28707853704690933,0.31343134492635727,0.2713180407881737,0.3364370226860046,0.026352807879447937,0.06511898189783094,0.0,0.0,-0.03683768957853317,-0.03493905067443848,0.03493905067443848,0.0012207372620309798,0.899878572013166,0.15673887788559965,5.741259502125364,0.2836898361205179
88,cumulative_infected,6.3639989625662565,6.183014508636043,6.149228890892118,0.2939448518699711,5.993099481915124,6.371727233054116,5.745668789569754,6.745259358373732,0.3786277511389926,0.9995905688039786,1.0,1.0,-0.1809844539302139,-0.2147700716741383,0.2147700716741383,0.046126183686914506,0.899878572013166,0.15673887788559965,5.741259502125364,0.2836898361205179
88,early_growth_slope,0.005557719385251402,0.006355470283967969,0.006610408696966866,0.0026520093119198154,0.004315010345418981,0.008277932570005454,0.0023068418720781454,0.010315110827130929,0.003962922224586473,0.008008268955052782,1.0,1.0,0.0007977508987165672,0.001052689311715464,0.001052689311715464,1.1081547869999776e-06,0.899878572013166,0.15673887788559965,5.741259502125364,0.2836898361205179
88,post_peak_decline_slope,-0.013727894673744832,-0.012872884261111415,-0.012889796122908598,0.0037748776352056245,-0.015245189455648244,-0.010135496718188124,-0.018825082095960764,-0.006711525656282906,0.00510969273746012,0.012113556439677858,1.0,1.0,0.0008550104126334168,0.0008380985508362332,0.0008380985508362332,7.024091809137942e-07,0.899878572013166,0.15673887788559965,5.741259502125364,0.2836898361205179
88,late_phase_auc,2.210236911661923,2.2552179888811223,2.2238993409555405,0.17529550144910913,2.155691943364218,2.350587142398581,1.9877664233674295,2.5658370870456566,0.19489519903436303,0.5780706636782271,1.0,1.0,0.04498107721919942,0.013662429293617606,0.013662429293617606,0.00018666197420310048,0.899878572013166,0.15673887788559965,5.741259502125364,0.2836898361205179
88,time_to_half_peak_after_peak,10.0,10.45,11.0,1.8388347210429576,9.0,12.0,7.0,13.0,3.0,6.0,1.0,1.0,0.4499999999999993,1.0,1.0,1.0,0.899878572013166,0.15673887788559965,5.741259502125364,0.2836898361205179
88,late_to_early_mean_ratio,0.5826825747495394,0.6252558856361186,0.6298091074779106,0.059330878435347095,0.579230498656241,0.6622251148143493,0.5417409892309399,0.7224005083217203,0.08299461615810833,0.18065951909078037,1.0,1.0,0.04257331088657912,0.047126532728371195,0.047126532728371195,0.0022209100869982415,0.899878572013166,0.15673887788559965,5.741259502125364,0.2836898361205179
89,peak_time,17.0,22.98,23.0,6.247391374797884,19.0,27.0,13.95,33.05,8.0,19.099999999999998,0.0,1.0,5.98,6.0,6.0,36.0,0.58915324177052,0.34710120487652285,1.697352914635097,0.5978122795686747
89,peak_height,0.09361518174409866,0.09543618217110633,0.09493304044008255,0.018980595953381085,0.08316359110176563,0.10615582577884197,0.06424641869962215,0.12749936953186988,0.02299223467707634,0.06325295083224773,1.0,1.0,0.0018210004270076685,0.0013178586959838867,0.0013178586959838867,1.7367515425803504e-06,0.58915324177052,0.34710120487652285,1.697352914635097,0.5978122795686747
89,cumulative_infected,1.95807323907502,1.8165807280790978,1.7565496149472892,0.38480518904437394,1.6024744315072894,2.0322709818719886,1.227306444682472,2.468863768642768,0.4297965503646992,1.241557323960296,1.0,1.0,-0.1414925109959222,-0.20152362412773073,0.20152362412773073,0.0406117710815749,0.58915324177052,0.34710120487652285,1.697352914635097,0.5978122795686747
89,early_growth_slope,0.003278264689946635,0.0015033567516630209,0.0012252384830000144,0.0025467526959205024,-0.00034317547535811884,0.003679204184750449,-0.0022978891968835177,0.005849299249322418,0.004022379660108568,0.008147188446205936,1.0,1.0,-0.001774907938283614,-0.0020530262069466208,0.0020530262069466208,4.214916606409629e-06,0.58915324177052,0.34710120487652285,1.697352914635097,0.5978122795686747
89,post_peak_decline_slope,-0.0022035539771119795,-0.003999157249423057,-0.003989313046137496,0.002994112318044795,-0.006043609697371714,-0.0017281012609601074,-0.008902568948299933,0.0005390823244427621,0.004315508436411607,0.009441651272742695,1.0,1.0,-0.0017956032723110771,-0.0017857590690255167,0.0017857590690255167,3.18893545260688e-06,0.58915324177052,0.34710120487652285,1.697352914635097,0.5978122795686747
89,late_phase_auc,0.9635893912054598,0.7866358167699946,0.7656005963217467,0.2180433126194803,0.6448939334222814,0.8784535033046268,0.4850997000175994,1.2013181243557483,0.23355956988234539,0.7162184243381489,0.0,1.0,-0.17695357443546522,-0.19798879488371313,0.19798879488371313,0.039199562899505026,0.58915324177052,0.34710120487652285,1.697352914635097,0.5978122795686747
89,time_to_half_peak_after_peak,5.0,3.11,2.0,2.9263518847765653,1.0,4.0,1.0,9.049999999999997,3.0,8.049999999999997,0.0,1.0,-1.8900000000000001,-3.0,3.0,9.0,0.58915324177052,0.34710120487652285,1.697352914635097,0.5978122795686747
89,late_to_early_mean_ratio,1.05524667226736,0.8321695701089036,0.8189688031948762,0.20486599640925973,0.6792007545129575,0.9534627941889404,0.5315788751737711,1.1543067793190949,0.27426203967598295,0.6227279041453238,0.0,1.0,-0.22307710215845633,-0.23627786907248371,0.23627786907248371,0.05582723141343376,0.58915324177052,0.34710120487652285,1.697352914635097,0.5978122795686747
90,peak_time,18.0,22.61,20.5,15.902413894650323,9.0,37.25,1.0,46.05,28.25,45.05,1.0,1.0,4.609999999999999,2.5,2.5,6.25,0.38728839918604385,0.4241504682376977,0.9130919996273681,0.17140668525191238
90,peak_height,0.04799307510256767,0.0517265303619206,0.0502933282405138,0.012713192404421425,0.04322810564190149,0.057424673810601234,0.036805535480380056,0.07038970589637757,0.014196568168699741,0.03358417041599751,1.0,1.0,0.0037334552593529247,0.002300253137946129,0.002300253137946129,5.2911644986310125e-06,0.38728839918604385,0.4241504682376977,0.9130919996273681,0.17140668525191238
90,cumulative_infected,0.4995181369886268,0.571499764755365,0.4991300605433935,0.2722686778823182,0.4321501397207612,0.6102099954741789,0.31198409472590355,1.1022408373828512,0.17805985575341765,0.7902567426569476,1.0,1.0,0.07198162776673822,-0.00038807644523330964,0.00038807644523330964,1.5060332734492196e-07,0.38728839918604385,0.4241504682376977,0.9130919996273681,0.17140668525191238
90,early_growth_slope,-0.002621829053428621,-0.00036486670213499884,-0.0007052739591537308,0.001998668426898526,-0.0017896589997690154,0.0009924524014682642,-0.0034269433393741802,0.0031218814765842182,0.00278211140123728,0.006548824815958398,0.0,1.0,0.002256962351293622,0.00191655509427489,0.00191655509427489,3.673183429391033e-06,0.38728839918604385,0.4241504682376977,0.9130919996273681,0.17140668525191238
90,post_peak_decline_slope,-0.00117716870736331,-0.004062643316466573,-0.0029959269217215536,0.0038515606523097114,-0.0044860977080783656,-0.0020770973850934176,-0.011601400102954369,-0.0005174732337279083,0.002409000322984948,0.01108392686922646,0.0,1.0,-0.002885474609103263,-0.0018187582143582436,0.0018187582143582436,3.3078814422955865e-06,0.38728839918604385,0.4241504682376977,0.9130919996273681,0.17140668525191238
90,late_phase_auc,0.2379577409592457,0.2849827447360781,0.24687392338819336,0.19941195882449375,0.19005242503772024,0.30470504477852955,0.12687298216624185,0.57962645542284,0.11465261974080931,0.4527534732565981,1.0,1.0,0.047025003776832386,0.00891618242894765,0.00891618242894765,7.949830910627481e-05,0.38728839918604385,0.4241504682376977,0.9130919996273681,0.17140668525191238
90,time_to_half_peak_after_peak,1.0,1.26,1.0,0.8117819282232754,1.0,1.0,1.0,3.0,0.0,2.0,1.0,1.0,0.26,0.0,0.0,0.0,0.38728839918604385,0.4241504682376977,0.9130919996273681,0.17140668525191238
90,late_to_early_mean_ratio,0.9695374326584354,1.0228589616029793,0.986476059003371,0.43664967826126605,0.7334961326838492,1.1929277494482455,0.4754957786910472,1.766508616481052,0.45943161676439637,1.2910128377900048,1.0,1.0,0.053321528944543894,0.016938626344935592,0.016938626344935592,0.00028691706245334613,0.38728839918604385,0.4241504682376977,0.9130919996273681,0.17140668525191238
91,peak_time,31.0,24.63,25.0,8.021001474034565,20.0,28.25,11.0,38.0,8.25,27.0,0.0,1.0,-6.370000000000001,-6.0,6.0,36.0,0.7184621970435587,0.4407208288929976,1.6301979619347509,0.511092583852022
91,peak_height,0.07842158526182175,0.07548069067299366,0.07484137266874313,0.015502882633389337,0.0656968280673027,0.08539091609418392,0.054074911028146745,0.09627066776156425,0.019694088026881218,0.0421957567334175,1.0,1.0,-0.002940894588828083,-0.0035802125930786133,0.0035802125930786133,1.2817922211638688e-05,0.7184621970435587,0.4407208288929976,1.6301979619347509,0.511092583852022
91,cumulative_infected,1.6095722443424165,1.3205492010640136,1.2985309445975872,0.3912929339070573,1.0460184647381539,1.5571331542450935,0.7644846020019032,1.8714088770575472,0.5111146895069396,1.106924275055644,0.0,1.0,-0.2890230432784029,-0.3110412997448293,0.3110412997448293,0.09674669014695275,0.7184621970435587,0.4407208288929976,1.6301979619347509,0.511092583852022
91,early_growth_slope,-0.005236416683709689,0.0007045858954924849,0.0009527834204380362,0.002336708282199371,-0.0007312591146079011,0.002199541282607243,-0.0033020038889454897,0.004291447754465998,0.002930800397215144,0.0075934516434114875,0.0,0.0,0.005941002579202174,0.006189200104147726,0.006189200104147726,3.830619792918222e-05,0.7184621970435587,0.4407208288929976,1.6301979619347509,0.511092583852022
91,post_peak_decline_slope,-0.0022587014362216093,-0.003630793959796026,-0.0032036167529895425,0.005525656874455989,-0.004526735640805177,-0.0014890424635571713,-0.006718639295941113,0.001040693637914936,0.0030376931772480055,0.007759332933856049,1.0,1.0,-0.0013720925235744166,-0.0009449153167679332,0.0009449153167679332,8.928649558626436e-07,0.7184621970435587,0.4407208288929976,1.6301979619347509,0.511092583852022
91,late_phase_auc,0.7903694761916995,0.6032131967277655,0.583745299722068,0.21437567643868516,0.4657774864390376,0.7081857102912181,0.28544245883240366,0.9999159630038775,0.24240822385218053,0.7144735041714738,0.0,1.0,-0.18715627946393398,-0.2066241764696315,0.2066241764696315,0.04269355030175342,0.7184621970435587,0.4407208288929976,1.6301979619347509,0.511092583852022
91,time_to_half_peak_after_peak,1.0,1.66,1.0,1.37965008006898,1.0,2.0,1.0,4.0,1.0,3.0,1.0,1.0,0.6599999999999999,0.0,0.0,0.0,0.7184621970435587,0.4407208288929976,1.6301979619347509,0.511092583852022
91,late_to_early_mean_ratio,1.0075624979044633,0.9293997953096551,0.8705595653310771,0.30526541839626764,0.7077964820935598,1.1155819234385125,0.49010579419040423,1.5341439122303342,0.40778544134495265,1.0440381180399299,1.0,1.0,-0.07816270259480818,-0.13700293257338614,0.13700293257338614,0.018769803533707788,0.7184621970435587,0.4407208288929976,1.6301979619347509,0.511092583852022
92,peak_time,46.0,19.76,14.0,15.665132097635297,5.0,35.25,1.9500000000000002,46.05,30.25,44.099999999999994,0.0,1.0,-26.24,-32.0,32.0,1024.0,0.11774742704872394,0.3336572639632555,0.3528993364331221,0.4056130017395111
92,peak_height,0.0563192293047905,0.048600743673741814,0.04918581806123257,0.010741950974715966,0.0413984851911664,0.054251158609986305,0.031171671766787767,0.06592245921492576,0.012852673418819904,0.03475078744813799,0.0,1.0,-0.007718485631048683,-0.00713341124355793,0.00713341124355793,5.088555596971869e-05,0.11774742704872394,0.3336572639632555,0.3528993364331221,0.4056130017395111
92,cumulative_infected,0.47346161236055195,0.4814460805096894,0.4647204225038877,0.1509826588903969,0.370047381191398,0.5542302437679609,0.2934849985555047,0.757777870161226,0.1841828625765629,0.4642928716057213,1.0,1.0,0.007984468149137447,-0.008741189856664278,0.008741189856664278,7.640840011025045e-05,0.11774742704872394,0.3336572639632555,0.3528993364331221,0.4056130017395111
92,early_growth_slope,-0.0018240653444081538,-0.0003598301755491335,-0.0004906863926277893,0.0022114811059327708,-0.0020852490275241756,0.0012484066523722422,-0.0035407650310627903,0.0030639724902963876,0.003333655679896418,0.0066047375213591775,1.0,1.0,0.0014642351688590204,0.0013333789517803647,0.0013333789517803647,1.777899429050904e-06,0.11774742704872394,0.3336572639632555,0.3528993364331221,0.4056130017395111
92,post_peak_decline_slope,-0.016895768791437168,-0.003584746214566362,-0.0027802817135428354,0.004265616714214189,-0.004115178189628449,-0.00196637876603442,-0.009158607688732447,-3.466382118252899e-05,0.002148799423594029,0.009123943867549918,0.0,0.0,0.013311022576870807,0.014115487077894333,0.014115487077894333,0.0001992469754462019,0.11774742704872394,0.3336572639632555,0.3528993364331221,0.4056130017395111
92,late_phase_auc,0.23415057733654976,0.21851718724691976,0.20807292270183098,0.08682926243456858,0.16295358027491602,0.25167650227376726,0.11482704940717667,0.3744762318499852,0.08872292199885123,0.25964918244280855,1.0,1.0,-0.015633390089629995,-0.026077654634718783,0.026077654634718783,0.0006800440712476701,0.11774742704872394,0.3336572639632555,0.3528993364331221,0.4056130017395111
92,time_to_half_peak_after_peak,1.0,1.24,1.0,0.726413634010794,1.0,1.0,1.0,3.0,0.0,2.0,1.0,1.0,0.24,0.0,0.0,0.0,0.11774742704872394,0.3336572639632555,0.3528993364331221,0.4056130017395111
92,late_to_early_mean_ratio,1.0021027916589165,0.9495023093973027,0.8544884066628673,0.4467875111298768,0.650669754796435,1.1451383968090831,0.4940420321462532,1.814897709053916,0.4944686420126482,1.3208556769076627,1.0,1.0,-0.052600482261613735,-0.14761438499604917,0.14761438499604917,0.02179000665776183,0.11774742704872394,0.3336572639632555,0.3528993364331221,0.4056130017395111
93,peak_time,43.0,17.92,14.5,15.573663342290082,3.75,28.25,0.0,48.0,24.5,48.0,0.0,1.0,-25.08,-28.5,28.5,812.25,0.7686899783962201,0.4547035399574996,1.6905300065798219,0.12858763962453268
93,peak_height,0.06429432332515717,0.0523680199123919,0.04919874481856823,0.019690190931531452,0.04440787434577942,0.0572713203728199,0.036694915406405924,0.0711420264095068,0.012863446027040482,0.034447111003100876,0.0,1.0,-0.011926303412765266,-0.015095578506588936,0.015095578506588936,0.00022787649044858985,0.7686899783962201,0.4547035399574996,1.6905300065798219,0.12858763962453268
93,cumulative_infected,0.7519343484309502,0.5940659453465968,0.5078806751553202,0.4768359720642881,0.4000831352941532,0.6175951799450559,0.324439356286166,1.0140192156777628,0.21751204465090268,0.6895798593915967,0.0,1.0,-0.15786840308435335,-0.24405367327563,0.24405367327563,0.059562195439327954,0.7686899783962201,0.4547035399574996,1.6905300065798219,0.12858763962453268
93,early_growth_slope,-0.002259969179119379,-0.0007343730852296299,-0.0009985641252656231,0.002598687045979845,-0.0023333607839179284,0.0009498726521130829,-0.0045350054059478334,0.003911769280620361,0.003283233436031011,0.008446774686568195,1.0,1.0,0.0015255960938897494,0.001261405053853756,0.001261405053853756,1.5911427098877972e-06,0.7686899783962201,0.4547035399574996,1.6905300065798219,0.12858763962453268
93,post_peak_decline_slope,-0.007985722647780266,-0.003380282213197332,-0.002734550142971177,0.00502203774574778,-0.0038042756379582025,-0.0017557889188537963,-0.005812279966242692,6.827024820570613e-06,0.002048486719104406,0.005819106991063263,0.0,0.0,0.0046054404345829345,0.005251172504809089,0.005251172504809089,2.7574812675262958e-05,0.7686899783962201,0.4547035399574996,1.6905300065798219,0.12858763962453268
93,late_phase_auc,0.44042816368164495,0.28707165505686133,0.20644929402624257,0.37741074486528153,0.15576616698672296,0.2843857241095975,0.10741537370486184,0.5746288794880455,0.12861955712287454,0.46721350578318366,0.0,1.0,-0.15335650862478362,-0.23397886965540238,0.23397886965540238,0.05474611144521978,0.7686899783962201,0.4547035399574996,1.6905300065798219,0.12858763962453268
93,time_to_half_peak_after_peak,1.0,1.28,1.0,1.3932013856618506,1.0,1.0,1.0,2.0,0.0,1.0,1.0,1.0,0.28,0.0,0.0,0.0,0.7686899783962201,0.4547035399574996,1.6905300065798219,0.12858763962453268
93,late_to_early_mean_ratio,1.5225222172888442,0.8998832900360888,0.7871595048815996,0.5177624861585262,0.597373602057351,1.07699369114756,0.4005807713306825,1.5765227822321874,0.4796200890902089,1.175942010901505,0.0,1.0,-0.6226389272527554,-0.7353627124072446,0.7353627124072446,0.54075831879894,0.7686899783962201,0.4547035399574996,1.6905300065798219,0.12858763962453268
94,peak_time,37.0,22.95,21.5,13.446771231996792,13.75,33.0,1.0,47.0,19.25,46.0,0.0,1.0,-14.05,-15.5,15.5,240.25,0.38523031434417165,0.2957753045440793,1.3024424569116144,0.6097640960140922
94,peak_height,0.07824026048183441,0.06324739288538694,0.06065356358885765,0.01836700647665289,0.04912731610238552,0.07060125842690468,0.041702760756015776,0.09260382391512394,0.021473942324519157,0.05090106315910816,0.0,1.0,-0.014992867596447468,-0.01758669689297676,0.01758669689297676,0.00030929190760543845,0.38523031434417165,0.2957753045440793,1.3024424569116144,0.6097640960140922
94,cumulative_infected,1.2270904368488118,0.9414254368486422,0.8140235405226122,0.5110018140969298,0.5886071340501076,1.1069146901099884,0.4192023818264715,1.7779791136876153,0.5183075560598809,1.358776731861144,0.0,1.0,-0.2856650000001696,-0.41306689632619964,0.41306689632619964,0.17062426084055937,0.38523031434417165,0.2957753045440793,1.3024424569116144,0.6097640960140922
94,early_growth_slope,0.0014407094623450024,5.972297406212197e-05,0.00016789582808823654,0.0022841182838717086,-0.0016152152456925233,0.0014194470270359454,-0.0036592692358334744,0.003512890400902722,0.0030346622727284688,0.007172159636736196,0.0,1.0,-0.0013809864882828806,-0.0012728136342567658,0.0012728136342567658,1.6200545475499162e-06,0.38523031434417165,0.2957753045440793,1.3024424569116144,0.6097640960140922
94,post_peak_decline_slope,-0.00676274268577497,-0.004117504089713018,-0.0032608808134682466,0.004831031558342043,-0.0044990793743636456,-0.0020034982075837087,-0.015133436601608877,0.000273118999321009,0.002495581166779937,0.015406555600929886,0.0,1.0,0.002645238596061952,0.0035018618723067236,0.0035018618723067236,1.2263036572715552e-05,0.38523031434417165,0.2957753045440793,1.3024424569116144,0.6097640960140922
94,late_phase_auc,0.6504872615332715,0.45124732357437325,0.39132015363429673,0.29438713104415004,0.2664600406715181,0.5547932281624526,0.16841694579052274,0.8811024725204333,0.2883331874909345,0.7126855267299106,0.0,1.0,-0.19923993795889827,-0.2591671078989748,0.2591671078989748,0.06716758981671885,0.38523031434417165,0.2957753045440793,1.3024424569116144,0.6097640960140922
94,time_to_half_peak_after_peak,2.0,1.7,1.0,1.8062741382819674,1.0,2.0,1.0,4.0,1.0,3.0,1.0,1.0,-0.30000000000000004,-1.0,1.0,1.0,0.38523031434417165,0.2957753045440793,1.3024424569116144,0.6097640960140922
94,late_to_early_mean_ratio,1.1545080219587907,0.9723302065023455,0.8781094087995815,0.4268775632202694,0.7061927203593207,1.1557012053806257,0.5008502253674723,1.6908542178859012,0.449508485021305,1.190003992518429,1.0,1.0,-0.18217781545644518,-0.2763986131592091,0.2763986131592091,0.07639619335633412,0.38523031434417165,0.2957753045440793,1.3024424569116144,0.6097640960140922
95,peak_time,29.0,26.84,26.0,11.409476833587139,20.75,36.25,6.8500000000000005,46.0,15.5,39.15,1.0,1.0,-2.16,-3.0,3.0,9.0,0.7743966339701682,0.443106078906533,1.7476551797284559,0.30834178461270445
95,peak_height,0.08492770791053772,0.07631834223866463,0.06983483210206032,0.02049232673402399,0.060439666733145714,0.08824045956134796,0.04974293392151594,0.11611936837434769,0.027800792828202248,0.06637643445283176,1.0,1.0,-0.008609365671873093,-0.015092875808477402,0.015092875808477402,0.00022779490017012238,0.7743966339701682,0.443106078906533,1.7476551797284559,0.30834178461270445
95,cumulative_infected,1.5323013723827899,1.334396629927669,1.2195256623090245,0.5657319487958756,0.976330314297229,1.5700915802153759,0.5846222889929777,2.4473512702737934,0.5937612659181468,1.8627289812808157,1.0,1.0,-0.1979047424551208,-0.31277571007376537,0.31277571007376537,0.09782864481214813,0.7743966339701682,0.443106078906533,1.7476551797284559,0.30834178461270445
95,early_growth_slope,6.507012793528191e-05,0.0005138064105198113,0.0002779494582985841,0.002686727653610877,-0.0012202395037526153,0.0021477724641001603,-0.003483738081108422,0.004715710200183647,0.0033680119678527755,0.00819944828129207,1.0,1.0,0.0004487362825845294,0.00021287933036330216,0.00021287933036330216,4.531760929592794e-08,0.7743966339701682,0.443106078906533,1.7476551797284559,0.30834178461270445
95,post_peak_decline_slope,-0.0074201281337688335,-0.004216520966702514,-0.0030570724261148475,0.006662876954620415,-0.0049319007608573905,-0.0017467688381050971,-0.011557511845603639,0.00017657782300374735,0.0031851319227522933,0.011734089668607386,0.0,1.0,0.00320360716706632,0.004363055707653986,0.004363055707653986,1.9036255108092025e-05,0.7743966339701682,0.443106078906533,1.7476551797284559,0.30834178461270445
95,late_phase_auc,0.965107873082161,0.7353198554980372,0.6773094258387573,0.3787391041631022,0.4651983278017724,0.8848025544430129,0.25355732419411653,1.5864131211303174,0.41960422664124053,1.332855796936201,0.0,1.0,-0.2297880175841237,-0.28779844724340364,0.28779844724340364,0.08282794623571418,0.7743966339701682,0.443106078906533,1.7476551797284559,0.30834178461270445
95,time_to_half_peak_after_peak,7.0,1.75,1.0,1.4451241601965688,1.0,2.0,1.0,4.0,1.0,3.0,0.0,0.0,-5.25,-6.0,6.0,36.0,0.7743966339701682,0.443106078906533,1.7476551797284559,0.30834178461270445
95,late_to_early_mean_ratio,1.7876308909683716,1.2672327579096454,1.2280573680291909,0.4149898591400048,0.9731451849380032,1.4296130456936205,0.7670598393989292,2.048165800937896,0.4564678607556173,1.2811059615389668,0.0,1.0,-0.5203981330587262,-0.5595735229391807,0.5595735229391807,0.3131225275745658,0.7743966339701682,0.443106078906533,1.7476551797284559,0.30834178461270445
96,peak_time,15.0,23.81,25.0,13.50323193636519,14.75,35.25,2.0,43.05,20.5,41.05,1.0,1.0,8.809999999999999,10.0,10.0,100.0,0.6665034631630168,0.4981811559115042,1.3378736936437094,0.4928153091529348
96,peak_height,0.05223705619573593,0.05804930137470365,0.055587733164429665,0.013540006016733963,0.049920848570764065,0.06348415650427341,0.04003360345959663,0.08302634209394455,0.01356330793350935,0.04299273863434792,1.0,1.0,0.005812245178967716,0.003350676968693733,0.003350676968693733,1.1227036148534625e-05,0.6665034631630168,0.4981811559115042,1.3378736936437094,0.4928153091529348
96,cumulative_infected,0.883516239002347,0.7019924725038891,0.6024631230684463,0.29867343830880294,0.4995233503286727,0.8250144426419865,0.3738060003175178,1.2282547599170355,0.32549109231331386,0.8544487595995176,0.0,1.0,-0.18152376649845792,-0.2810531159339007,0.2810531159339007,0.07899085397615463,0.6665034631630168,0.4981811559115042,1.3378736936437094,0.4928153091529348
96,early_growth_slope,-4.104410652958146e-05,0.0001780313547139188,-9.370694169774615e-05,0.002557068062657206,-0.0013958089673126632,0.0021037859253175114,-0.004199825798873677,0.004071672317444434,0.0034995948926301746,0.00827149811631811,1.0,1.0,0.00021907546124350026,-5.266283516816469e-05,5.266283516816469e-05,2.773374207949284e-09,0.6665034631630168,0.4981811559115042,1.3378736936437094,0.4928153091529348
96,post_peak_decline_slope,-0.0008245407448460683,-0.004287724637993267,-0.0031978202285245115,0.006876394421750665,-0.004278782708812901,-0.002216463852285709,-0.006731158673452834,-0.0002307851151757141,0.0020623188565271917,0.00650037355827712,0.0,1.0,-0.003463183893147199,-0.002373279483678443,0.002373279483678443,5.632455507649017e-06,0.6665034631630168,0.4981811559115042,1.3378736936437094,0.4928153091529348
96,late_phase_auc,0.4220354692079127,0.31430284993176427,0.26933436427498236,0.1594469352476746,0.21520528529799776,0.3467415240302216,0.14177069802026382,0.667269603657769,0.13153623873222386,0.5254989056375052,0.0,1.0,-0.10773261927614841,-0.15270110493293032,0.15270110493293032,0.023317627447737795,0.6665034631630168,0.4981811559115042,1.3378736936437094,0.4928153091529348
96,time_to_half_peak_after_peak,1.0,1.22,1.0,0.6289320754704404,1.0,1.0,1.0,2.0,0.0,1.0,1.0,1.0,0.21999999999999997,0.0,0.0,0.0,0.6665034631630168,0.4981811559115042,1.3378736936437094,0.4928153091529348
96,late_to_early_mean_ratio,0.9745913616385075,0.8873527316953581,0.8166679435091179,0.3446178164587097,0.6501288195175896,1.1082206197923017,0.46693859623185824,1.4924892357159822,0.4580918002747121,1.025550639484124,1.0,1.0,-0.08723862994314935,-0.1579234181293896,0.1579234181293896,0.024939805993670017,0.6665034631630168,0.4981811559115042,1.3378736936437094,0.4928153091529348
97,peak_time,44.0,23.91,22.5,13.770921640481543,14.0,35.25,2.95,45.05,21.25,42.099999999999994,0.0,1.0,-20.09,-21.5,21.5,462.25,0.5365577147396963,0.3497709896979925,1.5340257784185694,0.1741548745801742
97,peak_height,0.06070258468389511,0.05741324698552489,0.054443951696157455,0.017026350507115397,0.0457642525434494,0.06526554562151432,0.035646305233240125,0.08472050726413725,0.01950129307806492,0.04907420203089713,1.0,1.0,-0.003289337698370219,-0.006258632987737656,0.006258632987737656,3.9170486875197974e-05,0.5365577147396963,0.3497709896979925,1.5340257784185694,0.1741548745801742
97,cumulative_infected,1.0754559581400827,0.7359694572237868,0.5912198016303591,0.4558320559860662,0.4703565360032371,0.8662105538569449,0.3335819143030676,1.44327600862598,0.3958540178537078,1.1096940943229123,0.0,1.0,-0.33948650091629584,-0.4842361565097235,0.4842361565097235,0.23448465527130943,0.5365577147396963,0.3497709896979925,1.5340257784185694,0.1741548745801742
97,early_growth_slope,0.0009406561785865399,7.868969593763179e-05,-0.00013003250794662547,0.002307991794811338,-0.001414482437428973,0.0016708515842245631,-0.004024102788285483,0.0036197830062952713,0.003085334021653536,0.007643885794580754,1.0,1.0,-0.0008619664826489081,-0.0010706886865331654,0.0010706886865331654,1.1463742634701148e-06,0.5365577147396963,0.3497709896979925,1.5340257784185694,0.1741548745801742
97,post_peak_decline_slope,-0.005391489714384079,-0.003864732062868868,-0.003203923852803819,0.005756146977900962,-0.004403144551906733,-0.0016698334647420195,-0.007027118635984725,-0.0001682636370727207,0.002733311087164714,0.006858854998912004,0.0,1.0,0.0015267576515152108,0.00218756586158026,0.00218756586158026,4.7854443987513854e-06,0.5365577147396963,0.3497709896979925,1.5340257784185694,0.1741548745801742
97,late_phase_auc,0.6470516549888998,0.37938539431655954,0.25924947595922276,0.33909962690949114,0.1792885087124887,0.45165455800452037,0.12264030055594048,0.9413580661988813,0.2723660492920317,0.8187177656429409,0.0,1.0,-0.2676662606723403,-0.38780217902967706,0.38780217902967706,0.1503905300601657,0.5365577147396963,0.3497709896979925,1.5340257784185694,0.1741548745801742
97,time_to_half_peak_after_peak,2.0,1.44,1.0,1.0182178925788317,1.0,1.25,1.0,4.0,0.25,3.0,0.0,1.0,-0.56,-1.0,1.0,1.0,0.5365577147396963,0.3497709896979925,1.5340257784185694,0.1741548745801742
97,late_to_early_mean_ratio,1.5705929813385098,1.0407971237232818,0.901444470383622,0.5211926060832477,0.6723699115044608,1.3563266161293124,0.4594744286919343,1.9561755044984408,0.6839567046248516,1.4967010758065065,0.0,1.0,-0.529795857615228,-0.6691485109548878,0.6691485109548878,0.4477597297131436,0.5365577147396963,0.3497709896979925,1.5340257784185694,0.1741548745801742
98,peak_time,23.0,20.85,20.0,16.004024115165155,4.0,35.25,0.0,44.05,31.25,44.05,1.0,1.0,-2.1499999999999986,-3.0,3.0,9.0,0.10216172727658843,0.48463060815737175,0.21080329132536743,0.5534830667732972
98,peak_height,0.038414858281612396,0.05126797404140234,0.04863723739981651,0.011118776010435993,0.04272014554589987,0.057678915560245514,0.03688504416495562,0.07263668961822986,0.014958770014345646,0.03575164545327424,0.0,1.0,0.012853115759789945,0.010222379118204117,0.010222379118204117,0.00010449703483629558,0.10216172727658843,0.48463060815737175,0.21080329132536743,0.5534830667732972
98,cumulative_infected,0.3275104739004746,0.48718046575270135,0.4646038532082457,0.12624398469616238,0.4094016007584287,0.544471792436525,0.31651284894614945,0.6997067630989476,0.1350701916780963,0.3831939141527982,0.0,1.0,0.15966999185222674,0.1370933793077711,0.1370933793077711,0.0187945946500244,0.10216172727658843,0.48463060815737175,0.21080329132536743,0.5534830667732972
98,early_growth_slope,-0.0006745608545662378,-0.0008370239695315303,-0.0007140345537447407,0.0023264975679696473,-0.0029771198162831854,0.000539325942857735,-0.004269774581050678,0.0029006047659398343,0.0035164457591409203,0.007170379346990512,1.0,1.0,-0.00016246311496529245,-3.94736991785029e-05,3.94736991785029e-05,1.5581729268349407e-09,0.10216172727658843,0.48463060815737175,0.21080329132536743,0.5534830667732972
98,post_peak_decline_slope,-0.002887176101406417,-0.0029759504643273767,-0.0027460733010229916,0.002130656165557654,-0.00412134188324368,-0.0018405883450343821,-0.005511880562989976,2.0651317511999748e-06,0.0022807535382092983,0.005513945694741176,1.0,1.0,-8.877436292095957e-05,0.0001411028003834255,0.0001411028003834255,1.991000027604482e-08,0.10216172727658843,0.48463060815737175,0.21080329132536743,0.5534830667732972
98,late_phase_auc,0.09023658244404942,0.2136720326768409,0.22131075919605792,0.061964239251691304,0.168136995875102,0.2517842545057647,0.10796473661612253,0.3026355437701568,0.08364725863066269,0.19467080715403423,0.0,0.0,0.12343545023279148,0.1310741767520085,0.1310741767520085,0.017180439811216766,0.10216172727658843,0.48463060815737175,0.21080329132536743,0.5534830667732972
98,time_to_half_peak_after_peak,1.0,1.1,1.0,0.36237153766973934,1.0,1.0,1.0,2.0,0.0,1.0,1.0,1.0,0.10000000000000009,0.0,0.0,0.0,0.10216172727658843,0.48463060815737175,0.21080329132536743,0.5534830667732972
98,late_to_early_mean_ratio,0.36478768572592385,0.8818592858781612,0.8052350519312093,0.401858331780383,0.6286562759900178,1.033006512426319,0.4128854189620268,1.5809107169353291,0.4043502364363012,1.1680252979733023,0.0,0.0,0.5170716001522373,0.4404473662052854,0.4404473662052854,0.1939938823971728,0.10216172727658843,0.48463060815737175,0.21080329132536743,0.5534830667732972
99,peak_time,17.0,15.6,15.5,1.1806521053804944,15.0,16.0,14.0,18.0,1.0,4.0,0.0,1.0,-1.4000000000000004,-1.5,1.5,2.25,0.9546303427099266,0.16117649279323928,5.922888171630259,0.4611086085056425
99,peak_height,0.3998165428638458,0.3361968943476677,0.3344680964946747,0.018703133141689428,0.323910653591156,0.34878501296043396,0.31269071996212006,0.3702565237879753,0.024874359369277954,0.057565803825855244,0.0,0.0,-0.06361964851617813,-0.06534844636917114,0.06534844636917114,0.004270419442864437,0.9546303427099266,0.16117649279323928,5.922888171630259,0.4611086085056425
99,cumulative_infected,6.090205961547326,5.773135696623777,5.782044540625066,0.2459548576920024,5.616206679755123,5.921677224250743,5.38664351045154,6.138368190376786,0.30547054449561983,0.7517246799252462,0.0,1.0,-0.31707026492354906,-0.30816142092226073,0.30816142092226073,0.09496346134482675,0.9546303427099266,0.16117649279323928,5.922888171630259,0.4611086085056425
99,early_growth_slope,0.015700509121719126,0.011564233079493138,0.011557388543483933,0.0026517417162625766,0.009614537007153211,0.013690028503766542,0.007627556306431955,0.015950809633969103,0.004075491496613331,0.008323253327537148,0.0,1.0,-0.004136276042225988,-0.0041431205782351925,0.0041431205782351925,1.7165448125795917e-05,0.9546303427099266,0.16117649279323928,5.922888171630259,0.4611086085056425
99,post_peak_decline_slope,-0.02872772440314293,-0.01873656738673647,-0.0193103302270174,0.004279922245993495,-0.021210357112189104,-0.016008188016712645,-0.02488750128075481,-0.011615847932795699,0.00520216909547646,0.013271653347959112,0.0,0.0,0.00999115701640646,0.00941739417612553,0.00941739417612553,8.868731306852305e-05,0.9546303427099266,0.16117649279323928,5.922888171630259,0.4611086085056425
99,late_phase_auc,1.0620275142136961,1.1982341882790206,1.1897303281002678,0.12584416188297234,1.1122298033442348,1.2845822185627185,1.009017156943446,1.4088972723227926,0.17235241521848366,0.39988011537934653,0.0,1.0,0.1362066740653245,0.12770281388657168,0.12770281388657168,0.016308008674548364,0.9546303427099266,0.16117649279323928,5.922888171630259,0.4611086085056425
99,time_to_half_peak_after_peak,8.0,9.0,9.0,1.6575508280214961,8.0,10.0,6.0,12.0,2.0,6.0,1.0,1.0,1.0,1.0,1.0,1.0,0.9546303427099266,0.16117649279323928,5.922888171630259,0.4611086085056425
99,late_to_early_mean_ratio,0.2295813597421876,0.2842619295482364,0.2860341610471985,0.028975535011020896,0.26132977843673166,0.30285129391776444,0.24154299732814125,0.33225283202726014,0.04152151548103278,0.09070983469911889,0.0,0.0,0.05468056980604882,0.056452801305010875,0.056452801305010875,0.0031869187751830375,0.9546303427099266,0.16117649279323928,5.922888171630259,0.4611086085056425
