case_id,feature,observed_value,pred_mean,pred_median,pred_std,pred_ci50_low,pred_ci50_high,pred_ci90_low,pred_ci90_high,pred_width50,pred_width90,covered50,covered90,err_mean,err_median,abs_err_median,sq_err_median,true_beta,true_gamma,true_R0,beta_ref,gamma_ref,R0_ref,beta_seir,gamma_seir,sigma_seir,sigma,severity,reference_mode,reference_window_days,projection_loss
0,peak_time,46.0,25.85,26.0,16.302924692684854,11.75,42.0,1.0,48.0,30.25,47.0,0.0,1.0,-20.15,-20.0,20.0,400.0,0.10189534092389715,0.15814871086061533,0.6443007999837749,0.10189534092389715,0.15814871086061533,0.6443007999837749,0.26104133230789256,0.33796092457181953,0.4270878808004396,0.4270878808004396,pooled,full_curve,50,2.6615740281136814e-06
0,peak_height,0.06380709260702133,0.06203332789242268,0.05219460465013981,0.030877161069181196,0.04168055206537247,0.06570680066943169,0.03510223161429167,0.12650775238871573,0.02402624860405922,0.09140552077442406,1.0,1.0,-0.0017737647145986551,-0.011612487956881523,0.011612487956881523,0.0001348498765487184,0.10189534092389715,0.15814871086061533,0.6443007999837749,0.10189534092389715,0.15814871086061533,0.6443007999837749,0.26104133230789256,0.33796092457181953,0.4270878808004396,0.4270878808004396,pooled,full_curve,50,2.6615740281136814e-06
0,cumulative_infected,0.6326338803191902,0.8280198625186859,0.5122948352072854,0.7379281595616483,0.4132502776774345,0.8651766480033984,0.3260787286388222,2.544774761213921,0.45192637032596394,2.218696032575099,1.0,1.0,0.19538598219949566,-0.12033904511190485,0.12033904511190485,0.014481485778445071,0.10189534092389715,0.15814871086061533,0.6443007999837749,0.10189534092389715,0.15814871086061533,0.6443007999837749,0.26104133230789256,0.33796092457181953,0.4270878808004396,0.4270878808004396,pooled,full_curve,50,2.6615740281136814e-06
0,early_growth_slope,-0.0024941901889784864,-0.0007922084735725668,-0.0008757807635923924,0.0022486571832910245,-0.002536206380422558,0.000769885019898149,-0.004484009425227881,0.0028040388890076414,0.003306091400320707,0.007288048314235523,1.0,1.0,0.0017019817154059196,0.0016184094253860939,0.0016184094253860939,2.6192490681785465e-06,0.10189534092389715,0.15814871086061533,0.6443007999837749,0.10189534092389715,0.15814871086061533,0.6443007999837749,0.26104133230789256,0.33796092457181953,0.4270878808004396,0.4270878808004396,pooled,full_curve,50,2.6615740281136814e-06
1,peak_time,33.0,30.13,30.0,2.4315061633115844,29.0,31.0,26.0,34.0,2.0,8.0,0.0,1.0,-2.870000000000001,-3.0,3.0,9.0,0.2713565826812055,0.08538667166611949,3.177973533647838,0.2713565826812055,0.08538667166611949,3.177973533647838,0.38426463760700225,0.09375293050568131,0.4469875793470971,0.4469875793470971,pooled,full_curve,50,0.004055805891564621
1,peak_height,0.35008546710014343,0.36944682329893114,0.3705885708332062,0.038998048568817285,0.3443901836872101,0.39674946665763855,0.3032230779528618,0.4316666051745415,0.05235928297042847,0.12844352722167968,1.0,1.0,0.019361356198787705,0.020503103733062744,0.020503103733062744,0.00042037726268873143,0.2713565826812055,0.08538667166611949,3.177973533647838,0.2713565826812055,0.08538667166611949,3.177973533647838,0.38426463760700225,0.09375293050568131,0.4469875793470971,0.4469875793470971,pooled,full_curve,50,0.004055805891564621
1,cumulative_infected,8.933826269581914,9.662531323094663,9.757215267512947,1.085192671866547,9.039891026855912,10.444487709435634,7.676022454537451,11.205011538416148,1.4045966825797223,3.528989083878697,0.0,1.0,0.7287050535127495,0.8233889979310334,0.8233889979310334,0.6779694419138713,0.2713565826812055,0.08538667166611949,3.177973533647838,0.2713565826812055,0.08538667166611949,3.177973533647838,0.38426463760700225,0.09375293050568131,0.4469875793470971,0.4469875793470971,pooled,full_curve,50,0.004055805891564621
1,early_growth_slope,0.005494136440878112,0.0034111454851639186,0.003434897255266107,0.0027703212267913,0.0010550321749178706,0.005214982226745978,-0.000844989365820462,0.0077482785322769915,0.004159950051828107,0.008593267898097454,0.0,1.0,-0.0020829909557141934,-0.002059239185612005,0.002059239185612005,4.240466023559993e-06,0.2713565826812055,0.08538667166611949,3.177973533647838,0.2713565826812055,0.08538667166611949,3.177973533647838,0.38426463760700225,0.09375293050568131,0.4469875793470971,0.4469875793470971,pooled,full_curve,50,0.004055805891564621
2,peak_time,4.0,20.44,19.0,14.454610253332934,8.75,31.0,0.9500000000000002,45.0,22.25,44.05,0.0,1.0,16.44,15.0,15.0,225.0,0.3019753754161814,0.28588678751502883,1.0562760806156766,0.3019753754161814,0.28588678751502883,1.0562760806156766,0.13019504140257454,0.13768807731046862,0.6814932701214442,0.6814932701214442,pooled,full_curve,50,2.292390267655354e-05
2,peak_height,0.06671859323978424,0.05685175061225891,0.05131303891539574,0.025288738686648,0.041651234962046146,0.0634025651961565,0.0348418002948165,0.09596366100013257,0.021751330234110355,0.06112186070531607,0.0,1.0,-0.009866842627525331,-0.015405554324388504,0.015405554324388504,0.00023733110404168534,0.3019753754161814,0.28588678751502883,1.0562760806156766,0.3019753754161814,0.28588678751502883,1.0562760806156766,0.13019504140257454,0.13768807731046862,0.6814932701214442,0.6814932701214442,pooled,full_curve,50,2.292390267655354e-05
2,cumulative_infected,0.536847250565188,0.7246504139789477,0.5179645114112645,0.6082125456043876,0.42544507317461466,0.7764605374650273,0.33025517919418235,1.9068693150173204,0.35101546429041264,1.576614135823138,1.0,1.0,0.1878031634137597,-0.018882739153923467,0.018882739153923467,0.00035655783795511434,0.3019753754161814,0.28588678751502883,1.0562760806156766,0.3019753754161814,0.28588678751502883,1.0562760806156766,0.13019504140257454,0.13768807731046862,0.6814932701214442,0.6814932701214442,pooled,full_curve,50,2.292390267655354e-05
2,early_growth_slope,0.004247821047015132,-0.00014406694633987006,-0.00020774396918048734,0.0021835131004577153,-0.0015982577446959005,0.0013152675533742043,-0.0036391777030768805,0.003991458282828152,0.0029135252980701048,0.007630635985905033,0.0,0.0,-0.004391887993355002,-0.004455565016195619,0.004455565016195619,1.985205961354627e-05,0.3019753754161814,0.28588678751502883,1.0562760806156766,0.3019753754161814,0.28588678751502883,1.0562760806156766,0.13019504140257454,0.13768807731046862,0.6814932701214442,0.6814932701214442,pooled,full_curve,50,2.292390267655354e-05
3,peak_time,44.0,30.48,31.5,11.097802130206329,24.0,39.0,8.850000000000001,46.05,15.0,37.199999999999996,0.0,1.0,-13.52,-12.5,12.5,156.25,0.2495076042891686,0.1764889868754388,1.4137290303857,0.2495076042891686,0.1764889868754388,1.4137290303857,0.41698839604645543,0.25440669602818106,0.3467917697973054,0.3467917697973054,pooled,full_curve,50,0.00014082337989292277
3,peak_height,0.08916101604700089,0.10600209150463343,0.08746886998414993,0.05932624570155199,0.06044235546141863,0.13615362346172333,0.047371048107743265,0.2034272499382495,0.0757112680003047,0.15605620183050625,1.0,1.0,0.01684107545763254,-0.0016921460628509521,0.0016921460628509521,2.8633582980219785e-06,0.2495076042891686,0.1764889868754388,1.4137290303857,0.2495076042891686,0.1764889868754388,1.4137290303857,0.41698839604645543,0.25440669602818106,0.3467917697973054,0.3467917697973054,pooled,full_curve,50,0.00014082337989292277
3,cumulative_infected,1.6870697094127536,2.2358155237483834,1.7836169021902606,1.6204405020868802,0.9578166751634853,3.121002408093773,0.529308399411093,4.89769455671776,2.1631857329302875,4.368386157306667,1.0,1.0,0.5487458143356299,0.09654719277750701,0.09654719277750701,0.009321360433217102,0.2495076042891686,0.1764889868754388,1.4137290303857,0.2495076042891686,0.1764889868754388,1.4137290303857,0.41698839604645543,0.25440669602818106,0.3467917697973054,0.3467917697973054,pooled,full_curve,50,0.00014082337989292277
3,early_growth_slope,0.0004549914225381577,0.001013711386222851,0.0010522219419640136,0.002582544760370497,-0.0010365102186499693,0.0030120129512007606,-0.0025923161558845686,0.005073714910291267,0.00404852316985073,0.007666031066175836,1.0,1.0,0.0005587199636846933,0.0005972305194258559,0.0005972305194258559,3.566842933336776e-07,0.2495076042891686,0.1764889868754388,1.4137290303857,0.2495076042891686,0.1764889868754388,1.4137290303857,0.41698839604645543,0.25440669602818106,0.3467917697973054,0.3467917697973054,pooled,full_curve,50,0.00014082337989292277
4,peak_time,26.0,25.84,26.0,2.809507667427397,24.0,28.0,21.95,30.0,4.0,8.05,1.0,1.0,-0.16000000000000014,0.0,0.0,0.0,0.33914337645719456,0.17664203646373305,1.919947161200359,0.33914337645719456,0.17664203646373305,1.919947161200359,0.917557242696752,0.24002109931769794,0.16419880864677913,0.16419880864677913,pooled,full_curve,50,0.0030780689097776462
4,peak_height,0.17941267788410187,0.19250029489398002,0.19270534813404083,0.019574344983083046,0.18117127940058708,0.20443271845579147,0.16048157662153245,0.2234370581805706,0.02326143905520439,0.06295548155903816,0.0,1.0,0.01308761700987815,0.013292670249938965,0.013292670249938965,0.00017669508237361242,0.33914337645719456,0.17664203646373305,1.919947161200359,0.33914337645719456,0.17664203646373305,1.919947161200359,0.917557242696752,0.24002109931769794,0.16419880864677913,0.16419880864677913,pooled,full_curve,50,0.0030780689097776462
4,cumulative_infected,4.054815023206174,4.525915864371637,4.51363695319742,0.41933962079195086,4.255209466035012,4.8402239116840065,3.858902092091739,5.160737361293286,0.5850144456489943,1.301835269201547,0.0,1.0,0.47110084116546247,0.45882192999124527,0.45882192999124527,0.21051756344089118,0.33914337645719456,0.17664203646373305,1.919947161200359,0.33914337645719456,0.17664203646373305,1.919947161200359,0.917557242696752,0.24002109931769794,0.16419880864677913,0.16419880864677913,pooled,full_curve,50,0.0030780689097776462
4,early_growth_slope,0.007463921185782444,0.002422592715640695,0.0024044593682490466,0.0025438182852982544,0.0009196300303474784,0.004215214160337512,-0.0016301107852043383,0.00642356229745062,0.0032955841299900333,0.008053673082654958,0.0,0.0,-0.00504132847014175,-0.005059461817533398,0.005059461817533398,2.5598153883078356e-05,0.33914337645719456,0.17664203646373305,1.919947161200359,0.33914337645719456,0.17664203646373305,1.919947161200359,0.917557242696752,0.24002109931769794,0.16419880864677913,0.16419880864677913,pooled,full_curve,50,0.0030780689097776462
5,peak_time,23.0,24.22,24.0,3.494815785379449,21.75,26.25,18.95,30.049999999999997,4.5,11.099999999999998,1.0,1.0,1.2199999999999989,1.0,1.0,1.0,0.38024656943060103,0.21502581236262275,1.7683763881768182,0.38024656943060103,0.21502581236262275,1.7683763881768182,0.8360565185976389,0.2979746339392359,0.2502840719369524,0.2502840719369524,pooled,full_curve,50,0.0025075760507690626
5,peak_height,0.15708495676517487,0.15467182256281375,0.15392722934484482,0.016184024663148666,0.14305943250656128,0.16503634303808212,0.12706556618213655,0.17756559923291207,0.021976910531520844,0.05050003305077552,1.0,1.0,-0.0024131342023611113,-0.0031577274203300476,0.0031577274203300476,9.971242461104257e-06,0.38024656943060103,0.21502581236262275,1.7683763881768182,0.38024656943060103,0.21502581236262275,1.7683763881768182,0.8360565185976389,0.2979746339392359,0.2502840719369524,0.2502840719369524,pooled,full_curve,50,0.0025075760507690626
5,cumulative_infected,3.151591646950692,3.4278322676359676,3.4311995431780815,0.3327921501601271,3.2010145169479074,3.6266546845436096,2.8504834001651034,3.9476797131821515,0.4256401675957022,1.0971963130170481,0.0,1.0,0.27624062068527566,0.2796078962273896,0.2796078962273896,0.07818057563270665,0.38024656943060103,0.21502581236262275,1.7683763881768182,0.38024656943060103,0.21502581236262275,1.7683763881768182,0.8360565185976389,0.2979746339392359,0.2502840719369524,0.2502840719369524,pooled,full_curve,50,0.0025075760507690626
5,early_growth_slope,0.003787844502810566,0.002530259008814201,0.0025150015502558316,0.00250082242025576,0.000760756453798552,0.004452416812065555,-0.001790154006032803,0.00604911619337231,0.003691660358267003,0.007839270199405113,1.0,1.0,-0.001257585493996365,-0.0012728429525547345,0.0012728429525547345,1.620129181868254e-06,0.38024656943060103,0.21502581236262275,1.7683763881768182,0.38024656943060103,0.21502581236262275,1.7683763881768182,0.8360565185976389,0.2979746339392359,0.2502840719369524,0.2502840719369524,pooled,full_curve,50,0.0025075760507690626
6,peak_time,47.0,23.63,25.5,15.581428339241208,8.0,39.25,2.0,47.05,31.25,45.05,0.0,1.0,-23.37,-21.5,21.5,462.25,0.18175408828914721,0.1512011235710007,1.2020683708993705,0.18175408828914721,0.1512011235710007,1.2020683708993705,0.7221485915160983,0.4838620984718143,0.2337648838686423,0.2337648838686423,pooled,full_curve,50,0.00030710558356338003
6,peak_height,0.07506757229566574,0.07343966469168663,0.05310882069170475,0.049281031358550914,0.04477965645492077,0.07249509170651436,0.03658710494637489,0.18462230861186976,0.02771543525159359,0.14803520366549489,0.0,1.0,-0.0016279076039791146,-0.02195875160396099,0.02195875160396099,0.0004821867720044594,0.18175408828914721,0.1512011235710007,1.2020683708993705,0.18175408828914721,0.1512011235710007,1.2020683708993705,0.7221485915160983,0.4838620984718143,0.2337648838686423,0.2337648838686423,pooled,full_curve,50,0.00030710558356338003
6,cumulative_infected,0.9656089027412236,1.1971204620529534,0.5932203611155273,1.277880701620508,0.46744977237540297,1.26002286466246,0.3650644849985838,4.17575570438057,0.7925730922870571,3.8106912193819866,1.0,1.0,0.23151155931172984,-0.37238854162569623,0.37238854162569623,0.1386732259341129,0.18175408828914721,0.1512011235710007,1.2020683708993705,0.18175408828914721,0.1512011235710007,1.2020683708993705,0.7221485915160983,0.4838620984718143,0.2337648838686423,0.2337648838686423,pooled,full_curve,50,0.00030710558356338003
6,early_growth_slope,0.002249758259581757,0.00010220479551641128,-7.392454981094211e-05,0.0025571102720175166,-0.0015166217455684769,0.0016246475002151864,-0.003579135972471529,0.0042276678629388584,0.0031412692457836633,0.007806803835410388,0.0,1.0,-0.0021475534640653456,-0.002323682809392699,0.002323682809392699,5.399501798667146e-06,0.18175408828914721,0.1512011235710007,1.2020683708993705,0.18175408828914721,0.1512011235710007,1.2020683708993705,0.7221485915160983,0.4838620984718143,0.2337648838686423,0.2337648838686423,pooled,full_curve,50,0.00030710558356338003
7,peak_time,24.0,22.85,22.0,2.8863139262401933,21.0,25.0,19.0,28.0,4.0,9.0,1.0,1.0,-1.1499999999999986,-2.0,2.0,4.0,0.38014901514500415,0.17838422349335806,2.1310685872350064,0.38014901514500415,0.17838422349335806,2.1310685872350064,0.5203767225037499,0.2023453575170162,0.6280045942112092,0.6280045942112092,pooled,full_curve,50,0.0016660444103145462
7,peak_height,0.2239007204771042,0.2087111783027649,0.20444393903017044,0.019144019650306415,0.19656281173229218,0.22122832015156746,0.18119961023330688,0.24727973714470863,0.024665508419275284,0.06608012691140175,0.0,1.0,-0.015189542174339293,-0.019456781446933746,0.019456781446933746,0.00037856634427374525,0.38014901514500415,0.17838422349335806,2.1310685872350064,0.38014901514500415,0.17838422349335806,2.1310685872350064,0.5203767225037499,0.2023453575170162,0.6280045942112092,0.6280045942112092,pooled,full_curve,50,0.0016660444103145462
7,cumulative_infected,4.387338696978986,4.514295546691792,4.494950116146356,0.2975065764529358,4.340672201295092,4.709540280862711,3.9871407634997014,5.01404419655446,0.36886807956761913,1.0269034330547586,1.0,1.0,0.12695684971280574,0.1076114191673696,0.1076114191673696,0.011580217535215322,0.38014901514500415,0.17838422349335806,2.1310685872350064,0.38014901514500415,0.17838422349335806,2.1310685872350064,0.5203767225037499,0.2023453575170162,0.6280045942112092,0.6280045942112092,pooled,full_curve,50,0.0016660444103145462
7,early_growth_slope,0.0052467633175270045,0.003254473705776382,0.0029579882717544453,0.0025739266207715802,0.0016188538699809984,0.0050523788640497325,-0.00036444470918337973,0.007803917672468478,0.003433524994068734,0.008168362381651858,0.0,1.0,-0.0019922896117506223,-0.002288775045772559,0.002288775045772559,5.23849121015118e-06,0.38014901514500415,0.17838422349335806,2.1310685872350064,0.38014901514500415,0.17838422349335806,2.1310685872350064,0.5203767225037499,0.2023453575170162,0.6280045942112092,0.6280045942112092,pooled,full_curve,50,0.0016660444103145462
8,peak_time,26.0,26.95,27.0,2.244521950856972,25.0,28.0,24.0,30.049999999999997,3.0,6.049999999999997,1.0,1.0,0.9499999999999993,1.0,1.0,1.0,0.31741533393114496,0.11524265800370648,2.7543215284129956,0.31741533393114496,0.11524265800370648,2.7543215284129956,0.4925504189295422,0.12980289857070007,0.39929238147204527,0.39929238147204527,pooled,full_curve,50,0.00580530930140112
8,peak_height,0.30716973543167114,0.2979346913099289,0.29963691532611847,0.02221175592698824,0.28085196018218994,0.31334224343299866,0.26256897747516633,0.3327499955892563,0.032490283250808716,0.07018101811408994,1.0,1.0,-0.009235044121742253,-0.007532820105552673,0.007532820105552673,5.674337874261859e-05,0.31741533393114496,0.11524265800370648,2.7543215284129956,0.31741533393114496,0.11524265800370648,2.7543215284129956,0.4925504189295422,0.12980289857070007,0.39929238147204527,0.39929238147204527,pooled,full_curve,50,0.00580530930140112
8,cumulative_infected,7.049903569277376,7.376022427810821,7.426442864816636,0.5130654749090349,7.027905892347917,7.715661748778075,6.588132473849692,8.184512637881562,0.687755856430158,1.5963801640318707,1.0,1.0,0.32611885853344535,0.3765392955392599,0.3765392955392599,0.14178184108520211,0.31741533393114496,0.11524265800370648,2.7543215284129956,0.31741533393114496,0.11524265800370648,2.7543215284129956,0.4925504189295422,0.12980289857070007,0.39929238147204527,0.39929238147204527,pooled,full_curve,50,0.00580530930140112
8,early_growth_slope,0.004321882079931951,0.0038893322101059653,0.004268924608671416,0.002683324690345011,0.0021278549355061146,0.00562906314596711,-0.0008688442777687041,0.00804413428981899,0.0035012082104609954,0.008912978567587694,1.0,1.0,-0.0004325498698259855,-5.295747126053511e-05,5.295747126053511e-05,2.8044937623104026e-09,0.31741533393114496,0.11524265800370648,2.7543215284129956,0.31741533393114496,0.11524265800370648,2.7543215284129956,0.4925504189295422,0.12980289857070007,0.39929238147204527,0.39929238147204527,pooled,full_curve,50,0.00580530930140112
9,peak_time,27.0,27.75,28.0,3.6663222978782417,25.0,30.0,22.95,34.05,5.0,11.099999999999998,1.0,1.0,0.75,1.0,1.0,1.0,0.31731199436351926,0.1676551930410817,1.892646380990812,0.31731199436351926,0.1676551930410817,1.892646380990812,0.8213335072767307,0.23056740893602845,0.16582837346392312,0.16582837346392312,pooled,full_curve,50,0.002958047249970338
9,peak_height,0.1961476057767868,0.1866699795424938,0.18774808943271637,0.01977085283057644,0.17411068081855774,0.19924107939004898,0.15553501695394517,0.2173386923968792,0.02513039857149124,0.061803675442934025,1.0,1.0,-0.00947762623429299,-0.008399516344070435,0.008399516344070435,7.055187481430636e-05,0.31731199436351926,0.1676551930410817,1.892646380990812,0.31731199436351926,0.1676551930410817,1.892646380990812,0.8213335072767307,0.23056740893602845,0.16582837346392312,0.16582837346392312,pooled,full_curve,50,0.002958047249970338
9,cumulative_infected,3.9166317521594465,4.525993611575687,4.522167964838445,0.467410095863172,4.268079652450979,4.765672101289965,3.7763286992907523,5.41558746790979,0.49759244883898646,1.639258768619038,0.0,1.0,0.6093618594162402,0.6055362126789987,0.6055362126789987,0.36667410486562557,0.31731199436351926,0.1676551930410817,1.892646380990812,0.31731199436351926,0.1676551930410817,1.892646380990812,0.8213335072767307,0.23056740893602845,0.16582837346392312,0.16582837346392312,pooled,full_curve,50,0.002958047249970338
9,early_growth_slope,0.0002945735371516398,0.002087230973151469,0.0024557132634245565,0.0025709753912820143,0.0003816274263607787,0.0036704251792148814,-0.0024346319188009043,0.005838314130891201,0.003288797752854103,0.008272946049692106,0.0,1.0,0.0017926574359998291,0.0021611397262729167,0.0021611397262729167,4.670524916474977e-06,0.31731199436351926,0.1676551930410817,1.892646380990812,0.31731199436351926,0.1676551930410817,1.892646380990812,0.8213335072767307,0.23056740893602845,0.16582837346392312,0.16582837346392312,pooled,full_curve,50,0.002958047249970338
10,peak_time,1.0,22.53,23.5,16.021106659212357,6.5,37.0,0.0,46.0,30.5,46.0,0.0,1.0,21.53,22.5,22.5,506.25,0.11062663265868981,0.20268610886384397,0.5458027354652318,0.11062663265868981,0.20268610886384397,0.5458027354652318,0.388590108705298,0.42157454286836554,0.10500316098674117,0.10500316098674117,pooled,full_curve,50,0.00013966331771112818
10,peak_height,0.03947296366095543,0.051346354708075526,0.047748832032084465,0.017075796057415656,0.04209234658628702,0.05518051888793707,0.03580216653645039,0.0740019533783197,0.013088172301650047,0.03819978684186932,0.0,1.0,0.011873391047120097,0.008275868371129036,0.008275868371129036,6.848999729625396e-05,0.11062663265868981,0.20268610886384397,0.5458027354652318,0.11062663265868981,0.20268610886384397,0.5458027354652318,0.388590108705298,0.42157454286836554,0.10500316098674117,0.10500316098674117,pooled,full_curve,50,0.00013966331771112818
10,cumulative_infected,0.33445392281282693,0.5553638879005757,0.4806747684488073,0.3435378663180532,0.40212964337843005,0.5667294295999454,0.3065848726022523,1.1261371350730764,0.1645997862215154,0.8195522624708241,0.0,1.0,0.22090996508774874,0.14622084563598037,0.14622084563598037,0.0213805356985012,0.11062663265868981,0.20268610886384397,0.5458027354652318,0.11062663265868981,0.20268610886384397,0.5458027354652318,0.388590108705298,0.42157454286836554,0.10500316098674117,0.10500316098674117,pooled,full_curve,50,0.00013966331771112818
10,early_growth_slope,-0.003930952167138455,-0.0007453610253270146,-0.0008377727520252969,0.0020337132693786994,-0.0020072384397627446,0.0005463608616818897,-0.004165351727611517,0.0024066717286976716,0.002553599301444634,0.006572023456309189,0.0,1.0,0.00318559114181144,0.003093179415113158,0.003093179415113158,9.567758894079778e-06,0.11062663265868981,0.20268610886384397,0.5458027354652318,0.11062663265868981,0.20268610886384397,0.5458027354652318,0.388590108705298,0.42157454286836554,0.10500316098674117,0.10500316098674117,pooled,full_curve,50,0.00013966331771112818
11,peak_time,1.0,22.7,21.5,15.073221958228446,10.0,35.0,1.0,47.0,25.0,46.0,0.0,1.0,21.7,20.5,20.5,420.25,0.16037610911444705,0.409911853429864,0.3912453562211697,0.16037610911444705,0.409911853429864,0.3912453562211697,0.11489960090513164,0.46824899449326457,0.27019603123738367,0.27019603123738367,pooled,full_curve,50,1.5980919736458885e-06
11,peak_height,0.04933399707078934,0.05326859850436449,0.04722820408642292,0.02253160605702479,0.04237167164683342,0.054860218428075314,0.03547530844807625,0.09912821315228937,0.012488546781241894,0.06365290470421311,1.0,1.0,0.003934601433575151,-0.002105792984366417,0.002105792984366417,4.434364093006821e-06,0.16037610911444705,0.409911853429864,0.3912453562211697,0.16037610911444705,0.409911853429864,0.3912453562211697,0.11489960090513164,0.46824899449326457,0.27019603123738367,0.27019603123738367,pooled,full_curve,50,1.5980919736458885e-06
11,cumulative_infected,0.5256599262356758,0.6294464245225402,0.46746677297051065,0.5201876814777053,0.3943718904920388,0.5868474372982746,0.30856856019236145,1.5876888437032892,0.1924755468062358,1.2791202835109279,1.0,1.0,0.10378649828686437,-0.058193153265165165,0.058193153265165165,0.003386443086943003,0.16037610911444705,0.409911853429864,0.3912453562211697,0.16037610911444705,0.409911853429864,0.3912453562211697,0.11489960090513164,0.46824899449326457,0.27019603123738367,0.27019603123738367,pooled,full_curve,50,1.5980919736458885e-06
11,early_growth_slope,-0.006047171651430072,-0.00041572715652710824,-0.0004063226071940281,0.0020724956397425026,-0.0016800722521674312,0.0009358259527029343,-0.004104888749064964,0.002671940860870692,0.0026158982048703656,0.006776829609935656,0.0,0.0,0.0056314444949029634,0.0056408490442360435,0.0056408490442360435,3.1819177939858684e-05,0.16037610911444705,0.409911853429864,0.3912453562211697,0.16037610911444705,0.409911853429864,0.3912453562211697,0.11489960090513164,0.46824899449326457,0.27019603123738367,0.27019603123738367,pooled,full_curve,50,1.5980919736458885e-06
12,peak_time,25.0,23.29,21.0,15.142618297008244,10.0,38.0,1.9500000000000002,48.0,28.0,46.05,1.0,1.0,-1.7100000000000009,-4.0,4.0,16.0,0.1,0.10835334763061549,0.9229064185530044,0.1,0.10835334763061549,0.9229064185530044,0.4408165153540289,0.398979304211287,0.27454790386162986,0.27454790386162986,pooled,full_curve,50,0.00010140752294681228
12,peak_height,0.05847488343715668,0.061204993072897194,0.05474208854138851,0.02669057222205751,0.0456814868375659,0.06477981805801392,0.03602043651044369,0.11272509507834909,0.019098331220448017,0.0767046585679054,1.0,1.0,0.002730109635740517,-0.0037327948957681656,0.0037327948957681656,1.393375773387287e-05,0.1,0.10835334763061549,0.9229064185530044,0.1,0.10835334763061549,0.9229064185530044,0.4408165153540289,0.398979304211287,0.27454790386162986,0.27454790386162986,pooled,full_curve,50,0.00010140752294681228
12,cumulative_infected,0.8331269728951156,0.8649547890735266,0.5938688419555547,0.648566206898179,0.48652889263030374,0.9903694045715383,0.3295193791338534,2.2912257364252575,0.5038405119412346,1.9617063572914042,1.0,1.0,0.03182781617841102,-0.23925813093956094,0.23925813093956094,0.05724445322069209,0.1,0.10835334763061549,0.9229064185530044,0.1,0.10835334763061549,0.9229064185530044,0.4408165153540289,0.398979304211287,0.27454790386162986,0.27454790386162986,pooled,full_curve,50,0.00010140752294681228
12,early_growth_slope,0.0008220421150326734,0.00021985031009708598,0.00013647236794765566,0.002239045293540129,-0.0010679638902989339,0.0018027608270391026,-0.0036385078561146475,0.0036910107269206814,0.0028707247173380365,0.0073295185830353285,1.0,1.0,-0.0006021918049355874,-0.0006855697470850178,0.0006855697470850178,4.7000587811821524e-07,0.1,0.10835334763061549,0.9229064185530044,0.1,0.10835334763061549,0.9229064185530044,0.4408165153540289,0.398979304211287,0.27454790386162986,0.27454790386162986,pooled,full_curve,50,0.00010140752294681228
13,peak_time,16.0,16.12,16.0,1.281413361105698,15.0,17.0,14.0,18.0,2.0,4.0,1.0,1.0,0.120000000000001,0.0,0.0,0.0,0.4818596741484221,0.10976197927703868,4.390041773319436,0.4818596741484221,0.10976197927703868,4.390041773319436,0.8857494005908546,0.11499398706729289,0.4624837960733643,0.4624837960733643,pooled,full_curve,50,0.00991028805880646
13,peak_height,0.4790096580982208,0.44335150748491287,0.4421481043100357,0.022903898694079196,0.4259941652417183,0.4559200182557106,0.4068958625197411,0.4833898708224297,0.02992585301399231,0.0764940083026886,0.0,1.0,-0.03565815061330796,-0.03686155378818512,0.03686155378818512,0.0013587741476792647,0.4818596741484221,0.10976197927703868,4.390041773319436,0.4818596741484221,0.10976197927703868,4.390041773319436,0.8857494005908546,0.11499398706729289,0.4624837960733643,0.4624837960733643,pooled,full_curve,50,0.00991028805880646
13,cumulative_infected,8.525846801232547,8.486659487877624,8.504709305008873,0.4669048979214918,8.223248050548136,8.81959521677345,7.6600948150269685,9.20133005939424,0.5963471662253141,1.5412352443672708,1.0,1.0,-0.03918731335492254,-0.021137496223673224,0.021137496223673224,0.0004467937466057998,0.4818596741484221,0.10976197927703868,4.390041773319436,0.4818596741484221,0.10976197927703868,4.390041773319436,0.8857494005908546,0.11499398706729289,0.4624837960733643,0.4624837960733643,pooled,full_curve,50,0.00991028805880646
13,early_growth_slope,0.006811013744611824,0.013695540509470442,0.01385421981571458,0.0028073888423400303,0.012090327074041677,0.015504053674660446,0.009068388131535834,0.017889184762801345,0.003413726600618769,0.008820796631265511,0.0,0.0,0.0068845267648586185,0.007043206071102756,0.007043206071102756,4.960675176001872e-05,0.4818596741484221,0.10976197927703868,4.390041773319436,0.4818596741484221,0.10976197927703868,4.390041773319436,0.8857494005908546,0.11499398706729289,0.4624837960733643,0.4624837960733643,pooled,full_curve,50,0.00991028805880646
14,peak_time,20.0,19.99,20.0,7.422998658959133,16.0,23.0,7.0,31.14999999999999,7.0,24.14999999999999,1.0,1.0,-0.010000000000001563,0.0,0.0,0.0,0.502229154970131,0.3501909066781886,1.4341581845574862,0.502229154970131,0.3501909066781886,1.4341581845574862,0.8037411183808738,0.47230043301312946,0.6032136214458038,0.6032136214458038,pooled,full_curve,50,0.000354213201834017
14,peak_height,0.08384277671575546,0.08173325382173062,0.0795188657939434,0.014874511273904219,0.07136892713606358,0.09161388128995895,0.059798844158649445,0.10974906124174594,0.020244954153895378,0.04995021708309649,1.0,1.0,-0.002109522894024843,-0.0043239109218120575,0.0043239109218120575,1.8696205659765597e-05,0.502229154970131,0.3501909066781886,1.4341581845574862,0.502229154970131,0.3501909066781886,1.4341581845574862,0.8037411183808738,0.47230043301312946,0.6032136214458038,0.6032136214458038,pooled,full_curve,50,0.000354213201834017
14,cumulative_infected,1.3729581970255822,1.364158905041004,1.3817193242175563,0.2421377818503548,1.1938413664138352,1.5238586263149045,0.973777095618425,1.7581092881824587,0.33001725990106934,0.7843321925640337,1.0,1.0,-0.008799291984578295,0.008761127191974083,0.008761127191974083,7.675734967394769e-05,0.502229154970131,0.3501909066781886,1.4341581845574862,0.502229154970131,0.3501909066781886,1.4341581845574862,0.8037411183808738,0.47230043301312946,0.6032136214458038,0.6032136214458038,pooled,full_curve,50,0.000354213201834017
14,early_growth_slope,0.0035631630979921836,0.0015406207686447448,0.0018747558213016472,0.0026582488013817554,-0.00016113267407663812,0.0034926791115486543,-0.0028670532655225857,0.0052169728018010815,0.0036538117856252925,0.008084026067323667,0.0,1.0,-0.0020225423293474386,-0.0016884072766905364,0.0016884072766905364,2.8507191319815538e-06,0.502229154970131,0.3501909066781886,1.4341581845574862,0.502229154970131,0.3501909066781886,1.4341581845574862,0.8037411183808738,0.47230043301312946,0.6032136214458038,0.6032136214458038,pooled,full_curve,50,0.000354213201834017
15,peak_time,25.0,25.21,26.5,16.200321109175707,8.0,41.25,1.9500000000000002,47.05,33.25,45.099999999999994,1.0,1.0,0.21000000000000085,1.5,1.5,2.25,0.21606832758713254,0.19219478028371326,1.1242153781084883,0.21606832758713254,0.19219478028371326,1.1242153781084883,0.223239646774186,0.19625577667810645,0.5235571582887761,0.5235571582887761,pooled,full_curve,50,2.1756046032609453e-06
15,peak_height,0.0521092563867569,0.05854289218783379,0.04889681376516819,0.028537977582565602,0.041734132915735245,0.061579760164022446,0.034796391241252424,0.12732897773385046,0.0198456272482872,0.09253258649259805,1.0,1.0,0.006433635801076892,-0.003212442621588707,0.003212442621588707,1.0319787596999724e-05,0.21606832758713254,0.19219478028371326,1.1242153781084883,0.21606832758713254,0.19219478028371326,1.1242153781084883,0.223239646774186,0.19625577667810645,0.5235571582887761,0.5235571582887761,pooled,full_curve,50,2.1756046032609453e-06
15,cumulative_infected,0.6104487359989434,0.7727000330062811,0.498434581076026,0.683163960097559,0.41640919371138807,0.7312589611465228,0.32440030805882997,2.2857116364524686,0.3148497674351347,1.9613113283936385,1.0,1.0,0.16225129700733765,-0.11201415492291744,0.11201415492291744,0.01254717090309535,0.21606832758713254,0.19219478028371326,1.1242153781084883,0.21606832758713254,0.19219478028371326,1.1242153781084883,0.223239646774186,0.19625577667810645,0.5235571582887761,0.5235571582887761,pooled,full_curve,50,2.1756046032609453e-06
15,early_growth_slope,0.00039878240620185224,-0.0002635778525252258,-0.00011925117256136418,0.002267730293420471,-0.0017845285945527604,0.0011573439876970256,-0.004002026037501524,0.0029789773018343278,0.002941872582249786,0.006981003339335852,1.0,1.0,-0.000662360258727078,-0.0005180335787632164,0.0005180335787632164,2.683587887262255e-07,0.21606832758713254,0.19219478028371326,1.1242153781084883,0.21606832758713254,0.19219478028371326,1.1242153781084883,0.223239646774186,0.19625577667810645,0.5235571582887761,0.5235571582887761,pooled,full_curve,50,2.1756046032609453e-06
16,peak_time,18.0,16.76,17.0,1.5250103493604774,16.0,18.0,14.0,19.0,2.0,5.0,1.0,1.0,-1.2399999999999984,-1.0,1.0,1.0,0.49341911354601437,0.1806898473495799,2.7307517316753187,0.49341911354601437,0.1806898473495799,2.7307517316753187,0.8042367176125458,0.20320599440074216,0.5430403169001513,0.5430403169001513,pooled,full_curve,50,0.0060870082132500536
16,peak_height,0.3132338225841522,0.2809313800930977,0.2812805473804474,0.015827990363238568,0.26979638636112213,0.2907610684633255,0.2560747489333153,0.309452560544014,0.02096468210220337,0.05337781161069871,0.0,0.0,-0.03230244249105452,-0.031953275203704834,0.031953275203704834,0.0010210117962436982,0.49341911354601437,0.1806898473495799,2.7307517316753187,0.49341911354601437,0.1806898473495799,2.7307517316753187,0.8042367176125458,0.20320599440074216,0.5430403169001513,0.5430403169001513,pooled,full_curve,50,0.0060870082132500536
16,cumulative_infected,5.049031908856705,4.9577795080920986,4.959266166901216,0.22806878885655033,4.799243690096773,5.146115159761393,4.570600571040996,5.324861323836376,0.34687146966462024,0.7542607527953802,1.0,1.0,-0.09125240076460628,-0.08976574195548892,0.08976574195548892,0.008057888428819424,0.49341911354601437,0.1806898473495799,2.7307517316753187,0.49341911354601437,0.1806898473495799,2.7307517316753187,0.8042367176125458,0.20320599440074216,0.5430403169001513,0.5430403169001513,pooled,full_curve,50,0.0060870082132500536
16,early_growth_slope,0.008839081616661996,0.008190969772837151,0.008150264936765388,0.002645565931586374,0.006498462931804602,0.010258914369236054,0.0034660245663309035,0.011933517816526414,0.003760451437431452,0.00846749325019551,1.0,1.0,-0.0006481118438248449,-0.0006888166798966078,0.0006888166798966078,4.7446841850378594e-07,0.49341911354601437,0.1806898473495799,2.7307517316753187,0.49341911354601437,0.1806898473495799,2.7307517316753187,0.8042367176125458,0.20320599440074216,0.5430403169001513,0.5430403169001513,pooled,full_curve,50,0.0060870082132500536
17,peak_time,28.0,28.05,28.0,2.3022825739915267,27.0,29.0,25.0,32.0,2.0,7.0,1.0,1.0,0.05000000000000071,0.0,0.0,0.0,0.2883464079092532,0.08739155378625335,3.299476842058505,0.2883464079092532,0.08739155378625335,3.299476842058505,0.40089247552210316,0.09472465032987573,0.4948581317635824,0.4948581317635824,pooled,full_curve,50,0.004635912763083254
17,peak_height,0.36143168807029724,0.3647336879372597,0.36051151156425476,0.03019774986373498,0.34345290809869766,0.38234637677669525,0.3207596898078918,0.42114606499671936,0.03889346867799759,0.10038637518882754,1.0,1.0,0.003301999866962446,-0.0009201765060424805,0.0009201765060424805,8.467248022725471e-07,0.2883464079092532,0.08739155378625335,3.299476842058505,0.2883464079092532,0.08739155378625335,3.299476842058505,0.40089247552210316,0.09472465032987573,0.4948581317635824,0.4948581317635824,pooled,full_curve,50,0.004635912763083254
17,cumulative_infected,8.99614045349881,9.421595638900472,9.349673429038376,0.8078385627280679,8.907022275670897,9.879313728772104,8.228746647783556,10.843986847996712,0.9722914531012066,2.6152402002131563,1.0,1.0,0.4254551854016615,0.3535329755395651,0.3535329755395651,0.12498556479385872,0.2883464079092532,0.08739155378625335,3.299476842058505,0.2883464079092532,0.08739155378625335,3.299476842058505,0.40089247552210316,0.09472465032987573,0.4948581317635824,0.4948581317635824,pooled,full_curve,50,0.004635912763083254
17,early_growth_slope,0.005685962625734862,0.003276386869229966,0.0030517786896477146,0.0027807597316631574,0.001432889288393894,0.0053142891542631255,-0.0015521929843262518,0.0077045976647198,0.0038813998658692316,0.009256790649046052,0.0,1.0,-0.002409575756504896,-0.002634183936087147,0.002634183936087147,6.938925009139575e-06,0.2883464079092532,0.08739155378625335,3.299476842058505,0.2883464079092532,0.08739155378625335,3.299476842058505,0.40089247552210316,0.09472465032987573,0.4948581317635824,0.4948581317635824,pooled,full_curve,50,0.004635912763083254
18,peak_time,16.0,19.71,19.5,4.948818857142387,16.0,23.0,12.95,27.049999999999997,7.0,14.099999999999998,1.0,1.0,3.710000000000001,3.5,3.5,12.25,0.5060039619165556,0.3335574933268726,1.5169917391743095,0.5060039619165556,0.3335574933268726,1.5169917391743095,0.7709307275198969,0.4292053339236153,0.6546799970017237,0.6546799970017237,pooled,full_curve,50,0.0004081708063458955
18,peak_height,0.10012266039848328,0.09357139457017183,0.09345799311995506,0.016317873317996816,0.08239932358264923,0.10262674652040005,0.0659982305020094,0.11835272125899791,0.020227422937750816,0.05235449075698852,1.0,1.0,-0.006551265828311448,-0.0066646672785282135,0.0066646672785282135,4.4417789933484664e-05,0.5060039619165556,0.3335574933268726,1.5169917391743095,0.5060039619165556,0.3335574933268726,1.5169917391743095,0.7709307275198969,0.4292053339236153,0.6546799970017237,0.6546799970017237,pooled,full_curve,50,0.0004081708063458955
18,cumulative_infected,1.724660231731832,1.684270706368261,1.7030560611601686,0.2792917141040314,1.476291332859546,1.8211262833629007,1.216248473210726,2.1755479256040418,0.3448349505033548,0.9592994523933158,1.0,1.0,-0.0403895253635711,-0.021604170571663417,0.021604170571663417,0.0004667401860895276,0.5060039619165556,0.3335574933268726,1.5169917391743095,0.5060039619165556,0.3335574933268726,1.5169917391743095,0.7709307275198969,0.4292053339236153,0.6546799970017237,0.6546799970017237,pooled,full_curve,50,0.0004081708063458955
18,early_growth_slope,0.00021920231492480343,0.0020128101427820057,0.0016787827868635467,0.002622859792698062,6.235023881475173e-05,0.00403107496025595,-0.0019173879703018974,0.006585774111833111,0.003968724721441198,0.008503162082135009,1.0,1.0,0.0017936078278572023,0.0014595804719387433,0.0014595804719387433,2.130375154064925e-06,0.5060039619165556,0.3335574933268726,1.5169917391743095,0.5060039619165556,0.3335574933268726,1.5169917391743095,0.7709307275198969,0.4292053339236153,0.6546799970017237,0.6546799970017237,pooled,full_curve,50,0.0004081708063458955
19,peak_time,30.0,32.21,32.0,2.8294804462939123,30.0,34.0,28.0,37.0,4.0,9.0,1.0,1.0,2.210000000000001,2.0,2.0,4.0,0.25605951103987035,0.10441743220985933,2.452267840921802,0.25605951103987035,0.10441743220985933,2.452267840921802,0.4720703531499616,0.12699829420329395,0.23870476149082823,0.23870476149082823,pooled,full_curve,50,0.003585992696651352
19,peak_height,0.25451213121414185,0.3043596066534519,0.30799658596515656,0.03941213954276505,0.27568183094263077,0.33402878791093826,0.24273912161588668,0.367503522336483,0.058346956968307495,0.1247644007205963,0.0,1.0,0.04984747543931006,0.05348445475101471,0.05348445475101471,0.00286058690001334,0.25605951103987035,0.10441743220985933,2.452267840921802,0.25605951103987035,0.10441743220985933,2.452267840921802,0.4720703531499616,0.12699829420329395,0.23870476149082823,0.23870476149082823,pooled,full_curve,50,0.003585992696651352
19,cumulative_infected,6.434641223400831,7.903496570905263,7.899876915034838,1.0788840324729494,7.165788614889607,8.67387396612321,6.324019796354697,9.702003533032258,1.5080853512336034,3.377983736677561,0.0,1.0,1.468855347504432,1.4652356916340068,1.4652356916340068,2.146915632038186,0.25605951103987035,0.10441743220985933,2.452267840921802,0.25605951103987035,0.10441743220985933,2.452267840921802,0.4720703531499616,0.12699829420329395,0.23870476149082823,0.23870476149082823,pooled,full_curve,50,0.003585992696651352
19,early_growth_slope,0.0009101526700847225,0.0020804410239733924,0.0020874178305911343,0.0024987727696551237,0.00015357541546802156,0.004192725049159933,-0.002095122960218714,0.006076793928375643,0.004039149633691911,0.008171916888594357,1.0,1.0,0.00117028835388867,0.0011772651605064118,0.0011772651605064118,1.3859532581421876e-06,0.25605951103987035,0.10441743220985933,2.452267840921802,0.25605951103987035,0.10441743220985933,2.452267840921802,0.4720703531499616,0.12699829420329395,0.23870476149082823,0.23870476149082823,pooled,full_curve,50,0.003585992696651352
20,peak_time,38.0,23.76,25.0,13.402185861216292,13.75,34.0,1.0,44.0,20.25,43.0,0.0,1.0,-14.239999999999998,-13.0,13.0,169.0,0.37641763792032984,0.3019187761467997,1.2467513373110228,0.37641763792032984,0.3019187761467997,1.2467513373110228,0.6499290594563397,0.45730464610530314,0.4815213977348819,0.4815213977348819,pooled,full_curve,50,0.0001430620603153382
20,peak_height,0.06503339856863022,0.06791704557836056,0.061837442219257355,0.027142620010510276,0.051519288681447506,0.07459304481744766,0.04002173487097025,0.11634572669863698,0.023073756136000156,0.07632399182766672,1.0,1.0,0.0028836470097303446,-0.0031959563493728638,0.0031959563493728638,1.0214136987096722e-05,0.37641763792032984,0.3019187761467997,1.2467513373110228,0.37641763792032984,0.3019187761467997,1.2467513373110228,0.6499290594563397,0.45730464610530314,0.4815213977348819,0.4815213977348819,pooled,full_curve,50,0.0001430620603153382
20,cumulative_infected,1.1602840846171603,1.0613053423305974,0.7739040219603339,0.8082295927733953,0.5830084761837497,1.2134681033930974,0.3797402544878423,2.671065585117321,0.6304596272093477,2.2913253306294785,1.0,1.0,-0.09897874228656289,-0.38638006265682634,0.38638006265682634,0.14928955281869305,0.37641763792032984,0.3019187761467997,1.2467513373110228,0.37641763792032984,0.3019187761467997,1.2467513373110228,0.6499290594563397,0.45730464610530314,0.4815213977348819,0.4815213977348819,pooled,full_curve,50,0.0001430620603153382
20,early_growth_slope,-0.0015557680467498426,0.00010696876186990513,-3.439832999858849e-05,0.0023661293732436723,-0.0012736542897376537,0.001535704136282826,-0.003745552677754033,0.004008164012962618,0.00280935842602048,0.007753716690716651,0.0,1.0,0.0016627368086197477,0.0015213697167512541,0.0015213697167512541,2.3145658150477913e-06,0.37641763792032984,0.3019187761467997,1.2467513373110228,0.37641763792032984,0.3019187761467997,1.2467513373110228,0.6499290594563397,0.45730464610530314,0.4815213977348819,0.4815213977348819,pooled,full_curve,50,0.0001430620603153382
21,peak_time,17.0,21.39,19.0,15.22417999649428,8.0,33.25,1.0,46.0,25.25,45.0,1.0,1.0,4.390000000000001,2.0,2.0,4.0,0.2007744863846758,0.4567619512954451,0.43956044459318333,0.2007744863846758,0.4567619512954451,0.43956044459318333,0.1863113171088373,0.4910119493814975,0.17075657995142687,0.17075657995142687,pooled,full_curve,50,8.887025095734323e-06
21,peak_height,0.03852103278040886,0.05157274797558784,0.04923244006931782,0.014582502751877125,0.04188335593789816,0.05731862597167492,0.03524265754967928,0.07548191100358963,0.01543527003377676,0.04023925345391035,0.0,1.0,0.013051715195178983,0.010711407288908958,0.010711407288908958,0.00011473424610889196,0.2007744863846758,0.4567619512954451,0.43956044459318333,0.2007744863846758,0.4567619512954451,0.43956044459318333,0.1863113171088373,0.4910119493814975,0.17075657995142687,0.17075657995142687,pooled,full_curve,50,8.887025095734323e-06
21,cumulative_infected,0.3094400166301057,0.5622513251623965,0.4694226348074153,0.32242658612574565,0.4158021691691829,0.544337249812088,0.34471282234298994,1.1331212903751287,0.1285350806429051,0.7884084680321387,0.0,0.0,0.25281130853229083,0.15998261817730963,0.15998261817730963,0.025594438118866844,0.2007744863846758,0.4567619512954451,0.43956044459318333,0.2007744863846758,0.4567619512954451,0.43956044459318333,0.1863113171088373,0.4910119493814975,0.17075657995142687,0.17075657995142687,pooled,full_curve,50,8.887025095734323e-06
21,early_growth_slope,-0.0030711837378995725,-0.00046458818109385827,-0.00046258758742450843,0.002281369621870824,-0.00202307707721567,0.0006984760664289802,-0.004092722567397033,0.003547200211462386,0.0027215531436446502,0.007639922778859419,0.0,1.0,0.002606595556805714,0.002608596150475064,0.002608596150475064,6.804773876273323e-06,0.2007744863846758,0.4567619512954451,0.43956044459318333,0.2007744863846758,0.4567619512954451,0.43956044459318333,0.1863113171088373,0.4910119493814975,0.17075657995142687,0.17075657995142687,pooled,full_curve,50,8.887025095734323e-06
22,peak_time,15.0,14.98,15.0,1.2551308837541748,14.0,16.0,13.0,17.0,2.0,4.0,1.0,1.0,-0.019999999999999574,0.0,0.0,0.0,0.5356553852192198,0.158484596642381,3.379857705843308,0.5356553852192198,0.158484596642381,3.379857705843308,0.9252126089336355,0.17198195208524397,0.5437743558180992,0.5437743558180992,pooled,full_curve,50,0.008328448765604702
22,peak_height,0.39434483647346497,0.3512224045395851,0.35040387511253357,0.021287890543368684,0.3370932638645172,0.36436207592487335,0.3169291615486145,0.38703705966472624,0.02726881206035614,0.07010789811611173,0.0,0.0,-0.04312243193387988,-0.043940961360931396,0.043940961360931396,0.001930808085322866,0.5356553852192198,0.158484596642381,3.379857705843308,0.5356553852192198,0.158484596642381,3.379857705843308,0.9252126089336355,0.17198195208524397,0.5437743558180992,0.5437743558180992,pooled,full_curve,50,0.008328448765604702
22,cumulative_infected,6.021875278034713,5.899596225489659,5.920347822830081,0.297623180366807,5.749862767406739,6.05024577723816,5.473461029422469,6.426959974016063,0.3003830098314211,0.9534989445935933,1.0,1.0,-0.12227905254505433,-0.10152745520463213,0.10152745520463213,0.010307824160328584,0.5356553852192198,0.158484596642381,3.379857705843308,0.5356553852192198,0.158484596642381,3.379857705843308,0.9252126089336355,0.17198195208524397,0.5437743558180992,0.5437743558180992,pooled,full_curve,50,0.008328448765604702
22,early_growth_slope,0.006539182418713436,0.013598594731364795,0.013403912042165407,0.0029635915901448195,0.011380641949861974,0.015667486294876735,0.008953554395286898,0.01841902920554968,0.004286844345014761,0.009465474810262784,0.0,0.0,0.00705941231265136,0.0068647296234519714,0.0068647296234519714,4.712451280309905e-05,0.5356553852192198,0.158484596642381,3.379857705843308,0.5356553852192198,0.158484596642381,3.379857705843308,0.9252126089336355,0.17198195208524397,0.5437743558180992,0.5437743558180992,pooled,full_curve,50,0.008328448765604702
23,peak_time,19.0,22.97,24.5,13.541149407370384,13.0,33.25,1.0,45.05,20.25,44.05,1.0,1.0,3.969999999999999,5.5,5.5,30.25,0.1,0.06626777408133307,1.5090291078325044,0.1,0.06626777408133307,1.5090291078325044,0.21507551470748892,0.13235491601133975,0.1828981602748662,0.1828981602748662,pooled,full_curve,50,6.961042847955272e-05
23,peak_height,0.06574204564094543,0.0670736251398921,0.05507833883166313,0.03605460318734092,0.04858787450939417,0.0720241367816925,0.042243084870278835,0.11971697248518466,0.023436262272298336,0.07747388761490583,1.0,1.0,0.0013315794989466612,-0.010663706809282303,0.010663706809282303,0.00011371464291433375,0.1,0.06626777408133307,1.5090291078325044,0.1,0.06626777408133307,1.5090291078325044,0.21507551470748892,0.13235491601133975,0.1828981602748662,0.1828981602748662,pooled,full_curve,50,6.961042847955272e-05
23,cumulative_infected,1.129954663803801,1.0628654884102615,0.6589763000956737,1.1026236570691108,0.5240041312135872,1.0835222538444214,0.3812411766964942,2.94907767784316,0.5595181226308341,2.567836501146666,0.0,1.0,-0.06708917539353942,-0.4709783637081273,0.4709783637081273,0.22182061908118503,0.1,0.06626777408133307,1.5090291078325044,0.1,0.06626777408133307,1.5090291078325044,0.21507551470748892,0.13235491601133975,0.1828981602748662,0.1828981602748662,pooled,full_curve,50,6.961042847955272e-05
23,early_growth_slope,-0.001413425824250138,-0.00031216686362529807,-0.00037342511183981295,0.002372084687222792,-0.0018782863945012802,0.0013076983235632289,-0.0038168366735113657,0.003702970416772931,0.003185984718064509,0.007519807090284297,1.0,1.0,0.00110125896062484,0.001040000712410325,0.001040000712410325,1.0816014818139838e-06,0.1,0.06626777408133307,1.5090291078325044,0.1,0.06626777408133307,1.5090291078325044,0.21507551470748892,0.13235491601133975,0.1828981602748662,0.1828981602748662,pooled,full_curve,50,6.961042847955272e-05
24,peak_time,20.0,18.72,18.0,3.052007122329087,16.75,21.0,15.0,24.049999999999997,4.25,9.049999999999997,1.0,1.0,-1.2800000000000011,-2.0,2.0,4.0,0.5023516355474897,0.3073662310052826,1.6343748430153864,0.5023516355474897,0.3073662310052826,1.6343748430153864,0.7255901579361533,0.3765224536314298,0.7198107285760984,0.7198107285760984,pooled,full_curve,50,0.0004995578795609158
24,peak_height,0.14083890616893768,0.12261355981230736,0.12172703444957733,0.015838264029400476,0.11225795932114124,0.13217312097549438,0.0976380567997694,0.15124744102358817,0.019915161654353142,0.053609384223818765,0.0,1.0,-0.018225346356630326,-0.01911187171936035,0.01911187171936035,0.000365263640617286,0.5023516355474897,0.3073662310052826,1.6343748430153864,0.5023516355474897,0.3073662310052826,1.6343748430153864,0.7255901579361533,0.3765224536314298,0.7198107285760984,0.7198107285760984,pooled,full_curve,50,0.0004995578795609158
24,cumulative_infected,2.2111503419000655,2.1624556947027305,2.1640851204283535,0.22235110135586109,2.005246455431916,2.3076970379042905,1.7902423447099864,2.493324035999831,0.30245058247237466,0.7030816912898445,1.0,1.0,-0.04869464719733507,-0.04706522147171199,0.04706522147171199,0.0022151350721812996,0.5023516355474897,0.3073662310052826,1.6343748430153864,0.5023516355474897,0.3073662310052826,1.6343748430153864,0.7255901579361533,0.3765224536314298,0.7198107285760984,0.7198107285760984,pooled,full_curve,50,0.0004995578795609158
24,early_growth_slope,0.000492697515125786,0.0028961496311724964,0.002828546977114109,0.0028432454359946244,0.0009863630094471213,0.004649369252937114,-0.0014557912649165448,0.00783605719251292,0.003663006243489993,0.009291848457429464,0.0,1.0,0.0024034521160467104,0.002335849461988323,0.002335849461988323,5.456192709071138e-06,0.5023516355474897,0.3073662310052826,1.6343748430153864,0.5023516355474897,0.3073662310052826,1.6343748430153864,0.7255901579361533,0.3765224536314298,0.7198107285760984,0.7198107285760984,pooled,full_curve,50,0.0004995578795609158
25,peak_time,22.0,17.67,17.0,2.6932575746920984,16.0,19.0,13.0,23.0,3.0,10.0,0.0,1.0,-4.329999999999998,-5.0,5.0,25.0,0.5179133917717405,0.29667348404606514,1.745735361004905,0.5179133917717405,0.29667348404606514,1.745735361004905,0.7241602925207351,0.3521885800426382,0.7985623411296857,0.7985623411296857,pooled,full_curve,50,0.0006008900831176418
25,peak_height,0.13310858607292175,0.13385769858956337,0.1340591311454773,0.015495178004185376,0.123493118211627,0.14330415055155754,0.11056104600429535,0.15776104852557182,0.019811032339930534,0.04720000252127647,1.0,1.0,0.0007491125166416146,0.000950545072555542,0.000950545072555542,9.035359349596206e-07,0.5179133917717405,0.29667348404606514,1.745735361004905,0.5179133917717405,0.29667348404606514,1.745735361004905,0.7241602925207351,0.3521885800426382,0.7985623411296857,0.7985623411296857,pooled,full_curve,50,0.0006008900831176418
25,cumulative_infected,2.379501745570451,2.3372675915007037,2.3483807314710248,0.21949433757161163,2.1802026791483513,2.483393133356003,2.0162122025096325,2.706604196073022,0.3031904542076518,0.6903919935633893,1.0,1.0,-0.04223415406974729,-0.031121014099426247,0.031121014099426247,0.0009685175185766872,0.5179133917717405,0.29667348404606514,1.745735361004905,0.5179133917717405,0.29667348404606514,1.745735361004905,0.7241602925207351,0.3521885800426382,0.7985623411296857,0.7985623411296857,pooled,full_curve,50,0.0006008900831176418
25,early_growth_slope,0.006851293069000044,0.003512429507380667,0.0038444078361083347,0.0027415863840730094,0.0016314794518707677,0.005779300505916276,-0.0009954156773996396,0.007242745033831201,0.004147821054045509,0.008238160711230841,0.0,1.0,-0.003338863561619377,-0.0030068852328917093,0.0030068852328917093,9.041358803782228e-06,0.5179133917717405,0.29667348404606514,1.745735361004905,0.5179133917717405,0.29667348404606514,1.745735361004905,0.7241602925207351,0.3521885800426382,0.7985623411296857,0.7985623411296857,pooled,full_curve,50,0.0006008900831176418
26,peak_time,19.0,20.52,20.0,3.517574922206112,18.0,23.0,15.95,27.0,5.0,11.05,1.0,1.0,1.5199999999999996,1.0,1.0,1.0,0.4415572647277331,0.2725600237818794,1.620036785295765,0.4415572647277331,0.2725600237818794,1.620036785295765,0.664046959829155,0.3416518139936517,0.5809892329720586,0.5809892329720586,pooled,full_curve,50,0.000626749161401612
26,peak_height,0.12679849565029144,0.11827571205794811,0.11809555813670158,0.015209200342026814,0.10727391205728054,0.12906058877706528,0.09741040170192719,0.1373818628489971,0.021786676719784737,0.0399714611470699,1.0,1.0,-0.008522783592343333,-0.008702937513589859,0.008702937513589859,7.574112136544964e-05,0.4415572647277331,0.2725600237818794,1.620036785295765,0.4415572647277331,0.2725600237818794,1.620036785295765,0.664046959829155,0.3416518139936517,0.5809892329720586,0.5809892329720586,pooled,full_curve,50,0.000626749161401612
26,cumulative_infected,2.3016831907443702,2.295541049358908,2.297574248339515,0.2669979632450372,2.14597109038732,2.4347964134649374,1.8834033252904192,2.729917708918219,0.2888253230776172,0.8465143836278,1.0,1.0,-0.0061421413854620965,-0.004108942404855043,0.004108942404855043,1.688340768641594e-05,0.4415572647277331,0.2725600237818794,1.620036785295765,0.4415572647277331,0.2725600237818794,1.620036785295765,0.664046959829155,0.3416518139936517,0.5809892329720586,0.5809892329720586,pooled,full_curve,50,0.000626749161401612
26,early_growth_slope,0.00518428125706989,0.002279745139180921,0.0023072390994500545,0.002527043091953302,0.00041240874720859357,0.004258877674753118,-0.00119832163549117,0.006181417412811978,0.0038464689275445247,0.007379739048303148,0.0,1.0,-0.0029045361178889695,-0.002877042157619836,0.002877042157619836,8.2773715767218e-06,0.4415572647277331,0.2725600237818794,1.620036785295765,0.4415572647277331,0.2725600237818794,1.620036785295765,0.664046959829155,0.3416518139936517,0.5809892329720586,0.5809892329720586,pooled,full_curve,50,0.000626749161401612
27,peak_time,26.0,30.84,31.0,4.464721421739252,28.0,34.0,24.95,39.0,6.0,14.05,0.0,1.0,4.84,5.0,5.0,25.0,0.2841571983780574,0.16940489715485418,1.6773847931816714,0.2841571983780574,0.16940489715485418,1.6773847931816714,0.38430782761335813,0.20172222890674602,0.51857002279417,0.51857002279417,pooled,full_curve,50,0.00014677415579099798
27,peak_height,0.13938242197036743,0.17406325332820416,0.17630145698785782,0.040298057723606714,0.14398468285799026,0.20489627122879028,0.11429607681930065,0.23283949717879293,0.06091158837080002,0.11854342035949228,0.0,1.0,0.03468083135783673,0.03691903501749039,0.03691903501749039,0.0013630151466226814,0.2841571983780574,0.16940489715485418,1.6773847931816714,0.2841571983780574,0.16940489715485418,1.6773847931816714,0.38430782761335813,0.20172222890674602,0.51857002279417,0.51857002279417,pooled,full_curve,50,0.00014677415579099798
27,cumulative_infected,3.260083671659231,4.309901883830207,4.378475805977359,1.0915350165001736,3.573388300719671,5.082121513638413,2.535672232415527,5.756138315587304,1.5087332129187416,3.2204660831717766,0.0,1.0,1.049818212170976,1.1183921343181282,1.1183921343181282,1.2508009661046582,0.2841571983780574,0.16940489715485418,1.6773847931816714,0.2841571983780574,0.16940489715485418,1.6773847931816714,0.38430782761335813,0.20172222890674602,0.51857002279417,0.51857002279417,pooled,full_curve,50,0.00014677415579099798
27,early_growth_slope,-0.001507752771777587,0.0024914584013987183,0.00250351492702196,0.0024522754660091495,0.0006056882287209328,0.004036446289059571,-0.0010131476230786287,0.007098140666909913,0.0034307580603386385,0.008111288289988541,0.0,0.0,0.003999211173176306,0.004011267698799547,0.004011267698799547,1.609026855143261e-05,0.2841571983780574,0.16940489715485418,1.6773847931816714,0.2841571983780574,0.16940489715485418,1.6773847931816714,0.38430782761335813,0.20172222890674602,0.51857002279417,0.51857002279417,pooled,full_curve,50,0.00014677415579099798
28,peak_time,49.0,24.23,24.0,15.486621792549029,10.0,37.25,1.0,48.05,27.25,47.05,0.0,0.0,-24.77,-25.0,25.0,625.0,0.2203441549792636,0.3289947582764815,0.6697497435326619,0.2203441549792636,0.3289947582764815,0.6697497435326619,0.21291136386148155,0.3607346660973756,0.2282718130970415,0.2282718130970415,pooled,full_curve,50,1.52945584197873e-05
28,peak_height,0.05899753421545029,0.054660224728286265,0.049168407917022705,0.027943570108892878,0.04127185791730881,0.057563457638025284,0.03215786032378674,0.10050951056182382,0.016291599720716476,0.06835165023803708,0.0,1.0,-0.004337309487164022,-0.009829126298427582,0.009829126298427582,9.66117237904407e-05,0.2203441549792636,0.3289947582764815,0.6697497435326619,0.2203441549792636,0.3289947582764815,0.6697497435326619,0.21291136386148155,0.3607346660973756,0.2282718130970415,0.2282718130970415,pooled,full_curve,50,1.52945584197873e-05
28,cumulative_infected,0.4006822243682109,0.6432356681514739,0.452113751496654,0.5878558913048453,0.38074917531048413,0.5687994843392516,0.3143933129817015,1.8175195623887703,0.18805030902876751,1.5031262494070687,1.0,1.0,0.24255344378326305,0.05143152712844312,0.05143152712844312,0.0026452019827637807,0.2203441549792636,0.3289947582764815,0.6697497435326619,0.2203441549792636,0.3289947582764815,0.6697497435326619,0.21291136386148155,0.3607346660973756,0.2282718130970415,0.2282718130970415,pooled,full_curve,50,1.52945584197873e-05
28,early_growth_slope,-0.003514152204540247,-0.0004058064120158626,-0.00033276706623534304,0.0018885761021430485,-0.0015076465557783754,0.0008259293723053164,-0.0034910196511364526,0.002309624110265368,0.002333575928083692,0.005800643761401821,0.0,0.0,0.0031083457925243844,0.003181385138304904,0.003181385138304904,1.0121211398227315e-05,0.2203441549792636,0.3289947582764815,0.6697497435326619,0.2203441549792636,0.3289947582764815,0.6697497435326619,0.21291136386148155,0.3607346660973756,0.2282718130970415,0.2282718130970415,pooled,full_curve,50,1.52945584197873e-05
29,peak_time,34.0,33.85,34.0,2.836896155656706,32.0,36.0,29.95,38.05,4.0,8.099999999999998,1.0,1.0,-0.14999999999999858,0.0,0.0,0.0,0.22315697888503155,0.05747687320347436,3.8825525197766355,0.22315697888503155,0.05747687320347436,3.8825525197766355,0.2644606877936243,0.060421512310077086,0.7047783850734497,0.7047783850734497,pooled,full_curve,50,0.0005265382867467952
29,peak_height,0.4414178133010864,0.4486072200536728,0.4549584239721298,0.040556328291901034,0.428759828209877,0.4707221984863281,0.3829415962100029,0.5059914439916611,0.04196237027645111,0.12304984778165817,1.0,1.0,0.007189406752586391,0.013540610671043396,0.013540610671043396,0.0001833481373447743,0.22315697888503155,0.05747687320347436,3.8825525197766355,0.22315697888503155,0.05747687320347436,3.8825525197766355,0.2644606877936243,0.060421512310077086,0.7047783850734497,0.7047783850734497,pooled,full_curve,50,0.0005265382867467952
29,cumulative_infected,11.037861987948418,11.870523476810485,12.035457219230011,1.2227743182631134,11.31268710369477,12.61992653197376,9.761005004425533,13.518639751547017,1.30723942827899,3.757634747121484,0.0,1.0,0.8326614888620671,0.9975952312815934,0.9975952312815934,0.9951962454757759,0.22315697888503155,0.05747687320347436,3.8825525197766355,0.22315697888503155,0.05747687320347436,3.8825525197766355,0.2644606877936243,0.060421512310077086,0.7047783850734497,0.7047783850734497,pooled,full_curve,50,0.0005265382867467952
29,early_growth_slope,0.0009797208920298592,0.0029369537223309246,0.0031060711965740966,0.0025029127763354767,0.0010377954597407518,0.004852930585911962,-0.0012039571285380841,0.006440007590606995,0.0038151351261712105,0.007643964719145079,0.0,1.0,0.0019572328303010655,0.0021263503045442374,0.0021263503045442374,4.521365617635371e-06,0.22315697888503155,0.05747687320347436,3.8825525197766355,0.22315697888503155,0.05747687320347436,3.8825525197766355,0.2644606877936243,0.060421512310077086,0.7047783850734497,0.7047783850734497,pooled,full_curve,50,0.0005265382867467952
30,peak_time,24.0,23.23,23.0,2.8598756771735525,21.0,25.25,19.0,28.0,4.25,9.0,1.0,1.0,-0.7699999999999996,-1.0,1.0,1.0,0.4021305440810377,0.21338348364104823,1.8845439076132906,0.4021305440810377,0.21338348364104823,1.8845439076132906,0.9313846928970714,0.28726239813804616,0.2398796722252234,0.2398796722252234,pooled,full_curve,50,0.0031520465544521573
30,peak_height,0.156011700630188,0.15271287500858308,0.15210433304309845,0.01606117095783587,0.14179403334856033,0.1632792130112648,0.12487049512565136,0.1828739695250988,0.021485179662704468,0.05800347439944743,1.0,1.0,-0.0032988256216049117,-0.003907367587089539,0.003907367587089539,1.5267521460637923e-05,0.4021305440810377,0.21338348364104823,1.8845439076132906,0.4021305440810377,0.21338348364104823,1.8845439076132906,0.9313846928970714,0.28726239813804616,0.2398796722252234,0.2398796722252234,pooled,full_curve,50,0.0031520465544521573
30,cumulative_infected,2.9534763507544994,3.204512546102742,3.2306143464520574,0.26928261683484306,3.0397100923000835,3.335069130116608,2.7837762271985413,3.611857023791526,0.2953590378165245,0.8280807965929848,0.0,1.0,0.2510361953482425,0.2771379956975579,0.2771379956975579,0.07680546865925963,0.4021305440810377,0.21338348364104823,1.8845439076132906,0.4021305440810377,0.21338348364104823,1.8845439076132906,0.9313846928970714,0.28726239813804616,0.2398796722252234,0.2398796722252234,pooled,full_curve,50,0.0031520465544521573
30,early_growth_slope,0.003944328586970056,0.00279072712863819,0.0028157406722173275,0.0028724966900740877,0.0006611369067936081,0.004787767470198948,-0.0011461148947654717,0.007092341086605472,0.004126630563405341,0.008238455981370943,1.0,1.0,-0.0011536014583318661,-0.0011285879147527288,0.0011285879147527288,1.2737106813259125e-06,0.4021305440810377,0.21338348364104823,1.8845439076132906,0.4021305440810377,0.21338348364104823,1.8845439076132906,0.9313846928970714,0.28726239813804616,0.2398796722252234,0.2398796722252234,pooled,full_curve,50,0.0031520465544521573
31,peak_time,23.0,21.19,21.0,3.389511451343376,19.0,23.0,16.0,27.0,4.0,11.0,1.0,1.0,-1.8099999999999987,-2.0,2.0,4.0,0.4239550521331279,0.27610214992288684,1.5355007277253554,0.4239550521331279,0.27610214992288684,1.5355007277253554,0.7498135529285523,0.3816684833302549,0.4162231905989713,0.4162231905989713,pooled,full_curve,50,0.0008554061086793324
31,peak_height,0.1033589318394661,0.11871156223118305,0.11575883626937866,0.01691097040096634,0.10652315616607666,0.12941813841462135,0.09674851670861244,0.14751561135053634,0.022894982248544693,0.0507670946419239,0.0,1.0,0.015352630391716957,0.012399904429912567,0.012399904429912567,0.0001537576298709653,0.4239550521331279,0.27610214992288684,1.5355007277253554,0.4239550521331279,0.27610214992288684,1.5355007277253554,0.7498135529285523,0.3816684833302549,0.4162231905989713,0.4162231905989713,pooled,full_curve,50,0.0008554061086793324
31,cumulative_infected,2.2978845187462866,2.3571835660526994,2.347220967989415,0.30054187213105915,2.138388831051998,2.571561729942914,1.9472892533085542,2.7717767469293904,0.43317289889091626,0.8244874936208362,1.0,1.0,0.05929904730641278,0.0493364492431283,0.0493364492431283,0.002434085223919775,0.4239550521331279,0.27610214992288684,1.5355007277253554,0.4239550521331279,0.27610214992288684,1.5355007277253554,0.7498135529285523,0.3816684833302549,0.4162231905989713,0.4162231905989713,pooled,full_curve,50,0.0008554061086793324
31,early_growth_slope,0.000690101396425495,0.00243780852267134,0.0022124974296145535,0.0026918625056026675,0.0006872353094097748,0.004253095349884547,-0.0017961161085709328,0.007010646828538958,0.003565860040474772,0.00880676293710989,1.0,1.0,0.0017477071262458448,0.0015223960331890584,0.0015223960331890584,2.3176896818697804e-06,0.4239550521331279,0.27610214992288684,1.5355007277253554,0.4239550521331279,0.27610214992288684,1.5355007277253554,0.7498135529285523,0.3816684833302549,0.4162231905989713,0.4162231905989713,pooled,full_curve,50,0.0008554061086793324
32,peak_time,24.0,23.77,24.0,2.3218548837104573,22.0,25.0,20.0,27.0,3.0,7.0,1.0,1.0,-0.23000000000000043,0.0,0.0,0.0,0.36156638881925174,0.1578732946572209,2.2902314771114094,0.36156638881925174,0.1578732946572209,2.2902314771114094,0.9657326361519409,0.1940338120294599,0.17676995764745201,0.17676995764745201,pooled,full_curve,50,0.004283975101395396
32,peak_height,0.2407405823469162,0.23989037290215492,0.2369658276438713,0.019308831536825034,0.22662735730409622,0.2526487857103348,0.2092669852077961,0.27071247845888136,0.026021428406238556,0.061445493251085254,1.0,1.0,-0.000850209444761274,-0.0037747547030448914,0.0037747547030448914,1.4248773068159526e-05,0.36156638881925174,0.1578732946572209,2.2902314771114094,0.36156638881925174,0.1578732946572209,2.2902314771114094,0.9657326361519409,0.1940338120294599,0.17676995764745201,0.17676995764745201,pooled,full_curve,50,0.004283975101395396
32,cumulative_infected,5.30594088928774,5.450686092216347,5.4696994421537966,0.3689466196935355,5.147709775483236,5.6900515784655,4.8582493139896545,6.075550912172185,0.5423418029822642,1.2173015981825301,1.0,1.0,0.1447452029286067,0.16375855286605656,0.16375855286605656,0.02681686363678504,0.36156638881925174,0.1578732946572209,2.2902314771114094,0.36156638881925174,0.1578732946572209,2.2902314771114094,0.9657326361519409,0.1940338120294599,0.17676995764745201,0.17676995764745201,pooled,full_curve,50,0.004283975101395396
32,early_growth_slope,-0.0007691116604421793,0.0034250783052972283,0.003915643160109452,0.0029042206780805825,0.0020087397074565255,0.0054575037270946525,-0.0018393573911106617,0.007481372380252214,0.003448764019638127,0.009320729771362876,0.0,1.0,0.004194189965739408,0.004684754820551631,0.004684754820551631,2.1946927728681745e-05,0.36156638881925174,0.1578732946572209,2.2902314771114094,0.36156638881925174,0.1578732946572209,2.2902314771114094,0.9657326361519409,0.1940338120294599,0.17676995764745201,0.17676995764745201,pooled,full_curve,50,0.004283975101395396
33,peak_time,0.0,24.23,22.5,16.784946959834112,12.0,42.0,0.0,49.0,30.0,49.0,0.0,1.0,24.23,22.5,22.5,506.25,0.1,0.19402550027312548,0.5153961714271175,0.1,0.19402550027312548,0.5153961714271175,0.3214611151840776,0.42169168380630556,0.18700485327556732,0.18700485327556732,pooled,full_curve,50,5.552396151495122e-05
33,peak_height,0.054773230105638504,0.05753644427284598,0.05059876665472984,0.026917852732290293,0.04349363688379526,0.06202604714781046,0.036230810731649396,0.127924557775259,0.018532410264015198,0.0916937470436096,1.0,1.0,0.002763214167207477,-0.004174463450908661,0.004174463450908661,1.7426145102972246e-05,0.1,0.19402550027312548,0.5153961714271175,0.1,0.19402550027312548,0.5153961714271175,0.3214611151840776,0.42169168380630556,0.18700485327556732,0.18700485327556732,pooled,full_curve,50,5.552396151495122e-05
33,cumulative_infected,0.4485407918400597,0.7195635301547736,0.490437690714316,0.6598841176481449,0.37768022204227236,0.7558857243129751,0.3088268631152914,2.3785626166732974,0.3782055022707027,2.069735753558006,1.0,1.0,0.2710227383147139,0.041896898874256294,0.041896898874256294,0.0017553501352796583,0.1,0.19402550027312548,0.5153961714271175,0.1,0.19402550027312548,0.5153961714271175,0.3214611151840776,0.42169168380630556,0.18700485327556732,0.18700485327556732,pooled,full_curve,50,5.552396151495122e-05
33,early_growth_slope,-0.003385250911205295,-0.0003998042515476769,-0.00043903435081509446,0.002129974293183731,-0.002074152017615103,0.0010340514930985158,-0.0036690640884141116,0.0036393940357291794,0.003108203510713619,0.0073084581241432914,0.0,1.0,0.002985446659657618,0.0029462165603902006,0.0029462165603902006,8.680192020717464e-06,0.1,0.19402550027312548,0.5153961714271175,0.1,0.19402550027312548,0.5153961714271175,0.3214611151840776,0.42169168380630556,0.18700485327556732,0.18700485327556732,pooled,full_curve,50,5.552396151495122e-05
34,peak_time,19.0,24.5,27.0,16.513538981604448,7.0,40.0,0.9500000000000002,47.0,33.0,46.05,1.0,1.0,5.5,8.0,8.0,64.0,0.28790444209804344,0.45742255726563436,0.6294058688733438,0.28790444209804344,0.45742255726563436,0.6294058688733438,0.1614080473523189,0.42202464202913326,0.6384216083550412,0.6384216083550412,pooled,full_curve,50,5.752944302485681e-07
34,peak_height,0.05490579828619957,0.056193514969199894,0.050772421061992645,0.023411807177413885,0.04545760340988636,0.060852836817502975,0.03423558175563812,0.08387165926396845,0.015395233407616615,0.04963607750833032,1.0,1.0,0.0012877166830003242,-0.0041333772242069244,0.0041333772242069244,1.708480727759254e-05,0.28790444209804344,0.45742255726563436,0.6294058688733438,0.28790444209804344,0.45742255726563436,0.6294058688733438,0.1614080473523189,0.42202464202913326,0.6384216083550412,0.6384216083550412,pooled,full_curve,50,5.752944302485681e-07
34,cumulative_infected,0.539051685584127,0.6845891671958816,0.519449895771686,0.5702698975266288,0.42815183877246454,0.6664165311085526,0.32676318917910974,1.6204883616592265,0.23826469233608805,1.2937251724801166,1.0,1.0,0.14553748161175462,-0.019601789812440984,0.019601789812440984,0.00038423016385111513,0.28790444209804344,0.45742255726563436,0.6294058688733438,0.28790444209804344,0.45742255726563436,0.6294058688733438,0.1614080473523189,0.42202464202913326,0.6384216083550412,0.6384216083550412,pooled,full_curve,50,5.752944302485681e-07
34,early_growth_slope,0.0014775676228011778,-0.00022160444752963794,-0.0004843740157195383,0.0023574750971200073,-0.001958609455739081,0.0012549043392590686,-0.003358593068662141,0.004176742590997101,0.0032135137949981496,0.007535335659659242,0.0,1.0,-0.0016991720703308157,-0.001961941638520716,0.001961941638520716,3.8492149929613516e-06,0.28790444209804344,0.45742255726563436,0.6294058688733438,0.28790444209804344,0.45742255726563436,0.6294058688733438,0.1614080473523189,0.42202464202913326,0.6384216083550412,0.6384216083550412,pooled,full_curve,50,5.752944302485681e-07
35,peak_time,27.0,19.68,19.0,4.84273901961702,16.75,22.0,13.95,26.0,5.25,12.05,0.0,0.0,-7.32,-8.0,8.0,64.0,0.4651269455718303,0.30569043683797154,1.5215619774797426,0.4651269455718303,0.30569043683797154,1.5215619774797426,0.778454592282307,0.4126702474791653,0.502300662700834,0.502300662700834,pooled,full_curve,50,0.0006596493876401624
35,peak_height,0.10307027399539948,0.10228533379733562,0.10150591284036636,0.014733044635539,0.09058364666998386,0.11086203530430794,0.07774952463805676,0.1251966528594494,0.020278388634324074,0.04744712822139263,1.0,1.0,-0.0007849401980638548,-0.0015643611550331116,0.0015643611550331116,2.447225823376531e-06,0.4651269455718303,0.30569043683797154,1.5215619774797426,0.4651269455718303,0.30569043683797154,1.5215619774797426,0.778454592282307,0.4126702474791653,0.502300662700834,0.502300662700834,pooled,full_curve,50,0.0006596493876401624
35,cumulative_infected,1.859623478143476,1.8534315662163134,1.8343882556364406,0.21326474487851046,1.7142487320525106,1.9826479781186208,1.5055213768500835,2.2098888849315697,0.2683992460661102,0.7043675080814862,1.0,1.0,-0.006191911927162508,-0.02523522250703536,0.02523522250703536,0.000636816454979584,0.4651269455718303,0.30569043683797154,1.5215619774797426,0.4651269455718303,0.30569043683797154,1.5215619774797426,0.778454592282307,0.4126702474791653,0.502300662700834,0.502300662700834,pooled,full_curve,50,0.0006596493876401624
35,early_growth_slope,0.0014960542432076868,0.002361436124369253,0.0023220209183082694,0.0023556077512910546,0.0006838848286341619,0.0037073962164521656,-0.0010373352160795103,0.006531897412025411,0.003023511387818004,0.007569232628104922,1.0,1.0,0.0008653818811615662,0.0008259666751005827,0.0008259666751005827,6.822209483767115e-07,0.4651269455718303,0.30569043683797154,1.5215619774797426,0.4651269455718303,0.30569043683797154,1.5215619774797426,0.778454592282307,0.4126702474791653,0.502300662700834,0.502300662700834,pooled,full_curve,50,0.0006596493876401624
36,peak_time,5.0,23.71,23.0,14.788949601071414,12.0,36.25,1.0,49.0,24.25,48.0,0.0,1.0,18.71,18.0,18.0,324.0,0.1,0.14590066208761512,0.6853978492568374,0.1,0.14590066208761512,0.6853978492568374,0.41521110410780404,0.4651707984700952,0.5981712740618378,0.5981712740618378,pooled,full_curve,50,3.4753091839239558e-06
36,peak_height,0.04981454089283943,0.05420287113636732,0.049310293048620224,0.02440623924400928,0.04274589288979769,0.0561643959954381,0.035693258978426456,0.09261746332049367,0.013418503105640411,0.056924204342067214,1.0,1.0,0.004388330243527888,-0.0005042478442192078,0.0005042478442192078,2.542658883997184e-07,0.1,0.14590066208761512,0.6853978492568374,0.1,0.14590066208761512,0.6853978492568374,0.41521110410780404,0.4651707984700952,0.5981712740618378,0.5981712740618378,pooled,full_curve,50,3.4753091839239558e-06
36,cumulative_infected,0.5259313421629486,0.654709684151278,0.4786371777881868,0.5445645625449768,0.40010541188530624,0.6242711822924321,0.32157730508188254,1.622055412706686,0.22416577040712582,1.3004781076248033,1.0,1.0,0.12877834198832938,-0.04729416437476175,0.04729416437476175,0.0022367379839069836,0.1,0.14590066208761512,0.6853978492568374,0.1,0.14590066208761512,0.6853978492568374,0.41521110410780404,0.4651707984700952,0.5981712740618378,0.5981712740618378,pooled,full_curve,50,3.4753091839239558e-06
36,early_growth_slope,0.0011238350111636383,-0.0003218558998655458,-0.0005056656969134644,0.002106372623454323,-0.0018952158049311643,0.0009493078188305452,-0.003196915867184065,0.0030934303987859954,0.0028445236237617097,0.006290346265970061,0.0,1.0,-0.001445690911029184,-0.0016295007080771027,0.0016295007080771027,2.655272557623779e-06,0.1,0.14590066208761512,0.6853978492568374,0.1,0.14590066208761512,0.6853978492568374,0.41521110410780404,0.4651707984700952,0.5981712740618378,0.5981712740618378,pooled,full_curve,50,3.4753091839239558e-06
37,peak_time,10.0,20.94,20.0,15.234742325926414,7.0,34.25,0.0,46.0,27.25,46.0,1.0,1.0,10.940000000000001,10.0,10.0,100.0,0.3201501527702971,0.45038028554158516,0.7108440645560552,0.3201501527702971,0.45038028554158516,0.7108440645560552,0.28687128303669307,0.48516385087271297,0.7092476348698595,0.7092476348698595,pooled,full_curve,50,4.192348169434424e-10
37,peak_height,0.041162312030792236,0.050956700425595046,0.048573143780231476,0.015689756316377895,0.04179589729756117,0.05570933595299721,0.03371691107749939,0.0780246540904045,0.013913438655436039,0.04430774301290511,0.0,1.0,0.00979438839480281,0.0074108317494392395,0.0074108317494392395,5.492042721849666e-05,0.3201501527702971,0.45038028554158516,0.7108440645560552,0.3201501527702971,0.45038028554158516,0.7108440645560552,0.28687128303669307,0.48516385087271297,0.7092476348698595,0.7092476348698595,pooled,full_curve,50,4.192348169434424e-10
37,cumulative_infected,0.41638958419207484,0.5633375646756622,0.4722169806009333,0.3556360389641686,0.38724187867421733,0.6046713934192667,0.2793383439915488,1.153226662697852,0.21742951474504935,0.8738883187063032,1.0,1.0,0.14694798048358737,0.055827396408858476,0.055827396408858476,0.0031166981897918244,0.3201501527702971,0.45038028554158516,0.7108440645560552,0.3201501527702971,0.45038028554158516,0.7108440645560552,0.28687128303669307,0.48516385087271297,0.7092476348698595,0.7092476348698595,pooled,full_curve,50,4.192348169434424e-10
37,early_growth_slope,-0.001645763127488039,-0.0008207817927818497,-0.000971528467267662,0.002336431608847249,-0.002447413244572955,0.0004839132747119515,-0.004649349073484437,0.003129864077172461,0.0029313265192849065,0.0077792131506568985,1.0,1.0,0.0008249813347061892,0.000674234660220377,0.000674234660220377,4.5459237704248716e-07,0.3201501527702971,0.45038028554158516,0.7108440645560552,0.3201501527702971,0.45038028554158516,0.7108440645560552,0.28687128303669307,0.48516385087271297,0.7092476348698595,0.7092476348698595,pooled,full_curve,50,4.192348169434424e-10
38,peak_time,14.0,14.88,15.0,1.5781334070683157,14.0,16.0,12.0,18.0,2.0,6.0,1.0,1.0,0.8800000000000008,1.0,1.0,1.0,0.5526958995126432,0.24107352541351296,2.2926445306037024,0.5526958995126432,0.24107352541351296,2.2926445306037024,0.8188433244119744,0.27584126322365227,0.7402213842543953,0.7402213842543953,pooled,full_curve,50,0.002613068285841408
38,peak_height,0.2135978788137436,0.21051184445619583,0.21157268434762955,0.015971358714028105,0.20048416033387184,0.22141440957784653,0.18525315299630166,0.23299383744597435,0.020930249243974686,0.04774068444967269,1.0,1.0,-0.0030860343575477567,-0.002025194466114044,0.002025194466114044,4.1014126255789485e-06,0.5526958995126432,0.24107352541351296,2.2926445306037024,0.5526958995126432,0.24107352541351296,2.2926445306037024,0.8188433244119744,0.27584126322365227,0.7402213842543953,0.7402213842543953,pooled,full_curve,50,0.002613068285841408
38,cumulative_infected,3.508060738673521,3.370141931089256,3.374482716273633,0.18696513429827533,3.2197132134751882,3.503383947725524,3.0668227275278697,3.6596998223045376,0.28367073425033595,0.592877094776668,0.0,1.0,-0.13791880758426478,-0.13357802239988814,0.13357802239988814,0.01784308806826502,0.5526958995126432,0.24107352541351296,2.2926445306037024,0.5526958995126432,0.24107352541351296,2.2926445306037024,0.8188433244119744,0.27584126322365227,0.7402213842543953,0.7402213842543953,pooled,full_curve,50,0.002613068285841408
38,early_growth_slope,0.009253278679569205,0.007832843190680294,0.008031033574211286,0.002790133845272074,0.005976615635431481,0.00976448269856129,0.003369854044147017,0.012176135418372893,0.003787867063129809,0.008806281374225875,1.0,1.0,-0.0014204354888889114,-0.0012222451053579188,0.0012222451053579188,1.4938830975713902e-06,0.5526958995126432,0.24107352541351296,2.2926445306037024,0.5526958995126432,0.24107352541351296,2.2926445306037024,0.8188433244119744,0.27584126322365227,0.7402213842543953,0.7402213842543953,pooled,full_curve,50,0.002613068285841408
39,peak_time,14.0,24.02,25.0,15.599779848226424,10.0,38.0,0.0,46.05,28.0,46.05,1.0,1.0,10.02,11.0,11.0,121.0,0.1,0.09831663703060725,1.017121852620617,0.1,0.09831663703060725,1.017121852620617,0.34310243473030666,0.30067154646677735,0.2713221109708648,0.2713221109708648,pooled,full_curve,50,6.329351184131645e-05
39,peak_height,0.05539095774292946,0.05579522786661983,0.049850694835186005,0.02576450830015696,0.04265120718628168,0.058884394355118275,0.03659883700311184,0.09840479344129562,0.016233187168836594,0.061805956438183776,1.0,1.0,0.0004042701236903687,-0.005540262907743454,0.005540262907743454,3.069451308691795e-05,0.1,0.09831663703060725,1.017121852620617,0.1,0.09831663703060725,1.017121852620617,0.34310243473030666,0.30067154646677735,0.2713221109708648,0.2713221109708648,pooled,full_curve,50,6.329351184131645e-05
39,cumulative_infected,0.6122329910285771,0.6997395811886963,0.5002161901211366,0.7372823643722384,0.4368310843783547,0.598436272906838,0.3210986028512707,2.043075948307523,0.16160518852848327,1.7219773454562524,0.0,1.0,0.08750659016011919,-0.11201680090744048,0.11201680090744048,0.01254776368553716,0.1,0.09831663703060725,1.017121852620617,0.1,0.09831663703060725,1.017121852620617,0.34310243473030666,0.30067154646677735,0.2713221109708648,0.2713221109708648,pooled,full_curve,50,6.329351184131645e-05
39,early_growth_slope,-0.0013093513192697637,-0.0004584883050583372,-5.578102857161766e-06,0.0024805830411060857,-0.0023880722527835677,0.0013986044130953293,-0.0048004913009468235,0.003408880524996978,0.0037866766658788973,0.008209371825943801,1.0,1.0,0.0008508630142114264,0.0013037732164126019,0.0013037732164126019,1.699824599834861e-06,0.1,0.09831663703060725,1.017121852620617,0.1,0.09831663703060725,1.017121852620617,0.34310243473030666,0.30067154646677735,0.2713221109708648,0.2713221109708648,pooled,full_curve,50,6.329351184131645e-05
40,peak_time,21.0,24.76,25.0,1.8264056438145322,24.0,26.0,22.0,27.0,2.0,5.0,0.0,0.0,3.7600000000000016,4.0,4.0,16.0,0.3228328647159076,0.0634149378517587,5.0908015627260355,0.3228328647159076,0.0634149378517587,5.0908015627260355,0.49437727735218284,0.06625782067035502,0.4612079141134182,0.4612079141134182,pooled,full_curve,50,0.009561296417752376
40,peak_height,0.5164462327957153,0.49617859095335004,0.4977889060974121,0.028135788733735356,0.4805387035012245,0.5150507837533951,0.44745555371046064,0.5342264682054519,0.03451208025217056,0.0867709144949913,0.0,1.0,-0.02026764184236529,-0.018657326698303223,0.018657326698303223,0.00034809583952721823,0.3228328647159076,0.0634149378517587,5.0908015627260355,0.3228328647159076,0.0634149378517587,5.0908015627260355,0.49437727735218284,0.06625782067035502,0.4612079141134182,0.4612079141134182,pooled,full_curve,50,0.009561296417752376
40,cumulative_infected,13.066393836401403,13.019015964077553,13.128665162133984,0.7824620896405846,12.528999380767345,13.488111639977433,11.594549041078427,14.213009346683975,0.9591122592100874,2.6184603056055487,1.0,1.0,-0.0473778723238496,0.06227132573258132,0.06227132573258132,0.0038777180084932444,0.3228328647159076,0.0634149378517587,5.0908015627260355,0.3228328647159076,0.0634149378517587,5.0908015627260355,0.49437727735218284,0.06625782067035502,0.4612079141134182,0.4612079141134182,pooled,full_curve,50,0.009561296417752376
40,early_growth_slope,0.001305850178358103,0.006167996759222226,0.006116415877407969,0.002952702480038277,0.004291781481394234,0.008382676294006937,0.0012885456667780615,0.011069317614878635,0.004090894812612703,0.009780771948100573,0.0,1.0,0.004862146580864124,0.004810565699049866,0.004810565699049866,2.3141542344875126e-05,0.3228328647159076,0.0634149378517587,5.0908015627260355,0.3228328647159076,0.0634149378517587,5.0908015627260355,0.49437727735218284,0.06625782067035502,0.4612079141134182,0.4612079141134182,pooled,full_curve,50,0.009561296417752376
41,peak_time,39.0,30.08,30.0,4.996321879466167,27.0,33.0,22.0,39.05,6.0,17.049999999999997,0.0,1.0,-8.920000000000002,-9.0,9.0,81.0,0.3125998054809627,0.19494052417489474,1.6035650196595739,0.3125998054809627,0.19494052417489474,1.6035650196595739,0.43115345857382337,0.23601286905335017,0.5332691011708144,0.5332691011708144,pooled,full_curve,50,0.00018305289603417132
41,peak_height,0.11284870654344559,0.1400567625463009,0.13658423721790314,0.03396077985435093,0.11899363622069359,0.16085510328412056,0.08967123515903949,0.19563357830047606,0.04186146706342697,0.10596234314143657,0.0,1.0,0.027208056002855308,0.02373553067445755,0.02373553067445755,0.0005633754163981153,0.3125998054809627,0.19494052417489474,1.6035650196595739,0.3125998054809627,0.19494052417489474,1.6035650196595739,0.43115345857382337,0.23601286905335017,0.5332691011708144,0.5332691011708144,pooled,full_curve,50,0.00018305289603417132
41,cumulative_infected,2.535327672958374,3.3307778431695443,3.263892749324441,0.9086031740868291,2.6979387412311553,3.988920954754576,2.043262764578685,4.94352501691319,1.2909822135234208,2.900262252334505,0.0,1.0,0.7954501702111703,0.7285650763660669,0.7285650763660669,0.530807070500293,0.3125998054809627,0.19494052417489474,1.6035650196595739,0.3125998054809627,0.19494052417489474,1.6035650196595739,0.43115345857382337,0.23601286905335017,0.5332691011708144,0.5332691011708144,pooled,full_curve,50,0.00018305289603417132
41,early_growth_slope,-0.0006087608635425564,0.0018245153805881798,0.0017158232041678961,0.0024100614427819936,8.714516713683105e-05,0.003357028381461055,-0.0013768507370037855,0.006334766150740462,0.003269883214324224,0.007711616887744247,0.0,1.0,0.0024332762441307363,0.0023245840677104525,0.0023245840677104525,5.403691087853273e-06,0.3125998054809627,0.19494052417489474,1.6035650196595739,0.3125998054809627,0.19494052417489474,1.6035650196595739,0.43115345857382337,0.23601286905335017,0.5332691011708144,0.5332691011708144,pooled,full_curve,50,0.00018305289603417132
42,peak_time,18.0,17.8,18.0,2.3613042107609887,16.0,19.0,14.0,22.0,3.0,8.0,1.0,1.0,-0.1999999999999993,0.0,0.0,0.0,0.5123151020479231,0.2633672248312756,1.9452500301665638,0.5123151020479231,0.2633672248312756,1.9452500301665638,0.8286125751942053,0.32178977205888054,0.5623388085374428,0.5623388085374428,pooled,full_curve,50,0.0019979045848911065
42,peak_height,0.19904789328575134,0.15823028326034547,0.15617231279611588,0.01710082226715847,0.14657914638519287,0.1681998185813427,0.13298041000962257,0.18677976951003075,0.021620672196149826,0.05379935950040818,0.0,0.0,-0.040817610025405876,-0.04287558048963547,0.04287558048963547,0.0018383154023232096,0.5123151020479231,0.2633672248312756,1.9452500301665638,0.5123151020479231,0.2633672248312756,1.9452500301665638,0.8286125751942053,0.32178977205888054,0.5623388085374428,0.5623388085374428,pooled,full_curve,50,0.0019979045848911065
42,cumulative_infected,2.8413002541055903,2.8111243957788066,2.7837041706370655,0.19196753373102127,2.6759141456568614,2.920234914548928,2.5208357835887,3.138142898022488,0.24432076889206655,0.617307114433788,1.0,1.0,-0.03017585832678371,-0.05759608346852474,0.05759608346852474,0.003317308830913269,0.5123151020479231,0.2633672248312756,1.9452500301665638,0.5123151020479231,0.2633672248312756,1.9452500301665638,0.8286125751942053,0.32178977205888054,0.5623388085374428,0.5623388085374428,pooled,full_curve,50,0.0019979045848911065
42,early_growth_slope,-0.0024538279948977822,0.004333368758858515,0.0043261190211134285,0.00269425240969216,0.0025165307036201867,0.006303190061035344,-0.0005679535944225429,0.008342012310112336,0.003786659357415157,0.00890996590453488,0.0,0.0,0.0067871967537562975,0.006779947016011211,0.006779947016011211,4.5967681539919324e-05,0.5123151020479231,0.2633672248312756,1.9452500301665638,0.5123151020479231,0.2633672248312756,1.9452500301665638,0.8286125751942053,0.32178977205888054,0.5623388085374428,0.5623388085374428,pooled,full_curve,50,0.0019979045848911065
43,peak_time,20.0,25.21,25.0,14.514566003247436,13.0,37.25,2.0,47.05,24.25,45.05,1.0,1.0,5.210000000000001,5.0,5.0,25.0,0.2330800030999581,0.1985550332300312,1.1738811114897743,0.2330800030999581,0.1985550332300312,1.1738811114897743,0.598133022984479,0.43901229003884185,0.3245085857387896,0.3245085857387896,pooled,full_curve,50,0.00015350347881353728
43,peak_height,0.0681336373090744,0.058422346226871015,0.05172935128211975,0.02341144665548003,0.046550288796424866,0.05959504563361406,0.036076285503804685,0.11459743231534956,0.013044756837189198,0.07852114681154487,0.0,1.0,-0.009711291082203387,-0.01640428602695465,0.01640428602695465,0.0002691006000541396,0.2330800030999581,0.1985550332300312,1.1738811114897743,0.2330800030999581,0.1985550332300312,1.1738811114897743,0.598133022984479,0.43901229003884185,0.3245085857387896,0.3245085857387896,pooled,full_curve,50,0.00015350347881353728
43,cumulative_infected,0.7665942583116703,0.7700396191921385,0.5269513417733833,0.62950563851523,0.44893987945397384,0.7330467060091905,0.34894293021498013,2.3953671100782223,0.2841068265552167,2.046424179863242,0.0,1.0,0.0034453608804682068,-0.23964291653828695,0.23964291653828695,0.057428727446976365,0.2330800030999581,0.1985550332300312,1.1738811114897743,0.2330800030999581,0.1985550332300312,1.1738811114897743,0.598133022984479,0.43901229003884185,0.3245085857387896,0.3245085857387896,pooled,full_curve,50,0.00015350347881353728
43,early_growth_slope,0.001677548013893621,-0.00019948169185573416,-0.0005118153272806441,0.002375439114100779,-0.0015976702499236634,0.0013411180188995784,-0.003259785832986898,0.0042254886921173655,0.0029387882688232418,0.007485274525104264,0.0,1.0,-0.0018770297057493551,-0.0021893633411742648,0.0021893633411742648,4.7933118396777405e-06,0.2330800030999581,0.1985550332300312,1.1738811114897743,0.2330800030999581,0.1985550332300312,1.1738811114897743,0.598133022984479,0.43901229003884185,0.3245085857387896,0.3245085857387896,pooled,full_curve,50,0.00015350347881353728
44,peak_time,25.0,20.79,19.0,15.1119024599683,7.0,34.25,0.9500000000000002,45.05,27.25,44.099999999999994,1.0,1.0,-4.210000000000001,-6.0,6.0,36.0,0.15416366461571895,0.3292065489988671,0.4682885716719125,0.15416366461571895,0.3292065489988671,0.4682885716719125,0.15736231199119458,0.34243928144379016,0.10009056427219191,0.10009056427219191,pooled,full_curve,50,2.0750030429916758e-05
44,peak_height,0.045057158917188644,0.05663976058363915,0.051227932795882225,0.02230770014492092,0.04493278358131647,0.06092084106057882,0.038079223968088625,0.09671347737312315,0.015988057479262352,0.058634253405034524,1.0,1.0,0.011582601666450504,0.006170773878693581,0.006170773878693581,3.807845026196702e-05,0.15416366461571895,0.3292065489988671,0.4682885716719125,0.15416366461571895,0.3292065489988671,0.4682885716719125,0.15736231199119458,0.34243928144379016,0.10009056427219191,0.10009056427219191,pooled,full_curve,50,2.0750030429916758e-05
44,cumulative_infected,0.4258935365942307,0.6683050615847606,0.4873680042219348,0.545059642319788,0.4205682344472734,0.631739528493199,0.35883180974487916,1.9491538061090967,0.2111712940459256,1.5903219963642177,1.0,1.0,0.24241152499052987,0.061474467627704144,0.061474467627704144,0.0037791101701096447,0.15416366461571895,0.3292065489988671,0.4682885716719125,0.15416366461571895,0.3292065489988671,0.4682885716719125,0.15736231199119458,0.34243928144379016,0.10009056427219191,0.10009056427219191,pooled,full_curve,50,2.0750030429916758e-05
44,early_growth_slope,0.0019055330305404604,-0.0005972603901898845,-0.001014982621806363,0.0023238483075166787,-0.00240801086294509,0.0008283969280975207,-0.0038223590410087194,0.003550351271682994,0.0032364077910426105,0.007372710312691714,0.0,1.0,-0.0025027934207303448,-0.0029205156523468235,0.0029205156523468235,8.529411675602793e-06,0.15416366461571895,0.3292065489988671,0.4682885716719125,0.15416366461571895,0.3292065489988671,0.4682885716719125,0.15736231199119458,0.34243928144379016,0.10009056427219191,0.10009056427219191,pooled,full_curve,50,2.0750030429916758e-05
45,peak_time,16.0,15.75,16.0,1.122542208605543,15.0,16.25,14.0,18.0,1.25,4.0,1.0,1.0,-0.25,0.0,0.0,0.0,0.4967947354233266,0.08238622721623938,6.030070221802825,0.4967947354233266,0.08238622721623938,6.030070221802825,0.7333566372847715,0.08386691201008276,0.7852598955575815,0.7852598955575815,pooled,full_curve,50,0.007030579347655915
45,peak_height,0.5758636593818665,0.5488326552510262,0.5522272288799286,0.02461983266839323,0.5320789068937302,0.5658438205718994,0.5064000993967056,0.585757115483284,0.03376491367816925,0.07935701608657841,0.0,1.0,-0.027031004130840253,-0.023636430501937866,0.023636430501937866,0.0005586808468729387,0.4967947354233266,0.08238622721623938,6.030070221802825,0.4967947354233266,0.08238622721623938,6.030070221802825,0.7333566372847715,0.08386691201008276,0.7852598955575815,0.7852598955575815,pooled,full_curve,50,0.007030579347655915
45,cumulative_infected,11.425027781166136,11.522155626047752,11.518531463574618,0.6461631539732637,11.065585895557888,12.019883330445737,10.55272174035199,12.578739548893646,0.9542974348878488,2.0260178085416563,1.0,1.0,0.09712784488161574,0.09350368240848184,0.09350368240848184,0.008742938623946235,0.4967947354233266,0.08238622721623938,6.030070221802825,0.4967947354233266,0.08238622721623938,6.030070221802825,0.7333566372847715,0.08386691201008276,0.7852598955575815,0.7852598955575815,pooled,full_curve,50,0.007030579347655915
45,early_growth_slope,0.015512596660604077,0.01697006629739397,0.016919476562179618,0.0032430790917673865,0.014442163996309751,0.019483589280190193,0.011770779159407885,0.021894613241394308,0.005041425283880442,0.010123834081986423,1.0,1.0,0.0014574696367898928,0.0014068799015755414,0.0014068799015755414,1.979311057457205e-06,0.4967947354233266,0.08238622721623938,6.030070221802825,0.4967947354233266,0.08238622721623938,6.030070221802825,0.7333566372847715,0.08386691201008276,0.7852598955575815,0.7852598955575815,pooled,full_curve,50,0.007030579347655915
46,peak_time,20.0,20.84,21.0,1.6558436465494506,20.0,22.0,18.0,24.0,2.0,6.0,1.0,1.0,0.8399999999999999,1.0,1.0,1.0,0.3776132988995673,0.08280693706160544,4.560165033258461,0.3776132988995673,0.08280693706160544,4.560165033258461,0.8776878200248025,0.08662539624802407,0.25899988093977555,0.25899988093977555,pooled,full_curve,50,0.006764193901468911
46,peak_height,0.4903486371040344,0.4626183271408081,0.4629969298839569,0.022829121675268547,0.4501005709171295,0.47593923658132553,0.42790918946266177,0.4991397723555565,0.025838665664196014,0.07123058289289474,0.0,1.0,-0.02773030996322634,-0.027351707220077515,0.027351707220077515,0.0007481158878528404,0.3776132988995673,0.08280693706160544,4.560165033258461,0.3776132988995673,0.08280693706160544,4.560165033258461,0.8776878200248025,0.08662539624802407,0.25899988093977555,0.25899988093977555,pooled,full_curve,50,0.006764193901468911
46,cumulative_infected,10.727933630347252,10.923076050068484,10.947595656267367,0.6067702064962374,10.583183678332716,11.301781619898975,9.842871317500249,11.904567063227296,0.7185979415662587,2.0616957457270466,1.0,1.0,0.19514241972123259,0.2196620259201154,0.2196620259201154,0.04825140563132946,0.3776132988995673,0.08280693706160544,4.560165033258461,0.3776132988995673,0.08280693706160544,4.560165033258461,0.8776878200248025,0.08662539624802407,0.25899988093977555,0.25899988093977555,pooled,full_curve,50,0.006764193901468911
46,early_growth_slope,0.004060033276411039,0.007323151447238896,0.00781985244802421,0.0028139861717425886,0.005226780677081218,0.008934553981470387,0.0026972180633622767,0.01197100219457449,0.0037077733043891694,0.009273784131212213,0.0,1.0,0.003263118170827857,0.003759819171613171,0.003759819171613171,1.4136240203229951e-05,0.3776132988995673,0.08280693706160544,4.560165033258461,0.3776132988995673,0.08280693706160544,4.560165033258461,0.8776878200248025,0.08662539624802407,0.25899988093977555,0.25899988093977555,pooled,full_curve,50,0.006764193901468911
47,peak_time,36.0,37.31,37.0,5.018541379301119,35.75,39.0,31.95,44.05,3.25,12.099999999999998,1.0,1.0,1.3100000000000023,1.0,1.0,1.0,0.1977330967274722,0.057987538584188064,3.4099239518572992,0.1977330967274722,0.057987538584188064,3.4099239518572992,0.407590816443254,0.06955601600984852,0.1693302325037111,0.1693302325037111,pooled,full_curve,50,0.002855534963061908
47,peak_height,0.3739683926105499,0.4013160787895322,0.42835380136966705,0.08026602879108238,0.40290409326553345,0.4385049343109131,0.21678291931748392,0.46381530463695525,0.03560084104537964,0.24703238531947133,0.0,1.0,0.027347686178982256,0.054385408759117126,0.054385408759117126,0.002957772685896254,0.1977330967274722,0.057987538584188064,3.4099239518572992,0.1977330967274722,0.057987538584188064,3.4099239518572992,0.407590816443254,0.06955601600984852,0.1693302325037111,0.1693302325037111,pooled,full_curve,50,0.002855534963061908
47,cumulative_infected,8.992481781635433,10.144189424088545,10.796852353028953,2.238419054119758,9.954307977895951,11.137790997687262,5.210854574106634,12.05266844634898,1.1834830197913107,6.841813872242346,0.0,1.0,1.1517076424531112,1.8043705713935196,1.8043705713935196,3.2557531589109767,0.1977330967274722,0.057987538584188064,3.4099239518572992,0.1977330967274722,0.057987538584188064,3.4099239518572992,0.407590816443254,0.06955601600984852,0.1693302325037111,0.1693302325037111,pooled,full_curve,50,0.002855534963061908
47,early_growth_slope,0.002034823210643872,0.0022024067596638428,0.0021940583911990484,0.002620612334641689,0.000726097829534584,0.0037172886049596674,-0.0015056314185217371,0.006572697783953377,0.0029911907754250834,0.008078329202475113,1.0,1.0,0.00016758354901997077,0.00015923518055517647,0.00015923518055517647,2.535584272643965e-08,0.1977330967274722,0.057987538584188064,3.4099239518572992,0.1977330967274722,0.057987538584188064,3.4099239518572992,0.407590816443254,0.06955601600984852,0.1693302325037111,0.1693302325037111,pooled,full_curve,50,0.002855534963061908
48,peak_time,45.0,39.99,41.0,7.342274163976029,36.0,45.0,30.0,48.0,9.0,18.0,1.0,1.0,-5.009999999999998,-4.0,4.0,16.0,0.19308778796171955,0.1158130293310861,1.6672371759633409,0.19308778796171955,0.1158130293310861,1.6672371759633409,0.31386946992361775,0.1603284248507834,0.28962080049423977,0.28962080049423977,pooled,full_curve,50,0.00011826159745297967
48,peak_height,0.14258156716823578,0.20704257119446992,0.22084012627601624,0.08848145855505264,0.13212473317980766,0.2791602462530136,0.06571993846446277,0.33476960808038714,0.14703551307320595,0.26904966961592436,1.0,1.0,0.06446100402623414,0.07825855910778046,0.07825855910778046,0.0061244020736259674,0.19308778796171955,0.1158130293310861,1.6672371759633409,0.19308778796171955,0.1158130293310861,1.6672371759633409,0.31386946992361775,0.1603284248507834,0.28962080049423977,0.28962080049423977,pooled,full_curve,50,0.00011826159745297967
48,cumulative_infected,2.6301671558758244,4.7147721083430225,4.909027813235298,2.2442445312349926,2.90379432978807,6.522170675045345,0.889077755337712,8.065058337617666,3.618376345257275,7.175980582279954,0.0,1.0,2.084604952467198,2.2788606573594734,2.2788606573594734,5.193205895660851,0.19308778796171955,0.1158130293310861,1.6672371759633409,0.19308778796171955,0.1158130293310861,1.6672371759633409,0.31386946992361775,0.1603284248507834,0.28962080049423977,0.28962080049423977,pooled,full_curve,50,0.00011826159745297967
48,early_growth_slope,-0.003517395364941051,0.0008109881871141198,0.0008565371986367701,0.0027753346431876494,-0.0011493270868803453,0.002691514344838824,-0.004205239155548733,0.00537303266575604,0.0038408414317191693,0.009578271821304774,0.0,1.0,0.0043283835520551706,0.004373932563577821,0.004373932563577821,1.913128607072645e-05,0.19308778796171955,0.1158130293310861,1.6672371759633409,0.19308778796171955,0.1158130293310861,1.6672371759633409,0.31386946992361775,0.1603284248507834,0.28962080049423977,0.28962080049423977,pooled,full_curve,50,0.00011826159745297967
49,peak_time,38.0,34.83,35.0,7.829051053866006,30.75,41.0,21.95,48.0,10.25,26.05,1.0,1.0,-3.1700000000000017,-3.0,3.0,9.0,0.27902345325274464,0.18977842052161797,1.4702591184278542,0.27902345325274464,0.18977842052161797,1.4702591184278542,0.48260016424335217,0.27115351763469103,0.33211746515305546,0.33211746515305546,pooled,full_curve,50,0.0003180821091159979
49,peak_height,0.0985538512468338,0.1415130649879575,0.12816908210515976,0.0636780872239306,0.10020286031067371,0.17100878059864044,0.06198036447167397,0.27589306086301796,0.07080592028796673,0.213912696391344,0.0,1.0,0.042959213741123686,0.029615230858325958,0.029615230858325958,0.0008770618987919421,0.27902345325274464,0.18977842052161797,1.4702591184278542,0.27902345325274464,0.18977842052161797,1.4702591184278542,0.48260016424335217,0.27115351763469103,0.33211746515305546,0.33211746515305546,pooled,full_curve,50,0.0003180821091159979
49,cumulative_infected,2.014929049531929,3.328528041745376,3.0826979597477475,1.8074550836362695,2.0501219061843585,4.204112692837953,0.9928156572364969,6.925110241715446,2.153990786653594,5.932294584478949,0.0,1.0,1.3135989922134468,1.0677689102158183,1.0677689102158183,1.1401304456234762,0.27902345325274464,0.18977842052161797,1.4702591184278542,0.27902345325274464,0.18977842052161797,1.4702591184278542,0.48260016424335217,0.27115351763469103,0.33211746515305546,0.33211746515305546,pooled,full_curve,50,0.0003180821091159979
49,early_growth_slope,-0.00040668772444838494,0.0011194528283262378,0.0009423034799900568,0.0026726340375084236,-0.0002738506691890674,0.0027231449466420424,-0.0036022205403978204,0.005475348817777729,0.0029969956158311098,0.009077569358175549,0.0,1.0,0.0015261405527746228,0.0013489912044384418,0.0013489912044384418,1.8197772696522778e-06,0.27902345325274464,0.18977842052161797,1.4702591184278542,0.27902345325274464,0.18977842052161797,1.4702591184278542,0.48260016424335217,0.27115351763469103,0.33211746515305546,0.33211746515305546,pooled,full_curve,50,0.0003180821091159979
50,peak_time,31.0,24.45,21.0,15.996448469468579,10.0,39.25,1.9000000000000004,48.05,29.25,46.15,1.0,1.0,-6.550000000000001,-10.0,10.0,100.0,0.3182531927823793,0.44411225875765337,0.7166052873042763,0.3182531927823793,0.44411225875765337,0.7166052873042763,0.2932621956429153,0.48033082051759707,0.5033539001288508,0.5033539001288508,pooled,full_curve,50,2.179376650812733e-06
50,peak_height,0.04137488827109337,0.054587358199059965,0.05017799325287342,0.01855873066483077,0.04425003565847874,0.056925742886960506,0.037000335194170474,0.08958660960197447,0.01267570722848177,0.052586274407803994,0.0,1.0,0.013212469927966597,0.008803104981780052,0.008803104981780052,7.749465732024077e-05,0.3182531927823793,0.44411225875765337,0.7166052873042763,0.3182531927823793,0.44411225875765337,0.7166052873042763,0.2932621956429153,0.48033082051759707,0.5033539001288508,0.5033539001288508,pooled,full_curve,50,2.179376650812733e-06
50,cumulative_infected,0.47108842380112037,0.6332580374098506,0.48591431049862877,0.455609445387793,0.4188124584616162,0.5887672169628786,0.35052740529499715,1.734245260735042,0.1699547585012624,1.3837178554400449,1.0,1.0,0.16216961360873028,0.014825886697508395,0.014825886697508395,0.0002198069163673564,0.3182531927823793,0.44411225875765337,0.7166052873042763,0.3182531927823793,0.44411225875765337,0.7166052873042763,0.2932621956429153,0.48033082051759707,0.5033539001288508,0.5033539001288508,pooled,full_curve,50,2.179376650812733e-06
50,early_growth_slope,0.0023904992101181836,-0.00029561640981617965,-0.00030947612443317843,0.0020826371689687964,-0.0015716055051944694,0.0008980163810996428,-0.003458646236131675,0.0027080020664947187,0.0024696218862941123,0.006166648302626394,0.0,1.0,-0.002686115619934363,-0.002699975334551362,0.002699975334551362,7.28986680718574e-06,0.3182531927823793,0.44411225875765337,0.7166052873042763,0.3182531927823793,0.44411225875765337,0.7166052873042763,0.2932621956429153,0.48033082051759707,0.5033539001288508,0.5033539001288508,pooled,full_curve,50,2.179376650812733e-06
51,peak_time,46.0,41.22,42.0,7.232893437259218,39.0,46.0,31.95,49.0,7.0,17.05,1.0,1.0,-4.780000000000001,-4.0,4.0,16.0,0.12483726226889955,0.061808146691758464,2.0197541740164393,0.12483726226889955,0.061808146691758464,2.0197541740164393,0.18618740126411512,0.08349356449692624,0.2525874733623103,0.2525874733623103,pooled,full_curve,50,6.303349573432017e-06
51,peak_height,0.1307069957256317,0.22002763349562884,0.2255779653787613,0.0922900163194289,0.14277584478259087,0.29533829540014267,0.055202591419219973,0.3518782153725624,0.1525624506175518,0.29667562395334246,0.0,1.0,0.08932063776999713,0.09487096965312958,0.09487096965312958,0.009000500882925033,0.12483726226889955,0.061808146691758464,2.0197541740164393,0.12483726226889955,0.061808146691758464,2.0197541740164393,0.18618740126411512,0.08349356449692624,0.2525874733623103,0.2525874733623103,pooled,full_curve,50,6.303349573432017e-06
51,cumulative_infected,2.6220070336712524,4.907273118235716,4.917220670846291,2.2948293934746946,3.1824867740506306,6.719770193099976,0.6799131358362501,8.2487844762858,3.537283419049345,7.568871340449551,0.0,1.0,2.285266084564464,2.2952136371750385,2.2952136371750385,5.268005640274269,0.12483726226889955,0.061808146691758464,2.0197541740164393,0.12483726226889955,0.061808146691758464,2.0197541740164393,0.18618740126411512,0.08349356449692624,0.2525874733623103,0.2525874733623103,pooled,full_curve,50,6.303349573432017e-06
51,early_growth_slope,0.0024463973906157263,0.0009165958230992802,0.0010870663557268148,0.00295391874517922,-0.0007822731069089565,0.0024967851460955684,-0.004079390978274332,0.005402774750767826,0.003279058253004525,0.009482165729042157,1.0,1.0,-0.001529801567516446,-0.0013593310348889115,0.0013593310348889115,1.8477808624121592e-06,0.12483726226889955,0.061808146691758464,2.0197541740164393,0.12483726226889955,0.061808146691758464,2.0197541740164393,0.18618740126411512,0.08349356449692624,0.2525874733623103,0.2525874733623103,pooled,full_curve,50,6.303349573432017e-06
52,peak_time,3.0,22.46,20.5,15.237129027809043,9.0,37.0,2.0,47.0,28.0,45.0,0.0,1.0,19.46,17.5,17.5,306.25,0.3225845277105115,0.43098785053570804,0.7484770795964348,0.3225845277105115,0.43098785053570804,0.7484770795964348,0.30395043904078545,0.4588385124655646,0.3626046842895344,0.3626046842895344,pooled,full_curve,50,1.0799162614609007e-05
52,peak_height,0.051431186497211456,0.05075383555144072,0.04772651568055153,0.019163695269387482,0.04173520486801863,0.053664663806557655,0.03646010868251324,0.06904831752181052,0.011929458938539028,0.032588208839297285,1.0,1.0,-0.0006773509457707397,-0.0037046708166599274,0.0037046708166599274,1.3724585859811733e-05,0.3225845277105115,0.43098785053570804,0.7484770795964348,0.3225845277105115,0.43098785053570804,0.7484770795964348,0.30395043904078545,0.4588385124655646,0.3626046842895344,0.3626046842895344,pooled,full_curve,50,1.0799162614609007e-05
52,cumulative_infected,0.41510121431201696,0.5509398180415701,0.4570926392043475,0.45002807989819665,0.4035674760743859,0.522364639044099,0.32777498550422024,0.828926678025163,0.1187971629697131,0.5011516925209427,1.0,1.0,0.13583860372955314,0.04199142489233054,0.04199142489233054,0.001763279764488237,0.3225845277105115,0.43098785053570804,0.7484770795964348,0.3225845277105115,0.43098785053570804,0.7484770795964348,0.30395043904078545,0.4588385124655646,0.3626046842895344,0.3626046842895344,pooled,full_curve,50,1.0799162614609007e-05
52,early_growth_slope,0.0006915336984786247,-0.00012119620520977667,-8.374969114638115e-05,0.0020883252529382513,-0.0012282184408312392,0.0012222381864419386,-0.003486302000895927,0.003034417095061921,0.002450456627273178,0.006520719095957849,1.0,1.0,-0.0008127299036884013,-0.0007752833896250059,0.0007752833896250059,6.010643342284386e-07,0.3225845277105115,0.43098785053570804,0.7484770795964348,0.3225845277105115,0.43098785053570804,0.7484770795964348,0.30395043904078545,0.4588385124655646,0.3626046842895344,0.3626046842895344,pooled,full_curve,50,1.0799162614609007e-05
53,peak_time,29.0,28.33,28.0,2.437315131554607,27.0,30.0,24.95,32.05,3.0,7.099999999999998,1.0,1.0,-0.6700000000000017,-1.0,1.0,1.0,0.2755298013887042,0.07342019067593171,3.7527797034042187,0.2755298013887042,0.07342019067593171,3.7527797034042187,0.4227805256307632,0.07996117699117526,0.3802890390408382,0.3802890390408382,pooled,full_curve,50,0.007141513191663566
53,peak_height,0.42521902918815613,0.40982612282037734,0.4109398126602173,0.033952140725882936,0.3869802728295326,0.4301183745265007,0.35355311781167986,0.4596748426556587,0.04313810169696808,0.10612172484397886,1.0,1.0,-0.015392906367778791,-0.014279216527938843,0.014279216527938843,0.00020389602465176182,0.2755298013887042,0.07342019067593171,3.7527797034042187,0.2755298013887042,0.07342019067593171,3.7527797034042187,0.4227805256307632,0.07996117699117526,0.3802890390408382,0.3802890390408382,pooled,full_curve,50,0.007141513191663566
53,cumulative_infected,10.303659485653043,10.754681827232744,10.799688176251948,0.9613185475548577,10.136995205306448,11.49415581068024,9.039792132750154,12.314628001523669,1.3571606053737924,3.274835868773515,1.0,1.0,0.45102234157970145,0.4960286905989051,0.4960286905989051,0.2460444618972643,0.2755298013887042,0.07342019067593171,3.7527797034042187,0.2755298013887042,0.07342019067593171,3.7527797034042187,0.4227805256307632,0.07996117699117526,0.3802890390408382,0.3802890390408382,pooled,full_curve,50,0.007141513191663566
53,early_growth_slope,0.0003763914684809395,0.003252359041584679,0.0031070185477368624,0.002729293059228605,0.001712148271659923,0.0049140719092974905,-0.0008891529675782358,0.0073537340592814675,0.0032019236376375675,0.008242887026859703,0.0,1.0,0.0028759675731037395,0.002730627079255923,0.002730627079255923,7.456324245965732e-06,0.2755298013887042,0.07342019067593171,3.7527797034042187,0.2755298013887042,0.07342019067593171,3.7527797034042187,0.4227805256307632,0.07996117699117526,0.3802890390408382,0.3802890390408382,pooled,full_curve,50,0.007141513191663566
54,peak_time,37.0,24.17,24.0,12.069709142637977,17.0,33.0,3.0,44.099999999999994,16.0,41.099999999999994,0.0,1.0,-12.829999999999998,-13.0,13.0,169.0,0.34003243509780806,0.2728320835087157,1.2463066319945677,0.34003243509780806,0.2728320835087157,1.2463066319945677,0.5201635448425348,0.37992071656800674,0.5383960675870433,0.5383960675870433,pooled,full_curve,50,5.454458147037559e-05
54,peak_height,0.05510207265615463,0.07067406933754683,0.06259419210255146,0.0284995226449836,0.05109275318682194,0.0809306651353836,0.03833194747567177,0.13029040619730947,0.02983791194856167,0.0919584587216377,1.0,1.0,0.015571996681392197,0.007492119446396828,0.007492119446396828,5.613185379907751e-05,0.34003243509780806,0.2728320835087157,1.2463066319945677,0.34003243509780806,0.2728320835087157,1.2463066319945677,0.5201635448425348,0.37992071656800674,0.5383960675870433,0.5383960675870433,pooled,full_curve,50,5.454458147037559e-05
54,cumulative_infected,1.1184929561859462,1.1743734503273482,0.9621245705056936,0.8164410853532358,0.5909006962319836,1.4368196575669572,0.43811759902746417,3.1573892337182765,0.8459189613349736,2.7192716346908123,1.0,1.0,0.05588049414140195,-0.1563683856802527,0.1563683856802527,0.024451072040248253,0.34003243509780806,0.2728320835087157,1.2463066319945677,0.34003243509780806,0.2728320835087157,1.2463066319945677,0.5201635448425348,0.37992071656800674,0.5383960675870433,0.5383960675870433,pooled,full_curve,50,5.454458147037559e-05
54,early_growth_slope,-0.00012287772482349777,-0.00014947674617866568,-0.00045713451982010064,0.0024220506543174225,-0.0017548182686801894,0.0013954026393808558,-0.0036613943908984452,0.004689589508121743,0.003150220908061045,0.008350983899020187,1.0,1.0,-2.6599021355167913e-05,-0.00033425679499660284,0.00033425679499660284,1.1172760500140098e-07,0.34003243509780806,0.2728320835087157,1.2463066319945677,0.34003243509780806,0.2728320835087157,1.2463066319945677,0.5201635448425348,0.37992071656800674,0.5383960675870433,0.5383960675870433,pooled,full_curve,50,5.454458147037559e-05
55,peak_time,25.0,26.59,27.0,3.553615316572943,24.0,29.0,20.95,31.049999999999997,5.0,10.099999999999998,1.0,1.0,1.5899999999999999,2.0,2.0,4.0,0.3487014710018151,0.19421862750391117,1.7954069364165028,0.3487014710018151,0.19421862750391117,1.7954069364165028,0.8218833670743898,0.2713781269278947,0.20823089715653376,0.20823089715653376,pooled,full_curve,50,0.0026734359238555585
55,peak_height,0.14684458076953888,0.15804907001554966,0.15680067241191864,0.02203544380995423,0.14230399206280708,0.17302962765097618,0.12626196891069413,0.1942037619650364,0.030725635588169098,0.06794179305434225,1.0,1.0,0.01120448924601078,0.00995609164237976,0.00995609164237976,9.912376079146412e-05,0.3487014710018151,0.19421862750391117,1.7954069364165028,0.3487014710018151,0.19421862750391117,1.7954069364165028,0.8218833670743898,0.2713781269278947,0.20823089715653376,0.20823089715653376,pooled,full_curve,50,0.0026734359238555585
55,cumulative_infected,3.2051557165104896,3.618010367031384,3.581929061707342,0.4432214929157483,3.317484006547602,3.901041599747259,2.8659340891754255,4.334325141552836,0.5835575931996573,1.4683910523774104,0.0,1.0,0.4128546505208943,0.37677334519685246,0.37677334519685246,0.14195815365082654,0.3487014710018151,0.19421862750391117,1.7954069364165028,0.3487014710018151,0.19421862750391117,1.7954069364165028,0.8218833670743898,0.2713781269278947,0.20823089715653376,0.20823089715653376,pooled,full_curve,50,0.0026734359238555585
55,early_growth_slope,0.0024036529551570616,0.002219435772399482,0.0022676290994110924,0.002784034954144091,0.0005590101715088603,0.0037593396943217763,-0.0021784830796864937,0.006669869773932509,0.0032003295228129162,0.008848352853619002,1.0,1.0,-0.00018421718275757944,-0.00013602385574596918,0.00013602385574596918,1.8502489332000234e-08,0.3487014710018151,0.19421862750391117,1.7954069364165028,0.3487014710018151,0.19421862750391117,1.7954069364165028,0.8218833670743898,0.2713781269278947,0.20823089715653376,0.20823089715653376,pooled,full_curve,50,0.0026734359238555585
56,peak_time,47.0,23.93,25.0,14.23628526624197,12.0,37.0,1.0,45.05,25.0,44.05,0.0,0.0,-23.07,-22.0,22.0,484.0,0.1,0.10111994791522673,0.9889245600070361,0.1,0.10111994791522673,0.9889245600070361,0.5800072632402468,0.4150367311473699,0.12268984881119518,0.12268984881119518,pooled,full_curve,50,0.00048268026128093854
56,peak_height,0.05540446937084198,0.05414763368666172,0.05032161995768547,0.018686581183610877,0.043339941650629044,0.0607311362400651,0.036098203249275686,0.07744952850043772,0.017391194589436054,0.04135132525116204,1.0,1.0,-0.0012568356841802589,-0.005082849413156509,0.005082849413156509,2.5835358156825472e-05,0.1,0.10111994791522673,0.9889245600070361,0.1,0.10111994791522673,0.9889245600070361,0.5800072632402468,0.4150367311473699,0.12268984881119518,0.12268984881119518,pooled,full_curve,50,0.00048268026128093854
56,cumulative_infected,0.5691197838168591,0.6412273877895496,0.5063044266426004,0.5054096372339271,0.41437588945882453,0.6416676494045532,0.30590548845939336,1.3923495375958734,0.2272917599457287,1.08644404913648,1.0,1.0,0.07210760397269045,-0.06281535717425868,0.06281535717425868,0.003945769096929692,0.1,0.10111994791522673,0.9889245600070361,0.1,0.10111994791522673,0.9889245600070361,0.5800072632402468,0.4150367311473699,0.12268984881119518,0.12268984881119518,pooled,full_curve,50,0.00048268026128093854
56,early_growth_slope,-9.932444940897646e-05,0.00013241882531734312,0.00024088877502695922,0.0023159641674416493,-0.0010263897189967495,0.0011162953427022635,-0.0033715807113497086,0.004316262732869463,0.002142685061699013,0.007687843444219172,1.0,1.0,0.00023174327472631957,0.0003402132244359357,0.0003402132244359357,1.1574503808109634e-07,0.1,0.10111994791522673,0.9889245600070361,0.1,0.10111994791522673,0.9889245600070361,0.5800072632402468,0.4150367311473699,0.12268984881119518,0.12268984881119518,pooled,full_curve,50,0.00048268026128093854
57,peak_time,27.0,25.6,24.5,13.12873323529869,15.0,35.25,5.0,47.05,20.25,42.05,1.0,1.0,-1.3999999999999986,-2.5,2.5,6.25,0.2996333135344352,0.251381647873028,1.191945856309204,0.2996333135344352,0.251381647873028,1.191945856309204,0.4448034813728572,0.3486659864476568,0.5493716069267889,0.5493716069267889,pooled,full_curve,50,1.869194406395454e-05
57,peak_height,0.06899251788854599,0.06764856152236462,0.058938102796673775,0.03399787677280473,0.047667019069194794,0.07024547457695007,0.04193510450422764,0.14077699333429333,0.02257845550775528,0.0988418888300657,1.0,1.0,-0.0013439563661813703,-0.010054415091872215,0.010054415091872215,0.00010109126283966777,0.2996333135344352,0.251381647873028,1.191945856309204,0.2996333135344352,0.251381647873028,1.191945856309204,0.4448034813728572,0.3486659864476568,0.5493716069267889,0.5493716069267889,pooled,full_curve,50,1.869194406395454e-05
57,cumulative_infected,0.9917404105799505,1.051363917046292,0.692772889007756,0.9750011931959731,0.5367526755144354,1.0535214495030232,0.42937961194475066,3.0829239617218254,0.5167687739885878,2.6535443497770745,1.0,1.0,0.059623506466341514,-0.29896752157219453,0.29896752157219453,0.0893815789550206,0.2996333135344352,0.251381647873028,1.191945856309204,0.2996333135344352,0.251381647873028,1.191945856309204,0.4448034813728572,0.3486659864476568,0.5493716069267889,0.5493716069267889,pooled,full_curve,50,1.869194406395454e-05
57,early_growth_slope,-0.00015942566651141343,0.00031926458707727946,0.0004408563074234526,0.0023149139913812753,-0.001097065681755165,0.0016246225124978944,-0.003230238469162333,0.004353947070818059,0.0027216881942530597,0.007584185539980392,1.0,1.0,0.0004786902535886929,0.000600281973934866,0.000600281973934866,3.603384482311391e-07,0.2996333135344352,0.251381647873028,1.191945856309204,0.2996333135344352,0.251381647873028,1.191945856309204,0.4448034813728572,0.3486659864476568,0.5493716069267889,0.5493716069267889,pooled,full_curve,50,1.869194406395454e-05
58,peak_time,49.0,23.15,21.0,14.914825516982091,10.75,36.0,4.0,49.0,25.25,45.0,0.0,1.0,-25.85,-28.0,28.0,784.0,0.1,0.13479555661950635,0.7418642165058499,0.1,0.13479555661950635,0.7418642165058499,0.3912593620261985,0.3752454692992487,0.13719812594495046,0.13719812594495046,pooled,full_curve,50,0.0001936533857581731
58,peak_height,0.06331668049097061,0.058808221612125636,0.05107223428785801,0.03323087970966671,0.04283867124468088,0.060334847308695316,0.03321121092885733,0.11715076230466365,0.017496176064014435,0.08393955137580632,0.0,1.0,-0.004508458878844976,-0.012244446203112602,0.012244446203112602,0.00014992646282091862,0.1,0.13479555661950635,0.7418642165058499,0.1,0.13479555661950635,0.7418642165058499,0.3912593620261985,0.3752454692992487,0.13719812594495046,0.13719812594495046,pooled,full_curve,50,0.0001936533857581731
58,cumulative_infected,0.6686608553864062,0.7829118467156923,0.5052798498654738,0.9192868422484175,0.4143531198715209,0.642374489660142,0.29160587904334534,2.3519203287316484,0.2280213697886211,2.060314449688303,0.0,1.0,0.11425099132928607,-0.16338100552093238,0.16338100552093238,0.026693352965030937,0.1,0.13479555661950635,0.7418642165058499,0.1,0.13479555661950635,0.7418642165058499,0.3912593620261985,0.3752454692992487,0.13719812594495046,0.13719812594495046,pooled,full_curve,50,0.0001936533857581731
58,early_growth_slope,0.00025168237542467505,0.00010458259733284361,9.228917215729077e-05,0.00238631479916624,-0.0012032683298457405,0.0017366384116550245,-0.0035437111087265353,0.003435105463722719,0.0029399067415007652,0.006978816572449254,1.0,1.0,-0.00014709977809183145,-0.00015939320326738429,0.00015939320326738429,2.5406193247837686e-08,0.1,0.13479555661950635,0.7418642165058499,0.1,0.13479555661950635,0.7418642165058499,0.3912593620261985,0.3752454692992487,0.13719812594495046,0.13719812594495046,pooled,full_curve,50,0.0001936533857581731
59,peak_time,2.0,22.43,21.5,14.880843220378843,9.0,36.0,1.9500000000000002,46.099999999999994,27.0,44.14999999999999,0.0,1.0,20.43,19.5,19.5,380.25,0.24589988246216546,0.33098167319724336,0.742941082165674,0.24589988246216546,0.33098167319724336,0.742941082165674,0.23686468080494658,0.36241666492370095,0.36492829896159107,0.36492829896159107,pooled,full_curve,50,5.050790527239061e-06
59,peak_height,0.0680881068110466,0.05893899284303188,0.05096796527504921,0.030744899084998834,0.04398748651146889,0.05911723431199789,0.03533773105591535,0.13138513565063473,0.015129747800529003,0.09604740459471937,0.0,1.0,-0.009149113968014717,-0.01712014153599739,0.01712014153599739,0.0002930992462125831,0.24589988246216546,0.33098167319724336,0.742941082165674,0.24589988246216546,0.33098167319724336,0.742941082165674,0.23686468080494658,0.36241666492370095,0.36492829896159107,0.36492829896159107,pooled,full_curve,50,5.050790527239061e-06
59,cumulative_infected,0.6181536802323535,0.7823214741099553,0.5022888596868142,0.7949649977900439,0.4325996962870704,0.6935585330679572,0.35444941545101755,2.6062943700700973,0.2609588367808868,2.25184495461908,1.0,1.0,0.16416779387760183,-0.11586482054553926,0.11586482054553926,0.013424656640050017,0.24589988246216546,0.33098167319724336,0.742941082165674,0.24589988246216546,0.33098167319724336,0.742941082165674,0.23686468080494658,0.36241666492370095,0.36492829896159107,0.36492829896159107,pooled,full_curve,50,5.050790527239061e-06
59,early_growth_slope,-0.00518140765849412,-6.984216778922255e-05,0.00023274299357061633,0.0024976817747240083,-0.0019260249156061375,0.0015352311100373522,-0.004074502413095614,0.003982409293045444,0.0034612560256434897,0.008056911706141059,0.0,0.0,0.005111565490704898,0.005414150652064737,0.005414150652064737,2.9313027283253014e-05,0.24589988246216546,0.33098167319724336,0.742941082165674,0.24589988246216546,0.33098167319724336,0.742941082165674,0.23686468080494658,0.36241666492370095,0.36492829896159107,0.36492829896159107,pooled,full_curve,50,5.050790527239061e-06
60,peak_time,43.0,39.27,39.0,3.639999444999402,37.0,41.0,35.0,45.05,4.0,10.049999999999997,0.0,1.0,-3.729999999999997,-4.0,4.0,16.0,0.19022916315379565,0.06814809256598803,2.791408475146918,0.19022916315379565,0.06814809256598803,2.791408475146918,0.2649135619547513,0.07916602140917442,0.3659363231310826,0.3659363231310826,pooled,full_curve,50,0.000294665323815153
60,peak_height,0.29778483510017395,0.37836245898157356,0.39790160953998566,0.06588937839865973,0.36379802972078323,0.41776078939437866,0.2577272534370422,0.43599084466695787,0.05396275967359543,0.17826359122991564,0.0,1.0,0.08057762388139961,0.1001167744398117,0.1001167744398117,0.010023368524232135,0.19022916315379565,0.06814809256598803,2.791408475146918,0.19022916315379565,0.06814809256598803,2.791408475146918,0.2649135619547513,0.07916602140917442,0.3659363231310826,0.3659363231310826,pooled,full_curve,50,0.000294665323815153
60,cumulative_infected,6.8940391023643315,9.416592261890182,9.894857581704855,1.8727108351570567,8.619667066843249,10.527651206357405,6.1192062480608005,11.312303396593778,1.9079841395141557,5.193097148532978,0.0,1.0,2.5225531595258506,3.0008184793405235,3.0008184793405235,9.004911545951572,0.19022916315379565,0.06814809256598803,2.791408475146918,0.19022916315379565,0.06814809256598803,2.791408475146918,0.2649135619547513,0.07916602140917442,0.3659363231310826,0.3659363231310826,pooled,full_curve,50,0.000294665323815153
60,early_growth_slope,0.004960435231970179,0.0018569052589763103,0.0017621172314864542,0.0025494763380831224,-7.233782837699589e-05,0.003645103385982413,-0.0022173533458650714,0.005670083164226349,0.003717441214359409,0.00788743651009142,0.0,1.0,-0.003103529972993869,-0.003198318000483725,0.003198318000483725,1.0229238032218212e-05,0.19022916315379565,0.06814809256598803,2.791408475146918,0.19022916315379565,0.06814809256598803,2.791408475146918,0.2649135619547513,0.07916602140917442,0.3659363231310826,0.3659363231310826,pooled,full_curve,50,0.000294665323815153
61,peak_time,27.0,23.62,24.0,3.161574853701167,21.75,25.0,18.0,29.0,3.25,11.0,0.0,1.0,-3.379999999999999,-3.0,3.0,9.0,0.3983288864396761,0.22867253392503523,1.7419183651074537,0.3983288864396761,0.22867253392503523,1.7419183651074537,0.7003569837557189,0.29900085689179645,0.3803441979266533,0.3803441979266533,pooled,full_curve,50,0.001697695701653909
61,peak_height,0.15725164115428925,0.15350450202822685,0.15315033495426178,0.018127380705408237,0.1395755410194397,0.1659121923148632,0.12751735672354697,0.1853544197976589,0.026336651295423508,0.05783706307411193,1.0,1.0,-0.003747139126062393,-0.004101306200027466,0.004101306200027466,1.682071254638373e-05,0.3983288864396761,0.22867253392503523,1.7419183651074537,0.3983288864396761,0.22867253392503523,1.7419183651074537,0.7003569837557189,0.29900085689179645,0.3803441979266533,0.3803441979266533,pooled,full_curve,50,0.001697695701653909
61,cumulative_infected,3.114313030615449,3.280596153876395,3.2808739172760397,0.2908340467934234,3.0767630065092817,3.4608812663936988,2.858887405367568,3.7638280853745525,0.38411825988441706,0.9049406800069844,1.0,1.0,0.16628312326094585,0.16656088666059077,0.16656088666059077,0.027742528965162164,0.3983288864396761,0.22867253392503523,1.7419183651074537,0.3983288864396761,0.22867253392503523,1.7419183651074537,0.7003569837557189,0.29900085689179645,0.3803441979266533,0.3803441979266533,pooled,full_curve,50,0.001697695701653909
61,early_growth_slope,0.0013703181896181338,0.0029957467137726435,0.003153965173710492,0.0027376659229269057,0.0010996024412590838,0.005431058694652857,-0.0014363296316116125,0.007401387738147083,0.004331456253393773,0.008837717369758696,1.0,1.0,0.0016254285241545097,0.0017836469840923582,0.0017836469840923582,3.181396563861765e-06,0.3983288864396761,0.22867253392503523,1.7419183651074537,0.3983288864396761,0.22867253392503523,1.7419183651074537,0.7003569837557189,0.29900085689179645,0.3803441979266533,0.3803441979266533,pooled,full_curve,50,0.001697695701653909
62,peak_time,30.0,23.88,22.5,14.902565706832656,12.0,37.0,1.0,48.0,25.0,47.0,1.0,1.0,-6.120000000000001,-7.5,7.5,56.25,0.29053829680565807,0.3925400605530314,0.7401494165877801,0.29053829680565807,0.3925400605530314,0.7401494165877801,0.2646825586056971,0.41973841346390484,0.5670986617648569,0.5670986617648569,pooled,full_curve,50,2.669696036550861e-07
62,peak_height,0.05561050400137901,0.05351015333086252,0.04841808043420315,0.017473246513340198,0.04250751622021198,0.06036847736686468,0.037130482867360114,0.07811028212308883,0.0178609611466527,0.04097979925572872,1.0,1.0,-0.0021003506705164904,-0.007192423567175865,0.007192423567175865,5.17309567696668e-05,0.29053829680565807,0.3925400605530314,0.7401494165877801,0.29053829680565807,0.3925400605530314,0.7401494165877801,0.2646825586056971,0.41973841346390484,0.5670986617648569,0.5670986617648569,pooled,full_curve,50,2.669696036550861e-07
62,cumulative_infected,0.353954179037828,0.6053330185173581,0.4836007936646638,0.4014839119632452,0.427086404104557,0.589387202611988,0.336265619569167,1.4369699976523405,0.16230079850743095,1.1007043780831736,0.0,1.0,0.2513788394795301,0.1296466146268358,0.1296466146268358,0.016808244684199274,0.29053829680565807,0.3925400605530314,0.7401494165877801,0.29053829680565807,0.3925400605530314,0.7401494165877801,0.2646825586056971,0.41973841346390484,0.5670986617648569,0.5670986617648569,pooled,full_curve,50,2.669696036550861e-07
62,early_growth_slope,8.249250666787252e-05,-0.0005812501496360962,-0.0006821751400517919,0.002079805342759817,-0.0018928181768084525,0.0007165214213143502,-0.003978239777331636,0.0030329262450409468,0.0026093395981228026,0.007011166022372583,1.0,1.0,-0.0006637426563039688,-0.0007646676467196645,0.0007646676467196645,5.847166099397896e-07,0.29053829680565807,0.3925400605530314,0.7401494165877801,0.29053829680565807,0.3925400605530314,0.7401494165877801,0.2646825586056971,0.41973841346390484,0.5670986617648569,0.5670986617648569,pooled,full_curve,50,2.669696036550861e-07
63,peak_time,18.0,21.74,20.5,14.948139305173358,7.75,32.25,1.9500000000000002,47.0,24.5,45.05,1.0,1.0,3.7399999999999984,2.5,2.5,6.25,0.1983592147887459,0.47735627192180413,0.4155370452977712,0.1983592147887459,0.47735627192180413,0.4155370452977712,0.18023012285830156,0.4911684495659578,0.1406910350667164,0.1406910350667164,pooled,full_curve,50,9.538991564144533e-06
63,peak_height,0.03555732220411301,0.05233357666060329,0.04919436387717724,0.020537651032792637,0.04194426070898771,0.05593426153063774,0.03411012701690197,0.07511539869010445,0.013990000821650028,0.041005271673202476,0.0,1.0,0.01677625445649028,0.013637041673064232,0.013637041673064232,0.0001859689055928905,0.1983592147887459,0.47735627192180413,0.4155370452977712,0.1983592147887459,0.47735627192180413,0.4155370452977712,0.18023012285830156,0.4911684495659578,0.1406910350667164,0.1406910350667164,pooled,full_curve,50,9.538991564144533e-06
63,cumulative_infected,0.44962145132012665,0.5997824782213473,0.47627945333442767,0.47019088296439204,0.41781166214786936,0.5727355045455624,0.3068375572678633,1.3351447995752086,0.15492384239769308,1.0283072423073452,1.0,1.0,0.15016102690122068,0.02665800201430102,0.02665800201430102,0.0007106490713944772,0.1983592147887459,0.47735627192180413,0.4155370452977712,0.1983592147887459,0.47735627192180413,0.4155370452977712,0.18023012285830156,0.4911684495659578,0.1406910350667164,0.1406910350667164,pooled,full_curve,50,9.538991564144533e-06
63,early_growth_slope,-0.0014827603784700234,-5.0241151851271434e-05,-0.0001664952474779314,0.001990697919921136,-0.0013513251843895486,0.0013036177337025522,-0.003504303354981987,0.003054387076935242,0.002654942918092101,0.006558690431917228,0.0,1.0,0.001432519226618752,0.001316265130992092,0.001316265130992092,1.732553895065629e-06,0.1983592147887459,0.47735627192180413,0.4155370452977712,0.1983592147887459,0.47735627192180413,0.4155370452977712,0.18023012285830156,0.4911684495659578,0.1406910350667164,0.1406910350667164,pooled,full_curve,50,9.538991564144533e-06
64,peak_time,43.0,23.46,25.5,15.793119586156063,8.75,36.25,0.0,48.05,27.5,48.05,0.0,1.0,-19.54,-17.5,17.5,306.25,0.2376790203717249,0.4217219761904023,0.5635917352915365,0.2376790203717249,0.4217219761904023,0.5635917352915365,0.20604497676663075,0.476769940406168,0.40278977928246096,0.40278977928246096,pooled,full_curve,50,1.5116199077765676e-06
64,peak_height,0.06132569536566734,0.05337669026106596,0.04983547329902649,0.017282510687212444,0.04376770928502083,0.05607619322836399,0.034923738799989223,0.09062247611582279,0.012308483943343163,0.055698737315833566,0.0,1.0,-0.007949005104601385,-0.011490222066640854,0.011490222066640854,0.00013202520314072042,0.2376790203717249,0.4217219761904023,0.5635917352915365,0.2376790203717249,0.4217219761904023,0.5635917352915365,0.20604497676663075,0.476769940406168,0.40278977928246096,0.40278977928246096,pooled,full_curve,50,1.5116199077765676e-06
64,cumulative_infected,0.4809875056380406,0.6040066364226186,0.4792777288239449,0.417441935119774,0.41804112773388624,0.5853909688212298,0.3527099492755951,1.3296922484209053,0.16734984108734352,0.9769822991453101,1.0,1.0,0.12301913078457805,-0.001709776814095676,0.001709776814095676,2.9233367540191596e-06,0.2376790203717249,0.4217219761904023,0.5635917352915365,0.2376790203717249,0.4217219761904023,0.5635917352915365,0.20604497676663075,0.476769940406168,0.40278977928246096,0.40278977928246096,pooled,full_curve,50,1.5116199077765676e-06
64,early_growth_slope,0.0023077642240206756,-0.0007846088011687926,-0.000789738118848098,0.0020697727101800256,-0.0019399779571575052,0.000708871002730338,-0.004783405161045568,0.0023307123759184916,0.0026488489598878433,0.00711411753696406,0.0,1.0,-0.0030923730251894684,-0.0030975023428687735,0.0030975023428687735,9.594520764077541e-06,0.2376790203717249,0.4217219761904023,0.5635917352915365,0.2376790203717249,0.4217219761904023,0.5635917352915365,0.20604497676663075,0.476769940406168,0.40278977928246096,0.40278977928246096,pooled,full_curve,50,1.5116199077765676e-06
65,peak_time,43.0,28.59,33.0,14.754622627803426,18.0,41.25,2.0,47.0,23.25,45.0,0.0,1.0,-14.41,-10.0,10.0,100.0,0.1,0.069756311897561,1.4335620287215394,0.1,0.069756311897561,1.4335620287215394,0.45506193698004505,0.2771052478890465,0.1581538585818167,0.1581538585818167,pooled,full_curve,50,0.00030712824824063697
65,peak_height,0.05767775699496269,0.08202487148344517,0.06022751145064831,0.054670385390732185,0.04629823286086321,0.09629950113594532,0.03908928837627172,0.21092663928866384,0.05000126827508211,0.1718373509123921,1.0,1.0,0.02434711448848248,0.0025497544556856155,0.0025497544556856155,6.50124778428865e-06,0.1,0.069756311897561,1.4335620287215394,0.1,0.069756311897561,1.4335620287215394,0.45506193698004505,0.2771052478890465,0.1581538585818167,0.1581538585818167,pooled,full_curve,50,0.00030712824824063697
65,cumulative_infected,1.0186964076710865,1.4352274894084802,0.7271206205273302,1.4178114795516683,0.48058705138464575,1.9493493192712776,0.32747452070875627,4.599513763049617,1.468762267886632,4.272039242340861,1.0,1.0,0.4165310817373937,-0.2915757871437563,0.2915757871437563,0.08501643964850109,0.1,0.069756311897561,1.4335620287215394,0.1,0.069756311897561,1.4335620287215394,0.45506193698004505,0.2771052478890465,0.1581538585818167,0.1581538585818167,pooled,full_curve,50,0.00030712824824063697
65,early_growth_slope,0.00037345311249650673,0.00020115587557116037,8.251455368562863e-05,0.0022712241230163485,-0.0010003444173586704,0.0013421118575414376,-0.0034175701563418388,0.0040951963927086795,0.002342456274900108,0.007512766549050518,1.0,1.0,-0.00017229723692534636,-0.00029093855881087813,0.00029093855881087813,8.464524500295079e-08,0.1,0.069756311897561,1.4335620287215394,0.1,0.069756311897561,1.4335620287215394,0.45506193698004505,0.2771052478890465,0.1581538585818167,0.1581538585818167,pooled,full_curve,50,0.00030712824824063697
66,peak_time,13.0,14.49,14.0,1.218502143924037,14.0,15.0,13.0,16.049999999999997,1.0,3.049999999999997,0.0,1.0,1.4900000000000002,1.0,1.0,1.0,0.572737098152676,0.05404614352469148,10.59718715898787,0.572737098152676,0.05404614352469148,10.59718715898787,0.9749752366163381,0.054277529618968326,0.7308042378175793,0.7308042378175793,pooled,full_curve,50,0.004335887568685306
66,peak_height,0.7288272380828857,0.6783216017484665,0.6780751943588257,0.02299793412303279,0.6631744056940079,0.6935847103595734,0.6363685905933381,0.7129763960838318,0.03041030466556549,0.07660780549049373,0.0,0.0,-0.05050563633441929,-0.05075204372406006,0.05075204372406006,0.002575769942168904,0.572737098152676,0.05404614352469148,10.59718715898787,0.572737098152676,0.05404614352469148,10.59718715898787,0.9749752366163381,0.054277529618968326,0.7308042378175793,0.7308042378175793,pooled,full_curve,50,0.004335887568685306
66,cumulative_infected,16.60673539340496,15.916947533822386,16.103920741472393,0.7578868258650633,15.659655277617276,16.432505389675498,14.43605265711667,16.779530445300043,0.7728501120582223,2.343477788183373,0.0,1.0,-0.6897878595825748,-0.5028146519325674,0.5028146519325674,0.25282257419806886,0.572737098152676,0.05404614352469148,10.59718715898787,0.572737098152676,0.05404614352469148,10.59718715898787,0.9749752366163381,0.054277529618968326,0.7308042378175793,0.7308042378175793,pooled,full_curve,50,0.004335887568685306
66,early_growth_slope,0.02790340492945341,0.02910848367171118,0.028829216294633662,0.005412701917749561,0.026171771851035627,0.03241260200073676,0.020737268317801254,0.03875961647766719,0.006240830149701129,0.018022348159865934,1.0,1.0,0.001205078742257771,0.0009258113651802527,0.0009258113651802527,8.571266838969232e-07,0.572737098152676,0.05404614352469148,10.59718715898787,0.572737098152676,0.05404614352469148,10.59718715898787,0.9749752366163381,0.054277529618968326,0.7308042378175793,0.7308042378175793,pooled,full_curve,50,0.004335887568685306
67,peak_time,34.0,33.36,33.0,3.0633710882363605,31.0,35.0,29.0,39.05,4.0,10.049999999999997,1.0,1.0,-0.6400000000000006,-1.0,1.0,1.0,0.24831597910851572,0.08749007978533418,2.838218683967191,0.24831597910851572,0.08749007978533418,2.838218683967191,0.33036949836942814,0.09654702655141985,0.4931788962576267,0.4931788962576267,pooled,full_curve,50,0.001458195518419167
67,peak_height,0.3288094997406006,0.3518462456762791,0.35608023405075073,0.04758333027542991,0.32911013811826706,0.3873212933540344,0.2659024350345135,0.4147757962346077,0.058211155235767365,0.1488733612000942,0.0,1.0,0.023036745935678504,0.027270734310150146,0.027270734310150146,0.0007436929498148004,0.24831597910851572,0.08749007978533418,2.838218683967191,0.24831597910851572,0.08749007978533418,2.838218683967191,0.33036949836942814,0.09654702655141985,0.4931788962576267,0.4931788962576267,pooled,full_curve,50,0.001458195518419167
67,cumulative_infected,7.790583538589999,9.17185143653439,9.349547152989544,1.3271105078600454,8.501559410069603,10.11799648826127,6.608779346122174,10.935656319791452,1.616437078191666,4.326876973669278,0.0,1.0,1.3812678979443902,1.558963614399545,1.558963614399545,2.430367551021693,0.24831597910851572,0.08749007978533418,2.838218683967191,0.24831597910851572,0.08749007978533418,2.838218683967191,0.33036949836942814,0.09654702655141985,0.4931788962576267,0.4931788962576267,pooled,full_curve,50,0.001458195518419167
67,early_growth_slope,0.0029063040800836114,0.0026640664482664804,0.0026806064886927957,0.002534965468659129,0.0010169489625176152,0.004476186765714374,-0.001694457954865701,0.006818178397826982,0.0034592378031967587,0.008512636352692683,1.0,1.0,-0.0002422376318171309,-0.00022569759139081562,0.00022569759139081562,5.093940275961557e-08,0.24831597910851572,0.08749007978533418,2.838218683967191,0.24831597910851572,0.08749007978533418,2.838218683967191,0.33036949836942814,0.09654702655141985,0.4931788962576267,0.4931788962576267,pooled,full_curve,50,0.001458195518419167
68,peak_time,20.0,18.71,19.0,1.5195360801869429,18.0,20.0,16.0,21.049999999999997,2.0,5.049999999999997,1.0,1.0,-1.2899999999999991,-1.0,1.0,1.0,0.4336704737084554,0.1456933830670925,2.9765969090631113,0.4336704737084554,0.1456933830670925,2.9765969090631113,0.9420416073172487,0.16360637129088174,0.29387994446238747,0.29387994446238747,pooled,full_curve,50,0.008140141493952717
68,peak_height,0.3417063355445862,0.30371684074401856,0.30183184146881104,0.018641801446769087,0.29265816509723663,0.31464362889528275,0.27376995235681534,0.3357481464743614,0.021985463798046112,0.06197819411754607,0.0,0.0,-0.037989494800567625,-0.039874494075775146,0.039874494075775146,0.0015899752777990273,0.4336704737084554,0.1456933830670925,2.9765969090631113,0.4336704737084554,0.1456933830670925,2.9765969090631113,0.9420416073172487,0.16360637129088174,0.29387994446238747,0.29387994446238747,pooled,full_curve,50,0.008140141493952717
68,cumulative_infected,6.138542257249355,5.993830687265144,5.958330518100411,0.3123575016098018,5.780105910293059,6.2167332384269685,5.495683824433945,6.486545448121615,0.43662732813390903,0.9908616236876702,1.0,1.0,-0.14471156998421097,-0.18021173914894462,0.18021173914894462,0.032476270927087256,0.4336704737084554,0.1456933830670925,2.9765969090631113,0.4336704737084554,0.1456933830670925,2.9765969090631113,0.9420416073172487,0.16360637129088174,0.29387994446238747,0.29387994446238747,pooled,full_curve,50,0.008140141493952717
68,early_growth_slope,0.0013411628938878766,0.006845725462595252,0.006760557539694542,0.003046880373685002,0.005134684058638023,0.008838404374338485,0.0015841155290781056,0.011294489266445105,0.003703720315700462,0.009710373737366999,0.0,0.0,0.005504562568707375,0.005419394645806665,0.005419394645806665,2.936983832699795e-05,0.4336704737084554,0.1456933830670925,2.9765969090631113,0.4336704737084554,0.1456933830670925,2.9765969090631113,0.9420416073172487,0.16360637129088174,0.29387994446238747,0.29387994446238747,pooled,full_curve,50,0.008140141493952717
69,peak_time,32.0,32.11,32.0,2.9776778967117408,30.0,34.0,27.0,37.0,4.0,10.0,1.0,1.0,0.10999999999999943,0.0,0.0,0.0,0.2685858654122751,0.12581408688824391,2.1347837277621395,0.2685858654122751,0.12581408688824391,2.1347837277621395,0.6258234853518522,0.16388664367898156,0.16799362245179753,0.16799362245179753,pooled,full_curve,50,0.003265928448072662
69,peak_height,0.22533780336380005,0.26334578230977057,0.26527464389801025,0.03280824751331577,0.24046434089541435,0.2843024581670761,0.21470139920711517,0.3161343187093735,0.04383811727166176,0.1014329195022583,0.0,1.0,0.03800797894597052,0.039936840534210205,0.039936840534210205,0.0015949512318549353,0.2685858654122751,0.12581408688824391,2.1347837277621395,0.2685858654122751,0.12581408688824391,2.1347837277621395,0.6258234853518522,0.16388664367898156,0.16799362245179753,0.16799362245179753,pooled,full_curve,50,0.003265928448072662
69,cumulative_infected,5.306867158040404,6.796672419711831,6.732286034151912,0.8636338025302474,6.305428825100535,7.376408043899573,5.377209408837371,8.295165621559136,1.0709792187990388,2.917956212721765,0.0,0.0,1.4898052616714264,1.4254188761115074,1.4254188761115074,2.031818972374993,0.2685858654122751,0.12581408688824391,2.1347837277621395,0.2685858654122751,0.12581408688824391,2.1347837277621395,0.6258234853518522,0.16388664367898156,0.16799362245179753,0.16799362245179753,pooled,full_curve,50,0.003265928448072662
69,early_growth_slope,0.0009636558797432215,0.002204132244090336,0.002206485811343771,0.002614760220098425,0.000628697272900138,0.0038914105382337714,-0.0021076496438624955,0.0069768285650449475,0.0032627132653336335,0.009084478208907443,1.0,1.0,0.0012404763643471147,0.0012428299316005495,0.0012428299316005495,1.5446262388822266e-06,0.2685858654122751,0.12581408688824391,2.1347837277621395,0.2685858654122751,0.12581408688824391,2.1347837277621395,0.6258234853518522,0.16388664367898156,0.16799362245179753,0.16799362245179753,pooled,full_curve,50,0.003265928448072662
70,peak_time,40.0,33.88,36.0,9.720622667838983,30.0,40.0,17.450000000000003,46.0,10.0,28.549999999999997,1.0,1.0,-6.119999999999997,-4.0,4.0,16.0,0.2842509430291093,0.2034603345503654,1.3970828449549446,0.2842509430291093,0.2034603345503654,1.3970828449549446,0.8754213937783283,0.3963770931325158,0.16345515300725894,0.16345515300725894,pooled,full_curve,50,0.0010815415457310447
70,peak_height,0.08562212437391281,0.1182843017950654,0.10400490090250969,0.057651702285420436,0.07494966313242912,0.1443178802728653,0.04896977636963129,0.2163154907524585,0.06936821714043617,0.16734571438282722,1.0,1.0,0.032662177421152586,0.018382776528596878,0.018382776528596878,0.0003379264729003323,0.2842509430291093,0.2034603345503654,1.3970828449549446,0.2842509430291093,0.2034603345503654,1.3970828449549446,0.8754213937783283,0.3963770931325158,0.16345515300725894,0.16345515300725894,pooled,full_curve,50,0.0010815415457310447
70,cumulative_infected,1.806329433398787,2.611158018328303,2.243203589459881,1.606987658192466,1.3768318959628232,3.412183970096521,0.6424484362549265,5.517284917482175,2.035352074133698,4.874836481227248,1.0,1.0,0.804828584929516,0.43687415606109425,0.43687415606109425,0.19085902823409334,0.2842509430291093,0.2034603345503654,1.3970828449549446,0.2842509430291093,0.2034603345503654,1.3970828449549446,0.8754213937783283,0.3963770931325158,0.16345515300725894,0.16345515300725894,pooled,full_curve,50,0.0010815415457310447
70,early_growth_slope,0.002862946128256486,0.0007872876702086007,0.0009242209295431775,0.002233761772669129,-0.0006797320238547393,0.002419580257905874,-0.0029456163132895816,0.004083018481088357,0.003099312281760613,0.007028634794377939,0.0,1.0,-0.0020756584580478854,-0.0019387251987133085,0.0019387251987133085,3.7586553961259573e-06,0.2842509430291093,0.2034603345503654,1.3970828449549446,0.2842509430291093,0.2034603345503654,1.3970828449549446,0.8754213937783283,0.3963770931325158,0.16345515300725894,0.16345515300725894,pooled,full_curve,50,0.0010815415457310447
71,peak_time,38.0,38.31,38.0,3.5609980441874822,36.0,41.0,33.0,45.0,5.0,12.0,1.0,1.0,0.3100000000000023,0.0,0.0,0.0,0.21081359578852507,0.0567612477661617,3.7140409008802995,0.21081359578852507,0.0567612477661617,3.7140409008802995,0.3543213304237225,0.06538853020727937,0.25768988163236806,0.25768988163236806,pooled,full_curve,50,0.003344830045582212
71,peak_height,0.415221631526947,0.41615573622286317,0.4319971799850464,0.06639050901883824,0.40306176990270615,0.44867217540740967,0.31878180950880053,0.4773498237133026,0.04561040550470352,0.15856801420450206,1.0,1.0,0.0009341046959161492,0.016775548458099365,0.016775548458099365,0.00028141902607004,0.21081359578852507,0.0567612477661617,3.7140409008802995,0.21081359578852507,0.0567612477661617,3.7140409008802995,0.3543213304237225,0.06538853020727937,0.25768988163236806,0.25768988163236806,pooled,full_curve,50,0.003344830045582212
71,cumulative_infected,10.236014782218263,10.590741323997063,10.757711943238974,1.9209498762650346,10.064542779466137,11.72891172231175,7.497124064381933,12.694777081548818,1.6643689428456128,5.197653017166885,1.0,1.0,0.3547265417788008,0.5216971610207111,0.5216971610207111,0.2721679278170697,0.21081359578852507,0.0567612477661617,3.7140409008802995,0.21081359578852507,0.0567612477661617,3.7140409008802995,0.3543213304237225,0.06538853020727937,0.25768988163236806,0.25768988163236806,pooled,full_curve,50,0.003344830045582212
71,early_growth_slope,-0.0016962414651754349,0.0026170806197127867,0.002764975150404055,0.002536265583764054,0.0008175032216102075,0.003952632344104736,-0.0015797245713266776,0.007113721485856806,0.003135129122494529,0.008693446057183484,0.0,0.0,0.004313322084888221,0.00446121661557949,0.00446121661557949,1.9902453691122516e-05,0.21081359578852507,0.0567612477661617,3.7140409008802995,0.21081359578852507,0.0567612477661617,3.7140409008802995,0.3543213304237225,0.06538853020727937,0.25768988163236806,0.25768988163236806,pooled,full_curve,50,0.003344830045582212
72,peak_time,16.0,18.9,19.0,5.533187292705861,15.0,22.0,10.95,29.0,7.0,18.05,1.0,1.0,2.8999999999999986,3.0,3.0,9.0,0.5298738865019548,0.36339128212368227,1.4581359338213546,0.5298738865019548,0.36339128212368227,1.4581359338213546,0.7786284762138673,0.4637892547863957,0.7483018028658353,0.7483018028658353,pooled,full_curve,50,0.00023972878126362788
72,peak_height,0.08832745999097824,0.08310411673039197,0.08282026275992393,0.015090135594133646,0.07350332103669643,0.09128072112798691,0.05915975458920002,0.10660772062838075,0.017777400091290474,0.047447966039180736,1.0,1.0,-0.005223343260586266,-0.005507197231054306,0.005507197231054306,3.0329221341732215e-05,0.5298738865019548,0.36339128212368227,1.4581359338213546,0.5298738865019548,0.36339128212368227,1.4581359338213546,0.7786284762138673,0.4637892547863957,0.7483018028658353,0.7483018028658353,pooled,full_curve,50,0.00023972878126362788
72,cumulative_infected,1.3362859394401312,1.3167012710440396,1.2973367491504177,0.2539248563674008,1.1249156093108468,1.4984706534596626,0.9336036739550764,1.7100890155357773,0.3735550441488158,0.7764853415807009,1.0,1.0,-0.01958466839609163,-0.03894919028971344,0.03894919028971344,0.001517039424224308,0.5298738865019548,0.36339128212368227,1.4581359338213546,0.5298738865019548,0.36339128212368227,1.4581359338213546,0.7786284762138673,0.4637892547863957,0.7483018028658353,0.7483018028658353,pooled,full_curve,50,0.00023972878126362788
72,early_growth_slope,0.0010422781841563332,0.0018843438597763284,0.0017823575485852506,0.0028855479213611575,-0.00015579377386962866,0.0037295899958172366,-0.002925724924231565,0.007225028408269971,0.003885383769686865,0.010150753332501537,1.0,1.0,0.0008420656756199952,0.0007400793644289174,0.0007400793644289174,5.477174656535104e-07,0.5298738865019548,0.36339128212368227,1.4581359338213546,0.5298738865019548,0.36339128212368227,1.4581359338213546,0.7786284762138673,0.4637892547863957,0.7483018028658353,0.7483018028658353,pooled,full_curve,50,0.00023972878126362788
73,peak_time,0.0,21.73,18.0,15.69909924714527,7.75,35.5,1.0,47.05,27.75,46.05,0.0,0.0,21.73,18.0,18.0,324.0,0.23905936190554727,0.2849099038576725,0.8390700311526201,0.23905936190554727,0.2849099038576725,0.8390700311526201,0.2265160777470478,0.2981741593656002,0.48838227306004844,0.48838227306004844,pooled,full_curve,50,7.747614584887733e-08
73,peak_height,0.030158521607518196,0.05128577956929803,0.0485794972628355,0.016330036825192712,0.04232653696089983,0.05564794968813658,0.03354918472468853,0.07596575058996675,0.013321412727236748,0.04241656586527823,0.0,0.0,0.021127257961779833,0.018420975655317307,0.018420975655317307,0.00033933234409379287,0.23905936190554727,0.2849099038576725,0.8390700311526201,0.23905936190554727,0.2849099038576725,0.8390700311526201,0.2265160777470478,0.2981741593656002,0.48838227306004844,0.48838227306004844,pooled,full_curve,50,7.747614584887733e-08
73,cumulative_infected,0.28977297924757295,0.5306229684294521,0.4671154163806932,0.32867001466188095,0.381283119400905,0.5390860138068092,0.31792970408278054,0.7823624793687485,0.15780289440590423,0.46443277528596794,0.0,0.0,0.24084998918187916,0.17734243713312026,0.17734243713312026,0.03145034000831471,0.23905936190554727,0.2849099038576725,0.8390700311526201,0.23905936190554727,0.2849099038576725,0.8390700311526201,0.2265160777470478,0.2981741593656002,0.48838227306004844,0.48838227306004844,pooled,full_curve,50,7.747614584887733e-08
73,early_growth_slope,-0.0029446761112748845,-3.4472415364753705e-05,-1.080133370123805e-05,0.0018675151368373118,-0.0014656339266193312,0.001429058087870501,-0.003084881298474058,0.002836072368483568,0.002894692014489832,0.005920953666957626,0.0,1.0,0.002910203695910131,0.0029338747775736465,0.0029338747775736465,8.607621210482813e-06,0.23905936190554727,0.2849099038576725,0.8390700311526201,0.23905936190554727,0.2849099038576725,0.8390700311526201,0.2265160777470478,0.2981741593656002,0.48838227306004844,0.48838227306004844,pooled,full_curve,50,7.747614584887733e-08
74,peak_time,34.0,21.83,21.5,14.86984271007001,10.0,33.5,0.0,47.0,23.5,47.0,0.0,1.0,-12.170000000000002,-12.5,12.5,156.25,0.42051104191025057,0.46929725037450215,0.8960441203835737,0.42051104191025057,0.46929725037450215,0.8960441203835737,0.1339396253054035,0.22905440706409586,0.7430107949324866,0.7430107949324866,pooled,full_curve,50,9.851271875764846e-06
74,peak_height,0.06428556889295578,0.052774871345609424,0.04907235875725746,0.020905576280402516,0.042611765675246716,0.05711886007338762,0.03415346462279558,0.07876607403159139,0.014507094398140907,0.04461260940879581,0.0,1.0,-0.011510697547346356,-0.015213210135698318,0.015213210135698318,0.00023144176263291405,0.42051104191025057,0.46929725037450215,0.8960441203835737,0.42051104191025057,0.46929725037450215,0.8960441203835737,0.1339396253054035,0.22905440706409586,0.7430107949324866,0.7430107949324866,pooled,full_curve,50,9.851271875764846e-06
74,cumulative_infected,0.4527855970773089,0.5909479080982328,0.49738199860439636,0.3939990684124999,0.39162916391978797,0.5981537256957381,0.3074125869345153,1.373236588928557,0.20652456177595013,1.0658240019940417,1.0,1.0,0.1381623110209239,0.04459640152708744,0.04459640152708744,0.0019888390291652068,0.42051104191025057,0.46929725037450215,0.8960441203835737,0.42051104191025057,0.46929725037450215,0.8960441203835737,0.1339396253054035,0.22905440706409586,0.7430107949324866,0.7430107949324866,pooled,full_curve,50,9.851271875764846e-06
74,early_growth_slope,-0.0017646620205293078,-0.0004238665935402719,-0.00048817352979399557,0.002138155858944553,-0.0015691643846886482,0.0009619678007549648,-0.004056659545001039,0.0030392746985723664,0.002531132185443613,0.007095934243573405,0.0,1.0,0.0013407954269890358,0.0012764884907353123,0.0012764884907353123,1.6294228669797155e-06,0.42051104191025057,0.46929725037450215,0.8960441203835737,0.42051104191025057,0.46929725037450215,0.8960441203835737,0.1339396253054035,0.22905440706409586,0.7430107949324866,0.7430107949324866,pooled,full_curve,50,9.851271875764846e-06
75,peak_time,15.0,16.26,16.0,1.9049112495564902,15.0,17.25,14.0,20.0,2.25,6.0,1.0,1.0,1.2600000000000016,1.0,1.0,1.0,0.5665250066664406,0.2851527755595329,1.9867420387362285,0.5665250066664406,0.2851527755595329,1.9867420387362285,0.8837552333949886,0.3423941073268198,0.6709418192398394,0.6709418192398394,pooled,full_curve,50,0.0017782897844801637
75,peak_height,0.20436789095401764,0.16714387014508247,0.16452301293611526,0.01693174937962812,0.1556570753455162,0.17622056975960732,0.14495049118995668,0.20159117206931113,0.02056349441409111,0.05664068087935445,0.0,0.0,-0.037224020808935165,-0.039844878017902374,0.039844878017902374,0.0015876143042615198,0.5665250066664406,0.2851527755595329,1.9867420387362285,0.5665250066664406,0.2851527755595329,1.9867420387362285,0.8837552333949886,0.3423941073268198,0.6709418192398394,0.6709418192398394,pooled,full_curve,50,0.0017782897844801637
75,cumulative_infected,2.8026399935915833,2.7352595467163043,2.7296191308123525,0.19067894432830296,2.6381348255381454,2.8665287252515554,2.3906996151286877,3.045206368676736,0.22839389971341006,0.6545067535480484,1.0,1.0,-0.067380446875279,-0.07302086277923081,0.07302086277923081,0.005332046401023255,0.5665250066664406,0.2851527755595329,1.9867420387362285,0.5665250066664406,0.2851527755595329,1.9867420387362285,0.8837552333949886,0.3423941073268198,0.6709418192398394,0.6709418192398394,pooled,full_curve,50,0.0017782897844801637
75,early_growth_slope,0.004684264638594218,0.0055898929018336,0.0060153623302799785,0.0026110913984662043,0.0037781443485679724,0.007390838144125326,0.0008845102288649384,0.009133883825658506,0.0036126937955573532,0.008249373596793567,1.0,1.0,0.000905628263239382,0.0013310976916857606,0.0013310976916857606,1.7718210648111601e-06,0.5665250066664406,0.2851527755595329,1.9867420387362285,0.5665250066664406,0.2851527755595329,1.9867420387362285,0.8837552333949886,0.3423941073268198,0.6709418192398394,0.6709418192398394,pooled,full_curve,50,0.0017782897844801637
76,peak_time,16.0,21.12,17.0,15.322974102749615,9.0,34.5,1.0,48.0,25.5,47.0,1.0,1.0,5.120000000000001,1.0,1.0,1.0,0.1,0.1633716625241152,0.6121012570661639,0.1,0.1633716625241152,0.6121012570661639,0.34589702627104435,0.41156801759521217,0.2253176532613471,0.2253176532613471,pooled,full_curve,50,6.168135376082049e-05
76,peak_height,0.04783518984913826,0.05081072876229882,0.04949536174535751,0.014951301652406471,0.04183375183492899,0.05595046374946833,0.034198082983493805,0.06737704835832119,0.014116711914539337,0.03317896537482738,1.0,1.0,0.002975538913160561,0.0016601718962192535,0.0016601718962192535,2.756170724996232e-06,0.1,0.1633716625241152,0.6121012570661639,0.1,0.1633716625241152,0.6121012570661639,0.34589702627104435,0.41156801759521217,0.2253176532613471,0.2253176532613471,pooled,full_curve,50,6.168135376082049e-05
76,cumulative_infected,0.38620515493676066,0.5373657217931236,0.47582566661503733,0.31632633955483863,0.38800349900611764,0.559568563112407,0.31545350644155407,1.0684798121917993,0.17156506410628936,0.7530263057502453,0.0,1.0,0.15116056685636292,0.08962051167827667,0.08962051167827667,0.008031836113476125,0.1,0.1633716625241152,0.6121012570661639,0.1,0.1633716625241152,0.6121012570661639,0.34589702627104435,0.41156801759521217,0.2253176532613471,0.2253176532613471,pooled,full_curve,50,6.168135376082049e-05
76,early_growth_slope,-0.0004916704742104878,-0.0004423759430383566,-0.0006583173692758588,0.002119180383535904,-0.0019496376026793176,0.001106084523295673,-0.003691271014810935,0.003035112921774963,0.0030557221259749907,0.006726383936585898,1.0,1.0,4.929453117213115e-05,-0.000166646895065371,0.000166646895065371,2.7771187634928775e-08,0.1,0.1633716625241152,0.6121012570661639,0.1,0.1633716625241152,0.6121012570661639,0.34589702627104435,0.41156801759521217,0.2253176532613471,0.2253176532613471,pooled,full_curve,50,6.168135376082049e-05
77,peak_time,35.0,32.68,32.0,2.9503637851367523,31.0,35.0,28.0,37.05,4.0,9.049999999999997,1.0,1.0,-2.3200000000000003,-3.0,3.0,9.0,0.2582690326718781,0.10531517134665107,2.452344039034703,0.2582690326718781,0.10531517134665107,2.452344039034703,0.33715686116769167,0.11698283539278781,0.5312335315028842,0.5312335315028842,pooled,full_curve,50,0.000842691042651007
77,peak_height,0.270012766122818,0.29615128874778746,0.29601629078388214,0.03733040943371163,0.27015117555856705,0.32607804983854294,0.23874302059412003,0.3536925926804542,0.05592687427997589,0.11494957208633419,0.0,1.0,0.026138522624969462,0.026003524661064148,0.026003524661064148,0.0006761832947985713,0.2582690326718781,0.10531517134665107,2.452344039034703,0.2582690326718781,0.10531517134665107,2.452344039034703,0.33715686116769167,0.11698283539278781,0.5312335315028842,0.5312335315028842,pooled,full_curve,50,0.000842691042651007
77,cumulative_infected,6.405611281923484,7.691473102193795,7.581388723105192,1.0390817206740879,7.131328135437798,8.430168744642287,5.9483056315686555,9.187401550193316,1.2988406092044897,3.2390959186246606,0.0,1.0,1.285861820270311,1.1757774411817081,1.1757774411817081,1.382452591191805,0.2582690326718781,0.10531517134665107,2.452344039034703,0.2582690326718781,0.10531517134665107,2.452344039034703,0.33715686116769167,0.11698283539278781,0.5312335315028842,0.5312335315028842,pooled,full_curve,50,0.000842691042651007
77,early_growth_slope,0.0037909688696908268,0.0023850985828266858,0.0022840717207318886,0.0025450561540048206,0.0009861895246320357,0.003724825711244539,-0.0019583388949589177,0.007060077659358889,0.0027386361866125032,0.009018416554317807,0.0,1.0,-0.001405870286864141,-0.0015068971489589382,0.0015068971489589382,2.270739017540576e-06,0.2582690326718781,0.10531517134665107,2.452344039034703,0.2582690326718781,0.10531517134665107,2.452344039034703,0.33715686116769167,0.11698283539278781,0.5312335315028842,0.5312335315028842,pooled,full_curve,50,0.000842691042651007
78,peak_time,16.0,16.46,16.0,1.3515423288475528,16.0,17.0,15.0,19.0,1.0,4.0,1.0,1.0,0.46000000000000085,0.0,0.0,0.0,0.4672207989410658,0.12204753316509191,3.828187156466842,0.4672207989410658,0.12204753316509191,3.828187156466842,0.848939365224746,0.13017671114676466,0.44414566246945175,0.44414566246945175,pooled,full_curve,50,0.010222018283739689
78,peak_height,0.4363788068294525,0.4064259687066078,0.40707750618457794,0.020680242405885226,0.39297281950712204,0.41829151660203934,0.37063176184892654,0.44043240845203396,0.025318697094917297,0.06980064660310742,0.0,1.0,-0.029952838122844716,-0.029301300644874573,0.029301300644874573,0.000858566219481327,0.4672207989410658,0.12204753316509191,3.828187156466842,0.4672207989410658,0.12204753316509191,3.828187156466842,0.848939365224746,0.13017671114676466,0.44414566246945175,0.44414566246945175,pooled,full_curve,50,0.010222018283739689
78,cumulative_infected,7.781808585859835,7.751670791268811,7.766615298110992,0.37281532793026545,7.48990467004478,8.027454261279786,7.169041135418229,8.290641849394888,0.5375495912350061,1.121600713976659,1.0,1.0,-0.030137794591023948,-0.015193287748843431,0.015193287748843431,0.0002308359926191559,0.4672207989410658,0.12204753316509191,3.828187156466842,0.4672207989410658,0.12204753316509191,3.828187156466842,0.848939365224746,0.13017671114676466,0.44414566246945175,0.44414566246945175,pooled,full_curve,50,0.010222018283739689
78,early_growth_slope,0.009990657712998135,0.011529788026256739,0.011231514154046418,0.0026563231136106234,0.009387009233857194,0.01377503625519152,0.007944533539315062,0.015654521910030215,0.004388027021334326,0.007709988370715154,1.0,1.0,0.0015391303132586045,0.0012408564410482832,0.0012408564410482832,1.5397247072910115e-06,0.4672207989410658,0.12204753316509191,3.828187156466842,0.4672207989410658,0.12204753316509191,3.828187156466842,0.848939365224746,0.13017671114676466,0.44414566246945175,0.44414566246945175,pooled,full_curve,50,0.010222018283739689
79,peak_time,20.0,20.49,19.5,13.085959010799447,8.0,32.0,1.0,43.0,24.0,42.0,1.0,1.0,0.48999999999999844,-0.5,0.5,0.25,0.128389270712984,0.11613698576173773,1.105498561641531,0.128389270712984,0.11613698576173773,1.105498561641531,0.36451722413475474,0.3089766931012173,0.3705626148261636,0.3705626148261636,pooled,full_curve,50,2.3505364831636394e-05
79,peak_height,0.06450934708118439,0.06367445262148977,0.059372592717409134,0.026233083787769035,0.04772003088146448,0.07241459749639034,0.03610454685986042,0.09695014171302317,0.02469456661492586,0.06084559485316275,1.0,1.0,-0.0008348944596946184,-0.005136754363775253,0.005136754363775253,2.6386245393764107e-05,0.128389270712984,0.11613698576173773,1.105498561641531,0.128389270712984,0.11613698576173773,1.105498561641531,0.36451722413475474,0.3089766931012173,0.3705626148261636,0.3705626148261636,pooled,full_curve,50,2.3505364831636394e-05
79,cumulative_infected,1.0005606318591163,0.932267198029449,0.7291699485795107,0.6472243513321199,0.5351150671810956,1.094483459048206,0.39849853281048125,2.1333923105150454,0.5593683918671104,1.734893777704564,1.0,1.0,-0.06829343382966724,-0.2713906832796056,0.2713906832796056,0.07365290297097118,0.128389270712984,0.11613698576173773,1.105498561641531,0.128389270712984,0.11613698576173773,1.105498561641531,0.36451722413475474,0.3089766931012173,0.3705626148261636,0.3705626148261636,pooled,full_curve,50,2.3505364831636394e-05
79,early_growth_slope,0.003448332970341047,0.0005700160922181876,0.0006502273359469011,0.002603810818597534,-0.0013476216076274523,0.002049230316299058,-0.0037238394109105353,0.004754076147773522,0.00339685192392651,0.008477915558684056,0.0,1.0,-0.0028783168781228593,-0.0027981056343941457,0.0027981056343941457,7.829395141228264e-06,0.128389270712984,0.11613698576173773,1.105498561641531,0.128389270712984,0.11613698576173773,1.105498561641531,0.36451722413475474,0.3089766931012173,0.3705626148261636,0.3705626148261636,pooled,full_curve,50,2.3505364831636394e-05
80,peak_time,31.0,24.21,22.5,15.465370243472245,12.5,39.25,0.9500000000000002,47.0,26.75,46.05,1.0,1.0,-6.789999999999999,-8.5,8.5,72.25,0.2570428670679376,0.41459402477573437,0.6199869069675554,0.2570428670679376,0.41459402477573437,0.6199869069675554,0.2471041151882863,0.4512701366403208,0.2348834790507754,0.2348834790507754,pooled,full_curve,50,1.4222413579604055e-05
80,peak_height,0.04270663484930992,0.05361327661201358,0.04936713166534901,0.0192231771571954,0.04040165990591049,0.06178075447678566,0.03372368160635233,0.09377042949199677,0.021379094570875168,0.06004674788564444,1.0,1.0,0.010906641762703659,0.006660496816039085,0.006660496816039085,4.4362217836466794e-05,0.2570428670679376,0.41459402477573437,0.6199869069675554,0.2570428670679376,0.41459402477573437,0.6199869069675554,0.2471041151882863,0.4512701366403208,0.2348834790507754,0.2348834790507754,pooled,full_curve,50,1.4222413579604055e-05
80,cumulative_infected,0.3417416755692102,0.6205777191137622,0.4534940016087603,0.4600142691780085,0.39033842740172986,0.6488164749680436,0.3122674628160894,1.6244090054533444,0.25847804756631376,1.3121415426372551,0.0,1.0,0.27883604354455205,0.1117523260395501,0.1117523260395501,0.012488582375249907,0.2570428670679376,0.41459402477573437,0.6199869069675554,0.2570428670679376,0.41459402477573437,0.6199869069675554,0.2471041151882863,0.4512701366403208,0.2348834790507754,0.2348834790507754,pooled,full_curve,50,1.4222413579604055e-05
80,early_growth_slope,-0.0026364850540024514,-0.0004354404554100075,-0.00044585995575679115,0.002051814674654812,-0.0015272297844906749,0.0008332414408436127,-0.004173358386019353,0.0027673077231329863,0.0023604712253342875,0.00694066610915234,0.0,1.0,0.002201044598592444,0.00219062509824566,0.00219062509824566,4.798838321063808e-06,0.2570428670679376,0.41459402477573437,0.6199869069675554,0.2570428670679376,0.41459402477573437,0.6199869069675554,0.2471041151882863,0.4512701366403208,0.2348834790507754,0.2348834790507754,pooled,full_curve,50,1.4222413579604055e-05
81,peak_time,16.0,21.77,19.5,16.884548551796694,5.0,38.25,1.0,48.0,33.25,47.0,1.0,1.0,5.77,3.5,3.5,12.25,0.1,0.20809501972145736,0.48054970337038144,0.1,0.20809501972145736,0.48054970337038144,0.37747002616762304,0.48810615927015416,0.20270720672305378,0.20270720672305378,pooled,full_curve,50,5.6754063305400045e-05
81,peak_height,0.030673591420054436,0.05231501907110214,0.04911108501255512,0.020177881283139597,0.041063759475946426,0.0562142264097929,0.036761147528886796,0.07560887672007083,0.015150466933846474,0.03884772919118403,0.0,0.0,0.021641427651047707,0.018437493592500687,0.018437493592500687,0.0003399411699735039,0.1,0.20809501972145736,0.48054970337038144,0.1,0.20809501972145736,0.48054970337038144,0.37747002616762304,0.48810615927015416,0.20270720672305378,0.20270720672305378,pooled,full_curve,50,5.6754063305400045e-05
81,cumulative_infected,0.4151550348033197,0.5591274999394591,0.4682194413326215,0.40735354416757386,0.3856734272412723,0.56364527632104,0.3189568417972623,1.0642431723157642,0.1779718490797677,0.7452863305185018,1.0,1.0,0.14397246513613937,0.05306440652930178,0.05306440652930178,0.002815831240307005,0.1,0.20809501972145736,0.48054970337038144,0.1,0.20809501972145736,0.48054970337038144,0.37747002616762304,0.48810615927015416,0.20270720672305378,0.20270720672305378,pooled,full_curve,50,5.6754063305400045e-05
81,early_growth_slope,-5.1592462807006114e-05,-0.0004557054877408337,-0.00043665281000790964,0.002290535653357927,-0.0022266229046051297,0.0012475315403814116,-0.00379293859129705,0.0029704919359314122,0.0034741544449865412,0.006763430527228462,1.0,1.0,-0.00040411302493382757,-0.00038506034720090356,0.00038506034720090356,1.482714709864804e-07,0.1,0.20809501972145736,0.48054970337038144,0.1,0.20809501972145736,0.48054970337038144,0.37747002616762304,0.48810615927015416,0.20270720672305378,0.20270720672305378,pooled,full_curve,50,5.6754063305400045e-05
82,peak_time,32.0,23.53,24.0,15.66212377719322,8.75,36.0,0.9500000000000002,48.0,27.25,47.05,1.0,1.0,-8.469999999999999,-8.0,8.0,64.0,0.22200946708383545,0.3428953197355044,0.6474555186553278,0.22200946708383545,0.3428953197355044,0.6474555186553278,0.22265528697835635,0.3661446511953632,0.161066916657381,0.161066916657381,pooled,full_curve,50,2.9969039258206942e-05
82,peak_height,0.05053986608982086,0.05408268209546804,0.04860323294997215,0.02060310190374625,0.04443755093961954,0.05695955269038677,0.03622013870626688,0.0849480058997869,0.012522001750767231,0.04872786719352003,1.0,1.0,0.0035428160056471814,-0.001936633139848709,0.001936633139848709,3.7505479183602697e-06,0.22200946708383545,0.3428953197355044,0.6474555186553278,0.22200946708383545,0.3428953197355044,0.6474555186553278,0.22265528697835635,0.3661446511953632,0.161066916657381,0.161066916657381,pooled,full_curve,50,2.9969039258206942e-05
82,cumulative_infected,0.47372159279257176,0.635254629381434,0.4842353323037969,0.5714406920979627,0.4189942876037094,0.5593539379624417,0.34016961640263615,1.6716491398474316,0.14035965035873232,1.3314795234447954,1.0,1.0,0.1615330365888622,0.01051373951122514,0.01051373951122514,0.00011053871850989664,0.22200946708383545,0.3428953197355044,0.6474555186553278,0.22200946708383545,0.3428953197355044,0.6474555186553278,0.22265528697835635,0.3661446511953632,0.161066916657381,0.161066916657381,pooled,full_curve,50,2.9969039258206942e-05
82,early_growth_slope,-0.004705729827816996,-0.00044037438013219704,-0.0003947229207759456,0.0022261497096614873,-0.001963411707644504,0.0011792637565771922,-0.004299464068234164,0.002653229988728916,0.0031426754642216964,0.006952694056963081,0.0,0.0,0.004265355447684799,0.004311006907041051,0.004311006907041051,1.858478055255565e-05,0.22200946708383545,0.3428953197355044,0.6474555186553278,0.22200946708383545,0.3428953197355044,0.6474555186553278,0.22265528697835635,0.3661446511953632,0.161066916657381,0.161066916657381,pooled,full_curve,50,2.9969039258206942e-05
83,peak_time,40.0,30.67,31.0,6.703014548723883,26.75,35.25,22.0,41.05,8.5,19.049999999999997,0.0,1.0,-9.329999999999998,-9.0,9.0,81.0,0.3003061148580689,0.19122655356908055,1.5704205783826115,0.3003061148580689,0.19122655356908055,1.5704205783826115,0.55610471173518,0.27181820527559114,0.2928945962361764,0.2928945962361764,pooled,full_curve,50,0.0007794768592839705
83,peak_height,0.1280226707458496,0.12165162716060877,0.1175367534160614,0.03141851112736477,0.10007848590612411,0.14013652876019478,0.07524625137448311,0.17995458915829657,0.04005804285407066,0.10470833778381346,1.0,1.0,-0.006371043585240835,-0.010485917329788208,0.010485917329788208,0.00010995446224715266,0.3003061148580689,0.19122655356908055,1.5704205783826115,0.3003061148580689,0.19122655356908055,1.5704205783826115,0.55610471173518,0.27181820527559114,0.2928945962361764,0.2928945962361764,pooled,full_curve,50,0.0007794768592839705
83,cumulative_infected,2.3493921112967655,2.7905241144405775,2.6894891290576197,0.8632280436807189,2.2260523292352445,3.331170867430046,1.5519575789454394,4.3983087059634265,1.1051185381948017,2.846351127017987,1.0,1.0,0.44113200314381196,0.3400970177608542,0.3400970177608542,0.11566598148982679,0.3003061148580689,0.19122655356908055,1.5704205783826115,0.3003061148580689,0.19122655356908055,1.5704205783826115,0.55610471173518,0.27181820527559114,0.2928945962361764,0.2928945962361764,pooled,full_curve,50,0.0007794768592839705
83,early_growth_slope,-0.004216312078781246,0.001564127961562788,0.0015659307932115295,0.0023513633801267187,0.00010007399361625074,0.003387189403708491,-0.0021913486234206203,0.004758767934981732,0.0032871154100922403,0.006950116558402353,0.0,0.0,0.005780440040344034,0.005782242871992776,0.005782242871992776,3.343433263071126e-05,0.3003061148580689,0.19122655356908055,1.5704205783826115,0.3003061148580689,0.19122655356908055,1.5704205783826115,0.55610471173518,0.27181820527559114,0.2928945962361764,0.2928945962361764,pooled,full_curve,50,0.0007794768592839705
84,peak_time,13.0,17.84,18.0,3.6229348000835686,15.75,20.0,11.95,23.049999999999997,4.25,11.099999999999998,0.0,1.0,4.84,5.0,5.0,25.0,0.5284100840397367,0.3367393071429016,1.5691963273402352,0.5284100840397367,0.3367393071429016,1.5691963273402352,0.8241617904022283,0.43372598947273916,0.6446076457374229,0.6446076457374229,pooled,full_curve,50,0.0005551030535032882
84,peak_height,0.11523498594760895,0.10670444123446941,0.1071585901081562,0.013511785804018994,0.09608051739633083,0.1179991215467453,0.085314916446805,0.12729519382119178,0.021918604150414467,0.04198027737438678,1.0,1.0,-0.008530544713139535,-0.008076395839452744,0.008076395839452744,6.522816975552959e-05,0.5284100840397367,0.3367393071429016,1.5691963273402352,0.5284100840397367,0.3367393071429016,1.5691963273402352,0.8241617904022283,0.43372598947273916,0.6446076457374229,0.6446076457374229,pooled,full_curve,50,0.0005551030535032882
84,cumulative_infected,1.8601505272672512,1.856712104489934,1.8610957327764481,0.22545525067074854,1.6973106625082437,1.9928350667119048,1.5244816397713294,2.2464110122357397,0.2955244042036611,0.7219293724644102,1.0,1.0,-0.003438422777317207,0.0009452055091969669,0.0009452055091969669,8.934134546162975e-07,0.5284100840397367,0.3367393071429016,1.5691963273402352,0.5284100840397367,0.3367393071429016,1.5691963273402352,0.8241617904022283,0.43372598947273916,0.6446076457374229,0.6446076457374229,pooled,full_curve,50,0.0005551030535032882
84,early_growth_slope,0.005626075556002822,0.0027160119121236626,0.002735115738774073,0.002547042032990375,0.001269716453472417,0.004376328802512338,-0.001688848353279309,0.006511975723108097,0.0031066123490399214,0.008200824076387406,0.0,1.0,-0.0029100636438791597,-0.0028909598172287493,0.0028909598172287493,8.357648664831284e-06,0.5284100840397367,0.3367393071429016,1.5691963273402352,0.5284100840397367,0.3367393071429016,1.5691963273402352,0.8241617904022283,0.43372598947273916,0.6446076457374229,0.6446076457374229,pooled,full_curve,50,0.0005551030535032882
85,peak_time,38.0,32.24,35.0,12.675531188439043,22.75,42.0,6.95,49.0,19.25,42.05,1.0,1.0,-5.759999999999998,-3.0,3.0,9.0,0.1,0.05504743397324229,1.816615104141066,0.1,0.05504743397324229,1.816615104141066,0.12892762339478486,0.060850653317652666,0.19960298748925118,0.19960298748925118,pooled,full_curve,50,4.585874731590458e-06
85,peak_height,0.09024295210838318,0.11695169731974601,0.09410952776670456,0.07911706649462036,0.05684157460927963,0.14290044829249382,0.043954873271286485,0.3050315871834755,0.08605887368321419,0.261076713912189,1.0,1.0,0.026708745211362836,0.0038665756583213806,0.0038665756583213806,1.4950407321523418e-05,0.1,0.05504743397324229,1.816615104141066,0.1,0.05504743397324229,1.816615104141066,0.12892762339478486,0.060850653317652666,0.19960298748925118,0.19960298748925118,pooled,full_curve,50,4.585874731590458e-06
85,cumulative_infected,1.6317192511633039,2.3699772747940733,1.8926511741010472,1.9964244444278927,0.721035449867486,3.2686134536052123,0.5019557934079785,6.60386398693081,2.5475780037377262,6.101908193522831,1.0,1.0,0.7382580236307694,0.26093192293774337,0.26093192293774337,0.06808546840798844,0.1,0.05504743397324229,1.816615104141066,0.1,0.05504743397324229,1.816615104141066,0.12892762339478486,0.060850653317652666,0.19960298748925118,0.19960298748925118,pooled,full_curve,50,4.585874731590458e-06
85,early_growth_slope,-0.004095514072105288,0.0007274338698915107,0.0007426706156582527,0.0025240292237035345,-0.0011860953125592663,0.002418935752497677,-0.003081895682477068,0.004562474558285126,0.003605031065056943,0.007644370240762194,0.0,0.0,0.0048229479419967984,0.00483818468776354,0.00483818468776354,2.3408031072909586e-05,0.1,0.05504743397324229,1.816615104141066,0.1,0.05504743397324229,1.816615104141066,0.12892762339478486,0.060850653317652666,0.19960298748925118,0.19960298748925118,pooled,full_curve,50,4.585874731590458e-06
86,peak_time,32.0,33.06,32.0,4.855112893859546,29.75,35.0,27.0,43.0,5.25,16.0,1.0,1.0,1.0600000000000023,0.0,0.0,0.0,0.2554347502374974,0.1620671473127395,1.576104438641024,0.2554347502374974,0.1620671473127395,1.576104438641024,0.3267542325742204,0.18949655560763778,0.5580000412526727,0.5580000412526727,pooled,full_curve,50,1.2499196242007316e-05
86,peak_height,0.14696083962917328,0.17707411460578443,0.17736681550741196,0.04887115901731451,0.14252233132719994,0.20728341862559319,0.10222003161907196,0.2494386464357376,0.06476108729839325,0.14721861481666565,1.0,1.0,0.03011327497661115,0.030405975878238678,0.030405975878238678,0.0009245233691080323,0.2554347502374974,0.1620671473127395,1.576104438641024,0.2554347502374974,0.1620671473127395,1.576104438641024,0.3267542325742204,0.18949655560763778,0.5580000412526727,0.5580000412526727,pooled,full_curve,50,1.2499196242007316e-05
86,cumulative_infected,2.8685651272535324,4.383454728710421,4.373853744036751,1.3111160567404212,3.4957393809454516,5.308114901185036,2.244681194727309,6.139207142405212,1.8123755202395841,3.894525947677903,0.0,1.0,1.514889601456889,1.5052886167832185,1.5052886167832185,2.2658938198171352,0.2554347502374974,0.1620671473127395,1.576104438641024,0.2554347502374974,0.1620671473127395,1.576104438641024,0.3267542325742204,0.18949655560763778,0.5580000412526727,0.5580000412526727,pooled,full_curve,50,1.2499196242007316e-05
86,early_growth_slope,0.0016318278143271096,0.0019064236923449726,0.0019243391129531938,0.0025687074024297227,-0.00013156733538856978,0.003757935072783203,-0.002010054296087693,0.006299669829535386,0.003889502408171773,0.008309724125623079,1.0,1.0,0.00027459587801786293,0.0002925112986260842,0.0002925112986260842,8.556285982391823e-08,0.2554347502374974,0.1620671473127395,1.576104438641024,0.2554347502374974,0.1620671473127395,1.576104438641024,0.3267542325742204,0.18949655560763778,0.5580000412526727,0.5580000412526727,pooled,full_curve,50,1.2499196242007316e-05
87,peak_time,36.0,23.54,23.5,16.01225540741601,8.5,38.25,0.0,48.0,29.75,48.0,1.0,1.0,-12.46,-12.5,12.5,156.25,0.1,0.1643295470934033,0.6085332903836276,0.1,0.1643295470934033,0.6085332903836276,0.40963989331542316,0.47829060014172187,0.29896633891845065,0.29896633891845065,pooled,full_curve,50,4.8414031326966955e-05
87,peak_height,0.04772935435175896,0.05774123046547174,0.05199587717652321,0.024672738188897876,0.042825241573154926,0.06064388994127512,0.03483296986669302,0.11397291161119937,0.017818648368120193,0.07913994174450634,1.0,1.0,0.010011876113712785,0.004266522824764252,0.004266522824764252,1.820321701423433e-05,0.1,0.1643295470934033,0.6085332903836276,0.1,0.1643295470934033,0.6085332903836276,0.40963989331542316,0.47829060014172187,0.29896633891845065,0.29896633891845065,pooled,full_curve,50,4.8414031326966955e-05
87,cumulative_infected,0.5355330320307985,0.7402045135620483,0.5294365598238073,0.6225366562816034,0.4283225597173441,0.7041365082368429,0.33720146558698616,2.3599423517123794,0.2758139485194988,2.0227408861253933,1.0,1.0,0.2046714815312498,-0.006096472206991166,0.006096472206991166,3.7166973370615733e-05,0.1,0.1643295470934033,0.6085332903836276,0.1,0.1643295470934033,0.6085332903836276,0.40963989331542316,0.47829060014172187,0.29896633891845065,0.29896633891845065,pooled,full_curve,50,4.8414031326966955e-05
87,early_growth_slope,-0.001647070380082975,0.00015825514498200917,0.00019523872955081394,0.0022176543791362943,-0.0011911203175605748,0.0013781231935440915,-0.00350262244520265,0.004095814505957864,0.002569243511104666,0.007598436951160513,0.0,1.0,0.001805325525064984,0.001842309109633789,0.001842309109633789,3.394102855439644e-06,0.1,0.1643295470934033,0.6085332903836276,0.1,0.1643295470934033,0.6085332903836276,0.40963989331542316,0.47829060014172187,0.29896633891845065,0.29896633891845065,pooled,full_curve,50,4.8414031326966955e-05
88,peak_time,20.0,19.51,19.0,1.5472034073897278,18.75,21.0,17.0,22.0,2.25,5.0,1.0,1.0,-0.48999999999999844,-1.0,1.0,1.0,0.4158135114606244,0.1395261858327598,2.9801826014152693,0.4158135114606244,0.1395261858327598,2.9801826014152693,0.899878572013166,0.15673887788559965,0.2836898361205179,0.2836898361205179,pooled,full_curve,50,0.008383791347145573
88,peak_height,0.33874931931495667,0.3077156335115433,0.30772554874420166,0.021218644278715178,0.29427582025527954,0.32125821709632874,0.2763536497950554,0.3469974398612976,0.026982396841049194,0.07064379006624222,0.0,1.0,-0.03103368580341337,-0.031023770570755005,0.031023770570755005,0.0009624743404268443,0.4158135114606244,0.1395261858327598,2.9801826014152693,0.4158135114606244,0.1395261858327598,2.9801826014152693,0.899878572013166,0.15673887788559965,0.2836898361205179,0.2836898361205179,pooled,full_curve,50,0.008383791347145573
88,cumulative_infected,6.363998932763934,6.295545375721267,6.282261757878587,0.35410802660777047,6.043726926203817,6.514412779186387,5.7440932631026955,6.840044972719625,0.4706858529825695,1.0959517096169291,1.0,1.0,-0.06845355704266698,-0.08173717488534749,0.08173717488534749,0.00668096575823788,0.4158135114606244,0.1395261858327598,2.9801826014152693,0.4158135114606244,0.1395261858327598,2.9801826014152693,0.899878572013166,0.15673887788559965,0.2836898361205179,0.2836898361205179,pooled,full_curve,50,0.008383791347145573
88,early_growth_slope,0.005557719385251402,0.006515903211355699,0.0065328502262543345,0.0027105972687910757,0.004579289328484309,0.008412250771167843,0.0018344131470214415,0.010453038092462171,0.003832961442683534,0.00861862494544073,1.0,1.0,0.0009581838261042974,0.0009751308410029325,0.0009751308410029325,9.508801570750864e-07,0.4158135114606244,0.1395261858327598,2.9801826014152693,0.4158135114606244,0.1395261858327598,2.9801826014152693,0.899878572013166,0.15673887788559965,0.2836898361205179,0.2836898361205179,pooled,full_curve,50,0.008383791347145573
89,peak_time,17.0,22.75,23.0,4.845856295054903,19.0,26.0,16.0,30.049999999999997,7.0,14.049999999999997,0.0,1.0,5.75,6.0,6.0,36.0,0.4060071677404967,0.2745618216085981,1.4787458990539504,0.4060071677404967,0.2745618216085981,1.4787458990539504,0.58915324177052,0.34710120487652285,0.5978122795686747,0.5978122795686747,pooled,full_curve,50,0.00024475983363283425
89,peak_height,0.09361518174409866,0.10375972960144281,0.10259237140417099,0.018516550331655408,0.08975759521126747,0.11486377939581871,0.07934861183166504,0.13511804342269898,0.02510618418455124,0.05576943159103394,1.0,1.0,0.010144547857344144,0.008977189660072327,0.008977189660072327,8.05899341929095e-05,0.4060071677404967,0.2745618216085981,1.4787458990539504,0.4060071677404967,0.2745618216085981,1.4787458990539504,0.58915324177052,0.34710120487652285,0.5978122795686747,0.5978122795686747,pooled,full_curve,50,0.00024475983363283425
89,cumulative_infected,1.9580732204485685,2.011416563415587,1.982325502554886,0.44631669019491965,1.75096444690098,2.2892742285039276,1.4026435385050717,2.650945514463819,0.5383097816029476,1.2483019759587475,1.0,1.0,0.0533433429670187,0.02425228210631758,0.02425228210631758,0.0005881731873644118,0.4060071677404967,0.2745618216085981,1.4787458990539504,0.4060071677404967,0.2745618216085981,1.4787458990539504,0.58915324177052,0.34710120487652285,0.5978122795686747,0.5978122795686747,pooled,full_curve,50,0.00024475983363283425
89,early_growth_slope,0.003278264689946635,0.0016838929180362139,0.001667518127457394,0.0026152750080396694,-0.0001475776211702292,0.003432781443864639,-0.0021260701322240636,0.006236023266267562,0.003580359065034868,0.008362093398491626,1.0,1.0,-0.001594371771910421,-0.0016107465624892409,0.0016107465624892409,2.594504488570906e-06,0.4060071677404967,0.2745618216085981,1.4787458990539504,0.4060071677404967,0.2745618216085981,1.4787458990539504,0.58915324177052,0.34710120487652285,0.5978122795686747,0.5978122795686747,pooled,full_curve,50,0.00024475983363283425
90,peak_time,18.0,23.19,22.0,15.99475608511184,8.75,38.0,1.0,46.0,29.25,45.0,1.0,1.0,5.190000000000001,4.0,4.0,16.0,0.1,0.1577602876967005,0.6338730833976,0.1,0.1577602876967005,0.6338730833976,0.38728839918604385,0.4241504682376977,0.17140668525191238,0.17140668525191238,pooled,full_curve,50,0.00011677555899832474
90,peak_height,0.04799307510256767,0.05736867684870958,0.052206164225935936,0.025277642700486252,0.04397473018616438,0.06034295726567507,0.0357063639909029,0.09899484217166898,0.01636822707951069,0.06328847818076608,1.0,1.0,0.00937560174614191,0.004213089123368263,0.004213089123368263,1.775011996144396e-05,0.1,0.1577602876967005,0.6338730833976,0.1,0.1577602876967005,0.6338730833976,0.38728839918604385,0.4241504682376977,0.17140668525191238,0.17140668525191238,pooled,full_curve,50,0.00011677555899832474
90,cumulative_infected,0.49951813693041913,0.6904481046061574,0.48581447734613903,0.5590383093548097,0.4204473755980871,0.6865042428253219,0.33906712854950455,1.9726225229620467,0.26605686722723476,1.633555394412542,1.0,1.0,0.19092996767573822,-0.013703659584280103,0.013703659584280103,0.00018779028600183193,0.1,0.1577602876967005,0.6338730833976,0.1,0.1577602876967005,0.6338730833976,0.38728839918604385,0.4241504682376977,0.17140668525191238,0.17140668525191238,pooled,full_curve,50,0.00011677555899832474
90,early_growth_slope,-0.002621829053428621,-0.00030868063403951363,-0.00046420730012912393,0.0019618884129253534,-0.0014173232200933147,0.0010454323734544837,-0.00353097675362646,0.0029547617499095682,0.002462755593547798,0.006485738503536028,0.0,1.0,0.0023131484193891073,0.0021576217532994968,0.0021576217532994968,4.655331630311195e-06,0.1,0.1577602876967005,0.6338730833976,0.1,0.1577602876967005,0.6338730833976,0.38728839918604385,0.4241504682376977,0.17140668525191238,0.17140668525191238,pooled,full_curve,50,0.00011677555899832474
91,peak_time,31.0,24.42,24.0,7.691238620349229,20.0,28.0,13.95,38.0,8.0,24.05,0.0,1.0,-6.579999999999998,-7.0,7.0,49.0,0.43457688229183744,0.31508476358632886,1.3792380099419481,0.43457688229183744,0.31508476358632886,1.3792380099419481,0.7184621970435587,0.4407208288929976,0.511092583852022,0.511092583852022,pooled,full_curve,50,0.0003132088802840422
91,peak_height,0.07842158526182175,0.08017986718565226,0.07878715172410011,0.018261513468853362,0.06877848878502846,0.09051474370062351,0.05214619524776935,0.11919622085988521,0.021736254915595055,0.06705002561211586,1.0,1.0,0.0017582819238305125,0.0003655664622783661,0.0003655664622783661,1.3363883834272006e-07,0.43457688229183744,0.31508476358632886,1.3792380099419481,0.43457688229183744,0.31508476358632886,1.3792380099419481,0.7184621970435587,0.4407208288929976,0.511092583852022,0.511092583852022,pooled,full_curve,50,0.0003132088802840422
91,cumulative_infected,1.609572245972231,1.4301220176652805,1.4189167589647695,0.4399920043384505,1.1457866759446915,1.6598080499097705,0.7755624179393635,2.1969679177425405,0.514021373965079,1.421405499803177,1.0,1.0,-0.17945022830695057,-0.1906554870074615,0.1906554870074615,0.036349514726052315,0.43457688229183744,0.31508476358632886,1.3792380099419481,0.43457688229183744,0.31508476358632886,1.3792380099419481,0.7184621970435587,0.4407208288929976,0.511092583852022,0.511092583852022,pooled,full_curve,50,0.0003132088802840422
91,early_growth_slope,-0.005236416683709689,0.0008124654873624123,0.001076278222691534,0.002317403983730213,-0.0005367158779076154,0.00245861979644923,-0.0028862587903859056,0.004590106953539707,0.0029953356743568455,0.0074763657439256125,0.0,0.0,0.006048882171072102,0.006312694906401224,0.006312694906401224,3.9850116981303956e-05,0.43457688229183744,0.31508476358632886,1.3792380099419481,0.43457688229183744,0.31508476358632886,1.3792380099419481,0.7184621970435587,0.4407208288929976,0.511092583852022,0.511092583852022,pooled,full_curve,50,0.0003132088802840422
92,peak_time,46.0,21.61,19.0,16.067342498045377,5.0,36.0,1.9500000000000002,48.0,31.0,46.05,0.0,1.0,-24.39,-27.0,27.0,729.0,0.3123219647500155,0.4514175715005386,0.6918693122906999,0.3123219647500155,0.4514175715005386,0.6918693122906999,0.11774742704872394,0.3336572639632555,0.4056130017395111,0.4056130017395111,pooled,full_curve,50,2.9861963885475343e-08
92,peak_height,0.0563192293047905,0.05347890956327319,0.05000654421746731,0.018905739496845268,0.04252402484416962,0.05921697709709406,0.03249282445758581,0.07957564257085321,0.016692952252924442,0.0470828181132674,1.0,1.0,-0.0028403197415173068,-0.006312685087323189,0.006312685087323189,3.9849993011712576e-05,0.3123219647500155,0.4514175715005386,0.6918693122906999,0.3123219647500155,0.4514175715005386,0.6918693122906999,0.11774742704872394,0.3336572639632555,0.4056130017395111,0.4056130017395111,pooled,full_curve,50,2.9861963885475343e-08
92,cumulative_infected,0.4734616124769673,0.6112254780370137,0.4926311311101017,0.4081382686200738,0.39712003649037797,0.6254462166543817,0.3160625940741738,1.3471132239006682,0.22832618016400374,1.0310506298264945,1.0,1.0,0.13776386556004638,0.01916951863313443,0.01916951863313443,0.0003674704446260881,0.3123219647500155,0.4514175715005386,0.6918693122906999,0.3123219647500155,0.4514175715005386,0.6918693122906999,0.11774742704872394,0.3336572639632555,0.4056130017395111,0.4056130017395111,pooled,full_curve,50,2.9861963885475343e-08
92,early_growth_slope,-0.0018240653444081538,-0.00020700472298301457,-0.00024694487053368683,0.0024038590420412767,-0.0021396440015884,0.001447796540690303,-0.003588405201610709,0.0037974216873408262,0.0035874405422787027,0.0073858268889515355,1.0,1.0,0.0016170606214251392,0.001577120473874467,0.001577120473874467,2.4873089891140235e-06,0.3123219647500155,0.4514175715005386,0.6918693122906999,0.3123219647500155,0.4514175715005386,0.6918693122906999,0.11774742704872394,0.3336572639632555,0.4056130017395111,0.4056130017395111,pooled,full_curve,50,2.9861963885475343e-08
93,peak_time,43.0,19.99,18.0,16.566666666666666,4.0,35.0,1.0,48.0,31.0,47.0,0.0,1.0,-23.01,-25.0,25.0,625.0,0.1,0.07974267234424018,1.2540337194659243,0.1,0.07974267234424018,1.2540337194659243,0.7686899783962201,0.4547035399574996,0.12858763962453268,0.12858763962453268,pooled,full_curve,50,0.0006101725646219782
93,peak_height,0.06429432332515717,0.054739995803683994,0.04944176971912384,0.018498480687862764,0.044765119440853596,0.05981730483472347,0.037142332270741464,0.0938317287713289,0.015052185393869877,0.05668939650058744,0.0,1.0,-0.009554327521473172,-0.014852553606033325,0.014852553606033325,0.00022059834862009353,0.1,0.07974267234424018,1.2540337194659243,0.1,0.07974267234424018,1.2540337194659243,0.7686899783962201,0.4547035399574996,0.12858763962453268,0.12858763962453268,pooled,full_curve,50,0.0006101725646219782
93,cumulative_infected,0.7519343481399119,0.6738389959617962,0.5206773558147688,0.45246492648525005,0.4261935832328163,0.7386711767794623,0.32231666518055135,1.4526441756213895,0.31247759354664595,1.1303275104408381,0.0,1.0,-0.0780953521781157,-0.23125699232514307,0.23125699232514307,0.05347979649927128,0.1,0.07974267234424018,1.2540337194659243,0.1,0.07974267234424018,1.2540337194659243,0.7686899783962201,0.4547035399574996,0.12858763962453268,0.12858763962453268,pooled,full_curve,50,0.0006101725646219782
93,early_growth_slope,-0.002259969179119379,-0.0006571571976898356,-0.0008809449853807937,0.002610401807617811,-0.00221291316639898,0.0011730280869718024,-0.004374751256268825,0.003520752632955137,0.0033859412533707826,0.007895503889223962,0.0,1.0,0.0016028119814295435,0.0013790241937385855,0.0013790241937385855,1.9017077269163556e-06,0.1,0.07974267234424018,1.2540337194659243,0.1,0.07974267234424018,1.2540337194659243,0.7686899783962201,0.4547035399574996,0.12858763962453268,0.12858763962453268,pooled,full_curve,50,0.0006101725646219782
94,peak_time,37.0,22.6,22.5,13.297679603159448,13.0,32.25,1.0,46.0,19.25,45.0,0.0,1.0,-14.399999999999999,-14.5,14.5,210.25,0.29151199709183767,0.23638268496257686,1.233220602168846,0.29151199709183767,0.23638268496257686,1.233220602168846,0.38523031434417165,0.2957753045440793,0.6097640960140922,0.6097640960140922,pooled,full_curve,50,3.6859657385832148e-06
94,peak_height,0.07824026048183441,0.06615507178008556,0.06141500547528267,0.02562805859766897,0.05152106657624245,0.07164046168327332,0.042668597958981994,0.1099791470915079,0.02011939510703087,0.0673105491325259,0.0,1.0,-0.01208518870174885,-0.016825255006551743,0.016825255006551743,0.0002830892060354945,0.29151199709183767,0.23638268496257686,1.233220602168846,0.29151199709183767,0.23638268496257686,1.233220602168846,0.38523031434417165,0.2957753045440793,0.6097640960140922,0.6097640960140922,pooled,full_curve,50,3.6859657385832148e-06
94,cumulative_infected,1.2270904418546706,1.0634217072400873,0.8705380729807075,0.7300797184875081,0.5956895911258471,1.2702085967175663,0.4414146496448666,2.339876387198455,0.6745190055917192,1.8984617375535884,1.0,1.0,-0.1636687346145833,-0.35655236887396313,0.35655236887396313,0.12712959174963467,0.29151199709183767,0.23638268496257686,1.233220602168846,0.29151199709183767,0.23638268496257686,1.233220602168846,0.38523031434417165,0.2957753045440793,0.6097640960140922,0.6097640960140922,pooled,full_curve,50,3.6859657385832148e-06
94,early_growth_slope,0.0014407094623450024,9.579726112211378e-05,0.00019064827799974494,0.002376075372283673,-0.001374863851760024,0.0016482807754766233,-0.0035031290023956286,0.0037445078967028238,0.0030231446272366473,0.007247636899098452,1.0,1.0,-0.0013449122012228886,-0.0012500611843452576,0.0012500611843452576,1.562652964606668e-06,0.29151199709183767,0.23638268496257686,1.233220602168846,0.29151199709183767,0.23638268496257686,1.233220602168846,0.38523031434417165,0.2957753045440793,0.6097640960140922,0.6097640960140922,pooled,full_curve,50,3.6859657385832148e-06
95,peak_time,29.0,27.06,26.0,10.191915988426882,22.0,33.25,9.850000000000001,45.05,11.25,35.199999999999996,1.0,1.0,-1.9400000000000013,-3.0,3.0,9.0,0.36150786513667166,0.26780676956173016,1.349883222624599,0.36150786513667166,0.26780676956173016,1.349883222624599,0.7743966339701682,0.443106078906533,0.30834178461270445,0.30834178461270445,pooled,full_curve,50,0.0005879532922270193
95,peak_height,0.08492770791053772,0.08612417910248041,0.07847300916910172,0.031203693630481564,0.0652600284665823,0.0953533984720707,0.05254893209785223,0.16096563562750815,0.030093370005488396,0.10841670352965592,1.0,1.0,0.0011964711919426885,-0.006454698741436005,0.006454698741436005,4.166313584269554e-05,0.36150786513667166,0.26780676956173016,1.349883222624599,0.36150786513667166,0.26780676956173016,1.349883222624599,0.7743966339701682,0.443106078906533,0.30834178461270445,0.30834178461270445,pooled,full_curve,50,0.0005879532922270193
95,cumulative_infected,1.5323013793677092,1.6296931800870993,1.4689086137805134,0.9206608565147281,0.9538641938852379,1.8861171931494027,0.6390160767798079,3.6795470856130117,0.9322529992641648,3.040531008833204,1.0,1.0,0.09739180071939013,-0.06339276558719575,0.06339276558719575,0.00401864272879315,0.36150786513667166,0.26780676956173016,1.349883222624599,0.36150786513667166,0.26780676956173016,1.349883222624599,0.7743966339701682,0.443106078906533,0.30834178461270445,0.30834178461270445,pooled,full_curve,50,0.0005879532922270193
95,early_growth_slope,6.507012793528191e-05,0.0006799775920857587,0.0004274500672528078,0.0028350433546892335,-0.0015211483391578328,0.0027866830544856684,-0.0034710446038627076,0.004568634549000957,0.004307831393643501,0.008039679152863664,1.0,1.0,0.0006149074641504768,0.0003623799393175259,0.0003623799393175259,1.3131922041977377e-07,0.36150786513667166,0.26780676956173016,1.349883222624599,0.36150786513667166,0.26780676956173016,1.349883222624599,0.7743966339701682,0.443106078906533,0.30834178461270445,0.30834178461270445,pooled,full_curve,50,0.0005879532922270193
96,peak_time,15.0,22.91,23.5,13.431528565132101,12.5,34.0,2.0,43.0,21.5,41.0,1.0,1.0,7.91,8.5,8.5,72.25,0.3695390945868874,0.310834019513227,1.1888630953767347,0.3695390945868874,0.310834019513227,1.1888630953767347,0.6665034631630168,0.4981811559115042,0.4928153091529348,0.4928153091529348,pooled,full_curve,50,0.00010712917620374656
96,peak_height,0.05223705619573593,0.06329959090799094,0.05627799034118652,0.025758095340594034,0.047466954216361046,0.07087189890444279,0.03976415563374758,0.098160033673048,0.02340494468808174,0.05839587803930042,1.0,1.0,0.011062534712255004,0.004040934145450592,0.004040934145450592,1.6329148767868507e-05,0.3695390945868874,0.310834019513227,1.1888630953767347,0.3695390945868874,0.310834019513227,1.1888630953767347,0.6665034631630168,0.4981811559115042,0.4928153091529348,0.4928153091529348,pooled,full_curve,50,0.00010712917620374656
96,cumulative_infected,0.8835162415634841,0.8611664061312695,0.6433762903761817,0.7000881644502784,0.4771333894896088,1.0009646327016526,0.3793281193211442,1.7408520742785178,0.5238312432120438,1.3615239549573737,1.0,1.0,-0.022349835432214582,-0.24013995118730236,0.24013995118730236,0.05766719615623996,0.3695390945868874,0.310834019513227,1.1888630953767347,0.3695390945868874,0.310834019513227,1.1888630953767347,0.6665034631630168,0.4981811559115042,0.4928153091529348,0.4928153091529348,pooled,full_curve,50,0.00010712917620374656
96,early_growth_slope,-4.104410652958146e-05,0.00024949216328163266,-1.342204909416561e-06,0.0025821584615981228,-0.0014708002619001825,0.0020127967097020405,-0.004186401952479387,0.004246335754370582,0.003483596971602223,0.00843273770684997,1.0,1.0,0.0002905362698112141,3.97019016201649e-05,3.97019016201649e-05,1.5762409922572522e-09,0.3695390945868874,0.310834019513227,1.1888630953767347,0.3695390945868874,0.310834019513227,1.1888630953767347,0.6665034631630168,0.4981811559115042,0.4928153091529348,0.4928153091529348,pooled,full_curve,50,0.00010712917620374656
97,peak_time,44.0,26.78,29.0,14.030687866965113,14.75,39.0,2.0,47.0,24.25,45.0,0.0,1.0,-17.22,-15.0,15.0,225.0,0.1,0.07578819480580377,1.3194667092445658,0.1,0.07578819480580377,1.3194667092445658,0.5365577147396963,0.3497709896979925,0.1741548745801742,0.1741548745801742,pooled,full_curve,50,0.0003066500785732971
97,peak_height,0.06070258468389511,0.07954021219164133,0.06063271872699261,0.05267778932036896,0.048594250343739986,0.08677996881306171,0.03778276741504669,0.18159730732440946,0.03818571846932173,0.14381453990936277,1.0,1.0,0.018837627507746216,-6.986595690250397e-05,6.986595690250397e-05,4.881251933902542e-09,0.1,0.07578819480580377,1.3194667092445658,0.1,0.07578819480580377,1.3194667092445658,0.5365577147396963,0.3497709896979925,0.1741548745801742,0.1741548745801742,pooled,full_curve,50,0.0003066500785732971
97,cumulative_infected,1.0754559645429254,1.366940509355486,0.7827344082470518,1.3719104298029483,0.5732370576879475,1.626907737518195,0.39212155233544765,4.45232585594058,1.0536706798302475,4.060204303605132,1.0,1.0,0.2914845448125607,-0.2927215562958736,0.2927215562958736,0.0856859095202783,0.1,0.07578819480580377,1.3194667092445658,0.1,0.07578819480580377,1.3194667092445658,0.5365577147396963,0.3497709896979925,0.1741548745801742,0.1741548745801742,pooled,full_curve,50,0.0003066500785732971
97,early_growth_slope,0.0009406561785865399,0.0004852827650531605,0.0006671819826892933,0.0024803971293028545,-0.0011561703341569558,0.0020621501379147434,-0.0037231812126784824,0.004180738462101932,0.003218320472071699,0.007903919674780414,1.0,1.0,-0.0004553734135333794,-0.00027347419589724656,0.00027347419589724656,7.478813582164559e-08,0.1,0.07578819480580377,1.3194667092445658,0.1,0.07578819480580377,1.3194667092445658,0.5365577147396963,0.3497709896979925,0.1741548745801742,0.1741548745801742,pooled,full_curve,50,0.0003066500785732971
98,peak_time,23.0,19.87,17.0,15.801582199260935,4.0,35.0,0.0,45.0,31.0,45.0,1.0,1.0,-3.129999999999999,-6.0,6.0,36.0,0.16679623642961555,0.41836118201477623,0.3986895620342817,0.16679623642961555,0.41836118201477623,0.3986895620342817,0.10216172727658843,0.48463060815737175,0.5534830667732972,0.5534830667732972,pooled,full_curve,50,1.89057116649384e-07
98,peak_height,0.038414858281612396,0.054389977939426896,0.050583669915795326,0.014247780841454161,0.04498980101197958,0.060611248947679996,0.0371747899800539,0.07894791625440119,0.015621447935700417,0.04177312627434729,0.0,1.0,0.0159751196578145,0.01216881163418293,0.01216881163418293,0.00014807997658822583,0.16679623642961555,0.41836118201477623,0.3986895620342817,0.16679623642961555,0.41836118201477623,0.3986895620342817,0.10216172727658843,0.48463060815737175,0.5534830667732972,0.5534830667732972,pooled,full_curve,50,1.89057116649384e-07
98,cumulative_infected,0.3275104712229222,0.5607109929692615,0.48586725751374615,0.29161370590392593,0.4293633030465571,0.624191773153143,0.32661201657610944,0.8611021035370858,0.19482847010658588,0.5344900869609763,0.0,1.0,0.23320052174633932,0.15835678629082395,0.15835678629082395,0.02507687176435769,0.16679623642961555,0.41836118201477623,0.3986895620342817,0.16679623642961555,0.41836118201477623,0.3986895620342817,0.10216172727658843,0.48463060815737175,0.5534830667732972,0.5534830667732972,pooled,full_curve,50,1.89057116649384e-07
98,early_growth_slope,-0.0006745608545662378,-0.0007813697339744448,-0.0006869443469830519,0.0023059188665236923,-0.00273689651762002,0.0009111728189357869,-0.004296403230511626,0.0026217445354199116,0.003648069336555807,0.006918147765931538,1.0,1.0,-0.00010680887940820697,-1.2383492416814064e-05,1.2383492416814064e-05,1.5335088443729142e-10,0.16679623642961555,0.41836118201477623,0.3986895620342817,0.16679623642961555,0.41836118201477623,0.3986895620342817,0.10216172727658843,0.48463060815737175,0.5534830667732972,0.5534830667732972,pooled,full_curve,50,1.89057116649384e-07
99,peak_time,17.0,15.52,15.0,1.1234866364235143,15.0,16.0,14.0,18.0,1.0,4.0,0.0,1.0,-1.4800000000000004,-2.0,2.0,4.0,0.5144090591041333,0.14868912062710077,3.459628094742896,0.5144090591041333,0.14868912062710077,3.459628094742896,0.9546303427099266,0.16117649279323928,0.4611086085056425,0.4611086085056425,pooled,full_curve,50,0.009011688776931653
99,peak_height,0.3998165428638458,0.3404746729135513,0.34152600169181824,0.020720018009505348,0.32551149278879166,0.3558705374598503,0.30991545766592027,0.36964283883571625,0.030359044671058655,0.05972738116979598,0.0,0.0,-0.0593418699502945,-0.05829054117202759,0.05829054117202759,0.0033977871901278434,0.5144090591041333,0.14868912062710077,3.459628094742896,0.5144090591041333,0.14868912062710077,3.459628094742896,0.9546303427099266,0.16117649279323928,0.4611086085056425,0.4611086085056425,pooled,full_curve,50,0.009011688776931653
99,cumulative_infected,6.090205924469046,5.8426000864042,5.8465447714261245,0.27273821033214335,5.623315066943178,6.0442969251889735,5.42283431746182,6.279094271158101,0.4209818582457956,0.8562599536962807,0.0,1.0,-0.24760583806484604,-0.2436611530429218,0.2436611530429218,0.059370757502206155,0.5144090591041333,0.14868912062710077,3.459628094742896,0.5144090591041333,0.14868912062710077,3.459628094742896,0.9546303427099266,0.16117649279323928,0.4611086085056425,0.4611086085056425,pooled,full_curve,50,0.009011688776931653
99,early_growth_slope,0.015700509121719126,0.011755996703344686,0.011670574534773114,0.0025161691077365007,0.00992086005585623,0.013618111320327093,0.007947718028195334,0.016064419246201087,0.003697251264470864,0.008116701218005753,0.0,1.0,-0.00394451241837444,-0.0040299345869460115,0.0040299345869460115,1.624037277506372e-05,0.5144090591041333,0.14868912062710077,3.459628094742896,0.5144090591041333,0.14868912062710077,3.459628094742896,0.9546303427099266,0.16117649279323928,0.4611086085056425,0.4611086085056425,pooled,full_curve,50,0.009011688776931653
