case_id,feature,observed_value,pred_mean,pred_median,pred_std,pred_ci50_low,pred_ci50_high,pred_ci90_low,pred_ci90_high,pred_width50,pred_width90,covered50,covered90,err_mean,err_median,abs_err_median,sq_err_median,true_beta,true_gamma,true_R0,true_beta_timeavg,true_beta_infweighted,true_R0_timeavg,true_R0_infweighted,beta_ref_mode,beta0,gamma,tau,kappa,severity
0,peak_time,18.0,23.47,21.5,14.688313914693056,11.0,36.25,2.0,46.05,25.25,44.05,1.0,1.0,5.469999999999999,3.5,3.5,12.25,0.10155303552756438,0.22364714789828816,0.4540770427072443,0.10155303552756438,0.1059155294578794,0.4540770427072443,0.4735831887561044,time_avg,0.1072049143651905,0.22364714789828816,15,0.9246852378644143,mild
0,peak_height,0.049706026911735535,0.051530027631670236,0.04858885519206524,0.014115927743534103,0.04238543100655079,0.056656782515347004,0.034216289222240445,0.08380587995052337,0.014271351508796215,0.04958959072828292,1.0,1.0,0.0018240007199347014,-0.0011171717196702957,0.0011171717196702957,1.2480726512310858e-06,0.10155303552756438,0.22364714789828816,0.4540770427072443,0.10155303552756438,0.1059155294578794,0.4540770427072443,0.4735831887561044,time_avg,0.1072049143651905,0.22364714789828816,15,0.9246852378644143,mild
0,cumulative_infected,0.42983622767496854,0.5847576019273106,0.48777461588178994,0.326911593353001,0.4127394411480054,0.6028763029753463,0.2944322570139775,1.4657077814801596,0.1901368618273409,1.171275524466182,1.0,1.0,0.1549213742523421,0.0579383882068214,0.0579383882068214,0.003356856828004341,0.10155303552756438,0.22364714789828816,0.4540770427072443,0.10155303552756438,0.1059155294578794,0.4540770427072443,0.4735831887561044,time_avg,0.1072049143651905,0.22364714789828816,15,0.9246852378644143,mild
0,early_growth_slope,-0.0022423823524843002,-0.00019610429596511982,-0.0005509026994418693,0.0019876983947336216,-0.001502883509688434,0.0010814114759254844,-0.0027619655108927473,0.0033481848437250366,0.0025842949856139186,0.006110150354617784,0.0,1.0,0.0020462780565191803,0.001691479653042431,0.001691479653042431,2.8611034166565426e-06,0.10155303552756438,0.22364714789828816,0.4540770427072443,0.10155303552756438,0.1059155294578794,0.4540770427072443,0.4735831887561044,time_avg,0.1072049143651905,0.22364714789828816,15,0.9246852378644143,mild
1,peak_time,14.0,14.54,15.0,1.321309420937649,14.0,15.0,13.0,17.0,1.0,4.0,1.0,1.0,0.5399999999999991,1.0,1.0,1.0,0.5677141789814228,0.19935750869708702,2.8477190685806266,0.5677141789814228,0.5697802206162395,2.8477190685806266,2.858082569049304,time_avg,0.5704258660249205,0.19935750869708702,27,0.9896656652778207,mild
1,peak_height,0.30441567301750183,0.2930145266652107,0.29301591217517853,0.020047087046169903,0.28001055121421814,0.30590882897377014,0.2588624119758606,0.3289642006158829,0.025898277759552002,0.07010178864002231,1.0,1.0,-0.011401146352291114,-0.011399760842323303,0.011399760842323303,0.0001299545472621677,0.5677141789814228,0.19935750869708702,2.8477190685806266,0.5677141789814228,0.5697802206162395,2.8477190685806266,2.858082569049304,time_avg,0.5704258660249205,0.19935750869708702,27,0.9896656652778207,mild
1,cumulative_infected,4.733468987047672,4.634087356983801,4.637411620409694,0.2472737464411103,4.45232869204483,4.794565002901436,4.238025855673186,5.028462577506434,0.342236310856606,0.790436721833248,1.0,1.0,-0.09938163006387146,-0.0960573666379787,0.0960573666379787,0.009227017685423064,0.5677141789814228,0.19935750869708702,2.8477190685806266,0.5677141789814228,0.5697802206162395,2.8477190685806266,2.858082569049304,time_avg,0.5704258660249205,0.19935750869708702,27,0.9896656652778207,mild
1,early_growth_slope,0.0168009168424067,0.012222294923412848,0.012204214803031865,0.0034138325389038667,0.01039253282942809,0.01456212983300377,0.0069094543151246995,0.017468178283334482,0.00416959700357568,0.010558723968209782,0.0,1.0,-0.004578621918993851,-0.004596702039374834,0.004596702039374834,2.112966963879276e-05,0.5677141789814228,0.19935750869708702,2.8477190685806266,0.5677141789814228,0.5697802206162395,2.8477190685806266,2.858082569049304,time_avg,0.5704258660249205,0.19935750869708702,27,0.9896656652778207,mild
2,peak_time,15.0,21.99,21.0,14.7583190031243,8.75,34.5,0.9500000000000002,44.0,25.75,43.05,1.0,1.0,6.989999999999998,6.0,6.0,36.0,0.12828531475301574,0.4600703231768622,0.2788384911836614,0.12828531475301574,0.13256303440201975,0.2788384911836614,0.2881364602842668,time_avg,0.13256470427688344,0.4600703231768622,26,0.9327468432112235,mild
2,peak_height,0.037634458392858505,0.05362046144902706,0.04972601495683193,0.02207108397754884,0.04346435144543648,0.05939783062785864,0.036842244863510135,0.08008960224688053,0.01593347918242216,0.04324735738337039,0.0,1.0,0.015986003056168555,0.012091556563973427,0.012091556563973427,0.00014620574013976886,0.12828531475301574,0.4600703231768622,0.2788384911836614,0.12828531475301574,0.13256303440201975,0.2788384911836614,0.2881364602842668,time_avg,0.13256470427688344,0.4600703231768622,26,0.9327468432112235,mild
2,cumulative_infected,0.4018925236305222,0.6235798513802547,0.4937827842441038,0.5691972847709686,0.41915830693324097,0.6431242006053708,0.3223936740150748,1.2775964650791136,0.22396589367212982,0.9552027910640388,0.0,1.0,0.22168732774973254,0.09189026061358163,0.09189026061358163,0.008443819995631952,0.12828531475301574,0.4600703231768622,0.2788384911836614,0.12828531475301574,0.13256303440201975,0.2788384911836614,0.2881364602842668,time_avg,0.13256470427688344,0.4600703231768622,26,0.9327468432112235,mild
2,early_growth_slope,-0.0016820941597134572,-0.00023914601586641555,-0.0006250517340266088,0.0023731726493889677,-0.0018128227023962167,0.000982299506306715,-0.003467853318822258,0.0039043600421531893,0.0027951222087029314,0.007372213360975447,1.0,1.0,0.0014429481438470416,0.0010570424256868484,0.0010570424256868484,1.1173386897019363e-06,0.12828531475301574,0.4600703231768622,0.2788384911836614,0.12828531475301574,0.13256303440201975,0.2788384911836614,0.2881364602842668,time_avg,0.13256470427688344,0.4600703231768622,26,0.9327468432112235,mild
3,peak_time,8.0,9.88,10.0,1.2413742791801756,9.0,11.0,8.0,12.0,2.0,4.0,0.0,1.0,1.8800000000000008,2.0,2.0,4.0,0.8199819955607712,0.3989365571725036,2.0554195418250525,0.8199819955607712,0.8754906209405934,2.0554195418250525,2.19456102781281,time_avg,0.8764734823496965,0.3989365571725036,28,0.8535155423551338,mild
3,peak_height,0.18917037546634674,0.18342595517635346,0.18113921582698822,0.020493131693594926,0.17277589812874794,0.19723016396164894,0.15462470129132272,0.2131594471633434,0.024454265832901,0.05853474587202068,1.0,1.0,-0.0057444202899932795,-0.00803115963935852,0.00803115963935852,6.449952515286128e-05,0.8199819955607712,0.3989365571725036,2.0554195418250525,0.8199819955607712,0.8754906209405934,2.0554195418250525,2.19456102781281,time_avg,0.8764734823496965,0.3989365571725036,28,0.8535155423551338,mild
3,cumulative_infected,2.2563134348019958,2.1494464641216338,2.132521815598011,0.1706295605004287,2.048447547669639,2.2312506279267836,1.897909118255484,2.461480527225649,0.18280308025714476,0.5635714089701649,0.0,1.0,-0.106866970680362,-0.12379161920398474,0.12379161920398474,0.015324364985144362,0.8199819955607712,0.3989365571725036,2.0554195418250525,0.8199819955607712,0.8754906209405934,2.0554195418250525,2.19456102781281,time_avg,0.8764734823496965,0.3989365571725036,28,0.8535155423551338,mild
3,early_growth_slope,0.018313246222013337,0.01609943816883276,0.01601828823567346,0.003712114358051554,0.014086377804189741,0.019155138251205368,0.0083979734430267,0.021338453585381747,0.005068760447015626,0.012940480142355047,1.0,1.0,-0.0022138080531805757,-0.002294957986339878,0.002294957986339878,5.266832159065188e-06,0.8199819955607712,0.3989365571725036,2.0554195418250525,0.8199819955607712,0.8754906209405934,2.0554195418250525,2.19456102781281,time_avg,0.8764734823496965,0.3989365571725036,28,0.8535155423551338,mild
4,peak_time,16.0,20.61,20.0,11.06262704657972,13.75,27.0,3.0,44.0,13.25,41.0,1.0,1.0,4.609999999999999,4.0,4.0,16.0,0.5956815717339522,0.45055085923042926,1.3221183791579398,0.5956815717339522,0.6004886530471698,1.3221183791579398,1.3327877213969679,time_avg,0.6080337044720686,0.45055085923042926,22,0.9637234256468645,mild
4,peak_height,0.07082017511129379,0.06487411834299564,0.06191892735660076,0.018450516998425228,0.05359460785984993,0.07468196749687195,0.04344428014010191,0.09116576090455053,0.02108735963702202,0.04772148076444862,1.0,1.0,-0.0059460567682981524,-0.008901247754693031,0.008901247754693031,7.923221159042773e-05,0.5956815717339522,0.45055085923042926,1.3221183791579398,0.5956815717339522,0.6004886530471698,1.3221183791579398,1.3327877213969679,time_avg,0.6080337044720686,0.45055085923042926,22,0.9637234256468645,mild
4,cumulative_infected,1.0123047581873834,0.9167511797206608,0.8528442028764402,0.4321482662249375,0.6921187387151804,1.0237763276381884,0.4285626504890388,1.549858766875695,0.331657588923008,1.1212961163866562,1.0,1.0,-0.09555357846672263,-0.15946055531094316,0.15946055531094316,0.025427668700074364,0.5956815717339522,0.45055085923042926,1.3221183791579398,0.5956815717339522,0.6004886530471698,1.3221183791579398,1.3327877213969679,time_avg,0.6080337044720686,0.45055085923042926,22,0.9637234256468645,mild
4,early_growth_slope,0.005822903651278464,0.0005086557345869319,0.0004556432887468319,0.0023770239719489565,-0.0010223576291103931,0.001919618267233351,-0.0028665371582887664,0.005139649695567119,0.0029419758963437443,0.008006186853855886,0.0,0.0,-0.005314247916691533,-0.005367260362531633,0.005367260362531633,2.8807483799203194e-05,0.5956815717339522,0.45055085923042926,1.3221183791579398,0.5956815717339522,0.6004886530471698,1.3221183791579398,1.3327877213969679,time_avg,0.6080337044720686,0.45055085923042926,22,0.9637234256468645,mild
5,peak_time,9.0,19.16,19.0,14.73312765522143,5.0,31.0,0.0,44.05,26.0,44.05,1.0,1.0,10.16,10.0,10.0,100.0,0.20150237231822893,0.37119618663849296,0.5428460193597613,0.20150237231822893,0.2153318806131424,0.5428460193597613,0.5801026205661255,time_avg,0.21789895491899808,0.37119618663849296,13,0.8983127566475462,mild
5,peak_height,0.042058613151311874,0.05140655104070902,0.048898158594965935,0.016570625766869546,0.04165811650454998,0.05697358958423138,0.03588483389467001,0.07083503976464271,0.015315473079681396,0.0349502058699727,1.0,1.0,0.009347937889397147,0.00683954544365406,0.00683954544365406,4.677938187580902e-05,0.20150237231822893,0.37119618663849296,0.5428460193597613,0.20150237231822893,0.2153318806131424,0.5428460193597613,0.5801026205661255,time_avg,0.21789895491899808,0.37119618663849296,13,0.8983127566475462,mild
5,cumulative_infected,0.42832255925168283,0.560338637003988,0.48177469961956376,0.3721612156754531,0.40217172240954824,0.6036535603034281,0.3140941722180287,0.879810873873066,0.20148183789387986,0.5657167016550373,1.0,1.0,0.13201607775230517,0.05345214036788093,0.05345214036788093,0.002857131309907646,0.20150237231822893,0.37119618663849296,0.5428460193597613,0.20150237231822893,0.2153318806131424,0.5428460193597613,0.5801026205661255,time_avg,0.21789895491899808,0.37119618663849296,13,0.8983127566475462,mild
5,early_growth_slope,0.0023753534714203496,-0.0007554454166284761,-0.00046088777266309593,0.0025962402541411917,-0.002242155744516777,0.0008899719455041035,-0.005156179782490995,0.0028231202833662148,0.0031321276900208805,0.00797930006585721,0.0,1.0,-0.0031307988880488256,-0.0028362412440834455,0.0028362412440834455,8.044264394640011e-06,0.20150237231822893,0.37119618663849296,0.5428460193597613,0.20150237231822893,0.2153318806131424,0.5428460193597613,0.5801026205661255,time_avg,0.21789895491899808,0.37119618663849296,13,0.8983127566475462,mild
6,peak_time,14.0,15.61,16.0,1.4487542541400484,15.0,17.0,13.0,18.0,2.0,5.0,0.0,1.0,1.6099999999999994,2.0,2.0,4.0,0.5127610322757503,0.26288154406981845,1.9505402484229422,0.5127610322757503,0.5389632456157119,1.9505402484229422,2.050213329059605,time_avg,0.5547981800236328,0.26288154406981845,24,0.8542881507965937,mild
6,peak_height,0.22176602482795715,0.18990785703063012,0.18656916916370392,0.016038477155255276,0.17985914275050163,0.20118923112750053,0.16400823816657067,0.21650924682617187,0.0213300883769989,0.052501008659601195,0.0,0.0,-0.03185816779732703,-0.035196855664253235,0.035196855664253235,0.001238818648650275,0.5127610322757503,0.26288154406981845,1.9505402484229422,0.5127610322757503,0.5389632456157119,1.9505402484229422,2.050213329059605,time_avg,0.5547981800236328,0.26288154406981845,24,0.8542881507965937,mild
6,cumulative_infected,3.232003311160952,3.087069316305697,3.065368235344067,0.19627924255808302,2.972008072916651,3.22080879524583,2.7715695546947243,3.460856991808396,0.24880072232917883,0.6892874371136717,0.0,1.0,-0.14493399485525504,-0.16663507581688464,0.16663507581688464,0.02776724849249889,0.5127610322757503,0.26288154406981845,1.9505402484229422,0.5127610322757503,0.5389632456157119,1.9505402484229422,2.050213329059605,time_avg,0.5547981800236328,0.26288154406981845,24,0.8542881507965937,mild
6,early_growth_slope,0.007451853764775609,0.0069888431315069145,0.006779980806597795,0.002252478794933811,0.005551991193420863,0.00804526985961101,0.0038165212104407445,0.010811932858390109,0.002493278666190147,0.006995411647949364,1.0,1.0,-0.00046301063326869424,-0.0006718729581778136,0.0006718729581778136,4.5141327193060603e-07,0.5127610322757503,0.26288154406981845,1.9505402484229422,0.5127610322757503,0.5389632456157119,1.9505402484229422,2.050213329059605,time_avg,0.5547981800236328,0.26288154406981845,24,0.8542881507965937,mild
7,peak_time,31.0,21.5,18.5,14.401529099510247,10.0,34.25,1.0,46.0,24.25,45.0,1.0,1.0,-9.5,-12.5,12.5,156.25,0.4094021182838752,0.4555254171651098,0.8987470355259742,0.4094021182838752,0.4170312005485372,0.8987470355259742,0.9154949094692998,time_avg,0.420317695592922,0.4555254171651098,26,0.9458961963796583,mild
7,peak_height,0.039149317890405655,0.051465124115347864,0.048777006566524506,0.013803935559544558,0.04269060492515564,0.057817842811346054,0.0332137169316411,0.07792794220149517,0.015127237886190414,0.044714225269854066,0.0,1.0,0.01231580622494221,0.00962768867611885,0.00962768867611885,9.269238924426715e-05,0.4094021182838752,0.4555254171651098,0.8987470355259742,0.4094021182838752,0.4170312005485372,0.8987470355259742,0.9154949094692998,time_avg,0.420317695592922,0.4555254171651098,26,0.9458961963796583,mild
7,cumulative_infected,0.45423256256617606,0.5966516967153075,0.4895555528055411,0.3058991896578248,0.4105235806218843,0.6514599079673644,0.335569807839056,1.2495224463928025,0.2409363273454801,0.9139526385537465,1.0,1.0,0.14241913414913143,0.035322990239365026,0.035322990239365026,0.001247713639450277,0.4094021182838752,0.4555254171651098,0.8987470355259742,0.4094021182838752,0.4170312005485372,0.8987470355259742,0.9154949094692998,time_avg,0.420317695592922,0.4555254171651098,26,0.9458961963796583,mild
7,early_growth_slope,0.0012040385710341594,-0.0004278508669934421,-0.00041636774022619973,0.002499116038142226,-0.002100147822472665,0.0012892744428297323,-0.003979806906066924,0.0036763706826604893,0.0033894222653023977,0.007656177588727414,1.0,1.0,-0.0016318894380276015,-0.001620406311260359,0.001620406311260359,2.625716613572404e-06,0.4094021182838752,0.4555254171651098,0.8987470355259742,0.4094021182838752,0.4170312005485372,0.8987470355259742,0.9154949094692998,time_avg,0.420317695592922,0.4555254171651098,26,0.9458961963796583,mild
8,peak_time,19.0,22.97,21.0,15.82253539299648,7.75,38.0,1.0,47.0,30.25,46.0,1.0,1.0,3.969999999999999,2.0,2.0,4.0,0.3545580255419742,0.4071236940829213,0.8708852633611622,0.3545580255419742,0.3614845157037198,0.8708852633611622,0.887898496102008,time_avg,0.3650678070283543,0.4071236940829213,23,0.9466878263889218,mild
8,peak_height,0.045063868165016174,0.05290796399116516,0.05020535923540592,0.014238009364549196,0.04365757293999195,0.057979218661785126,0.03662057332694531,0.08167435862123965,0.014321645721793175,0.04505378529429434,1.0,1.0,0.007844095826148985,0.005141491070389748,0.005141491070389748,2.6434930426897513e-05,0.3545580255419742,0.4071236940829213,0.8708852633611622,0.3545580255419742,0.3614845157037198,0.8708852633611622,0.887898496102008,time_avg,0.3650678070283543,0.4071236940829213,23,0.9466878263889218,mild
8,cumulative_infected,0.47903523669810966,0.6117355532043075,0.5005558191205637,0.33198194243724205,0.4398572304253321,0.6102934502559947,0.3480243160462123,1.3460127998841926,0.1704362198306626,0.9979884838379803,1.0,1.0,0.13270031650619785,0.021520582422454027,0.021520582422454027,0.0004631354678016372,0.3545580255419742,0.4071236940829213,0.8708852633611622,0.3545580255419742,0.3614845157037198,0.8708852633611622,0.887898496102008,time_avg,0.3650678070283543,0.4071236940829213,23,0.9466878263889218,mild
8,early_growth_slope,-0.0020422626638762825,-0.0001249542134125166,-8.430951995597687e-05,0.0024052023610651066,-0.0020145189405195094,0.0014880291273584585,-0.003431886979766809,0.004115307531208686,0.003502548067877968,0.007547194510975495,0.0,1.0,0.0019173084504637658,0.0019579531439203055,0.0019579531439203055,3.8335805137874086e-06,0.3545580255419742,0.4071236940829213,0.8708852633611622,0.3545580255419742,0.3614845157037198,0.8708852633611622,0.887898496102008,time_avg,0.3650678070283543,0.4071236940829213,23,0.9466878263889218,mild
9,peak_time,15.0,14.14,14.0,3.676350847723263,12.0,16.0,9.0,20.049999999999997,4.0,11.049999999999997,1.0,1.0,-0.8599999999999994,-1.0,1.0,1.0,0.7028845821672449,0.49438448963967485,1.4217367188835808,0.7028845821672449,0.7263264520822296,1.4217367188835808,1.4691529918578197,time_avg,0.7299880611509427,0.49438448963967485,28,0.9156166803948547,mild
9,peak_height,0.1052829846739769,0.10141700424253941,0.09986675530672073,0.01746237577484622,0.08748961612582207,0.11269032210111618,0.07624557241797447,0.13054782673716545,0.025200705975294113,0.05430225431919097,1.0,1.0,-0.003865980431437488,-0.0054162293672561646,0.0054162293672561646,2.9335540558728113e-05,0.7028845821672449,0.49438448963967485,1.4217367188835808,0.7028845821672449,0.7263264520822296,1.4217367188835808,1.4691529918578197,time_avg,0.7299880611509427,0.49438448963967485,28,0.9156166803948547,mild
9,cumulative_infected,1.5391369401477277,1.501413542082846,1.488506977679208,0.19619869355159067,1.367888652718193,1.6179689040291123,1.1882160443637986,1.8502172251523006,0.25008025131091927,0.662001180788502,1.0,1.0,-0.037723398064881675,-0.05062996246851981,0.05062996246851981,0.002563393099563724,0.7028845821672449,0.49438448963967485,1.4217367188835808,0.7028845821672449,0.7263264520822296,1.4217367188835808,1.4691529918578197,time_avg,0.7299880611509427,0.49438448963967485,28,0.9156166803948547,mild
9,early_growth_slope,0.005658676759118126,0.004651417822379223,0.005050229185144416,0.002948561412401869,0.0025372917325945494,0.006732751927172231,-0.00021558583705752417,0.008534041420179637,0.004195460194577682,0.008749627257237162,1.0,1.0,-0.001007258936738903,-0.0006084475739737095,0.0006084475739737095,3.702084502744927e-07,0.7028845821672449,0.49438448963967485,1.4217367188835808,0.7028845821672449,0.7263264520822296,1.4217367188835808,1.4691529918578197,time_avg,0.7299880611509427,0.49438448963967485,28,0.9156166803948547,mild
10,peak_time,10.0,8.56,9.0,0.6714976477316141,8.0,9.0,8.0,10.0,1.0,2.0,0.0,1.0,-1.4399999999999995,-1.0,1.0,1.0,0.8620330419762442,0.23837948620855742,3.6162215788234997,0.8620330419762442,0.9238984949835978,3.6162215788234997,3.8757466495052433,time_avg,0.9472898215410569,0.23837948620855742,15,0.8714275223815173,mild
10,peak_height,0.3933405876159668,0.3949077233672142,0.39315448701381683,0.02428999369402343,0.3796287328004837,0.4132634177803993,0.35302302092313764,0.43537112474441525,0.03363468497991562,0.08234810382127761,1.0,1.0,0.001567135751247395,-0.00018610060214996338,0.00018610060214996338,3.4633434120578954e-08,0.8620330419762442,0.23837948620855742,3.6162215788234997,0.8620330419762442,0.9238984949835978,3.6162215788234997,3.8757466495052433,time_avg,0.9472898215410569,0.23837948620855742,15,0.8714275223815173,mild
10,cumulative_infected,4.275907756760716,4.214036499152671,4.228197931719478,0.21964982981739345,4.055761597701348,4.33818530960707,3.878772435389692,4.588062997563975,0.2824237119057216,0.7092905621742833,1.0,1.0,-0.06187125760804513,-0.04770982504123822,0.04770982504123822,0.0022762274054655613,0.8620330419762442,0.23837948620855742,3.6162215788234997,0.8620330419762442,0.9238984949835978,3.6162215788234997,3.8757466495052433,time_avg,0.9472898215410569,0.23837948620855742,15,0.8714275223815173,mild
10,early_growth_slope,0.05189903193552579,0.04919842329663099,0.049613080311766145,0.0062439518798666094,0.045401197547713906,0.05375351981049225,0.037962431326186985,0.05787408140424216,0.008352322262778343,0.019911650078055176,1.0,1.0,-0.0027006086388947984,-0.0022859516237596425,0.0022859516237596425,5.225574826169346e-06,0.8620330419762442,0.23837948620855742,3.6162215788234997,0.8620330419762442,0.9238984949835978,3.6162215788234997,3.8757466495052433,time_avg,0.9472898215410569,0.23837948620855742,15,0.8714275223815173,mild
11,peak_time,15.0,14.39,14.0,1.2544466364243492,14.0,15.0,12.0,16.0,1.0,4.0,1.0,1.0,-0.6099999999999994,-1.0,1.0,1.0,0.5498079795005648,0.18982086001376658,2.896457109406682,0.5498079795005648,0.5505535829551491,2.896457109406682,2.9003850415345327,time_avg,0.5510929229146162,0.18982086001376658,23,0.995682171296537,mild
11,peak_height,0.32682010531425476,0.3116141137480736,0.3125007152557373,0.017118643131902693,0.29851431399583817,0.3221180960536003,0.28717661947011947,0.3413003236055374,0.023603782057762146,0.05412370413541795,0.0,1.0,-0.015205991566181187,-0.014319390058517456,0.014319390058517456,0.00020504493164796855,0.5498079795005648,0.18982086001376658,2.896457109406682,0.5498079795005648,0.5505535829551491,2.896457109406682,2.9003850415345327,time_avg,0.5510929229146162,0.18982086001376658,23,0.995682171296537,mild
11,cumulative_infected,5.091698094387539,5.023231046872279,5.019363806932233,0.254335176978082,4.860441371274646,5.192083418740367,4.6182859228196325,5.481718743298552,0.3316420474657207,0.8634328204789199,1.0,1.0,-0.06846704751525934,-0.07233428745530546,0.07233428745530546,0.00523224914166676,0.5498079795005648,0.18982086001376658,2.896457109406682,0.5498079795005648,0.5505535829551491,2.896457109406682,2.9003850415345327,time_avg,0.5510929229146162,0.18982086001376658,23,0.995682171296537,mild
11,early_growth_slope,0.01682371951063119,0.012384320548986754,0.012375884293370677,0.0033006467779930016,0.010154940672994902,0.014418194076001995,0.006944197131919541,0.017722294784505804,0.004263253403007093,0.010778097652586263,0.0,1.0,-0.004439398961644437,-0.004447835217260514,0.004447835217260514,1.9783238119902885e-05,0.5498079795005648,0.18982086001376658,2.896457109406682,0.5498079795005648,0.5505535829551491,2.896457109406682,2.9003850415345327,time_avg,0.5510929229146162,0.18982086001376658,23,0.995682171296537,mild
12,peak_time,46.0,42.83,43.0,5.293516140649156,41.0,46.0,36.95,49.0,5.0,12.049999999999997,1.0,1.0,-3.1700000000000017,-3.0,3.0,9.0,0.15772715728594572,0.06716894073547608,2.348215641915583,0.15772715728594572,0.15275417984454806,2.348215641915583,2.2741787822160653,time_avg,0.16420260212156723,0.06716894073547608,30,0.9014107457501284,mild
12,peak_height,0.20982149243354797,0.2964109970629215,0.3175002187490463,0.07582005881457742,0.2710772305727005,0.34309660643339157,0.10624968260526657,0.3721303418278694,0.07201937586069107,0.26588065922260284,0.0,1.0,0.08658950462937354,0.10767872631549835,0.10767872631549835,0.011594708100927997,0.15772715728594572,0.06716894073547608,2.348215641915583,0.15772715728594572,0.15275417984454806,2.348215641915583,2.2741787822160653,time_avg,0.16420260212156723,0.06716894073547608,30,0.9014107457501284,mild
12,cumulative_infected,5.033245487138629,6.7665614984085005,7.22856605002471,1.896176025173568,6.172983781725634,8.021288869204,2.49943052357994,8.934955478762276,1.8483050874783657,6.435524955182336,0.0,1.0,1.7333160112698716,2.1953205628860815,2.1953205628860815,4.819432373830462,0.15772715728594572,0.06716894073547608,2.348215641915583,0.15772715728594572,0.15275417984454806,2.348215641915583,2.2741787822160653,time_avg,0.16420260212156723,0.06716894073547608,30,0.9014107457501284,mild
12,early_growth_slope,0.003769969490046303,0.0017596049385645613,0.002053564845395851,0.0025910378872032566,-0.00020572059882050783,0.0035819968103342464,-0.0025028712240912515,0.0052605345739894305,0.0037877174091547543,0.007763405798080682,0.0,1.0,-0.002010364551481742,-0.0017164046446504523,0.0017164046446504523,2.9460449041776453e-06,0.15772715728594572,0.06716894073547608,2.348215641915583,0.15772715728594572,0.15275417984454806,2.348215641915583,2.2741787822160653,time_avg,0.16420260212156723,0.06716894073547608,30,0.9014107457501284,mild
13,peak_time,46.0,40.19,40.0,3.6256521531103254,38.0,43.0,33.95,46.0,5.0,12.049999999999997,0.0,1.0,-5.810000000000002,-6.0,6.0,36.0,0.17825516380948742,0.08061596621682687,2.211164514608031,0.17825516380948742,0.17244574848456617,2.211164514608031,2.139101676468796,time_avg,0.19105383158896616,0.08061596621682687,20,0.8883502477370373,mild
13,peak_height,0.2233978509902954,0.286319188028574,0.29403018951416016,0.058839153347774335,0.25258054584264755,0.32893403619527817,0.18675388023257256,0.3702012047171593,0.07635349035263062,0.18344732448458673,0.0,1.0,0.06292133703827857,0.07063233852386475,0.07063233852386475,0.004988927245349828,0.17825516380948742,0.08061596621682687,2.211164514608031,0.17825516380948742,0.17244574848456617,2.211164514608031,2.139101676468796,time_avg,0.19105383158896616,0.08061596621682687,20,0.8883502477370373,mild
13,cumulative_infected,5.023227296769619,6.965673279829789,7.183133783051744,1.5428184896216393,5.983170039948163,8.128941705566831,4.029126478062244,8.916360367205925,2.1457716656186676,4.8872338891436815,0.0,1.0,1.9424459830601704,2.159906486282125,2.159906486282125,4.665196029483596,0.17825516380948742,0.08061596621682687,2.211164514608031,0.17825516380948742,0.17244574848456617,2.211164514608031,2.139101676468796,time_avg,0.19105383158896616,0.08061596621682687,20,0.8883502477370373,mild
13,early_growth_slope,0.00271531402887333,0.0015060720715493001,0.0018242220643774737,0.0022799656642537957,-6.338294800419364e-05,0.0030838342006193533,-0.002181583128480094,0.004678402204133035,0.003147217148623547,0.006859985332613129,1.0,1.0,-0.0012092419573240297,-0.0008910919644958561,0.0008910919644958561,7.94044889189084e-07,0.17825516380948742,0.08061596621682687,2.211164514608031,0.17825516380948742,0.17244574848456617,2.211164514608031,2.139101676468796,time_avg,0.19105383158896616,0.08061596621682687,20,0.8883502477370373,mild
14,peak_time,14.0,12.98,13.0,1.0247443632931141,12.0,14.0,11.95,14.049999999999997,2.0,2.099999999999998,1.0,1.0,-1.0199999999999996,-1.0,1.0,1.0,0.6187037700467435,0.06533992855498873,9.468999794299672,0.6187037700467435,0.6182776492857378,9.468999794299672,9.462478196091203,time_avg,0.6232517652903978,0.06533992855498873,10,0.9908784950622338,mild
14,peak_height,0.6736878752708435,0.663669860959053,0.6650840938091278,0.020558326343391376,0.6470067054033279,0.6789680123329163,0.6281497597694397,0.6960224032402038,0.03196130692958832,0.06787264347076416,1.0,1.0,-0.010018014311790502,-0.008603781461715698,0.008603781461715698,7.402505544096272e-05,0.6187037700467435,0.06533992855498873,9.468999794299672,0.6187037700467435,0.6182776492857378,9.468999794299672,9.462478196091203,time_avg,0.6232517652903978,0.06533992855498873,10,0.9908784950622338,mild
14,cumulative_infected,14.10116601549089,14.054910318572365,14.128800931852311,0.6470914691155583,13.618648477364331,14.60460270056501,12.931187494471668,14.904689840367064,0.9859542232006788,1.9735023458953957,1.0,1.0,-0.04625569691852505,0.027634916361421347,0.027634916361421347,0.0007636886023027532,0.6187037700467435,0.06533992855498873,9.468999794299672,0.6187037700467435,0.6182776492857378,9.468999794299672,9.462478196091203,time_avg,0.6232517652903978,0.06533992855498873,10,0.9908784950622338,mild
14,early_growth_slope,0.04148381367503177,0.03753152572465144,0.03724057110680621,0.0050833923586518165,0.03410396697221412,0.04149110693348726,0.029225660246309064,0.04547967727606494,0.007387139961273138,0.016254017029755874,1.0,1.0,-0.003952287950380329,-0.004243242568225558,0.004243242568225558,1.800510749280143e-05,0.6187037700467435,0.06533992855498873,9.468999794299672,0.6187037700467435,0.6182776492857378,9.468999794299672,9.462478196091203,time_avg,0.6232517652903978,0.06533992855498873,10,0.9908784950622338,mild
15,peak_time,8.0,8.89,9.0,0.941683427043121,8.0,9.0,8.0,10.0,1.0,2.0,1.0,1.0,0.8900000000000006,1.0,1.0,1.0,0.8959378811230032,0.28836670675614245,3.1069393939455496,0.8959378811230032,0.9134477928266324,3.1069393939455496,3.167660383204675,time_avg,0.913956139374223,0.28836670675614245,26,0.9589279655705615,mild
15,peak_height,0.3471231758594513,0.32544986009597776,0.3250466138124466,0.020072628906928826,0.31030719727277756,0.3388172835111618,0.2949928313493729,0.3539026096463203,0.028510086238384247,0.058909778296947435,0.0,1.0,-0.021673315763473533,-0.0220765620470047,0.0220765620470047,0.00048737459181524834,0.8959378811230032,0.28836670675614245,3.1069393939455496,0.8959378811230032,0.9134477928266324,3.1069393939455496,3.167660383204675,time_avg,0.913956139374223,0.28836670675614245,26,0.9589279655705615,mild
15,cumulative_infected,3.4796445241663605,3.3729836565175537,3.3624794682691572,0.17559447786115734,3.2575415028986754,3.474963432207005,3.112919796013739,3.7119346855513866,0.2174219293083297,0.5990148895376475,0.0,1.0,-0.10666086764880678,-0.11716505589720327,0.11716505589720327,0.013727650323394769,0.8959378811230032,0.28836670675614245,3.1069393939455496,0.8959378811230032,0.9134477928266324,3.1069393939455496,3.167660383204675,time_avg,0.913956139374223,0.28836670675614245,26,0.9589279655705615,mild
15,early_growth_slope,0.041824241179884175,0.037045111600371966,0.03759802422462684,0.0045707981176867545,0.034118918491350035,0.040319676983580424,0.030110764242930424,0.044308181443539915,0.006200758492230389,0.014197417200609491,0.0,1.0,-0.004779129579512209,-0.004226216955257336,0.004226216955257336,1.786090975290459e-05,0.8959378811230032,0.28836670675614245,3.1069393939455496,0.8959378811230032,0.9134477928266324,3.1069393939455496,3.167660383204675,time_avg,0.913956139374223,0.28836670675614245,26,0.9589279655705615,mild
16,peak_time,8.0,9.14,9.0,0.7916228058025278,9.0,10.0,8.0,10.0,1.0,2.0,0.0,1.0,1.1400000000000006,1.0,1.0,1.0,0.8466389122311088,0.2314239913615988,3.6583886884408616,0.8466389122311088,0.8850570842995841,3.6583886884408616,3.824396421011886,time_avg,0.88644438272607,0.2314239913615988,28,0.8979439881840898,mild
16,peak_height,0.43284666538238525,0.3857830706238747,0.38384072482585907,0.02052548655742866,0.3722608685493469,0.3986354097723961,0.3570817083120346,0.4235209941864014,0.026374541223049164,0.06643928587436676,0.0,0.0,-0.047063594758510574,-0.049005940556526184,0.049005940556526184,0.002401582209829778,0.8466389122311088,0.2314239913615988,3.6583886884408616,0.8466389122311088,0.8850570842995841,3.6583886884408616,3.824396421011886,time_avg,0.88644438272607,0.2314239913615988,28,0.8979439881840898,mild
16,cumulative_infected,4.473816634781542,4.320582691955106,4.346919177485688,0.22523902097451257,4.133203686990782,4.496602367667947,3.980474959022831,4.664038904651534,0.3633986806771645,0.6835639456287028,1.0,1.0,-0.15323394282643665,-0.1268974572958541,0.1268974572958541,0.016102964668153117,0.8466389122311088,0.2314239913615988,3.6583886884408616,0.8466389122311088,0.8850570842995841,3.6583886884408616,3.824396421011886,time_avg,0.88644438272607,0.2314239913615988,28,0.8979439881840898,mild
16,early_growth_slope,0.04607786337978072,0.043594407980696505,0.04387970596906684,0.005211185908262359,0.0409322536486018,0.04721610900430407,0.033207446696802166,0.050617452894636816,0.006283855355702271,0.01741000619783465,1.0,1.0,-0.0024834553990842126,-0.0021981574107138788,0.0021981574107138788,4.831896002276344e-06,0.8466389122311088,0.2314239913615988,3.6583886884408616,0.8466389122311088,0.8850570842995841,3.6583886884408616,3.824396421011886,time_avg,0.88644438272607,0.2314239913615988,28,0.8979439881840898,mild
17,peak_time,11.0,9.66,10.0,0.8435135751813077,9.0,10.0,9.0,11.0,1.0,2.0,0.0,1.0,-1.3399999999999999,-1.0,1.0,1.0,0.7756174233166869,0.07263987527929502,10.6775709668346,0.7756174233166869,0.8029779534177891,10.6775709668346,11.054230893574603,time_avg,0.838220185145072,0.07263987527929502,21,0.871232167670651,mild
17,peak_height,0.7040202617645264,0.7106873178482056,0.7104105949401855,0.020666663610222815,0.6991550624370575,0.7219551503658295,0.679574829339981,0.7455254554748535,0.022800087928771973,0.06595062613487246,1.0,1.0,0.006667056083679235,0.00639033317565918,0.00639033317565918,4.0836358095930336e-05,0.7756174233166869,0.07263987527929502,10.6775709668346,0.7756174233166869,0.8029779534177891,10.6775709668346,11.054230893574603,time_avg,0.838220185145072,0.07263987527929502,21,0.871232167670651,mild
17,cumulative_infected,12.99222876461863,13.356497602554482,13.431943779811263,0.681632113364229,12.93091349909082,13.830210711341351,12.087480282969773,14.416211190260947,0.8992972122505307,2.328730907291174,1.0,1.0,0.3642688379358514,0.43971501519263256,0.43971501519263256,0.1933492945858571,0.7756174233166869,0.07263987527929502,10.6775709668346,0.7756174233166869,0.8029779534177891,10.6775709668346,11.054230893574603,time_avg,0.838220185145072,0.07263987527929502,21,0.871232167670651,mild
17,early_growth_slope,0.08821733017109742,0.07997428304499275,0.08104242650525909,0.008586497765036385,0.07426926184312571,0.08604131277007537,0.06644584133007031,0.09228274157503619,0.011772050926949662,0.025836900244965877,0.0,1.0,-0.008243047126104672,-0.007174903665838339,0.007174903665838339,5.147924261406044e-05,0.7756174233166869,0.07263987527929502,10.6775709668346,0.7756174233166869,0.8029779534177891,10.6775709668346,11.054230893574603,time_avg,0.838220185145072,0.07263987527929502,21,0.871232167670651,mild
18,peak_time,45.0,32.92,33.0,9.986536391107233,29.0,40.0,7.95,46.05,11.0,38.099999999999994,0.0,1.0,-12.079999999999998,-12.0,12.0,144.0,0.2007596860986542,0.1360175458577101,1.475983740426193,0.2007596860986542,0.197465821326913,1.475983740426193,1.451767270771705,time_avg,0.2126578314981165,0.1360175458577101,17,0.9152277021613098,mild
18,peak_height,0.089312344789505,0.1252365317568183,0.11623604968190193,0.04976752197249187,0.08786527253687382,0.16102802380919456,0.05293058734387159,0.22189345881342887,0.07316275127232075,0.16896287146955727,1.0,1.0,0.03592418696731328,0.026923704892396927,0.026923704892396927,0.0007248858851328782,0.2007596860986542,0.1360175458577101,1.475983740426193,0.2007596860986542,0.197465821326913,1.475983740426193,1.451767270771705,time_avg,0.2126578314981165,0.1360175458577101,17,0.9152277021613098,mild
18,cumulative_infected,2.070348040666431,2.796735231334751,2.7228159324731678,1.3514578221265916,1.7000863583671162,3.8318800608394668,0.8267447680060286,5.120708774788364,2.1317937024723506,4.2939640067823355,1.0,1.0,0.7263871906683197,0.6524678918067366,0.6524678918067366,0.4257143498387273,0.2007596860986542,0.1360175458577101,1.475983740426193,0.2007596860986542,0.197465821326913,1.475983740426193,1.451767270771705,time_avg,0.2126578314981165,0.1360175458577101,17,0.9152277021613098,mild
18,early_growth_slope,-0.0026633578762855553,0.0008884935862475431,0.0011680211325819114,0.0026303477627375527,-0.0010334682634233355,0.0024507440220553514,-0.0029854504262662625,0.004661841807579284,0.003484212285478687,0.007647292233845546,0.0,1.0,0.0035518514625330986,0.003831379008867467,0.003831379008867467,1.4679465109590253e-05,0.2007596860986542,0.1360175458577101,1.475983740426193,0.2007596860986542,0.197465821326913,1.475983740426193,1.451767270771705,time_avg,0.2126578314981165,0.1360175458577101,17,0.9152277021613098,mild
19,peak_time,15.0,20.76,20.0,10.7083654639301,12.0,28.0,4.95,39.14999999999999,16.0,34.19999999999999,1.0,1.0,5.760000000000002,5.0,5.0,25.0,0.33421283540441676,0.2659369063978252,1.256737321387258,0.33421283540441676,0.3337319436039615,1.256737321387258,1.2549290285595756,time_avg,0.3622948668353909,0.2659369063978252,24,0.8509393548140884,mild
19,peak_height,0.08027580380439758,0.07446501147001981,0.071599330753088,0.02028815172759843,0.05725132953375578,0.08393362909555435,0.049657325632870196,0.11415607333183289,0.026682299561798573,0.06449874769896269,1.0,1.0,-0.005810792334377771,-0.008676473051309586,0.008676473051309586,7.528118461010147e-05,0.33421283540441676,0.2659369063978252,1.256737321387258,0.33421283540441676,0.3337319436039615,1.256737321387258,1.2549290285595756,time_avg,0.3622948668353909,0.2659369063978252,24,0.8509393548140884,mild
19,cumulative_infected,1.4442098988220096,1.245280532887973,1.202588006151018,0.5027974587504017,0.8617616128613008,1.4805677441763692,0.601361878606258,2.063720424310304,0.6188061313150683,1.4623585457040458,1.0,1.0,-0.19892936593403654,-0.24162189267099166,0.24162189267099166,0.05838113901791221,0.33421283540441676,0.2659369063978252,1.256737321387258,0.33421283540441676,0.3337319436039615,1.256737321387258,1.2549290285595756,time_avg,0.3622948668353909,0.2659369063978252,24,0.8509393548140884,mild
19,early_growth_slope,0.0028226766569007717,0.0009827756834991828,0.0011628038286116426,0.002510130399062702,-0.0008353291534495789,0.0027878163430917384,-0.003407521696395372,0.004705375393123608,0.003623145496541317,0.00811289708951898,0.0,1.0,-0.001839900973401589,-0.001659872828289129,0.001659872828289129,2.7551778060925524e-06,0.33421283540441676,0.2659369063978252,1.256737321387258,0.33421283540441676,0.3337319436039615,1.256737321387258,1.2549290285595756,time_avg,0.3622948668353909,0.2659369063978252,24,0.8509393548140884,mild
20,peak_time,13.0,12.56,12.0,2.6942512687182494,10.75,14.0,9.0,17.049999999999997,3.25,8.049999999999997,1.0,1.0,-0.4399999999999995,-1.0,1.0,1.0,0.7391224117298367,0.45798545239509403,1.6138556538521054,0.7391224117298367,0.7440739218042945,1.6138556538521054,1.6246671546291787,time_avg,0.757582245654678,0.45798545239509403,13,0.96707192959822,mild
20,peak_height,0.1366305947303772,0.12200266078114509,0.1216961033642292,0.015436247475615408,0.11210357584059238,0.13177483528852463,0.0959988258779049,0.1485470026731491,0.019671259447932243,0.052548176795244206,0.0,1.0,-0.014627933949232105,-0.014934491366147995,0.014934491366147995,0.000223039032365549,0.7391224117298367,0.45798545239509403,1.6138556538521054,0.7391224117298367,0.7440739218042945,1.6138556538521054,1.6246671546291787,time_avg,0.757582245654678,0.45798545239509403,13,0.96707192959822,mild
20,cumulative_infected,1.7812966365017928,1.6649645643328403,1.6520290414518968,0.1426429139305667,1.5869935223818175,1.7613533163821558,1.4639181350008585,1.9009113838212215,0.1743597940003383,0.43699324882036295,0.0,1.0,-0.11633207216895247,-0.12926759504989604,0.12926759504989604,0.01671011112998391,0.7391224117298367,0.45798545239509403,1.6138556538521054,0.7391224117298367,0.7440739218042945,1.6138556538521054,1.6246671546291787,time_avg,0.757582245654678,0.45798545239509403,13,0.96707192959822,mild
20,early_growth_slope,0.003959594150295568,0.006879728404871587,0.007240053967550573,0.0030224407134055637,0.005294895614497363,0.008655976636094107,0.0017449903967125084,0.011555299627140076,0.0033610810215967445,0.009810309230427567,0.0,1.0,0.0029201342545760187,0.0032804598172550053,0.0032804598172550053,1.0761416612624743e-05,0.7391224117298367,0.45798545239509403,1.6138556538521054,0.7391224117298367,0.7440739218042945,1.6138556538521054,1.6246671546291787,time_avg,0.757582245654678,0.45798545239509403,13,0.96707192959822,mild
21,peak_time,23.0,20.04,20.0,8.966739889303373,13.75,25.0,5.9,37.05,11.25,31.15,1.0,1.0,-2.960000000000001,-3.0,3.0,9.0,0.5385420517518286,0.40622173373448467,1.3257342161407626,0.5385420517518286,0.5421452353554914,1.3257342161407626,1.3346042083259122,time_avg,0.5551993028177133,0.40622173373448467,20,0.9499961816073769,mild
21,peak_height,0.08903161436319351,0.07089057501405477,0.06841101869940758,0.017893666100436873,0.05928607750684023,0.07979562692344189,0.04697189051657915,0.10020616911351679,0.020509549416601658,0.05323427859693764,0.0,1.0,-0.018141039349138743,-0.020620595663785934,0.020620595663785934,0.0004252089655293473,0.5385420517518286,0.40622173373448467,1.3257342161407626,0.5385420517518286,0.5421452353554914,1.3257342161407626,1.3346042083259122,time_avg,0.5551993028177133,0.40622173373448467,20,0.9499961816073769,mild
21,cumulative_infected,1.3816522560082376,1.155266924422931,1.058406962780282,0.4121214037603244,0.921834003776894,1.3262439541285858,0.6640151777100982,1.8164428250631317,0.4044099503516918,1.1524276473530335,0.0,1.0,-0.2263853315853066,-0.3232452932279557,0.3232452932279557,0.10448751959402706,0.5385420517518286,0.40622173373448467,1.3257342161407626,0.5385420517518286,0.5421452353554914,1.3257342161407626,1.3346042083259122,time_avg,0.5551993028177133,0.40622173373448467,20,0.9499961816073769,mild
21,early_growth_slope,-0.0008152542591449743,0.0007958244696488868,0.0007251436344674967,0.002560212830588131,-0.0011264218898889204,0.002796928471070714,-0.003255171951778242,0.00476958333872192,0.0039233503609596345,0.008024755290500162,1.0,1.0,0.0016110787287938611,0.0015403978936124711,0.0015403978936124711,2.372825670645738e-06,0.5385420517518286,0.40622173373448467,1.3257342161407626,0.5385420517518286,0.5421452353554914,1.3257342161407626,1.3346042083259122,time_avg,0.5551993028177133,0.40622173373448467,20,0.9499961816073769,mild
22,peak_time,5.0,19.62,19.0,15.513291791951255,4.0,31.0,0.0,45.05,27.0,45.05,1.0,1.0,14.620000000000001,14.0,14.0,196.0,0.1398249112472622,0.48611407769724624,0.2876380620565893,0.1398249112472622,0.15419300207983327,0.2876380620565893,0.31719509710612676,time_avg,0.15483385448112277,0.48611407769724624,10,0.8788302525620258,mild
22,peak_height,0.04550870880484581,0.05046026730909944,0.04970654100179672,0.009765922689051555,0.04355558846145868,0.05487804301083088,0.03825558852404356,0.0677855584770441,0.011322454549372196,0.029529969953000536,1.0,1.0,0.004951558504253627,0.0041978321969509125,0.0041978321969509125,1.7621795153757724e-05,0.1398249112472622,0.48611407769724624,0.2876380620565893,0.1398249112472622,0.15419300207983327,0.2876380620565893,0.31719509710612676,time_avg,0.15483385448112277,0.48611407769724624,10,0.8788302525620258,mild
22,cumulative_infected,0.3566818044055253,0.5160395620737449,0.4772751288910513,0.16334925973523387,0.41523211724415887,0.5816729198340909,0.3552790060057305,0.7815779631142502,0.166440802589932,0.4262989571085197,0.0,1.0,0.15935775766821958,0.12059332448552595,0.12059332448552595,0.014542749910471353,0.1398249112472622,0.48611407769724624,0.2876380620565893,0.1398249112472622,0.15419300207983327,0.2876380620565893,0.31719509710612676,time_avg,0.15483385448112277,0.48611407769724624,10,0.8788302525620258,mild
22,early_growth_slope,-0.001959796085776316,-0.0005713116797345537,-0.0004249040371394672,0.002360169047741798,-0.0021322486988667923,0.0009573924710691382,-0.0045006176201804,0.0031714029672522347,0.0030896411699359305,0.007672020587432635,1.0,1.0,0.0013884844060417622,0.0015348920486368488,0.0015348920486368488,2.3558936009686227e-06,0.1398249112472622,0.48611407769724624,0.2876380620565893,0.1398249112472622,0.15419300207983327,0.2876380620565893,0.31719509710612676,time_avg,0.15483385448112277,0.48611407769724624,10,0.8788302525620258,mild
23,peak_time,21.0,17.11,17.0,5.28174863912215,14.0,19.0,10.0,24.0,5.0,14.0,0.0,1.0,-3.8900000000000006,-4.0,4.0,16.0,0.5642611413057699,0.3939358620723191,1.4323680467613336,0.5642611413057699,0.5645398955658008,1.4323680467613336,1.4330756600732177,time_avg,0.5905764858336026,0.3939358620723191,12,0.9413700779548957,mild
23,peak_height,0.10452050715684891,0.08621394265443087,0.08359105512499809,0.015183264542230535,0.07608608901500702,0.09479707665741444,0.06542559266090393,0.11115042977035045,0.018710987642407417,0.04572483710944651,0.0,1.0,-0.018306564502418035,-0.020929452031850815,0.020929452031850815,0.0004380419623535442,0.5642611413057699,0.3939358620723191,1.4323680467613336,0.5642611413057699,0.5645398955658008,1.4323680467613336,1.4330756600732177,time_avg,0.5905764858336026,0.3939358620723191,12,0.9413700779548957,mild
23,cumulative_infected,1.395243002451025,1.3930361080144462,1.381569910387043,0.26414609829941676,1.2347757191600977,1.5300523554324172,1.0009967309320928,1.89045752616621,0.2952766362723196,0.8894607952341171,1.0,1.0,-0.0022068944365787324,-0.01367309206398204,0.01367309206398204,0.00018695344659012863,0.5642611413057699,0.3939358620723191,1.4323680467613336,0.5642611413057699,0.5645398955658008,1.4323680467613336,1.4330756600732177,time_avg,0.5905764858336026,0.3939358620723191,12,0.9413700779548957,mild
23,early_growth_slope,0.0029419223179242434,0.002019966862750759,0.002306870053178586,0.0029089073306237598,0.0003244489073819892,0.004172919719643513,-0.0022339542130274414,0.006110336036016674,0.0038484708122615238,0.008344290249044116,1.0,1.0,-0.0009219554551734843,-0.0006350522647456574,0.0006350522647456574,4.032913789585885e-07,0.5642611413057699,0.3939358620723191,1.4323680467613336,0.5642611413057699,0.5645398955658008,1.4323680467613336,1.4330756600732177,time_avg,0.5905764858336026,0.3939358620723191,12,0.9413700779548957,mild
24,peak_time,37.0,23.6,24.5,15.418079378352274,9.5,35.5,0.0,47.0,26.0,47.0,0.0,1.0,-13.399999999999999,-12.5,12.5,156.25,0.3321277235841555,0.43935215307256603,0.7559487788131979,0.3321277235841555,0.3558228161869039,0.7559487788131979,0.8098806702061025,time_avg,0.3625024604645344,0.43935215307256603,18,0.8690752986482544,mild
24,peak_height,0.042204540222883224,0.05006821323186159,0.04846598021686077,0.01204483673905587,0.0423083808273077,0.05608956981450319,0.03494994845241308,0.07540350034832954,0.013781188987195492,0.04045355189591646,0.0,1.0,0.007863673008978368,0.006261439993977547,0.006261439993977547,3.920563079818154e-05,0.3321277235841555,0.43935215307256603,0.7559487788131979,0.3321277235841555,0.3558228161869039,0.7559487788131979,0.8098806702061025,time_avg,0.3625024604645344,0.43935215307256603,18,0.8690752986482544,mild
24,cumulative_infected,0.43458188517251983,0.5336604564578147,0.4580939283478074,0.2426588134526709,0.3786547414638335,0.6046670963842189,0.3132506736321375,1.0670753455604427,0.2260123549203854,0.7538246719283053,1.0,1.0,0.09907857128529485,0.023512043175287545,0.023512043175287545,0.0005528161742765856,0.3321277235841555,0.43935215307256603,0.7559487788131979,0.3321277235841555,0.3558228161869039,0.7559487788131979,0.8098806702061025,time_avg,0.3625024604645344,0.43935215307256603,18,0.8690752986482544,mild
24,early_growth_slope,-0.00256946451762425,-0.00041594996289902645,-0.00038469658881825025,0.002296722901947185,-0.0019994329044753334,0.0008659039962194152,-0.004435662644183527,0.0036007141461162793,0.0028653369006947484,0.008036376790299806,0.0,1.0,0.0021535145547252237,0.0021847679288059998,0.0021847679288059998,4.7732109027392584e-06,0.3321277235841555,0.43935215307256603,0.7559487788131979,0.3321277235841555,0.3558228161869039,0.7559487788131979,0.8098806702061025,time_avg,0.3625024604645344,0.43935215307256603,18,0.8690752986482544,mild
25,peak_time,33.0,30.09,32.0,11.765464785386152,24.0,39.0,7.0,47.05,15.0,40.05,1.0,1.0,-2.91,-1.0,1.0,1.0,0.253240097553416,0.18232823694296957,1.3889241831073424,0.253240097553416,0.25256822570294174,1.3889241831073424,1.3852392253534627,time_avg,0.2557471766255679,0.18232823694296957,18,0.9846828766521531,mild
25,peak_height,0.07513368874788284,0.09229320816695691,0.07802647352218628,0.04647876982629409,0.05755387991666794,0.11399469897150993,0.04163814093917608,0.19221889227628708,0.056440819054841995,0.150580751337111,1.0,1.0,0.017159519419074065,0.0028927847743034363,0.0028927847743034363,8.368203750441783e-06,0.253240097553416,0.18232823694296957,1.3889241831073424,0.253240097553416,0.25256822570294174,1.3889241831073424,1.3852392253534627,time_avg,0.2557471766255679,0.18232823694296957,18,0.9846828766521531,mild
25,cumulative_infected,1.4739698567427695,1.7948213567911444,1.4135130340291653,1.27702059282288,0.7401461802091944,2.455318280030042,0.43428226862524755,4.059006823878734,1.7151720998208475,3.624724555253487,1.0,1.0,0.3208515000483749,-0.0604568227136042,0.0604568227136042,0.0036550274126241683,0.253240097553416,0.18232823694296957,1.3889241831073424,0.253240097553416,0.25256822570294174,1.3889241831073424,1.3852392253534627,time_avg,0.2557471766255679,0.18232823694296957,18,0.9846828766521531,mild
25,early_growth_slope,-0.0014338654409151604,0.0006335563529076659,0.000623207551793062,0.002382176657298802,-0.0005741502046432619,0.0018132127588614817,-0.003194612401559768,0.004519362095189057,0.0023873629635047435,0.0077139744967488245,0.0,1.0,0.0020674217938228263,0.002057072992708222,0.002057072992708222,4.2315492973295615e-06,0.253240097553416,0.18232823694296957,1.3889241831073424,0.253240097553416,0.25256822570294174,1.3889241831073424,1.3852392253534627,time_avg,0.2557471766255679,0.18232823694296957,18,0.9846828766521531,mild
26,peak_time,9.0,10.17,10.0,0.7661394761854379,10.0,11.0,9.0,11.0,1.0,2.0,0.0,1.0,1.17,1.0,1.0,1.0,0.6921895162860183,0.16956722212813363,4.082095039352385,0.6921895162860183,0.7322550639805685,4.082095039352385,4.318376245069576,time_avg,0.7600553030865141,0.16956722212813363,17,0.8647112265645006,mild
26,peak_height,0.445259153842926,0.4596704486012459,0.457300066947937,0.02062781052977525,0.4453394412994385,0.47542572021484375,0.4287775859236717,0.49686497896909715,0.030086278915405273,0.06808739304542544,0.0,1.0,0.01441129475831987,0.012040913105010986,0.012040913105010986,0.0001449835884024253,0.6921895162860183,0.16956722212813363,4.082095039352385,0.6921895162860183,0.7322550639805685,4.082095039352385,4.318376245069576,time_avg,0.7600553030865141,0.16956722212813363,17,0.8647112265645006,mild
26,cumulative_infected,6.082566166762263,6.033146342555082,6.043598824056971,0.26022875993988964,5.8348567851644475,6.230309962847969,5.633467481075786,6.444313676774618,0.39545317768352106,0.810846195698832,1.0,1.0,-0.04941982420718016,-0.03896734270529123,0.03896734270529123,0.0015184537975116137,0.6921895162860183,0.16956722212813363,4.082095039352385,0.6921895162860183,0.7322550639805685,4.082095039352385,4.318376245069576,time_avg,0.7600553030865141,0.16956722212813363,17,0.8647112265645006,mild
26,early_growth_slope,0.04565554979212936,0.04171932368272834,0.041895331221721344,0.004581767091324329,0.03841644167966607,0.04516405919622185,0.03468127216522892,0.048387729938639525,0.006747617516555782,0.013706457773410605,0.0,1.0,-0.003936226109401017,-0.003760218570408015,0.003760218570408015,1.4139243697241297e-05,0.6921895162860183,0.16956722212813363,4.082095039352385,0.6921895162860183,0.7322550639805685,4.082095039352385,4.318376245069576,time_avg,0.7600553030865141,0.16956722212813363,17,0.8647112265645006,mild
27,peak_time,16.0,20.98,18.5,15.532292851093208,7.0,36.0,1.0,48.0,29.0,47.0,1.0,1.0,4.98,2.5,2.5,6.25,0.17360121878234255,0.2614899540680059,0.663892497901445,0.17360121878234255,0.17509441273149146,0.663892497901445,0.6696028279769192,time_avg,0.1759978696072186,0.2614899540680059,14,0.981086806853711,mild
27,peak_height,0.04557407647371292,0.05155626954510808,0.04883465729653835,0.013243129033461115,0.041817059740424156,0.05800946243107319,0.036563530564308167,0.0781180914491415,0.016192402690649033,0.041554560884833336,1.0,1.0,0.005982193071395157,0.003260580822825432,0.003260580822825432,1.063138730217697e-05,0.17360121878234255,0.2614899540680059,0.663892497901445,0.17360121878234255,0.17509441273149146,0.663892497901445,0.6696028279769192,time_avg,0.1759978696072186,0.2614899540680059,14,0.981086806853711,mild
27,cumulative_infected,0.3946814661612734,0.5591039881405686,0.47670215656398796,0.2881583612981503,0.399550556729082,0.5749653296770703,0.3162870090745855,1.1575484048284124,0.17541477294798824,0.8412613957538269,0.0,1.0,0.1644225219792952,0.08202069040271454,0.08202069040271454,0.006727393654137949,0.17360121878234255,0.2614899540680059,0.663892497901445,0.17360121878234255,0.17509441273149146,0.663892497901445,0.6696028279769192,time_avg,0.1759978696072186,0.2614899540680059,14,0.981086806853711,mild
27,early_growth_slope,-0.0015500555302770341,0.00012181784789325901,-6.65091779193879e-05,0.002533235160950934,-0.0016937602395912426,0.001667074394866913,-0.003333733124899089,0.004277730720960313,0.0033608346344581553,0.007611463845859402,1.0,1.0,0.0016718733781702932,0.0014835463523576462,0.0014835463523576462,2.2009097795936773e-06,0.17360121878234255,0.2614899540680059,0.663892497901445,0.17360121878234255,0.17509441273149146,0.663892497901445,0.6696028279769192,time_avg,0.1759978696072186,0.2614899540680059,14,0.981086806853711,mild
28,peak_time,13.0,12.56,12.5,0.9462312272132724,12.0,13.0,11.0,14.0,1.0,3.0,1.0,1.0,-0.4399999999999995,-0.5,0.5,0.25,0.5911996224676925,0.15659492402428188,3.775343461171322,0.5911996224676925,0.620776143864979,3.775343461171322,3.964216258815135,time_avg,0.6463488980904517,0.15659492402428188,19,0.8623801404850704,mild
28,peak_height,0.42866942286491394,0.4123308312892914,0.40996579825878143,0.019072983763361955,0.4011106565594673,0.42472314089536667,0.3811324268579483,0.44003039598464966,0.023612484335899353,0.058897969126701366,0.0,1.0,-0.016338591575622563,-0.018703624606132507,0.018703624606132507,0.0003498255734071254,0.5911996224676925,0.15659492402428188,3.775343461171322,0.5911996224676925,0.620776143864979,3.775343461171322,3.964216258815135,time_avg,0.6463488980904517,0.15659492402428188,19,0.8623801404850704,mild
28,cumulative_infected,6.240406991913915,6.1937720684159645,6.191773216065485,0.2674023252796309,6.033239380340092,6.34609657569672,5.760505994572304,6.594540071848314,0.3128571953566279,0.8340340772760104,1.0,1.0,-0.046634923497950176,-0.04863377584842965,0.04863377584842965,0.002365244153275299,0.5911996224676925,0.15659492402428188,3.775343461171322,0.5911996224676925,0.620776143864979,3.775343461171322,3.964216258815135,time_avg,0.6463488980904517,0.15659492402428188,19,0.8623801404850704,mild
28,early_growth_slope,0.024460890407984447,0.023023423446833297,0.022960735540393556,0.003347542683180266,0.021220490766046117,0.025541817546278853,0.016902331907407468,0.027575306889290607,0.004321326780232736,0.010672974981883139,1.0,1.0,-0.00143746696115115,-0.0015001548675908916,0.0015001548675908916,2.2504646267566453e-06,0.5911996224676925,0.15659492402428188,3.775343461171322,0.5911996224676925,0.620776143864979,3.775343461171322,3.964216258815135,time_avg,0.6463488980904517,0.15659492402428188,19,0.8623801404850704,mild
29,peak_time,21.0,20.42,21.0,5.284205548881334,17.0,24.0,11.95,28.0,7.0,16.05,1.0,1.0,-0.5799999999999983,0.0,0.0,0.0,0.4290553981076475,0.3020418139717494,1.4205165585046378,0.4290553981076475,0.4318341700542707,1.4205165585046378,1.4297165163187011,time_avg,0.44632839082860243,0.3020418139717494,25,0.9225996236139593,mild
29,peak_height,0.09889023751020432,0.09297379605472088,0.09081728383898735,0.01829601063761377,0.08061679266393185,0.10271230153739452,0.0690846223384142,0.12522610500454903,0.022095508873462677,0.056141482666134834,1.0,1.0,-0.005916441455483437,-0.008072953671216965,0.008072953671216965,6.517258097761547e-05,0.4290553981076475,0.3020418139717494,1.4205165585046378,0.4290553981076475,0.4318341700542707,1.4205165585046378,1.4297165163187011,time_avg,0.44632839082860243,0.3020418139717494,25,0.9225996236139593,mild
29,cumulative_infected,1.7485246460710187,1.7173779091935648,1.7176473947711202,0.336366659847444,1.5354089728207327,1.929107861360535,1.1561665075598284,2.288750985020306,0.3936988885398023,1.1325844774604776,1.0,1.0,-0.03114673687745384,-0.03087725129989849,0.03087725129989849,0.000953404647837083,0.4290553981076475,0.3020418139717494,1.4205165585046378,0.4290553981076475,0.4318341700542707,1.4205165585046378,1.4297165163187011,time_avg,0.44632839082860243,0.3020418139717494,25,0.9225996236139593,mild
29,early_growth_slope,0.0009844031273609115,0.0015704521902643181,0.0014084295232480927,0.0028862071185003567,-0.00029778504367208164,0.003808805568648191,-0.002798580776323515,0.0059515500367741045,0.004106590612320273,0.008750130813097619,1.0,1.0,0.0005860490629034066,0.0004240263958871812,0.0004240263958871812,1.7979838440907252e-07,0.4290553981076475,0.3020418139717494,1.4205165585046378,0.4290553981076475,0.4318341700542707,1.4205165585046378,1.4297165163187011,time_avg,0.44632839082860243,0.3020418139717494,25,0.9225996236139593,mild
30,peak_time,13.0,15.23,15.0,1.15343141989632,14.0,16.0,14.0,17.0,2.0,3.0,0.0,0.0,2.2300000000000004,2.0,2.0,4.0,0.4855829791959391,0.14165506411305312,3.427925307410129,0.4855829791959391,0.4988228374828795,3.427925307410129,3.5213907854700857,time_avg,0.529274578510692,0.14165506411305312,19,0.8668548909458264,mild
30,peak_height,0.39137011766433716,0.38691436260938644,0.3871524930000305,0.019184718443410267,0.37314511090517044,0.3984474241733551,0.35898439437150953,0.4134500458836555,0.025302313268184662,0.054465651512145996,1.0,1.0,-0.004455755054950716,-0.004217624664306641,0.004217624664306641,1.7788357808967703e-05,0.4855829791959391,0.14165506411305312,3.427925307410129,0.4855829791959391,0.4988228374828795,3.427925307410129,3.5213907854700857,time_avg,0.529274578510692,0.14165506411305312,19,0.8668548909458264,mild
30,cumulative_infected,6.6665588999167085,6.691281329582998,6.704981497954577,0.3088138023312102,6.534861208492657,6.891493410919793,6.22618114327779,7.111957025143783,0.3566322024271358,0.8857758818659933,1.0,1.0,0.02472242966628979,0.03842259803786874,0.03842259803786874,0.0014762960399796346,0.4855829791959391,0.14165506411305312,3.427925307410129,0.4855829791959391,0.4988228374828795,3.427925307410129,3.5213907854700857,time_avg,0.529274578510692,0.14165506411305312,19,0.8668548909458264,mild
30,early_growth_slope,0.017859282337927388,0.013973220951321266,0.01407045520387501,0.0033012453479689357,0.011918038703567745,0.016142795255291272,0.009118416892098528,0.01943440363365447,0.004224756551723528,0.01031598674155594,0.0,1.0,-0.003886061386606122,-0.0037888271340523784,0.0037888271340523784,1.435521105173156e-05,0.4855829791959391,0.14165506411305312,3.427925307410129,0.4855829791959391,0.4988228374828795,3.427925307410129,3.5213907854700857,time_avg,0.529274578510692,0.14165506411305312,19,0.8668548909458264,mild
31,peak_time,47.0,45.21,46.0,5.176276498008813,44.0,48.0,40.0,49.0,4.0,9.0,1.0,1.0,-1.7899999999999991,-1.0,1.0,1.0,0.16433070301681416,0.08760267421837212,1.8758640016762247,0.16433070301681416,0.1608540881052204,1.8758640016762247,1.836177828364581,time_avg,0.1706424923034168,0.08760267421837212,25,0.9260232407367821,mild
31,peak_height,0.18901638686656952,0.25238411225378515,0.26407231390476227,0.05702908861887633,0.22729503363370895,0.2907664626836777,0.14953069612383843,0.3189546480774879,0.06347142904996872,0.16942395195364948,0.0,1.0,0.06336772538721563,0.07505592703819275,0.07505592703819275,0.005633392183562513,0.16433070301681416,0.08760267421837212,1.8758640016762247,0.16433070301681416,0.1608540881052204,1.8758640016762247,1.836177828364581,time_avg,0.1706424923034168,0.08760267421837212,25,0.9260232407367821,mild
31,cumulative_infected,3.1103784404695034,5.060501808313581,5.228917744534556,1.2553134676138267,4.366295064799488,6.023281127912924,2.888029506849125,6.651358888100367,1.656986063113436,3.763329381251242,0.0,1.0,1.9501233678440775,2.1185393040650524,2.1185393040650524,4.488208782868437,0.16433070301681416,0.08760267421837212,1.8758640016762247,0.16433070301681416,0.1608540881052204,1.8758640016762247,1.836177828364581,time_avg,0.1706424923034168,0.08760267421837212,25,0.9260232407367821,mild
31,early_growth_slope,0.002060965235744204,0.0008591890835851808,0.0009381658148543339,0.002366059429443668,-0.0008693005968650257,0.0022664767124557068,-0.0024191095409194156,0.004836369889450169,0.0031357773093207324,0.007255479430369584,1.0,1.0,-0.0012017761521590235,-0.0011227994208898703,0.0011227994208898703,1.2606785395506282e-06,0.16433070301681416,0.08760267421837212,1.8758640016762247,0.16433070301681416,0.1608540881052204,1.8758640016762247,1.836177828364581,time_avg,0.1706424923034168,0.08760267421837212,25,0.9260232407367821,mild
32,peak_time,20.0,20.72,21.0,2.265596895506633,19.0,22.0,17.0,24.049999999999997,3.0,7.049999999999997,1.0,1.0,0.7199999999999989,1.0,1.0,1.0,0.40437898387309085,0.20421300689590982,1.980182310714461,0.40437898387309085,0.4011991189353534,1.980182310714461,1.9646109963007896,time_avg,0.4246484831124244,0.20421300689590982,11,0.9388045912801595,mild
32,peak_height,0.169985830783844,0.17464281037449836,0.1733260080218315,0.017249651814542393,0.16250574216246605,0.18332170322537422,0.14917456060647966,0.20625542998313903,0.020815961062908173,0.05708086937665938,1.0,1.0,0.004656979590654364,0.0033401772379875183,0.0033401772379875183,1.1156783981169927e-05,0.40437898387309085,0.20421300689590982,1.980182310714461,0.40437898387309085,0.4011991189353534,1.980182310714461,1.9646109963007896,time_avg,0.4246484831124244,0.20421300689590982,11,0.9388045912801595,mild
32,cumulative_infected,3.6301013324409723,3.511634253967104,3.513527016795706,0.2075905707878875,3.3670307616121136,3.6484794004354626,3.2110256092331837,3.875511722319061,0.28144863882334903,0.6644861130858772,1.0,1.0,-0.11846707847386817,-0.11657431564526632,0.11657431564526632,0.013589571068162184,0.40437898387309085,0.20421300689590982,1.980182310714461,0.40437898387309085,0.4011991189353534,1.980182310714461,1.9646109963007896,time_avg,0.4246484831124244,0.20421300689590982,11,0.9388045912801595,mild
32,early_growth_slope,0.006208638799199389,0.003271725688812564,0.0030086481544588295,0.0027381403616903487,0.0012625066142174463,0.005195439176185616,-0.0004909532024092685,0.008299436960563372,0.00393293256196817,0.008790390162972641,0.0,1.0,-0.002936913110386825,-0.0031999906447405593,0.0031999906447405593,1.02399401264271e-05,0.40437898387309085,0.20421300689590982,1.980182310714461,0.40437898387309085,0.4011991189353534,1.980182310714461,1.9646109963007896,time_avg,0.4246484831124244,0.20421300689590982,11,0.9388045912801595,mild
33,peak_time,11.0,10.11,10.0,0.7900262110470855,10.0,11.0,9.0,11.049999999999997,1.0,2.049999999999997,1.0,1.0,-0.8900000000000006,-1.0,1.0,1.0,0.7610249729521533,0.0768661767746748,9.900648176935075,0.7610249729521533,0.7779402532445786,9.900648176935075,10.120709600596234,time_avg,0.7873221977733241,0.0768661767746748,30,0.9164978934432954,mild
33,peak_height,0.6782882809638977,0.6825245016813278,0.6813532710075378,0.021930568984997872,0.6674749255180359,0.7001339495182037,0.6498069852590561,0.7176515549421311,0.03265902400016785,0.06784456968307495,1.0,1.0,0.004236220717430128,0.0030649900436401367,0.0030649900436401367,9.394163967613167e-06,0.7610249729521533,0.0768661767746748,9.900648176935075,0.7610249729521533,0.7779402532445786,9.900648176935075,10.120709600596234,time_avg,0.7873221977733241,0.0768661767746748,30,0.9164978934432954,mild
33,cumulative_infected,12.367623694241047,12.671839377574942,12.705881870351732,0.5861303826253239,12.256061255582608,13.030593200586736,11.781700792303308,13.649328718334436,0.7745319450041279,1.867627926031128,1.0,1.0,0.30421568333389537,0.33825817611068487,0.33825817611068487,0.1144185937057271,0.7610249729521533,0.0768661767746748,9.900648176935075,0.7610249729521533,0.7779402532445786,9.900648176935075,10.120709600596234,time_avg,0.7873221977733241,0.0768661767746748,30,0.9164978934432954,mild
33,early_growth_slope,0.0713086275583399,0.06656283910312463,0.06675673052225084,0.006565575962110441,0.06224865616587477,0.07004998542834072,0.05567675227676295,0.07749969927161662,0.0078013292624659475,0.021822946994853674,0.0,1.0,-0.004745788455215269,-0.0045518970360890615,0.0045518970360890615,2.0719766627156382e-05,0.7610249729521533,0.0768661767746748,9.900648176935075,0.7610249729521533,0.7779402532445786,9.900648176935075,10.120709600596234,time_avg,0.7873221977733241,0.0768661767746748,30,0.9164978934432954,mild
34,peak_time,13.0,13.38,13.0,1.170167906453142,12.75,14.0,12.0,15.0,1.25,3.0,1.0,1.0,0.3800000000000008,0.0,0.0,0.0,0.5556231230759835,0.13222102330977845,4.202229790448856,0.5556231230759835,0.576675465430264,4.202229790448856,4.361450630125443,time_avg,0.5847746086181913,0.13222102330977845,28,0.8867027137364161,mild
34,peak_height,0.4777412712574005,0.45263777166604996,0.4533381164073944,0.019864586008008476,0.43830960243940353,0.46754519641399384,0.42557807713747026,0.4812141552567482,0.0292355939745903,0.055636078119277954,0.0,1.0,-0.025103499591350553,-0.024403154850006104,0.024403154850006104,0.0005955139666333764,0.5556231230759835,0.13222102330977845,4.202229790448856,0.5556231230759835,0.576675465430264,4.202229790448856,4.361450630125443,time_avg,0.5847746086181913,0.13222102330977845,28,0.8867027137364161,mild
34,cumulative_infected,7.4609370063990355,7.504339968240399,7.4873266951180995,0.3079241458102795,7.296709300018847,7.715125620481558,7.054441344528459,7.997531353961676,0.41841632046271116,0.9430900094332175,1.0,1.0,0.043402961841363386,0.026389688719063997,0.026389688719063997,0.0006964156706890936,0.5556231230759835,0.13222102330977845,4.202229790448856,0.5556231230759835,0.576675465430264,4.202229790448856,4.361450630125443,time_avg,0.5847746086181913,0.13222102330977845,28,0.8867027137364161,mild
34,early_growth_slope,0.021791763293246426,0.021294571983844865,0.02146919477742076,0.0031620520450562502,0.019244059009776847,0.023158634860356818,0.015998627253048608,0.02630043419166689,0.003914575850579971,0.010301806938618284,1.0,1.0,-0.0004971913094015609,-0.0003225685158256657,0.0003225685158256657,1.0405044740197272e-07,0.5556231230759835,0.13222102330977845,4.202229790448856,0.5556231230759835,0.576675465430264,4.202229790448856,4.361450630125443,time_avg,0.5847746086181913,0.13222102330977845,28,0.8867027137364161,mild
35,peak_time,8.0,8.49,8.0,0.8347866115772862,8.0,9.0,7.0,10.0,1.0,3.0,1.0,1.0,0.4900000000000002,0.0,0.0,0.0,0.9053518012930717,0.22328648370230958,4.054664600747202,0.9053518012930717,0.933151613551319,4.054664600747202,4.1791674895799655,time_avg,0.9422965780253638,0.22328648370230958,16,0.942342405475005,mild
35,peak_height,0.4438328444957733,0.4214530783891678,0.42208945751190186,0.023438627953963922,0.4061831086874008,0.4374699741601944,0.38202896267175673,0.4591118603944778,0.03128686547279358,0.07708289772272109,0.0,1.0,-0.022379766106605525,-0.02174338698387146,0.02174338698387146,0.0004727748775303908,0.9053518012930717,0.22328648370230958,4.054664600747202,0.9053518012930717,0.933151613551319,4.054664600747202,4.1791674895799655,time_avg,0.9422965780253638,0.22328648370230958,16,0.942342405475005,mild
35,cumulative_infected,4.68368315754924,4.586567450642133,4.6003485988148896,0.2262629658496539,4.437114004555042,4.730143617191061,4.214146716232426,4.949969139402174,0.293029612636019,0.7358224231697479,1.0,1.0,-0.09711570690710669,-0.08333455873435014,0.08333455873435014,0.006944648679448853,0.9053518012930717,0.22328648370230958,4.054664600747202,0.9053518012930717,0.933151613551319,4.054664600747202,4.1791674895799655,time_avg,0.9422965780253638,0.22328648370230958,16,0.942342405475005,mild
35,early_growth_slope,0.0598481971780226,0.0534653165174452,0.05402976234022172,0.006041871177191601,0.050220525563851134,0.05686975477705603,0.04440326013912756,0.06232199610122256,0.006649229213204898,0.017918735962095006,0.0,1.0,-0.006382880660577406,-0.0058184348378008816,0.0058184348378008816,3.385418396173497e-05,0.9053518012930717,0.22328648370230958,4.054664600747202,0.9053518012930717,0.933151613551319,4.054664600747202,4.1791674895799655,time_avg,0.9422965780253638,0.22328648370230958,16,0.942342405475005,mild
36,peak_time,3.0,21.71,20.0,14.492976355337218,9.0,32.25,2.0,47.0,23.25,45.0,0.0,1.0,18.71,17.0,17.0,289.0,0.40903503198591545,0.39314969823244206,1.0404053057267808,0.40903503198591545,0.41118001376749236,1.0404053057267808,1.0458611964249562,time_avg,0.4179314647378862,0.39314969823244206,21,0.9632985825362773,mild
36,peak_height,0.03824504092335701,0.05482744116336107,0.0506222490221262,0.01882361981087681,0.04469185881316662,0.061455950140953064,0.03647673316299915,0.08481695465743541,0.016764091327786446,0.04834022149443626,0.0,1.0,0.016582400240004062,0.012377208098769188,0.012377208098769188,0.00015319528032023758,0.40903503198591545,0.39314969823244206,1.0404053057267808,0.40903503198591545,0.41118001376749236,1.0404053057267808,1.0458611964249562,time_avg,0.4179314647378862,0.39314969823244206,21,0.9632985825362773,mild
36,cumulative_infected,0.5721916034817696,0.6424358563396163,0.5196639656205662,0.39648994349641337,0.42390294081997126,0.7213842661003582,0.3442894862731919,1.2082390307914466,0.29748132528038695,0.8639495445182547,1.0,1.0,0.07024425285784675,-0.0525276378612034,0.0525276378612034,0.0027591527392777293,0.40903503198591545,0.39314969823244206,1.0404053057267808,0.40903503198591545,0.41118001376749236,1.0404053057267808,1.0458611964249562,time_avg,0.4179314647378862,0.39314969823244206,21,0.9632985825362773,mild
36,early_growth_slope,0.0005776020919992814,-0.00039570995002231006,-0.0003302875972752055,0.0023450291902291052,-0.0021398065922160923,0.0009225124094449535,-0.004037523839811216,0.0037312699309993724,0.003062319001661046,0.0077687937708105885,1.0,1.0,-0.0009733120420215916,-0.0009078896892744869,0.0009078896892744869,8.242636878909244e-07,0.40903503198591545,0.39314969823244206,1.0404053057267808,0.40903503198591545,0.41118001376749236,1.0404053057267808,1.0458611964249562,time_avg,0.4179314647378862,0.39314969823244206,21,0.9632985825362773,mild
37,peak_time,39.0,23.86,24.0,14.729219225400204,10.75,36.0,2.0,47.0,25.25,45.0,0.0,1.0,-15.14,-15.0,15.0,225.0,0.5004322801106467,0.48421428221433394,1.0334934315075281,0.5004322801106467,0.5012035993460636,1.0334934315075281,1.0350863610508074,time_avg,0.5051256695977634,0.48421428221433394,11,0.9880877841470308,mild
37,peak_height,0.04838542267680168,0.050180601868778464,0.047248950228095055,0.01302528420766935,0.041382293216884136,0.055574530735611916,0.03183416500687599,0.07394447401165961,0.01419223751872778,0.04211030900478362,1.0,1.0,0.0017951791919767826,-0.001136472448706627,0.001136472448706627,1.2915696266692367e-06,0.5004322801106467,0.48421428221433394,1.0334934315075281,0.5004322801106467,0.5012035993460636,1.0334934315075281,1.0350863610508074,time_avg,0.5051256695977634,0.48421428221433394,11,0.9880877841470308,mild
37,cumulative_infected,0.4787667305499781,0.5526494322820145,0.49262096737402317,0.27684261669440174,0.3806598568771733,0.5842692656660802,0.30804115927312525,1.098911451284948,0.20360940878890688,0.7908702920118228,1.0,1.0,0.07388270173203637,0.013854236824045074,0.013854236824045074,0.00019193987797672655,0.5004322801106467,0.48421428221433394,1.0334934315075281,0.5004322801106467,0.5012035993460636,1.0334934315075281,1.0350863610508074,time_avg,0.5051256695977634,0.48421428221433394,11,0.9880877841470308,mild
37,early_growth_slope,0.0009353815084545031,-0.0003549482126605386,-0.00031760447321479035,0.001887520575899192,-0.001621762982462573,0.0008642410973282364,-0.00332360085050736,0.002673639624671997,0.0024860040797908094,0.005997240475179357,0.0,1.0,-0.0012903297211150416,-0.0012529859816692935,0.0012529859816692935,1.569973870259763e-06,0.5004322801106467,0.48421428221433394,1.0334934315075281,0.5004322801106467,0.5012035993460636,1.0334934315075281,1.0350863610508074,time_avg,0.5051256695977634,0.48421428221433394,11,0.9880877841470308,mild
38,peak_time,48.0,19.69,16.0,14.841039877530974,6.75,32.0,1.9500000000000002,45.0,25.25,43.05,0.0,0.0,-28.31,-32.0,32.0,1024.0,0.20983952079609644,0.2467794649602425,0.8503119205234629,0.20983952079609644,0.21143879247564554,0.8503119205234629,0.8567924908570065,time_avg,0.21271758321235096,0.2467794649602425,29,0.9677857868680747,mild
38,peak_height,0.036865200847387314,0.053187554460018875,0.049998899921774864,0.014177307107005911,0.042793964967131615,0.061984291300177574,0.035326065681874755,0.07801273837685584,0.01919032633304596,0.04268667269498108,0.0,1.0,0.01632235361263156,0.01313369907438755,0.01313369907438755,0.0001724940513765684,0.20983952079609644,0.2467794649602425,0.8503119205234629,0.20983952079609644,0.21143879247564554,0.8503119205234629,0.8567924908570065,time_avg,0.21271758321235096,0.2467794649602425,29,0.9677857868680747,mild
38,cumulative_infected,0.4366197888748502,0.5596615801516919,0.4797459674791753,0.28182469409427285,0.4010789167623443,0.5834760267607635,0.3190551595915167,1.224997688527219,0.18239710999841918,0.9059425289357022,1.0,1.0,0.12304179127684167,0.043126178604325105,0.043126178604325105,0.0018598672810121485,0.20983952079609644,0.2467794649602425,0.8503119205234629,0.20983952079609644,0.21143879247564554,0.8503119205234629,0.8567924908570065,time_avg,0.21271758321235096,0.2467794649602425,29,0.9677857868680747,mild
38,early_growth_slope,0.0011393938302284184,-0.00041761468206156295,-0.0005452905468354436,0.0024316100072806347,-0.002185542263933234,0.001471001151782859,-0.004165196867792731,0.003336605037717768,0.0036565434157160934,0.007501801905510499,1.0,1.0,-0.0015570085122899814,-0.001684684377063862,0.001684684377063862,2.8381614503230528e-06,0.20983952079609644,0.2467794649602425,0.8503119205234629,0.20983952079609644,0.21143879247564554,0.8503119205234629,0.8567924908570065,time_avg,0.21271758321235096,0.2467794649602425,29,0.9677857868680747,mild
39,peak_time,18.0,21.76,20.0,14.235479931807319,9.75,35.25,1.9500000000000002,43.05,25.5,41.099999999999994,1.0,1.0,3.7600000000000016,2.0,2.0,4.0,0.4290143440725122,0.42740962257738596,1.0037545282332423,0.4290143440725122,0.43750288954813754,1.0037545282332423,1.023614973640244,time_avg,0.47371672184762115,0.42740962257738596,11,0.879018961978391,mild
39,peak_height,0.048522815108299255,0.051782689653337,0.04784153960645199,0.014857202910727795,0.04326802585273981,0.05869590025395155,0.03304573521018028,0.07874984033405781,0.015427874401211739,0.04570410512387753,1.0,1.0,0.003259874545037747,-0.0006812755018472672,0.0006812755018472672,4.641363094172457e-07,0.4290143440725122,0.42740962257738596,1.0037545282332423,0.4290143440725122,0.43750288954813754,1.0037545282332423,1.023614973640244,time_avg,0.47371672184762115,0.42740962257738596,11,0.879018961978391,mild
39,cumulative_infected,0.5331204000394791,0.5780866595722227,0.4862655451979663,0.253055417466107,0.4057109474815661,0.6995436119032092,0.3415322949505935,1.1365540233236968,0.29383266442164313,0.7950217283731034,1.0,1.0,0.04496625953274358,-0.04685485484151286,0.04685485484151286,0.002195377422219241,0.4290143440725122,0.42740962257738596,1.0037545282332423,0.4290143440725122,0.43750288954813754,1.0037545282332423,1.023614973640244,time_avg,0.47371672184762115,0.42740962257738596,11,0.879018961978391,mild
39,early_growth_slope,0.0017212731763720504,-0.00025299095433822273,-0.00025555669950942097,0.0023974110112261297,-0.0018823032015851423,0.0012523672575341714,-0.004014824160064259,0.0036052627360082332,0.0031346704591193137,0.007620086896072492,0.0,1.0,-0.001974264130710273,-0.0019768298758814713,0.0019768298758814713,3.907856358177553e-06,0.4290143440725122,0.42740962257738596,1.0037545282332423,0.4290143440725122,0.43750288954813754,1.0037545282332423,1.023614973640244,time_avg,0.47371672184762115,0.42740962257738596,11,0.879018961978391,mild
40,peak_time,17.0,15.95,16.0,2.757450879623308,14.0,18.0,12.0,21.0,4.0,9.0,1.0,1.0,-1.0500000000000007,-1.0,1.0,1.0,0.564760263182628,0.3662791716971214,1.5418847338926274,0.564760263182628,0.5855594230602876,1.5418847338926274,1.5986697260102207,time_avg,0.5952852156566941,0.3662791716971214,26,0.8931711231607125,mild
40,peak_height,0.12021039426326752,0.11457081355154514,0.11367308348417282,0.01380418059055491,0.10650238022208214,0.123374467715621,0.09469065591692924,0.13844352439045907,0.016872087493538857,0.04375286847352983,1.0,1.0,-0.005639580711722381,-0.006537310779094696,0.006537310779094696,4.27364322224677e-05,0.564760263182628,0.3662791716971214,1.5418847338926274,0.564760263182628,0.5855594230602876,1.5418847338926274,1.5986697260102207,time_avg,0.5952852156566941,0.3662791716971214,26,0.8931711231607125,mild
40,cumulative_infected,1.887491625311668,1.8453372950071207,1.8523576122170198,0.16883697780286194,1.7233813496131916,1.9234334107059112,1.561742643326579,2.115962375626259,0.20005206109271967,0.55421973229968,1.0,1.0,-0.042154330304547294,-0.03513401309464825,0.03513401309464825,0.0012343988761349149,0.564760263182628,0.3662791716971214,1.5418847338926274,0.564760263182628,0.5855594230602876,1.5418847338926274,1.5986697260102207,time_avg,0.5952852156566941,0.3662791716971214,26,0.8931711231607125,mild
40,early_growth_slope,0.005396431062503584,0.0031999996642094806,0.0035446464670323098,0.002721618388143327,0.0017134510116128304,0.004757665146912803,-0.001594535871187135,0.0071615829004994785,0.003044214135299972,0.008756118771686614,0.0,1.0,-0.0021964313982941034,-0.0018517845954712743,0.0018517845954712743,3.429106188024711e-06,0.564760263182628,0.3662791716971214,1.5418847338926274,0.564760263182628,0.5855594230602876,1.5418847338926274,1.5986697260102207,time_avg,0.5952852156566941,0.3662791716971214,26,0.8931711231607125,mild
41,peak_time,12.0,11.94,12.0,1.9375085532558027,11.0,13.0,9.0,15.0,2.0,6.0,1.0,1.0,-0.0600000000000005,0.0,0.0,0.0,0.8259898769977039,0.4473208727078089,1.846526570507794,0.8259898769977039,0.8279520479255023,1.846526570507794,1.8509130658571404,time_avg,0.8370370686310825,0.4473208727078089,10,0.9835025352409936,mild
41,peak_height,0.14951103925704956,0.1494074234366417,0.14718130230903625,0.018427151787632233,0.13495029136538506,0.16370167955756187,0.1260540783405304,0.1805105924606323,0.02875138819217682,0.05445651412010191,1.0,1.0,-0.00010361582040785411,-0.0023297369480133057,0.0023297369480133057,5.427674246938352e-06,0.8259898769977039,0.4473208727078089,1.846526570507794,0.8259898769977039,0.8279520479255023,1.846526570507794,1.8509130658571404,time_avg,0.8370370686310825,0.4473208727078089,10,0.9835025352409936,mild
41,cumulative_infected,2.1056060071568936,1.9822451249345534,1.9685389876831323,0.17085347491073916,1.883150098619808,2.0701293989113765,1.7197908135822217,2.2972963115200398,0.1869793002915685,0.577505497937818,0.0,1.0,-0.1233608822223402,-0.13706701947376132,0.13706701947376132,0.018787367827420465,0.8259898769977039,0.4473208727078089,1.846526570507794,0.8259898769977039,0.8279520479255023,1.846526570507794,1.8509130658571404,time_avg,0.8370370686310825,0.4473208727078089,10,0.9835025352409936,mild
41,early_growth_slope,0.009607228928611478,0.008837439048177959,0.008261268884477126,0.0033183559483865132,0.006883076284014219,0.011062902527988796,0.003410406700623709,0.014209857959455495,0.004179826243974577,0.010799451258831786,1.0,1.0,-0.0007697898804335194,-0.0013459600441343526,0.0013459600441343526,1.8116084404061486e-06,0.8259898769977039,0.4473208727078089,1.846526570507794,0.8259898769977039,0.8279520479255023,1.846526570507794,1.8509130658571404,time_avg,0.8370370686310825,0.4473208727078089,10,0.9835025352409936,mild
42,peak_time,0.0,24.17,24.5,14.945054247631436,11.75,36.0,2.0,47.05,24.25,45.05,0.0,0.0,24.17,24.5,24.5,600.25,0.24481416312309023,0.42387357578928675,0.5775641066259593,0.24481416312309023,0.2592097230509765,0.5775641066259593,0.6115260253444842,time_avg,0.25944906408492063,0.42387357578928675,28,0.871800892144564,mild
42,peak_height,0.040671613067388535,0.05055198434740305,0.046875132247805595,0.01243064731822526,0.04237192217260599,0.05694535654038191,0.03662483878433705,0.07430659644305707,0.014573434367775917,0.03768175765872002,0.0,1.0,0.009880371280014517,0.006203519180417061,0.006203519180417061,3.848365022180236e-05,0.24481416312309023,0.42387357578928675,0.5775641066259593,0.24481416312309023,0.2592097230509765,0.5775641066259593,0.6115260253444842,time_avg,0.25944906408492063,0.42387357578928675,28,0.871800892144564,mild
42,cumulative_infected,0.27982159542443696,0.5507781630441241,0.4570042702398496,0.26116464118470467,0.3936818045403925,0.5976111040436081,0.30635259457631037,1.1241876462561775,0.2039292995032156,0.8178350516798671,0.0,0.0,0.2709565676196871,0.1771826748154126,0.1771826748154126,0.03139370025474425,0.24481416312309023,0.42387357578928675,0.5775641066259593,0.24481416312309023,0.2592097230509765,0.5775641066259593,0.6115260253444842,time_avg,0.25944906408492063,0.42387357578928675,28,0.871800892144564,mild
42,early_growth_slope,-0.003542417679411644,-0.0003622385076561747,-0.0004973075390028366,0.0022116388785002657,-0.0020857824291895303,0.000986998619087639,-0.003557013035779596,0.003495364455739034,0.0030727810482771693,0.00705237749151863,0.0,1.0,0.003180179171755469,0.0030451101404088076,0.0030451101404088076,9.272695767220548e-06,0.24481416312309023,0.42387357578928675,0.5775641066259593,0.24481416312309023,0.2592097230509765,0.5775641066259593,0.6115260253444842,time_avg,0.25944906408492063,0.42387357578928675,28,0.871800892144564,mild
43,peak_time,24.0,23.95,24.0,2.1147629234082532,23.0,26.0,20.0,27.0,3.0,7.0,1.0,1.0,-0.05000000000000071,0.0,0.0,0.0,0.35878727318607395,0.13486071261813543,2.660428424414435,0.35878727318607395,0.35886104123863627,2.660428424414435,2.660975418799458,time_avg,0.35944537496563156,0.13486071261813543,28,0.9958389063629656,mild
43,peak_height,0.2948673367500305,0.2692505957186222,0.2666984349489212,0.018804307692330515,0.256268709897995,0.2803298085927963,0.24419806897640228,0.2994667738676071,0.02406109869480133,0.055268704891204834,0.0,1.0,-0.02561674103140832,-0.028168901801109314,0.028168901801109314,0.0007934870286805396,0.35878727318607395,0.13486071261813543,2.660428424414435,0.35878727318607395,0.35886104123863627,2.660428424414435,2.660975418799458,time_avg,0.35944537496563156,0.13486071261813543,28,0.9958389063629656,mild
43,cumulative_infected,6.233187627396546,6.199603038879286,6.188897028798237,0.31588782871723026,6.023942018859088,6.3705738502321765,5.666755364369601,6.678341558936518,0.34663183137308806,1.0115861945669167,1.0,1.0,-0.033584588517260094,-0.04429059859830886,0.04429059859830886,0.001961657124196519,0.35878727318607395,0.13486071261813543,2.660428424414435,0.35878727318607395,0.35886104123863627,2.660428424414435,2.660975418799458,time_avg,0.35944537496563156,0.13486071261813543,28,0.9958389063629656,mild
43,early_growth_slope,0.0063790307031013046,0.003644524717060449,0.0033094531820443947,0.0029101150520921795,0.0012001806060739234,0.005606767458153799,-0.00044108439816184134,0.008511386792192101,0.004406586852079876,0.008952471190353943,0.0,1.0,-0.0027345059860408557,-0.00306957752105691,0.00306957752105691,9.422306157777883e-06,0.35878727318607395,0.13486071261813543,2.660428424414435,0.35878727318607395,0.35886104123863627,2.660428424414435,2.660975418799458,time_avg,0.35944537496563156,0.13486071261813543,28,0.9958389063629656,mild
44,peak_time,11.0,10.5,10.0,0.937436866561092,10.0,11.0,9.0,12.0,1.0,3.0,1.0,1.0,-0.5,-1.0,1.0,1.0,0.7137788511577169,0.10992693045123098,6.493211883819357,0.7137788511577169,0.7307629994504299,6.493211883819357,6.647715864081482,time_avg,0.7573722680418912,0.10992693045123098,16,0.9153547486338743,mild
44,peak_height,0.5813194513320923,0.5816478073596955,0.5805249810218811,0.020266509604468148,0.5693635791540146,0.5950223058462143,0.5511385381221772,0.6137185990810394,0.025658726692199707,0.06258006095886226,1.0,1.0,0.0003283560276031716,-0.0007944703102111816,0.0007944703102111816,6.311830738070512e-07,0.7137788511577169,0.10992693045123098,6.493211883819357,0.7137788511577169,0.7307629994504299,6.493211883819357,6.647715864081482,time_avg,0.7573722680418912,0.10992693045123098,16,0.9153547486338743,mild
44,cumulative_infected,8.841828159056604,9.041913664152817,9.045360937947407,0.43784273661088197,8.791657372734335,9.305824748822488,8.369105315185152,9.683272482734173,0.5141673760881531,1.3141671675490212,1.0,1.0,0.20008550509621337,0.20353277889080346,0.20353277889080346,0.04142559208301269,0.7137788511577169,0.10992693045123098,6.493211883819357,0.7137788511577169,0.7307629994504299,6.493211883819357,6.647715864081482,time_avg,0.7573722680418912,0.10992693045123098,16,0.9153547486338743,mild
44,early_growth_slope,0.05947697060626176,0.05163085160771428,0.05191395460583623,0.005569150213150825,0.048244117562370806,0.05542826033585393,0.04189129210745227,0.06010434536978468,0.007184142773483122,0.018213053262332406,0.0,1.0,-0.00784611899854748,-0.007563016000425533,0.007563016000425533,5.719921102269263e-05,0.7137788511577169,0.10992693045123098,6.493211883819357,0.7137788511577169,0.7307629994504299,6.493211883819357,6.647715864081482,time_avg,0.7573722680418912,0.10992693045123098,16,0.9153547486338743,mild
45,peak_time,13.0,15.58,15.0,5.019517462421618,12.0,19.0,9.0,24.0,7.0,15.0,1.0,1.0,2.58,2.0,2.0,4.0,0.6911935220418265,0.4811202332496343,1.436633660931889,0.6911935220418265,0.7094173702265303,1.436633660931889,1.4745116110268461,time_avg,0.7122473629309103,0.4811202332496343,29,0.9296196866397958,mild
45,peak_height,0.08838044852018356,0.0828819340839982,0.07985426485538483,0.014421301717418294,0.07470792531967163,0.09271245449781418,0.05870335474610329,0.10830683037638664,0.018004529178142548,0.04960347563028335,1.0,1.0,-0.005498514436185362,-0.008526183664798737,0.008526183664798737,7.269580788588081e-05,0.6911935220418265,0.4811202332496343,1.436633660931889,0.6911935220418265,0.7094173702265303,1.436633660931889,1.4745116110268461,time_avg,0.7122473629309103,0.4811202332496343,29,0.9296196866397958,mild
45,cumulative_infected,1.3404524771030992,1.2468045819071996,1.2545252387280925,0.19589166278020637,1.1469266467756825,1.377973025177198,0.941831110131534,1.4981339857738931,0.23104637840151554,0.5563028756423591,1.0,1.0,-0.09364789519589967,-0.08592723837500671,0.08592723837500671,0.007383490294755226,0.6911935220418265,0.4811202332496343,1.436633660931889,0.6911935220418265,0.7094173702265303,1.436633660931889,1.4745116110268461,time_avg,0.7122473629309103,0.4811202332496343,29,0.9296196866397958,mild
45,early_growth_slope,0.00287910923084599,0.002384844611688528,0.0023628111729132283,0.0028277234034779163,0.00037830507235845544,0.004232126999080979,-0.0019401514744025739,0.007260706557861424,0.0038538219267225233,0.009200858032263998,1.0,1.0,-0.0004942646191574617,-0.0005162980579327616,0.0005162980579327616,2.6656368462514123e-07,0.6911935220418265,0.4811202332496343,1.436633660931889,0.6911935220418265,0.7094173702265303,1.436633660931889,1.4745116110268461,time_avg,0.7122473629309103,0.4811202332496343,29,0.9296196866397958,mild
46,peak_time,10.0,9.16,9.0,0.8494799359703333,9.0,10.0,8.0,10.049999999999997,1.0,2.049999999999997,1.0,1.0,-0.8399999999999999,-1.0,1.0,1.0,0.8499091485240016,0.2913686597227136,2.9169545871296982,0.8499091485240016,0.8690094380007425,2.9169545871296982,2.9825082726047185,time_avg,0.8694694506775583,0.2913686597227136,28,0.9488708520667042,mild
46,peak_height,0.3288140892982483,0.31800109654664993,0.31687498092651367,0.020986748940527378,0.304709330201149,0.3330129534006119,0.28322983533143997,0.3500016748905182,0.02830362319946289,0.06677183955907823,1.0,1.0,-0.01081299275159836,-0.01193910837173462,0.01193910837173462,0.00014254230871202367,0.8499091485240016,0.2913686597227136,2.9169545871296982,0.8499091485240016,0.8690094380007425,2.9169545871296982,2.9825082726047185,time_avg,0.8694694506775583,0.2913686597227136,28,0.9488708520667042,mild
46,cumulative_infected,3.580534572713077,3.4821370349735297,3.4638135894638253,0.2020076516589263,3.353827577258926,3.6353210258530453,3.163772447081283,3.788384095922811,0.2814934485941194,0.6246116488415279,1.0,1.0,-0.0983975377395474,-0.11672098324925173,0.11672098324925173,0.013623787930672104,0.8499091485240016,0.2913686597227136,2.9169545871296982,0.8499091485240016,0.8690094380007425,2.9169545871296982,2.9825082726047185,time_avg,0.8694694506775583,0.2913686597227136,28,0.9488708520667042,mild
46,early_growth_slope,0.03775271879775183,0.034237922322442625,0.03538128658796527,0.005032963760577912,0.030875987284595053,0.037500773936266156,0.024564568723906714,0.041025054514397016,0.006624786651671103,0.016460485790490302,0.0,1.0,-0.0035147964753092023,-0.002371432209786556,0.002371432209786556,5.623690725613148e-06,0.8499091485240016,0.2913686597227136,2.9169545871296982,0.8499091485240016,0.8690094380007425,2.9169545871296982,2.9825082726047185,time_avg,0.8694694506775583,0.2913686597227136,28,0.9488708520667042,mild
47,peak_time,9.0,9.57,10.0,1.2653501930734872,9.0,10.0,7.0,12.0,1.0,5.0,1.0,1.0,0.5700000000000003,1.0,1.0,1.0,0.8215027071534218,0.4048661867165254,2.029072157929089,0.8215027071534218,0.8533213804323955,2.029072157929089,2.1076627498899145,time_avg,0.9011944245807871,0.4048661867165254,11,0.8866294933591616,mild
47,peak_height,0.2042602002620697,0.18627696469426155,0.18592539429664612,0.017986328773827012,0.17402396723628044,0.19847845658659935,0.15813849493861198,0.213289874792099,0.02445448935031891,0.055151379853487004,0.0,1.0,-0.017983235567808148,-0.018334805965423584,0.018334805965423584,0.00033616510978973224,0.8215027071534218,0.4048661867165254,2.029072157929089,0.8215027071534218,0.8533213804323955,2.029072157929089,2.1076627498899145,time_avg,0.9011944245807871,0.4048661867165254,11,0.8866294933591616,mild
47,cumulative_infected,2.2139189118752256,2.0969028503847356,2.066983190830797,0.1627524414244633,1.9958318996068556,2.203284151139087,1.83689893073024,2.352668391623592,0.20745225153223146,0.5157694608933523,0.0,1.0,-0.11701606149049004,-0.14693572104442865,0.14693572104442865,0.021590106118846153,0.8215027071534218,0.4048661867165254,2.029072157929089,0.8215027071534218,0.8533213804323955,2.029072157929089,2.1076627498899145,time_avg,0.9011944245807871,0.4048661867165254,11,0.8866294933591616,mild
47,early_growth_slope,0.021915217163041227,0.0175017526047746,0.017238433195632834,0.0037099574796728403,0.014882695043135231,0.020092474507345325,0.011880345675273843,0.022812306092652883,0.005209779464210093,0.01093196041737904,0.0,1.0,-0.004413464558266626,-0.004676783967408393,0.004676783967408393,2.187230827780819e-05,0.8215027071534218,0.4048661867165254,2.029072157929089,0.8215027071534218,0.8533213804323955,2.029072157929089,2.1076627498899145,time_avg,0.9011944245807871,0.4048661867165254,11,0.8866294933591616,mild
48,peak_time,35.0,36.38,36.0,4.917049291737245,32.75,39.25,29.95,45.05,6.5,15.099999999999998,1.0,1.0,1.3800000000000026,1.0,1.0,1.0,0.2532954199866666,0.1458545775467237,1.73662989703237,0.2532954199866666,0.24984089756758932,1.73662989703237,1.712945193561403,time_avg,0.26485996447516263,0.1458545775467237,16,0.9357899065454548,mild
48,peak_height,0.150949627161026,0.17536221478134395,0.1809520423412323,0.045048619692037065,0.1437367983162403,0.19910283014178276,0.10364609695971012,0.24497933536767957,0.05536603182554245,0.14133323840796946,1.0,1.0,0.02441258762031795,0.0300024151802063,0.0300024151802063,0.0009001449166454734,0.2532954199866666,0.1458545775467237,1.73662989703237,0.2532954199866666,0.24984089756758932,1.73662989703237,1.712945193561403,time_avg,0.26485996447516263,0.1458545775467237,16,0.9357899065454548,mild
48,cumulative_infected,3.327352711596177,4.296375515841828,4.424665318016196,1.204694407381614,3.467013093511923,5.005726980918553,2.404832946229726,6.130151355662383,1.5387138874066295,3.725318409432657,0.0,1.0,0.9690228042456512,1.0973126064200187,1.0973126064200187,1.204094956208295,0.2532954199866666,0.1458545775467237,1.73662989703237,0.2532954199866666,0.24984089756758932,1.73662989703237,1.712945193561403,time_avg,0.26485996447516263,0.1458545775467237,16,0.9357899065454548,mild
48,early_growth_slope,0.0028618943646766377,0.001195844395874918,0.001185405718085046,0.002967359333609242,-0.0004176458432560863,0.0029248952383308536,-0.0035053324439061136,0.006480401348588721,0.00334254108158694,0.009985733792494834,1.0,1.0,-0.0016660499688017196,-0.0016764886465915918,0.0016764886465915918,2.810614182150507e-06,0.2532954199866666,0.1458545775467237,1.73662989703237,0.2532954199866666,0.24984089756758932,1.73662989703237,1.712945193561403,time_avg,0.26485996447516263,0.1458545775467237,16,0.9357899065454548,mild
49,peak_time,27.0,22.57,20.5,15.784057293562535,6.75,36.25,1.9500000000000002,46.099999999999994,29.5,44.14999999999999,1.0,1.0,-4.43,-6.5,6.5,42.25,0.3205414064107927,0.49959837313820676,0.6415981789478716,0.3205414064107927,0.3265057889991796,0.6415981789478716,0.6535365336525154,time_avg,0.32657473314251984,0.49959837313820676,29,0.9560129361241786,mild
49,peak_height,0.06264733523130417,0.05109996091574431,0.04962023347616196,0.011670180581495224,0.04310192447155714,0.05540088843554258,0.03619781192392111,0.07548078522086143,0.012298963963985443,0.039282973296940325,0.0,1.0,-0.011547374315559862,-0.013027101755142212,0.013027101755142212,0.0001697053801388293,0.3205414064107927,0.49959837313820676,0.6415981789478716,0.3205414064107927,0.3265057889991796,0.6415981789478716,0.6535365336525154,time_avg,0.32657473314251984,0.49959837313820676,29,0.9560129361241786,mild
49,cumulative_infected,0.433684553951025,0.5925265966050756,0.4989301125606289,0.297000678645262,0.4041794269942329,0.6261696070359903,0.32082549158694745,1.2598984434502198,0.2219901800417574,0.9390729518632723,1.0,1.0,0.15884204265405055,0.0652455586096039,0.0652455586096039,0.0042569829182792585,0.3205414064107927,0.49959837313820676,0.6415981789478716,0.3205414064107927,0.3265057889991796,0.6415981789478716,0.6535365336525154,time_avg,0.32657473314251984,0.49959837313820676,29,0.9560129361241786,mild
49,early_growth_slope,-0.0034872073997359505,-0.0004690823925314656,-0.0003394409102925448,0.0022138825950313973,-0.001995336928909332,0.0009363710563169058,-0.004223701826274571,0.0031671698189928146,0.002931707985226238,0.007390871645267386,0.0,1.0,0.003018125007204485,0.0031477664894434057,0.0031477664894434057,9.908433872062862e-06,0.3205414064107927,0.49959837313820676,0.6415981789478716,0.3205414064107927,0.3265057889991796,0.6415981789478716,0.6535365336525154,time_avg,0.32657473314251984,0.49959837313820676,29,0.9560129361241786,mild
50,peak_time,10.0,9.31,9.0,0.8954994092232512,9.0,10.0,8.0,11.0,1.0,3.0,1.0,1.0,-0.6899999999999995,-1.0,1.0,1.0,0.7672473859516016,0.24095911641648082,3.1841392737574146,0.7672473859516016,0.7917370385984793,3.1841392737574146,3.285773331065913,time_avg,0.8613896681229373,0.24095911641648082,10,0.8633860411042514,mild
50,peak_height,0.37298572063446045,0.35581850409507754,0.35432641208171844,0.022192845217751753,0.34028779715299606,0.3706304132938385,0.32462243139743807,0.38965235501527784,0.030342616140842438,0.06502992361783977,0.0,1.0,-0.017167216539382912,-0.018659308552742004,0.018659308552742004,0.0003481697956664309,0.7672473859516016,0.24095911641648082,3.1841392737574146,0.7672473859516016,0.7917370385984793,3.1841392737574146,3.285773331065913,time_avg,0.8613896681229373,0.24095911641648082,10,0.8633860411042514,mild
50,cumulative_infected,4.060800180865044,3.966221418546593,3.950620972318575,0.19876619650689706,3.838960925117135,4.093585854774574,3.656723238180348,4.249820638273377,0.25462492965743877,0.5930974000930291,1.0,1.0,-0.0945787623184513,-0.11017920854646945,0.11017920854646945,0.012139457995926407,0.7672473859516016,0.24095911641648082,3.1841392737574146,0.7672473859516016,0.7917370385984793,3.1841392737574146,3.285773331065913,time_avg,0.8613896681229373,0.24095911641648082,10,0.8633860411042514,mild
50,early_growth_slope,0.03770961710030123,0.03729904493602502,0.03706972583729241,0.004677150173471006,0.03426853510262887,0.040287850444742826,0.02973158636984104,0.0448837763785074,0.0060193153421139525,0.015152190008666359,1.0,1.0,-0.00041057216427621557,-0.0006398912630088266,0.0006398912630088266,4.0946082847503127e-07,0.7672473859516016,0.24095911641648082,3.1841392737574146,0.7672473859516016,0.7917370385984793,3.1841392737574146,3.285773331065913,time_avg,0.8613896681229373,0.24095911641648082,10,0.8633860411042514,mild
51,peak_time,16.0,24.85,24.0,6.986820204188494,20.75,29.25,14.95,38.0,8.5,23.05,0.0,1.0,8.850000000000001,8.0,8.0,64.0,0.3905067214893625,0.2784027918681636,1.402668122934217,0.3905067214893625,0.388110769754375,1.402668122934217,1.3940620607646892,time_avg,0.4098509093367513,0.2784027918681636,15,0.9325741301576751,mild
51,peak_height,0.09677406400442123,0.09131926756352186,0.08778928220272064,0.019786394850527772,0.07894461043179035,0.1045763697475195,0.06137467473745346,0.12067919448018073,0.02563175931572914,0.05930451974272727,1.0,1.0,-0.0054547964408993704,-0.008984781801700592,0.008984781801700592,8.072630402417014e-05,0.3905067214893625,0.2784027918681636,1.402668122934217,0.3905067214893625,0.388110769754375,1.402668122934217,1.3940620607646892,time_avg,0.4098509093367513,0.2784027918681636,15,0.9325741301576751,mild
51,cumulative_infected,1.8625472877174616,1.755534344963162,1.6891344169562217,0.48541480981576574,1.4449973866576329,2.016429706098279,1.1080374915734865,2.5202289660519455,0.5714323194406461,1.412191474478459,1.0,1.0,-0.10701294275429962,-0.1734128707612399,0.1734128707612399,0.030072023745654493,0.3905067214893625,0.2784027918681636,1.402668122934217,0.3905067214893625,0.388110769754375,1.402668122934217,1.3940620607646892,time_avg,0.4098509093367513,0.2784027918681636,15,0.9325741301576751,mild
51,early_growth_slope,0.0007938607817604431,0.0012118240195706596,0.0011411656821673243,0.002144502333584978,-0.00034659211017978365,0.0026468428390909963,-0.0024930151344138003,0.00483824488862107,0.0029934349492707797,0.00733126002303487,1.0,1.0,0.00041796323781021643,0.0003473049004068812,0.0003473049004068812,1.2062069384663368e-07,0.3905067214893625,0.2784027918681636,1.402668122934217,0.3905067214893625,0.388110769754375,1.402668122934217,1.3940620607646892,time_avg,0.4098509093367513,0.2784027918681636,15,0.9325741301576751,mild
52,peak_time,40.0,36.27,36.0,3.1809248385151805,34.0,38.25,31.0,42.0,4.25,11.0,0.0,1.0,-3.729999999999997,-4.0,4.0,16.0,0.2084630125640645,0.061572437372365146,3.3856547094825022,0.2084630125640645,0.2046146571426081,3.3856547094825022,3.3231534412903225,time_avg,0.221373478872909,0.061572437372365146,13,0.9211894027149959,mild
52,peak_height,0.3693656921386719,0.40486975386738777,0.41346386075019836,0.044630077564078934,0.38313379883766174,0.43370096385478973,0.31729101687669753,0.45713686048984525,0.05056716501712799,0.13984584361314772,0.0,1.0,0.0355040617287159,0.04409816861152649,0.04409816861152649,0.00194464847489062,0.2084630125640645,0.061572437372365146,3.3856547094825022,0.2084630125640645,0.2046146571426081,3.3856547094825022,3.3231534412903225,time_avg,0.221373478872909,0.061572437372365146,13,0.9211894027149959,mild
52,cumulative_infected,9.826711577828974,10.450749539270655,10.708368247491308,1.2545792753784388,9.954665215860587,11.217947162804194,8.024345719840493,11.905506515339948,1.2632819469436072,3.8811607954994543,0.0,1.0,0.6240379614416813,0.881656669662334,0.881656669662334,0.777318483160078,0.2084630125640645,0.061572437372365146,3.3856547094825022,0.2084630125640645,0.2046146571426081,3.3856547094825022,3.3231534412903225,time_avg,0.221373478872909,0.061572437372365146,13,0.9211894027149959,mild
52,early_growth_slope,0.008541371684432737,0.002370949611705284,0.0022499778452107592,0.0025515119163957386,0.0006781200091132821,0.0035397596726570984,-0.0017480456218999306,0.006712004698541322,0.0028616396635438163,0.008460050320441252,0.0,0.0,-0.006170422072727453,-0.006291393839221978,0.006291393839221978,3.958163644020026e-05,0.2084630125640645,0.061572437372365146,3.3856547094825022,0.2084630125640645,0.2046146571426081,3.3856547094825022,3.3231534412903225,time_avg,0.221373478872909,0.061572437372365146,13,0.9211894027149959,mild
53,peak_time,19.0,20.35,20.0,1.472817680227909,19.75,21.0,18.0,23.0,1.25,5.0,0.0,1.0,1.3500000000000014,1.0,1.0,1.0,0.3631494005673966,0.0894728649880811,4.058765756699225,0.3631494005673966,0.3611912699594926,4.058765756699225,4.036880567170926,time_avg,0.39323453615461834,0.0894728649880811,20,0.8724885836943527,mild
53,peak_height,0.46942248940467834,0.4597798946499825,0.4596240222454071,0.02372738018044704,0.4410109296441078,0.47730115056037903,0.4250373139977455,0.4962019741535187,0.03629022091627121,0.07116466015577316,1.0,1.0,-0.009642594754695866,-0.00979846715927124,0.00979846715927124,9.600995867131701e-05,0.3631494005673966,0.0894728649880811,4.058765756699225,0.3631494005673966,0.3611912699594926,4.058765756699225,4.036880567170926,time_avg,0.39323453615461834,0.0894728649880811,20,0.8724885836943527,mild
53,cumulative_infected,10.322108174674213,10.741033356905245,10.7399532814743,0.5460758255841126,10.356203306349926,11.116017704363912,9.878594927830273,11.756352327507921,0.7598143980139866,1.8777573996776482,0.0,1.0,0.4189251822310318,0.4178451068000868,0.4178451068000868,0.17459453327677593,0.3631494005673966,0.0894728649880811,4.058765756699225,0.3631494005673966,0.3611912699594926,4.058765756699225,4.036880567170926,time_avg,0.39323453615461834,0.0894728649880811,20,0.8724885836943527,mild
53,early_growth_slope,0.006103821866591239,0.00783885393023021,0.008258100255348141,0.0029739966456739765,0.006178723576123871,0.00994005797734384,0.0025697883778429105,0.012024479583210663,0.0037613344012199686,0.009454691205367752,0.0,1.0,0.0017350320636389718,0.0021542783887569025,0.0021542783887569025,4.6409153762650355e-06,0.3631494005673966,0.0894728649880811,4.058765756699225,0.3631494005673966,0.3611912699594926,4.058765756699225,4.036880567170926,time_avg,0.39323453615461834,0.0894728649880811,20,0.8724885836943527,mild
54,peak_time,35.0,23.01,21.0,14.895253803093986,9.5,37.25,2.0,45.05,27.75,43.05,1.0,1.0,-11.989999999999998,-14.0,14.0,196.0,0.18602289809588834,0.1853495767989753,1.0036327101930387,0.18602289809588834,0.1862068841551139,1.0036327101930387,1.004625353728584,time_avg,0.18737602501966902,0.1853495767989753,30,0.9819463706250752,mild
54,peak_height,0.057386357337236404,0.059239391759037974,0.052652083337306976,0.02631125124678311,0.04375582467764616,0.06353408843278885,0.03643752466887236,0.09779009521007534,0.01977826375514269,0.06135257054120298,1.0,1.0,0.0018530344218015693,-0.004734273999929428,0.004734273999929428,2.2413350306407787e-05,0.18602289809588834,0.1853495767989753,1.0036327101930387,0.18602289809588834,0.1862068841551139,1.0036327101930387,1.004625353728584,time_avg,0.18737602501966902,0.1853495767989753,30,0.9819463706250752,mild
54,cumulative_infected,0.8441935727314558,0.7978143765360596,0.5398690751462709,0.7255396454302312,0.4289739749642649,0.7920423640316585,0.3177516947944241,2.068928068340756,0.3630683890673936,1.7511763735463317,0.0,1.0,-0.04637919619539621,-0.30432449758518487,0.30432449758518487,0.09261339983047519,0.18602289809588834,0.1853495767989753,1.0036327101930387,0.18602289809588834,0.1862068841551139,1.0036327101930387,1.004625353728584,time_avg,0.18737602501966902,0.1853495767989753,30,0.9819463706250752,mild
54,early_growth_slope,-0.004395565267519225,-2.468108419547834e-05,0.0003452559592135795,0.0023714177842427586,-0.001784091237433519,0.0019405332499272407,-0.004007647504234527,0.0030322609616199583,0.0037246244873607596,0.007039908465854485,0.0,0.0,0.004370884183323747,0.0047408212267328045,0.0047408212267328045,2.2475385903840334e-05,0.18602289809588834,0.1853495767989753,1.0036327101930387,0.18602289809588834,0.1862068841551139,1.0036327101930387,1.004625353728584,time_avg,0.18737602501966902,0.1853495767989753,30,0.9819463706250752,mild
55,peak_time,41.0,23.21,23.0,14.673755174088566,11.0,36.0,1.0,46.0,25.0,45.0,0.0,1.0,-17.79,-18.0,18.0,324.0,0.23574266677917513,0.2372919391561622,0.9934710282089798,0.23574266677917513,0.23765340158548612,0.9934710282089798,1.0015232815350126,time_avg,0.26045244030857917,0.2372919391561622,11,0.8783685927648197,mild
55,peak_height,0.041950423270463943,0.05863465741276741,0.05124633572995663,0.033020472061029794,0.0443415017798543,0.060654664412140846,0.037965475022792815,0.08704985417425629,0.01631316263228655,0.04908437915146347,0.0,1.0,0.016684234142303467,0.009295912459492683,0.009295912459492683,8.641398845455131e-05,0.23574266677917513,0.2372919391561622,0.9934710282089798,0.23574266677917513,0.23765340158548612,0.9934710282089798,1.0015232815350126,time_avg,0.26045244030857917,0.2372919391561622,11,0.8783685927648197,mild
55,cumulative_infected,0.7271065774839371,0.7405818149012521,0.5187744963041041,0.8219240858327819,0.42508046481816564,0.7141813607595395,0.3447093203937584,1.4147105102543713,0.2891008959413739,1.070001189860613,0.0,1.0,0.013475237417314934,-0.20833208117983304,0.20833208117983304,0.04340225604872054,0.23574266677917513,0.2372919391561622,0.9934710282089798,0.23574266677917513,0.23765340158548612,0.9934710282089798,1.0015232815350126,time_avg,0.26045244030857917,0.2372919391561622,11,0.8783685927648197,mild
55,early_growth_slope,-0.0012338683674378039,-5.412395910103099e-05,-0.00022987067357115796,0.002006674335144091,-0.0012174923733168502,0.0012968580593310654,-0.0031926242952717314,0.0030650709667021307,0.0025143504326479156,0.006257695261973862,0.0,1.0,0.001179744408336773,0.001003997693866646,0.001003997693866646,1.0080113692895434e-06,0.23574266677917513,0.2372919391561622,0.9934710282089798,0.23574266677917513,0.23765340158548612,0.9934710282089798,1.0015232815350126,time_avg,0.26045244030857917,0.2372919391561622,11,0.8783685927648197,mild
56,peak_time,10.0,11.37,11.0,1.0313764461812058,11.0,12.0,10.0,13.0,1.0,3.0,0.0,1.0,1.3699999999999992,1.0,1.0,1.0,0.671407743893877,0.06386143204699286,10.513509051908155,0.671407743893877,0.6761529406395218,10.513509051908155,10.587813629703295,time_avg,0.7181101287438748,0.06386143204699286,14,0.9096734319619803,mild
56,peak_height,0.7038492560386658,0.7029978835582733,0.7051564157009125,0.020308631150414702,0.6901720762252808,0.7171600461006165,0.6720844447612763,0.735800588130951,0.026987969875335693,0.06371614336967468,1.0,1.0,-0.0008513724803924649,0.001307159662246704,0.001307159662246704,1.7086663826049175e-06,0.671407743893877,0.06386143204699286,10.513509051908155,0.671407743893877,0.6761529406395218,10.513509051908155,10.587813629703295,time_avg,0.7181101287438748,0.06386143204699286,14,0.9096734319619803,mild
56,cumulative_infected,14.424381185323,14.693504482922144,14.65435570909176,0.6342642822039686,14.349049040582031,15.211801839992404,13.632612463051919,15.672988282702864,0.862752799410373,2.0403758196509454,1.0,1.0,0.269123297599144,0.22997452376876026,0.22997452376876026,0.05288828158266808,0.671407743893877,0.06386143204699286,10.513509051908155,0.671407743893877,0.6761529406395218,10.513509051908155,10.587813629703295,time_avg,0.7181101287438748,0.06386143204699286,14,0.9096734319619803,mild
56,early_growth_slope,0.06340402539353816,0.05459778230731551,0.05472413466555909,0.006724150465806488,0.04983999701064367,0.05907015315356795,0.04441995928950962,0.06540271670396794,0.00923015614292428,0.02098275741445832,0.0,1.0,-0.008806243086222652,-0.008679890727979075,0.008679890727979075,7.534050304965713e-05,0.671407743893877,0.06386143204699286,10.513509051908155,0.671407743893877,0.6761529406395218,10.513509051908155,10.587813629703295,time_avg,0.7181101287438748,0.06386143204699286,14,0.9096734319619803,mild
57,peak_time,10.0,12.33,12.0,1.1896438648824805,11.75,13.0,11.0,14.049999999999997,1.25,3.049999999999997,0.0,0.0,2.33,2.0,2.0,4.0,0.6555552748355941,0.3244582308151546,2.0204612260524435,0.6555552748355941,0.6567460357139655,2.0204612260524435,2.024131223498278,time_avg,0.6867831191223527,0.3244582308151546,10,0.9431628351489895,mild
57,peak_height,0.1959342211484909,0.19181935235857964,0.19143924117088318,0.017982641496174758,0.17811254784464836,0.20350946485996246,0.1645595386624336,0.22050226628780364,0.025396917015314102,0.05594272762537003,1.0,1.0,-0.004114868789911269,-0.004494979977607727,0.004494979977607727,2.0204844999094362e-05,0.6555552748355941,0.3244582308151546,2.0204612260524435,0.6555552748355941,0.6567460357139655,2.0204612260524435,2.024131223498278,time_avg,0.6867831191223527,0.3244582308151546,10,0.9431628351489895,mild
57,cumulative_infected,2.7133157216740074,2.579541258229183,2.563368032046128,0.1599083673898779,2.4605126845563063,2.7056882004144427,2.363947564578848,2.8569216835136104,0.24517551585813635,0.4929741189347623,0.0,1.0,-0.13377446344482458,-0.1499476896278793,0.1499476896278793,0.02248430962473882,0.6555552748355941,0.3244582308151546,2.0204612260524435,0.6555552748355941,0.6567460357139655,2.0204612260524435,2.024131223498278,time_avg,0.6867831191223527,0.3244582308151546,10,0.9431628351489895,mild
57,early_growth_slope,0.00793828382267661,0.011143164380042607,0.011464287260813371,0.0027545368229235884,0.009232101648757676,0.013108433512180842,0.006677817364799835,0.015105600245546413,0.0038763318634231665,0.008427782880746578,0.0,1.0,0.0032048805573659973,0.003526003438136761,0.003526003438136761,1.243270024575226e-05,0.6555552748355941,0.3244582308151546,2.0204612260524435,0.6555552748355941,0.6567460357139655,2.0204612260524435,2.024131223498278,time_avg,0.6867831191223527,0.3244582308151546,10,0.9431628351489895,mild
58,peak_time,12.0,12.01,12.0,1.0777361233229363,11.0,13.0,10.0,14.0,2.0,4.0,1.0,1.0,0.009999999999999787,0.0,0.0,0.0,0.6558695424169292,0.24642867036992627,2.661498523821806,0.6558695424169292,0.6823307709670283,2.661498523821806,2.7688773791732424,time_avg,0.6858457837666214,0.24642867036992627,26,0.9089438117285139,mild
58,peak_height,0.2767248749732971,0.2725826397538185,0.2699250280857086,0.0170515646848914,0.26233621686697006,0.2828659191727638,0.24742943793535233,0.30327546298503877,0.020529702305793762,0.05584602504968644,1.0,1.0,-0.004142235219478596,-0.006799846887588501,0.006799846887588501,4.6237917694647024e-05,0.6558695424169292,0.24642867036992627,2.661498523821806,0.6558695424169292,0.6823307709670283,2.661498523821806,2.7688773791732424,time_avg,0.6858457837666214,0.24642867036992627,26,0.9089438117285139,mild
58,cumulative_infected,3.784195509797428,3.6614335195868626,3.6418832988711074,0.17399420015600947,3.5603204044746235,3.746228403528221,3.381872105331058,3.952346765680704,0.18590799905359745,0.570474660349646,0.0,1.0,-0.12276199021056522,-0.1423122109263204,0.1423122109263204,0.02025276537873751,0.6558695424169292,0.24642867036992627,2.661498523821806,0.6558695424169292,0.6823307709670283,2.661498523821806,2.7688773791732424,time_avg,0.6858457837666214,0.24642867036992627,26,0.9089438117285139,mild
58,early_growth_slope,0.021464927676355553,0.017093454130689287,0.017061457398258855,0.002884076730547706,0.015349109817872795,0.019019514993054876,0.012462972229834468,0.02063653470305282,0.0036704051751820805,0.00817356247321835,0.0,0.0,-0.004371473545666266,-0.004403470278096698,0.004403470278096698,1.9390550490081012e-05,0.6558695424169292,0.24642867036992627,2.661498523821806,0.6558695424169292,0.6823307709670283,2.661498523821806,2.7688773791732424,time_avg,0.6858457837666214,0.24642867036992627,26,0.9089438117285139,mild
59,peak_time,11.0,11.72,12.0,0.9543097352050176,11.0,12.0,10.0,13.0,1.0,3.0,1.0,1.0,0.7200000000000006,1.0,1.0,1.0,0.664095877056881,0.19346178710744216,3.432697934750621,0.664095877056881,0.6772611449953666,3.432697934750621,3.5007489340478313,time_avg,0.6796018861480377,0.19346178710744216,26,0.9524660153760376,mild
59,peak_height,0.3628723919391632,0.35496871381998063,0.3524278700351715,0.019596560685457835,0.34175603091716766,0.3651069551706314,0.3291968390345573,0.3890062287449837,0.023350924253463745,0.059809389710426375,1.0,1.0,-0.007903678119182578,-0.0104445219039917,0.0104445219039917,0.00010908803780296239,0.664095877056881,0.19346178710744216,3.432697934750621,0.664095877056881,0.6772611449953666,3.432697934750621,3.5007489340478313,time_avg,0.6796018861480377,0.19346178710744216,26,0.9524660153760376,mild
59,cumulative_infected,4.956289406400174,4.839837336719501,4.847424978623167,0.23654922820601954,4.676774113479041,5.017801522742957,4.492563889411395,5.185206686309539,0.3410274092639156,0.6926427968981441,1.0,1.0,-0.11645206968067257,-0.10886442777700722,0.10886442777700722,0.011851463635215222,0.664095877056881,0.19346178710744216,3.432697934750621,0.664095877056881,0.6772611449953666,3.432697934750621,3.5007489340478313,time_avg,0.6796018861480377,0.19346178710744216,26,0.9524660153760376,mild
59,early_growth_slope,0.026666668942198154,0.022981320266219317,0.02284642211244707,0.003268414491434554,0.02061444229634833,0.025291926986158477,0.018092530336607956,0.02894717057566767,0.004677484689810146,0.010854640239059715,0.0,1.0,-0.003685348675978837,-0.003820246829751083,0.003820246829751083,1.4594285840223201e-05,0.664095877056881,0.19346178710744216,3.432697934750621,0.664095877056881,0.6772611449953666,3.432697934750621,3.5007489340478313,time_avg,0.6796018861480377,0.19346178710744216,26,0.9524660153760376,mild
60,peak_time,2.0,22.85,21.5,14.811526360619053,10.75,35.0,1.9500000000000002,46.05,24.25,44.099999999999994,0.0,1.0,20.85,19.5,19.5,380.25,0.12291093019326911,0.1945119586377279,0.6318939516833855,0.12291093019326911,0.12730201054095514,0.6318939516833855,0.6544688122649103,time_avg,0.1290172153658571,0.1945119586377279,25,0.9053415444555631,mild
60,peak_height,0.06308336555957794,0.052346053216606375,0.04868621006608009,0.017739205287105674,0.042782703414559364,0.05680113099515438,0.0344762809574604,0.07415925897657867,0.014018427580595016,0.03968297801911827,0.0,1.0,-0.010737312342971567,-0.014397155493497849,0.014397155493497849,0.00020727808630395528,0.12291093019326911,0.1945119586377279,0.6318939516833855,0.12291093019326911,0.12730201054095514,0.6318939516833855,0.6544688122649103,time_avg,0.1290172153658571,0.1945119586377279,25,0.9053415444555631,mild
60,cumulative_infected,0.47758238774258643,0.6018485756187328,0.5038418147596531,0.4315394521370003,0.3991778376976072,0.5903356026683468,0.28133452162510364,1.199724921342566,0.19115776497073966,0.9183903997174624,1.0,1.0,0.1242661878761464,0.026259427017066628,0.026259427017066628,0.0006895575072646487,0.12291093019326911,0.1945119586377279,0.6318939516833855,0.12291093019326911,0.12730201054095514,0.6318939516833855,0.6544688122649103,time_avg,0.1290172153658571,0.1945119586377279,25,0.9053415444555631,mild
60,early_growth_slope,-0.0054588452219918706,-0.0002559824509015529,-0.00019463320911329752,0.0024095616893813946,-0.0019127140234819027,0.0013692426333104133,-0.004487846808262389,0.003705753026657649,0.0032819566567923158,0.008193599834920039,0.0,0.0,0.005202862771090317,0.005264212012878573,0.005264212012878573,2.771192811653508e-05,0.12291093019326911,0.1945119586377279,0.6318939516833855,0.12291093019326911,0.12730201054095514,0.6318939516833855,0.6544688122649103,time_avg,0.1290172153658571,0.1945119586377279,25,0.9053415444555631,mild
61,peak_time,12.0,12.51,12.0,1.2672646116575639,12.0,13.0,11.0,14.0,1.0,3.0,1.0,1.0,0.5099999999999998,0.0,0.0,0.0,0.6030059519552767,0.3284261206029424,1.8360474826065778,0.6030059519552767,0.6154074509872564,1.8360474826065778,1.8738078745303757,time_avg,0.6652794512738976,0.3284261206029424,13,0.8735067236836246,mild
61,peak_height,0.19722101092338562,0.1988627026975155,0.1982661783695221,0.01721292364280472,0.18772973865270615,0.20824327692389488,0.17376127913594247,0.22944176569581032,0.020513538271188736,0.05568048655986785,1.0,1.0,0.001641691774129872,0.0010451674461364746,0.0010451674461364746,1.0923749904634406e-06,0.6030059519552767,0.3284261206029424,1.8360474826065778,0.6030059519552767,0.6154074509872564,1.8360474826065778,1.8738078745303757,time_avg,0.6652794512738976,0.3284261206029424,13,0.8735067236836246,mild
61,cumulative_infected,2.8909083832986653,2.7166945203258956,2.73422751884209,0.16569295197826567,2.597493842651602,2.84635291271843,2.4415894799065425,2.9562299632816575,0.24885907006682828,0.514640483375115,0.0,1.0,-0.17421386297276964,-0.15668086445657536,0.15668086445657536,0.02454889328685974,0.6030059519552767,0.3284261206029424,1.8360474826065778,0.6030059519552767,0.6154074509872564,1.8360474826065778,1.8738078745303757,time_avg,0.6652794512738976,0.3284261206029424,13,0.8735067236836246,mild
61,early_growth_slope,0.011827566150930663,0.01065770696049661,0.010818250669953636,0.0029840649494380206,0.008446435306506739,0.012450456885354858,0.005757079692003095,0.015134074920899274,0.004004021578848119,0.009376995228896179,1.0,1.0,-0.0011698591904340527,-0.0010093154809770275,0.0010093154809770275,1.0187177401398884e-06,0.6030059519552767,0.3284261206029424,1.8360474826065778,0.6030059519552767,0.6154074509872564,1.8360474826065778,1.8738078745303757,time_avg,0.6652794512738976,0.3284261206029424,13,0.8735067236836246,mild
62,peak_time,25.0,23.05,23.0,14.80402279480449,11.0,34.25,0.0,48.0,23.25,48.0,1.0,1.0,-1.9499999999999993,-2.0,2.0,4.0,0.2520985295766131,0.46552312923419686,0.541538140094832,0.2520985295766131,0.256757650893634,0.541538140094832,0.5515464963384527,time_avg,0.2569461652524362,0.46552312923419686,17,0.9714146248031764,mild
62,peak_height,0.04751939699053764,0.05137584429234266,0.051548395305871964,0.013541119176983508,0.04076462425291538,0.05910949781537056,0.033825086802244185,0.07376274280250072,0.018344873562455177,0.03993765600025654,1.0,1.0,0.0038564473018050174,0.00402899831533432,0.00402899831533432,1.623282742496679e-05,0.2520985295766131,0.46552312923419686,0.541538140094832,0.2520985295766131,0.256757650893634,0.541538140094832,0.5515464963384527,time_avg,0.2569461652524362,0.46552312923419686,17,0.9714146248031764,mild
62,cumulative_infected,0.43774235260207206,0.5361770468161785,0.4852891408299911,0.25195432828853886,0.3776523816777626,0.5998455452572671,0.3055803609109716,1.0232075795880515,0.22219316357950447,0.7176272186770799,1.0,1.0,0.09843469421410644,0.047546788227919023,0.047546788227919023,0.002260697070790579,0.2520985295766131,0.46552312923419686,0.541538140094832,0.2520985295766131,0.256757650893634,0.541538140094832,0.5515464963384527,time_avg,0.2569461652524362,0.46552312923419686,17,0.9714146248031764,mild
62,early_growth_slope,-0.00341306632340309,-0.0005190761096695313,-0.0004314098789888822,0.002013703532544467,-0.0015466107580929611,0.0006274416827225305,-0.003812297708299452,0.0024513425022762783,0.002174052440815492,0.0062636402105757305,0.0,1.0,0.0028939902137335586,0.0029816564444142078,0.0029816564444142078,8.890275152516776e-06,0.2520985295766131,0.46552312923419686,0.541538140094832,0.2520985295766131,0.256757650893634,0.541538140094832,0.5515464963384527,time_avg,0.2569461652524362,0.46552312923419686,17,0.9714146248031764,mild
63,peak_time,8.0,9.76,10.0,1.4079141387961918,9.0,11.0,8.0,12.0,2.0,4.0,0.0,1.0,1.7599999999999998,2.0,2.0,4.0,0.9331052675796849,0.4532056735352181,2.0589002346352454,0.9331052675796849,0.9407058519636278,2.0589002346352454,2.0756709522757695,time_avg,0.9407598698000622,0.4532056735352181,30,0.9796584589061919,mild
63,peak_height,0.17809180915355682,0.16428366996347904,0.16294731199741364,0.014670142990744104,0.15512914210557938,0.17467670887708664,0.14041703939437866,0.18810736164450645,0.019547566771507263,0.04769032225012779,0.0,1.0,-0.013808139190077784,-0.015144497156143188,0.015144497156143188,0.00022935579411242912,0.9331052675796849,0.4532056735352181,2.0589002346352454,0.9331052675796849,0.9407058519636278,2.0589002346352454,2.0756709522757695,time_avg,0.9407598698000622,0.4532056735352181,30,0.9796584589061919,mild
63,cumulative_infected,1.8524957376066595,1.8460936381834199,1.86018747696653,0.10849624460888978,1.7537535452865995,1.9242779169653659,1.6664511694136308,2.016797703697603,0.17052437167876633,0.350346534283972,1.0,1.0,-0.00640209942323966,0.007691739359870553,0.007691739359870553,5.9162854380181865e-05,0.9331052675796849,0.4532056735352181,2.0589002346352454,0.9331052675796849,0.9407058519636278,2.0589002346352454,2.0756709522757695,time_avg,0.9407598698000622,0.4532056735352181,30,0.9796584589061919,mild
63,early_growth_slope,0.020390086674264493,0.015202554230172173,0.015533278191772597,0.00306399908672329,0.013663139546267864,0.017319206156701378,0.009715587176088732,0.019032015976318636,0.003656066610433514,0.009316428800229905,0.0,0.0,-0.00518753244409232,-0.004856808482491896,0.004856808482491896,2.3588588635605233e-05,0.9331052675796849,0.4532056735352181,2.0589002346352454,0.9331052675796849,0.9407058519636278,2.0589002346352454,2.0756709522757695,time_avg,0.9407598698000622,0.4532056735352181,30,0.9796584589061919,mild
64,peak_time,11.0,9.96,10.0,0.952614689932266,9.0,11.0,9.0,11.0,2.0,2.0,1.0,1.0,-1.0399999999999991,-1.0,1.0,1.0,0.7546887215828966,0.271317189481482,2.7815735634929455,0.7546887215828966,0.7772355286490682,2.7815735634929455,2.8646748484106506,time_avg,0.8130180448702262,0.271317189481482,12,0.9055997464350962,mild
64,peak_height,0.32212191820144653,0.29758652299642563,0.29500965774059296,0.023376933350523356,0.28241799771785736,0.30931223928928375,0.2627378612756729,0.3410414785146713,0.02689424157142639,0.07830361723899842,0.0,1.0,-0.024535395205020905,-0.027112260460853577,0.027112260460853577,0.0007350746672971642,0.7546887215828966,0.271317189481482,2.7815735634929455,0.7546887215828966,0.7772355286490682,2.7815735634929455,2.8646748484106506,time_avg,0.8130180448702262,0.271317189481482,12,0.9055997464350962,mild
64,cumulative_infected,3.4700698396191,3.4188343610822267,3.4146201906260103,0.19063205166605685,3.274706053256523,3.535931917023845,3.122162538737757,3.7355633941304403,0.26122586376732215,0.6134008553926833,1.0,1.0,-0.05123547853687338,-0.055449648993089795,0.055449648993089795,0.003074663573456864,0.7546887215828966,0.271317189481482,2.7815735634929455,0.7546887215828966,0.7772355286490682,2.7815735634929455,2.8646748484106506,time_avg,0.8130180448702262,0.271317189481482,12,0.9055997464350962,mild
64,early_growth_slope,0.03250718525738366,0.028120801298455688,0.02799615450203418,0.004548289119765885,0.025075934101117858,0.03182021837814577,0.020635350824644166,0.034768245075385826,0.006744284277027911,0.01413289425074166,0.0,1.0,-0.004386383958927969,-0.004511030755349477,0.004511030755349477,2.034939847570887e-05,0.7546887215828966,0.271317189481482,2.7815735634929455,0.7546887215828966,0.7772355286490682,2.7815735634929455,2.8646748484106506,time_avg,0.8130180448702262,0.271317189481482,12,0.9055997464350962,mild
65,peak_time,43.0,25.54,26.5,17.03615881208869,9.0,42.25,1.0,49.0,33.25,48.0,0.0,1.0,-17.46,-16.5,16.5,272.25,0.10928461720356453,0.1993788862511785,0.5481253269008998,0.10928461720356453,0.11223947560549187,0.5481253269008998,0.5629456444254184,time_avg,0.11345481410824892,0.1993788862511785,18,0.9425680371980301,mild
65,peak_height,0.03722969815135002,0.053052410408854486,0.0503490325063467,0.015820874256929383,0.042402369901537895,0.059768423438072205,0.03511687479913235,0.08722905367612838,0.01736605353653431,0.052112178876996026,0.0,1.0,0.015822712257504465,0.013119334354996681,0.013119334354996681,0.00017211693391819619,0.10928461720356453,0.1993788862511785,0.5481253269008998,0.10928461720356453,0.11223947560549187,0.5481253269008998,0.5629456444254184,time_avg,0.11345481410824892,0.1993788862511785,18,0.9425680371980301,mild
65,cumulative_infected,0.4402697281257133,0.6282302023456577,0.47512910780642414,0.36813336186937495,0.39715313237684313,0.6922590035537723,0.3104685186146526,1.4190999969607219,0.2951058711769292,1.1086314783460693,1.0,1.0,0.18796047421994444,0.034859379680710845,0.034859379680710845,0.001215176351723956,0.10928461720356453,0.1993788862511785,0.5481253269008998,0.10928461720356453,0.11223947560549187,0.5481253269008998,0.5629456444254184,time_avg,0.11345481410824892,0.1993788862511785,18,0.9425680371980301,mild
65,early_growth_slope,0.00017084548294189427,-7.946735190194988e-05,-0.0002047082525677966,0.001924847686032036,-0.001180508444944973,0.0013633982965811373,-0.003003323383052788,0.0028629638871366502,0.0025439067415261103,0.005866287270189438,1.0,1.0,-0.00025031283484384416,-0.00037555373550969085,0.00037555373550969085,1.4104060825528282e-07,0.10928461720356453,0.1993788862511785,0.5481253269008998,0.10928461720356453,0.11223947560549187,0.5481253269008998,0.5629456444254184,time_avg,0.11345481410824892,0.1993788862511785,18,0.9425680371980301,mild
66,peak_time,12.0,13.53,13.0,1.5534581820030828,12.0,14.25,11.0,16.0,2.25,5.0,1.0,1.0,1.5299999999999994,1.0,1.0,1.0,0.5828404201017942,0.27897290707603106,2.089236643839924,0.5828404201017942,0.5836231952599656,2.089236643839924,2.09204256204315,time_avg,0.6492422404934769,0.27897290707603106,10,0.8721551520946712,mild
66,peak_height,0.22556358575820923,0.2136861053109169,0.21305520087480545,0.017674181761354837,0.2016773521900177,0.2245420329272747,0.18526060059666632,0.24701524972915648,0.022864680737257004,0.06175464913249015,0.0,1.0,-0.011877480447292338,-0.012508384883403778,0.012508384883403778,0.00015645969239136415,0.5828404201017942,0.27897290707603106,2.089236643839924,0.5828404201017942,0.5836231952599656,2.089236643839924,2.09204256204315,time_avg,0.6492422404934769,0.27897290707603106,10,0.8721551520946712,mild
66,cumulative_infected,3.2132504521869123,3.0718278120562807,3.075249071815051,0.18108251237179374,2.935833307041321,3.186265697295312,2.8080909018492095,3.3369184947630854,0.2504323902539909,0.5288275929138759,0.0,1.0,-0.14142264013063155,-0.13800138037186116,0.13800138037186116,0.019044380984539106,0.5828404201017942,0.27897290707603106,2.089236643839924,0.5828404201017942,0.5836231952599656,2.089236643839924,2.09204256204315,time_avg,0.6492422404934769,0.27897290707603106,10,0.8721551520946712,mild
66,early_growth_slope,0.013295479562310943,0.011358643794060728,0.010891033780007133,0.0028246998977187665,0.009339144005658842,0.013294648524260122,0.007009043851645573,0.016776215369325307,0.00395550451860128,0.009767171517679734,0.0,1.0,-0.0019368357682502148,-0.00240444578230381,0.00240444578230381,5.7813595200385814e-06,0.5828404201017942,0.27897290707603106,2.089236643839924,0.5828404201017942,0.5836231952599656,2.089236643839924,2.09204256204315,time_avg,0.6492422404934769,0.27897290707603106,10,0.8721551520946712,mild
67,peak_time,11.0,14.03,14.0,1.720083390038654,13.0,15.0,11.0,17.0,2.0,6.0,0.0,1.0,3.0299999999999994,3.0,3.0,9.0,0.62361636396774,0.34321988838262557,1.8169587051217881,0.62361636396774,0.6522526705629839,1.8169587051217881,1.900392991899831,time_avg,0.6568974600625646,0.34321988838262557,27,0.8898607266727725,mild
67,peak_height,0.1459399163722992,0.16172458171844484,0.1596892774105072,0.016061874970864334,0.1510693095624447,0.1725470907986164,0.13650402352213858,0.19011290296912192,0.021477781236171722,0.05360887944698334,0.0,1.0,0.015784665346145643,0.013749361038208008,0.013749361038208008,0.0001890449289589924,0.62361636396774,0.34321988838262557,1.8169587051217881,0.62361636396774,0.6522526705629839,1.8169587051217881,1.900392991899831,time_avg,0.6568974600625646,0.34321988838262557,27,0.8898607266727725,mild
67,cumulative_infected,2.459892612241674,2.3708221309474493,2.3659992641187273,0.17245652424669997,2.2569048181612743,2.4793392828069045,2.0845471233245916,2.6257847712404327,0.22243446464563021,0.5412376479158412,1.0,1.0,-0.0890704812942249,-0.09389334812294692,0.09389334812294692,0.0088159608217369,0.62361636396774,0.34321988838262557,1.8169587051217881,0.62361636396774,0.6522526705629839,1.8169587051217881,1.900392991899831,time_avg,0.6568974600625646,0.34321988838262557,27,0.8898607266727725,mild
67,early_growth_slope,0.0012460315843955405,0.008191908902124503,0.008106840752242574,0.0025700487024530212,0.006528324934021969,0.010206652923010377,0.0031436273609177176,0.012072160537354647,0.003678327988988407,0.00892853317643693,0.0,0.0,0.0069458773177289625,0.006860809167847034,0.006860809167847034,4.707070243761391e-05,0.62361636396774,0.34321988838262557,1.8169587051217881,0.62361636396774,0.6522526705629839,1.8169587051217881,1.900392991899831,time_avg,0.6568974600625646,0.34321988838262557,27,0.8898607266727725,mild
68,peak_time,18.0,19.98,20.0,1.6635121662532941,19.0,21.0,17.95,22.049999999999997,2.0,4.099999999999998,0.0,1.0,1.9800000000000004,2.0,2.0,4.0,0.3809644858612637,0.10367238330717621,3.6746959383820137,0.3809644858612637,0.3841591749549829,3.6746959383820137,3.705511175688303,time_avg,0.3969083986669887,0.10367238330717621,26,0.9163119623482799,mild
68,peak_height,0.4027622938156128,0.401233948469162,0.40342387557029724,0.019835697312463204,0.3884761184453964,0.41322097182273865,0.37016686648130415,0.4316979169845581,0.024744853377342224,0.06153105050325397,1.0,1.0,-0.001528345346450799,0.0006615817546844482,0.0006615817546844482,4.3769041813135345e-07,0.3809644858612637,0.10367238330717621,3.6746959383820137,0.3809644858612637,0.3841591749549829,3.6746959383820137,3.705511175688303,time_avg,0.3969083986669887,0.10367238330717621,26,0.9163119623482799,mild
68,cumulative_infected,8.831547300796956,8.831850271622534,8.84504880825989,0.446343931446,8.57074673275929,9.146602248307317,8.099712894239929,9.559990296908653,0.575855515548028,1.4602774026687246,1.0,1.0,0.0003029708255777308,0.01350150746293366,0.01350150746293366,0.0001822907037716533,0.3809644858612637,0.10367238330717621,3.6746959383820137,0.3809644858612637,0.3841591749549829,3.6746959383820137,3.705511175688303,time_avg,0.3969083986669887,0.10367238330717621,26,0.9163119623482799,mild
68,early_growth_slope,0.01001851773998212,0.007435437522922905,0.007333192920279022,0.0026768624951422687,0.005341016148338981,0.009464510631958196,0.003513812150118784,0.01144005517604195,0.004123494483619215,0.007926243025923166,0.0,1.0,-0.002583080217059215,-0.002685324819703098,0.002685324819703098,7.210969387313477e-06,0.3809644858612637,0.10367238330717621,3.6746959383820137,0.3809644858612637,0.3841591749549829,3.6746959383820137,3.705511175688303,time_avg,0.3969083986669887,0.10367238330717621,26,0.9163119623482799,mild
69,peak_time,8.0,8.99,9.0,1.0298082590973188,8.0,10.0,7.95,11.0,2.0,3.05,1.0,1.0,0.9900000000000002,1.0,1.0,1.0,0.9205500171691865,0.42726747519896874,2.1545052469545154,0.9205500171691865,0.9646631582651137,2.1545052469545154,2.2577500377623925,time_avg,0.964894141280031,0.42726747519896874,30,0.885106245820869,mild
69,peak_height,0.21341867744922638,0.194338089376688,0.19500131160020828,0.01820872175255679,0.18389848992228508,0.20619167014956474,0.16026887744665147,0.22309979125857352,0.022293180227279663,0.06283091381192205,0.0,1.0,-0.019080588072538374,-0.018417365849018097,0.018417365849018097,0.0003391993648165781,0.9205500171691865,0.42726747519896874,2.1545052469545154,0.9205500171691865,0.9646631582651137,2.1545052469545154,2.2577500377623925,time_avg,0.964894141280031,0.42726747519896874,30,0.885106245820869,mild
69,cumulative_infected,2.2422401142539456,2.0921752156393905,2.078857566404622,0.15848183084398984,1.987519644850181,2.196010286512319,1.8647563743696083,2.371670785537617,0.20849064166213793,0.5069144111680088,0.0,1.0,-0.1500648986145552,-0.1633825478493236,0.1633825478493236,0.026693856941736517,0.9205500171691865,0.42726747519896874,2.1545052469545154,0.9205500171691865,0.9646631582651137,2.1545052469545154,2.2577500377623925,time_avg,0.964894141280031,0.42726747519896874,30,0.885106245820869,mild
69,early_growth_slope,0.021792654180899255,0.020016558421928142,0.019904349963845946,0.003988557335136255,0.017607339297509968,0.022713303312359906,0.013974739639421124,0.026327361405960144,0.005105964014849938,0.012352621766539021,1.0,1.0,-0.0017760957589711135,-0.0018883042170533097,0.0018883042170533097,3.565692816141313e-06,0.9205500171691865,0.42726747519896874,2.1545052469545154,0.9205500171691865,0.9646631582651137,2.1545052469545154,2.2577500377623925,time_avg,0.964894141280031,0.42726747519896874,30,0.885106245820869,mild
70,peak_time,29.0,29.46,29.5,2.367370787275294,28.0,31.0,25.0,33.0,3.0,8.0,1.0,1.0,0.46000000000000085,0.5,0.5,0.25,0.26731694302008846,0.09106882650441542,2.9353287319138537,0.26731694302008846,0.264332364153371,2.9353287319138537,2.9025559491595625,time_avg,0.2791514826197025,0.09106882650441542,30,0.8940132836788782,mild
70,peak_height,0.3467494547367096,0.3374453416466713,0.3377995789051056,0.03235387789555416,0.3137603774666786,0.3575592488050461,0.2833075925707817,0.3914598762989044,0.04379887133836746,0.10815228372812269,1.0,1.0,-0.009304113090038313,-0.008949875831604004,0.008949875831604004,8.010027740112946e-05,0.26731694302008846,0.09106882650441542,2.9353287319138537,0.26731694302008846,0.264332364153371,2.9353287319138537,2.9025559491595625,time_avg,0.2791514826197025,0.09106882650441542,30,0.8940132836788782,mild
70,cumulative_infected,8.589382776990533,8.700942209564237,8.688301844056696,0.7825283612571295,8.19853900698945,9.222942765860353,7.52020257844124,10.014983397521428,1.0244037588709034,2.494780819080188,1.0,1.0,0.1115594325737046,0.09891906706616282,0.09891906706616282,0.009784981829240019,0.26731694302008846,0.09106882650441542,2.9353287319138537,0.26731694302008846,0.264332364153371,2.9353287319138537,2.9025559491595625,time_avg,0.2791514826197025,0.09106882650441542,30,0.8940132836788782,mild
70,early_growth_slope,0.000661889224180153,0.0024651070898759524,0.00269801009909272,0.002828109264001212,0.0009273054962423423,0.004216431890242909,-0.002708719556297485,0.0069148716965823295,0.0032891263940005673,0.009623591252879815,0.0,1.0,0.0018032178656957995,0.002036120874912567,0.002036120874912567,4.145788217254717e-06,0.26731694302008846,0.09106882650441542,2.9353287319138537,0.26731694302008846,0.264332364153371,2.9353287319138537,2.9025559491595625,time_avg,0.2791514826197025,0.09106882650441542,30,0.8940132836788782,mild
71,peak_time,36.0,23.29,21.5,15.174603317997668,10.0,36.0,1.0,47.05,26.0,46.05,1.0,1.0,-12.71,-14.5,14.5,210.25,0.12119176384040317,0.24478379864164718,0.4950971613028305,0.12119176384040317,0.12787627683326902,0.4950971613028305,0.522404985717516,time_avg,0.12868088007638212,0.24478379864164718,23,0.8922238194042565,mild
71,peak_height,0.04296451061964035,0.05076258869841695,0.047756386920809746,0.02389639469007722,0.04152521677315235,0.05517509672790766,0.03123333528637886,0.06832134388387202,0.013649879954755306,0.037088008597493165,1.0,1.0,0.007798078078776596,0.0047918763011693954,0.0047918763011693954,2.2962078485708887e-05,0.12119176384040317,0.24478379864164718,0.4950971613028305,0.12119176384040317,0.12787627683326902,0.4950971613028305,0.522404985717516,time_avg,0.12868088007638212,0.24478379864164718,23,0.8922238194042565,mild
71,cumulative_infected,0.42386634391732514,0.5971831582460095,0.4938468553009443,0.661776409242906,0.38841999897704227,0.5797828677677899,0.30020709091986647,1.141045898880111,0.1913628687907476,0.8408388079602447,1.0,1.0,0.1733168143286844,0.06998051138361916,0.06998051138361916,0.004897271973512851,0.12119176384040317,0.24478379864164718,0.4950971613028305,0.12119176384040317,0.12787627683326902,0.4950971613028305,0.522404985717516,time_avg,0.12868088007638212,0.24478379864164718,23,0.8922238194042565,mild
71,early_growth_slope,-0.0023638938243190424,-0.00021463355137322067,-0.00018937461815463983,0.002103708435495539,-0.0016244944445567102,0.0009851680778887213,-0.00361749033998508,0.0036173293048271994,0.0026096625224454315,0.00723481964481228,0.0,1.0,0.002149260272945822,0.0021745192061644026,0.0021745192061644026,4.728533777977864e-06,0.12119176384040317,0.24478379864164718,0.4950971613028305,0.12119176384040317,0.12787627683326902,0.4950971613028305,0.522404985717516,time_avg,0.12868088007638212,0.24478379864164718,23,0.8922238194042565,mild
72,peak_time,27.0,21.03,17.0,16.319694367310447,6.0,36.25,0.9500000000000002,47.05,30.25,46.099999999999994,1.0,1.0,-5.969999999999999,-10.0,10.0,100.0,0.24235707198171963,0.3737160540142773,0.6485059161318788,0.24235707198171963,0.252864802615363,0.6485059161318788,0.6766227993130384,time_avg,0.25352098817606294,0.3737160540142773,27,0.9042707146032157,mild
72,peak_height,0.033899419009685516,0.05359947718679905,0.05041112191975117,0.014762446360988491,0.04388918075710535,0.060937332920730114,0.036977882497012615,0.07547641806304452,0.017048152163624763,0.0384985355660319,0.0,0.0,0.01970005817711353,0.01651170291006565,0.01651170291006565,0.0002726363329902705,0.24235707198171963,0.3737160540142773,0.6485059161318788,0.24235707198171963,0.252864802615363,0.6485059161318788,0.6766227993130384,time_avg,0.25352098817606294,0.3737160540142773,27,0.9042707146032157,mild
72,cumulative_infected,0.39727780094835907,0.5830693387606152,0.5041894451205735,0.28532329884129676,0.42114877714629984,0.6250685791746946,0.3309608810232021,1.1350015691539739,0.20391980202839477,0.8040406881307718,0.0,1.0,0.1857915378122561,0.10691164417221444,0.10691164417221444,0.011430099659606193,0.24235707198171963,0.3737160540142773,0.6485059161318788,0.24235707198171963,0.252864802615363,0.6485059161318788,0.6766227993130384,time_avg,0.25352098817606294,0.3737160540142773,27,0.9042707146032157,mild
72,early_growth_slope,-0.0009817230637140912,-0.00026235627130994304,-0.00011823167698734975,0.0023196363365648102,-0.0015500901839307813,0.0008919823047194983,-0.00400290726517726,0.003600952811497596,0.0024420724886502795,0.007603860076674856,1.0,1.0,0.0007193667924041481,0.0008634913867267414,0.0008634913867267414,7.45617374951271e-07,0.24235707198171963,0.3737160540142773,0.6485059161318788,0.24235707198171963,0.252864802615363,0.6485059161318788,0.6766227993130384,time_avg,0.25352098817606294,0.3737160540142773,27,0.9042707146032157,mild
73,peak_time,13.0,22.03,19.0,14.54873731894825,11.0,34.0,1.0,46.0,23.0,45.0,1.0,1.0,9.030000000000001,6.0,6.0,36.0,0.12090649044716223,0.2714882301583751,0.44534707960131587,0.12090649044716223,0.12675937417228272,0.44534707960131587,0.46690559696947637,time_avg,0.12722708004934427,0.2714882301583751,21,0.9143455286767749,mild
73,peak_height,0.0370512418448925,0.05110210819169879,0.048474447801709175,0.011945261235115396,0.04354359582066536,0.058540502563118935,0.036002442985773084,0.07462259270250797,0.014996906742453575,0.038620149716734886,0.0,1.0,0.014050866346806287,0.011423205956816673,0.011423205956816673,0.00013048963433185193,0.12090649044716223,0.2714882301583751,0.44534707960131587,0.12090649044716223,0.12675937417228272,0.44534707960131587,0.46690559696947637,time_avg,0.12722708004934427,0.2714882301583751,21,0.9143455286767749,mild
73,cumulative_infected,0.4250303848530166,0.5695549777822623,0.49926446198696794,0.25393819000143025,0.4292373417993076,0.595734146569157,0.3323601986267022,1.1241410325223113,0.1664968047698494,0.7917808338956092,0.0,1.0,0.1445245929292457,0.07423407713395136,0.07423407713395136,0.00551069820792944,0.12090649044716223,0.2714882301583751,0.44534707960131587,0.12090649044716223,0.12675937417228272,0.44534707960131587,0.46690559696947637,time_avg,0.12722708004934427,0.2714882301583751,21,0.9143455286767749,mild
73,early_growth_slope,0.0006087403079228742,-0.00013909022971382554,-0.00011289967317549873,0.0023355019535817624,-0.0014015445257038132,0.001400679858523377,-0.004184729031736162,0.003231447873293376,0.00280222438422719,0.007416176905029538,1.0,1.0,-0.0007478305376366998,-0.000721639981098373,0.000721639981098373,5.207642623196601e-07,0.12090649044716223,0.2714882301583751,0.44534707960131587,0.12090649044716223,0.12675937417228272,0.44534707960131587,0.46690559696947637,time_avg,0.12722708004934427,0.2714882301583751,21,0.9143455286767749,mild
74,peak_time,25.0,20.44,17.0,14.604081344582818,8.0,31.25,0.9500000000000002,47.0,23.25,46.05,1.0,1.0,-4.559999999999999,-8.0,8.0,64.0,0.1789072736691082,0.16604354449852726,1.0774720222302592,0.1789072736691082,0.17858872936467352,1.0774720222302592,1.0755535838748462,time_avg,0.1952040934100503,0.16604354449852726,10,0.8956424308511514,mild
74,peak_height,0.0534452386200428,0.055139447804540394,0.052895912900567055,0.01527510831667689,0.04535642359405756,0.0632025022059679,0.0340096864849329,0.08500759452581405,0.017846078611910343,0.050997908040881154,1.0,1.0,0.0016942091844975929,-0.0005493257194757462,0.0005493257194757462,3.0175874607754616e-07,0.1789072736691082,0.16604354449852726,1.0774720222302592,0.1789072736691082,0.17858872936467352,1.0774720222302592,1.0755535838748462,time_avg,0.1952040934100503,0.16604354449852726,10,0.8956424308511514,mild
74,cumulative_infected,0.6224217313574627,0.6851241299974811,0.5811466216982808,0.3734825134303603,0.4571845774943881,0.767278341925703,0.3740864980063634,1.3509175636165305,0.31009376443131487,0.9768310656101671,1.0,1.0,0.06270239864001836,-0.04127510965918191,0.04127510965918191,0.0017036346773774916,0.1789072736691082,0.16604354449852726,1.0774720222302592,0.1789072736691082,0.17858872936467352,1.0774720222302592,1.0755535838748462,time_avg,0.1952040934100503,0.16604354449852726,10,0.8956424308511514,mild
74,early_growth_slope,0.0024946759443818813,-0.00013621517712286729,-6.613058559153045e-05,0.002529732544077567,-0.0019751884506799136,0.0013894204974002648,-0.003965552658510636,0.0043217348425796,0.0033646089480801784,0.008287287501090236,0.0,1.0,-0.0026308911215047488,-0.0025608065299734116,0.0025608065299734116,6.557730083954465e-06,0.1789072736691082,0.16604354449852726,1.0774720222302592,0.1789072736691082,0.17858872936467352,1.0774720222302592,1.0755535838748462,time_avg,0.1952040934100503,0.16604354449852726,10,0.8956424308511514,mild
75,peak_time,27.0,26.68,27.0,10.28471455779661,21.0,32.0,7.0,44.05,11.0,37.05,1.0,1.0,-0.3200000000000003,0.0,0.0,0.0,0.2722684016233004,0.19841472729635684,1.3722187124579417,0.2722684016233004,0.26869929403480214,1.3722187124579417,1.3542305941507389,time_avg,0.2886835928424735,0.19841472729635684,17,0.9138451146380053,mild
75,peak_height,0.07390448451042175,0.0944706128910184,0.08338713645935059,0.03487802254496825,0.07158672995865345,0.1136695072054863,0.04902065470814705,0.1578979440033436,0.04208277724683285,0.10887728929519654,1.0,1.0,0.02056612838059664,0.009482651948928833,0.009482651948928833,8.99206879845238e-05,0.2722684016233004,0.19841472729635684,1.3722187124579417,0.2722684016233004,0.26869929403480214,1.3722187124579417,1.3542305941507389,time_avg,0.2886835928424735,0.19841472729635684,17,0.9138451146380053,mild
75,cumulative_infected,1.8405268457718194,1.8991111629716761,1.6463998559629545,0.9824614428333399,1.1466982823912986,2.4315338210435584,0.6257851521659177,3.7068829587544316,1.2848355386522599,3.081097806588514,1.0,1.0,0.058584317199856795,-0.1941269898088649,0.1941269898088649,0.037685288172251134,0.2722684016233004,0.19841472729635684,1.3722187124579417,0.2722684016233004,0.26869929403480214,1.3722187124579417,1.3542305941507389,time_avg,0.2886835928424735,0.19841472729635684,17,0.9138451146380053,mild
75,early_growth_slope,0.0012221016610662167,0.000984357770440901,0.0009055029950104659,0.002792771422091418,-0.0010636831901224674,0.002869764034888551,-0.0032768601479585308,0.005666673187321672,0.003933447225011018,0.008943533335280203,1.0,1.0,-0.0002377438906253158,-0.0003165986660557508,0.0003165986660557508,1.0023471534828079e-07,0.2722684016233004,0.19841472729635684,1.3722187124579417,0.2722684016233004,0.26869929403480214,1.3722187124579417,1.3542305941507389,time_avg,0.2886835928424735,0.19841472729635684,17,0.9138451146380053,mild
76,peak_time,36.0,20.87,19.0,14.880435939090418,8.75,32.0,1.9500000000000002,46.0,23.25,44.05,0.0,1.0,-15.129999999999999,-17.0,17.0,289.0,0.10572119883947374,0.46346005926641953,0.22811285832658995,0.10572119883947374,0.11933573739197936,0.22811285832658995,0.2574887199144368,time_avg,0.11987591206446396,0.46346005926641953,10,0.8524024449405396,mild
76,peak_height,0.04125339165329933,0.05207072732970119,0.04835985787212849,0.013705221832459072,0.04290495999157429,0.060692920349538326,0.035402990877628326,0.07424761839210986,0.01778796035796404,0.03884462751448153,0.0,1.0,0.010817335676401856,0.007106466218829155,0.007106466218829155,5.050186211935995e-05,0.10572119883947374,0.46346005926641953,0.22811285832658995,0.10572119883947374,0.11933573739197936,0.22811285832658995,0.2574887199144368,time_avg,0.11987591206446396,0.46346005926641953,10,0.8524024449405396,mild
76,cumulative_infected,0.4233484803480678,0.5723291171115988,0.5114315901009832,0.271701556118937,0.41981767328979913,0.6399107014185574,0.3040499728558643,1.074295024012099,0.2200930281287583,0.7702450511562347,1.0,1.0,0.14898063676353102,0.08808310975291533,0.08808310975291533,0.007758634223744129,0.10572119883947374,0.46346005926641953,0.22811285832658995,0.10572119883947374,0.11933573739197936,0.22811285832658995,0.2574887199144368,time_avg,0.11987591206446396,0.46346005926641953,10,0.8524024449405396,mild
76,early_growth_slope,0.002009016275960242,-0.00024874001119011693,-0.0004493306048624658,0.0022702641277834103,-0.002004853207316564,0.001121058842532615,-0.0033011996952284632,0.0036398280234563912,0.0031259120498491793,0.0069410277186848545,0.0,1.0,-0.0022577562871503587,-0.0024583468808227074,0.0024583468808227074,6.043469386450735e-06,0.10572119883947374,0.46346005926641953,0.22811285832658995,0.10572119883947374,0.11933573739197936,0.22811285832658995,0.2574887199144368,time_avg,0.11987591206446396,0.46346005926641953,10,0.8524024449405396,mild
77,peak_time,14.0,15.34,15.0,3.146972250184984,13.0,17.0,10.0,20.049999999999997,4.0,10.049999999999997,1.0,1.0,1.3399999999999999,1.0,1.0,1.0,0.6759676052899485,0.44512069686846634,1.5186164338022181,0.6759676052899485,0.6803144117984578,1.5186164338022181,1.5283818896417019,time_avg,0.681268302894532,0.44512069686846634,28,0.9823167466338414,mild
77,peak_height,0.09019486606121063,0.09748626962304115,0.0948362872004509,0.016287386608380066,0.08799807913601398,0.10514372028410435,0.07572117522358894,0.12827584967017175,0.017145641148090363,0.05255467444658281,1.0,1.0,0.0072914035618305145,0.004641421139240265,0.004641421139240265,2.15427901917864e-05,0.6759676052899485,0.44512069686846634,1.5186164338022181,0.6759676052899485,0.6803144117984578,1.5186164338022181,1.5283818896417019,time_avg,0.681268302894532,0.44512069686846634,28,0.9823167466338414,mild
77,cumulative_infected,1.5427477781195194,1.471107257230542,1.4699761486663192,0.17877522984004052,1.3325522843806539,1.584637570362247,1.1882656378555112,1.7547892621689243,0.2520852859815932,0.5665236243134131,1.0,1.0,-0.07164052088897743,-0.07277162945320015,0.07277162945320015,0.0052957100532738674,0.6759676052899485,0.44512069686846634,1.5186164338022181,0.6759676052899485,0.6803144117984578,1.5186164338022181,1.5283818896417019,time_avg,0.681268302894532,0.44512069686846634,28,0.9823167466338414,mild
77,early_growth_slope,0.002974231730193076,0.003561042106708296,0.0034260349348187447,0.0024590932795284823,0.002202610478326236,0.005194472462227123,-0.0005081393035306103,0.007326385515209817,0.002991861983900887,0.007834524818740427,1.0,1.0,0.0005868103765152197,0.0004518032046256686,0.0004518032046256686,2.0412613571002378e-07,0.6759676052899485,0.44512069686846634,1.5186164338022181,0.6759676052899485,0.6803144117984578,1.5186164338022181,1.5283818896417019,time_avg,0.681268302894532,0.44512069686846634,28,0.9823167466338414,mild
78,peak_time,10.0,11.36,11.0,0.9589556609124112,11.0,12.0,10.0,13.0,1.0,3.0,0.0,1.0,1.3599999999999994,1.0,1.0,1.0,0.7047527818552795,0.06036938635411579,11.67400936828028,0.7047527818552795,0.7101171319344481,11.67400936828028,11.762868149247547,time_avg,0.7174105271989549,0.06036938635411579,26,0.9632423810363032,mild
78,peak_height,0.7254431247711182,0.7173449671268464,0.7190418243408203,0.02030263908703276,0.7028262466192245,0.7295074909925461,0.6851529657840729,0.7496313393115998,0.026681244373321533,0.06447837352752683,1.0,1.0,-0.008098157644271797,-0.0064013004302978516,0.0064013004302978516,4.097664719893146e-05,0.7047527818552795,0.06036938635411579,11.67400936828028,0.7047527818552795,0.7101171319344481,11.67400936828028,11.762868149247547,time_avg,0.7174105271989549,0.06036938635411579,26,0.9632423810363032,mild
78,cumulative_infected,15.303990207612514,15.476048503003549,15.532367405481637,0.6576487414608662,15.109257316682488,15.883877366315573,14.350879381393316,16.50499596223235,0.7746200496330857,2.154116580839034,1.0,1.0,0.17205829539103412,0.22837719786912203,0.22837719786912203,0.052156144506552114,0.7047527818552795,0.06036938635411579,11.67400936828028,0.7047527818552795,0.7101171319344481,11.67400936828028,11.762868149247547,time_avg,0.7174105271989549,0.06036938635411579,26,0.9632423810363032,mild
78,early_growth_slope,0.059420631300391887,0.05656944292874175,0.056275123131594475,0.006280776207515446,0.051927817749813004,0.06153464113594964,0.046823403873990865,0.06669784648388268,0.009606823386136637,0.01987444260989181,1.0,1.0,-0.0028511883716501388,-0.003145508168797412,0.003145508168797412,9.894221639971247e-06,0.7047527818552795,0.06036938635411579,11.67400936828028,0.7047527818552795,0.7101171319344481,11.67400936828028,11.762868149247547,time_avg,0.7174105271989549,0.06036938635411579,26,0.9632423810363032,mild
79,peak_time,42.0,21.98,21.0,15.928489183747708,5.75,35.25,1.9500000000000002,48.0,29.5,46.05,0.0,1.0,-20.02,-21.0,21.0,441.0,0.15487113275225087,0.3963592205471857,0.39073427518211046,0.15487113275225087,0.1644064172147197,0.39073427518211046,0.41479145353992714,time_avg,0.165658333592008,0.3963592205471857,10,0.918603545277079,mild
79,peak_height,0.05145511403679848,0.052223397810012104,0.048839271068573,0.016827088140093094,0.04273702669888735,0.0571559127420187,0.03556111175566912,0.07432928383350372,0.014418886043131351,0.0387681720778346,1.0,1.0,0.0007682837732136266,-0.002615842968225479,0.002615842968225479,6.842634434414685e-06,0.15487113275225087,0.3963592205471857,0.39073427518211046,0.15487113275225087,0.1644064172147197,0.39073427518211046,0.41479145353992714,time_avg,0.165658333592008,0.3963592205471857,10,0.918603545277079,mild
79,cumulative_infected,0.4733436819515191,0.5975004806165635,0.49913193823886104,0.39929219941414457,0.40353904775111005,0.617472393103526,0.3030768280499615,1.2382630007705295,0.21393334535241593,0.935186172720568,1.0,1.0,0.12415679866504437,0.025788256287341937,0.025788256287341937,0.0006650341623416309,0.15487113275225087,0.3963592205471857,0.39073427518211046,0.15487113275225087,0.1644064172147197,0.39073427518211046,0.41479145353992714,time_avg,0.165658333592008,0.3963592205471857,10,0.918603545277079,mild
79,early_growth_slope,0.0021355562507995355,-0.0007048457885758529,-0.0009036210017040408,0.0024744370161525206,-0.002525274719422061,0.0011401733163763444,-0.003931278729855657,0.003435994994487417,0.0036654480357984054,0.007367273724343074,0.0,1.0,-0.0028404020393753885,-0.0030391772525035763,0.0030391772525035763,9.236598372135188e-06,0.15487113275225087,0.3963592205471857,0.39073427518211046,0.15487113275225087,0.1644064172147197,0.39073427518211046,0.41479145353992714,time_avg,0.165658333592008,0.3963592205471857,10,0.918603545277079,mild
80,peak_time,0.0,22.03,20.0,14.516764951133727,10.0,34.5,1.9500000000000002,45.05,24.5,43.099999999999994,0.0,0.0,22.03,20.0,20.0,400.0,0.39310672655203804,0.41308465617465256,0.9516372023894109,0.39310672655203804,0.40665806460875736,0.9516372023894109,0.9844424345716244,time_avg,0.4208321475747494,0.41308465617465256,23,0.8779956033298035,mild
80,peak_height,0.04171193018555641,0.05120186310261488,0.047950463369488716,0.015001817643708256,0.043375817127525806,0.05613838601857424,0.03432386741042137,0.07099272683262825,0.012762568891048431,0.03666885942220688,0.0,1.0,0.00948993291705847,0.006238533183932304,0.006238533183932304,3.8919296287024535e-05,0.39310672655203804,0.41308465617465256,0.9516372023894109,0.39310672655203804,0.40665806460875736,0.9516372023894109,0.9844424345716244,time_avg,0.4208321475747494,0.41308465617465256,23,0.8779956033298035,mild
80,cumulative_infected,0.45707750640576705,0.5508503022146851,0.48296743957325816,0.3244287470253939,0.40686455537797883,0.6319351255076526,0.31416909817853594,0.8441225410031616,0.2250705701296738,0.5299534428246258,1.0,1.0,0.09377279580891806,0.025889933167491108,0.025889933167491108,0.0006702886394171562,0.39310672655203804,0.41308465617465256,0.9516372023894109,0.39310672655203804,0.40665806460875736,0.9516372023894109,0.9844424345716244,time_avg,0.4208321475747494,0.41308465617465256,23,0.8779956033298035,mild
80,early_growth_slope,-0.002848286503216339,-0.00018885474343733146,-0.00020523288670422756,0.0019695929562669255,-0.0014005894973663426,0.0010093674715054,-0.0034423882532532177,0.0029769040594796272,0.002409956968871743,0.006419292312732845,0.0,1.0,0.0026594317597790074,0.0026430536165121116,0.0026430536165121116,6.985732419757752e-06,0.39310672655203804,0.41308465617465256,0.9516372023894109,0.39310672655203804,0.40665806460875736,0.9516372023894109,0.9844424345716244,time_avg,0.4208321475747494,0.41308465617465256,23,0.8779956033298035,mild
81,peak_time,11.0,11.97,12.0,0.9791255632894427,11.0,13.0,10.0,13.049999999999997,2.0,3.049999999999997,1.0,1.0,0.9700000000000006,1.0,1.0,1.0,0.6582449452123644,0.0786354498216088,8.370842243614668,0.6582449452123644,0.663059109627244,8.370842243614668,8.432063542987926,time_avg,0.6679157949886697,0.0786354498216088,25,0.9710417096021234,mild
81,peak_height,0.6451423168182373,0.6461623513698578,0.6448239088058472,0.024888833723970893,0.6313357651233673,0.6631567925214767,0.6051937431097031,0.6874788641929627,0.031821027398109436,0.08228512108325958,1.0,1.0,0.0010200345516204745,-0.0003184080123901367,0.0003184080123901367,1.0138366235423746e-07,0.6582449452123644,0.0786354498216088,8.370842243614668,0.6582449452123644,0.663059109627244,8.370842243614668,8.432063542987926,time_avg,0.6679157949886697,0.0786354498216088,25,0.9710417096021234,mild
81,cumulative_infected,12.083186255767941,12.504424717971125,12.59566631168127,0.6047325884395448,12.111061583738774,12.869953907560557,11.342347280774266,13.454099697899073,0.7588923238217831,2.1117524171248068,0.0,1.0,0.42123846220318306,0.5124800559133291,0.5124800559133291,0.26263580770892897,0.6582449452123644,0.0786354498216088,8.370842243614668,0.6582449452123644,0.663059109627244,8.370842243614668,8.432063542987926,time_avg,0.6679157949886697,0.0786354498216088,25,0.9710417096021234,mild
81,early_growth_slope,0.048015993221529885,0.043473090611473045,0.04318986212213834,0.005638511784935617,0.040098558756567176,0.04691129247657953,0.034613436586888764,0.0553765781219616,0.006812733720012357,0.02076314153507284,0.0,1.0,-0.00454290261005684,-0.004826131099391548,0.004826131099391548,2.329154138851427e-05,0.6582449452123644,0.0786354498216088,8.370842243614668,0.6582449452123644,0.663059109627244,8.370842243614668,8.432063542987926,time_avg,0.6679157949886697,0.0786354498216088,25,0.9710417096021234,mild
82,peak_time,9.0,10.51,11.0,1.0963207522979723,10.0,11.0,9.0,12.0,1.0,3.0,0.0,1.0,1.5099999999999998,2.0,2.0,4.0,0.7889743762567255,0.33831232119460863,2.3320888032419043,0.7889743762567255,0.8166865797590079,2.3320888032419043,2.414001881087926,time_avg,0.8172357894226538,0.33831232119460863,30,0.9135457185927516,mild
82,peak_height,0.2376394420862198,0.22670493125915528,0.2256944179534912,0.020574060923832082,0.21257596462965012,0.24013346433639526,0.19614687114953994,0.25958460569381714,0.027557499706745148,0.0634377345442772,1.0,1.0,-0.010934510827064509,-0.011945024132728577,0.011945024132728577,0.00014268360153146808,0.7889743762567255,0.33831232119460863,2.3320888032419043,0.7889743762567255,0.8166865797590079,2.3320888032419043,2.414001881087926,time_avg,0.8172357894226538,0.33831232119460863,30,0.9135457185927516,mild
82,cumulative_infected,2.7607830120250583,2.680610178601528,2.6717667702469043,0.17019452349279654,2.5835184991010465,2.789295639420743,2.343199583463138,2.9302705361769767,0.20577714031969663,0.5870709527138387,1.0,1.0,-0.08017283342353032,-0.08901624177815393,0.08901624177815393,0.007923891300306756,0.7889743762567255,0.33831232119460863,2.3320888032419043,0.7889743762567255,0.8166865797590079,2.3320888032419043,2.414001881087926,time_avg,0.8172357894226538,0.33831232119460863,30,0.9135457185927516,mild
82,early_growth_slope,0.018890850035296305,0.01832372345648417,0.017931441338511094,0.0034892475070799536,0.01617316429647395,0.020538948792298985,0.013214836110516139,0.023499159359129225,0.004365784495825035,0.010284323248613086,1.0,1.0,-0.0005671265788121348,-0.0009594086967852113,0.0009594086967852113,9.204650474670974e-07,0.7889743762567255,0.33831232119460863,2.3320888032419043,0.7889743762567255,0.8166865797590079,2.3320888032419043,2.414001881087926,time_avg,0.8172357894226538,0.33831232119460863,30,0.9135457185927516,mild
83,peak_time,14.0,22.77,22.5,14.114864290505734,11.75,34.25,1.0,46.0,22.5,45.0,1.0,1.0,8.77,8.5,8.5,72.25,0.1249141133729002,0.4531360505865233,0.275665803264198,0.1249141133729002,0.12611338763619967,0.275665803264198,0.2783124129562478,time_avg,0.126171961817057,0.4531360505865233,10,0.9875383521619823,mild
83,peak_height,0.057047680020332336,0.051720895953476426,0.04922950454056263,0.012636258893850639,0.042392659932374954,0.05802540946751833,0.03666943162679672,0.07632567770779132,0.015632749535143375,0.0396562460809946,1.0,1.0,-0.005326784066855911,-0.007818175479769707,0.007818175479769707,6.112386783247228e-05,0.1249141133729002,0.4531360505865233,0.275665803264198,0.1249141133729002,0.12611338763619967,0.275665803264198,0.2783124129562478,time_avg,0.126171961817057,0.4531360505865233,10,0.9875383521619823,mild
83,cumulative_infected,0.5966990308370441,0.5902012038643124,0.5146152263623662,0.2707993923500033,0.42499906521697994,0.6466526373969828,0.33172111603053056,1.1869793419988124,0.2216535721800028,0.8552582259682818,1.0,1.0,-0.006497826972731713,-0.08208380447467789,0.08208380447467789,0.00673775095703715,0.1249141133729002,0.4531360505865233,0.275665803264198,0.1249141133729002,0.12611338763619967,0.275665803264198,0.2783124129562478,time_avg,0.126171961817057,0.4531360505865233,10,0.9875383521619823,mild
83,early_growth_slope,-0.0012479630864358343,-1.991685837331853e-06,0.00012284931004355096,0.0023964416570423338,-0.001561173016289969,0.0013630978062879183,-0.004518475292050943,0.004247685040657718,0.0029242708225778874,0.008766160332708661,1.0,1.0,0.0012459714005985025,0.0013708123964793852,0.0013708123964793852,1.8791266263415552e-06,0.1249141133729002,0.4531360505865233,0.275665803264198,0.1249141133729002,0.12611338763619967,0.275665803264198,0.2783124129562478,time_avg,0.126171961817057,0.4531360505865233,10,0.9875383521619823,mild
84,peak_time,13.0,13.29,13.0,1.343108109550156,12.0,14.0,11.0,16.0,2.0,5.0,1.0,1.0,0.28999999999999915,0.0,0.0,0.0,0.6098595583934807,0.30211147281115747,2.0186573939702352,0.6098595583934807,0.6293397718019672,2.0186573939702352,2.083137611246403,time_avg,0.6416286875031633,0.30211147281115747,20,0.9174778971897567,mild
84,peak_height,0.20636045932769775,0.20297494530677795,0.2017255425453186,0.015779494898928905,0.1922782063484192,0.21496621891856194,0.17881503999233245,0.226226457208395,0.022688012570142746,0.04741141721606254,1.0,1.0,-0.0033855140209198,-0.00463491678237915,0.00463491678237915,2.1482453579579897e-05,0.6098595583934807,0.30211147281115747,2.0186573939702352,0.6098595583934807,0.6293397718019672,2.0186573939702352,2.083137611246403,time_avg,0.6416286875031633,0.30211147281115747,20,0.9174778971897567,mild
84,cumulative_infected,3.0625253363978118,2.8859775299702233,2.85756119719008,0.19854607684828718,2.743997605477489,3.003028454098967,2.621382456779247,3.2516511249064934,0.25903084862147807,0.6302686681272465,0.0,1.0,-0.1765478064275885,-0.20496413920773193,0.20496413920773193,0.042010298361166515,0.6098595583934807,0.30211147281115747,2.0186573939702352,0.6098595583934807,0.6293397718019672,2.0186573939702352,2.083137611246403,time_avg,0.6416286875031633,0.30211147281115747,20,0.9174778971897567,mild
84,early_growth_slope,0.010975924786180254,0.009699284830648613,0.009776304123945355,0.0030351397451365038,0.007725769256856956,0.012127143720309026,0.004573521395269338,0.014131238916862845,0.00440137446345207,0.009557717521593508,1.0,1.0,-0.0012766399555316412,-0.001199620662234899,0.001199620662234899,1.4390897332608978e-06,0.6098595583934807,0.30211147281115747,2.0186573939702352,0.6098595583934807,0.6293397718019672,2.0186573939702352,2.083137611246403,time_avg,0.6416286875031633,0.30211147281115747,20,0.9174778971897567,mild
85,peak_time,25.0,19.95,19.0,8.362222651709752,15.0,24.25,9.850000000000001,37.0,9.25,27.15,0.0,1.0,-5.050000000000001,-6.0,6.0,36.0,0.37207810224325444,0.288278324627055,1.290690525292219,0.37207810224325444,0.36856490904755407,1.290690525292219,1.278503715200807,time_avg,0.41710081854812187,0.288278324627055,12,0.8579709903307697,mild
85,peak_height,0.08963507413864136,0.07909252405166627,0.0759391188621521,0.021690405722293988,0.0636353101581335,0.09067213535308838,0.05189369712024927,0.12058607935905456,0.027036825194954872,0.06869238223880529,1.0,1.0,-0.010542550086975092,-0.013695955276489258,0.013695955276489258,0.00018757919093559394,0.37207810224325444,0.288278324627055,1.290690525292219,0.37207810224325444,0.36856490904755407,1.290690525292219,1.278503715200807,time_avg,0.41710081854812187,0.288278324627055,12,0.8579709903307697,mild
85,cumulative_infected,1.4852489207405597,1.2854885278227448,1.214667304069735,0.4086072871583276,0.9825001978388173,1.52155129192397,0.7173874521540711,2.0433974569172277,0.5390510940851527,1.3260100047631567,1.0,1.0,-0.1997603929178149,-0.2705816166708246,0.2705816166708246,0.07321441128019705,0.37207810224325444,0.288278324627055,1.290690525292219,0.37207810224325444,0.36856490904755407,1.290690525292219,1.278503715200807,time_avg,0.41710081854812187,0.288278324627055,12,0.8579709903307697,mild
85,early_growth_slope,0.0037868802236126994,0.0018291107609028198,0.0018824316052597984,0.0027131013927128135,-0.00013019904422218966,0.003524587494515192,-0.0028214809099500536,0.00629186780521801,0.0036547865387373817,0.009113348715168064,0.0,1.0,-0.00195776946270988,-0.001904448618352901,0.001904448618352901,3.6269245399462736e-06,0.37207810224325444,0.288278324627055,1.290690525292219,0.37207810224325444,0.36856490904755407,1.290690525292219,1.278503715200807,time_avg,0.41710081854812187,0.288278324627055,12,0.8579709903307697,mild
86,peak_time,41.0,26.2,26.5,12.683402022670688,17.0,36.0,3.95,46.0,19.0,42.05,0.0,1.0,-14.8,-14.5,14.5,210.25,0.3092505906802863,0.25175373264088036,1.228385324961293,0.3092505906802863,0.3087169138026986,1.228385324961293,1.22626548796031,time_avg,0.31298035445150735,0.25175373264088036,17,0.9819440512839014,mild
86,peak_height,0.05693100020289421,0.0726901002973318,0.061998412013053894,0.037713185785663406,0.049530901946127415,0.08073066361248493,0.03997046407312155,0.16038954854011536,0.031199761666357517,0.12041908446699381,1.0,1.0,0.015759100094437595,0.005067411810159683,0.005067411810159683,2.5678662453745837e-05,0.3092505906802863,0.25175373264088036,1.228385324961293,0.3092505906802863,0.3087169138026986,1.228385324961293,1.22626548796031,time_avg,0.31298035445150735,0.25175373264088036,17,0.9819440512839014,mild
86,cumulative_infected,1.2263945299200714,1.1871269888767892,0.7310915089674381,1.0995786653534911,0.5030559676906705,1.3907255005906336,0.40247236981304013,3.8287932345177964,0.8876695328999631,3.4263208647047563,1.0,1.0,-0.03926754104328212,-0.49530302095263323,0.49530302095263323,0.24532508256480465,0.3092505906802863,0.25175373264088036,1.228385324961293,0.3092505906802863,0.3087169138026986,1.228385324961293,1.22626548796031,time_avg,0.31298035445150735,0.25175373264088036,17,0.9819440512839014,mild
86,early_growth_slope,0.0011462217108124775,0.0004238380604831387,0.0003661425483490651,0.002473062892193395,-0.0011435430677097635,0.0018240873309661677,-0.002924766226871203,0.004894856560600773,0.0029676303986759314,0.007819622787471975,1.0,1.0,-0.0007223836503293388,-0.0007800791624634123,0.0007800791624634123,6.085234997096189e-07,0.3092505906802863,0.25175373264088036,1.228385324961293,0.3092505906802863,0.3087169138026986,1.228385324961293,1.22626548796031,time_avg,0.31298035445150735,0.25175373264088036,17,0.9819440512839014,mild
87,peak_time,10.0,9.58,10.0,0.854932214218818,9.0,10.0,8.0,11.0,1.0,3.0,1.0,1.0,-0.41999999999999993,0.0,0.0,0.0,0.8399033550629624,0.23151013933536368,3.627933348725972,0.8399033550629624,0.882521115585251,3.627933348725972,3.812019283988414,time_avg,0.885665523175402,0.23151013933536368,24,0.9006349833609023,mild
87,peak_height,0.38848403096199036,0.38110961496829987,0.37841367721557617,0.02140672534533646,0.36434973031282425,0.3952968344092369,0.353754785656929,0.4208799034357071,0.03094710409641266,0.06712511777877805,1.0,1.0,-0.007374415993690486,-0.010070353746414185,0.010070353746414185,0.0001014120245779182,0.8399033550629624,0.23151013933536368,3.627933348725972,0.8399033550629624,0.882521115585251,3.627933348725972,3.812019283988414,time_avg,0.885665523175402,0.23151013933536368,24,0.9006349833609023,mild
87,cumulative_infected,4.463099624030292,4.339836848576033,4.331703045500035,0.21127146705153868,4.214197349429014,4.506651242678345,3.9773548420809677,4.63766006360529,0.2924538932493306,0.6603052215243226,1.0,1.0,-0.12326277545425945,-0.1313965785302571,0.1313965785302571,0.01726506084945802,0.8399033550629624,0.23151013933536368,3.627933348725972,0.8399033550629624,0.882521115585251,3.627933348725972,3.812019283988414,time_avg,0.885665523175402,0.23151013933536368,24,0.9006349833609023,mild
87,early_growth_slope,0.04584161932801916,0.038663983121794955,0.03858033823780714,0.004208896012197127,0.03614035645815809,0.04108348309472646,0.03237463677386196,0.044736870356913025,0.0049431266365683665,0.012362233583051066,0.0,0.0,-0.0071776362062242055,-0.00726128109021202,0.00726128109021202,5.272620307107066e-05,0.8399033550629624,0.23151013933536368,3.627933348725972,0.8399033550629624,0.882521115585251,3.627933348725972,3.812019283988414,time_avg,0.885665523175402,0.23151013933536368,24,0.9006349833609023,mild
88,peak_time,17.0,16.26,16.0,1.2997280212771167,15.0,17.0,14.0,18.0,2.0,4.0,1.0,1.0,-0.7399999999999984,-1.0,1.0,1.0,0.4879605156984848,0.13311947803269708,3.665583150638789,0.4879605156984848,0.48854785404252843,3.665583150638789,3.669995264874238,time_avg,0.49835452126535584,0.13311947803269708,16,0.969328456646863,mild
88,peak_height,0.37779220938682556,0.39551020264625547,0.39338137209415436,0.021380662142681486,0.3804119899868965,0.41082215309143066,0.36030114591121676,0.43265571147203447,0.03041016310453415,0.07235456556081771,0.0,1.0,0.01771799325942991,0.015589162707328796,0.015589162707328796,0.0002430219939155709,0.4879605156984848,0.13311947803269708,3.665583150638789,0.4879605156984848,0.48854785404252843,3.665583150638789,3.669995264874238,time_avg,0.49835452126535584,0.13311947803269708,16,0.969328456646863,mild
88,cumulative_infected,7.138958439230919,7.289494499754962,7.302892093692208,0.32810559655055743,7.039772674819687,7.531766965519637,6.791051750164479,7.821062536793761,0.4919942906999495,1.0300107866292816,1.0,1.0,0.15053606052404334,0.16393365446128882,0.16393365446128882,0.02687424306503324,0.4879605156984848,0.13311947803269708,3.665583150638789,0.4879605156984848,0.48854785404252843,3.665583150638789,3.669995264874238,time_avg,0.49835452126535584,0.13311947803269708,16,0.969328456646863,mild
88,early_growth_slope,0.014785310985254388,0.012151578534436693,0.011983108903569656,0.0031445597245351484,0.010133621415921619,0.014266086196238615,0.007364750821683889,0.016902920199070297,0.004132464780316996,0.009538169377386408,0.0,1.0,-0.0026337324508176954,-0.002802202081684732,0.002802202081684732,7.852336506598245e-06,0.4879605156984848,0.13311947803269708,3.665583150638789,0.4879605156984848,0.48854785404252843,3.665583150638789,3.669995264874238,time_avg,0.49835452126535584,0.13311947803269708,16,0.969328456646863,mild
89,peak_time,11.0,11.29,11.0,0.9565827225339715,11.0,12.0,10.0,13.0,1.0,3.0,1.0,1.0,0.28999999999999915,0.0,0.0,0.0,0.6888813474310865,0.13537112108273952,5.088835358097084,0.6888813474310865,0.6933831614829061,5.088835358097084,5.122090708394937,time_avg,0.6949247743376288,0.13537112108273952,25,0.9826069608403226,mild
89,peak_height,0.4853704571723938,0.4937926182150841,0.4952269643545151,0.021974000185364086,0.47982535511255264,0.505088284611702,0.4635781139135361,0.5308924734592437,0.025262929499149323,0.06731435954570764,1.0,1.0,0.00842216104269028,0.009856507182121277,0.009856507182121277,9.715073383120831e-05,0.6888813474310865,0.13537112108273952,5.088835358097084,0.6888813474310865,0.6933831614829061,5.088835358097084,5.122090708394937,time_avg,0.6949247743376288,0.13537112108273952,25,0.9826069608403226,mild
89,cumulative_infected,7.4349730478425045,7.299525296682041,7.287923486204818,0.3618274555230891,7.102807934745215,7.487237786874175,6.5921489932574335,7.857623113726731,0.3844298521289602,1.2654741204692979,1.0,1.0,-0.1354477511604637,-0.14704956163768657,0.14704956163768657,0.02162357357783578,0.6888813474310865,0.13537112108273952,5.088835358097084,0.6888813474310865,0.6933831614829061,5.088835358097084,5.122090708394937,time_avg,0.6949247743376288,0.13537112108273952,25,0.9826069608403226,mild
89,early_growth_slope,0.03706923817905285,0.03589708055515529,0.03548548350642834,0.004163229213145879,0.032673348894431464,0.038812657545869496,0.030018979046005926,0.04270904704296429,0.0061393086514380316,0.012690067996958366,1.0,1.0,-0.0011721576238975656,-0.0015837546726245114,0.0015837546726245114,2.508278863059973e-06,0.6888813474310865,0.13537112108273952,5.088835358097084,0.6888813474310865,0.6933831614829061,5.088835358097084,5.122090708394937,time_avg,0.6949247743376288,0.13537112108273952,25,0.9826069608403226,mild
90,peak_time,27.0,31.24,31.5,2.8572784960588637,29.0,33.0,26.95,35.05,4.0,8.099999999999998,0.0,1.0,4.239999999999998,4.5,4.5,20.25,0.24281152756669436,0.07684457906945909,3.159774319893396,0.24281152756669436,0.23690134652457365,3.159774319893396,3.0828634809807567,time_avg,0.2703888784784815,0.07684457906945909,10,0.8725107007591758,mild
90,peak_height,0.33631256222724915,0.37457958549261094,0.37498094141483307,0.03420224699885346,0.3505801558494568,0.39987238496541977,0.3207108736038208,0.4286159500479698,0.04929222911596298,0.10790507644414904,0.0,1.0,0.0382670232653618,0.03866837918758392,0.03866837918758392,0.0014952435489947735,0.24281152756669436,0.07684457906945909,3.159774319893396,0.24281152756669436,0.23690134652457365,3.159774319893396,3.0828634809807567,time_avg,0.2703888784784815,0.07684457906945909,10,0.8725107007591758,mild
90,cumulative_infected,9.351742134895176,9.926055291588273,9.930562685243785,0.9261823259546533,9.241171141213272,10.599779359647073,8.605321544385514,11.328445832524448,1.358608218433801,2.7231242881389335,1.0,1.0,0.5743131566930977,0.5788205503486097,0.5788205503486097,0.3350332295058674,0.24281152756669436,0.07684457906945909,3.159774319893396,0.24281152756669436,0.23690134652457365,3.159774319893396,3.0828634809807567,time_avg,0.2703888784784815,0.07684457906945909,10,0.8725107007591758,mild
90,early_growth_slope,0.0035731390761655013,0.002796807154081762,0.0025940572682191573,0.002615525869278818,0.001036460036023831,0.004119305897412622,-0.0011291883425742736,0.006912202349797421,0.003082845861388791,0.008041390692371695,1.0,1.0,-0.0007763319220837396,-0.000979081807946344,0.000979081807946344,9.586011866514817e-07,0.24281152756669436,0.07684457906945909,3.159774319893396,0.24281152756669436,0.23690134652457365,3.159774319893396,3.0828634809807567,time_avg,0.2703888784784815,0.07684457906945909,10,0.8725107007591758,mild
91,peak_time,7.0,8.25,8.0,0.7571210756756961,8.0,9.0,7.0,9.0,1.0,2.0,0.0,1.0,1.25,1.0,1.0,1.0,0.9764987246871516,0.22856705844575703,4.272263603194998,0.9764987246871516,0.9822539863863875,4.272263603194998,4.297443354548371,time_avg,0.9827229230780687,0.22856705844575703,22,0.9886899555075324,mild
91,peak_height,0.4094681739807129,0.41016505390405655,0.4087846726179123,0.025391461295611307,0.3934103548526764,0.42563559859991074,0.3740568608045578,0.4545065999031067,0.032225243747234344,0.08044973909854891,1.0,1.0,0.0006968799233436629,-0.0006835013628005981,0.0006835013628005981,4.671741129502749e-07,0.9764987246871516,0.22856705844575703,4.272263603194998,0.9764987246871516,0.9822539863863875,4.272263603194998,4.297443354548371,time_avg,0.9827229230780687,0.22856705844575703,22,0.9886899555075324,mild
91,cumulative_infected,4.372557865397539,4.2762276578996055,4.246308884496102,0.23927209631949825,4.126372016908135,4.438900349836331,3.9305091408023145,4.686566061537451,0.3125283329281956,0.7560569207351362,1.0,1.0,-0.09633020749793353,-0.12624898090143688,0.12624898090143688,0.015938805178651375,0.9764987246871516,0.22856705844575703,4.272263603194998,0.9764987246871516,0.9822539863863875,4.272263603194998,4.297443354548371,time_avg,0.9827229230780687,0.22856705844575703,22,0.9886899555075324,mild
91,early_growth_slope,0.05921904956700191,0.05357396781180707,0.05410954911106576,0.00568598204754863,0.05063838230992023,0.05695674143221583,0.04452151396489213,0.062127185126744366,0.0063183591222956,0.017605671161852236,0.0,1.0,-0.0056450817551948335,-0.005109500455936146,0.005109500455936146,2.6106994909211684e-05,0.9764987246871516,0.22856705844575703,4.272263603194998,0.9764987246871516,0.9822539863863875,4.272263603194998,4.297443354548371,time_avg,0.9827229230780687,0.22856705844575703,22,0.9886899555075324,mild
92,peak_time,10.0,9.81,10.0,1.02193122779541,9.0,10.0,8.0,12.0,1.0,4.0,1.0,1.0,-0.1899999999999995,0.0,0.0,0.0,0.7294581881251518,0.29364269741518556,2.4841693478035336,0.7294581881251518,0.7488566341922583,2.4841693478035336,2.550230742273285,time_avg,0.8197163067318931,0.29364269741518556,10,0.8623637869200912,mild
92,peak_height,0.2824155390262604,0.2743016591668129,0.27160240709781647,0.02222975066497293,0.25697166472673416,0.2870854139328003,0.24386216178536416,0.31533946990966794,0.03011374920606613,0.07147730812430378,1.0,1.0,-0.008113879859447504,-0.010813131928443909,0.010813131928443909,0.00011692382210193308,0.7294581881251518,0.29364269741518556,2.4841693478035336,0.7294581881251518,0.7488566341922583,2.4841693478035336,2.550230742273285,time_avg,0.8197163067318931,0.29364269741518556,10,0.8623637869200912,mild
92,cumulative_infected,3.2587382392957807,3.076018746656,3.0589516890759114,0.16648536856532808,2.971297418756876,3.233719713956816,2.8245726113353156,3.3139566589496097,0.26242229519994,0.4893840476142941,0.0,1.0,-0.1827194926397806,-0.19978655021986924,0.19978655021986924,0.039914665648756335,0.7294581881251518,0.29364269741518556,2.4841693478035336,0.7294581881251518,0.7488566341922583,2.4841693478035336,2.550230742273285,time_avg,0.8197163067318931,0.29364269741518556,10,0.8623637869200912,mild
92,early_growth_slope,0.02100349040258498,0.026051820680759622,0.025572078745989567,0.004383824609718268,0.023285261485614762,0.028937759757917816,0.01941428947861173,0.03239448022019738,0.005652498272303054,0.012980190741585646,0.0,1.0,0.005048330278174643,0.004568588343404588,0.004568588343404588,2.0871999451492278e-05,0.7294581881251518,0.29364269741518556,2.4841693478035336,0.7294581881251518,0.7488566341922583,2.4841693478035336,2.550230742273285,time_avg,0.8197163067318931,0.29364269741518556,10,0.8623637869200912,mild
93,peak_time,11.0,10.06,10.0,1.2294369245777321,9.0,11.0,8.0,12.0,2.0,4.0,1.0,1.0,-0.9399999999999995,-1.0,1.0,1.0,0.8612198001155872,0.4185094299125052,2.05782651133007,0.8612198001155872,0.8815065030117766,2.05782651133007,2.1063002169295606,time_avg,0.8817425518074206,0.4185094299125052,30,0.9418119505240927,mild
93,peak_height,0.18559637665748596,0.1715461166203022,0.1715513840317726,0.01659853494631764,0.1616014800965786,0.18384288251399994,0.1427149012684822,0.19890388026833533,0.02224140241742134,0.05618897899985312,0.0,1.0,-0.014050260037183765,-0.014044992625713348,0.014044992625713348,0.00019726181785634234,0.8612198001155872,0.4185094299125052,2.05782651133007,0.8612198001155872,0.8815065030117766,2.05782651133007,2.1063002169295606,time_avg,0.8817425518074206,0.4185094299125052,30,0.9418119505240927,mild
93,cumulative_infected,2.060475927661173,1.9852731321365535,1.9984486887724415,0.16500353321175484,1.8836844758188818,2.0928054616160807,1.727978499161327,2.2022532338363816,0.20912098579719895,0.47427473467505465,1.0,1.0,-0.0752027955246195,-0.06202723888873152,0.06202723888873152,0.0038473783641597673,0.8612198001155872,0.4185094299125052,2.05782651133007,0.8612198001155872,0.8815065030117766,2.05782651133007,2.1063002169295606,time_avg,0.8817425518074206,0.4185094299125052,30,0.9418119505240927,mild
93,early_growth_slope,0.020008818642790645,0.014965801995549985,0.014955510143495518,0.0032892571099760763,0.012538672326454182,0.017302820497813322,0.009992414833756078,0.019895911915504945,0.00476414817135914,0.009903497081748867,0.0,0.0,-0.0050430166472406595,-0.005053308499295127,0.005053308499295127,2.553592678904837e-05,0.8612198001155872,0.4185094299125052,2.05782651133007,0.8612198001155872,0.8815065030117766,2.05782651133007,2.1063002169295606,time_avg,0.8817425518074206,0.4185094299125052,30,0.9418119505240927,mild
94,peak_time,13.0,14.01,14.0,1.9565740001803709,13.0,15.0,11.0,17.0,2.0,6.0,1.0,1.0,1.0099999999999998,1.0,1.0,1.0,0.685979817191866,0.35825932675661026,1.9147577354152132,0.685979817191866,0.6861735533222256,1.9147577354152132,1.915298506069012,time_avg,0.6874646137192117,0.35825932675661026,12,0.9971581378848359,mild
94,peak_height,0.15208613872528076,0.14779315553605557,0.1480489745736122,0.014712689185471098,0.13695498555898666,0.15621694549918175,0.12571784034371375,0.17718803137540817,0.019261959940195084,0.05147019103169442,1.0,1.0,-0.004292983189225191,-0.004037164151668549,0.004037164151668549,1.629869438751763e-05,0.685979817191866,0.35825932675661026,1.9147577354152132,0.685979817191866,0.6861735533222256,1.9147577354152132,1.915298506069012,time_avg,0.6874646137192117,0.35825932675661026,12,0.9971581378848359,mild
94,cumulative_infected,2.314779655338498,2.1925456149756384,2.193885577842593,0.1789848821226784,2.0799041677673813,2.2909898494835943,1.9490834810771047,2.5080072514650964,0.211085681716213,0.5589237703879917,0.0,1.0,-0.12223404036285945,-0.12089407749590464,0.12089407749590464,0.014615377973585796,0.685979817191866,0.35825932675661026,1.9147577354152132,0.685979817191866,0.6861735533222256,1.9147577354152132,1.915298506069012,time_avg,0.6874646137192117,0.35825932675661026,12,0.9971581378848359,mild
94,early_growth_slope,0.0022854748004603968,0.00630195592669181,0.006132465546085897,0.0027567739100609,0.00459371805204899,0.007982520546301244,0.0018821818832380117,0.010653725581332327,0.0033888024942522535,0.008771543698094315,0.0,1.0,0.004016481126231413,0.0038469907456255004,0.0038469907456255004,1.4799337796928243e-05,0.685979817191866,0.35825932675661026,1.9147577354152132,0.685979817191866,0.6861735533222256,1.9147577354152132,1.915298506069012,time_avg,0.6874646137192117,0.35825932675661026,12,0.9971581378848359,mild
95,peak_time,44.0,20.16,18.0,14.897440631656746,6.0,31.75,0.0,46.05,25.75,46.05,0.0,1.0,-23.84,-26.0,26.0,676.0,0.21336746399434856,0.4439279206111221,0.4806353781501773,0.21336746399434856,0.22265808763522213,0.4806353781501773,0.5015636036785106,time_avg,0.22321688178355803,0.4439279206111221,14,0.9387154465193088,mild
95,peak_height,0.03819417580962181,0.05083303064107895,0.05072096735239029,0.0114767549721816,0.04368222039192915,0.057523041032254696,0.03334754668176174,0.0679279837757349,0.013840820640325546,0.03458043709397316,0.0,1.0,0.012638854831457137,0.012526791542768478,0.012526791542768478,0.00015692050635597588,0.21336746399434856,0.4439279206111221,0.4806353781501773,0.21336746399434856,0.22265808763522213,0.4806353781501773,0.5015636036785106,time_avg,0.22321688178355803,0.4439279206111221,14,0.9387154465193088,mild
95,cumulative_infected,0.3963962011912372,0.49811100956617793,0.454107941564871,0.1997174404524045,0.3906311838863985,0.5509121698050876,0.3179534755880013,0.8039998726919291,0.1602809859186891,0.4860463971039278,1.0,1.0,0.10171480837494074,0.0577117403736338,0.0577117403736338,0.003330644976953714,0.21336746399434856,0.4439279206111221,0.4806353781501773,0.21336746399434856,0.22265808763522213,0.4806353781501773,0.5015636036785106,time_avg,0.22321688178355803,0.4439279206111221,14,0.9387154465193088,mild
95,early_growth_slope,-0.001011559368288588,-0.00019871643264758834,5.782486238916061e-06,0.002393229864319091,-0.0017681831346375726,0.0012941713244539901,-0.004123095887535736,0.0034984853542742427,0.0030623544590915627,0.007621581241809979,1.0,1.0,0.0008128429356409996,0.001017341854527504,0.001017341854527504,1.0349844489734613e-06,0.21336746399434856,0.4439279206111221,0.4806353781501773,0.21336746399434856,0.22265808763522213,0.4806353781501773,0.5015636036785106,time_avg,0.22321688178355803,0.4439279206111221,14,0.9387154465193088,mild
96,peak_time,23.0,20.03,18.0,15.197989633135329,6.75,30.25,1.0,47.05,23.5,46.05,1.0,1.0,-2.969999999999999,-5.0,5.0,25.0,0.12271175378282446,0.36838807224872777,0.33310457918401903,0.12271175378282446,0.12609015104508733,0.33310457918401903,0.34227533555959966,time_avg,0.12617142689586766,0.36838807224872777,17,0.9584539139477066,mild
96,peak_height,0.04347904399037361,0.05094110652804375,0.04826091416180134,0.015294290439008752,0.04063215758651495,0.05574833881109953,0.03451196793466806,0.07763268761336803,0.01511618122458458,0.043120719678699966,1.0,1.0,0.007462062537670136,0.004781870171427727,0.004781870171427727,2.2866282336390237e-05,0.12271175378282446,0.36838807224872777,0.33310457918401903,0.12271175378282446,0.12609015104508733,0.33310457918401903,0.34227533555959966,time_avg,0.12617142689586766,0.36838807224872777,17,0.9584539139477066,mild
96,cumulative_infected,0.42006301577202976,0.552180073759364,0.4767730459134327,0.2874999433126162,0.4199108953689574,0.5637586219891091,0.3022921936448256,1.085794644181442,0.14384772662015166,0.7835024505366163,1.0,1.0,0.1321170579873342,0.05671003014140297,0.05671003014140297,0.003216027518638833,0.12271175378282446,0.36838807224872777,0.33310457918401903,0.12271175378282446,0.12609015104508733,0.33310457918401903,0.34227533555959966,time_avg,0.12617142689586766,0.36838807224872777,17,0.9584539139477066,mild
96,early_growth_slope,-0.0024007302764359677,-0.0006717710128447957,-0.0005588983878537652,0.0023292761367932455,-0.002102375235630286,0.0008813643300007763,-0.004354765649588355,0.0029993847458085632,0.0029837395656310624,0.007354150395396919,0.0,1.0,0.0017289592635911719,0.0018418318885822025,0.0018418318885822025,3.3923447057982828e-06,0.12271175378282446,0.36838807224872777,0.33310457918401903,0.12271175378282446,0.12609015104508733,0.33310457918401903,0.34227533555959966,time_avg,0.12617142689586766,0.36838807224872777,17,0.9584539139477066,mild
97,peak_time,12.0,12.76,13.0,1.0647710428713648,12.0,14.0,11.0,14.049999999999997,2.0,3.049999999999997,1.0,1.0,0.7599999999999998,1.0,1.0,1.0,0.5970778694585579,0.1468125767881357,4.066939512411101,0.5970778694585579,0.6142978262401542,4.066939512411101,4.184231621563618,time_avg,0.645712949785264,0.1468125767881357,16,0.889235337505894,mild
97,peak_height,0.49134159088134766,0.4551891469955444,0.4528444856405258,0.01996745912631086,0.44113563001155853,0.4684644788503647,0.4241520404815674,0.4953598067164421,0.027328848838806152,0.07120776623487468,0.0,1.0,-0.03615244388580324,-0.03849710524082184,0.03849710524082184,0.0014820271119229123,0.5970778694585579,0.1468125767881357,4.066939512411101,0.5970778694585579,0.6142978262401542,4.066939512411101,4.184231621563618,time_avg,0.645712949785264,0.1468125767881357,16,0.889235337505894,mild
97,cumulative_infected,7.025377100566402,7.134738018588905,7.13428291073069,0.32619338641520973,6.953617224586196,7.35489865191812,6.606203961896244,7.6379636658122765,0.4012814273319236,1.0317597039160322,1.0,1.0,0.10936091802250303,0.10890581016428769,0.10890581016428769,0.011860475487539867,0.5970778694585579,0.1468125767881357,4.066939512411101,0.5970778694585579,0.6142978262401542,4.066939512411101,4.184231621563618,time_avg,0.645712949785264,0.1468125767881357,16,0.889235337505894,mild
97,early_growth_slope,0.023966151777477487,0.02566005046286244,0.02571536489440837,0.0034888681465241426,0.02348053299023636,0.027584686725666472,0.01934450388098845,0.032064955442911006,0.004104153735430112,0.012720451561922554,1.0,1.0,0.0016938986853849529,0.0017492131169308846,0.0017492131169308846,3.0597465284430604e-06,0.5970778694585579,0.1468125767881357,4.066939512411101,0.5970778694585579,0.6142978262401542,4.066939512411101,4.184231621563618,time_avg,0.645712949785264,0.1468125767881357,16,0.889235337505894,mild
98,peak_time,14.0,14.63,13.0,5.707791945129824,12.0,17.0,8.0,23.0,5.0,15.0,1.0,1.0,0.6300000000000008,-1.0,1.0,1.0,0.6224233594718384,0.47186042682593665,1.3190836189817683,0.6224233594718384,0.653263065846329,1.3190836189817683,1.3844413065970236,time_avg,0.6684249292454706,0.47186042682593665,24,0.8676522173449677,mild
98,peak_height,0.086918406188488,0.08932011630386114,0.0886293575167656,0.02112647146052419,0.07686176151037216,0.1016987357288599,0.05024355817586183,0.12280585430562496,0.02483697421848774,0.07256229612976313,1.0,1.0,0.002401710115373129,0.0017109513282775879,0.0017109513282775879,2.9273544477348423e-06,0.6224233594718384,0.47186042682593665,1.3190836189817683,0.6224233594718384,0.653263065846329,1.3190836189817683,1.3844413065970236,time_avg,0.6684249292454706,0.47186042682593665,24,0.8676522173449677,mild
98,cumulative_infected,1.1494721070630476,1.2316398867272482,1.2869175016239751,0.28942852769955985,1.099828492559027,1.4348948826009291,0.663606062947656,1.627011763601331,0.3350663900419022,0.963405700653675,1.0,1.0,0.08216777966420064,0.13744539456092753,0.13744539456092753,0.018891236486009044,0.6224233594718384,0.47186042682593665,1.3190836189817683,0.6224233594718384,0.653263065846329,1.3190836189817683,1.3844413065970236,time_avg,0.6684249292454706,0.47186042682593665,24,0.8676522173449677,mild
98,early_growth_slope,0.0071615951157928915,0.0035371749102982688,0.0029217024123118747,0.003351856466676802,0.0012055003414085763,0.005858830669673071,-0.001407486428936299,0.009492661752405441,0.004653330328264494,0.01090014818134174,0.0,1.0,-0.0036244202054946228,-0.004239892703481017,0.004239892703481017,1.7976690137031567e-05,0.6224233594718384,0.47186042682593665,1.3190836189817683,0.6224233594718384,0.653263065846329,1.3190836189817683,1.3844413065970236,time_avg,0.6684249292454706,0.47186042682593665,24,0.8676522173449677,mild
99,peak_time,44.0,31.61,33.5,12.420165258582715,25.75,41.0,6.9,47.0,15.25,40.1,0.0,1.0,-12.39,-10.5,10.5,110.25,0.19328709646595044,0.137823503429502,1.4024247799274567,0.19328709646595044,0.19212423407957288,1.4024247799274567,1.3939874498825682,time_avg,0.19843263330731364,0.137823503429502,15,0.9629558566364989,mild
99,peak_height,0.08160659670829773,0.10541365467011929,0.09221204742789268,0.053947152260003725,0.05987570434808731,0.14259988814592361,0.04595239292830229,0.21404942795634269,0.0827241837978363,0.1680970350280404,1.0,1.0,0.02380705796182156,0.010605450719594955,0.010605450719594955,0.00011247558496575716,0.19328709646595044,0.137823503429502,1.4024247799274567,0.19328709646595044,0.19212423407957288,1.4024247799274567,1.3939874498825682,time_avg,0.19843263330731364,0.137823503429502,15,0.9629558566364989,mild
99,cumulative_infected,1.7066612048074603,2.144799999023471,1.8958561057952465,1.44086865450667,0.8544887962189023,3.1648178184987046,0.45637178014030727,5.0208611745765666,2.3103290222798023,4.56448939443626,1.0,1.0,0.43813879421601065,0.18919490098778624,0.18919490098778624,0.03579471055977824,0.19328709646595044,0.137823503429502,1.4024247799274567,0.19328709646595044,0.19212423407957288,1.4024247799274567,1.3939874498825682,time_avg,0.19843263330731364,0.137823503429502,15,0.9629558566364989,mild
99,early_growth_slope,-0.002146104874555022,0.0009345223047711491,0.0009609522458049473,0.002324687683998646,-0.00020707162963974678,0.0024491309983811034,-0.0036173637537840015,0.004349687949572744,0.00265620262802085,0.007967051703356745,0.0,1.0,0.003080627179326171,0.0031070571203599693,0.0031070571203599693,9.653803949179585e-06,0.19328709646595044,0.137823503429502,1.4024247799274567,0.19328709646595044,0.19212423407957288,1.4024247799274567,1.3939874498825682,time_avg,0.19843263330731364,0.137823503429502,15,0.9629558566364989,mild
