case_id,true_beta,true_gamma,true_R0,beta_ref,gamma_ref,R0_ref,beta_seir,gamma_seir,sigma_seir,sigma,severity,reference_mode,reference_window_days,projection_loss,beta_mean,beta_median,beta_std,beta_ci50_low,beta_ci50_high,beta_ci90_low,beta_ci90_high,beta_width50,beta_width90,gamma_mean,gamma_median,gamma_std,gamma_ci50_low,gamma_ci50_high,gamma_ci90_low,gamma_ci90_high,gamma_width50,gamma_width90,R0_mean,R0_median,R0_std,R0_ci50_low,R0_ci50_high,R0_ci90_low,R0_ci90_high,R0_width50,R0_width90,beta_covered50,beta_covered90,beta_err_mean,beta_err_median,beta_abs_err_median,beta_sq_err_median,gamma_covered50,gamma_covered90,gamma_err_mean,gamma_err_median,gamma_abs_err_median,gamma_sq_err_median,R0_covered50,R0_covered90,R0_err_mean,R0_err_median,R0_abs_err_median,R0_sq_err_median
0,0.1,0.16016287848698557,0.6243644029420072,0.1,0.16016287848698557,0.6243644029420072,0.26104133230789256,0.33796092457181953,0.27009026017152277,0.27009026017152277,medium,full_curve,50,2.2920243281240667e-05,0.19558216895209773,0.17593910649096767,0.07804068097249961,0.13451410570408096,0.23644770948242408,0.10492150715418919,0.3505706240173404,0.10193360377834312,0.24564911686315122,0.2704800196174028,0.27426145709285493,0.1311170704102211,0.15324797001974022,0.38079209502330946,0.06764951793469631,0.4745410011086794,0.22754412500356924,0.4068914831739831,0.9053559588753781,0.7937642882241291,0.47795875279634387,0.5475466705236396,1.1757542847978224,0.29618159954181855,1.947835183509024,0.6282076142741828,1.6516535839672053,0.0,0.0,0.09558216895209773,0.07593910649096766,0.07593910649096766,0.005766747894646527,1.0,1.0,0.11031714113041724,0.11409857860586936,0.11409857860586936,0.01301848563987975,1.0,1.0,0.2809915559333709,0.1693998852821219,0.1693998852821219,0.02869632113359606
1,0.2800662369727216,0.16336760849608037,1.7143314978467175,0.2800662369727216,0.16336760849608037,1.7143314978467175,0.6194597540465793,0.23732178934660986,0.20027035304102286,0.20027035304102286,medium,full_curve,50,0.001622990928014397,0.26807806308470244,0.2675783336384682,0.015884296528982902,0.25703579493797124,0.2784560957255355,0.24373384189346092,0.29482706746311127,0.02142030078756424,0.05109322556965035,0.13802820768202417,0.13857635089137774,0.021004926186327776,0.12430770981150907,0.1517659403574044,0.10385809025152919,0.17114358964935134,0.02745823054589533,0.06728549939782215,1.9812299944577867,1.9484692936088854,0.27905637853721277,1.7966770441320123,2.129676285936262,1.5949685306121955,2.4609498682530564,0.3329992418042498,0.8659813376408609,0.0,1.0,-0.011988173888019149,-0.01248790333425337,0.01248790333425337,0.00015594772968565644,0.0,1.0,-0.025339400814056195,-0.024791257604702632,0.024791257604702632,0.0006146064536227262,0.0,1.0,0.26689849661106924,0.23413779576216798,0.23413779576216798,0.05482050740436668
2,0.1,0.0891740103929305,1.1214029688624136,0.1,0.0891740103929305,1.1214029688624136,0.21550996129784816,0.17599628488815172,0.20490775672953732,0.20490775672953732,medium,full_curve,50,4.881214080373017e-05,0.333891906635954,0.3262312969870548,0.10639215550547047,0.2556015838572611,0.4104581025214707,0.16758462429609178,0.5216357047378934,0.15485651866420957,0.35405108044180167,0.34982167936775543,0.3675731914851277,0.09353874800188493,0.2919911054084455,0.4229692560051145,0.17042385481383043,0.4741485700799389,0.130978150596669,0.30372471526610845,0.9973002421288986,0.9940951149160653,0.3130531685833473,0.806264462837214,1.147182473596478,0.5078882201274573,1.511447583521451,0.340918010759264,1.0035593633939937,0.0,0.0,0.23389190663595402,0.22623129698705477,0.22623129698705477,0.051180599736444975,0.0,0.0,0.26064766897482494,0.2783991810921972,0.2783991810921972,0.077506104032806,1.0,1.0,-0.12410272673351508,-0.12730785394634836,0.12730785394634836,0.016207289676424767
3,0.35977446240385336,0.06233760749603269,5.771387078446189,0.35977446240385336,0.06233760749603269,5.771387078446189,0.9688323428602119,0.06370916365620277,0.21807036164358112,0.21807036164358112,medium,full_curve,50,0.0017779273607721787,0.35107968847913357,0.3508140283694397,0.012385785924073772,0.3425118459813758,0.35934190101211955,0.3311314232114606,0.3713305077015677,0.01683005503074375,0.04019908449010712,0.0617801071215733,0.0609701589925318,0.00455926929160645,0.05858550063167212,0.06404774977607731,0.05594079969285888,0.07048491079104867,0.0054622491444051915,0.014544111098189788,5.711044304737588,5.725476053797356,0.43736388405484194,5.420347205784875,6.006366787182177,4.951501163761955,6.4062144242783345,0.5860195813973021,1.45471326051638,0.0,1.0,-0.00869477392471979,-0.008960434034413656,0.008960434034413656,8.028937808507859e-05,1.0,1.0,-0.0005575003744593895,-0.001367448503500887,0.001367448503500887,1.8699154097268157e-06,1.0,1.0,-0.06034277370860064,-0.045911024648832566,0.045911024648832566,0.0021078221843057114
4,0.13667338709905655,0.11911532879233325,1.1474038520880396,0.13667338709905655,0.11911532879233325,1.1474038520880396,0.3797137105977739,0.3087497789608495,0.34637480205060933,0.34637480205060933,medium,full_curve,50,3.602589362941197e-05,0.28471296978960997,0.27694104070210596,0.07764062293714553,0.2316738442582198,0.3344191566696546,0.1643150927052674,0.4235056447863166,0.10274531241143481,0.2591905520810492,0.29873066827517253,0.3052704449500852,0.08637379163967224,0.2406566648192235,0.363017353062898,0.14952295034096197,0.4326363382502265,0.12236068824367452,0.28311338790926455,1.018178683770962,0.990837486874824,0.33019064272350507,0.8238721817476027,1.1684775429499459,0.5333210983369704,1.5930818529462314,0.3446053612023432,1.0597607546092611,0.0,0.0,0.14803958269055342,0.1402676536030494,0.1402676536030494,0.01967501464730506,0.0,0.0,0.17961533948283928,0.18615511615775196,0.18615511615775196,0.034653727271706125,1.0,1.0,-0.12922516831707753,-0.15656636521321565,0.15656636521321565,0.024513026716078024
5,0.1,0.09927867806434683,1.0072656279245142,0.1,0.09927867806434683,1.0072656279245142,0.47014181963976176,0.3901769745606405,0.22560946648823815,0.22560946648823815,medium,full_curve,50,0.0001759925611912985,0.3088500671284986,0.30107689926570846,0.10422251965534594,0.23078803400058553,0.37806400236167786,0.1481052120889728,0.4941967668944782,0.14727596836109233,0.34609155480550546,0.3444028574825749,0.36172372975280476,0.0965960384549106,0.28045476704158584,0.4185356945866723,0.15130254560551049,0.4734817088947442,0.13808092754508644,0.32217916328923374,0.9477683130813687,0.9445232951932292,0.3268115989565402,0.7518458162664865,1.1091423186225693,0.43461261432016385,1.5027809622479509,0.3572965023560828,1.068168347927787,0.0,0.0,0.2088500671284986,0.20107689926570846,0.20107689926570846,0.04043191941831187,0.0,0.0,0.24512417941822806,0.26244505168845794,0.26244505168845794,0.06887740515575735,1.0,1.0,-0.05949731484314558,-0.06274233273128504,0.06274233273128504,0.003936600316563283
6,0.39295038222813905,0.18637459343023774,2.1083902853702274,0.39295038222813905,0.18637459343023774,2.1083902853702274,0.7403594957319698,0.23075823601625456,0.32406407105200385,0.32406407105200385,medium,full_curve,50,0.0042479963533716995,0.3861924306888793,0.386367427648587,0.010087685196052503,0.37952717177521267,0.39283260657231944,0.36971194371149535,0.4027772083967199,0.013305434797106774,0.03306526468522453,0.1889057833298371,0.18882244843883828,0.008164488472955906,0.18343577738537803,0.1941686338510602,0.17527234659926336,0.2025481425637502,0.010732856465682172,0.027275795964486843,2.04694007630644,2.045095618630085,0.0748277497538935,1.9963609770351467,2.09251217623895,1.927889466273811,2.177909434559144,0.0961511992038031,0.2500199682853328,0.0,1.0,-0.006757951539259732,-0.006582954579552047,0.006582954579552047,4.333529099644527e-05,1.0,1.0,0.0025311898995993565,0.0024478550086005357,0.0024478550086005357,5.9919941431307285e-06,0.0,1.0,-0.0614502090637874,-0.06329466674014261,0.06329466674014261,0.004006214837745716
7,0.38817756934412295,0.2236221530267922,1.7358636614933913,0.38817756934412295,0.2236221530267922,1.7358636614933913,0.9372643740217701,0.31923358024572585,0.22312362544141343,0.22312362544141343,medium,full_curve,50,0.0024358335401876243,0.39270888206829874,0.392487880165684,0.01433623509388342,0.38312223298325176,0.4020168503259112,0.36972012652335123,0.41688733284741164,0.01889461734265946,0.04716720632406041,0.22053084035958687,0.2199479697275774,0.013643040676254343,0.21119245250383056,0.22907843482415344,0.19918927618679583,0.24394501513288291,0.017885982320322874,0.04475573894608709,1.7849592889069876,1.7815033406598646,0.0848357236598485,1.724915259870044,1.8435327191684157,1.6507031554961347,1.9247427952122014,0.11861745929837175,0.2740396397160667,1.0,1.0,0.0045313127241757845,0.004310310821561025,0.004310310821561025,1.857877937846608e-05,1.0,1.0,-0.0030913126672053315,-0.0036741832992147894,0.0036741832992147894,1.3499622916228875e-05,1.0,1.0,0.0490956274135963,0.04563967916647327,0.04563967916647327,0.002082980314418614
8,0.37652563299907826,0.20254199159520275,1.8590003486861948,0.37652563299907826,0.20254199159520275,1.8590003486861948,0.8309845136136211,0.2731726148844541,0.2435689424428814,0.2435689424428814,medium,full_curve,50,0.003019125215465703,0.39112389793341334,0.3910911919163567,0.01325023636265612,0.38212847536950695,0.3998371490694117,0.369072550801476,0.4131029913957459,0.017708673699904753,0.044030440594269915,0.20913570343880578,0.20889375756649756,0.011934654723004931,0.20093879083579247,0.2168943479762027,0.19043435953542473,0.2290705652238816,0.01595555714041022,0.03863620568845688,1.8740873300189265,1.8729109131336386,0.08529311742943461,1.815450139242238,1.930425979321627,1.7400260312131275,2.017309691960361,0.11497584007938899,0.27728366074723354,0.0,1.0,0.014598264934335081,0.014565558917278454,0.014565558917278454,0.0002121555065727099,1.0,1.0,0.006593711843603023,0.006351765971294804,0.006351765971294804,4.034493095409862e-05,1.0,1.0,0.015086981332731675,0.013910564447443763,0.013910564447443763,0.0001935038032464864
9,0.3728283083368036,0.21993056875735084,1.6952091309696227,0.3728283083368036,0.21993056875735084,1.6952091309696227,0.813955298805505,0.31228697542759054,0.2524946281640073,0.2524946281640073,medium,full_curve,50,0.002095827205535283,0.3615175249446813,0.36155508470736025,0.014340902637902624,0.35180971299163655,0.37065404591025136,0.3385884663600258,0.3857572433610081,0.018844332918614815,0.047168777000982265,0.20625534639429507,0.20557075430476845,0.014084547700088218,0.19673533403498178,0.21549401759967912,0.18446163115617623,0.23088835196182383,0.018758683564697343,0.04642672080564761,1.7581086151461591,1.754731082218365,0.09639282565673958,1.6889489789173493,1.8250063554215918,1.6042548682316395,1.9205487846158438,0.13605737650424254,0.31629391638420423,0.0,1.0,-0.01131078339212227,-0.01127322362944333,0.01127322362944333,0.00012708557099943944,0.0,1.0,-0.013675222363055767,-0.014359814452582387,0.014359814452582387,0.000206204271112594,1.0,1.0,0.06289948417653646,0.05952195124874238,0.05952195124874238,0.003542862680457664
10,0.32408419569104346,0.23913392717918056,1.3552413892664028,0.32408419569104346,0.23913392717918056,1.3552413892664028,0.8729612017928233,0.44685629078115185,0.21531532448844604,0.21531532448844604,medium,full_curve,50,0.0008743754881665757,0.30331990464880415,0.3015772723018679,0.04283180345607117,0.27723534200966465,0.3304155500664104,0.2356389685545749,0.37460261480864226,0.053180208056745726,0.13896364625406737,0.23304178080842558,0.23433316135169574,0.052550851321531936,0.19988280285523052,0.2679528783753233,0.14556228708607158,0.31947958022456363,0.06807007552009275,0.17391729313849205,1.3568285335701198,1.3230193011762108,0.3019802354948673,1.1800896317055953,1.4945309068133743,0.9443212350249158,1.8729415191345842,0.314441275107779,0.9286202841096683,1.0,1.0,-0.020764291042239313,-0.022506923389175537,0.022506923389175537,0.0005065616004462168,1.0,1.0,-0.006092146370754975,-0.004800765827484815,0.004800765827484815,2.3047352530345964e-05,1.0,1.0,0.0015871443037169808,-0.032222088090192,0.032222088090192,0.0010382629608920932
11,0.1,0.09970122348660158,1.0029967186254096,0.1,0.09970122348660158,1.0029967186254096,0.5581935084158897,0.45794144871036324,0.23579041574922988,0.23579041574922988,medium,full_curve,50,0.00019926183174120464,0.27291673324857607,0.2616432216459631,0.10492117061583489,0.18839061695596182,0.3423908396273352,0.12420502282204113,0.4638716237929575,0.15400022267137337,0.3396666009709164,0.325682278063681,0.34311204586609056,0.1102835114341222,0.24808379715420875,0.4151258506341797,0.11693131579044344,0.4744619509601238,0.16704205347997098,0.3575306351696803,0.9170445924613401,0.8947357915783908,0.37716259176583106,0.6613752821667277,1.097157293905727,0.37400832615620555,1.6278295566021668,0.43578201173899933,1.2538212304459613,0.0,0.0,0.17291673324857607,0.1616432216459631,0.1616432216459631,0.02612853110408595,0.0,0.0,0.2259810545770794,0.24341082237948897,0.24341082237948897,0.05924882845145912,1.0,1.0,-0.08595212616406955,-0.10826092704701884,0.10826092704701884,0.011720428325079935
12,0.26279630486743144,0.2004988235185915,1.3107124533479537,0.26279630486743144,0.2004988235185915,1.3107124533479537,0.5731611696121026,0.35679534518959455,0.2799494735775245,0.2799494735775245,medium,full_curve,50,0.00030307079928360475,0.23286015357453363,0.228663128866926,0.057375178358375564,0.19312958060758906,0.26958973123439645,0.14785266102848893,0.3335447825797203,0.07646015062680739,0.18569212155123138,0.21726344550133392,0.21284216339329812,0.08738005320949721,0.15340264451376867,0.2759258999043096,0.08041607759080514,0.3685659761408418,0.12252325539054093,0.28814989855003664,1.2396206539757066,1.156695135027622,0.49969035696510083,0.9123204209099374,1.4792829339248945,0.5498395319304812,2.289861671559544,0.5669625130149571,1.740022139629063,1.0,1.0,-0.02993615129289781,-0.034133176000505444,0.034133176000505444,0.0011650737038814809,1.0,1.0,0.016764621982742423,0.012343339874706621,0.012343339874706621,0.00015235803926252247,1.0,1.0,-0.07109179937224708,-0.15401731832033172,0.15401731832033172,0.02372133434258639
13,0.2139151635676768,0.39157080592432064,0.5463000824658528,0.2139151635676768,0.39157080592432064,0.5463000824658528,0.18774299735492933,0.43882343737166407,0.29747391168074144,0.29747391168074144,medium,full_curve,50,3.861620278002043e-06,0.2437641432147291,0.22424945894350581,0.10508590559540694,0.15951436997651752,0.30565861578696185,0.1081070923347731,0.4528047950481804,0.14614424581044433,0.3446977027134073,0.33292808999792123,0.3537381134501531,0.11845434857395394,0.24948791343680146,0.4334712933465515,0.1035530015041823,0.4855025796921,0.18398337990975003,0.3819495781879177,0.8089160696649412,0.7710944993420041,0.35916060204072126,0.5627915366904552,0.9777622767618105,0.31264167320782393,1.5125679281119633,0.41497074007135526,1.1999262549041394,1.0,1.0,0.0298489796470523,0.010334295375829,0.010334295375829,0.00010679766091488066,1.0,1.0,-0.058642715926399414,-0.03783269247416754,0.03783269247416754,0.001431312619844933,0.0,1.0,0.2626159871990884,0.22479441687615132,0.22479441687615132,0.050532529858688904
14,0.301122761022719,0.1399594497995195,2.1515000341459816,0.301122761022719,0.1399594497995195,2.1515000341459816,0.5377934135779678,0.17265674719576185,0.28450033440434674,0.28450033440434674,medium,full_curve,50,0.003393338976294633,0.2940660171950117,0.2935273009974599,0.01119706214712756,0.2865772348043597,0.301484793276795,0.275726131991895,0.3133816095473158,0.0149075584724353,0.03765547755542081,0.12635373243487283,0.1260802540872006,0.009849929709234486,0.11977862475688704,0.13270477577116546,0.11071646254287681,0.14271981003420908,0.012926151014278423,0.03200334749133227,2.338260766039373,2.33400753739422,0.1611464619518094,2.2287357405537076,2.4448388710238778,2.0798505198886734,2.6106544682836823,0.21610313047017016,0.5308039483950089,1.0,1.0,-0.0070567438277073236,-0.0075954600252591264,0.0075954600252591264,5.769101299530937e-05,0.0,1.0,-0.013605717364646663,-0.013879195712318881,0.013879195712318881,0.00019263207362085082,0.0,1.0,0.18676073189339126,0.1825075032482384,0.1825075032482384,0.03330898874190574
15,0.1,0.17887515386335007,0.5590491347747157,0.1,0.17887515386335007,0.5590491347747157,0.38991571308913775,0.47798158111504574,0.2677805353187829,0.2677805353187829,medium,full_curve,50,4.8286242768311304e-05,0.20100312497534623,0.17502714023691465,0.0934375033427831,0.12522061002916882,0.2549615392191288,0.10104611189130872,0.384301632689826,0.12974092918995997,0.28325552079851724,0.32497026740249485,0.35098113175141354,0.1330819521886462,0.21950034991321576,0.44497845921931983,0.08249062565603833,0.49335336341708547,0.22547810930610407,0.41086273776104715,0.7304259851391869,0.6571601524672901,0.3931568602701716,0.4481793941515049,0.9090484079214053,0.2450348880773952,1.5814875040037526,0.4608690137699004,1.3364526159263574,0.0,0.0,0.10100312497534622,0.07502714023691465,0.07502714023691465,0.0056290717721296565,0.0,1.0,0.14609511353914478,0.17210597788806348,0.17210597788806348,0.029620467624806593,1.0,1.0,0.17137685036447114,0.09811101769257435,0.09811101769257435,0.009625771792672638
16,0.3598012912212869,0.24502661692759334,1.4684171692563919,0.3598012912212869,0.24502661692759334,1.4684171692563919,0.8759250289893802,0.4010112925529148,0.23181179718197148,0.23181179718197148,medium,full_curve,50,0.0012334358041468706,0.354979407817592,0.3540264335362367,0.02444952222564431,0.3388585330615569,0.3707839801448104,0.31592017191033567,0.3965122266541233,0.03192544708325351,0.08059205474378761,0.22986256375675054,0.22950249775440928,0.027509903044780293,0.21230845601665652,0.24767832642679996,0.18593228943335352,0.27422482198406656,0.035369870410143445,0.08829253255071304,1.5592991769821873,1.54859389051185,0.1521199747926149,1.4559595960219107,1.6482997645486368,1.3368595232819647,1.826233714129375,0.19234016852672609,0.4893741908474103,1.0,1.0,-0.004821883403694882,-0.005774857685050205,0.005774857685050205,3.3348981282583415e-05,1.0,1.0,-0.015164053170842795,-0.015524119173184053,0.015524119173184053,0.00024099827610322074,1.0,1.0,0.09088200772579547,0.08017672125545805,0.08017672125545805,0.006428306631275419
17,0.38668027525126525,0.20805972343966506,1.8585061484203986,0.38668027525126525,0.20805972343966506,1.8585061484203986,0.7461158385659213,0.2724475877517289,0.309951154824718,0.309951154824718,medium,full_curve,50,0.0027134824329100985,0.4176291172177645,0.41741306632144687,0.011821147172239997,0.40967744272189033,0.4257130230146602,0.3984267250781161,0.4372259635987393,0.016035580292769858,0.03879923852062317,0.22803413054735805,0.22790108837483553,0.010711665379633065,0.2205525445407277,0.2350875593172242,0.2111660971149018,0.24622913426208762,0.014535014776496491,0.03506303714718581,1.8339745393211395,1.832773434430478,0.0679644414922212,1.7853586156333676,1.880763125050073,1.724713465709377,1.947803562317841,0.09540450941670531,0.2230900966084639,0.0,0.0,0.030948841966499274,0.03073279107018162,0.03073279107018162,0.0009445044469634351,0.0,0.0,0.019974407107692993,0.01984136493517047,0.01984136493517047,0.00039367976249061223,1.0,1.0,-0.02453160909925911,-0.025732713989920608,0.025732713989920608,0.0006621725692870558
18,0.40754191667196565,0.23687677210781424,1.7204807083679499,0.40754191667196565,0.23687677210781424,1.7204807083679499,0.9526099141776209,0.33757397497816216,0.24533286383984027,0.24533286383984027,medium,full_curve,50,0.002315405966605563,0.4265192416276886,0.4264195077606209,0.014502504791853997,0.41640131579446227,0.4360620623429631,0.40321316263877416,0.4504387111266245,0.019660746548500807,0.04722554848785032,0.24668553518372147,0.24577955286074255,0.013771371071433978,0.23711294736448818,0.25571153173073086,0.2259298158021228,0.26982346530457946,0.018598584366242676,0.043893649502456666,1.732200370310873,1.7302844941425815,0.07268919200918997,1.6796504290041931,1.780869474115167,1.621394492518513,1.8606997834494259,0.1012190451109738,0.2393052909309128,0.0,1.0,0.018977324955722963,0.01887759108865522,0.01887759108865522,0.000356363445310475,0.0,1.0,0.009808763075907223,0.008902780752928302,0.008902780752928302,7.925950513471063e-05,1.0,1.0,0.011719661942923176,0.00980378577463159,0.00980378577463159,9.611421551486874e-05
19,0.3026531844582855,0.2345469773720089,1.2903734162314744,0.3026531844582855,0.2345469773720089,1.2903734162314744,0.6070779531046078,0.39176478229508177,0.3324130341943802,0.3324130341943802,medium,full_curve,50,0.00026697455880758604,0.3350064685022236,0.3316392334995537,0.05847852072527093,0.2937235485708377,0.3726089416143342,0.24461721833007155,0.43697946912015817,0.07888539304349651,0.19236225079008662,0.28012327100599244,0.2828742529521554,0.06772891781319719,0.23511349126901818,0.32835241118188463,0.16275531442882615,0.38655318855778986,0.09323891991286645,0.2237978741289637,1.2487573689171745,1.2125345676692698,0.2924305604773306,1.076866211743004,1.3698542509371179,0.8733084294829402,1.7660758107614627,0.292988039194114,0.8927673812785225,1.0,1.0,0.03235328404393811,0.028986049041268225,0.028986049041268225,0.0008401910390228066,0.0,1.0,0.04557629363398352,0.04832727558014649,0.04832727558014649,0.0023355255649994233,1.0,1.0,-0.04161604731429991,-0.07783884856220458,0.07783884856220458,0.006058886345489818
20,0.1,0.1496120730319054,0.6683952569701683,0.1,0.1496120730319054,0.6683952569701683,0.38303717670811166,0.4197523624239557,0.21250589730808073,0.21250589730808073,medium,full_curve,50,9.257448522038393e-05,0.2201751796418045,0.19505277394596116,0.10253425087534507,0.1343339956717775,0.2796906484794738,0.10233777092723241,0.42507562611823835,0.14535665280769627,0.32273785519100595,0.32719073015019823,0.3491180144255326,0.12476796937793944,0.23294192614140172,0.43522291179961403,0.09811421448326871,0.4900864200745592,0.20228098565821231,0.39197220559129053,0.7556769440724379,0.7171920007253682,0.3575037071795002,0.49708138991423445,0.9384404421536537,0.26947422287967876,1.4464932218001603,0.4413590522394193,1.1770189989204816,0.0,0.0,0.12017517964180449,0.09505277394596115,0.09505277394596115,0.009035029834821991,0.0,1.0,0.17757865711829282,0.19950594139362718,0.19950594139362718,0.0398026206513574,1.0,1.0,0.08728168710226958,0.04879674375519982,0.04879674375519982,0.0023811222011106328
21,0.1,0.1150494866103377,0.8691911884725835,0.1,0.1150494866103377,0.8691911884725835,0.39165956157649406,0.3728237767960459,0.26787100568610783,0.26787100568610783,medium,full_curve,50,8.455610696541517e-05,0.25955131574056906,0.2437254698398501,0.1103421862534461,0.16874306054217733,0.3337455017020378,0.10955013320673965,0.46469972791796177,0.16500244115986049,0.3551495947112221,0.35584902379826416,0.38058477468288976,0.1115607652386249,0.28711651111994274,0.44800209539817226,0.13277445497721427,0.4898089963803707,0.16088558427822952,0.3570345414031564,0.778642854879353,0.7650622800976095,0.31641941959926584,0.56537857692849,0.9490873358010732,0.30314837913729586,1.3182603342054269,0.38370875887258316,1.015111955068131,0.0,0.0,0.15955131574056905,0.1437254698398501,0.1437254698398501,0.02065701068068566,0.0,0.0,0.24079953718792646,0.26553528807255206,0.26553528807255206,0.0705089892117732,1.0,1.0,-0.09054833359323045,-0.10412890837497402,0.10412890837497402,0.010842829559363734
22,0.36551545850716843,0.13122601115985352,2.7853887752628115,0.36551545850716843,0.13122601115985352,2.7853887752628115,0.697977548664477,0.14991832003914152,0.30248753761477304,0.30248753761477304,medium,full_curve,50,0.008555106790555583,0.3608266476592953,0.3604755711029791,0.009180041860556534,0.35462850071865415,0.36700296325124676,0.3460421079308502,0.37621759291728674,0.012374462532592612,0.030175484986436518,0.13345233296282713,0.13326599394882682,0.005948461581127507,0.1292950988381485,0.13723014588103855,0.12425389582344017,0.14361376290131067,0.007935047042890053,0.019359867077870505,2.708249810089428,2.7037714323763047,0.12026061615463544,2.6239143441428965,2.787109937428416,2.5171837968496975,2.9113201770871204,0.16319559328551936,0.3941363802374229,1.0,1.0,-0.004688810847873148,-0.005039887404189314,0.005039887404189314,2.54004650469061e-05,1.0,1.0,0.0022263218029736076,0.002039982788973299,0.002039982788973299,4.1615297793072794e-06,1.0,1.0,-0.07713896517338359,-0.0816173428865068,0.0816173428865068,0.006661390659853621
23,0.30661910749456744,0.16226939787906894,1.8895682827582496,0.30661910749456744,0.16226939787906894,1.8895682827582496,0.5631710958878215,0.21089419700231232,0.27854980440686467,0.27854980440686467,medium,full_curve,50,0.0021522456005584173,0.29739854891964146,0.29708700377762054,0.013026944684427146,0.28884413002847553,0.3060971728722446,0.2760940653012563,0.3199224750528756,0.01725304284376905,0.04382840975161928,0.14206580218362785,0.1413272093251494,0.01345292279161742,0.13305411524491156,0.15062420161124448,0.12110728237853288,0.16483711710085597,0.01757008636633292,0.043729834722323085,2.1079558632691993,2.1021359273429288,0.17400792492284164,1.9890416384194034,2.2241873152011347,1.837223098605374,2.398198093941746,0.23514567678173126,0.5609749953363723,0.0,1.0,-0.009220558574925986,-0.009532103716946905,0.009532103716946905,9.0861001270633e-05,0.0,1.0,-0.020203595695441084,-0.02094218855391955,0.02094218855391955,0.000438575261427919,0.0,1.0,0.21838758051094964,0.21256764458467914,0.21256764458467914,0.04518500352427847
24,0.1,0.15288315214408515,0.6540943105735727,0.1,0.15288315214408515,0.6540943105735727,0.3814650908791042,0.4394650615249385,0.34933338940752856,0.34933338940752856,medium,full_curve,50,3.1018148788588845e-05,0.1905937941252585,0.1654051917228836,0.08473057445115674,0.12283658695971245,0.23387527022412877,0.10190442809129718,0.3595354809261818,0.11103868326441632,0.25763105283488463,0.3024299804037697,0.3166091835873547,0.13191355947071112,0.19681067740416275,0.4161812681366824,0.07095461027940847,0.4867109105947931,0.21937059073251963,0.41575630031538463,0.7616675163222704,0.6798637360067417,0.4138429676960533,0.45956453993060875,0.9375030010422891,0.2644292129623361,1.7182701374655776,0.47793846111168037,1.4538409245032415,0.0,0.0,0.0905937941252585,0.06540519172288359,0.06540519172288359,0.0042778391043071596,0.0,1.0,0.14954682825968457,0.16372603144326953,0.16372603144326953,0.02680621337216248,1.0,1.0,0.10757320574869766,0.025769425433168958,0.025769425433168958,0.0006640632871556552
25,0.18989924596588595,0.38642013445027656,0.4914320684558471,0.18989924596588595,0.38642013445027656,0.4914320684558471,0.15695178071660107,0.4370093687861621,0.2940404215622344,0.2940404215622344,medium,full_curve,50,2.437028359368835e-06,0.19201345055340296,0.1669285214896055,0.08580726096723884,0.123064043196254,0.2398243899939169,0.10153418564579741,0.3688325375713068,0.1167603467976629,0.2672983519255094,0.3047478534916163,0.318955486886743,0.1331359220386347,0.19334360338387643,0.42554764729965155,0.0768088536686849,0.48818376792381446,0.23220404391577512,0.41137491425512956,0.7546931845463644,0.6829654613268785,0.39712440094129076,0.46691739726261755,0.9243269633821105,0.26185721013609353,1.6302459490855992,0.45740956611949296,1.3683887389495055,1.0,1.0,0.0021142045875170157,-0.022970724476280457,0.022970724476280457,0.0005276541829651901,1.0,1.0,-0.08167228095866025,-0.06746464756353354,0.06746464756353354,0.0045514786708717924,1.0,1.0,0.2632611160905173,0.19153339287103144,0.19153339287103144,0.036685040584688876
26,0.1,0.14896478766080096,0.6712995840849596,0.1,0.14896478766080096,0.6712995840849596,0.4077749284898452,0.4380689330414299,0.20758011244867422,0.20758011244867422,medium,full_curve,50,0.0001063897633866476,0.20087893780814495,0.17982043573885031,0.08538581908901165,0.13351974252125934,0.24662664976690588,0.10214180238870671,0.37315297692116856,0.11310690724564654,0.2710111745324618,0.29980380477501295,0.31129291368869216,0.12330979625742688,0.20228508511832105,0.40467034107699396,0.0834450326829985,0.47914308224611935,0.2023852559586729,0.3956980495631208,0.7780707052669498,0.7169092701072033,0.3817161821176159,0.5122162192032729,0.9419846986237552,0.2882624390543333,1.5920584566297042,0.42976847942048235,1.303796017575371,0.0,0.0,0.10087893780814494,0.07982043573885031,0.07982043573885031,0.006371301961539932,0.0,1.0,0.150839017114212,0.1623281260278912,0.1623281260278912,0.02635042049972693,1.0,1.0,0.10677112118199017,0.04560968602224369,0.04560968602224369,0.0020802434590476513
27,0.1891080451767687,0.09430492603868351,2.005282789779161,0.1891080451767687,0.09430492603868351,2.005282789779161,0.2945705327602721,0.12157756079057097,0.28908691999940084,0.28908691999940084,medium,full_curve,50,0.0001842781992358644,0.17941463558819873,0.17929471376970954,0.016951229845444688,0.16824965570509243,0.19031541128119736,0.15331698422721432,0.2069450636531387,0.022065755576104934,0.053628079425924374,0.07068836780170508,0.059917734975757184,0.03647519583994458,0.05276860928906541,0.07401831430741751,0.05014773974151557,0.12335982776201146,0.0212497050183521,0.07321208802049589,2.8110072702179076,3.0197674256175864,0.6391940095901345,2.51201881365483,3.2755064968669867,1.451829149906162,3.4749243507182173,0.7634876832121567,2.0230952008120555,1.0,1.0,-0.009693409588569984,-0.009813331407059173,0.009813331407059173,9.630147330477397e-05,0.0,1.0,-0.023616558236978433,-0.03438719106292633,0.03438719106292633,0.0011824789091982003,0.0,1.0,0.8057244804387467,1.0144846358384254,1.0144846358384254,1.0291790763522226
28,0.3722022101567626,0.15964295094872316,2.3314666131191273,0.3722022101567626,0.15964295094872316,2.3314666131191273,0.713223794285313,0.19175548917566831,0.2998465084289348,0.2998465084289348,medium,full_curve,50,0.005849389860621889,0.37627718525221493,0.37614617858707544,0.009313766049768002,0.3697302958679036,0.38243759010618295,0.3618037284828204,0.3917316310111095,0.01270729423827932,0.02992790252828914,0.16814757916418757,0.16799304099430457,0.00700600804769534,0.16336678858695922,0.1726710474484508,0.15695806437163287,0.17992236058015554,0.009304258861491582,0.022964296208522667,2.240556255404637,2.236326679550482,0.08272035525769557,2.182639071063249,2.2948149876439006,2.1058668155493585,2.3848383343248996,0.11217591658065151,0.27897151877554105,1.0,1.0,0.004074975095452349,0.003943968430312861,0.003943968430312861,1.555488697930449e-05,0.0,1.0,0.00850462821546441,0.008350090045581404,0.008350090045581404,6.972400376931766e-05,0.0,1.0,-0.09091035771449008,-0.09513993356864514,0.09513993356864514,0.00905160695944621
29,0.3588010414149853,0.22981143857016242,1.5612845193754001,0.3588010414149853,0.22981143857016242,1.5612845193754001,0.7030975657039238,0.3311753012915889,0.30247770228641724,0.30247770228641724,medium,full_curve,50,0.0011513471716708922,0.374171080014935,0.3731828638824278,0.02117478064685613,0.36026038104494384,0.38809735680246665,0.3406076756488795,0.4109743510941254,0.02783697575752281,0.07036667544524589,0.22958284128145873,0.2288686195714417,0.022705222149317653,0.2149751868591716,0.24350967344039098,0.19375967545643585,0.2692535398717685,0.028534486581219376,0.07549386441533262,1.6401003571621253,1.6310045666869486,0.12706420926717854,1.5622526082853514,1.7133160234281481,1.438850432900839,1.8431642808682447,0.15106341514279675,0.40431384796740577,0.0,1.0,0.015370038599949676,0.014381822467442462,0.014381822467442462,0.0002068368174850328,1.0,1.0,-0.0002285972887036969,-0.0009428189987207292,0.0009428189987207292,8.889076643487583e-07,0.0,1.0,0.07881583778672518,0.06972004731154846,0.06972004731154846,0.004860884997124556
30,0.16371637259584462,0.12017292791676173,1.3623398833158449,0.16371637259584462,0.12017292791676173,1.3623398833158449,0.274343409135228,0.18656490912743934,0.31785373256903365,0.31785373256903365,medium,full_curve,50,2.102611890838407e-05,0.24445739749825085,0.23920052285832294,0.06527350927019905,0.19968943665563205,0.28354863727652474,0.146924785459287,0.3610508150627232,0.0838592006208927,0.21412602960343619,0.2363797088034421,0.23519856185851906,0.09590221512821327,0.16203102826938026,0.30779273193481244,0.08094497145158507,0.3996040503635673,0.14576170366543217,0.3186590789119822,1.2028313575044403,1.1079630339101214,0.5061202637738257,0.8671212871263757,1.451681572517735,0.5152898770146218,2.2566267181873676,0.5845602853913593,1.7413368411727457,0.0,1.0,0.08074102490240623,0.07548415026247832,0.07548415026247832,0.0056978569408484055,0.0,1.0,0.11620678088668038,0.11502563394175733,0.11502563394175733,0.013230896463703155,1.0,1.0,-0.15950852581140462,-0.25437684940572347,0.25437684940572347,0.06470758151358212
31,0.3620368429761064,0.13491083088828562,2.683526893966689,0.3620368429761064,0.13491083088828562,2.683526893966689,0.8161120191963066,0.15661384300193715,0.22941460122625557,0.22941460122625557,medium,full_curve,50,0.007231136186935161,0.3576208541808867,0.3576928710035978,0.009741873757968224,0.35083931642634125,0.3641327472490841,0.3414757665574727,0.37403808527357396,0.013293430822742869,0.03256231871610127,0.13484901828833426,0.13448810944998285,0.006516739645938702,0.13034017248419202,0.13890164245550007,0.12467175805332653,0.14611856370659432,0.00856146997130805,0.021446805653267786,2.6570170901602226,2.654786920454215,0.12431593173401101,2.571997055012262,2.7418287647580124,2.4551316380370176,2.859408305655031,0.16983170974575046,0.4042766676180132,1.0,1.0,-0.004415988795219705,-0.004343971972508576,0.004343971972508576,1.8870092497940047e-05,1.0,1.0,-6.181259995136079e-05,-0.00042272143830277,0.00042272143830277,1.7869341440076257e-07,1.0,1.0,-0.026509803806466614,-0.028739973512474037,0.028739973512474037,0.0008259860774977092
32,0.3931122117655797,0.251340263433022,1.5640638168995058,0.3931122117655797,0.251340263433022,1.5640638168995058,0.7767119178831637,0.3616089290736841,0.3210878003752593,0.3210878003752593,medium,full_curve,50,0.0012451590411341922,0.41938918127693314,0.41903113896850464,0.02120231790276624,0.40434677715897127,0.4336533022275441,0.3852485093771357,0.45543533388151386,0.029306525068572842,0.07018682450437819,0.272231457200081,0.2715764329250384,0.020971313419129823,0.2579664875459825,0.28562536819583084,0.23979707981369358,0.308130323035524,0.02765888064984834,0.06833324322183043,1.545495807695515,1.542980442154379,0.08517443090963747,1.4876223049226776,1.5991112745817715,1.4085069995305126,1.692920629690378,0.11148896965909394,0.2844136301598654,0.0,1.0,0.026276969511353443,0.025918927202924935,0.025918927202924935,0.0006717907873505223,0.0,1.0,0.020891193767059002,0.020236169492016398,0.020236169492016398,0.0004095025557096152,1.0,1.0,-0.01856800920399082,-0.021083374745126893,0.021083374745126893,0.00044450869064345446
33,0.35813194063015524,0.26626032002858935,1.3450443558082605,0.35813194063015524,0.26626032002858935,1.3450443558082605,0.8054252411554398,0.45378593560292485,0.289018212467991,0.289018212467991,medium,full_curve,50,0.0006415788131345522,0.41058642779058924,0.4085852218602748,0.0660983012580776,0.36704136684873356,0.45634287445403454,0.30265268762069164,0.5202512143562247,0.08930150760530098,0.21759852673553304,0.32876093482610397,0.33304458186329694,0.05925936105925625,0.29410146968041456,0.36749399838966307,0.22305867220638864,0.4189429386495634,0.0733925287092485,0.19588426644317475,1.2723384345398998,1.2597321679303748,0.21463920410266585,1.1519556393951458,1.3777582996704467,0.9671665189548049,1.6124843765071746,0.22580266027530094,0.6453178575523697,0.0,1.0,0.052454487160433994,0.05045328123011955,0.05045328123011955,0.0025455335868855337,0.0,1.0,0.06250061479751462,0.06678426183470759,0.06678426183470759,0.004460137628806781,1.0,1.0,-0.07270592126836073,-0.08531218787788575,0.08531218787788575,0.007278169400511676
34,0.3753165630178444,0.10425775189164026,3.5998911947375163,0.3753165630178444,0.10425775189164026,3.5998911947375163,0.7781494576444906,0.11297864664542902,0.2857628876980231,0.2857628876980231,medium,full_curve,50,0.010105246788153523,0.36172405581339934,0.3615587563542454,0.009513344656591692,0.35523280705414517,0.3681129733510966,0.34640629908336246,0.3775493273762127,0.012880166296951434,0.03114302829285026,0.10798640936954487,0.10787951832747057,0.0053306299234058855,0.10431235454012816,0.11154146460906916,0.09944949060166103,0.11715695542069622,0.007229110068941003,0.017707464819035193,3.357316427519914,3.3490280074239225,0.17764166745292814,3.237076346334746,3.472866382553468,3.068939506896969,3.659543864876572,0.23579003621872197,0.5906043579796028,0.0,1.0,-0.013592507204445048,-0.013757806663598993,0.013757806663598993,0.00018927724419296884,0.0,1.0,0.003728657477904615,0.0036217664358303148,0.0036217664358303148,1.3117192115707022e-05,0.0,1.0,-0.24257476721760218,-0.2508631873135938,0.2508631873135938,0.06293233874913526
35,0.23136566555425783,0.30848450866254884,0.7500074041233257,0.23136566555425783,0.30848450866254884,0.7500074041233257,0.21400475145919554,0.32698251708873605,0.3063894524142081,0.3063894524142081,medium,full_curve,50,7.740064137840303e-06,0.21089875786301446,0.18800584017550648,0.09515872095179541,0.1337449939507504,0.2648874208491099,0.10207246525644553,0.40737136859214373,0.13114242689835948,0.3052989033356982,0.31838458324990493,0.3379456586352879,0.12896828354014778,0.21845599985477515,0.43082191661004343,0.08290613194003253,0.489695912281921,0.21236591675526828,0.40678978034188845,0.77007901820766,0.6989373112744819,0.39329600370072265,0.4935085185655942,0.9511752955700291,0.274981721317138,1.6213547123766028,0.4576667770044349,1.3463729910594648,1.0,1.0,-0.020466907691243375,-0.043359825378751354,0.043359825378751354,0.00188007445687581,1.0,1.0,0.00990007458735609,0.029461149972739076,0.029461149972739076,0.0008679593577162237,1.0,1.0,0.020071614084334333,-0.051070092848843784,0.051070092848843784,0.002608154383589525
36,0.1,0.1083703421291869,0.9227616895477849,0.1,0.1083703421291869,0.9227616895477849,0.4051365079337408,0.36328753196458413,0.23054334447846084,0.23054334447846084,medium,full_curve,50,0.0001299536179776742,0.24589979990168928,0.22900406465259138,0.10131710305207867,0.16423228934620948,0.3062911333734736,0.11289481518776266,0.44190794217915785,0.1420588440272641,0.3290131269913952,0.3267388429620463,0.34324050031279346,0.11631889233588995,0.24331707795193303,0.4249562965304006,0.11296912400877808,0.48336211489065545,0.1816392185784676,0.3703929908818774,0.8289128206839395,0.7846729440447093,0.3567408882026934,0.5956794145488344,0.9932535155214275,0.33861957341281707,1.5150367689917672,0.39757410097259305,1.1764171955789502,0.0,0.0,0.14589979990168928,0.12900406465259137,0.12900406465259137,0.016642048696889976,0.0,0.0,0.2183685008328594,0.23487015818360657,0.23487015818360657,0.05516399120519237,1.0,1.0,-0.09384886886384547,-0.1380887455030756,0.1380887455030756,0.01906850163461318
37,0.1,0.15573837956047995,0.6421024816247409,0.1,0.15573837956047995,0.6421024816247409,0.33723943067739903,0.3927348455559877,0.22422222818651655,0.22422222818651655,medium,full_curve,50,6.406378139920614e-05,0.22458164150330565,0.20589403572389242,0.09627857203940392,0.14900485549176554,0.27952506878833483,0.10633232454804538,0.4139967288864377,0.1305202132965693,0.3076644043383923,0.32396760231340654,0.34523697791289637,0.11748337361021254,0.24334954519344204,0.42129345670807866,0.09954709197892934,0.48026925201492676,0.17794391151463662,0.3807221600359974,0.7716403899852671,0.7347649388868942,0.3453696882613025,0.5423581662160457,0.9372138977842009,0.29229564471707103,1.4502603326111367,0.39485573156815523,1.1579646878940657,0.0,0.0,0.12458164150330564,0.10589403572389242,0.10589403572389242,0.011213546801893003,0.0,1.0,0.1682292227529266,0.18949859835241642,0.18949859835241642,0.035909718777530436,1.0,1.0,0.12953790836052614,0.09266245726215327,0.09266245726215327,0.008586330985860383
38,0.41873229902464065,0.14973973299384816,2.7964007324752185,0.41873229902464065,0.14973973299384816,2.7964007324752185,0.8038352333217442,0.17034217393499862,0.3413756815086906,0.3413756815086906,medium,full_curve,50,0.00834170371634462,0.42112329376768864,0.421174246371266,0.009438059949062709,0.4148519444640435,0.42745955760611765,0.405111538071718,0.4369976753972781,0.012607613142074148,0.03188613732556006,0.1538740458170147,0.15367306580648496,0.00574866894329275,0.15001566062867547,0.1575219664858331,0.14477784065273772,0.1635040391310462,0.007506305857157641,0.018726198478308476,2.739961090483751,2.737416237455567,0.10326812945089262,2.6693332378500347,2.805327505850151,2.5753605316467736,2.917993530804438,0.13599426800011605,0.3426329991576642,1.0,1.0,0.0023909947430479916,0.0024419473466253394,0.0024419473466253394,5.963106843690535e-06,0.0,1.0,0.004134312823166536,0.003933332812636803,0.003933332812636803,1.547110701496534e-05,1.0,1.0,-0.05643964199146767,-0.05898449501965164,0.05898449501965164,0.003479170652723309
39,0.27088688058847327,0.1570108415506138,1.725275005937412,0.27088688058847327,0.1570108415506138,1.725275005937412,0.4289367662643344,0.2019389584120258,0.34999346406402604,0.34999346406402604,medium,full_curve,50,0.000538504884550603,0.2751723204915579,0.2742060696242393,0.015832387041252095,0.2642271687287033,0.2853424139382814,0.2509990364873221,0.30189176726746614,0.021115245209578137,0.05089273078014406,0.13416647554323805,0.13332832042326562,0.01894392432160566,0.12167587171575428,0.14602926421368,0.10364623989797242,0.16691691286460963,0.02435339249792573,0.06327067296663721,2.0838880369749457,2.063391829656271,0.25689984657999393,1.9111202162648704,2.2432643192560637,1.6980750831024982,2.536954757275177,0.33214410299119335,0.8388796741726787,1.0,1.0,0.004285439903084609,0.003319189035766057,0.003319189035766057,1.1017015855149607e-05,0.0,1.0,-0.022844366007375744,-0.02368252112734817,0.02368252112734817,0.0005608618069472925,0.0,1.0,0.3586130310375337,0.338116823718859,0.338116823718859,0.11432298648172996
40,0.3745394185163811,0.15231049454151982,2.4590519493998606,0.3745394185163811,0.15231049454151982,2.4590519493998606,0.7749219262003795,0.18104667349244824,0.2666878826272404,0.2666878826272404,medium,full_curve,50,0.0067022592445780856,0.37525910558565845,0.3752769489415935,0.009282963157132975,0.369239559104626,0.38143608047165023,0.3600870139100717,0.39101016959436197,0.012196521367024205,0.03092315568429027,0.1593464570154797,0.15900559431892908,0.006811032197235373,0.15497870644940298,0.16367884745174938,0.14824885950164163,0.17125707238206914,0.008700141002346395,0.02300821288042751,2.3582403471038846,2.356256986702695,0.09293093898746606,2.2954382421602904,2.4194959816679966,2.2057506320533076,2.5121295738556233,0.12405773950770627,0.30637894180231573,1.0,1.0,0.0007196870692773305,0.0007375304252124071,0.0007375304252124071,5.43951128113994e-07,0.0,1.0,0.007035962473959878,0.006695099777409258,0.006695099777409258,4.4824361029465495e-05,0.0,1.0,-0.10081160229597597,-0.10279496269716581,0.10279496269716581,0.01056680435591171
41,0.41062210206106786,0.1938752574248518,2.1179706349080134,0.41062210206106786,0.1938752574248518,2.1179706349080134,0.9325853516917011,0.24528076130671794,0.24967737839024107,0.24967737839024107,medium,full_curve,50,0.004400580990511806,0.4047398822296385,0.40466466084101216,0.010662428889090945,0.39738078115379194,0.4114793136526202,0.38712807995876897,0.42226987403869787,0.014098532498828253,0.0351417940799289,0.19321728735876947,0.19253281463645808,0.008421448132920478,0.18739178625772066,0.19871257845484308,0.1798227961575442,0.20821390641949122,0.011320792197122426,0.028391110261947017,2.097456768999509,2.095697787533068,0.0784419369096086,2.043970570986801,2.1492912084125426,1.9722754463434096,2.2275854916317472,0.10532063742574183,0.2553100452883377,1.0,1.0,-0.005882219831429336,-0.005957441220055704,0.005957441220055704,3.549110589041879e-05,1.0,1.0,-0.000657970066082314,-0.0013424427883937107,0.0013424427883937107,1.802152640110281e-06,1.0,1.0,-0.020513865908504236,-0.022272847374945393,0.022272847374945393,0.0004960797301876118
42,0.14384435969150675,0.21479998017742333,0.6696665408101634,0.14384435969150675,0.21479998017742333,0.6696665408101634,0.1257989918880074,0.2335029113278166,0.3248563969724352,0.3248563969724352,medium,full_curve,50,9.583879370750403e-10,0.25983772880612444,0.24311634902732782,0.11364701507449808,0.16602931094785356,0.32798604336151005,0.10967715173523586,0.47813335733134954,0.1619567324136565,0.3684562055961137,0.353869107033346,0.3813192666150006,0.11415028638779794,0.27722978141468085,0.4496547803574402,0.12928541449360556,0.4908888979794933,0.17242499894275937,0.3616034834858878,0.7878020904743146,0.7543402210104169,0.33319263965673507,0.5601419355043409,0.9688389556561186,0.30895794147503036,1.3711170329535682,0.40869702015177767,1.062159091478538,0.0,1.0,0.11599336911461769,0.09927198933582107,0.09927198933582107,0.009854927866691373,0.0,1.0,0.13906912685592268,0.16651928643757727,0.16651928643757727,0.027728672755679903,1.0,1.0,0.11813554966415118,0.08467368020025345,0.08467368020025345,0.007169632118654794
43,0.39592008496701464,0.2901719772992739,1.3644325294674322,0.39592008496701464,0.2901719772992739,1.3644325294674322,0.9166873629942611,0.4925318933978054,0.29122001876051123,0.29122001876051123,medium,full_curve,50,0.0007925722058326286,0.41955629013432144,0.4199043283362944,0.04671158011629951,0.3881449870633327,0.45118910678328716,0.34394695954907956,0.4956246224506826,0.06304411971995444,0.15167766290160306,0.32175875070368304,0.3219090836858266,0.04247270241342566,0.29546435617007727,0.3496210866947399,0.25549840218653713,0.3912696949610172,0.05415673052466263,0.13577129277448008,1.3154521998105704,1.3056730402427592,0.14336027831921647,1.2305134321012896,1.393039039088886,1.1023500161396074,1.545752260607024,0.16252560698759644,0.4434022444674166,1.0,1.0,0.0236362051673068,0.023984243369279734,0.023984243369279734,0.0005752439299968389,0.0,1.0,0.03158677340440913,0.031737106386552694,0.031737106386552694,0.0010072439217913638,1.0,1.0,-0.04898032965686183,-0.058759489224673,0.058759489224673,0.0034526775739444626
44,0.1291403029860993,0.10136347855509843,1.2740318784137044,0.1291403029860993,0.10136347855509843,1.2740318784137044,0.32399551266129123,0.24033645239511953,0.29133526200820825,0.29133526200820825,medium,full_curve,50,4.2400190798918156e-05,0.29580995889284223,0.2885333209842606,0.0901500458229115,0.22962680199952568,0.35546965196323416,0.16095996069301485,0.4572478076926622,0.12584284996370848,0.2962878469996474,0.29746874265056406,0.3061471891047042,0.0982738116994673,0.22874807960912596,0.37322351868695164,0.11987985878805439,0.4458557781318913,0.14447543907782567,0.3259759193438369,1.0842887951810707,1.0389059811180887,0.3894761306065963,0.853792909372459,1.2598245110703248,0.514730646493205,1.8022164109415828,0.4060316016978658,1.2874857644483777,0.0,0.0,0.16666965590674293,0.1593930179981613,0.1593930179981613,0.025406134186562172,0.0,0.0,0.19610526409546564,0.20478371054960576,0.20478371054960576,0.041936368106464714,0.0,1.0,-0.18974308323263367,-0.23512589729561562,0.23512589729561562,0.05528418757906838
45,0.22971803358799375,0.11149988621098478,2.060253524862901,0.22971803358799375,0.11149988621098478,2.060253524862901,0.36250343403631957,0.13888868348781958,0.3081355192161362,0.3081355192161362,medium,full_curve,50,0.0007052660821968098,0.21892994086695527,0.21868645791939845,0.012956435753448466,0.21015432754571786,0.22736263620662933,0.19891715268529028,0.24133107115922836,0.01720830866091147,0.04241391847393808,0.08183071971682424,0.07950312619179348,0.018769570944575296,0.0693766062092313,0.09158470902646906,0.05767718717468826,0.11374803913686832,0.022208102817237757,0.056070851962180056,2.7845234932488214,2.790667555982754,0.5107743742540652,2.4467874715775597,3.140976475950178,1.9496305578173079,3.605640274154866,0.6941890043726184,1.6560097163375582,0.0,1.0,-0.010788092721038478,-0.011031575668595306,0.011031575668595306,0.00012169566173194397,0.0,1.0,-0.029669166494160543,-0.0319967600191913,0.0319967600191913,0.001023792651725719,0.0,1.0,0.7242699683859204,0.730414031119853,0.730414031119853,0.5335046568567536
46,0.1,0.12218667777332999,0.8184198295784033,0.1,0.12218667777332999,0.8184198295784033,0.46238154511834206,0.43990615472524097,0.23955998475641194,0.23955998475641194,medium,full_curve,50,0.00013363244845950552,0.270142563130681,0.2542094591964735,0.10906072436088386,0.18346457175136105,0.33833501074699757,0.11733044245601452,0.4737688856563071,0.15487043899563652,0.35643844320029255,0.34687185454179914,0.3683786218439406,0.10940069536519001,0.27816476247123784,0.43540196690111593,0.12350830562637317,0.4846776728181756,0.1572372044298781,0.3611693671918024,0.833645782007578,0.8171725512057821,0.32389354301420437,0.6228572502607469,1.0043303852796133,0.33845738477010456,1.3967020292884447,0.38147313501886637,1.0582446445183402,0.0,0.0,0.17014256313068102,0.15420945919647347,0.15420945919647347,0.023780557305668817,0.0,0.0,0.22468517676846916,0.24619194407061062,0.24619194407061062,0.06061047332526667,1.0,1.0,0.015225952429174683,-0.0012472783726211745,0.0012472783726211745,1.5557033388085254e-06
47,0.3378723937209347,0.07724709232584367,4.37391730287687,0.3378723937209347,0.07724709232584367,4.37391730287687,0.6911234309059281,0.08192255879629959,0.276006645550822,0.276006645550822,medium,full_curve,50,0.009832463308889962,0.32780393137658304,0.32760194675712706,0.010332688797317628,0.32055703924234075,0.3348093953867509,0.311676549447503,0.3450044572974816,0.014252356144410172,0.03332790784997858,0.0790493876851814,0.07848341476635695,0.0054016905589705745,0.07518752513294417,0.08238886650967325,0.07120420307829886,0.08858389396741075,0.0072013413767290785,0.017379690889111885,4.165874995744625,4.160964441061424,0.31065329417084225,3.948002472824411,4.3763083737951725,3.6627065874954376,4.687763376433386,0.4283059009707615,1.0250567889379485,0.0,1.0,-0.010068462344351659,-0.010270446963807633,0.010270446963807633,0.00010548208083638544,1.0,1.0,0.0018022953593377217,0.0012363224405132767,0.0012363224405132767,1.5284931769167045e-06,1.0,1.0,-0.2080423071322448,-0.21295286181544615,0.21295286181544615,0.045348921355388504
48,0.3997248232561326,0.2581723973905854,1.5482864446248084,0.3997248232561326,0.2581723973905854,1.5482864446248084,0.8645012271371765,0.3864955117398511,0.28518293757980934,0.28518293757980934,medium,full_curve,50,0.0013893840161026561,0.3988393998322219,0.3981540766819956,0.01681538046680775,0.3874617964940687,0.41023112186109867,0.3720219472818998,0.4271301131191953,0.02276932536702997,0.0551081658372955,0.24921930289595637,0.24869010347317716,0.01703531971963719,0.23784737505324616,0.26027914086619675,0.22233852995514922,0.27903950136630284,0.022431765812950588,0.05670097141115363,1.6047587116071391,1.6021147962667406,0.08213682146090528,1.5469581018404774,1.659072551367158,1.4750092282611147,1.745169688614708,0.11211444952668059,0.2701604603535932,1.0,1.0,-0.0008854234239107361,-0.0015707465741370275,0.0015707465741370275,2.467244800163208e-06,1.0,1.0,-0.008953094494629027,-0.009482293917408235,0.009482293917408235,8.991389793611722e-05,1.0,1.0,0.056472266982330765,0.053828351641932226,0.053828351641932226,0.002897491440487508
49,0.2553539160189005,0.20255994322678872,1.2606338249858362,0.2553539160189005,0.20255994322678872,1.2606338249858362,0.5035029504456945,0.3463906922384634,0.3389590462902082,0.3389590462902082,medium,full_curve,50,0.00014178926770327775,0.2925103657151296,0.28835744424395376,0.08388468615742954,0.2310003738284237,0.3473077959234052,0.1666429512929912,0.4399971424352659,0.11630742209498152,0.27335419114227466,0.2948205062237254,0.3006134974436218,0.09361039344923254,0.23034067311758483,0.36446558555384756,0.12550175388370097,0.43908409872026366,0.13412491243626273,0.31358234483656267,1.0785520309512404,1.030663284672631,0.3866585656665563,0.8581597381913767,1.2383158824794607,0.5188311573264691,1.7609398639210676,0.380156144288084,1.2421087065945984,1.0,1.0,0.03715644969622911,0.03300352822505326,0.03300352822505326,0.001089232875301887,0.0,1.0,0.09226056299693669,0.0980535542168331,0.0980535542168331,0.009614499494553426,0.0,1.0,-0.1820817940345958,-0.2299705403132053,0.2299705403132053,0.05288644941194758
50,0.1,0.17199217243375872,0.5814218088239692,0.1,0.17199217243375872,0.5814218088239692,0.41107838158506704,0.48072217355810354,0.233773198331281,0.233773198331281,medium,full_curve,50,7.162555186011996e-05,0.2908305295627662,0.27039435266811945,0.12689832807197102,0.18599746188963054,0.37929005544549177,0.11575734246855998,0.5235992307056488,0.19329259355586123,0.4078418882370889,0.3698019397694271,0.40023222770181943,0.1104187015199346,0.30673714847389305,0.461458106673538,0.1463115632163332,0.493579104083317,0.15472095819964493,0.3472675408669838,0.8305308917025935,0.8157352374728564,0.3380830741739284,0.5924406221935398,1.0274471022829728,0.33197634107479307,1.376526340079678,0.435006480089433,1.0445499990048848,0.0,0.0,0.19083052956276622,0.17039435266811945,0.17039435266811945,0.029034235421187465,0.0,1.0,0.19780976733566838,0.2282400552680607,0.2282400552680607,0.052093522828767405,0.0,1.0,0.24910908287862432,0.23431342864888716,0.23431342864888716,0.05490278284519713
51,0.23567485279753303,0.16977597916457882,1.388151927953675,0.23567485279753303,0.16977597916457882,1.388151927953675,0.39604067424663036,0.249279432881369,0.3437501499973391,0.3437501499973391,medium,full_curve,50,0.00010537135478630514,0.24809838413529606,0.24592294879654808,0.03751168165337183,0.2232077004410261,0.27094375528121484,0.192697293088882,0.3126793322155305,0.047736054840188724,0.11998203912664851,0.1764269514488689,0.17365492556032086,0.05725500344411449,0.13612439320012962,0.21276026949038274,0.08937028108717797,0.27408190109771685,0.07663587629025312,0.18471162001053887,1.5413645658663486,1.4776664139322067,0.47563053407595,1.2258607917149502,1.7771565317246547,0.8893264382598253,2.4388511135988598,0.5512957400097045,1.5495246753390344,1.0,1.0,0.012423531337763027,0.01024809599901505,0.01024809599901505,0.00010502347160502828,1.0,1.0,0.0066509722842900965,0.0038789463957420445,0.0038789463957420445,1.5046225141040198e-05,1.0,1.0,0.1532126379126737,0.08951448597853173,0.08951448597853173,0.008012843200000754
52,0.39159931576744966,0.20278183271586825,1.931136091052825,0.39159931576744966,0.20278183271586825,1.931136091052825,0.755662016173611,0.26109730998833136,0.31173757048286116,0.31173757048286116,medium,full_curve,50,0.003167118261807526,0.3940599517678058,0.39398276147583516,0.011563203738136983,0.38608027871662365,0.40175884915295945,0.3752009663656669,0.4131719781540443,0.015678570436335804,0.03797101178837736,0.2036433924556834,0.20349035219563133,0.01005396242301761,0.1968483219396892,0.210327007562241,0.187238763814462,0.22011953175246718,0.013478685622551778,0.03288076793800518,1.9381749618050872,1.9351248755773942,0.07898468788365968,1.8832107160342557,1.99080647570891,1.8115610903178783,2.073222408288924,0.10759575967465418,0.26166131797104564,1.0,1.0,0.00246063600035612,0.002383445708385501,0.002383445708385501,5.680813444821263e-06,1.0,1.0,0.0008615597398151376,0.0007085194797630812,0.0007085194797630812,5.019998532037471e-07,1.0,1.0,0.007038870752262172,0.003988784524569189,0.003988784524569189,1.591040198344265e-05
53,0.3721016087340219,0.1140818520922201,3.261707290947792,0.3721016087340219,0.1140818520922201,3.261707290947792,0.7520762188344363,0.12594738265441055,0.2884689988743966,0.2884689988743966,medium,full_curve,50,0.010008608708686162,0.37578035542767524,0.37577000821163903,0.009586294717982044,0.3691273488533251,0.3822896932866484,0.3604542243931772,0.3913066403317979,0.013162344433323314,0.030852415938620703,0.11676481289187343,0.11660483995686884,0.005478294488456514,0.11285997830313321,0.12016188353269683,0.10817421784702339,0.12634188191431953,0.0073019052295636155,0.01816766406729614,3.2247088890774385,3.2193155117678813,0.16023494198802207,3.1137232418008693,3.324809630475995,2.96797404778474,3.4929864022023125,0.21108638867512575,0.5250123544175724,1.0,1.0,0.003678746693653312,0.0036683994776171014,0.0036683994776171014,1.3457154727381422e-05,1.0,1.0,0.002682960799653328,0.002522987864648732,0.002522987864648732,6.365467765164768e-06,1.0,1.0,-0.036998401870353526,-0.04239177917991066,0.04239177917991066,0.0017970629420383068
54,0.2544249170216919,0.12295475119151511,2.0692564911574505,0.2544249170216919,0.12295475119151511,2.0692564911574505,0.41660446906439763,0.15277801673715963,0.3022207855519694,0.3022207855519694,medium,full_curve,50,0.0013657010743392997,0.239957990682697,0.2391399770700497,0.01315334495164016,0.23105002265148555,0.2482867208689914,0.2194442546923624,0.2627761227914262,0.01723669821750584,0.04333186809906381,0.09287587905372555,0.09165571200885397,0.015230319320753976,0.08227545240174228,0.10259578256092593,0.07012675447440725,0.1192333798592112,0.02032033015918365,0.049106625384803954,2.6426794032050656,2.6361632445710503,0.383440244835146,2.380759786018181,2.895361784760568,2.038997967220097,3.279121900625382,0.5146019987423869,1.2401239334052847,0.0,1.0,-0.014466926338994907,-0.015284939951642207,0.015284939951642207,0.00023362938932530806,0.0,0.0,-0.030078872137789564,-0.03129903918266114,0.03129903918266114,0.000979629853757757,0.0,1.0,0.5734229120476151,0.5669067534135999,0.5669067534135999,0.3213832670659481
55,0.23908621026733357,0.19941198033365198,1.1989561001665971,0.23908621026733357,0.19941198033365198,1.1989561001665971,0.6730153192514028,0.46312699311867817,0.2803725041449837,0.2803725041449837,medium,full_curve,50,0.0002517584334742148,0.28281245585611653,0.27715925313861256,0.07330295851377966,0.23318116885305212,0.3293494462976957,0.17017891399803808,0.41189131876136664,0.09616827744464357,0.24171240476332856,0.2762917934423639,0.2795527519869323,0.09039862332280336,0.2124362803620221,0.3425055802260103,0.12148765555457891,0.42008597629595373,0.13006929986398819,0.2985983207413748,1.1251301176447028,1.0720740209574995,0.4039312167902818,0.8812952722949541,1.3023695707916163,0.5587590337202676,1.875005684829493,0.4210742984966622,1.3162466511092252,1.0,1.0,0.043726245588782964,0.038073042871278995,0.038073042871278995,0.0014495565934782484,0.0,1.0,0.07687981310871189,0.08014077165328032,0.08014077165328032,0.006422543281183218,1.0,1.0,-0.07382598252189432,-0.12688207920909766,0.12688207920909766,0.016099062024423735
56,0.1,0.1132151667432908,0.8832738834960562,0.1,0.1132151667432908,0.8832738834960562,0.25733237533208636,0.2507639125925823,0.20216655889818178,0.20216655889818178,medium,full_curve,50,6.980803977863905e-05,0.3048964691160817,0.29160871864900195,0.12621259901876783,0.2003132643246206,0.39535317765473965,0.12209531628272495,0.5330622724038889,0.19503991333011905,0.41096695612116396,0.3701946767344092,0.40184939094580235,0.10904317654965169,0.30800291618507614,0.45826074439965303,0.14798992638211442,0.4920231029404823,0.1502578282145769,0.34403317655836785,0.8673455974537696,0.8600509821716431,0.33333987398704606,0.6450427771317668,1.0502296751380726,0.33833272733079656,1.425837283297215,0.4051868980063058,1.0875045559664185,0.0,0.0,0.2048964691160817,0.19160871864900195,0.19160871864900195,0.036713901062312385,0.0,0.0,0.2569795099911184,0.28863422420251156,0.28863422420251156,0.08330971538098571,1.0,1.0,-0.015928286042286577,-0.02322290132441307,0.02322290132441307,0.0005393031459234263
57,0.11915349963822139,0.10785893112246946,1.1047161176011229,0.11915349963822139,0.10785893112246946,1.1047161176011229,0.6043523060765108,0.48013275095245417,0.3257796616879728,0.3257796616879728,medium,full_curve,50,0.00011160615771808619,0.33380469701886684,0.32758641093641144,0.10656751136348636,0.2533475847119855,0.40884587600532213,0.16565682143263966,0.5190365920583474,0.15549829129333664,0.35337977062570775,0.3569876572151475,0.374635204870557,0.09158323463894677,0.3027344305177705,0.4266288831221817,0.17753990989109014,0.47574925108163796,0.12389445260441123,0.2982093411905478,0.9702992900274702,0.9729194649982775,0.2910310168235818,0.7988719549072791,1.1198990766767603,0.5119353526447028,1.4154309884281606,0.3210271217694811,0.9034956357834578,0.0,0.0,0.21465119738064545,0.20843291129819005,0.20843291129819005,0.043444278512239164,0.0,0.0,0.24912872609267805,0.26677627374808754,0.26677627374808754,0.07116958023491454,1.0,1.0,-0.1344168275736527,-0.13179665260284534,0.13179665260284534,0.0173703576373151
58,0.23206891334587598,0.31204153941394497,0.7437116025697473,0.23206891334587598,0.31204153941394497,0.7437116025697473,0.21772035194527417,0.33638471990303664,0.34952267549957683,0.34952267549957683,medium,full_curve,50,4.411883811079437e-06,0.21445718554137738,0.18894835753844533,0.09729019666173999,0.13817251647408627,0.2700995208981883,0.102946742448598,0.41518022925333575,0.13192700442410202,0.3122334868047377,0.3204268730164868,0.3408019518102839,0.12954889772693592,0.22206163680615315,0.4344109293842242,0.084156010767001,0.4908931246859164,0.21234929257807106,0.4067371139189154,0.7809722681509924,0.7141718564654449,0.40328230570022466,0.4894526624358598,0.9566228391670482,0.2682664392444968,1.678836620837701,0.4671701767311884,1.4105701815932044,1.0,1.0,-0.0176117278044986,-0.043120555807430655,0.043120555807430655,0.0018593823331417415,1.0,1.0,0.008385333602541845,0.02876041239633892,0.02876041239633892,0.0008271613212074854,1.0,1.0,0.03726066558124508,-0.029539746104302433,0.029539746104302433,0.0008725965999066508
59,0.1137473062675895,0.0662347157286931,1.7173366718068932,0.1137473062675895,0.0662347157286931,1.7173366718068932,0.2235556594616107,0.12400413065381383,0.22105598212371144,0.22105598212371144,medium,full_curve,50,3.535618055136704e-05,0.2300326645990297,0.22477078958152047,0.06032131487978806,0.18704064249125865,0.26517364285421363,0.14316363837161927,0.33558211734733917,0.07813300036295498,0.1924184789757199,0.20398214138719586,0.19399765948939257,0.0924520702073486,0.1311373955184808,0.26468782908218513,0.06920626105067287,0.37558995667034833,0.13355043356370433,0.3063836956196755,1.3381396080180044,1.2424328687613326,0.5596834404979057,0.928925066456997,1.668600012240562,0.573240885769092,2.478394115878755,0.739674945783565,1.9051532301096628,0.0,0.0,0.11628535833144021,0.11102348331393097,0.11102348331393097,0.012326213847158709,0.0,0.0,0.13774742565850276,0.12776294376069947,0.12776294376069947,0.016323369798399656,0.0,1.0,-0.37919706378888884,-0.47490380304556057,0.47490380304556057,0.22553362214713657
60,0.1783709025712361,0.29475476028515923,0.6051502014714604,0.1783709025712361,0.29475476028515923,0.6051502014714604,0.1660396955799766,0.32566602305074127,0.20322170064452355,0.20322170064452355,medium,full_curve,50,1.0888183672345638e-05,0.24633917764929497,0.22490094592285242,0.1045995271698082,0.16254831865290362,0.3143580453795485,0.11038272314897454,0.45362232929191293,0.15180972672664486,0.34323960614293836,0.33898086945786704,0.35947943095427204,0.1114964290778274,0.2634065305877656,0.43106612299299246,0.1251025613951291,0.4854723653705215,0.16765959240522688,0.3603698039753924,0.7871266155645574,0.7614616120978697,0.33524199162738755,0.5480688909792546,0.9706266876236312,0.3069383390109525,1.393504277489224,0.42255779664437665,1.0865659384782713,1.0,1.0,0.06796827507805886,0.04653004335161631,0.04653004335161631,0.0021650449343032932,1.0,1.0,0.044226109172707806,0.0647246706691128,0.0647246706691128,0.004189282993225111,1.0,1.0,0.18197641409309706,0.1563114106264093,0.1563114106264093,0.024433257092017942
61,0.22896075163314628,0.4238488367267616,0.5401943612759001,0.22896075163314628,0.4238488367267616,0.5401943612759001,0.2063187314688032,0.4688533542221715,0.2568476245250307,0.2568476245250307,medium,full_curve,50,6.756841529152723e-06,0.29166049690121426,0.2791011624296721,0.1180293316321503,0.19764914340080958,0.37490939353204666,0.12137192101934957,0.5049336683571605,0.17726025013123708,0.3835617473378109,0.3542412785466088,0.3809805678032775,0.1102324337213225,0.28366839561647533,0.4441125047179394,0.13759321744621772,0.4910761754600333,0.16044410910146406,0.3534829580138156,0.8775457371363011,0.8576198646765703,0.3450827456797101,0.6509967765726572,1.0700661997856487,0.35757315823041863,1.507850364456496,0.41906942321299145,1.1502772062260773,1.0,1.0,0.06269974526806799,0.050140410796525814,0.050140410796525814,0.0025140607948443625,1.0,1.0,-0.0696075581801528,-0.04286826892348411,0.04286826892348411,0.0018376884804961534,0.0,1.0,0.337351375860401,0.3174255034006701,0.3174255034006701,0.10075895020916883
62,0.2850522636688709,0.10200625056865213,2.794458791297552,0.2850522636688709,0.10200625056865213,2.794458791297552,0.45785190635828155,0.11625968854656599,0.34016670152067746,0.34016670152067746,medium,full_curve,50,0.005372269473498231,0.2800274809453669,0.2800322482133523,0.010376825824161853,0.2728509474960515,0.2871837217609653,0.2631221925893007,0.29754085652615564,0.014332774264913806,0.03441866393685494,0.09398780626008414,0.0934352824686077,0.0077565635289615,0.08853146042484655,0.09902166557324699,0.08208563278576432,0.10752339413397549,0.010490205148400433,0.02543776134821117,2.997147307149574,2.9946371678285164,0.24139833507281433,2.8348479707003547,3.15807740704357,2.6004990983804674,3.394051200914521,0.3232294363432153,0.7935521025340537,1.0,1.0,-0.005024782723503984,-0.005020015455518556,0.005020015455518556,2.5200555173645177e-05,0.0,1.0,-0.00801844430856799,-0.00857096810004443,0.00857096810004443,7.346149417197921e-05,0.0,1.0,0.20268851585202174,0.20017837653096437,0.20017837653096437,0.040071382430572546
63,0.1,0.13701096949419822,0.7298685672334765,0.1,0.13701096949419822,0.7298685672334765,0.30644645352733124,0.33970602763721763,0.25063745831236467,0.25063745831236467,medium,full_curve,50,5.023071502004984e-05,0.24214932129545025,0.22783592926576873,0.09504963944359315,0.16757757763848993,0.3021238331222821,0.11327991549577145,0.4248757943260889,0.13454625548379215,0.3115958788303175,0.3049028126139786,0.3181658228896694,0.11774198447651298,0.21714026387514176,0.40004598524441115,0.09324419215795852,0.4753752524726866,0.1829057213692694,0.38213106031472804,0.9075538942155522,0.8451869344597289,0.41967345750077223,0.6259909588842436,1.1038511645244005,0.34898540708719467,1.7826743704632058,0.47786020564015685,1.433688963376011,0.0,0.0,0.14214932129545024,0.12783592926576873,0.12783592926576873,0.016342024811242625,0.0,1.0,0.1678918431197804,0.18115485339547116,0.18115485339547116,0.03281708090873465,1.0,1.0,0.17768532698207573,0.11531836722625244,0.11531836722625244,0.013298325819728812
64,0.15541247443818249,0.10781978011763108,1.4414096770428202,0.15541247443818249,0.10781978011763108,1.4414096770428202,0.38345280040236773,0.22909861154380856,0.21877960652750886,0.21877960652750886,medium,full_curve,50,0.0001763541328898987,0.24370511565090489,0.2402112122980396,0.05050177917364223,0.2089724103359911,0.27519725624119096,0.1652645350353179,0.33400050862109626,0.06622484590519986,0.16873597358577835,0.20686234586760488,0.20329718579564232,0.07435429022897902,0.15266598036859727,0.2568148879431027,0.08960363019437928,0.33755177491944605,0.10414890757450543,0.24794814472506677,1.322408930102771,1.2402538398822496,0.47581668002547717,1.0009701527994368,1.564966754261099,0.6777808958563838,2.242213966865734,0.5639966014616622,1.5644330710093504,0.0,0.0,0.0882926412127224,0.08479873785985712,0.08479873785985712,0.007190825942624764,0.0,1.0,0.0990425657499738,0.09547740567801125,0.09547740567801125,0.009115934995003534,1.0,1.0,-0.11900074694004914,-0.20115583716057062,0.20115583716057062,0.040463670823770004
65,0.28938320135806894,0.07874483305732113,3.674948439441312,0.28938320135806894,0.07874483305732113,3.674948439441312,0.5822899657605273,0.08667950378965864,0.23722154924213384,0.23722154924213384,medium,full_curve,50,0.00888300020736273,0.28694888109282074,0.2864581048654903,0.01068385920119845,0.27975401052774473,0.29373955579975247,0.2698860025775309,0.3054720921665185,0.013985545272007738,0.03558608958898757,0.07667519778524909,0.07603959291893722,0.006575130081084903,0.07188050072965443,0.08040657797569684,0.06738287656760415,0.0884606290861741,0.008526077246042402,0.021077752518569942,3.768052889372645,3.768591322218546,0.3327925480293884,3.5492690712954578,4.0049546593687415,3.217020517662758,4.297319222859518,0.45568558807328374,1.08029870519676,1.0,1.0,-0.002434320265248202,-0.0029250964925786604,0.0029250964925786604,8.55618949089598e-06,1.0,1.0,-0.0020696352720720457,-0.002705240138383913,0.002705240138383913,7.318324206323413e-06,1.0,1.0,0.09310444993133293,0.09364288277723398,0.09364288277723398,0.008768989494830785
66,0.2774952984628713,0.16698733743119729,1.661774495788975,0.2774952984628713,0.16698733743119729,1.661774495788975,0.5542860441557212,0.23972041849767228,0.23848603435544255,0.23848603435544255,medium,full_curve,50,0.0011166913569506907,0.2666639685825663,0.2656125020108938,0.01816191489424366,0.25492754165062426,0.2781808627125741,0.2382115311937536,0.2980180627439544,0.023253321061949828,0.059806531550200825,0.14257330895183426,0.142108986615397,0.024835699673712543,0.12713299415299806,0.15792803840970634,0.101851855304011,0.18335294215148223,0.030795044256708287,0.08150108684747123,1.9202933335324506,1.8940572382446454,0.31415396270159046,1.7211535502595328,2.069996106995193,1.4796440411006964,2.463139305041291,0.3488425567356601,0.9834952639405945,1.0,1.0,-0.010831329880304996,-0.011882796451977484,0.011882796451977484,0.0001412008515191287,0.0,1.0,-0.024414028479363026,-0.024878350815800282,0.024878350815800282,0.0006189323393140305,0.0,1.0,0.2585188377434755,0.23228274245567038,0.23228274245567038,0.05395527244272729
67,0.1816404659388478,0.07958557921522237,2.282328880809419,0.1816404659388478,0.07958557921522237,2.282328880809419,0.28898710468812194,0.10162167609387214,0.26613833526045777,0.26613833526045777,medium,full_curve,50,0.00029314448833970554,0.20794873967548044,0.20806679615687468,0.01539889471698769,0.19822710946460276,0.21749823290777706,0.1842578129008506,0.23292150782187113,0.019271123443174304,0.04866369492102052,0.07192613788595018,0.06524665478549597,0.025925470018739908,0.057127158268103786,0.07874130764757288,0.0513112774797324,0.11372532333197798,0.021614149379469094,0.062414045852245574,3.0857255006288895,3.2285571126423607,0.639271924428312,2.719567386723746,3.5784954939842306,1.812816879375155,3.8605091651613095,0.8589281072604846,2.0476922857861544,0.0,0.0,0.026308273736632637,0.026426330218026872,0.026426330218026872,0.0006983509287922002,0.0,1.0,-0.007659441329272196,-0.014338924429726396,0.014338924429726396,0.00020560475380140445,0.0,1.0,0.8033966198194706,0.9462282318329418,0.9462282318329418,0.8953478667176955
68,0.2899155079666123,0.18277071421257765,1.5862251740692783,0.2899155079666123,0.18277071421257765,1.5862251740692783,0.47995529275870874,0.2459553448902011,0.3468176230483132,0.3468176230483132,medium,full_curve,50,0.0004838588012307785,0.3010009398739881,0.30052141291789497,0.02094439293392335,0.2869914804003202,0.31532084388462045,0.2677794016131416,0.3349408677146621,0.028329363484300263,0.06716146610152046,0.17903140741296902,0.17881646927123815,0.026008228025187312,0.16231102624021018,0.19497044675890846,0.13797498626757002,0.22221111654531128,0.03265942051869827,0.08423613027774127,1.7093065518585027,1.6941096777290485,0.22125846376872524,1.5611164400919149,1.8325760534162487,1.396764810995898,2.065046629947706,0.2714596133243339,0.668281818951808,1.0,1.0,0.01108543190737582,0.010605904951282663,0.010605904951282663,0.00011248521983564211,1.0,1.0,-0.003739306799608627,-0.003954244941339502,0.003954244941339502,1.563605305610904e-05,1.0,1.0,0.12308137778922434,0.1078845036597702,0.1078845036597702,0.011639066129914971
69,0.2949213478194475,0.14013573469753882,2.1045406330939738,0.2949213478194475,0.14013573469753882,2.1045406330939738,0.5156528503637429,0.17358029935181424,0.29207218854030254,0.29207218854030254,medium,full_curve,50,0.0028512394681785226,0.27987207588958757,0.27977524558460165,0.011408876191036636,0.2718492679748779,0.2874602546602088,0.26159077002950876,0.2980676137598456,0.015610986685330897,0.03647684373033683,0.12277449125913001,0.12278068185216803,0.011508892936597862,0.1147682221211301,0.13007552998577943,0.10435400425277512,0.14253243391878961,0.01530730786464933,0.03817842966601449,2.295246908195617,2.284518279519653,0.18633796265900346,2.167926603421139,2.4138386165838996,2.0075292895899004,2.611765049602368,0.2459120131627608,0.6042357600124677,0.0,1.0,-0.015049271929859942,-0.01514610223484586,0.01514610223484586,0.00022940441290840276,0.0,1.0,-0.017361243438408808,-0.017355052845370783,0.017355052845370783,0.0003011978592656125,0.0,1.0,0.19070627510164329,0.17997764642567926,0.17997764642567926,0.032391953212926816
70,0.27065791318414495,0.19119199232718484,1.4156341481131225,0.27065791318414495,0.19119199232718484,1.4156341481131225,0.6457040525900928,0.333722090828918,0.21716635812060148,0.21716635812060148,medium,full_curve,50,0.0006887655675724924,0.27614943223843846,0.27548229636111865,0.03237498051874623,0.2541982363011795,0.29736699783488657,0.2259223417931366,0.3321326357157105,0.04316876153370708,0.10621029392257389,0.17941693376519072,0.17937024029223894,0.044892992298192186,0.14864066864769898,0.20646541626208342,0.10937692323739194,0.2525028024686766,0.05782474761438444,0.14312587923128467,1.6234273262078185,1.5678475306055029,0.38616555257939195,1.3844329763568959,1.8125221466903807,1.108453178500323,2.27338191930019,0.4280891703334848,1.1649287407998667,1.0,1.0,0.005491519054293514,0.004824383176973701,0.004824383176973701,2.327467303826686e-05,1.0,1.0,-0.011775058561994123,-0.011821752034945898,0.011821752034945898,0.0001397538211757475,1.0,1.0,0.207793178094696,0.15221338249238037,0.15221338249238037,0.023168913809771687
71,0.3819377765057407,0.2229898555242799,1.7128033721881755,0.3819377765057407,0.2229898555242799,1.7128033721881755,0.697427260988185,0.2979058612856408,0.3439115858887415,0.3439115858887415,medium,full_curve,50,0.001683906126863598,0.3953168492226689,0.39538477773223263,0.014365580749384616,0.38576022210082866,0.4046104222675755,0.37257369232995796,0.41941957626004667,0.018850200166746822,0.046845883930088705,0.22514762607864822,0.22456950833362013,0.01408349415835023,0.21569620124258426,0.2343646335062105,0.2033209829813105,0.24825360835756943,0.018668432263626245,0.044932625376258944,1.7601602612809855,1.7562602996864813,0.08593977947812784,1.7006707301967436,1.8136445134536539,1.6267187409891537,1.9052025485916193,0.11297378325691021,0.2784838076024656,0.0,1.0,0.01337907271692823,0.01344700122649195,0.01344700122649195,0.00018082184198527603,1.0,1.0,0.0021577705543683046,0.0015796528093402207,0.0015796528093402207,2.4953029980564515e-06,1.0,1.0,0.047356889092809995,0.043456927498305875,0.043456927498305875,0.0018885045475930133
72,0.33552108072849857,0.11732048709696706,2.859867777834792,0.33552108072849857,0.11732048709696706,2.859867777834792,0.6993231261961549,0.1342064038436912,0.2435851315693937,0.2435851315693937,medium,full_curve,50,0.008316551158245984,0.32532229923106293,0.32510068517426227,0.009891540781776516,0.3180817635880841,0.332033360950056,0.3093443191653953,0.34199897668996554,0.01395159736197188,0.03265465752457025,0.11799083020815675,0.11758515211486144,0.006360689776487171,0.11361182744106932,0.12209969006042985,0.10807513405868333,0.12899918713580089,0.008487862619360534,0.02092405307711756,2.7636900640891726,2.7633693153239878,0.1451059388765963,2.66417528166669,2.858431733677722,2.5291105879676374,3.0101372761969416,0.19425645201103192,0.48102668822930417,0.0,1.0,-0.010198781497435638,-0.010420395554236295,0.010420395554236295,0.00010858464350674754,1.0,1.0,0.0006703431111896863,0.0002646650178943777,0.0002646650178943777,7.004757169703126e-08,0.0,1.0,-0.09617771374561945,-0.0964984625108043,0.0964984625108043,0.009311953266949101
73,0.3617985890405681,0.23468602197769442,1.5416281975027684,0.3617985890405681,0.23468602197769442,1.5416281975027684,0.6556438355648078,0.3290453580591502,0.3489140354727547,0.3489140354727547,medium,full_curve,50,0.0008725369749255971,0.3604609400020361,0.360154985369584,0.018003458053397498,0.34793789275473386,0.37280308945393725,0.3310156737665903,0.39026526264784683,0.024865196699203396,0.05924958888125653,0.22257863470348757,0.22230180497400454,0.01939088914744533,0.2097714418280696,0.23478049820219227,0.1909355612541413,0.2554128517359877,0.02500905637412268,0.06447729048184642,1.6274231352103457,1.6201889163786747,0.11133545070770558,1.5543654003268434,1.6962926758460488,1.4565030434102928,1.8139691074671467,0.14192727551920536,0.3574660640568539,1.0,1.0,-0.0013376490385320072,-0.001643603670984095,0.001643603670984095,2.7014330272723937e-06,1.0,1.0,-0.012107387274206849,-0.012384217003689885,0.012384217003689885,0.00015336883079448166,0.0,1.0,0.08579493770757729,0.07856071887590632,0.07856071887590632,0.006171786550299184
74,0.3595484698004314,0.21241540064294992,1.6926666744131147,0.3595484698004314,0.21241540064294992,1.6926666744131147,0.7105270697130691,0.2937469174042659,0.286978980213207,0.286978980213207,medium,full_curve,50,0.001793027334851453,0.3916424757598118,0.3913668899130412,0.014833783773169905,0.38162404996516863,0.40137576072434134,0.3672541976269263,0.41641768755226444,0.019751710759172703,0.049163489925338144,0.2250369724566828,0.22447377455820913,0.014162949463025112,0.21511039434373833,0.23384380916984898,0.20260272716881342,0.2498998506449869,0.018733414826110656,0.047297123476173486,1.7445789243311531,1.7433171536468801,0.08469251082743694,1.684542278430385,1.800152372693068,1.6122500951897762,1.8904723859870005,0.11561009426268298,0.27822229079722427,0.0,0.0,0.03209400595938039,0.03181842011260977,0.03181842011260977,0.0010124118584625297,0.0,1.0,0.012621571813732885,0.012058373915259213,0.012058373915259213,0.0001454043814802038,1.0,1.0,0.051912249918038444,0.05065047923376542,0.05065047923376542,0.0025654710466101022
75,0.1,0.0738712102007093,1.3537073472642231,0.1,0.0738712102007093,1.3537073472642231,0.19803807333165643,0.14521118363218685,0.26717238125822856,0.26717238125822856,medium,full_curve,50,5.6941393353392455e-06,0.30763846155370056,0.2998773481833069,0.10487135226280928,0.22745714509839868,0.3790663301297597,0.15005416357407672,0.4934074301434672,0.15160918503136103,0.34335326656939047,0.32530697550407556,0.33981608157123655,0.10361747282386316,0.2543302891878125,0.4079492703818074,0.13582310163036784,0.47067743647395494,0.15361898119399492,0.33485433484358706,1.0168169023364035,0.9930782875511944,0.36606945844755007,0.7946028742254356,1.1832535439102405,0.45963424847194795,1.6908910743848957,0.3886506696848049,1.2312568259129477,0.0,0.0,0.20763846155370055,0.1998773481833069,0.1998773481833069,0.0399509543167909,0.0,0.0,0.25143576530336625,0.26594487137052725,0.26594487137052725,0.07072667460828629,0.0,1.0,-0.3368904449278196,-0.3606290597130287,0.3606290597130287,0.13005331870950324
76,0.16588777049867598,0.09101476356791059,1.8226468321801326,0.16588777049867598,0.09101476356791059,1.8226468321801326,0.2463871522016275,0.11894785363678441,0.3033771082039343,0.3033771082039343,medium,full_curve,50,2.9581457202445513e-05,0.200278376909053,0.19925188754435458,0.023786454530669437,0.18485168984659098,0.2145566163356688,0.163690318164198,0.24104613106241285,0.029704926489077826,0.07735581289821486,0.09643852620011353,0.08517698842712497,0.043585058231296894,0.06716143635148117,0.11272126182303302,0.053062164462205075,0.17595196167244162,0.04555982547155185,0.12288979721023655,2.3495409748253393,2.405231359710739,0.6836221098634955,1.8607311696455495,2.919998907005796,1.1421466933285696,3.3127829347126987,1.0592677373602464,2.170636241384129,0.0,1.0,0.03439060641037703,0.0333641170456786,0.0333641170456786,0.0011131643062377411,1.0,1.0,0.005423762632202941,-0.005837775140785623,0.005837775140785623,3.4079618594374594e-05,0.0,1.0,0.5268941426452067,0.5825845275306065,0.5825845275306065,0.33940473171806
77,0.1,0.11162585313964908,0.8958498160358551,0.1,0.11162585313964908,0.8958498160358551,0.3590155788423668,0.33155368766323984,0.21816689375760565,0.21816689375760565,medium,full_curve,50,0.00011575131896057883,0.24614962877863383,0.2332508672294116,0.09242457303908481,0.1727630392270352,0.30436103415267113,0.11831893790354307,0.41685309105476814,0.13159799492563592,0.29853415315122506,0.3142239817138583,0.3293921556370757,0.10979074876751226,0.23417840102698545,0.4039529086120465,0.1122670904221163,0.46885721321894497,0.16977450758506107,0.35659012279682867,0.8664505149109805,0.8281093663467611,0.36403061451554647,0.6227623917956714,1.0318754002728214,0.35056948292489276,1.551678108038602,0.40911300847715004,1.2011086251137093,0.0,0.0,0.14614962877863383,0.1332508672294116,0.1332508672294116,0.017755793617390277,0.0,0.0,0.20259812857420922,0.21776630249742662,0.21776630249742662,0.047422162503400714,1.0,1.0,-0.029399301124874655,-0.06774044968909398,0.06774044968909398,0.004588768524080673
78,0.33019289113540573,0.16243201002673155,2.03280677916296,0.33019289113540573,0.16243201002673155,2.03280677916296,0.6820472135231674,0.20879316170582496,0.2384502529448111,0.2384502529448111,medium,full_curve,50,0.0037443951690050163,0.3326158619833301,0.33259182607504617,0.01194382950597648,0.32435589181250435,0.340896037409448,0.31286734563954177,0.3520718908490045,0.016540145596943667,0.039204545209462704,0.15857826985305423,0.15805829881233982,0.011066239477923767,0.15087182688936096,0.16554607985232855,0.14169415358869591,0.17798556681675723,0.014674252962967593,0.036291413228061314,2.1048820922265077,2.1029575591985914,0.12431367986332865,2.0231763551212696,2.1876550340478773,1.899091282657121,2.3148307391085337,0.16447867892660772,0.41573945645141275,1.0,1.0,0.002422970847924366,0.0023989349396404402,0.0023989349396404402,5.754888844627682e-06,1.0,1.0,-0.003853740173677317,-0.004373711214391729,0.004373711214391729,1.9129349786895974e-05,1.0,1.0,0.07207531306354786,0.07015078003563158,0.07015078003563158,0.004921131939607566
79,0.3297989726354926,0.05716542641593467,5.769203403397728,0.3297989726354926,0.05716542641593467,5.769203403397728,0.6880960707343663,0.05927059246300074,0.2775985572141894,0.2775985572141894,medium,full_curve,50,0.007545088398414121,0.3155870377933681,0.31502381878918373,0.01199802528152775,0.307314773799242,0.3239655793258095,0.29652693338821173,0.33570393800112763,0.016650805526567503,0.0391770046129159,0.05904601228539529,0.058122106518516306,0.004505038654300304,0.05586986237427452,0.06110460445661532,0.053648941699256276,0.0676194492371513,0.005234742082340801,0.01397050753789502,5.372795816859123,5.3919512437263535,0.42461340587301466,5.111974791446724,5.651910457659855,4.643543045197127,6.027493482547887,0.5399356662131307,1.3839504373507596,0.0,1.0,-0.014211934842124518,-0.014775153846308897,0.014775153846308897,0.0002183051711820966,1.0,1.0,0.0018805858694606256,0.000956680102581639,0.000956680102581639,9.152368186756154e-07,0.0,1.0,-0.3964075865386043,-0.37725215967137427,0.37725215967137427,0.14231919197671605
80,0.16466144061025426,0.27985563407978803,0.5883799379336725,0.16466144061025426,0.27985563407978803,0.5883799379336725,0.14300686487591127,0.31337267107680966,0.2987143001163668,0.2987143001163668,medium,full_curve,50,1.3988446483778034e-06,0.3153802296715595,0.2989596905697319,0.1275346045651527,0.2162374921163541,0.4047158888326553,0.13015713791782232,0.5426628413439399,0.1884783967163012,0.4125057034261176,0.37131654240402906,0.3996173552007959,0.10454408307639475,0.30840377559132665,0.4557090666097555,0.1590088366726376,0.49299989104169967,0.14730529101842887,0.33399105436906207,0.8876106771662762,0.882815675631794,0.32771945661337487,0.6597108433409603,1.0779846817503893,0.3854539744931349,1.4137777172247217,0.418273838409429,1.0283237427315868,0.0,1.0,0.15071878906130523,0.13429824995947762,0.13429824995947762,0.01803601994217833,0.0,1.0,0.09146090832424103,0.11976172112100786,0.11976172112100786,0.014342869845866059,0.0,1.0,0.2992307392326037,0.2944357376981215,0.2944357376981215,0.086692403633837
81,0.31460192566073014,0.10122117684467324,3.1080642951177664,0.31460192566073014,0.10122117684467324,3.1080642951177664,0.5281053464595018,0.1128399607820929,0.34101639703056086,0.34101639703056086,medium,full_curve,50,0.008443001647384136,0.30575673957074834,0.30508782545166524,0.009392055681087823,0.29947872688708593,0.31200906277141716,0.29118695650715776,0.32168161606671786,0.012530335884331223,0.0304946595595601,0.10088139634041561,0.10045656275779478,0.006337064873332001,0.09646206006593434,0.10489678843508732,0.09119972226237119,0.11203842862830782,0.008434728369152975,0.020838706365936627,3.041456137968247,3.040712097831433,0.1924679383742369,2.909762965650053,3.1698361662689187,2.716789862511278,3.3604270010154984,0.26007320061886574,0.6436371385042206,0.0,1.0,-0.008845186089981805,-0.009514100209064902,0.009514100209064902,9.051810278812881e-05,1.0,1.0,-0.0003397805042576335,-0.0007646140868784596,0.0007646140868784596,5.846347018529805e-07,1.0,1.0,-0.06660815714951918,-0.06735219728633357,0.06735219728633357,0.004536318479297199
82,0.36585346294358523,0.27259396683806886,1.3421187093290148,0.36585346294358523,0.27259396683806886,1.3421187093290148,0.8056073411739422,0.45945135651592145,0.3021101484091749,0.3021101484091749,medium,full_curve,50,0.0006118721659740533,0.3993097481404466,0.3972047759182955,0.05014776775505307,0.36581053000175967,0.42994773521140306,0.32144747767049753,0.4859271034158657,0.06413720520964339,0.16447962574536817,0.3074379159126085,0.3067702324716258,0.04903429656022218,0.2768557264463853,0.34031154924072304,0.22706653076006747,0.38746342462072747,0.06345582279433776,0.16039689386066,1.3175255438402154,1.3030774237498575,0.17498465740239064,1.212758835957378,1.4063123962688375,1.0763869727936073,1.6076816992962744,0.19355356031145954,0.5312947265026671,1.0,1.0,0.03345628519686139,0.03135131297471028,0.03135131297471028,0.000982904825238237,0.0,1.0,0.03484394907453964,0.03417626563355697,0.03417626563355697,0.001168017132655447,1.0,1.0,-0.024593165488799418,-0.039041285579157314,0.039041285579157314,0.001524221979673317
83,0.16595940612381427,0.39718175280817497,0.4178424737552506,0.16595940612381427,0.39718175280817497,0.4178424737552506,0.1267739259430111,0.4503903697323032,0.25321236605455566,0.25321236605455566,medium,full_curve,50,2.3729523543767405e-06,0.2201341990114578,0.1997073954677899,0.09305410151191962,0.14591222276545182,0.2754093971450862,0.10646628872288143,0.4073889304330138,0.1294971743796344,0.30092264171013233,0.3045636363224784,0.3220655627881024,0.12661785135709724,0.20057448081103854,0.411629371172436,0.08396026528456599,0.48296182209208754,0.21105489036139743,0.3990015568075216,0.844434147092707,0.7695339215371761,0.41485952757410327,0.5509187865326692,1.028773366790395,0.312519788376362,1.7332258978065693,0.47785458025772587,1.4207061094302074,1.0,1.0,0.05417479288764354,0.03374798934397563,0.03374798934397563,0.0011389267847610929,1.0,1.0,-0.09261811648569657,-0.07511619002007258,0.07511619002007258,0.005642442003131652,0.0,1.0,0.42659167333745646,0.35169144778192557,0.35169144778192557,0.12368687444294688
84,0.2311295140115171,0.19430804972550406,1.1895004573306671,0.2311295140115171,0.19430804972550406,1.1895004573306671,0.5659354424017983,0.41153925832748134,0.3224220496212783,0.3224220496212783,medium,full_curve,50,0.00014691552259469282,0.2738791387419059,0.26410507436131814,0.08718485160488458,0.21144891398642218,0.3297387660950276,0.14370361698523523,0.431267695551024,0.11828985210860543,0.2875640785657888,0.298514283970737,0.306675119309452,0.10025270353159914,0.2271179998469377,0.3770087140488745,0.11749692811135294,0.4477589441483766,0.14989071420193678,0.33026201603702365,1.0056911256376664,0.9592404798447567,0.377792621161492,0.772524215583736,1.1597362348524893,0.47516344247607384,1.7640949158175632,0.38721201926875337,1.2889314733414894,1.0,1.0,0.04274962473038879,0.032975560349801036,0.032975560349801036,0.0010873875803833703,0.0,1.0,0.10420623424523293,0.11236706958394796,0.11236706958394796,0.012626358326883802,0.0,1.0,-0.18380933169300073,-0.23025997748591043,0.23025997748591043,0.05301965723181198
85,0.2993599726959168,0.21016877148743585,1.4243789435378267,0.2993599726959168,0.21016877148743585,1.4243789435378267,0.6488345538792305,0.3423179457311434,0.2537442764897493,0.2537442764897493,medium,full_curve,50,0.0006758622823814963,0.30897124890473765,0.30844968179009224,0.027219736810306875,0.2904143030391111,0.3270505383769039,0.2659017673274613,0.3543188683039357,0.03663623533779281,0.08841710097647443,0.19964278278524725,0.20005387234299496,0.03428997520841986,0.1780252522518487,0.2221625722779852,0.14309523678652317,0.25451747089297005,0.04413732002613649,0.11142223410644689,1.5851206093621282,1.5647543596064013,0.2523159210671474,1.4227479019011908,1.7138650496202037,1.2231753467135857,2.00849720262089,0.29111714771901287,0.7853218559073043,1.0,1.0,0.009611276208820851,0.009089709094175447,0.009089709094175447,8.262281141673581e-05,1.0,1.0,-0.010525988702188599,-0.010114899144440886,0.010114899144440886,0.00010231118470221098,1.0,1.0,0.1607416658243015,0.14037541606857462,0.14037541606857462,0.019705257436425438
86,0.3238012264878112,0.22289110387150782,1.4527328406721696,0.3238012264878112,0.22289110387150782,1.4527328406721696,0.6814412842140757,0.3495507027172613,0.26892205834805233,0.26892205834805233,medium,full_curve,50,0.0007977969418665433,0.33049975477461546,0.32932781591189597,0.02885843502076427,0.3112622566396791,0.3494017977337153,0.28414626257575193,0.3780814999857132,0.03813954109403622,0.09393523740996129,0.21498402892561655,0.21442994310477254,0.03486622821264491,0.19235992245155795,0.23848794738997442,0.16129782286501165,0.27031704824446573,0.04612802493841647,0.10901922537945408,1.5679360068216128,1.5492160705918026,0.22373048235820128,1.4201366971824427,1.6825122275911062,1.267978803702256,1.9204260411692944,0.26237553040866346,0.6524472374670385,1.0,1.0,0.006698528286804284,0.0055265894240847935,0.0055265894240847935,3.054319066240589e-05,1.0,1.0,-0.007907074945891268,-0.008461160766735282,0.008461160766735282,7.159124152054038e-05,1.0,1.0,0.11520316614944326,0.09648322991963298,0.09648322991963298,0.009309013655724762
87,0.1633519088456804,0.39230797062746486,0.41638692322364046,0.1633519088456804,0.39230797062746486,0.41638692322364046,0.12532465772727788,0.4441730051074328,0.24334011257337052,0.24334011257337052,medium,full_curve,50,2.5997011707200213e-06,0.2276599815783275,0.2017571128126754,0.10658023868544496,0.13967469668181737,0.2904487708220369,0.10304847494060576,0.4366820939686928,0.15077407414021954,0.333633619028087,0.33718808052326993,0.36523536892453606,0.12676772428062183,0.24708570556519882,0.44827848959437894,0.08969461067289587,0.49151940400030814,0.20119278402918012,0.4018247933274123,0.7576689785607212,0.708198206260816,0.36056685184151066,0.5010325146133285,0.9274436274449078,0.26357807705380654,1.4704784360535075,0.4264111128315793,1.206900358999701,1.0,1.0,0.0643080727326471,0.03840520396699498,0.03840520396699498,0.0014749596917464872,1.0,1.0,-0.055119890104194935,-0.0270726017029288,0.0270726017029288,0.0007329257629654234,0.0,1.0,0.3412820553370808,0.2918112830371755,0.2918112830371755,0.08515382490780256
88,0.28232149566728004,0.2081903437450934,1.3560739205702654,0.28232149566728004,0.2081903437450934,1.3560739205702654,0.5043756957961829,0.31540231841507815,0.3476813611526277,0.3476813611526277,medium,full_curve,50,0.00021049395690189975,0.31527836986550684,0.31306875367468423,0.048819863389524154,0.2826271122708953,0.34497907179593945,0.23895358186174537,0.40550551091043946,0.06235195952504413,0.1665519290486941,0.23634103616056945,0.23495092338071888,0.05865004775006596,0.19742826743978303,0.2744588571621823,0.13782284750935597,0.33379782245652373,0.07703058972239929,0.19597497494716776,1.4002847835896859,1.3542973689544522,0.3324331480439329,1.1923245232175013,1.5586868643005374,0.9513788866185942,1.992342051289518,0.3663623410830361,1.0409631646709239,0.0,1.0,0.03295687419822679,0.030747258007404188,0.030747258007404188,0.000945393874973881,1.0,1.0,0.028150692415476047,0.026760579635625475,0.026760579635625475,0.0007161286224346529,1.0,1.0,0.044210863019420454,-0.0017765516158132488,0.0017765516158132488,3.1561356436486654e-06
89,0.32593505732260913,0.05507248742073909,5.918291920111622,0.32593505732260913,0.05507248742073909,5.918291920111622,0.786429756430346,0.056736445395381446,0.2267759630113133,0.2267759630113133,medium,full_curve,50,0.0038254108906033706,0.31809782795495267,0.3179374155523335,0.012504236291122604,0.3093701051171427,0.3265504527601353,0.29766141490660747,0.3386548454098247,0.01718034764299259,0.04099343050321724,0.05722482182203732,0.05633531684462016,0.004180416280116112,0.05434015091357098,0.058925389192108026,0.05250365576712346,0.0651146061711793,0.004585238278537046,0.01261095040405584,5.585755493141999,5.629176413074463,0.43438729732223047,5.3310328165174665,5.880119092616745,4.818759961954041,6.227146009230359,0.5490862760992785,1.408386047276318,1.0,1.0,-0.007837229367656462,-0.00799764177027562,0.00799764177027562,6.396227388565737e-05,1.0,1.0,0.0021523344012982296,0.0012628294238810692,0.0012628294238810692,1.594738153819793e-06,0.0,1.0,-0.3325364269696234,-0.2891155070371596,0.2891155070371596,0.08358777640935389
90,0.43997037034992525,0.1621412729088327,2.7135001622770516,0.43997037034992525,0.1621412729088327,2.7135001622770516,0.9018790879837376,0.1863848857526338,0.3202162657911104,0.3202162657911104,medium,full_curve,50,0.007580558222776356,0.43633027296947763,0.4363373355824726,0.009524723642531114,0.4300111377821512,0.44250257568396933,0.4200994746939902,0.45207389780516616,0.012491437901818114,0.03197442311117593,0.16973121660699975,0.1697271950751329,0.0064541723765692985,0.1654491788955284,0.17389718317100714,0.15909532482919855,0.1801631765034188,0.008448004275478732,0.021067851674220234,2.5735693856534696,2.57044671087768,0.09137033869306371,2.5103908843972524,2.633346266206831,2.432995224311523,2.7272472854528966,0.12295538180957877,0.2942520611413735,1.0,1.0,-0.0036400973804476267,-0.0036330347674526364,0.0036330347674526364,1.3198941621519633e-05,0.0,1.0,0.00758994369816704,0.007585922166300191,0.007585922166300191,5.754621511316458e-05,0.0,1.0,-0.139930776623582,-0.14305345139937176,0.14305345139937176,0.020464289957272418
91,0.21848498747333644,0.11083710837379966,1.971225979087192,0.21848498747333644,0.11083710837379966,1.971225979087192,0.3633474462363716,0.14385869484210273,0.2727634753979692,0.2727634753979692,medium,full_curve,50,0.0005828018707190013,0.20376092103527685,0.20357953484279073,0.015415941043361834,0.19404530661733063,0.21343025235165164,0.18003938689362278,0.22847451643261163,0.019384945734321007,0.04843512953898885,0.07874952264965052,0.07283950086618853,0.02893269181027466,0.06107025903973208,0.08834879996513872,0.05261258964635913,0.1194543131816257,0.027278540925406644,0.06684172353526657,2.783959308305937,2.8523652310687333,0.6206126809958502,2.3769987707770204,3.2894061676178903,1.6829510829947456,3.629429989091993,0.9124073968408699,1.9464789060972476,0.0,1.0,-0.014724066438059596,-0.014905452630545712,0.014905452630545712,0.0002221725181214421,0.0,1.0,-0.032087585724149145,-0.037997607507611136,0.037997607507611136,0.0014438181763024663,0.0,1.0,0.8127333292187451,0.8811392519815413,0.8811392519815413,0.7764063813825901
92,0.326616089459769,0.17206470541978894,1.8982166543854455,0.326616089459769,0.17206470541978894,1.8982166543854455,0.6735025215021039,0.2283795213213568,0.23951429685902823,0.23951429685902823,medium,full_curve,50,0.0028770090745223985,0.3223853050416876,0.32224082952507177,0.012523276093264766,0.3141209863743706,0.330485738035509,0.3021920076463273,0.3431491598022865,0.016364751661138432,0.04095715215595919,0.15903946606137412,0.15865098752184761,0.011590515853098535,0.15100105140068731,0.16668476110079017,0.14075926956944193,0.17863080491444738,0.015683709700102855,0.03787153534500545,2.034567791490238,2.0290508486293204,0.12184526115255735,1.954986436378149,2.114816901929123,1.8379177413172334,2.2388068946744033,0.15983046555097413,0.4008891533571699,1.0,1.0,-0.00423078441808139,-0.004375259934697229,0.004375259934697229,1.9142899496166798e-05,0.0,1.0,-0.01302523935841482,-0.013413717897941324,0.013413717897941324,0.00017992782784555141,0.0,1.0,0.1363511371047923,0.13083419424387488,0.13083419424387488,0.017117586383443982
93,0.1,0.1647915639524068,0.606827179751027,0.1,0.1647915639524068,0.606827179751027,0.4157495176086192,0.48709365904429114,0.3274740275551207,0.3274740275551207,medium,full_curve,50,4.058051418094361e-05,0.22705737192982312,0.20778994658360606,0.09546537928596126,0.1498094612622268,0.2862991071282698,0.10622675699268797,0.415897135275581,0.13648964586604298,0.309670378282893,0.3201734921363961,0.33682617697580686,0.11783250775951461,0.23365426531160544,0.4207303109269699,0.10448019038813587,0.4803804689917626,0.18707604561536445,0.37590027860362674,0.7932551479415946,0.7496997152367909,0.36262144428049004,0.5473275012444123,0.9603660857713143,0.3016368537306375,1.508418213037177,0.413038584526902,1.2067813593065395,0.0,0.0,0.1270573719298231,0.10778994658360605,0.10778994658360605,0.011618672584496646,0.0,1.0,0.15538192818398933,0.17203461302340006,0.17203461302340006,0.02959590807811101,1.0,1.0,0.18642796819056762,0.14287253548576395,0.14287253548576395,0.02041256139613088
94,0.28285736074525386,0.2234159805167867,1.2660569762779388,0.28285736074525386,0.2234159805167867,1.2660569762779388,0.8027158849267423,0.4758316700119211,0.2316175753049689,0.2316175753049689,medium,full_curve,50,0.0005262023242594353,0.3197910494284275,0.3160679046323456,0.0702877545016948,0.27127028957609844,0.36674151975046854,0.2107032834204227,0.43800118012863576,0.09547123017437009,0.22729789670821307,0.2760203278122106,0.2768905061234399,0.07955526341735208,0.22091698792357856,0.332078077031751,0.13861837650169298,0.40769193194153136,0.11116108910817246,0.26907355543983835,1.2384493265398897,1.1948305014190472,0.3688595268339781,1.0151258938083976,1.396657748071132,0.7439220195575693,1.9037148429666602,0.3815318542627344,1.1597928234090908,1.0,1.0,0.03693368868317365,0.033210543887091715,0.033210543887091715,0.0011029402252764448,1.0,1.0,0.052604347295423876,0.053474525606653195,0.053474525606653195,0.002859524888856608,1.0,1.0,-0.027607649738049078,-0.07122647485889155,0.07122647485889155,0.005073210720824311
95,0.2741222244075799,0.10107212589864326,2.7121446389924957,0.2741222244075799,0.10107212589864326,2.7121446389924957,0.5122392343813112,0.11875381770664797,0.24560776261417333,0.24560776261417333,medium,full_curve,50,0.005684076024175806,0.27264643865488053,0.27226873254557593,0.010075963963810301,0.26585072720732605,0.27912436140202196,0.2566604293442596,0.2896453134641374,0.013273634194695905,0.03298488411987782,0.0961295338102429,0.09570801035031175,0.008183336656093085,0.09028070357676228,0.1013281975809599,0.08391479498788254,0.11025128347497079,0.01104749400419762,0.02633648848708825,2.853265398314622,2.8563724209594445,0.22342168240539292,2.6953336411127564,3.0111042481769603,2.4849888650021903,3.219669235633963,0.3157706070642039,0.7346803706317728,1.0,1.0,-0.0014757857526993545,-0.001853491862003953,0.001853491862003953,3.435432082514881e-06,1.0,1.0,-0.004942592088400352,-0.005364115548331508,0.005364115548331508,2.8773735615851833e-05,1.0,1.0,0.14112075932212642,0.14422778196694885,0.14422778196694885,0.020801653091105737
96,0.1,0.09793829408273538,1.0210510703353988,0.1,0.09793829408273538,1.0210510703353988,0.6120613350862206,0.49752022388523365,0.25843063496301805,0.25843063496301805,medium,full_curve,50,0.0001816367132897352,0.24914338068042652,0.23560968385520062,0.09344357663019942,0.17871656278388812,0.3070478780121608,0.11907656385650976,0.4226814937357423,0.1283313152282727,0.30360492987923254,0.3093209375748962,0.32246949869925623,0.11183359986868921,0.22953039653069382,0.40016659104410834,0.10592724191405758,0.4681164170826205,0.17063619451341452,0.36218917516856286,0.8997222007869995,0.8561601869859683,0.38739428427860584,0.6399704918166319,1.06631397126093,0.3655244988087246,1.7163923699557233,0.42634347944429807,1.3508678711469986,0.0,0.0,0.1491433806804265,0.1356096838552006,0.1356096838552006,0.018389986355307458,0.0,0.0,0.21138264349216082,0.22453120461652085,0.22453120461652085,0.05041426184654595,1.0,1.0,-0.12132886954839928,-0.16489088334943047,0.16489088334943047,0.027189003411755487
97,0.4652461938540332,0.26639727512244427,1.746437510069095,0.4652461938540332,0.26639727512244427,1.746437510069095,0.968056227182878,0.36553252550419013,0.33059773234048306,0.33059773234048306,medium,full_curve,50,0.002126882543590228,0.4820650000933785,0.4819547188598297,0.015337718720578396,0.47189417272819983,0.4921419359146497,0.4567203806458195,0.5077436217188108,0.020247763186449885,0.05102324107299133,0.28062750302819606,0.2797308415283193,0.013120313106097101,0.2719319604644126,0.28926979079892695,0.26037249045404043,0.3033301276801099,0.01733783033451436,0.04295763722606949,1.7198290140875643,1.719810607261167,0.05932163214579566,1.6784086098666993,1.7581417842608331,1.6206786354065206,1.8201874480788491,0.07973317439413385,0.19950881267232856,0.0,1.0,0.016818806239345285,0.016708525005796504,0.016708525005796504,0.0002791748078693271,0.0,1.0,0.014230227905751791,0.01333356640587502,0.01333356640587502,0.00017778399309987888,1.0,1.0,-0.0266084959815307,-0.02662690280792801,0.02662690280792801,0.0007089919531428446
98,0.16428914248977797,0.14311383756653903,1.147961268339225,0.16428914248977797,0.14311383756653903,1.147961268339225,0.6777544660686495,0.4991012416474764,0.2826261810290867,0.2826261810290867,medium,full_curve,50,0.0001921874206980738,0.32897785627413806,0.32428270397445635,0.10772181250613545,0.2455902416728039,0.4057831995458312,0.16126881104297744,0.5149756017168896,0.1601929578730273,0.3537067906739122,0.341673480798424,0.35839456467471936,0.09783612676738927,0.2777980519550301,0.41739364222885,0.1505239906827679,0.47443491258263126,0.1395955902738199,0.32391092189986337,1.013786931978431,1.0030694359264287,0.33051716908317924,0.8160753708715719,1.164955272237749,0.4981951754985836,1.596172209807299,0.3488799013661771,1.0979770343087154,0.0,1.0,0.1646887137843601,0.1599935614846784,0.1599935614846784,0.025597939716551565,0.0,0.0,0.198559643231885,0.21528072710818033,0.21528072710818033,0.04634579146422681,1.0,1.0,-0.13417433636079412,-0.14489183241279635,0.14489183241279635,0.020993643099937863
99,0.40824453993386944,0.2820676587047635,1.4473284239976394,0.40824453993386944,0.2820676587047635,1.4473284239976394,0.8350076936615354,0.4313493465842181,0.3320310116550827,0.3320310116550827,medium,full_curve,50,0.000874810877381272,0.43827326588761567,0.4382946426297244,0.029878650619673593,0.4187583324257108,0.4578259287636417,0.38994801596160694,0.4868672735213511,0.03906759633793089,0.09691925755974418,0.299649338515861,0.29936310838741187,0.0288004730099481,0.2811751849527211,0.3186444340477052,0.2520166509422495,0.34625762604271504,0.037469249094984114,0.09424097510046553,1.4694579959852385,1.4638769725135425,0.10053091942735191,1.4003306736068646,1.5308410751889743,1.3183305025801804,1.6380412008575296,0.1305104015821097,0.3197106982773492,0.0,1.0,0.030028725953746227,0.030050102695854952,0.030050102695854952,0.000903008672031429,1.0,1.0,0.017581679811097484,0.017295449682648345,0.017295449682648345,0.0002991325797250207,1.0,1.0,0.022129571987599128,0.01654854851590315,0.01654854851590315,0.0002738544579832003
