case_id,true_beta,true_gamma,true_R0,rho0,tau,eta,severity,beta_mean,beta_median,beta_std,beta_ci50_low,beta_ci50_high,beta_ci90_low,beta_ci90_high,beta_width50,beta_width90,gamma_mean,gamma_median,gamma_std,gamma_ci50_low,gamma_ci50_high,gamma_ci90_low,gamma_ci90_high,gamma_width50,gamma_width90,R0_mean,R0_median,R0_std,R0_ci50_low,R0_ci50_high,R0_ci90_low,R0_ci90_high,R0_width50,R0_width90,beta_covered50,beta_covered90,beta_err_mean,beta_err_median,beta_abs_err_median,beta_sq_err_median,gamma_covered50,gamma_covered90,gamma_err_mean,gamma_err_median,gamma_abs_err_median,gamma_sq_err_median,R0_covered50,R0_covered90,R0_err_mean,R0_err_median,R0_abs_err_median,R0_sq_err_median,true_gamma_group,true_R0_group,true_beta_group
0,0.4480770837070597,0.31665052577402086,1.4150523913130402,1.0,14,0.9977389342385036,mild,0.4499423004337577,0.44868629500927953,0.046578472704006765,0.41749740540477887,0.4824153622407069,0.3752713240371714,0.5278397639654311,0.06491795683592805,0.1525684399282597,0.32285204662161815,0.32175343104212073,0.03790676816482469,0.29598924007950567,0.34771666755911496,0.26330679629383735,0.38708945155406593,0.05172742747960929,0.12378265526022858,1.400145914689296,1.3926711551754738,0.11051420099751075,1.3267606941403134,1.467396482422726,1.2293683409240053,1.5917850371492845,0.14063578828241252,0.3624166962252793,1.0,1.0,0.001865216726698038,0.0006092113022198586,0.0006092113022198586,3.7113841075241596e-07,1.0,1.0,0.006201520847597286,0.0051029052680998666,0.0051029052680998666,2.603964217520137e-05,1.0,1.0,-0.014906476623744114,-0.022381236137566374,0.022381236137566374,0.000500919731045507,mid,low,low
1,0.8656992231773614,0.3773758848611094,2.2939971998899082,1.0,25,0.9336240833783715,mild,0.8622010647878944,0.86612410923087,0.0398925760418879,0.8388597110510632,0.8908589617604867,0.7901034429527342,0.9193704969747895,0.05199925070942357,0.1292670540220553,0.39096000594679936,0.3899528313057269,0.020105721693732287,0.3772019826970724,0.40394143912932917,0.3599323722659225,0.42540679235281187,0.02673945643225678,0.06547442008688936,2.207315067662957,2.2044135830986713,0.08132764864854947,2.151938311370086,2.2612959005007442,2.0776424404924447,2.3462040893354232,0.10935758913065818,0.2685616488429785,1.0,1.0,-0.0034981583894669876,0.00042488605350865516,0.00042488605350865516,1.8052815846615977e-07,1.0,1.0,0.01358412108568996,0.012576946444617487,0.012576946444617487,0.00015817958187077646,0.0,1.0,-0.08668213222695131,-0.08958361679123694,0.08958361679123694,0.00802522439739919,high,mid,high
2,0.13040313045335356,0.31647758845704255,0.41204538712874444,1.0,13,0.8626645941960045,mild,0.2068147287496373,0.1857904508964329,0.08745252587631998,0.13830835119780038,0.25512401827127434,0.10391152882546813,0.3826396631827623,0.11681566707347396,0.2787281343572942,0.3206320616996469,0.3344544166753688,0.10509133518374981,0.2481917654244336,0.4066141192270851,0.12360577490016542,0.46795150074460834,0.15842235380265152,0.3443457258444429,0.6807130931451353,0.6585179797467937,0.24274606074913202,0.5097799223871899,0.8262352838551448,0.33546540700556143,1.068957171934263,0.31645536146795483,0.7334917649287016,0.0,1.0,0.07641159829628374,0.05538732044307934,0.05538732044307934,0.0030677552658643545,1.0,1.0,0.004154473242604373,0.017976828218326246,0.017976828218326246,0.0003231663527912108,0.0,1.0,0.26866770601639084,0.24647259261804927,0.24647259261804927,0.06074873891186287,mid,low,low
3,0.5228990509942999,0.18446438505338342,2.8346883917075623,1.0,24,0.870251144481745,mild,0.5294345760021149,0.5293009502259409,0.012348626061677791,0.5210720011040479,0.5377811860914719,0.5094377124186927,0.5497200807428797,0.01670918498742391,0.04028236832418697,0.19820719482309068,0.19802888884158543,0.006475991047794099,0.1935992424266592,0.20264285951846642,0.18777892791747652,0.20888974181147218,0.009043617091807205,0.02111081389399566,2.6730787034551806,2.670656233190769,0.08242011396118189,2.6157579617001714,2.724675757343084,2.542392807638735,2.8147466722269257,0.10891779564291282,0.27235386458819066,1.0,1.0,0.006535525007814957,0.006401899231641028,0.006401899231641028,4.098431377208599e-05,0.0,0.0,0.013742809769707265,0.01356450378820201,0.01356450378820201,0.00018399576302014666,0.0,0.0,-0.16160968825238164,-0.1640321585167932,0.1640321585167932,0.026906549027678372,low,mid,mid
4,0.2585507973881067,0.20910862294995536,1.2364425423526606,1.0,21,0.9112068317674721,mild,0.3002026298231502,0.2964243668821529,0.07826267967582616,0.24400223658017656,0.35424092697162407,0.17919823439014101,0.43375709618595215,0.11023869039144751,0.2545588617958111,0.3007779057453598,0.30372711962284177,0.07521859194920948,0.24936077607080148,0.35452330717115665,0.17265668379909313,0.4192088508734237,0.10516253110035517,0.24655216707433056,1.025847043791841,1.0304021341678622,0.22636650561838367,0.899434025910345,1.1558672358981008,0.6329185261855995,1.4017718581875982,0.25643320998775576,0.7688533320019987,1.0,1.0,0.0416518324350435,0.03787356949404619,0.03787356949404619,0.001434407266220346,0.0,1.0,0.09166928279540443,0.09461849667288641,0.09461849667288641,0.008952659912637016,0.0,1.0,-0.2105954985608196,-0.2060404081847984,0.2060404081847984,0.042452649804958345,mid,low,low
5,0.25998328631298845,0.3833953303326222,0.6781075974176181,1.0,17,0.9982257164703163,mild,0.2631650678805288,0.24831212925985074,0.10978871069221478,0.17432349888290322,0.33731494211387825,0.11313298297394843,0.466382026261446,0.16299144323097503,0.35324904328749757,0.3488130674565716,0.3656590986958836,0.10232815861759005,0.28372829797300164,0.43177704744274886,0.15182422436788137,0.48178798894094615,0.14804874946974722,0.32996376457306476,0.7751110478635872,0.7715819179554306,0.24925071717182715,0.6011289408230689,0.944792261335991,0.36521724420731916,1.1897023656221906,0.34366332051292214,0.8244851214148714,1.0,1.0,0.0031817815675403427,-0.011671157053137704,0.011671157053137704,0.00013621590695900597,1.0,1.0,-0.034582262876050596,-0.017736231636738597,0.017736231636738597,0.0003145739126720471,1.0,1.0,0.09700345044596914,0.09347432053781257,0.09347432053781257,0.00873744860000573,high,low,low
6,0.5043321096504052,0.40230191813470506,1.2536159707832584,1.0,17,0.9952341022092621,mild,0.4220384318080955,0.42305939402390064,0.09356749172909813,0.3560801497943445,0.49273642647486593,0.2633217497425235,0.5722855499432771,0.13665627668052144,0.3089638002007536,0.36983882289061487,0.37740692707595247,0.06514180114822099,0.3291507264936957,0.4181267803871094,0.2540447652754242,0.46297524637585835,0.08897605389341368,0.20893048110043416,1.1465088945754542,1.1627667570447127,0.17891660547963234,1.0533681145818037,1.254892881096018,0.8437111833396822,1.4091700504353935,0.20152476651421436,0.5654588670957112,0.0,1.0,-0.08229367784230968,-0.08127271562650457,0.08127271562650457,0.00660525430530668,1.0,1.0,-0.03246309524409019,-0.02489499105875259,0.02489499105875259,0.0006197605798153715,1.0,1.0,-0.10710707620780413,-0.09084921373854571,0.09084921373854571,0.008253579636911963,high,low,mid
7,0.1782680912766364,0.4099814796292761,0.4348198641505331,1.0,11,0.8543265468641036,mild,0.2556674422904745,0.2388258977347386,0.11155738662043546,0.16340903512470145,0.32541933971571946,0.11043503824766329,0.46683495127743385,0.162010304591018,0.3563999130297706,0.34549677963907627,0.36601819926494816,0.10791204138714872,0.2704838819975025,0.4345909321330597,0.13783078875176782,0.4850647615264781,0.1641070501355572,0.34723397277471024,0.7647801069120127,0.7541772903698356,0.25940260444464347,0.5817574924466353,0.9225170274084369,0.36269929706330256,1.1858763039939781,0.34075953496180156,0.8231770069306756,1.0,1.0,0.0773993510138381,0.060557806458102215,0.060557806458102215,0.0036672479230169665,1.0,1.0,-0.06448469999019985,-0.04396328036432795,0.04396328036432795,0.0019327700203925035,0.0,1.0,0.3299602427614796,0.3193574262193025,0.3193574262193025,0.10198916568141725,high,low,low
8,0.8610039871024447,0.1770050362455169,4.864290900221501,1.0,22,0.9456245819504623,mild,0.8656963352050892,0.8697784993039389,0.03787420952960869,0.8421440084533792,0.8930363891866653,0.7947922128255095,0.9203953396321608,0.05089238073328606,0.1256031268066513,0.1832955349274962,0.18290723548334997,0.00858404111614089,0.177638963807271,0.18871894316085225,0.1696677868733115,0.19795109386016516,0.011079979353581237,0.028283306986853662,4.7322042270058775,4.73309218587875,0.2873828086733131,4.533558035578152,4.912476739240937,4.270818613706369,5.225658528447536,0.3789187036627846,0.954839914741167,1.0,1.0,0.004692348102644406,0.008774512201494167,0.008774512201494167,7.699206437417001e-05,0.0,1.0,0.006290498681979312,0.005902199237833083,0.005902199237833083,3.483595584307743e-05,1.0,1.0,-0.13208667321562384,-0.13119871434275154,0.13119871434275154,0.01721310264519092,low,high,high
9,0.5472010893876081,0.102793267143065,5.323316444704767,1.0,11,0.9658607668546105,mild,0.5369555818030898,0.5367409352687016,0.015429832362976957,0.5268779183669915,0.5474307207823136,0.511688516778466,0.5629457687540487,0.02055280241532209,0.05125725197558262,0.10679981251867847,0.10658022805750447,0.004426151783645922,0.10386851976869556,0.10954616572121195,0.0998366882286441,0.11451976111349477,0.005677645952516394,0.01468307288485067,5.036026556369729,5.036224696964669,0.24852158931100166,4.864742426607644,5.200033041828103,4.631627799374662,5.4512769445350635,0.3352906152204591,0.8196491451604011,1.0,1.0,-0.010245507584518365,-0.01046015411890655,0.01046015411890655,0.00010941482419127768,0.0,1.0,0.004006545375613471,0.0037869609144394745,0.0037869609144394745,1.4341072967492261e-05,0.0,1.0,-0.28728988833503877,-0.2870917477400985,0.2870917477400985,0.08242167162046435,low,high,mid
10,0.2517689382898641,0.4954444867079704,0.5081678069782702,1.0,16,0.972870262003961,mild,0.24314139097102247,0.22568559942201782,0.10088625461573601,0.16248564226766024,0.30652249971334145,0.11332636492770097,0.43975134359631607,0.1440368574456812,0.3264249786686151,0.3300921771295973,0.34423914710101966,0.10525496210142547,0.25466364393567964,0.4154197019610837,0.13421108437112428,0.4762814339225498,0.16075605802540405,0.3420703495514255,0.7655760947776135,0.7606019999906585,0.24639262749464064,0.5897302846303026,0.924745726097946,0.3784617199757275,1.169190768779004,0.3350154414676434,0.7907290488032765,1.0,1.0,-0.008627547318841605,-0.02608333886784625,0.02608333886784625,0.0006803405664948989,0.0,0.0,-0.1653523095783731,-0.15120533960695076,0.15120533960695076,0.022863054725653312,0.0,1.0,0.2574082877993432,0.25243419301238823,0.25243419301238823,0.06372302180181567,high,low,low
11,0.17114771024641995,0.23212940214148786,0.7372944084959204,1.0,29,0.968371368427108,mild,0.25873170656367733,0.24309529323358572,0.11242556969165199,0.1666884331662168,0.32897391417135124,0.1114969114030346,0.4716006344997489,0.16228548100513446,0.36010372309671435,0.34650512187951776,0.36746457375492897,0.10686770605743315,0.2741477622797073,0.43457476428987246,0.1400527303883978,0.48520942219600244,0.1604270020101652,0.34515669180760467,0.7715819400746825,0.7529214519259683,0.260818274084845,0.589181154008258,0.9367024870625705,0.3696325780077078,1.194955443360129,0.34752133305431254,0.8253228653524212,1.0,1.0,0.08758399631725738,0.07194758298716578,0.07194758298716578,0.005176454697695106,0.0,1.0,0.1143757197380299,0.1353351716134411,0.1353351716134411,0.018315608675639555,1.0,1.0,0.034287531578762076,0.015627043430047838,0.015627043430047838,0.0002442044863646013,mid,low,low
12,0.7301643093696458,0.2958090606622248,2.468363571200403,1.0,15,0.9070875636425313,mild,0.7369260455810865,0.7374530415169752,0.028532768889620495,0.7172576943405955,0.755866140199557,0.6902486319848218,0.7837278130249954,0.038608445858961504,0.09347918104017361,0.3198546917791067,0.3193443964535422,0.012844226913493805,0.31067782035070085,0.32800810087951326,0.3000542602118799,0.3424174356414287,0.017330280528812414,0.04236317542954876,2.3052213716982077,2.3012092866563716,0.07359436899921282,2.2558495334477144,2.352905433420479,2.189662238174339,2.429467816471055,0.09705589997276443,0.2398055782967159,1.0,1.0,0.0067617362114407165,0.007288732147329391,0.007288732147329391,5.312561631551291e-05,0.0,0.0,0.024045631116881905,0.02353533579131739,0.02353533579131739,0.0005539120308100654,0.0,0.0,-0.16314219950219533,-0.16715428454403147,0.16715428454403147,0.02794055484142704,mid,mid,high
13,0.9071248050539563,0.25506527841057447,3.556441749761691,1.0,23,0.9997509721912234,mild,0.8952122350157511,0.8999706659268847,0.038993373917422545,0.8727501602110208,0.923798112230147,0.8232785879548031,0.9492730625201218,0.05104795201912615,0.12599447456531865,0.2513539123316483,0.25081273499653983,0.012144851773639592,0.24303072013008772,0.25880587305106256,0.23283799633350818,0.2721274188313636,0.01577515292097484,0.039289422497855414,3.567725091659804,3.5627123846664936,0.19888882068891506,3.4309867757803336,3.698775325088313,3.2559822799408957,3.8957507572957955,0.26778854930797946,0.6397684773548997,1.0,1.0,-0.011912570038205228,-0.007154139127071635,0.007154139127071635,5.118170664949729e-05,1.0,1.0,-0.0037113660789261926,-0.004252543414034637,0.004252543414034637,1.808412548824937e-05,1.0,1.0,0.011283341898113086,0.00627063490480273,0.00627063490480273,3.932086210933034e-05,mid,high,high
14,0.9132984579736263,0.293768519384819,3.1089051334913815,1.0,14,0.873948076531253,mild,0.9662154252705409,0.9739695160535158,0.028533967236384263,0.956184626027679,0.9855503459053423,0.9092524525708061,0.9946820716965452,0.029365719877663343,0.0854296191257391,0.3207170884508018,0.31932672552734254,0.019973542957056663,0.3076238830369113,0.331659460099961,0.2924860635802662,0.355998319011078,0.024035577063049707,0.06351225543081179,3.023080160127053,3.012542540455728,0.19308888624816045,2.899208859848591,3.128901777084843,2.734712773162766,3.3385607713708234,0.2296929172362523,0.6038479982080576,0.0,1.0,0.05291696729691464,0.060671058079889484,0.060671058079889484,0.003680977288533323,0.0,1.0,0.026948569065982808,0.02555820614252352,0.02555820614252352,0.000653221901223727,1.0,1.0,-0.08582497336432837,-0.09636259303565353,0.09636259303565353,0.009285749336554983,mid,high,high
15,0.8114977892239558,0.21885782867888204,3.70787645167869,1.0,12,0.9633877243426656,mild,0.8182599681556878,0.8200283989671655,0.032306091458176985,0.797729510108489,0.8419026090936768,0.7626543086343567,0.8670022081630508,0.04417309898518773,0.10434789952869417,0.23785027114945229,0.23752185549617674,0.009367153609769653,0.23149299191336623,0.24360018184470336,0.22293431909406922,0.2536850325704972,0.012107189931337137,0.030750713476427965,3.4440728767330167,3.4358112551757163,0.16415480323912188,3.335975405062264,3.5486950955360244,3.187312820517076,3.7277611829487505,0.21271969047376027,0.5404483624316745,1.0,1.0,0.0067621789317320324,0.008530609743209738,0.008530609743209738,7.277130259094492e-05,0.0,0.0,0.018992442470570248,0.018664026817294704,0.018664026817294704,0.0003483458970366959,0.0,1.0,-0.2638035749456735,-0.2720651965029739,0.2720651965029739,0.0740194711482018,mid,high,high
16,0.414987696622405,0.05626286701329477,7.3758718432237815,1.0,26,0.9643753845608788,mild,0.39372844832086357,0.3934064073736157,0.017552003891157405,0.3818729015492356,0.4052694479854664,0.3658839151277963,0.42276635656608347,0.023396546436230792,0.05688244143828719,0.06046283998010129,0.059783592819644946,0.004018050851725792,0.05763732032227096,0.062426384732310936,0.05524412984993992,0.06779901188820239,0.004789064410039977,0.012554882038262473,6.539195913988351,6.532285330749849,0.5105299168614081,6.199055584393274,6.874930045929148,5.700997263702601,7.3900214268167685,0.6758744615358738,1.6890241631141674,0.0,1.0,-0.02125924830154141,-0.02158128924878927,0.02158128924878927,0.0004657520456399074,0.0,1.0,0.00419997296680652,0.0035207258063501765,0.0035207258063501765,1.23955102035001e-05,0.0,1.0,-0.8366759292354304,-0.8435865124739328,0.8435865124739328,0.7116382040279328,low,high,low
17,0.8659768380352417,0.4189683110996103,2.066926817836002,1.0,18,0.9131995135141373,mild,0.8536434720343643,0.8603098134775701,0.047156938405646394,0.8296575669026796,0.8864438771167855,0.7684848570071229,0.9162144713513717,0.05678631021410596,0.1477296143442488,0.43441856546574636,0.4353998581062824,0.024541053664896888,0.41714921588744336,0.4518867945623837,0.3927858268208606,0.4727819489672309,0.03473757867494032,0.07999612214637031,1.9662878729822477,1.963442092774093,0.06962413588181987,1.91954156140288,2.011537360246199,1.8637635148715266,2.084714712150822,0.09199579884331888,0.22095119727929524,1.0,1.0,-0.012333366000877422,-0.005667024557671652,0.005667024557671652,3.211516733725358e-05,1.0,1.0,0.015450254366136063,0.016431547006672098,0.016431547006672098,0.0002699957370324748,0.0,1.0,-0.10063894485375435,-0.10348472506190909,0.10348472506190909,0.010709088321138914,high,mid,high
18,0.3719741214156488,0.19954984105573564,1.8640662375258612,1.0,28,0.8982742064671736,mild,0.3763842175236574,0.3761714736879902,0.012554404645092351,0.36796960316251504,0.3843183339847767,0.3562579599210517,0.39753972755702627,0.01634873082226168,0.041281767635974576,0.1999319687083885,0.19961676086868452,0.010190032407172776,0.19298638520184921,0.2066001626599256,0.18398495542000123,0.21632297223998057,0.013613777458076376,0.03233801681997933,1.885463151816177,1.883120695060918,0.07565081973896151,1.8331798262171988,1.9331668362675818,1.7668359371061262,2.0181350636595656,0.09998701005038302,0.25129912655343944,1.0,1.0,0.004410096108008632,0.004197352272341415,0.004197352272341415,1.7617766098129637e-05,1.0,1.0,0.0003821276526528583,6.69198129488735e-05,6.69198129488735e-05,4.478261365112218e-09,1.0,1.0,0.02139691429031587,0.019054457535056857,0.019054457535056857,0.00036307235195528505,low,mid,low
19,0.5965005318337268,0.19855388725543704,3.0042248987366156,1.0,14,0.9991057220210064,mild,0.5955547326726254,0.5956462952551071,0.014614848688362657,0.5851519145045442,0.6054638611393497,0.5719885705546427,0.6201127429560005,0.02031194663480551,0.0481241724013578,0.207664695545647,0.20741617467645676,0.006833227598500044,0.2028826634029814,0.2121923843731721,0.19681837056965965,0.2192937697482135,0.009309720970190699,0.022475399178553845,2.8701332429674196,2.868790344286047,0.09539768228745829,2.803056983767804,2.931697206898197,2.718732708842689,3.0315634058189533,0.12864022313039314,0.3128306969762642,1.0,1.0,-0.0009457991611013794,-0.0008542365786196049,0.0008542365786196049,7.297201322517284e-07,0.0,1.0,0.009110808290209965,0.008862287421019716,0.008862287421019716,7.854013833276429e-05,0.0,1.0,-0.13409165576919602,-0.13543455445056862,0.13543455445056862,0.018342518539224036,low,high,mid
20,0.8261474130228024,0.4036134749498376,2.0468776795063115,1.0,22,0.8712649080205743,mild,0.8553198953047938,0.8606128727387699,0.042129348116005494,0.8296936591232063,0.8860935884382988,0.7779885385539911,0.9138545139910595,0.05639992931509252,0.13586597543706846,0.430156918558803,0.4305664246236129,0.02267546108536914,0.4150393199181585,0.44552981738367453,0.392149393227078,0.46676201001548157,0.03049049746551602,0.07461261678840359,1.989795767502129,1.9860518744483335,0.06641941490680928,1.9438969663315657,2.030501149252038,1.889942324707947,2.104960561262875,0.08660418292047223,0.21501823655492802,0.0,1.0,0.02917248228199143,0.034465459715967484,0.034465459715967484,0.0011878679134329775,0.0,1.0,0.026543443608965378,0.02695294967377526,0.02695294967377526,0.000726461496117062,0.0,1.0,-0.057081912004182556,-0.060825805057977966,0.060825805057977966,0.003699778560951138,high,mid,high
21,0.9477736778764508,0.1074628085345575,8.819550603608775,1.0,30,0.8541413836179116,mild,0.9192567496643582,0.9284777506279251,0.044265512974332615,0.897923139774393,0.9502379311621685,0.8323151031894052,0.9724141211567542,0.052314791387775506,0.14009901796734903,0.10813842611294043,0.1079382780760365,0.005970002358608019,0.10409845061195472,0.11188211754503251,0.0986383152485377,0.11846949485341336,0.00778366693307779,0.019831179604875668,8.528622188041437,8.537904738102927,0.6537464939587943,8.118548433660832,8.945515184598236,7.4428784302872515,9.590450555989813,0.8269667509374035,2.1475721257025615,1.0,1.0,-0.028516928212092618,-0.01929592724852569,0.01929592724852569,0.0003723328083803962,1.0,1.0,0.0006756175783829282,0.0004754695414789928,0.0004754695414789928,2.2607128487424365e-07,1.0,1.0,-0.29092841556733795,-0.2816458655058476,0.2816458655058476,0.07932439355653799,low,high,high
22,0.8016883048501701,0.4848073381357573,1.6536224635809424,1.0,30,0.9985218402677509,mild,0.8002140914970785,0.8121941278208771,0.05851789672008982,0.768462089747235,0.8435054175704338,0.6906718179038424,0.8734603664182332,0.07504332782319889,0.18278854851439086,0.4625088971278475,0.4666616052314386,0.025795856204835207,0.44785323886766826,0.48288511444638427,0.41438737733060566,0.4953273924008909,0.03503187557871601,0.08094001507028525,1.7295882264511688,1.7346447716857145,0.07323176610654349,1.6890837124424667,1.774403816711383,1.6082108864082023,1.841090089066294,0.08532010426891623,0.2328792026580917,1.0,1.0,-0.0014742133530916135,0.010505822970707013,0.010505822970707013,0.00011037231629183512,0.0,1.0,-0.02229844100790984,-0.0181457329043187,0.0181457329043187,0.0003292676226348744,0.0,1.0,0.07596576287022638,0.08102230810477207,0.08102230810477207,0.006564614410624613,high,mid,high
23,0.554491909448532,0.06803157775035758,8.150507863910558,1.0,21,0.91316853270782,mild,0.5395807127786233,0.5393656113297053,0.02284298650465451,0.5237108071596223,0.555073673046354,0.5025206049110977,0.5766961034182188,0.03136286588673176,0.07417549850712102,0.0717705415756135,0.07140868163829715,0.004295653526672307,0.06877110722424168,0.07426191367578461,0.06528713465544107,0.07925952962474477,0.005490806451542929,0.013972394969303692,7.546019115269025,7.523060700170909,0.5689602827973159,7.157381103554178,7.908889854916982,6.634459008089743,8.524906911532387,0.7515087513628043,1.8904479034426442,1.0,1.0,-0.0149111966699087,-0.015126298118826709,0.015126298118826709,0.00022880489477962042,0.0,1.0,0.003738963825255917,0.0033771038879395754,0.0033771038879395754,1.1404830669936596e-05,0.0,1.0,-0.6044887486415336,-0.6274471637396495,0.6274471637396495,0.3936899432849305,low,high,mid
24,0.9698012809137599,0.49891715262890207,1.943812265831447,1.0,22,0.9992215905860855,mild,0.9296215958001697,0.9380951276531149,0.041095619801034065,0.9155299411852618,0.9549876864910714,0.8574042373586561,0.9735562757492152,0.03945774530580959,0.1161520383905591,0.47945548901583657,0.4840425103633087,0.017889063178353124,0.4711542522864343,0.49284627210019977,0.44319784032051207,0.4986570096702263,0.02169201981376545,0.05545916934971423,1.9391089107714232,1.93937582491459,0.05766943300595874,1.9059595783803123,1.9710692056661987,1.8579298775382558,2.02931134373099,0.06510962728588643,0.17138146619273442,0.0,1.0,-0.04017968511359027,-0.031706153260645076,0.031706153260645076,0.0010052801545875143,0.0,0.0,-0.019461663613065505,-0.014874642265593374,0.014874642265593374,0.00022125498252937678,1.0,1.0,-0.004703355060023728,-0.00443644091685691,0.00443644091685691,1.9682008008762177e-05,high,mid,high
25,0.5297603414384228,0.47162999636431946,1.1232541304035282,1.0,24,0.9196081302184418,mild,0.33951672751320044,0.33901044068361236,0.10811994452486788,0.2583101406929693,0.41453393736269667,0.1674584054247532,0.5279369350425379,0.15622379666972736,0.3604785296177847,0.35669581915937054,0.36945444216950596,0.08617464302177504,0.3024153881272259,0.4231996842140331,0.19006539438923623,0.4745130446968373,0.12078429608680719,0.2844476503076011,0.9645502300800765,0.9733279660444032,0.23010195514828213,0.8254703468382941,1.1157469879318844,0.5544008354667708,1.3122808560671793,0.2902766410935903,0.7578800206004085,0.0,0.0,-0.19024361392522232,-0.1907499007548104,0.1907499007548104,0.03638552463797002,0.0,1.0,-0.11493417720494892,-0.1021755541948135,0.1021755541948135,0.010439843875017271,0.0,1.0,-0.15870390032345172,-0.14992616435912498,0.14992616435912498,0.022477854759439357,high,low,mid
26,0.36904588156670104,0.3930157913074754,0.9390103139086808,1.0,27,0.8593862880044416,mild,0.24298528125103228,0.22558024343330316,0.09618434294353126,0.16847771599677092,0.30196589044610367,0.11438688600498452,0.42758972439078347,0.13348817444933275,0.31320283838579893,0.33103248124974755,0.3460320102698564,0.09842608284799917,0.26325348107826707,0.41218556109602045,0.14429052934161474,0.4671969269632057,0.14893208001775338,0.32290639762159096,0.7597835413911269,0.7543018798342795,0.2390403735938915,0.5997439220507116,0.9154612196203107,0.38033973345335875,1.1500833047726244,0.3157172975695991,0.7697435713192657,0.0,1.0,-0.12606060031566876,-0.14346563813339788,0.14346563813339788,0.020582389325023067,1.0,1.0,-0.061983310057727836,-0.046983781037618966,0.046983781037618966,0.0022074756805909234,0.0,1.0,-0.17922677251755392,-0.1847084340744013,0.1847084340744013,0.03411720561821745,high,low,low
27,0.3180263022640479,0.05556132064187366,5.7238794648874505,1.0,18,0.9736533563762844,mild,0.312147322330154,0.311843936595714,0.014644617094326214,0.3019953783974839,0.321212478661329,0.28864754125836095,0.33671466598961364,0.0192171002638451,0.048067124731252686,0.057629701057842285,0.05659982443484842,0.004603590170460791,0.054510647617120996,0.0595147269386942,0.05236871332816397,0.06649127270837077,0.005004079321573207,0.014122559380206796,5.447630173052285,5.469172129999452,0.47399210618630155,5.146184618315879,5.775884718208091,4.631814077437608,6.159474941080017,0.6297000998922115,1.5276608636424092,1.0,1.0,-0.0058789799338938575,-0.006182365668333856,0.006182365668333856,3.822164525699312e-05,1.0,1.0,0.0020683804159686223,0.0010385037929747584,0.0010385037929747584,1.07849012802296e-06,1.0,1.0,-0.2762492918351658,-0.2547073348879989,0.2547073348879989,0.06487582644574723,low,high,low
28,0.6324651337119632,0.17782424566556188,3.5566867237072657,1.0,12,0.8986714834406699,mild,0.61873870088448,0.6188505288529067,0.016225897327761092,0.6082520967180667,0.6291634348137441,0.5913383633247918,0.6455124248072843,0.020911338095677467,0.054174061482492486,0.19147901978063187,0.1911681694434156,0.006647137155516248,0.18670105690099068,0.19565148864471182,0.18120204411509394,0.20292995561720006,0.008950431743721149,0.021727911502106123,3.2342970302467466,3.228062962803459,0.1170445576970044,3.1539556871111927,3.312199250508172,3.0532019903854586,3.4374187147306707,0.15824356339697943,0.38421672434521215,0.0,1.0,-0.013726432827483204,-0.013614604859056523,0.013614604859056523,0.00018535746546824547,0.0,0.0,0.01365477411506999,0.013343923777853733,0.013343923777853733,0.00017806030178917025,0.0,0.0,-0.32238969346051904,-0.3286237609038065,0.3286237609038065,0.10799357623056219,low,high,mid
29,0.9382964795291376,0.1863803149001111,5.03431105389005,1.0,13,0.94754067775072,mild,0.934607785980864,0.9424082168371777,0.036849871977498255,0.9174970285500506,0.960020537904756,0.865827429472207,0.9776549134549771,0.0425235093547055,0.11182748398277009,0.19988244968097177,0.1996175317749207,0.010343588276375531,0.1930051393960357,0.20658446036154654,0.18361028366794946,0.21705850723377587,0.013579320965510844,0.03344822356582641,4.687935447686777,4.673528272741878,0.30184300665271446,4.488330718019821,4.886697617921367,4.226201824447623,5.198620759598985,0.3983668999015464,0.9724189351513619,1.0,1.0,-0.003688693548273614,0.004111737308040042,0.004111737308040042,1.6906383690328374e-05,0.0,1.0,0.01350213478086068,0.01323721687480961,0.01323721687480961,0.00017522391059074429,0.0,1.0,-0.34637560620327346,-0.3607827811481723,0.3607827811481723,0.13016421517301,low,high,high
30,0.578598570959476,0.30448575023853897,1.9002484369340524,1.0,25,0.975008362576071,mild,0.5770531530694107,0.5772855786276145,0.020681930927924447,0.5630331533001629,0.5908533637867514,0.5428429148679179,0.6107826098494491,0.027820210486588448,0.06793969498153118,0.31624138463091583,0.31537865798877585,0.014192361315283016,0.30624160506913317,0.32592221845896435,0.29410392063892626,0.33989021882528336,0.01968061338983118,0.0457862981863571,1.8261956286059626,1.8243882656693116,0.054796500287765344,1.789018691161678,1.861623059467659,1.7437989897511308,1.9192377647185415,0.07260436830598094,0.17543877496741067,1.0,1.0,-0.0015454178900652371,-0.00131299233186144,0.00131299233186144,1.723948863526942e-06,0.0,1.0,0.011755634392376868,0.01089290775023688,0.01089290775023688,0.00011865543925517068,0.0,1.0,-0.0740528083280898,-0.07586017126474087,0.07586017126474087,0.0057547655843158164,mid,mid,mid
31,0.6804511002252784,0.0697084452236049,9.761386845490305,1.0,18,0.9089956217558351,mild,0.6442263541684913,0.6438774035490942,0.029657538904806706,0.6244952743623167,0.6641818267754273,0.5944250452731181,0.6937074972349337,0.03968655241311059,0.09928245196181562,0.07439577066706869,0.07416228640440624,0.004022095211721805,0.07148003165984548,0.07685658952028428,0.06817333861379601,0.08156039247339643,0.005376557860438794,0.013387053859600415,8.684963687559545,8.647809443226496,0.6229714178176896,8.25779851464397,9.091736373812953,7.718885177952237,9.75178405454777,0.8339378591689837,2.0328988765955325,0.0,1.0,-0.03622474605678716,-0.036573696676184264,0.036573696676184264,0.0013376352885615319,0.0,1.0,0.004687325443463786,0.004453841180801332,0.004453841180801332,1.9836701263801807e-05,0.0,0.0,-1.0764231579307602,-1.1135774022638092,1.1135774022638092,1.2400546308326135,low,high,mid
32,0.5305852080188661,0.40486246179554475,1.3105319907055528,1.0,13,0.9937838403034589,mild,0.48386393970460256,0.49056141211895843,0.08910847222253841,0.426824333108898,0.5478040818530335,0.32922077105668734,0.6237407226571776,0.12097974874413553,0.29451995160049027,0.39517244136332275,0.40116088666831845,0.054717770824910895,0.361211463379388,0.43577953055774354,0.2977706522706021,0.47383663100573703,0.07456806717835557,0.1760659787351349,1.2242336045802091,1.2374518097691183,0.14885080203323292,1.1484685446098948,1.314937078499422,0.9680304650265515,1.4469435554857013,0.16646853388952731,0.47891309045914976,1.0,1.0,-0.04672126831426354,-0.04002379589990768,0.04002379589990768,0.0016019042382374666,1.0,1.0,-0.009690020432222002,-0.0037015751272262976,0.0037015751272262976,1.3701658422500381e-05,1.0,1.0,-0.08629838612534368,-0.07308018093643454,0.07308018093643454,0.005340712845702009,high,low,mid
33,0.9390419293437126,0.3022214396104524,3.107132076910521,1.0,25,0.9213969407165897,mild,0.9558969638071579,0.9637917837322578,0.030955369222498887,0.9427331636984796,0.9775147758150343,0.8962015503092418,0.9899943544978355,0.03478161211655473,0.0937928041885937,0.3077352068108348,0.30661352965812383,0.017898737756699663,0.2952748035727687,0.3180220909996429,0.28168064927881664,0.3398468300795256,0.022747287426874208,0.058166180800708955,3.1147841204609694,3.105442901233806,0.17889661850800623,2.997004912869149,3.220308536953466,2.843887710490116,3.4145407737325764,0.2233036240843167,0.5706530632424602,0.0,1.0,0.016855034463445384,0.024749854388545267,0.024749854388545267,0.0006125552922541934,1.0,1.0,0.005513767200382436,0.0043920900476714375,0.0043920900476714375,1.929045498685449e-05,1.0,1.0,0.007652043550448351,-0.0016891756767152266,0.0016891756767152266,2.8533144668063436e-06,mid,high,high
34,0.6270636539631633,0.4343076723695009,1.4438235699176625,1.0,24,0.8875400673806675,mild,0.5610996169997133,0.5683321650658563,0.07935685187619536,0.5109830844096128,0.6201159290420701,0.4230259193998978,0.6760978800015763,0.10913284463245732,0.2530719606016785,0.42011167571575164,0.4242747662223951,0.0418012721837413,0.39405252366316273,0.4514862907171072,0.34544925170576146,0.4805166900736402,0.057433767053944484,0.1350674383678787,1.3333218618907074,1.3475024357673835,0.11419508587807153,1.2757669015103286,1.4090649929550052,1.1392893315335029,1.4847328525243122,0.13329809144467664,0.3454435209908093,0.0,1.0,-0.06596403696344999,-0.05873148889730706,0.05873148889730706,0.0034493877880945024,1.0,1.0,-0.014195996653749265,-0.01003290614710578,0.01003290614710578,0.00010065920575663295,0.0,1.0,-0.11050170802695503,-0.09632113415027899,0.09632113415027899,0.00927776088399604,high,low,mid
35,0.6830652503663882,0.08764931003394032,7.793161749954288,1.0,19,0.8841037343464425,mild,0.6686402809080637,0.668642535308758,0.026491106640652302,0.6518546940807175,0.6869153715208163,0.6236226138006794,0.7114283884152491,0.035060677440098775,0.08780577461456973,0.0933042964700951,0.09299183627861689,0.004529518804840065,0.09015547582853603,0.09626187035045339,0.08633482048698476,0.1013433666692638,0.006106394521917358,0.015008546182279037,7.183350039785908,7.1756422802031015,0.4556406332817304,6.872162910822432,7.484002503475482,6.461145418634763,7.948370620673274,0.61183959265305,1.4872252020385108,1.0,1.0,-0.0144249694583245,-0.014422715057630264,0.014422715057630264,0.00020801470963359477,0.0,1.0,0.00565498643615478,0.005342526244676571,0.005342526244676571,2.8542586675057942e-05,0.0,1.0,-0.6098117101683798,-0.6175194697511861,0.6175194697511861,0.38133029552178604,low,high,mid
36,0.21339016411921197,0.224053806259968,0.9524058871448803,1.0,16,0.9151507491012736,mild,0.3203799935635241,0.311225591645624,0.13265290057586504,0.21149624484568608,0.42085932079391575,0.12451222663848578,0.5566502403451777,0.20936307594822967,0.43213801370669197,0.38132329154043887,0.40669110435924105,0.09607069422207809,0.32611451904068656,0.4586936497672899,0.18462273256874706,0.491595210543585,0.13257913072660332,0.30697247797483795,0.8434904214493215,0.853470343775383,0.26027819660530727,0.6531030119022775,1.0307416077760225,0.40612665505910706,1.2435736055278508,0.37763859587374504,0.8374469504687437,1.0,1.0,0.10698982944431212,0.09783542752641206,0.09783542752641206,0.009571770879275826,0.0,1.0,0.15726948528047086,0.18263729809927304,0.18263729809927304,0.03335638265700272,1.0,1.0,-0.10891546569555877,-0.09893554336949728,0.09893554336949728,0.009788241741817678,mid,low,low
37,0.6524115054225231,0.07414747152347503,8.79883685873186,1.0,25,0.8980320582306791,mild,0.6256841928294675,0.6257843160921498,0.028281543610783107,0.6072329128499236,0.6448393549060127,0.578955081500751,0.6711582782415261,0.037606442056089096,0.09220319674077504,0.07628828044192967,0.07600709103407849,0.004158837883259087,0.07333132100137535,0.0790197577135115,0.06989683201009177,0.0832762962045331,0.005688436712136147,0.013379464194441332,8.226069205142945,8.196643119090888,0.5864764699530401,7.82649419966612,8.609598385772435,7.265291939648262,9.209062145106607,0.7831041861063142,1.9437702054583452,0.0,1.0,-0.026727312593055608,-0.026627189330373335,0.026627189330373335,0.0007090072116355476,1.0,1.0,0.0021408089184546397,0.0018596195106034552,0.0018596195106034552,3.4581847242170342e-06,0.0,1.0,-0.5727676535889152,-0.6021937396409722,0.6021937396409722,0.36263730006277906,low,high,mid
38,0.8021185332490429,0.32716583600565746,2.451718501668898,1.0,28,0.9210640120292026,mild,0.828870876155729,0.8320946249784151,0.03779335338027167,0.804717194119205,0.8565799101735003,0.7620863666946933,0.8855582551042772,0.05186271605429538,0.1234718884095839,0.34725009672972146,0.3465995789711969,0.01652272131907959,0.3356668361429773,0.3575650726708209,0.3214052893462043,0.3759904241051827,0.021898236527843562,0.05458513475897836,2.3889267045902227,2.382708802317893,0.09337246516233952,2.324521848613921,2.4468791052473238,2.2459391063128415,2.5510147883176644,0.12235725663340258,0.3050756820048228,0.0,1.0,0.026752342906686044,0.029976091729372212,0.029976091729372212,0.0008985660753677371,0.0,1.0,0.020084260724063996,0.019433742965539458,0.019433742965539458,0.0003776703656506544,0.0,1.0,-0.06279179707867533,-0.06900969935100498,0.06900969935100498,0.004762338604516097,mid,mid,high
39,0.1289024642823298,0.120195308954259,1.072441723423535,1.0,18,0.9674430185697911,mild,0.3479369969199155,0.3487715454849166,0.11486359220933558,0.26411132433222245,0.4280236388518299,0.1598503761881323,0.5403613044458311,0.16391231451960747,0.3805109282576988,0.3746037191887681,0.3899666979730414,0.08238813792964647,0.3295214618949884,0.4370310427857127,0.20846775073029689,0.4787747921675958,0.10750958089072432,0.2703070414372989,0.9331539793562165,0.9526536563796904,0.2265687521125739,0.7918803921398865,1.0818130898034362,0.5113194956098369,1.2700706123570762,0.2899326976635497,0.7587511167472393,0.0,0.0,0.21903453263758568,0.21986908120258683,0.21986908120258683,0.04834241286886972,0.0,0.0,0.2544084102345091,0.2697713890187824,0.2697713890187824,0.07277660233312322,1.0,1.0,-0.1392877440673186,-0.1197880670438447,0.1197880670438447,0.014349181006100633,low,low,low
40,0.6100214388353437,0.4010674703646353,1.5209945555562892,1.0,20,0.882274163699789,mild,0.6663563436071748,0.672515878790588,0.06384815922877643,0.6261634181144414,0.7145028412009694,0.5505376076853971,0.7578544009713759,0.08833942308652798,0.20731679328597885,0.43824374321428045,0.44166432216863816,0.03136432166310813,0.41757605823504784,0.46151783683364733,0.38268557551588667,0.48389834602298193,0.04394177859859949,0.10121277050709526,1.5197406878120583,1.5265550733508901,0.08694306474112927,1.4693445014684068,1.5746049784955078,1.3737084470136158,1.6455849043629822,0.10526047702710106,0.2718764573493664,0.0,1.0,0.05633490477183112,0.062494439955244396,0.062494439955244396,0.003905555025319647,0.0,1.0,0.03717627284964514,0.040596851804002854,0.040596851804002854,0.0016481043763961697,1.0,1.0,-0.0012538677442308632,0.005560517794600983,0.005560517794600983,3.0919358144074185e-05,high,low,mid
41,0.7095257625358456,0.23870144668975574,2.9724401438506076,1.0,25,0.8810348189736419,mild,0.7053881094790428,0.7054610854367953,0.022531589992757037,0.6904292475116998,0.7192493924211111,0.6680816312011469,0.7434613858265364,0.028820144909411316,0.07537975462538948,0.25040027324607306,0.24994315600933578,0.009109345580030154,0.24397353904607136,0.2561260211597567,0.23634538468694427,0.2661189105523295,0.012152482113685331,0.02977352586538523,2.819277706121241,2.8169132022102907,0.10152233493069962,2.7467435578760377,2.8832843325286865,2.656861274935033,2.996264828837667,0.1365407746526488,0.3394035539026339,1.0,1.0,-0.004137653056802804,-0.00406467709905034,0.00406467709905034,1.652159991954429e-05,0.0,1.0,0.011698826556317321,0.011241709319580045,0.011241709319580045,0.00012637602842593284,0.0,1.0,-0.15316243772936655,-0.15552694164031688,0.15552694164031688,0.024188629575990533,mid,high,mid
42,0.42013207618160076,0.31493863804506667,1.3340124882405864,1.0,28,0.9811781667941384,mild,0.40293723539423465,0.4032360334963185,0.053314573073097025,0.36573324389805506,0.44006238367465467,0.31335136940365854,0.48926100874557665,0.0743291397765996,0.1759096393419181,0.3178976984170279,0.31899470820092457,0.0461636803983471,0.28697492266364827,0.3491724989346152,0.2391206494519465,0.3951432107135479,0.06219757627096695,0.1560225612616014,1.2763467084486022,1.2707544739706622,0.12704111954709496,1.19332922824659,1.3542946084402483,1.0728730146713943,1.4903082318203547,0.16096538019365836,0.41743521714896037,1.0,1.0,-0.017194840787366106,-0.016896042685282275,0.016896042685282275,0.0002854762584228807,1.0,1.0,0.002959060371961253,0.004056070155857905,0.004056070155857905,1.645170510924117e-05,1.0,1.0,-0.05766577979198417,-0.06325801426992417,0.06325801426992417,0.00400157636937393,mid,low,low
43,0.646856221655137,0.34792665329482797,1.859174097556132,1.0,12,0.9370096696823459,mild,0.6715069889508636,0.672423894014569,0.034906530398183776,0.6483568333996115,0.6963439419112656,0.6122580914291545,0.726526313293845,0.04798710851165411,0.11426822186469043,0.37638849166576827,0.37609274855410324,0.021122372508915386,0.3613271320385534,0.39028592450255795,0.3430454788594896,0.411835055123005,0.028958792464004568,0.0687895762635154,1.7854136505098481,1.7838415266099252,0.05878392790999973,1.7455785272692288,1.822356954105358,1.6940527907732994,1.8864016718007124,0.07677842683612912,0.192348881027413,0.0,1.0,0.024650767295726572,0.025567672359432025,0.025567672359432025,0.0006537058698792644,0.0,1.0,0.028461838370940296,0.02816609525927527,0.02816609525927527,0.0007933289221545688,0.0,1.0,-0.07376044704628382,-0.07533257094620671,0.07533257094620671,0.005674996245365268,mid,mid,mid
44,0.8946029656533341,0.4340135723523933,2.0612326955687217,1.0,27,0.8948128943701068,mild,0.8506558782648818,0.8565508593953808,0.046726713429232555,0.82284239727869,0.8839457266963675,0.7651218862317247,0.9142950472976963,0.06110332941767749,0.14917316106597156,0.42508201570376664,0.4244177912801209,0.024514534520690114,0.40866670115009296,0.44212318252927296,0.38520896275215155,0.4660890346721547,0.03345648137918,0.08088007192000313,2.0027533304086145,1.9970075173249011,0.07458907655836636,1.952146698376206,2.04998862505962,1.8915348396524456,2.1296638721279946,0.09784192668341407,0.23812903247554895,0.0,1.0,-0.04394708738845232,-0.0380521062579533,0.0380521062579533,0.0014479627906665686,1.0,1.0,-0.00893155664862666,-0.00959578107227238,0.00959578107227238,9.207901438698088e-05,0.0,1.0,-0.05847936516010721,-0.06422517824382057,0.06422517824382057,0.004124873520450523,high,mid,high
45,0.3889708334867428,0.13795508935958536,2.8195468198558085,1.0,10,0.9153255883297087,mild,0.3873909761892506,0.38740426227458086,0.009607551187980212,0.3811838954951673,0.39373513400274895,0.3710460086215705,0.40271566709350864,0.012551238507581663,0.031669658471938145,0.15119363176257117,0.15092273937461773,0.0059423711084010625,0.1471122756613497,0.1549700064312599,0.1421441408742565,0.161566030263736,0.007857730769910198,0.019421889389479502,2.565241902274579,2.562883703837225,0.09736705942303352,2.498930751700768,2.6306129621977576,2.406458986564355,2.7248094792418622,0.1316822104969897,0.31835049267750737,1.0,1.0,-0.0015798572974921599,-0.0015665712121619157,0.0015665712121619157,2.454145362774454e-06,0.0,0.0,0.013238542402985803,0.012967650015032361,0.012967650015032361,0.0001681599469123688,0.0,0.0,-0.25430491758122953,-0.25666311601858327,0.25666311601858327,0.06587595512436874,low,mid,low
46,0.5732129632816306,0.297086885295682,1.9294455314347798,1.0,19,0.9233660349268542,mild,0.6046911509028825,0.6053667566405943,0.02224304568129997,0.5896946179919738,0.6189327176058639,0.5681442958884317,0.6421421907732403,0.029238099613890123,0.07399789488480857,0.3287043500792116,0.32840584777178106,0.014730987784068379,0.31876352379824785,0.3382430489779363,0.3054385613047443,0.35324432106158227,0.01947952517968843,0.047805759756837984,1.841011603306222,1.8403278039173796,0.05437753601932413,1.8040793195156652,1.8769122713737358,1.7536342463011243,1.933590955340909,0.0728329518580706,0.17995670903978467,0.0,1.0,0.031478187621251874,0.03215379335896362,0.03215379335896362,0.0010338664273709332,0.0,0.0,0.031617464783529614,0.031318962476099055,0.031318962476099055,0.0009808774105793006,0.0,1.0,-0.08843392812855777,-0.08911772751740021,0.08911772751740021,0.007941969357865591,mid,mid,mid
47,0.3640248690354113,0.172749938025899,2.1072358878695288,1.0,15,0.9275560110225934,mild,0.3622843589916274,0.36208101871985726,0.010826452186965884,0.35473351809125436,0.36986479767875313,0.34421060616138355,0.3801634628327936,0.01513127958749877,0.03595285667141007,0.1788784248998225,0.178597554482532,0.00865526112708531,0.17308818288065875,0.18441605212857395,0.16450116508795,0.1934808779608285,0.011327869247915207,0.028979712872878483,2.0283045302104243,2.026926991370863,0.07906833130014027,1.9742230800787683,2.080443540201326,1.9013491043260484,2.1598502800642376,0.10622046012255781,0.2585011757381892,1.0,1.0,-0.0017405100437838938,-0.001943850315554052,0.001943850315554052,3.778554049279588e-06,0.0,1.0,0.0061284868739235054,0.005847616456633009,0.005847616456633009,3.419461822388519e-05,0.0,1.0,-0.07893135765910442,-0.08030889649866557,0.08030889649866557,0.006449518856833379,low,mid,low
48,0.21796739364066992,0.42382327010684423,0.5142884051310377,1.0,21,0.9638965329046008,mild,0.2591882504028448,0.23554154582105424,0.11625315326712636,0.16510950515274403,0.3362825957726134,0.10958666267965379,0.4875182998070254,0.17117309061986935,0.3779316371273716,0.3499270642795159,0.3715385880706365,0.10732730946638372,0.2832145600322128,0.43656528607450923,0.1312138624090698,0.4864303475929351,0.15335072604229644,0.3552164851838653,0.7645891448670179,0.7523134048433697,0.26547351827640736,0.5711675747797843,0.9323297168438531,0.3602350516518583,1.1941049569031568,0.3611621420640688,0.8338699052512984,1.0,1.0,0.04122085676217491,0.017574152180384328,0.017574152180384328,0.0003088508248593072,1.0,1.0,-0.07389620582732831,-0.05228468203620773,0.05228468203620773,0.0027336879756273435,0.0,1.0,0.2503007397359802,0.23802499971233204,0.23802499971233204,0.05665590048805567,high,low,low
49,0.3079954720057795,0.1512845985782021,2.0358679925145875,1.0,28,0.9657348926929216,mild,0.3039134549467849,0.3038428416392569,0.011644935694187526,0.29619680599246473,0.3112792509074402,0.285012599781331,0.32400522503239093,0.015082444914975457,0.038992625251059954,0.14934018304981503,0.14869460722116373,0.009987773993289486,0.1422171320395826,0.15628347223301986,0.13415199656997173,0.1660137237538273,0.014066340193437249,0.031861727183855576,2.0414510766191274,2.038792494764096,0.11751083816470755,1.9566703821777933,2.1183534571730287,1.8535664211439027,2.2491570335969033,0.16168307499523538,0.39559061245300065,1.0,1.0,-0.00408201705899458,-0.0041526303665225806,0.0041526303665225806,1.7244338960965463e-05,1.0,1.0,-0.0019444155283870612,-0.002589991357038357,0.002589991357038357,6.7080552295333905e-06,1.0,1.0,0.005583084104539893,0.002924502249508354,0.002924502249508354,8.552713407379423e-06,low,mid,low
50,0.3895086084998789,0.35641730310792774,1.0928442730007715,1.0,11,0.9811918266447021,mild,0.38605149524880217,0.38562886625203074,0.11699614303049555,0.30182816443906507,0.47558405871527865,0.19658906381645685,0.5738359075397257,0.17375589427621357,0.37724684372326883,0.3759036092589516,0.3907547359269762,0.0808902355877385,0.3271877089206145,0.4387293108293961,0.219751269018897,0.48071233514039197,0.1115416019087816,0.26096106612149494,1.0326224989858355,1.0490083365550436,0.22908899567565116,0.8966970752061952,1.1853708555621518,0.6310599297902155,1.3748153205338463,0.2886737803559566,0.7437553907436307,1.0,1.0,-0.0034571132510767266,-0.0038797422478481502,0.0038797422478481502,1.5052399909737818e-05,1.0,1.0,0.01948630615102387,0.03433743281904844,0.03433743281904844,0.001179059292602665,1.0,1.0,-0.060221774014936,-0.04383593644572792,0.04383593644572792,0.0019215893240738973,mid,low,low
51,0.13137981120683875,0.31115114976071623,0.4222379101214102,1.0,28,0.9929036344019134,mild,0.23843179633790076,0.21843113363399402,0.10291555750904681,0.15611142197992264,0.3014140689006323,0.10664882414619113,0.4357123406686854,0.14530264692070968,0.32906351652249427,0.3478037447683652,0.3655636221564607,0.10442563769558753,0.2842673022097646,0.43256673805445733,0.14145416111291859,0.481521798583714,0.14829943584469274,0.34006763747079544,0.7115015519275014,0.702837177824233,0.249886003045341,0.5321126145061281,0.867919034202529,0.3400405564696619,1.1159877269295768,0.3358064196964009,0.7759471704599149,0.0,1.0,0.10705198513106201,0.08705132242715527,0.08705132242715527,0.007577932736316546,1.0,1.0,0.03665259500764895,0.05441247239574448,0.05441247239574448,0.0029607171522176554,0.0,1.0,0.2892636418060912,0.28059926770282284,0.28059926770282284,0.07873594903536044,mid,low,low
52,0.10205383514896565,0.07391975475424808,1.3806029996751408,1.0,14,0.9126216483032786,mild,0.22239331578701588,0.21072877277634167,0.07744597531560887,0.16379799206959195,0.27095984522591837,0.1162897116981678,0.36208175044067414,0.10716185315632643,0.24579203874250632,0.26322568063660784,0.26217501411863964,0.10326803203393495,0.18058799697010644,0.34245876927442787,0.09452071507668917,0.42861998488191394,0.16187077230432143,0.33409926980522475,0.9341561680671712,0.9036032528791655,0.32720546410294526,0.7078233374959085,1.1196150945530032,0.4546848166271583,1.5622285100534534,0.4117917570570947,1.1075436934262952,0.0,0.0,0.12033948063805022,0.10867493762737601,0.10867493762737601,0.011810242068314067,0.0,0.0,0.18930592588235975,0.18825525936439155,0.18825525936439155,0.035440042678354336,0.0,1.0,-0.4464468316079696,-0.47699974679597523,0.47699974679597523,0.2275287584434245,low,low,low
53,0.20745551514891025,0.3840615066346258,0.5401622176790334,1.0,21,0.9344201661177446,mild,0.28548220686456555,0.27044426508066904,0.11753574484707703,0.1933331253468472,0.36882232192355613,0.11920913666452643,0.49655528515265585,0.17548919657670892,0.3773461484881294,0.3515571475804986,0.36884146048827127,0.10359925493479796,0.285442072204512,0.43883337456323035,0.15068381933945282,0.48514591295499365,0.15339130235871834,0.3344620936155408,0.8312546982464533,0.8319486390497053,0.258183734198527,0.6513507299980481,0.999754075067428,0.40907636051101975,1.2521402539866069,0.34840334506937987,0.8430638934755872,1.0,1.0,0.0780266917156553,0.06298874993175879,0.06298874993175879,0.003967582617965643,1.0,1.0,-0.032504359054127185,-0.015220046146354527,0.015220046146354527,0.00023164980469716129,0.0,1.0,0.2910924805674199,0.2917864213706719,0.2917864213706719,0.0851393156963033,high,low,low
54,0.13129217289116146,0.40524895094095176,0.32397905679043165,1.0,16,0.8569225946869101,mild,0.20339844185651962,0.18591018010511945,0.08297157294343496,0.1377606677693004,0.24972586032069316,0.10512603085785568,0.37171545186732713,0.11196519255139276,0.2665894210094715,0.3133052194771983,0.3257712947927124,0.10716505311668208,0.23404474545318177,0.39957821308807373,0.11891032779770766,0.4693048776712226,0.16553346763489196,0.3503945498735149,0.6937671555124479,0.6727329229828539,0.2518105757925491,0.518808531142414,0.8299445768068274,0.33952204049414564,1.0931864727924099,0.31113604566441344,0.7536644322982642,0.0,1.0,0.07210626896535816,0.054618007213957986,0.054618007213957986,0.0029831267120239667,0.0,1.0,-0.09194373146375345,-0.07947765614823937,0.07947765614823937,0.006316697826817772,0.0,0.0,0.3697880987220163,0.34875386619242227,0.34875386619242227,0.12162925918416198,high,low,low
55,0.3566914394774898,0.3428672264856582,1.0403194354080672,1.0,13,0.896587345496753,mild,0.3056559802000115,0.29256997834083814,0.13205992940514175,0.19711182520681925,0.40160118958779173,0.11721783082930314,0.5396495187309402,0.20448936438097248,0.4224316879016371,0.36643884923583686,0.39254678787445774,0.10451068536068615,0.2975860403203224,0.45233545536842296,0.15802506192335167,0.48970589090381966,0.15474941504810058,0.331680828980468,0.8457561229287582,0.8470699322657571,0.27122184762876195,0.6587187877743407,1.0345167363878287,0.38754683915589183,1.280355302627452,0.37579794861348803,0.8928084634715601,1.0,1.0,-0.05103545927747832,-0.06412146113665168,0.06412146113665168,0.004111561778299131,1.0,1.0,0.023571622750178656,0.04967956138879953,0.04967956138879953,0.002468058819783501,0.0,1.0,-0.19456331247930891,-0.19324950314231004,0.19324950314231004,0.0373453704647497,mid,low,low
56,0.8137141094890772,0.06399496879157417,12.715282542589724,1.0,14,0.8958344330795881,mild,0.7930948812312428,0.7974332419695244,0.05311015653016202,0.7585705178922046,0.8312195193010429,0.6991264930694132,0.8726177200381882,0.07264900140883823,0.17349122696877495,0.0666949353657026,0.06628919698052561,0.004552546916639795,0.0634554023608114,0.06932730444849239,0.060256076904991754,0.07493431454746236,0.005871902087680986,0.014678237642470601,11.950610418384988,11.974184424265893,1.189652531492039,11.107326408946507,12.73026424632905,9.993567501926336,13.90254459180734,1.6229378373825423,3.908977089881004,1.0,1.0,-0.020619228257834354,-0.016280867519552822,0.016280867519552822,0.00026506664718923005,1.0,1.0,0.0026999665741284373,0.002294228188951447,0.002294228188951447,5.263482982979437e-06,1.0,1.0,-0.7646721242047363,-0.7410981183238317,0.7410981183238317,0.549226420983124,low,high,high
57,0.8081422476297532,0.46835793355720395,1.725480000929778,1.0,24,0.994569981714988,mild,0.754293649382645,0.7606017310931211,0.05245439167429696,0.7232268986500401,0.791642903498835,0.6583757606085776,0.8306145529894341,0.06841600484879495,0.1722387923808565,0.43863346074300436,0.4393394824261028,0.026924811776216015,0.42046352609466614,0.4577834507866869,0.3927676465226719,0.4817045038122491,0.03731992469202078,0.08893685728957723,1.7199453467042545,1.718283968418227,0.06756249006435933,1.6791032583390424,1.7628147564357963,1.6129972814734868,1.828470191476891,0.08371149809675393,0.2154729100034043,0.0,1.0,-0.05384859824710819,-0.04754051653663205,0.04754051653663205,0.0022601007125697854,0.0,1.0,-0.0297244728141996,-0.02901845113110113,0.02901845113110113,0.0008420705060481045,1.0,1.0,-0.005534654225523461,-0.007196032511550987,0.007196032511550987,5.178288390729881e-05,high,mid,high
58,0.49785376868516906,0.4526374543610356,1.099895211694231,1.0,29,0.9884665128210686,mild,0.3652402460452551,0.3649326553586376,0.11088699360852818,0.28595673206360683,0.4431618992127108,0.18106871350557535,0.5499932665051253,0.15720516714910399,0.3689245529995499,0.3724205559708382,0.3849748441408034,0.07918127587728378,0.3255076556548004,0.4329254546269993,0.2193429432429889,0.4786547865344902,0.10741779897219889,0.25931184329150125,0.98406766323196,1.0027199246737069,0.21169381823444727,0.8607577454531508,1.1291818179260193,0.5975552509679857,1.297922809990279,0.2684240724728686,0.7003675590222934,0.0,1.0,-0.13261352263991394,-0.13292111332653145,0.13292111332653145,0.017668022367964616,0.0,1.0,-0.08021689839019741,-0.06766261022023218,0.06766261022023218,0.0045782288218150675,1.0,1.0,-0.11582754846227106,-0.09717528702052425,0.09717528702052425,0.009443036407521269,high,low,mid
59,0.8841563192358652,0.2061563436317927,4.288766009621417,1.0,23,0.9127655483086364,mild,0.8965197342705924,0.9007717888624373,0.03713435165260877,0.8754264900302273,0.923320817868077,0.8291739428188226,0.9489529727700111,0.04789432783784964,0.1197790299511885,0.219054632583581,0.2186632048675592,0.010331031245416117,0.21190776572405987,0.22536121974355502,0.20331541173773632,0.23698360036782287,0.013453454019495159,0.033668188630086554,4.100543676557315,4.095308753410496,0.23891681610441676,3.933711395320488,4.250904690716263,3.725188331145986,4.502371824375497,0.317193295395775,0.777183493229511,1.0,1.0,0.012363415034727154,0.01661546962657201,0.01661546962657201,0.000276073830911537,0.0,1.0,0.012898288951788295,0.012506861235766498,0.012506861235766498,0.0001564215779707187,0.0,1.0,-0.1882223330641022,-0.19345725621092136,0.19345725621092136,0.03742570998065807,mid,high,high
60,0.695312474942793,0.1102009368716553,6.309496948765359,1.0,18,0.9063780925724683,mild,0.6860605798586148,0.6861549802843918,0.025325071749193462,0.6694768487075273,0.7037910718538206,0.6449767633533405,0.7274054686764317,0.03431422314629329,0.08242870532309121,0.11326620396827838,0.11299863680444586,0.005084870223087123,0.10980290811281695,0.11650975866771558,0.1053849097604527,0.12190550144929864,0.006706850554898627,0.01652059168884594,6.068072950802842,6.063669560684229,0.3325811692581011,5.833201991590211,6.284358637973281,5.53894110532951,6.628379325300848,0.45115664638307074,1.0894382199713384,1.0,1.0,-0.00925189508417823,-0.00915749465840121,0.00915749465840121,8.38597084186467e-05,1.0,1.0,0.003065267096623081,0.002797699932790554,0.002797699932790554,7.827124913936269e-06,0.0,1.0,-0.24142399796251723,-0.24582738808113014,0.24582738808113014,0.060431104730790566,low,high,mid
61,0.7760809675766361,0.06439216932993784,12.05241220559117,1.0,18,0.9333946757870133,mild,0.7533119072597981,0.7551071589990754,0.04795094090406819,0.722064910305646,0.7889398808477136,0.6705259916295017,0.8287921875051171,0.06687497054206759,0.1582661958756154,0.0640470146242747,0.06348935662737715,0.004347038264178992,0.06098284112650293,0.06657322985769788,0.057952017548639156,0.07175779060940242,0.0055903887311949535,0.013805773060763263,11.819954554241189,11.80739093803121,1.1507686058945468,10.983248259193676,12.585387153819225,10.00572927972209,13.824279834510529,1.6021388946255488,3.8185505547884393,1.0,1.0,-0.022769060316838008,-0.020973808577560704,0.020973808577560704,0.00043990064624815895,1.0,1.0,-0.00034515470566313933,-0.000902812702560693,0.000902812702560693,8.150707759049424e-07,1.0,1.0,-0.2324576513499803,-0.24502126755995945,0.24502126755995945,0.06003542155668924,low,high,high
62,0.6926493289471474,0.07033325201539932,9.84810611054204,1.0,21,0.8665343686300261,mild,0.6902460153825007,0.6910650827000364,0.03338290809110147,0.6671113670989214,0.7133373981771152,0.6354219544038877,0.7445754430250477,0.046226031078193786,0.10915348862116003,0.07495028208814554,0.07466223509786918,0.004325935327263008,0.07189710946128541,0.07759765145837814,0.06826739752972502,0.08269748822459595,0.005700541997092731,0.014430090694870931,9.241224579517661,9.22506938310034,0.7133347562263863,8.747895219751204,9.69224152938508,8.092612505294582,10.439186693297993,0.9443463096338771,2.3465741880034106,1.0,1.0,-0.0024033135646466253,-0.0015842462471109542,0.0015842462471109542,2.5098361714851425e-06,0.0,1.0,0.00461703007274622,0.004328983082469859,0.004328983082469859,1.8740094528310242e-05,0.0,1.0,-0.6068815310243796,-0.6230367274417006,0.6230367274417006,0.3881747637412639,low,high,mid
63,0.17081752345314216,0.3570562764978222,0.4784050433970849,1.0,19,0.8595905109953269,mild,0.2714210833034602,0.2564336217154408,0.11915239438710368,0.1743035976396552,0.3504896073364465,0.11197881300423979,0.4975467243175045,0.17618600969679132,0.38556791131326473,0.3563934780720199,0.38285781187829904,0.10698834422095806,0.28744475404939696,0.4445355886586244,0.14399211808667042,0.4871520861453531,0.15709083460922746,0.34315996805868265,0.782514451606934,0.7761239572788573,0.2638066479921391,0.5990971640857345,0.9507797412484855,0.360815874670049,1.2212069305311601,0.351682577162751,0.8603910558611112,0.0,1.0,0.10060355985031805,0.08561609826229866,0.08561609826229866,0.007330116281659579,1.0,1.0,-0.0006627984258023023,0.02580153538047686,0.02580153538047686,0.0006657192279899991,0.0,1.0,0.3041094082098491,0.2977189138817724,0.2977189138817724,0.08863655168294221,mid,low,low
64,0.4878692141639617,0.36443261789488635,1.3387089689778489,1.0,27,0.909799169968213,mild,0.4854472111132993,0.4922327418662,0.10853509166143219,0.4129443768294641,0.5668169323314094,0.2928911184883171,0.6497751211172405,0.15387255550194529,0.35688400262892334,0.39707099969432635,0.4085284247485499,0.06584714551593092,0.3597725003917134,0.4477469673534017,0.2743745460843232,0.48244102963147617,0.08797446696168831,0.20806648354715296,1.2242270273040288,1.2433328320946324,0.18856653938977352,1.1168646081013518,1.3443380283318518,0.8921038254101905,1.5020117311447678,0.2274734202305,0.6099079057345773,1.0,1.0,-0.002422003050662369,0.004363527702238301,0.004363527702238301,1.9040374008201068e-05,1.0,1.0,0.03263838179944001,0.044095806853663544,0.044095806853663544,0.0019444401820756009,1.0,1.0,-0.11448194167382009,-0.09537613688321644,0.09537613688321644,0.00909660748676604,high,low,mid
65,0.5531034153183075,0.3074284440404491,1.7991289551774017,1.0,10,0.8604257983282234,mild,0.5948231594763449,0.5948982617733067,0.027282976585333515,0.5764649250342424,0.6136616514091026,0.5495949117920815,0.6379449047862479,0.037196726374860156,0.08834999299416635,0.3420707129447129,0.34234920084470644,0.018969050696842873,0.3284878591275559,0.354146333252476,0.31175993346418346,0.37435798596700726,0.025658474124920116,0.0625980525028238,1.7407186587638508,1.737326919847507,0.05928891336230785,1.6987449137091017,1.7809788927754426,1.6499223531371456,1.8414928488743487,0.08223397906634089,0.19157049573720308,0.0,1.0,0.041719744158037364,0.0417948464549992,0.0417948464549992,0.0017468091901969593,0.0,0.0,0.03464226890426381,0.034920756804257325,0.034920756804257325,0.0012194592557820843,0.0,1.0,-0.05841029641355089,-0.0618020353298947,0.0618020353298947,0.0038194915709175528,mid,mid,mid
66,0.8231370173509157,0.35996250375417993,2.2867298920474224,1.0,13,0.8854204982741101,mild,0.8396191333156844,0.8452362287521002,0.04221282147819914,0.8146432907232797,0.8693876698230132,0.7625536317234854,0.9005264829462785,0.05474437909973351,0.137972851222793,0.3936139485542928,0.39254090634841543,0.02131181600331658,0.3794671120479709,0.40683341923552946,0.36016475857375535,0.4302457620192018,0.02736630718755856,0.07008100344544643,2.1348469172354396,2.1332228392109243,0.0775714909420261,2.082926439613792,2.1794212544151463,2.017707015760632,2.270012774989588,0.09649481480135425,0.25230575922895593,1.0,1.0,0.016482115964768673,0.022099211401184538,0.022099211401184538,0.0004883751445542446,0.0,0.0,0.033651444800112895,0.0325784025942355,0.0325784025942355,0.0010613523155920904,0.0,0.0,-0.15188297481198276,-0.15350705283649813,0.15350705283649813,0.023564415270547426,high,mid,high
67,0.9729409378178898,0.30622373780610534,3.1772224608986264,1.0,25,0.9426156297471734,mild,0.9617780926213844,0.9694907650046622,0.030445876497151858,0.9511566869626557,0.9817470597155811,0.903819207100036,0.992947965338779,0.03059037275292542,0.089128758238743,0.3074499111527056,0.30608150286157343,0.019766168401166736,0.29493971311511114,0.3188069276091695,0.27826512423925776,0.34166449911099106,0.023867214494058375,0.0633993748717333,3.1401744553344533,3.126008527220215,0.21812489592050363,3.006134502795193,3.2537890934826685,2.8314342226157825,3.485487961585215,0.24765459068747564,0.6540537389694325,1.0,1.0,-0.011162845196505455,-0.00345017281322757,0.00345017281322757,1.1903692441134644e-05,1.0,1.0,0.0012261733466002456,-0.00014223494453191599,0.00014223494453191599,2.0230779445997218e-08,1.0,1.0,-0.03704800556417309,-0.051213933678411205,0.051213933678411205,0.0026228670028167014,mid,high,high
68,0.8846866367444676,0.26690167527330877,3.3146537422012945,1.0,24,0.8663562544220332,mild,0.8898289321472814,0.8938571463349705,0.03794867303953773,0.8687053890528822,0.9170655797392393,0.8218983365813707,0.9427096484532351,0.04836019068635711,0.12081131187186445,0.2694133073989877,0.2683866003393942,0.013245362485761787,0.2604500362810427,0.27786258963454763,0.24888386327366038,0.2921083003321153,0.017412553353504945,0.04322443705845494,3.3086192518716433,3.3022616590400453,0.18051615200568333,3.1854712306009287,3.4238220812430793,3.029581275994408,3.6092787161237943,0.23835085064215056,0.5796974401293862,1.0,1.0,0.005142295402813857,0.009170509590502918,0.009170509590502918,8.409824614950599e-05,1.0,1.0,0.002511632125678953,0.0014849250660854407,0.0014849250660854407,2.2050024518888507e-06,1.0,1.0,-0.006034490329651199,-0.012392083161249179,0.012392083161249179,0.00015356372507531544,mid,high,high
69,0.7063770301831419,0.39352479088154085,1.7950000776336759,1.0,18,0.9518495696019152,mild,0.7180474469107269,0.7209465051228043,0.03775503781556133,0.6933318441979381,0.7453962903560707,0.652792777110724,0.773110506615384,0.05206444615813255,0.12031772950466002,0.38524289042960574,0.3846660877249134,0.021364099953665013,0.3708470889168518,0.3994558814748325,0.3511164364119076,0.4210879356877257,0.02860879255798071,0.06997149927581808,1.8651923696960737,1.864956796389945,0.06344538531186224,1.822037001520076,1.9049109518843337,1.7603395433209337,1.9718485528375258,0.08287395036425771,0.21150900951659213,1.0,1.0,0.011670416727584954,0.01456947493966243,0.01456947493966243,0.00021226960001745156,1.0,1.0,-0.00828190045193511,-0.008858703156627457,0.008858703156627457,7.847662161724127e-05,0.0,1.0,0.07019229206239785,0.06995671875626908,0.06995671875626908,0.00489394249914373,high,mid,mid
70,0.4668466330722183,0.28840455068938126,1.6187214520585826,1.0,28,0.8657938871103111,mild,0.4748066857857905,0.4753795851528772,0.025036567477337634,0.45821879782612035,0.49153607332485805,0.43263561559451325,0.5146460061839924,0.0333172754987377,0.08201039058947912,0.3005705815001686,0.3007835331913593,0.020443576525363556,0.2866072839676056,0.3137559673100625,0.26792285593694537,0.3349383483110432,0.027148683342456903,0.06701549237409782,1.5827458184381213,1.579788404289659,0.07150887829829501,1.5327130194489482,1.6298654231969172,1.4713252340521592,1.7066338552802534,0.09715240374796896,0.23530862122809415,1.0,1.0,0.007960052713572197,0.008532952080658907,0.008532952080658907,7.281127121082117e-05,1.0,1.0,0.01216603081078732,0.012378982501978053,0.012378982501978053,0.00015323920778427882,1.0,1.0,-0.0359756336204613,-0.03893304776892359,0.03893304776892359,0.0015157822085772861,mid,low,low
71,0.20051808236377655,0.09506682307147996,2.109233020367249,1.0,26,0.9075580395047673,mild,0.18125202485819486,0.1808431015397255,0.015039847158611435,0.17080023947122805,0.19114677972291255,0.15653169385617152,0.2076213517194492,0.020346540251684503,0.05108965786327768,0.08503345403628501,0.08037280109122338,0.020971115719189474,0.07038136316591655,0.09485114017657018,0.05986857454931504,0.1266477042510621,0.02446977701065363,0.06677912970174704,2.222642951154828,2.270549107548828,0.4031351691085576,1.970421050828203,2.5296054409322366,1.4810604476645066,2.7795548310661142,0.5591843901040336,1.2984943834016076,0.0,1.0,-0.01926605750558169,-0.019674980824051058,0.019674980824051058,0.00038710487042677686,0.0,1.0,-0.010033369035194944,-0.014694021980256572,0.014694021980256572,0.00021591428195626326,1.0,1.0,0.11340993078757888,0.16131608718157908,0.16131608718157908,0.026022879983574825,low,mid,low
72,0.35667434644350093,0.24678525147785718,1.4452822618352603,1.0,27,0.9501892640207328,mild,0.3770519149880729,0.3772212024187233,0.039840422765741214,0.3502578730239861,0.4027581442424478,0.3118074393661302,0.4451152483744487,0.052500271218461736,0.1333078090083185,0.2727213913979796,0.27142895975705283,0.037487737697199874,0.24760862258489474,0.29700511483721553,0.2131426849461227,0.33634298786856015,0.04939649225232079,0.12320030292243744,1.3951011078047901,1.3904031261691392,0.14072592413152965,1.2998375284978574,1.4839117477835233,1.1823452656829754,1.641530959227584,0.18407421928566592,0.4591856935446086,1.0,1.0,0.020377568544571956,0.020546855975222378,0.020546855975222378,0.00042217329046653155,0.0,1.0,0.025936139920122392,0.024643708279195653,0.024643708279195653,0.0006073123577500964,1.0,1.0,-0.05018115403047019,-0.054879135666121126,0.054879135666121126,0.003011719531460528,mid,low,low
73,0.42188585895507347,0.3349740742104266,1.259458242998382,1.0,10,0.8661913033122577,mild,0.40162471764540114,0.4028550198315184,0.08102289445747222,0.34517988804722044,0.4599639748339981,0.2687896603068273,0.5314022202811602,0.11478408678677765,0.2626125599743329,0.35558985063316995,0.3604354860303436,0.06070688629408405,0.31872700431412093,0.3991100379390998,0.24946115418364231,0.4467278761691864,0.0803830336249789,0.1972667219855441,1.136824479078292,1.1437059056980694,0.1694061044740819,1.0419542124706545,1.2403949951590014,0.8620088971434465,1.393319502768337,0.19844078268834697,0.5313106056248904,1.0,1.0,-0.020261141309672326,-0.019030839123555077,0.019030839123555077,0.00036217283774663456,1.0,1.0,0.02061577642274337,0.025461411819917013,0.025461411819917013,0.0006482834918634097,0.0,1.0,-0.12263376392009007,-0.11575233730031265,0.11575233730031265,0.01339860359048535,mid,low,low
74,0.9358930038548361,0.1758631374955666,5.321712197238773,1.0,22,0.9717314180955421,mild,0.9384788148495996,0.9465082495884513,0.03618943277497186,0.9204203731562047,0.9644977147721351,0.8686806202377615,0.982361660137738,0.044077341615930354,0.11368103989997647,0.18469184714574652,0.18427521765640725,0.009590669534919273,0.17847184758977772,0.19065428089407468,0.16963337782358187,0.2010225457221508,0.012182433304296969,0.03138916789856894,5.0949215785216735,5.0801319528458375,0.33103524999104966,4.86951030924673,5.304130827525582,4.585205027280076,5.656560198989641,0.4346205182788525,1.0713551717095644,1.0,1.0,0.0025858109947635155,0.010615245733615164,0.010615245733615164,0.00011268344198503493,0.0,1.0,0.008828709650179928,0.008412080160840663,0.008412080160840663,7.076309263240907e-05,0.0,1.0,-0.22679061871709916,-0.24158024439293513,0.24158024439293513,0.05836101448095026,low,high,high
75,0.5015255283104705,0.25790966082535405,1.944578294219398,1.0,15,0.9232293631346603,mild,0.5228897095199047,0.5227295200073054,0.017200428450072608,0.5112021239025524,0.5349725476166264,0.494534946604787,0.5510984493276404,0.023770423714074007,0.05656350272285343,0.2824165103150931,0.28192625459887843,0.012416914899652513,0.27362864573682044,0.2900070185381919,0.2630439255689214,0.30397538441636746,0.016378372801371444,0.040931458847446034,1.8531843460666437,1.8499637245793736,0.058597384356341105,1.8127929900035205,1.8903721735402503,1.7614352321019815,1.949264313099827,0.07757918353672988,0.18782908099784557,0.0,1.0,0.021364181209434174,0.021203991696834956,0.021203991696834956,0.00044960926387944576,0.0,0.0,0.02450684948973908,0.024016593773524386,0.024016593773524386,0.0005767967764824904,0.0,1.0,-0.09139394815275437,-0.09461456964002446,0.09461456964002446,0.008951916788167038,mid,mid,mid
76,0.8934899838548619,0.41864328706619125,2.134251310026603,1.0,30,0.9657528860725451,mild,0.8975459613200492,0.9053168997003789,0.04225228255739365,0.8768959016361255,0.9272349667596893,0.8195511086452142,0.9501238881078579,0.050339065123563786,0.13057277946264367,0.44358719892000725,0.44453194123931183,0.022149194096460614,0.42854114089609924,0.45919914465640727,0.4062631779700005,0.4796626357513169,0.030658003760308028,0.0733994577813164,2.0247079889357362,2.0216211162808513,0.06790385092285776,1.9784339471868408,2.067017063671839,1.92382713126738,2.1362130848743117,0.08858311648499795,0.2123859536069317,1.0,1.0,0.004055977465187266,0.011826915845516983,0.011826915845516983,0.0001398759384169407,0.0,1.0,0.024943911853816003,0.025888654173120584,0.025888654173120584,0.0006702224148954338,0.0,1.0,-0.10954332109086673,-0.11263019374575167,0.11263019374575167,0.012685560543205559,high,mid,high
77,0.8070502527410852,0.3452047412043269,2.337888668404446,1.0,10,0.8969165407638436,mild,0.8218689072992024,0.8248999655132084,0.0382280989031646,0.7970106671919676,0.8484800735363639,0.7544551795105041,0.879847424215497,0.05146940634439634,0.12539224470499288,0.36655694641057235,0.36573929465876265,0.0181503107244256,0.3541522471676605,0.37738967776291804,0.3372949754659596,0.39789624779618243,0.023237430595257513,0.06060127233022283,2.2438351159950725,2.238966668269968,0.0805411322090829,2.1884615247362,2.294759089465183,2.1131560692695732,2.382051523881733,0.10629756472898277,0.2688954546121596,1.0,1.0,0.01481865455811715,0.017849712772123216,0.017849712772123216,0.00031861224604729866,0.0,1.0,0.021352205206245423,0.020534553454435722,0.020534553454435722,0.00042166788557307806,0.0,1.0,-0.09405355240937352,-0.09892200013447816,0.09892200013447816,0.009785562110605698,mid,mid,high
78,0.963023973467558,0.36919312854119546,2.608455843348941,1.0,27,0.9284046106195184,mild,0.9406598756683618,0.9482490224658751,0.03465326141628412,0.9237173299580761,0.9653211067002849,0.8741893498856718,0.9816224628012372,0.04160377674220883,0.10743311291556545,0.37307789028413624,0.3707486000245217,0.02303803833245723,0.3574004626238475,0.38695385635402063,0.33865115932407086,0.41315605500718466,0.029553393730173128,0.0745048956831138,2.5278192444481418,2.5201037705878155,0.13448178828046867,2.4434758591280032,2.6032950654140032,2.3260458965926722,2.760965318327802,0.159819206286,0.43491942173512976,1.0,1.0,-0.022364097799196125,-0.014774951001682912,0.014774951001682912,0.0002182991771021309,1.0,1.0,0.003884761742940779,0.0015554714833262429,0.0015554714833262429,2.419491535441142e-06,0.0,1.0,-0.08063659890079933,-0.08835207276112556,0.08835207276112556,0.0078060887611872245,high,mid,high
79,0.7244515557601744,0.4365147889197625,1.6596266017766896,1.0,24,0.865659501312399,mild,0.661881193548462,0.6638226868561256,0.042744995456943144,0.632367948233558,0.6927865768699746,0.5884990591685997,0.7284080800536515,0.06041862863641656,0.13990902088505186,0.3981926419586864,0.3979595344038057,0.02530993078146679,0.3809345608525091,0.4159315461611466,0.3569502616085111,0.43954967052139005,0.034996985308637485,0.08259940891287892,1.6631885320246333,1.660282157639083,0.06123447239706005,1.6225008219589343,1.7041253684876425,1.567331772116342,1.7644153049285123,0.08162454652870821,0.19708353281217028,0.0,1.0,-0.06257036221171242,-0.06062886890404884,0.06062886890404884,0.00367585974458434,0.0,1.0,-0.03832214696107605,-0.03855525451595676,0.03855525451595676,0.0014865076507902043,1.0,1.0,0.003561930247943712,0.0006555558623932978,0.0006555558623932978,4.2975348871822035e-07,high,mid,high
80,0.1163444865615625,0.4899526564808805,0.23746067099057078,1.0,21,0.8846423053065409,mild,0.22711982221373248,0.20547889508941192,0.102518179246534,0.14072574853545086,0.2896943816781452,0.10428707287223743,0.4300155552157812,0.14896863314269435,0.3257284823435438,0.32930592106853707,0.349123798179389,0.11621350912174457,0.24657792513174787,0.4277443796195789,0.10725851832645295,0.4828360028882571,0.18116645448783103,0.3755774845618042,0.7362033346907285,0.7081195797177278,0.2801544910940442,0.5333174263791121,0.8997524062688531,0.3252871094848884,1.2390268298290272,0.36643497988974105,0.9137397203441389,0.0,1.0,0.11077533565216997,0.08913440852784942,0.08913440852784942,0.007944942783609554,0.0,0.0,-0.16064673541234342,-0.1408288583014915,0.1408288583014915,0.01983276733050157,0.0,0.0,0.49874266370015774,0.470658908727157,0.470658908727157,0.2215198083642383,high,low,low
81,0.6430970106654496,0.16018927046131448,4.014607275590014,1.0,15,0.932986015963757,mild,0.6320673116891121,0.6318568888878279,0.01783084052911483,0.6200835142635294,0.6440488751538791,0.6027860361558505,0.6620750988008373,0.02396536089034973,0.05928906264498679,0.17014693354873953,0.16988641348366576,0.006124283101001964,0.16601104533389588,0.17420209436280823,0.1606518101795021,0.18074088823657192,0.00819104902891235,0.020089078057069804,3.718751110716836,3.7165404308793786,0.14952778611463693,3.6139686985683133,3.818676849519084,3.4829934625073578,3.9689027438519533,0.20470815095077066,0.48590928134459554,1.0,1.0,-0.011029698976337432,-0.011240121777621681,0.011240121777621681,0.00012634033757576518,0.0,0.0,0.009957663087425045,0.009697143022351279,0.009697143022351279,9.403458279593609e-05,0.0,0.0,-0.2958561648731779,-0.29806684471063516,0.29806684471063516,0.0888438439157539,low,high,mid
82,0.9110327551101042,0.07584698319650557,12.011456708169737,1.0,29,0.9599626586151668,mild,0.910093597108327,0.9204356734624872,0.05344184705767611,0.8839647445877451,0.9491928878435324,0.8060542615191019,0.9754054860543193,0.0652281432557873,0.16935122453521745,0.0734919124444092,0.07304759999672561,0.004936821645059318,0.0700726948070832,0.0763870807603518,0.0663320581136478,0.08239127317629064,0.006314385953268609,0.016059215062642837,12.446873017236834,12.460636047668443,1.1950643781836139,11.632387050640189,13.260827155489208,10.507276296763912,14.37036948662624,1.6284401048490196,3.8630931898623277,1.0,1.0,-0.0009391580017771295,0.00940291835238305,0.00940291835238305,8.841487354158196e-05,1.0,1.0,-0.002355070752096372,-0.002799383199779959,0.002799383199779959,7.836546299210282e-06,1.0,1.0,0.4354163090670973,0.4491793394987056,0.4491793394987056,0.2017620790324934,low,high,high
83,0.4509485126057784,0.19875692108533954,2.2688443257387565,1.0,26,0.9095839829913331,mild,0.4650817979054823,0.4649367215162644,0.011412714304033176,0.45713614799938285,0.4724866031241096,0.44676568902015257,0.4841691740208462,0.01535045512472677,0.037403485000693626,0.20934727282520368,0.20916566750269758,0.007477237079220141,0.20415331951089355,0.21426278521157432,0.19749407667768853,0.2218500453279498,0.010109465700680775,0.024355968650261267,2.2233438027541017,2.220581311993741,0.067388823068156,2.178371510420374,2.268671284331033,2.116826723157633,2.337947769206491,0.09029977391065902,0.22112104604885818,0.0,1.0,0.014133285299703924,0.013988208910486022,0.013988208910486022,0.00019566998852340055,0.0,1.0,0.01059035173986414,0.010408746417358034,0.010408746417358034,0.0001083420019808637,0.0,1.0,-0.04550052298465479,-0.04826301374501529,0.04826301374501529,0.0023293184957515352,low,mid,low
84,0.870572643637367,0.39551691261017763,2.2011009286356495,1.0,11,0.8913428573087808,mild,0.907969515373652,0.9160856875029131,0.04483919195858086,0.8876796735587522,0.9393816319256145,0.8226980095370917,0.9624374085832772,0.05170195836686231,0.1397393990461855,0.4263672899306654,0.4268065497255764,0.025424696734530128,0.40934834715482304,0.44268242071840014,0.3845056599856934,0.46882843314877437,0.033334073563577094,0.08432277316308096,2.1323925516329463,2.126884476313932,0.08721821773783615,2.0744741683151715,2.1871713041069456,1.9962437538315505,2.2841072650203533,0.1126971357917741,0.2878635111888028,0.0,1.0,0.03739687173628503,0.04551304386554611,0.04551304386554611,0.002071437161907124,0.0,1.0,0.030850377320487787,0.03128963711539878,0.03128963711539878,0.000979041390813341,0.0,1.0,-0.06870837700270327,-0.0742164523217177,0.0742164523217177,0.005508081795221796,high,mid,high
85,0.5762864969087896,0.18638054356945627,3.091988497683674,1.0,27,0.8521318030533296,mild,0.5628703901251007,0.5630457922756018,0.013096108153385732,0.5543414241768992,0.5719572245364235,0.5408542232128372,0.5847116604244319,0.01761580035952426,0.04385743721159474,0.1935332699579959,0.1935782293612093,0.0064386027282729115,0.1888400551208515,0.19789103885589826,0.18350281026177576,0.2042816058679379,0.009050983735046758,0.020778795606162137,2.9108035447380884,2.907621500804108,0.09647017996428249,2.847175010881015,2.9744139457047476,2.755197461610688,3.0743584989966513,0.12723893482373239,0.31916103738596346,0.0,1.0,-0.013416106783688986,-0.013240704633187828,0.013240704633187828,0.0001753162591833216,0.0,1.0,0.007152726388539643,0.0071976857917530335,0.0071976857917530335,5.180668075680349e-05,0.0,0.0,-0.18118495294558556,-0.18436699687956581,0.18436699687956581,0.03399118953838983,low,high,mid
86,0.5294780196865052,0.2998598707442139,1.765751510438554,1.0,16,0.9724662897170077,mild,0.5594797519081639,0.5596444841209983,0.021107295128962183,0.5452279189167059,0.573903038068769,0.5239291041726335,0.5941814328892128,0.02867511915206311,0.07025232871657927,0.3177174211640376,0.316685777761517,0.015059955496489268,0.3070665365957791,0.32771270669362895,0.2948236440029609,0.3433398010154701,0.02064617009784986,0.04851615701250922,1.7624795293162232,1.7596105179002963,0.05421519500496029,1.7267998446712471,1.7977479418160849,1.6776562831026733,1.855566604486333,0.07094809714483774,0.1779103213836597,0.0,1.0,0.030001732221658695,0.030166464434493112,0.030166464434493112,0.0009100155764775378,0.0,1.0,0.01785755041982373,0.016825907017303132,0.016825907017303132,0.00028311114695493076,1.0,1.0,-0.003271981122330736,-0.006140992538257617,0.006140992538257617,3.771178935493573e-05,mid,mid,mid
87,0.5202888303604661,0.1777022631303949,2.9278683410952797,1.0,28,0.9707280151172046,mild,0.5183596736665054,0.518447265675049,0.011489501126495967,0.5104562569776653,0.5260025101219299,0.4995797026936664,0.5375742187059462,0.01554625314426461,0.03799451601227982,0.18053980766661779,0.18046425786074427,0.005945115874522769,0.17651644713252543,0.18425965251097995,0.17095321568968389,0.1908623713446598,0.007743205378454521,0.01990915565497592,2.8735009002393226,2.8691432951678317,0.09260629400796969,2.809572276500299,2.9356942238290973,2.723698988955769,3.030473594454237,0.12612194732879844,0.30677460549846813,1.0,1.0,-0.0019291566939607652,-0.0018415646854171852,0.0018415646854171852,3.3913604905756964e-06,1.0,1.0,0.002837544536222897,0.002761994730349382,0.002761994730349382,7.628614890477755e-06,1.0,1.0,-0.05436744085595713,-0.05872504592744798,0.05872504592744798,0.003448631019180875,low,mid,mid
88,0.6998620344194997,0.3987768232085656,1.755021841009708,1.0,22,0.9692979925224973,mild,0.7025019824165222,0.7039103693616876,0.040317871170926556,0.6760050637049678,0.7311745474404887,0.6332639709495584,0.764394108796993,0.055169483735520886,0.13113013784743455,0.39901971571829165,0.39869544626728526,0.023353397830140822,0.3827303350668106,0.414551483207364,0.3607671663923827,0.43766217932961915,0.031821148140553424,0.07689501293723644,1.761625565499923,1.7593602139176552,0.05907793349307408,1.720025992369588,1.800307143236662,1.6687421964934814,1.8594512041768454,0.08028115086707399,0.19070900768336396,1.0,1.0,0.002639947997022496,0.0040483349421879256,0.0040483349421879256,1.6389015804139713e-05,1.0,1.0,0.0002428925097260337,-8.137694128035333e-05,8.137694128035333e-05,6.6222065721460744e-09,1.0,1.0,0.006603724490215068,0.004338372907947141,0.004338372907947141,1.8821479488409733e-05,high,mid,mid
89,0.39757296361371486,0.48933179807635274,0.8124813575913978,1.0,26,0.8818967474894195,mild,0.2675332848352227,0.2485439629474243,0.12082072537815625,0.16545960482775862,0.3457281451332878,0.11071482679882501,0.5006126409728965,0.1802685403055292,0.3898978141740715,0.3557993674660515,0.38169707850526124,0.11046515411762271,0.28582581213958874,0.4481893974463782,0.13866255744167955,0.4895135689354363,0.16236358530678946,0.35085101149375675,0.7742421223542765,0.7611243720127923,0.2683490296624658,0.5755171477848128,0.9546918734775992,0.35787695073669146,1.2005594340255037,0.37917472569278643,0.8426824832888122,0.0,1.0,-0.13003967877849215,-0.14902900066629055,0.14902900066629055,0.02220964303959323,0.0,1.0,-0.13353243061030123,-0.1076347195710915,0.1076347195710915,0.011585232857147507,1.0,1.0,-0.03823923523712136,-0.051356985578605574,0.051356985578605574,0.002637539967721101,high,low,low
90,0.826788013881755,0.4816598032027603,1.7165393673794054,1.0,11,0.9081112103268314,mild,0.829147835884364,0.8428018222430496,0.05871006910854545,0.8034565970115719,0.8682617603045484,0.718936743828092,0.8952293662907462,0.06480516329297648,0.1762926224626542,0.4732519169891683,0.47938950564812055,0.023008430314141026,0.4620540939662415,0.4910416994527574,0.42781317408276454,0.4982848167661371,0.02898760548651591,0.07047164268337258,1.751110778721029,1.7578777457540902,0.07691398255676936,1.7184176109330733,1.7953870688429707,1.6234943811288247,1.856905964721968,0.0769694579098974,0.23341158359314318,1.0,1.0,0.00235982200260898,0.016013808361294513,0.016013808361294513,0.000256442058232266,1.0,1.0,-0.008407886213592008,-0.0022702975546397552,0.0022702975546397552,5.1542509866032524e-06,0.0,1.0,0.03457141134162356,0.04133837837468479,0.04133837837468479,0.0017088615266486072,high,mid,high
91,0.10645437907187422,0.33505321283106376,0.31772379728096883,1.0,18,0.9747685754138923,mild,0.2416076009907842,0.2221424853434164,0.10142454599211678,0.16263836066271453,0.3010002605299046,0.10976846357064499,0.43895174506260676,0.13836189986719005,0.32918328149196174,0.34411821906174056,0.36048507354811926,0.10178667036276273,0.2761915768212207,0.4261487727885505,0.14570481639733562,0.47973231910754893,0.14995719596732981,0.3340275027102133,0.7239612086996363,0.7135881777821872,0.2372269961527064,0.5609477488736136,0.8693347084477796,0.3551193262574427,1.1087703424699729,0.30838695957416595,0.7536510162125302,0.0,0.0,0.13515322191891,0.11568810627154219,0.11568810627154219,0.01338373793269564,1.0,1.0,0.009065006230676798,0.0254318607170555,0.0254318607170555,0.0006467795395317106,0.0,0.0,0.4062374114186675,0.39586438050121836,0.39586438050121836,0.1567086077496134,mid,low,low
92,0.3023309557531372,0.09611281839428881,3.145584125031778,1.0,16,0.9900404271161005,mild,0.3044598716538169,0.3042510362589296,0.010681957761828013,0.29716322960305297,0.3114376117709923,0.28765830259584635,0.32266494347582453,0.014274382167939303,0.03500664087997818,0.09538133405513691,0.09484116701590439,0.006549704552912677,0.09088045691131291,0.09939997696525031,0.08535698283249868,0.10695284667823714,0.008519520053937399,0.02159586384573846,3.2059500517705555,3.192660502846388,0.23354864337193426,3.052262174720364,3.350891493886523,2.8295385588356283,3.60533939103632,0.29862931916615887,0.7758008322006917,1.0,1.0,0.0021289159006797065,0.0019200805057923986,0.0019200805057923986,3.6867091487239933e-06,1.0,1.0,-0.0007314843391519055,-0.0012716513783844197,0.0012716513783844197,1.6170972281469946e-06,1.0,1.0,0.060365926738777276,0.04707637781460994,0.04707637781460994,0.0022161853481438985,low,high,low
93,0.5837482670716848,0.05212069668666211,11.199932160942666,1.0,19,0.9260608685856675,mild,0.5627202895369632,0.5611863684694764,0.03253582900019722,0.5400590421872148,0.5854684406136812,0.5106760682156772,0.6165532640995982,0.04540939842646641,0.10587719588392097,0.05764185021760589,0.05709668065492057,0.0033990819765430716,0.05520521740494445,0.059397543403523406,0.05319901622038206,0.063699076129331,0.004192325998578959,0.010500059908948936,9.796225518156797,9.772772483809888,0.8143510932000493,9.22824545948968,10.343931450501156,8.534681254461562,11.176156108843259,1.1156859910114765,2.6414748543816966,1.0,1.0,-0.02102797753472163,-0.022561898602208363,0.022561898602208363,0.0005090392685363317,0.0,0.0,0.005521153530943783,0.004975983968258463,0.004975983968258463,2.4760416452365238e-05,0.0,0.0,-1.4037066427858687,-1.427159677132778,1.427159677132778,2.036784744033735,low,high,mid
94,0.6329554610636837,0.13358610507573315,4.738183366487451,1.0,10,0.8768484832023623,mild,0.6419204208550712,0.6423256245350356,0.019280690907916426,0.6284921152814954,0.6553665756538833,0.6099167963246367,0.6734749405283567,0.026874460372387943,0.06355814420371997,0.1448375230034693,0.1447532099963239,0.005646370714215759,0.14112880209397763,0.14849043830804634,0.13562270718307087,0.15431429102942165,0.007361636214068712,0.01869158384635078,4.438131274258561,4.429880589942048,0.2062933818446357,4.299734862956249,4.571781559163433,4.109903736465712,4.800688977350271,0.2720466962071848,0.6907852408845594,1.0,1.0,0.00896495979138745,0.009370163471351889,0.009370163471351889,8.779996347985728e-05,0.0,0.0,0.011251417927736151,0.011167104920590754,0.011167104920590754,0.00012470423230748223,0.0,1.0,-0.3000520922288903,-0.3083027765454034,0.3083027765454034,0.09505060202560493,low,high,mid
95,0.7439202550998762,0.46813178063454686,1.589125724580163,1.0,19,0.9477392533059901,mild,0.7500613003152198,0.7580874322121794,0.05393949191691154,0.7174441159286529,0.7897687369957799,0.6564914429704588,0.823995763028308,0.072324621067127,0.1675043200578492,0.4475143323637693,0.4505031671883783,0.026686258664706898,0.42951326941247503,0.4675583198265681,0.4000711928028247,0.48628677184573926,0.03804505041409306,0.08621557904291455,1.6758573135610995,1.676725436340634,0.06541891082817873,1.6373767201318008,1.7180867846589343,1.5705394654253788,1.7839954434368743,0.08071006452713347,0.21345597801149552,1.0,1.0,0.006141045215343532,0.014167177112303198,0.014167177112303198,0.00020070890733136755,0.0,1.0,-0.02061744827077755,-0.017628613446168562,0.017628613446168562,0.00031076801203443503,0.0,1.0,0.08673158898093636,0.08759971176047099,0.08759971176047099,0.0076737095005175995,high,low,high
96,0.49366895263188737,0.10825757104750955,4.560133280796014,1.0,17,0.891246132540046,mild,0.49728556161749315,0.49722734074178515,0.013137552066026396,0.4882273672533822,0.5060107970779966,0.4763079850610463,0.5189703235295681,0.01778342982461434,0.04266233846852174,0.11478710500644075,0.11464933506519505,0.004717267016387604,0.11165599325437983,0.11785574653715716,0.10735030800084915,0.1227712699866552,0.006199753282777332,0.015420961985806059,4.339239178377404,4.327681668056869,0.2060093099720133,4.20216219899506,4.472687167862002,4.013566089536283,4.684521686975086,0.2705249688669422,0.6709555974388026,1.0,1.0,0.003616608985605785,0.003558388109897781,0.003558388109897781,1.2662125940661903e-05,0.0,1.0,0.006529533958931202,0.0063917640176855,0.0063917640176855,4.0854647257779084e-05,0.0,1.0,-0.22089410241861085,-0.23245161273914583,0.23245161273914583,0.05403375226502982,low,high,mid
97,0.8038909102494669,0.2568870271459724,3.1293558074175047,1.0,17,0.8752304798884093,mild,0.8195302292838046,0.8210587283328168,0.03579719627253016,0.7964221799852184,0.8448172175198788,0.7573553602853114,0.8743680408337657,0.04839503753466046,0.11701268054845437,0.27417259669589555,0.2732023551357195,0.012755148409957227,0.2652709930532318,0.28169538953399026,0.25575571437910055,0.29618527065935196,0.01642439648075844,0.04042955628025141,2.9929541591583066,2.9817618429441457,0.14616014971734043,2.8950588141727622,3.0833363752122382,2.769492183294649,3.2405119348305633,0.18827756103947602,0.47101975153591447,1.0,1.0,0.015639319034337684,0.017167818083349884,0.017167818083349884,0.0002947339777429953,0.0,1.0,0.017285569549923163,0.016315327989747108,0.016315327989747108,0.0002661899274130254,0.0,1.0,-0.1364016482591981,-0.14759396447335904,0.14759396447335904,0.02178397834896317,mid,high,high
98,0.7966156676705138,0.2867688381971291,2.777901785559101,1.0,17,0.8953523637421136,mild,0.7851602597207762,0.7862418682392567,0.03419213368870657,0.7622295760823943,0.8087307121785305,0.727875297121866,0.839911962707623,0.046501136096136264,0.11203666558575698,0.2999091979664595,0.29906223120649583,0.013962946942414664,0.2900841331238216,0.30867124913176147,0.2788586523806513,0.3237514071119307,0.018587116007939886,0.044892754731279405,2.6204965804654012,2.6173067880444485,0.1074308951621777,2.543964944879891,2.6935936576694828,2.44953653252771,2.800968206180477,0.14962871278959167,0.35143167365276673,1.0,1.0,-0.01145540794973765,-0.010373799431257158,0.010373799431257158,0.00010761571463995133,0.0,1.0,0.013140359769330368,0.012293393009366715,0.012293393009366715,0.00015112751168274642,0.0,1.0,-0.1574052050936996,-0.16059499751465234,0.16059499751465234,0.02579075322673119,mid,mid,high
99,0.5333193990589671,0.44901721715923226,1.187748216946076,1.0,13,0.8812218669510303,mild,0.4310254927077316,0.432930215011751,0.12151334225203124,0.34674827894472665,0.5249665443820577,0.2248145896641966,0.618077461682214,0.17821826543733105,0.3932628720180174,0.3955719658728003,0.4103068458926738,0.07335845083869783,0.3526594848947239,0.45301404094261777,0.2518094623173195,0.4880552997826976,0.1003545560478939,0.23624583746537814,1.0878048282895558,1.1123428604313323,0.2189884116612589,0.955253761806745,1.2393426750621646,0.6963977329636799,1.3954386530839131,0.2840889132554195,0.6990409201202332,0.0,1.0,-0.10229390635123548,-0.10038918404721608,0.10038918404721608,0.010077988273665824,1.0,1.0,-0.05344525128643196,-0.03871037126655846,0.03871037126655846,0.001498492843594795,1.0,1.0,-0.0999433886565202,-0.07540535651474367,0.07540535651474367,0.005685967791115596,high,low,mid
0,0.4480770837070597,0.31665052577402086,1.4150523913130402,1.0,14,0.8462315570641726,medium,0.4566059097754351,0.4568696190322315,0.0595275231881934,0.41588465777955386,0.4977916260254067,0.3583394755451623,0.5532069612648358,0.08190696824585286,0.1948674857196735,0.3455413242529979,0.3470343533036192,0.045862579847038315,0.3142349821068347,0.37810862341505797,0.270883826147172,0.41941961069159134,0.06387364130822326,0.14853578454441935,1.3278020139923357,1.3238535088804944,0.12361500759199613,1.2511242330709016,1.4034266523584737,1.1355651405773197,1.5280134398270935,0.15230241928757215,0.39244829924977376,1.0,1.0,0.008528826068375406,0.008792535325171824,0.008792535325171824,7.730867744439439e-05,1.0,1.0,0.02889079847897702,0.03038382752959834,0.03038382752959834,0.000923176975348378,0.0,1.0,-0.08725037732070451,-0.09119888243254581,0.09119888243254581,0.008317236156945313,mid,low,low
1,0.8656992231773614,0.3773758848611094,2.2939971998899082,1.0,25,0.7393734722972859,medium,0.8647626436397448,0.8696381795069442,0.0400256086231888,0.8396535402125359,0.8927820453156711,0.7928193234862345,0.922224870913787,0.05312850510313516,0.1294055474275525,0.3916502323505006,0.3903001842921732,0.020344697272149093,0.37789671181643913,0.40441445867793924,0.35979961315189674,0.42621529823491205,0.026517746861500102,0.06641568508301532,2.2100577190581143,2.2060270999082103,0.0826629671951603,2.1541696406671242,2.2624714114430864,2.0843160024817955,2.3521582499511937,0.10830177077596215,0.2678422474693982,1.0,1.0,-0.0009365795376166108,0.0039389563295828545,0.0039389563295828545,1.5515376966360833e-05,0.0,1.0,0.014274347489391215,0.012924299431063824,0.012924299431063824,0.00016703751578379667,0.0,1.0,-0.08393948083179392,-0.08797009998169791,0.08797009998169791,0.007738738490789927,high,mid,high
2,0.13040313045335356,0.31647758845704255,0.41204538712874444,1.0,13,0.6211076569933409,medium,0.20807137693600936,0.18454194547847674,0.0890942779548365,0.13955768839852553,0.256097748141081,0.10469586404808899,0.39166213581497433,0.11654005974255546,0.28696627176688533,0.3194558907897989,0.33254911604221404,0.10454573292150723,0.24485539454699345,0.4019977050867569,0.12898136712306654,0.46997669357474897,0.15714231053976346,0.3409953264516824,0.6860551101274034,0.6643469966916522,0.24595798371102606,0.5134446001846161,0.8273755921701885,0.3331339932021251,1.1038341885804124,0.3139309919855724,0.7707001953782873,0.0,1.0,0.0776682464826558,0.05413881502512319,0.05413881502512319,0.0029310112923245043,1.0,1.0,0.0029783023327563662,0.016071527585171497,0.016071527585171497,0.0002582939989209284,0.0,1.0,0.27400972299865894,0.25230160956290776,0.25230160956290776,0.06365610218803394,mid,low,low
3,0.5228990509942999,0.18446438505338342,2.8346883917075623,1.0,24,0.633751907469575,medium,0.5471987124871788,0.5472974545099112,0.01313214988940009,0.5386944461763354,0.5560759617089692,0.5252889841403011,0.5685057469095236,0.017381515532633784,0.04321676276922248,0.2101251122614948,0.20969177880387746,0.007160019601320047,0.20525674542777056,0.214874669733698,0.1988307062453692,0.2222947359492785,0.00961792430592745,0.023464029703909317,2.606154739290987,2.6029236944093084,0.08055445920323313,2.554440166143212,2.6595644967085548,2.482067776590486,2.7449804568665828,0.10512433056534265,0.2629126802760968,0.0,0.0,0.024299661492878877,0.02439840351561129,0.02439840351561129,0.0005952820941105933,0.0,0.0,0.025660727208111384,0.025227393750494043,0.025227393750494043,0.0006364213954424659,0.0,0.0,-0.22853365241657508,-0.23176469729825389,0.23176469729825389,0.05371487491375125,low,mid,mid
4,0.2585507973881067,0.20910862294995536,1.2364425423526606,1.0,21,0.7020113862791201,medium,0.30284552184123287,0.29684777659905237,0.08725162928693443,0.23819534121805344,0.3623761415700256,0.16699509249961902,0.45715914712423483,0.12418080035197218,0.2901640546246158,0.3165841921607485,0.3238757207663533,0.07881593320636938,0.26503539084843386,0.37381940383618906,0.17409154562107357,0.4378360704656038,0.1087840129877552,0.26374452484453026,0.9797103151581448,0.980292276304203,0.231719180187926,0.83873442418425,1.1269976317288215,0.5874570610824043,1.3568028512477908,0.28826320754457146,0.7693457901653865,1.0,1.0,0.044294724453126155,0.03829697921094566,0.03829697921094566,0.001466658616683604,0.0,1.0,0.10747556921079315,0.11476709781639793,0.11476709781639793,0.01317148674119865,0.0,1.0,-0.2567322271945158,-0.2561502660484576,0.2561502660484576,0.0656129587966956,mid,low,low
5,0.25998328631298845,0.3833953303326222,0.6781075974176181,1.0,17,0.8470428607838605,medium,0.2640191507664702,0.24776217629801567,0.11044628901404262,0.1773996947766918,0.3329329986699731,0.11343017504924818,0.4783116853663583,0.15553330389328132,0.36488151031711014,0.349591114125085,0.3639775734965003,0.0990705601241426,0.2881033885442466,0.4305191421078758,0.1563519585061193,0.48088142800836214,0.14241575356362918,0.3245294695022428,0.77130895422961,0.7681291047871448,0.24714078768108844,0.592572757708318,0.9338060559374586,0.37589533393890046,1.1713604935448145,0.3412332982291406,0.7954651596059141,1.0,1.0,0.004035864453481752,-0.01222111001497278,0.01222111001497278,0.000149355529998068,1.0,1.0,-0.03380421620753721,-0.019417756836121902,0.019417756836121902,0.00037704928054675885,1.0,1.0,0.09320135681199193,0.09002150736952674,0.09002150736952674,0.008103871789081757,high,low,low
6,0.5043321096504052,0.40230191813470506,1.2536159707832584,1.0,17,0.8420568370154368,medium,0.4125785322650293,0.41476384606135813,0.09902175613671238,0.34360491666102744,0.4830240216038669,0.24161700352520848,0.5761614563666654,0.1394191049428395,0.3345444528414569,0.3739478872585312,0.38349571644422376,0.06716739339086551,0.3335482300969105,0.42294041737741006,0.25320012313509466,0.46944506842877903,0.08939218728049958,0.21624494529368438,1.1071699704102438,1.1217159540227553,0.1891478202453899,1.0059055653414135,1.2324202867649339,0.7658684390524807,1.3775320980800023,0.22651472142352036,0.6116636590275216,0.0,1.0,-0.09175357738537593,-0.08956826358904707,0.08956826358904707,0.008022473842357014,1.0,1.0,-0.028354030876173886,-0.018806201690481306,0.018806201690481306,0.0003536732220230619,0.0,1.0,-0.14644600037301458,-0.1319000167605031,0.1319000167605031,0.017397614421421,high,low,mid
7,0.1782680912766364,0.4099814796292761,0.4348198641505331,1.0,11,0.6072109114401727,medium,0.2551788046073743,0.23748625127251133,0.11041679277784917,0.16751067191184565,0.31998776743926616,0.10995023101675647,0.47084015164229154,0.1524770955274205,0.36088992062553504,0.3428139085225753,0.36235615646498986,0.10857220520669178,0.27270722594115465,0.42813314761138044,0.12885393771393383,0.4863608081161714,0.1554259216702258,0.35750687040223755,0.7733400272935023,0.7569754582964561,0.262629736985465,0.5842273826886717,0.9439726348009941,0.37450811401018297,1.203358618608503,0.35974525211232244,0.8288505045983201,1.0,1.0,0.0769107133307379,0.05921815999587493,0.05921815999587493,0.003506790473297042,1.0,1.0,-0.0671675711067008,-0.04762532316428625,0.04762532316428625,0.0022681714065027002,0.0,1.0,0.3385201631429692,0.322155594145923,0.322155594145923,0.10378422683951265,high,low,low
8,0.8610039871024447,0.1770050362455169,4.864290900221501,1.0,22,0.7593743032507705,medium,0.872343527655692,0.8752501036443914,0.03776755171197814,0.8495359925126558,0.8990984698004559,0.8066123437324827,0.9272744938001886,0.049562477287800166,0.12066215006770586,0.1865725847984918,0.1862434500524033,0.008590185109713053,0.18055555052110195,0.19204530987780874,0.17333134993426003,0.20136350214754178,0.011489759356706791,0.028032152213281758,4.684426340735368,4.680002726943457,0.27924994089737304,4.500710338180033,4.874292949605444,4.230803559811388,5.142273625914133,0.3735826114254106,0.9114700661027451,1.0,1.0,0.011339540553247263,0.01424611654194663,0.01424611654194663,0.0002029518365267254,0.0,1.0,0.009567548552974897,0.00923841380688642,0.00923841380688642,8.534828966726963e-05,1.0,1.0,-0.17986455948613322,-0.18428817327804392,0.18428817327804392,0.03396213081015834,low,high,high
9,0.5472010893876081,0.102793267143065,5.323316444704767,1.0,11,0.7931012780910176,medium,0.5451283444500644,0.5451486787013009,0.014912333926392175,0.534956488653777,0.5546685636647132,0.5210457063263199,0.5710184048048756,0.019712075010936192,0.04997269847855579,0.12420201132383037,0.12407211608759136,0.004869800361752882,0.12092563162443798,0.12722909218605974,0.11643473217374661,0.13256316919203906,0.00630346056162176,0.016128437018292446,4.395327801327608,4.3858048077584435,0.20088416095911257,4.2588547841371565,4.517646924158819,4.075553376086451,4.74477251766379,0.2587921400216624,0.6692191415773392,1.0,1.0,-0.0020727449375437246,-0.0020524106863072378,0.0020524106863072378,4.2123896252681465e-06,0.0,0.0,0.02140874418076537,0.021278848944526363,0.021278848944526363,0.0004527894124039707,0.0,0.0,-0.9279886433771596,-0.9375116369463239,0.9375116369463239,0.8789280694097759,low,high,mid
10,0.2517689382898641,0.4954444867079704,0.5081678069782702,1.0,16,0.8047837700066017,medium,0.2425117748421735,0.22132257762175245,0.1009557224429641,0.16083601896144606,0.30988596489892445,0.11182613514137348,0.43557296161077014,0.1490499459374784,0.3237468264693967,0.33199987957999266,0.34557282766027886,0.10452052368787018,0.26162796089926477,0.4154129148671951,0.13070197051535257,0.47771770096116467,0.15378495396793035,0.34701573044581213,0.7599513726563798,0.754207888665398,0.24980351031027234,0.5787430343294747,0.9228166101244638,0.3736529647452784,1.168805477734743,0.3440735757949891,0.7951525129894645,1.0,1.0,-0.009257163447690564,-0.030446360668111627,0.030446360668111627,0.0009269808779327346,0.0,0.0,-0.16344460712797776,-0.14987165904769156,0.14987165904769156,0.022461514185707507,0.0,1.0,0.25178356567810956,0.24604008168712777,0.24604008168712777,0.0605357217966085,high,low,low
11,0.17114771024641995,0.23212940214148786,0.7372944084959204,1.0,29,0.79728561404518,medium,0.26220777878005597,0.24486813332038826,0.1121860742059328,0.16901718104320007,0.33752575041954525,0.11382975087231582,0.47125246768160767,0.16850856937634517,0.35742271680929183,0.3456130734280322,0.36679899352028567,0.10711056877875724,0.27019035495711263,0.43425070306357044,0.14129364059480826,0.48399206844062626,0.1640603481064578,0.342698427845818,0.7834833244588185,0.7791182580895628,0.2605790189653391,0.5981764814532518,0.9531544389571462,0.36847931866194084,1.2056575358107149,0.3549779575038945,0.837178217148774,1.0,1.0,0.09106006853363602,0.07372042307396831,0.07372042307396831,0.00543470077820488,0.0,1.0,0.11348367128654435,0.1346695913787978,0.1346695913787978,0.018135898842132372,1.0,1.0,0.04618891596289809,0.04182384959364238,0.04182384959364238,0.00174923439483162,mid,low,low
12,0.7301643093696458,0.2958090606622248,2.468363571200403,1.0,15,0.6951459394042188,medium,0.7800572640090074,0.7814423333766732,0.03405711536174173,0.7573564624898563,0.8039937442758461,0.7217474344075587,0.8348018592178117,0.046637281785989804,0.11305442481025296,0.34467300382166843,0.3437603564793429,0.015465981949398688,0.333673315216803,0.3549691033891371,0.3207385675152309,0.3705688963361046,0.02129578817233413,0.04983032882087374,2.264601848220111,2.2614053243557426,0.07797816889634859,2.2108777814548324,2.3134027537281168,2.1463631516972708,2.4005525310835716,0.10252497227328439,0.2541893793863008,0.0,1.0,0.04989295463936161,0.05127802400702741,0.05127802400702741,0.0026294357460652797,0.0,0.0,0.048863943159443646,0.0479512958171181,0.0479512958171181,0.002299326770540768,0.0,0.0,-0.20376172298029216,-0.20695824684466047,0.20695824684466047,0.042831715937015416,mid,mid,high
13,0.9071248050539563,0.25506527841057447,3.556441749761691,1.0,23,0.849584953652039,medium,0.8988718963901774,0.903281307808913,0.03803098370915302,0.8768854020025988,0.9261722459808517,0.8295457291474525,0.9522842620984135,0.04928684397825289,0.12273853295096104,0.2529524833955005,0.2520341290292889,0.013083322577350877,0.24396230225997426,0.26062496841656235,0.23339371732697145,0.2756689229290927,0.016662666156588096,0.042275205602121224,3.5607411885381026,3.549315786957224,0.20428070768054454,3.422021368108639,3.6905701201600007,3.24357311743453,3.9129751787943112,0.26854875205136164,0.6694020613597811,1.0,1.0,-0.008252908663778924,-0.0038434972450432925,0.0038434972450432925,1.477247107265538e-05,1.0,1.0,-0.0021127950150739427,-0.0030311493812855694,0.0030311493812855694,9.18786657166789e-06,1.0,1.0,0.0042994387764117015,-0.00712596280446709,0.00712596280446709,5.077934589064847e-05,mid,high,high
14,0.9132984579736263,0.293768519384819,3.1089051334913815,1.0,14,0.6399134608854216,medium,0.980791811666642,0.9882798684191461,0.024414743211077658,0.9760539335196416,0.9953400393595204,0.9360562113368931,0.9988838657843921,0.019286105839878775,0.06282765444749905,0.3371254497723737,0.336728100257806,0.026721052287344157,0.32366732703682377,0.3512344488404391,0.3026557629324374,0.3778913327545134,0.027567121803615313,0.07523556982207602,2.9353129235487887,2.8999576252343964,0.4169801143792532,2.7942078859097452,3.0160666643469467,2.623182407674009,3.255789764393987,0.22185877843720148,0.6326073567199777,0.0,0.0,0.06749335369301568,0.07498141044551976,0.07498141044551976,0.0056222119123995,0.0,0.0,0.04335693038755467,0.04295958087298696,0.04295958087298696,0.0018455255887827068,0.0,1.0,-0.17359220994259283,-0.20894750825698516,0.20894750825698516,0.04365906120680288,mid,high,high
15,0.8114977892239558,0.21885782867888204,3.70787645167869,1.0,12,0.7889795405711093,medium,0.8632429146079428,0.8667854903018164,0.036126716378059275,0.8408763834639689,0.8892069021614144,0.7992259467043655,0.9170343378491111,0.048330518697445535,0.11780839114474562,0.2599387505852533,0.25949184275156856,0.011196636929864062,0.2519838600828581,0.2671067128015616,0.24250921851533797,0.2796506046666118,0.015122852718703506,0.037141386151273825,3.3250685017621286,3.314931410956256,0.1637497429768961,3.2102523981241453,3.4358677963409168,3.071134532645907,3.6022249567405775,0.22561539821677146,0.5310904240946703,0.0,1.0,0.05174512538398701,0.05528770107786063,0.05528770107786063,0.0030567298904748716,0.0,0.0,0.04108092190637125,0.04063401407268652,0.04063401407268652,0.001651123099659286,0.0,0.0,-0.38280794991656153,-0.39294504072243397,0.39294504072243397,0.1544058050283553,mid,high,high
16,0.414987696622405,0.05626286701329477,7.3758718432237815,1.0,26,0.790625640934798,medium,0.4073645954315881,0.4068747246089618,0.01579544899649448,0.396440520910472,0.41812866486502087,0.3822791208141806,0.43366070509496,0.021688143954548877,0.051381584280779435,0.06614740005588295,0.06563356740961554,0.0041298759364817575,0.0633698447191453,0.06849035696250022,0.060242620004404515,0.07405062680043174,0.005120512243354927,0.013808006796027228,6.181528712428477,6.170304109145683,0.4449649487578664,5.8799716635559385,6.484146245638335,5.4472416359541,6.918225817170098,0.6041745820823969,1.4709841812159983,1.0,1.0,-0.007623101190816883,-0.008112972013443187,0.008112972013443187,6.582031489091241e-05,0.0,0.0,0.009884533042588177,0.00937070039632077,0.00937070039632077,8.781002591760625e-05,0.0,0.0,-1.1943431307953043,-1.2055677340780981,1.2055677340780981,1.4533935614502,low,high,low
17,0.8659768380352417,0.4189683110996103,2.066926817836002,1.0,18,0.7053325225235623,medium,0.8617197830167838,0.869466978756842,0.046914960653763306,0.8392313322563153,0.8934771834201573,0.7695984236670605,0.9219720090145466,0.05424585116384195,0.15237358534748602,0.43894666583738606,0.44044924209191627,0.02476838178922027,0.42254186771185526,0.45637676495722274,0.39469059221770875,0.4770787686976201,0.03383489724536748,0.08238817647991137,1.9645407233871124,1.9606920007133999,0.07037887241410756,1.9172779215889522,2.0082978406761747,1.8623072270451284,2.087178841000491,0.09101991908722251,0.22487161395536237,1.0,1.0,-0.004257055018457967,0.0034901407216002545,0.0034901407216002545,1.2181082256572345e-05,0.0,1.0,0.01997835473777576,0.02148093099230597,0.02148093099230597,0.0004614303962962111,0.0,1.0,-0.10238609444888969,-0.10623481712260219,0.10623481712260219,0.011285836369072731,high,mid,high
18,0.3719741214156488,0.19954984105573564,1.8640662375258612,1.0,28,0.6804570107786225,medium,0.40276216988998376,0.4022025419865817,0.0130147714005165,0.394176651707026,0.4113246523298482,0.38124470981364367,0.42458944885189204,0.017148000622822235,0.04334473903824837,0.21885187802194042,0.21833502613037997,0.010931531840651189,0.21128064814810868,0.22580114868890183,0.20175356315810175,0.23795462364404182,0.014520500540793152,0.03620106048594007,1.8429532750099586,1.8420086473866482,0.0689220358036521,1.7969823311429773,1.8897313732476757,1.7302562849106617,1.9545162811947296,0.09274904210469836,0.2242599962840679,0.0,0.0,0.030788048474334972,0.03022842057093289,0.03022842057093289,0.0009137574102131988,0.0,0.0,0.019302036966204777,0.01878518507464433,0.01878518507464433,0.00035288317828864005,1.0,1.0,-0.021112962515902556,-0.022057590139213046,0.022057590139213046,0.0004865372827495086,low,mid,low
19,0.5965005318337268,0.19855388725543704,3.0042248987366156,1.0,14,0.8485095367016774,medium,0.6177027158613019,0.6173140822694363,0.016118557328139237,0.6070327483494282,0.628615114681428,0.591198901419725,0.6445779021411929,0.021582366331999836,0.05337900072146795,0.22606155757171514,0.22583713055388585,0.007838475025906755,0.2205513055510585,0.23124801147516916,0.2138314432425944,0.2391770868768712,0.01069670592411065,0.0253456436342768,2.734609301431071,2.7316677485530523,0.08927368186650174,2.671099066279542,2.794519162536049,2.596772545333194,2.881858812950678,0.12342009625650663,0.28508626761748435,0.0,1.0,0.02120218402757512,0.020813550435709538,0.020813550435709538,0.0004332038817398247,0.0,0.0,0.0275076703162781,0.027283243298448806,0.027283243298448806,0.0007443753648823517,0.0,0.0,-0.2696155973055445,-0.2725571501835633,0.2725571501835633,0.07428740011618548,low,high,mid
20,0.8261474130228024,0.4036134749498376,2.0468776795063115,1.0,22,0.6354415133676239,medium,0.8573886295132045,0.8631761363402946,0.04376046384774934,0.834199810836326,0.8878445301202295,0.7748764946673363,0.9165417236501278,0.053644719283903464,0.14166522898279144,0.43164476836690996,0.4313906518731373,0.022990800878645367,0.41605253303011275,0.44750850791402713,0.3937852966384529,0.47011978011401945,0.031455974883914384,0.07633448347556654,1.9876235943773568,1.9844222245013814,0.06751447827825315,1.9412006940698436,2.031093004820746,1.8836515337114288,2.101944475808687,0.0898923107509022,0.21829294209725836,0.0,1.0,0.031241216490402124,0.037028723317492185,0.037028723317492185,0.0013711263505233895,0.0,1.0,0.028031293417072334,0.027777176923299673,0.027777176923299673,0.0007715715578282919,0.0,1.0,-0.05925408512895469,-0.062455455004930105,0.062455455004930105,0.003900683859872849,high,mid,high
21,0.9477736778764508,0.1074628085345575,8.819550603608775,1.0,30,0.6069023060298527,medium,0.9260640095014006,0.9358854732637341,0.04301520068014842,0.9051455618978447,0.9565031342186207,0.8510487934921548,0.974882268213783,0.05135757232077598,0.1238334747216282,0.11194442558408332,0.1115583741283878,0.0061415547236763676,0.10769004959927109,0.1160849719228776,0.10256222886288442,0.12224709453333162,0.008394922323606516,0.019684865670447194,8.29882719849194,8.272162264940032,0.6183684605883242,7.895827988543631,8.708152111841795,7.314774266052602,9.292512708737119,0.812324123298164,1.977738442684517,1.0,1.0,-0.021709668375050284,-0.01188820461271678,0.01188820461271678,0.00014132940891382052,0.0,1.0,0.004481617049525821,0.0040955655938303,0.0040955655938303,1.6773657533366537e-05,0.0,1.0,-0.5207234051168346,-0.5473883386687426,0.5473883386687426,0.29963399331052604,low,high,high
22,0.8016883048501701,0.4848073381357573,1.6536224635809424,1.0,30,0.8475364004462514,medium,0.8001402379322167,0.812671758317985,0.05856625775936318,0.7700872670721622,0.842085071584229,0.6900062704655179,0.8726855614842638,0.07199780451206672,0.18267929101874592,0.4623181811777737,0.4671445564305158,0.02571196105118644,0.44785581565721755,0.4814916528738925,0.41272371455527324,0.49484978715613714,0.03363583721667496,0.08212607260086391,1.7301622969764399,1.7337583139824626,0.07446928565698187,1.691005829795365,1.7754913156530068,1.6052695008506626,1.8421039211057373,0.08448548585764182,0.23683442025507473,1.0,1.0,-0.0015480669179533946,0.01098345346781493,0.01098345346781493,0.00012063625007965581,0.0,1.0,-0.022489156957983647,-0.017662781705241548,0.017662781705241548,0.0003119738575670155,0.0,1.0,0.07653983339549741,0.08013585040152016,0.08013585040152016,0.006421754519574819,high,mid,high
23,0.554491909448532,0.06803157775035758,8.150507863910558,1.0,21,0.7052808878463666,medium,0.5596682399625463,0.5594773871404266,0.02065416357982457,0.5460013239873966,0.5733791795031755,0.526123551742773,0.5932824892692775,0.02737785551577887,0.06715893752650448,0.0809159788307852,0.0806661086869333,0.004299829786909299,0.07786966374456002,0.0837029173623193,0.0744072033557359,0.08852403603953804,0.005833253617759285,0.014116832683802136,6.936807012411468,6.914852660434021,0.45985595150079894,6.6080472329272,7.258909395462915,6.189285769029391,7.711432272599693,0.6508621625357147,1.5221465035703021,1.0,1.0,0.005176330514014338,0.004985477691894613,0.004985477691894613,2.4854987816378838e-05,0.0,0.0,0.012884401080427627,0.012634530936575725,0.012634530936575725,0.00015963137198728907,0.0,0.0,-1.2137008514990901,-1.2356552034765373,1.2356552034765373,1.526843781878643,low,high,mid
24,0.9698012809137599,0.49891715262890207,1.943812265831447,1.0,22,0.8487026509768092,medium,0.9292550059474853,0.9383913163170136,0.03921309698666709,0.9154042197752416,0.954229621220077,0.8501179399134668,0.973246729220419,0.03882540144483548,0.12312878930695215,0.47968555431265214,0.48435534454231843,0.017798550788128947,0.4712765538027702,0.4930566953287907,0.44319112605486977,0.4988430816403302,0.02178014152602048,0.05565195558546043,1.9375509260648587,1.9358781145137829,0.05492300888719204,1.9052853392920952,1.9691126686469467,1.8555800596119807,2.0250652003251757,0.06382732935485147,0.16948514071319498,0.0,1.0,-0.04054627496627461,-0.03140996459674639,0.03140996459674639,0.0009865858759688614,0.0,0.0,-0.01923159831624993,-0.014561808086583639,0.014561808086583639,0.00021204625475049264,1.0,1.0,-0.00626133976658827,-0.007934151317664062,0.007934151317664062,6.295075713159037e-05,high,mid,high
25,0.5297603414384228,0.47162999636431946,1.1232541304035282,1.0,24,0.7160135503640697,medium,0.33943724424025495,0.3360586616743576,0.11284201859750759,0.259214654912451,0.41759569021654463,0.1605296060308957,0.5353972452264466,0.15838103530409364,0.3748676391955509,0.36163145116028955,0.3759900086314494,0.08427763706787707,0.30922461439490034,0.4244373679874327,0.202272061288228,0.47685713634685084,0.11521275359253236,0.27458507505862284,0.9486456271981752,0.964782358286467,0.23794762539412884,0.8079794695384279,1.11011768236658,0.5096403081880589,1.3003368034862877,0.302138212828152,0.7906964952982287,0.0,1.0,-0.1903230971981678,-0.19370167976406516,0.19370167976406516,0.03752034074342045,0.0,1.0,-0.10999854520402991,-0.09563998773287008,0.09563998773287008,0.009147007253543539,0.0,1.0,-0.17460850320535293,-0.1584717721170612,0.1584717721170612,0.02511330255792178,high,low,mid
26,0.36904588156670104,0.3930157913074754,0.9390103139086808,1.0,27,0.615643813340736,medium,0.2478673629448097,0.2331617724623175,0.09938747303333093,0.16761974641815972,0.3123118104786474,0.11361852307252364,0.437149963363181,0.1446920640604877,0.3235314402906574,0.3317425326585935,0.34545535859214593,0.09983328705723683,0.26720860459680695,0.4105747976250923,0.14422162238154257,0.4688602457325706,0.14336619302828535,0.32463862335102806,0.7713414883413118,0.7695805453774452,0.2399616224052806,0.6114604288132011,0.9211616950064891,0.3805000839456016,1.1499090998052572,0.3097012661932881,0.7694090158596556,0.0,1.0,-0.12117851862189133,-0.13588410910438353,0.13588410910438353,0.01846449110709201,1.0,1.0,-0.06127325864888189,-0.04756043271532945,0.04756043271532945,0.0022619947600693796,0.0,1.0,-0.16766882556736906,-0.1694297685312356,0.1694297685312356,0.02870644646454807,high,low,low
27,0.3180263022640479,0.05556132064187366,5.7238794648874505,1.0,18,0.8060889272938072,medium,0.32135000894918553,0.3210220180648703,0.013557434501130828,0.3117353944746674,0.33050717479648,0.3000127458155207,0.343752986266541,0.018771780321812592,0.04374024045102032,0.06535382890691037,0.06477047781877579,0.005283742047008184,0.06154790773563598,0.06830607234525364,0.05801698219080843,0.07494542565536301,0.006758164609617659,0.016928443464554577,4.949333762480183,4.941567216623305,0.4568324251629373,4.632760549262942,5.249691829445181,4.224507181121158,5.727364291920664,0.6169312801822393,1.5028571107995061,1.0,1.0,0.0033237066851376507,0.0029957158008224183,0.0029957158008224183,8.974313159297102e-06,0.0,0.0,0.009792508265036706,0.009209157176902127,0.009209157176902127,8.480857590888797e-05,0.0,1.0,-0.7745457024072673,-0.7823122482641454,0.7823122482641454,0.6120124537841019,low,high,low
28,0.6324651337119632,0.17782424566556188,3.5566867237072657,1.0,12,0.6811191390677831,medium,0.6513341695277439,0.6511226549985517,0.01867588921523764,0.6380059998301612,0.6636764689020752,0.6212550802458852,0.6823550683986078,0.02567046907191406,0.06109998815272266,0.22404748285405768,0.2239072114109173,0.007947788623293851,0.21877458902487262,0.22914528361400255,0.21145967006116798,0.23736286196458956,0.010370694589129925,0.02590319190342158,2.9094943139642044,2.903935173826034,0.10087945250330041,2.8391500405933154,2.974910937146581,2.7528282854841466,3.0879789867532716,0.13576089655326573,0.33515070126912505,0.0,1.0,0.0188690358157807,0.018657521286588485,0.018657521286588485,0.00034810310055950245,0.0,0.0,0.0462232371884958,0.04608296574535542,0.04608296574535542,0.002123639731887601,0.0,0.0,-0.6471924097430612,-0.6527515498812315,0.6527515498812315,0.4260845858723499,low,high,mid
29,0.9382964795291376,0.1863803149001111,5.03431105389005,1.0,13,0.7625677962512001,medium,0.9600863103036591,0.9687489780173447,0.03192081537034061,0.9466616169168235,0.9819897004761838,0.8959842432701267,0.9923025241039236,0.035328083559360346,0.0963182808337969,0.21289912867730407,0.21240797149028837,0.012035513782030528,0.20479561319572998,0.22046459309375815,0.19434020126015114,0.23232843739116546,0.01566897989802818,0.03798823613101432,4.523955862955792,4.5108171674983275,0.2991025905032465,4.3218541367048005,4.7072835574011025,4.0643682351318065,5.021291370662233,0.38542942069630204,0.9569231355304266,0.0,1.0,0.021789830774521457,0.03045249848820708,0.03045249848820708,0.0009273546641742545,0.0,0.0,0.02651881377719298,0.02602765659017728,0.02602765659017728,0.0006774389075761987,0.0,0.0,-0.5103551909342583,-0.5234938863917229,0.5234938863917229,0.2740458490895101,low,high,high
30,0.578598570959476,0.30448575023853897,1.9002484369340524,1.0,25,0.8083472709601183,medium,0.5862002894222132,0.5862715874450175,0.021315583403843173,0.5706066771068645,0.6009024925665372,0.5516898404603774,0.6209480538200539,0.030295815459672637,0.06925821335967652,0.3225392655535185,0.3217991623458918,0.014690372318712635,0.3125665988270549,0.33175089719916145,0.2995532676663491,0.347946699099411,0.019184298372106556,0.048393431433061906,1.818900087702699,1.8178680886998897,0.05319617305109276,1.7815990710131437,1.854981274579734,1.733691141184743,1.9087478266311217,0.07338220356659031,0.17505668544637865,1.0,1.0,0.0076017184627372725,0.007673016485541528,0.007673016485541528,5.887518198739207e-05,0.0,1.0,0.018053515314979507,0.01731341210735282,0.01731341210735282,0.0002997542387990313,0.0,1.0,-0.08134834923135337,-0.08238034823416274,0.08238034823416274,0.00678652177518192,mid,mid,mid
31,0.6804511002252784,0.0697084452236049,9.761386845490305,1.0,18,0.6983260362597252,medium,0.6664155097524507,0.6667172754349318,0.027865287261573037,0.647969039369611,0.6850570808107711,0.6205266584688174,0.7111158911634126,0.03708804144116007,0.09058923269459518,0.08421763723712684,0.08406834836125562,0.004295207784898801,0.0811926278476027,0.08685131250637287,0.07758433771976754,0.09185646736937508,0.0056586846587701745,0.014272129649607543,7.933625397973252,7.916902801286442,0.5252238644137658,7.5741253436917155,8.270819615648806,7.115686497038319,8.817687464524793,0.6966942719570905,1.702000967486474,1.0,1.0,-0.014035590472827764,-0.013733824790346683,0.013733824790346683,0.0001886179433719411,0.0,0.0,0.014509192013521938,0.014359903137650717,0.014359903137650717,0.00020620681812271092,0.0,0.0,-1.8277614475170534,-1.8444840442038632,1.8444840442038632,3.4021213893226387,low,high,mid
32,0.5305852080188661,0.40486246179554475,1.3105319907055528,1.0,13,0.8396397338390982,medium,0.45709190621927054,0.46296837816726455,0.10529431086290154,0.38818345755656625,0.5353040110153167,0.26975154922046474,0.6191355242736858,0.1471205534587504,0.34938397505322105,0.39551066759447345,0.4049299269516627,0.06192976498227966,0.3615712478341558,0.44119314504897184,0.2794114207662243,0.4789346987938644,0.07962189721481605,0.19952327802764008,1.1542323387363822,1.177818311767449,0.18569366173025373,1.0529812775084761,1.2780900420489152,0.8086172139653646,1.4076237925901676,0.22510876454043904,0.599006578624803,1.0,1.0,-0.07349330179959557,-0.06761682985160156,0.06761682985160156,0.004572035679180435,1.0,1.0,-0.009351794201071295,6.746515611794068e-05,6.746515611794068e-05,4.551547290018109e-09,0.0,1.0,-0.15629965196917062,-0.13271367893810382,0.13271367893810382,0.0176129205772861,high,low,mid
33,0.9390419293437126,0.3022214396104524,3.107132076910521,1.0,25,0.7189949011943162,medium,0.953861669465894,0.9621507269419816,0.032653505046447796,0.9400447527603407,0.9769521396100213,0.8920268917401231,0.9885683178574012,0.036907386849680535,0.09654142611727812,0.3081477634955429,0.3068566512254224,0.01709252324997159,0.29663434689656926,0.31794695184965505,0.28262768755021117,0.3391406247867266,0.02131260495308579,0.056512937236515404,3.103127818599992,3.090359950578982,0.17478218049404887,2.991584060230409,3.2105027667948733,2.8389494028657505,3.4043855963698872,0.21891870656446422,0.5654361935041368,0.0,1.0,0.014819740122181457,0.023108797598269004,0.023108797598269004,0.0005340165264377633,1.0,1.0,0.005926323885090512,0.004635211614969992,0.004635211614969992,2.148518671555272e-05,1.0,1.0,-0.004004258310529085,-0.016772126331539017,0.016772126331539017,0.0002813042216811044,mid,high,high
34,0.6270636539631633,0.4343076723695009,1.4438235699176625,1.0,24,0.6625667789677792,medium,0.566124863659856,0.5718379014696054,0.08275646037911877,0.5132400125468979,0.6284760711165636,0.4189574439283076,0.6853870898654337,0.11523605856966568,0.26642964593712615,0.42443166423382933,0.43000609947226254,0.04185923512386993,0.3973572936723323,0.45608332482791525,0.3483667474886799,0.48260306001421305,0.05872603115558295,0.13423631252553314,1.3310424099738278,1.3433762186627,0.120902592863492,1.2700185012770964,1.411407580837107,1.1206505581505464,1.4942285233331094,0.14138907956001057,0.37357796518256303,1.0,1.0,-0.06093879030330729,-0.05522575249355788,0.05522575249355788,0.003049883738479714,1.0,1.0,-0.009876008135671577,-0.0043015728972383704,0.0043015728972383704,1.8503529390255708e-05,0.0,1.0,-0.11278115994383464,-0.1004473512549624,0.1004473512549624,0.010089670374137797,high,low,mid
35,0.6830652503663882,0.08764931003394032,7.793161749954288,1.0,19,0.6568395572440708,medium,0.6933317138842815,0.694196854469133,0.025926905758083357,0.6757577883915494,0.7107701386247034,0.6502904088172431,0.7349186615283315,0.035012350233153966,0.08462825271108843,0.10501979530617375,0.10487662682680242,0.00472479761699895,0.10164955768633739,0.10802613947346053,0.0976201789740014,0.11306704150198368,0.006376581787123137,0.015446862527982289,6.614791972553803,6.594411110262199,0.3797614560041449,6.352253880698461,6.870159854203858,6.016997931053365,7.275597598780121,0.517905973505397,1.258599667726756,1.0,1.0,0.010266463517893287,0.01113160410274483,0.01113160410274483,0.00012391260990024552,0.0,0.0,0.017370485272233435,0.017227316792862102,0.017227316792862102,0.00029678044388162857,0.0,0.0,-1.1783697774004844,-1.1987506396920882,1.1987506396920882,1.4370030961621907,low,high,mid
36,0.21339016411921197,0.224053806259968,0.9524058871448803,1.0,16,0.7085845818354559,medium,0.3224231378955754,0.31027224799655606,0.13896838025637773,0.2043940254283781,0.4296401489031082,0.11815662232106326,0.5592798789375292,0.2252461234747301,0.4411232566164659,0.37900632891983116,0.4080890073187171,0.1019644984084198,0.3208140206557342,0.459731480335381,0.16550592736057934,0.49245459333709074,0.1389174596796468,0.3269486659765114,0.8555407407039233,0.8699368076761209,0.2692583397117439,0.6653365505515499,1.0509052296826171,0.3938085608282544,1.2652393884538522,0.3855686791310672,0.8714308276255978,1.0,1.0,0.10903297377636345,0.0968820838773441,0.0968820838773441,0.009386138176416736,0.0,1.0,0.15495252265986315,0.1840352010587491,0.1840352010587491,0.033868955228734204,1.0,1.0,-0.096865146440957,-0.08246907946875937,0.08246907946875937,0.0068011490684245475,mid,low,low
37,0.6524115054225231,0.07414747152347503,8.79883685873186,1.0,25,0.6800534303844652,medium,0.6445232229452034,0.6440711458787127,0.02643423184507287,0.6268125133497253,0.6631263803849825,0.6013424170432435,0.6880687026151283,0.036313867035257186,0.08672628557188478,0.08382690246425274,0.08365530819680828,0.004263022365919835,0.08085572438238363,0.08653827244930076,0.07704724670690306,0.09106994048817289,0.005682548066917134,0.01402269378126983,7.708626270444743,7.681460575049062,0.5059907096000217,7.362240890000351,8.040141706653383,6.925460597724594,8.597593750024544,0.6779008166530325,1.6721331522999492,1.0,1.0,-0.007888282477319764,-0.008340359543810405,0.008340359543810405,6.95615973200293e-05,0.0,0.0,0.009679430940777708,0.009507836673333242,0.009507836673333242,9.039895820678053e-05,0.0,0.0,-1.0902105882871176,-1.1173762836827983,1.1173762836827983,1.2485297593367812,low,high,mid
38,0.8021185332490429,0.32716583600565746,2.451718501668898,1.0,28,0.7184400200486711,medium,0.831272698157537,0.8346436488440425,0.036793489477131264,0.8078082358531057,0.8562709024157313,0.7659404598291614,0.8856819664505409,0.048462666562625656,0.1197415066213795,0.34828286038554224,0.34761493469880744,0.01668033019452624,0.33674809106319586,0.3581236624908434,0.32335280801277605,0.37678792727441357,0.02137557142764751,0.05343511926163752,2.3887676705020398,2.3879142575019263,0.08923006451991475,2.3240852230328106,2.446891086527264,2.2489838679542493,2.541969297255556,0.12280586349445333,0.2929854293013068,0.0,1.0,0.029154164908494096,0.0325251155949996,0.0325251155949996,0.001057883144468086,0.0,1.0,0.021117024379884775,0.02044909869314998,0.02044909869314998,0.0004181656373621883,0.0,1.0,-0.06295083116685829,-0.06380424416697172,0.06380424416697172,0.004070981573718545,mid,mid,high
39,0.1289024642823298,0.120195308954259,1.072441723423535,1.0,18,0.7957383642829852,medium,0.34519026630222666,0.33990636368869215,0.11721127344410476,0.25475879863094686,0.4288180531996928,0.1616056132250472,0.5425203865203387,0.17405925456874594,0.38091477329529155,0.3742917054060986,0.3885395399449224,0.08166810276604737,0.3276005369264864,0.43502907945988567,0.2168634447875314,0.4796791074127489,0.10742854253339928,0.2628156626252175,0.9236683678153188,0.9426592101781018,0.22619750222388302,0.7859299069534167,1.0838709639212025,0.5010583153621302,1.252113122342838,0.29794105696778583,0.7510548069807077,0.0,0.0,0.21628780201989686,0.21100389940636236,0.21100389940636236,0.04452264556469029,0.0,0.0,0.25409639645183957,0.2683442309906634,0.2683442309906634,0.07200862630597052,1.0,1.0,-0.14877335560821625,-0.12978251324543322,0.12978251324543322,0.01684350074430105,low,low,low
40,0.6100214388353437,0.4010674703646353,1.5209945555562892,1.0,20,0.6537902728329816,medium,0.6880552231014422,0.6998050296411567,0.07092848828930418,0.6476481883135148,0.7406186251624731,0.549793527389509,0.7826634922997209,0.09297043684895834,0.23286996491021184,0.452775206850397,0.45774795049767014,0.031472642721168065,0.43399111738286295,0.47732401434611216,0.3928117482696599,0.49396586583790136,0.04333289696324921,0.10115411756824144,1.5180525057767549,1.5300815427579013,0.09709227458835988,1.4705761540182205,1.5796359678311263,1.3409602232335607,1.6515447023661898,0.10905981381290575,0.3105844791326291,0.0,1.0,0.07803378426609853,0.089783590805813,0.089783590805813,0.008061093177985668,0.0,1.0,0.05170773648576171,0.05668048013303484,0.05668048013303484,0.003212676828111357,1.0,1.0,-0.0029420497795342726,0.009086987201612162,0.009086987201612162,8.257333640226323e-05,high,low,mid
41,0.7095257625358456,0.23870144668975574,2.9724401438506076,1.0,25,0.6517246982894032,medium,0.709607800537706,0.7099995338045639,0.02252800068251444,0.695243232068934,0.7246583046166619,0.6713998766991338,0.746125296086092,0.029415072547727905,0.0747254193869582,0.2529074339268369,0.25264058159248226,0.009119585546052673,0.24642295366926942,0.25882976169077615,0.23844384157122897,0.2682026716170017,0.012406808021506732,0.029758830045772705,2.808031045376602,2.805649724436846,0.1016226538262163,2.7385381718608697,2.875532532902555,2.647132558454082,2.978772632743668,0.1369943610416855,0.33164007428958575,1.0,1.0,8.20380018603517e-05,0.00047377126871828157,0.00047377126871828157,2.2445921506293015e-07,0.0,1.0,0.014205987237081164,0.013939134902726524,0.013939134902726524,0.0001942994818364088,0.0,1.0,-0.16440909847400542,-0.16679041941376171,0.16679041941376171,0.02781904400821854,mid,high,mid
42,0.42013207618160076,0.31493863804506667,1.3340124882405864,1.0,28,0.8186302779902306,medium,0.41299532422090635,0.4125956305508102,0.0609375505617452,0.3720601493089758,0.4529326340855564,0.31548749534685233,0.5155765249713266,0.0808724847765806,0.20008902962447422,0.33409321809718345,0.333144679950269,0.04727648808181247,0.3033576261206289,0.3644974938543088,0.2567508133637453,0.4126470975835743,0.06113986773367991,0.15589628421982904,1.2427671197478265,1.2447857080182532,0.13686430907617592,1.1647135167206666,1.3241222371390926,1.0230717698161742,1.452926067243234,0.15940872041842602,0.42985429742705983,1.0,1.0,-0.00713675196069441,-0.007536445630790534,0.007536445630790534,5.6798012745861726e-05,1.0,1.0,0.019154580052116787,0.018206041905202308,0.018206041905202308,0.0003314599618539825,0.0,1.0,-0.09124536849275988,-0.08922678022233321,0.08922678022233321,0.007961418308844554,mid,low,low
43,0.646856221655137,0.34792665329482797,1.859174097556132,1.0,12,0.7450161161372432,medium,0.7160560817654344,0.7208405150475596,0.04854743204542458,0.6843317163044981,0.7518417973198146,0.6304014253927858,0.7863838385789009,0.06751008101531653,0.15598241318611517,0.41889458121099793,0.4188439584896424,0.02729836118882115,0.4000578006376357,0.43785034194272154,0.37239726932422973,0.4628043489957917,0.03779254130508586,0.09040707967156197,1.7103418886010535,1.7085848748880617,0.06764701923142741,1.6658454122801878,1.7514465314151924,1.6056362329234366,1.8232570857601245,0.08560111913500457,0.21762085283668786,0.0,1.0,0.06919986011029744,0.07398429339242263,0.07398429339242263,0.005473675668776071,0.0,0.0,0.07096792791616996,0.07091730519481443,0.07091730519481443,0.0050292641760944536,0.0,0.0,-0.14883220895507843,-0.1505892226680703,0.1505892226680703,0.022677113983773655,mid,mid,mid
44,0.8946029656533341,0.4340135723523933,2.0612326955687217,1.0,27,0.6746881572835113,medium,0.8530203722621588,0.8595332707106156,0.04644131849043,0.8272267599080932,0.8862426124032013,0.7691096020178838,0.9176864526487213,0.0590158524951081,0.14857685063083748,0.4260053282859784,0.42583675318877934,0.025301177772557523,0.40878607782811843,0.4431634807253597,0.3839933641199196,0.46861705136275467,0.03437740289724128,0.08462368724283509,2.004231947171019,2.00148823223177,0.0746858835865625,1.9515733289728616,2.053534948658255,1.88747004846224,2.127001247770531,0.10196161968539341,0.23953119930829114,0.0,1.0,-0.041582593391175315,-0.0350696949427185,0.0350696949427185,0.0012298835033753355,1.0,1.0,-0.008008244066414871,-0.008176819163613958,0.008176819163613958,6.686037163444446e-05,0.0,1.0,-0.05700074839770286,-0.059744463336951714,0.059744463336951714,0.0035694008994203675,high,mid,high
45,0.3889708334867428,0.13795508935958536,2.8195468198558085,1.0,10,0.7088759805495145,medium,0.40357307497251327,0.4036100162542669,0.010406740027621233,0.39666609647577167,0.41054789539113257,0.38647409898546153,0.42079811389458904,0.013881798915360899,0.03432401490912751,0.18235346579202996,0.18213512489214523,0.007144740753867443,0.17729393130761434,0.1871142169952863,0.1710794982739113,0.19445166473188288,0.009820285687671959,0.023372166457971577,2.2153875950125905,2.211820290125017,0.07578658314295403,2.163395540902469,2.2645661705614537,2.094397086794478,2.344302568251602,0.10117062965898471,0.249905481457124,0.0,1.0,0.014602241485770495,0.014639182767524128,0.014639182767524128,0.00021430567210097538,0.0,0.0,0.0443983764324446,0.044180035532559864,0.044180035532559864,0.0019518755396582522,0.0,0.0,-0.6041592248432179,-0.6077265297307917,0.6077265297307917,0.3693315349386308,low,mid,low
46,0.5732129632816306,0.297086885295682,1.9294455314347798,1.0,19,0.7222767248780904,medium,0.6362351272460917,0.6364078369941645,0.027276035050461705,0.6183124915162879,0.654006900427229,0.5900245773713069,0.6815462707751412,0.03569440891094111,0.09152169340383431,0.3519152533091667,0.3518670116166347,0.017598630385599435,0.3398451035474916,0.3624759115051655,0.3244141996135021,0.3828626160334655,0.022630807957673915,0.0584484164199634,1.8093500660918034,1.8062034968786094,0.05555026494609052,1.7705638391912693,1.8431763267902248,1.7229265620813083,1.9087636701991533,0.07261248759895556,0.18583710811784493,0.0,0.0,0.06302216396446103,0.06319487371253385,0.06319487371253385,0.003993592063543102,0.0,0.0,0.054828368013484674,0.05478012632095269,0.05478012632095269,0.003000862239739534,0.0,0.0,-0.12009546534297644,-0.12324203455617044,0.12324203455617044,0.01518859908154431,mid,mid,mid
47,0.3640248690354113,0.172749938025899,2.1072358878695288,1.0,15,0.7292600183709891,medium,0.38675691431353354,0.38674500212996415,0.012562356108893943,0.3783723457285405,0.39493506713800813,0.36630820067794995,0.40787506906433346,0.01656272140946763,0.041566868386383515,0.2078640817728446,0.2077534806930535,0.01049738189048913,0.20052276926197438,0.21506358802473885,0.19087786613593336,0.22517769973988216,0.014540818762764474,0.03429983360394881,1.863461181053601,1.8600946548946702,0.07362313123585319,1.8120786401596156,1.9112555385810834,1.7461933221066022,1.9911421549109602,0.09917689842146782,0.24494883280435809,0.0,0.0,0.022732045278122226,0.02272013309455284,0.02272013309455284,0.0005162044478341952,0.0,0.0,0.0351141437469456,0.0350035426671545,0.0350035426671545,0.0012252479992513055,0.0,0.0,-0.24377470681592772,-0.24714123297485857,0.24714123297485857,0.06107878903633332,low,mid,low
48,0.21796739364066992,0.42382327010684423,0.5142884051310377,1.0,21,0.7898275548410013,medium,0.25977320959374367,0.24206302817524344,0.11204511270388005,0.16991235370658309,0.33397296873048526,0.10948313814389683,0.46809114867925367,0.16406061502390218,0.35860801053535685,0.35365930317459116,0.3732168076023959,0.10266814700457655,0.28737587383912255,0.4359996686326892,0.15505072334018682,0.48562308084171296,0.14862379479356663,0.33057235750152614,0.7527446526819844,0.750719532858078,0.25235451402865156,0.5656109638452352,0.9172278012882165,0.36228359193294946,1.1581453032164848,0.3516168374429812,0.7958617112835353,1.0,1.0,0.041805815953073755,0.02409563453457353,0.02409563453457353,0.0005805996036237325,1.0,1.0,-0.07016396693225307,-0.050606462504448335,0.050606462504448335,0.0025610140472141353,0.0,1.0,0.23845624755094674,0.23643112772704034,0.23643112772704034,0.055899678158280064,high,low,low
49,0.3079954720057795,0.1512845985782021,2.0358679925145875,1.0,28,0.7928914878215358,medium,0.3263063497449262,0.32629508076649705,0.01185698889074307,0.31813304067785964,0.3342349379940683,0.3080584476972327,0.3464102509817083,0.016101897316208647,0.03835180328447563,0.1669733376398355,0.16687638677419908,0.010093421689560738,0.1600857794505292,0.1735606456323382,0.15071605346737282,0.18387939760698335,0.013474866181808987,0.03316334413961053,1.9591260181316874,1.9563317098512445,0.1012503922990623,1.8890655461361485,2.0278144697810103,1.7990469235652897,2.1277398898021715,0.1387489236448618,0.3286929662368818,0.0,0.0,0.018310877739146747,0.018299608760717567,0.018299608760717567,0.00033487568079533113,0.0,1.0,0.0156887390616334,0.015591788195996992,0.015591788195996992,0.00024310385914883112,0.0,1.0,-0.07674197438290009,-0.079536282663343,0.079536282663343,0.006326020259903197,low,mid,low
50,0.3895086084998789,0.35641730310792774,1.0928442730007715,1.0,11,0.8186530444078367,medium,0.3782183543285109,0.37784687950509926,0.12032301598000816,0.28764521888858907,0.4647540308102426,0.1791020688151637,0.5767072631167499,0.1771088119216535,0.39760519430158625,0.37451314270542996,0.39074471687400225,0.0846049359941462,0.326715403923945,0.43949917828191887,0.20882986741818224,0.48205175284318436,0.11278377435797388,0.27322188542500214,1.0171227994412428,1.0361841957815754,0.23824312996279093,0.8671825223904601,1.1768953083352023,0.5915767419430512,1.373279251709723,0.30971278594474216,0.7817025097666718,1.0,1.0,-0.011290254171367975,-0.01166172899477963,0.01166172899477963,0.00013599592314768392,1.0,1.0,0.018095839597502217,0.03432741376607451,0.03432741376607451,0.0011783713358672818,1.0,1.0,-0.07572147355952863,-0.05666007721919608,0.05666007721919608,0.0032103643504852626,mid,low,low
51,0.13137981120683875,0.31115114976071623,0.4222379101214102,1.0,28,0.838172724003189,medium,0.23873854360898497,0.21625451602225298,0.10443608805593028,0.15495136191417985,0.30192286961142156,0.10845342089574617,0.4432334695801297,0.1469715076972417,0.33478004868438355,0.3463764058986693,0.3643851778554862,0.10280696491295876,0.28071492651260405,0.4291019067709215,0.14431885307696668,0.481124025347301,0.14838698025831748,0.3368051722703343,0.709285284715676,0.6976743874219691,0.23980403470304204,0.5353194044794995,0.8631191209646627,0.3506540844758793,1.1121741592201873,0.32779971648516315,0.7615200747443079,0.0,1.0,0.10735873240214622,0.08487470481541423,0.08487470481541423,0.0072037155175037,1.0,1.0,0.035225256137953076,0.05323402809476996,0.05323402809476996,0.002833861747194757,0.0,1.0,0.28704737459426577,0.27543647730055887,0.27543647730055887,0.07586525302774128,mid,low,low
52,0.10205383514896565,0.07391975475424808,1.3806029996751408,1.0,14,0.7043694138387977,medium,0.22998024924071606,0.21676599416306783,0.08803817091240108,0.1593870393544614,0.28473988767079444,0.11635112254161636,0.39788062432434745,0.12535284831633303,0.28152950178273106,0.2835055480554156,0.2871471058141279,0.10914079094634402,0.19955570918595958,0.37132201020632083,0.1007407905388204,0.4525323312553233,0.17176630102036125,0.35179154071650287,0.8854237628808672,0.8610835281577833,0.30914429920241526,0.6682471028271215,1.0649175367140484,0.39900444987013356,1.4596614537450197,0.3966704338869269,1.0606570038748862,0.0,0.0,0.1279264140917504,0.11471215901410217,0.11471215901410217,0.013158879425676662,0.0,0.0,0.20958579330116753,0.2132273510598798,0.2132273510598798,0.045465903240013227,0.0,1.0,-0.49517923679427356,-0.5195194715173574,0.5195194715173574,0.2699004812856744,low,low,low
53,0.20745551514891025,0.3840615066346258,0.5401622176790334,1.0,21,0.7407002768629076,medium,0.2857760050905615,0.27374418898770303,0.11993752972941224,0.18430796418138964,0.3679841909122613,0.11864875357611523,0.5109153209999346,0.18367622673087167,0.3922665674238194,0.3508781935785891,0.37051287491098717,0.10304867064204705,0.2846874983916389,0.432453426607008,0.14783751914738932,0.4857086842365146,0.14776592821536905,0.3378711650891253,0.8322430623801649,0.8328732654846438,0.2627890766902215,0.65195312151988,1.0065735483375382,0.39703200205746,1.2525873794793265,0.35462042681765815,0.8555553774218665,1.0,1.0,0.07832048994165125,0.06628867383879278,0.06628867383879278,0.00439418827930585,1.0,1.0,-0.03318331305603667,-0.013548631723638627,0.013548631723638627,0.00018356542158278697,0.0,1.0,0.2920808447011315,0.2927110478056104,0.2927110478056104,0.08567975750745835,high,low,low
54,0.13129217289116146,0.40524895094095176,0.32397905679043165,1.0,16,0.6115376578115169,medium,0.2016291315222371,0.1841284601191422,0.08358064374321386,0.13475401456301905,0.24430804104590903,0.10462595538195685,0.36846165116715796,0.10955402648288998,0.2638356957852011,0.309934178486558,0.3200760701657174,0.10819199640293883,0.23120750368394677,0.39639492166715085,0.11823326204079881,0.4693376469366032,0.16518741798320408,0.35110438489580437,0.6965346639461382,0.6731019291716407,0.2539261107024939,0.5191619952771975,0.8312655294526881,0.33638769675971003,1.1246574554502078,0.3121035341754905,0.7882697586904978,0.0,1.0,0.07033695863107564,0.05283628722798073,0.05283628722798073,0.0027916732480376795,0.0,1.0,-0.09531477245439374,-0.08517288077523438,0.08517288077523438,0.00725441961955229,0.0,0.0,0.3725556071557065,0.34912287238120904,0.34912287238120904,0.12188678001970597,high,low,low
55,0.3566914394774898,0.3428672264856582,1.0403194354080672,1.0,13,0.6776455758279217,medium,0.29738040635456203,0.28181565665098984,0.1324049361420888,0.1845518712842422,0.3950050321657592,0.11463195673476696,0.5354872156360785,0.21045316088151703,0.42085525890131154,0.3674502568858234,0.3920204567759086,0.1070182601060911,0.30200244357122763,0.45644955538643606,0.1535388223805083,0.49202593832470093,0.15444711181520843,0.3384871159441926,0.8239365789412648,0.8232110357669481,0.2750072258576479,0.6359484886666421,1.0133409546103012,0.3720654916874132,1.2566516792253386,0.37739246594365905,0.8845861875379254,1.0,1.0,-0.05931103312292779,-0.07487578282649998,0.07487578282649998,0.00560638285388119,1.0,1.0,0.024583030400165184,0.04915323029025037,0.04915323029025037,0.0024160400479663864,0.0,1.0,-0.21638285646680233,-0.21710839964111905,0.21710839964111905,0.04713605719472786,mid,low,low
56,0.8137141094890772,0.06399496879157417,12.715282542589724,1.0,14,0.6763907217993135,medium,0.8198860361405422,0.8236750784873349,0.048898705061420585,0.789370408397293,0.8542342007538078,0.7323837443680902,0.8955306149764151,0.06486379235651485,0.1631468706083249,0.07725373763911367,0.07683520050379455,0.004953067145612461,0.07375808460442256,0.08021386925758328,0.06976377191416824,0.08604478191102234,0.006455784653160726,0.0162810099968541,10.660727211333441,10.609594611323201,0.9876179748517493,9.961441117890757,11.320558641360229,9.136219560665051,12.365048541803086,1.3591175234694717,3.228828981138035,1.0,1.0,0.006171926651465043,0.009960968998257713,0.009960968998257713,9.922090338425126e-05,0.0,0.0,0.013258768847539501,0.012840231712220387,0.012840231712220387,0.0001648715504235101,0.0,0.0,-2.0545553312562834,-2.105687931266523,2.105687931266523,4.43392166388149,low,high,high
57,0.8081422476297532,0.46835793355720395,1.725480000929778,1.0,24,0.84094996952498,medium,0.7556234994400652,0.7638173983659027,0.054379369591278044,0.7211157301482268,0.7956623684003103,0.6556954696125892,0.8310856628293499,0.07454663825208352,0.17539019321676075,0.4393889774015124,0.4415891783438051,0.02757454362877396,0.420925911101242,0.45917506884687304,0.39155490895671524,0.48158246833005147,0.038249157745631035,0.09002755937333623,1.7198592770041858,1.7209275445690895,0.06707408714592898,1.6796122498145873,1.7616406396482505,1.6077359107293334,1.8267977204599786,0.08202838983366312,0.21906180973064515,0.0,1.0,-0.052518748189687936,-0.044324849263850497,0.044324849263850497,0.0019646922622630677,0.0,1.0,-0.02896895615569156,-0.02676875521339883,0.02676875521339883,0.0007165662556748671,1.0,1.0,-0.005620723925592097,-0.004552456360688462,0.004552456360688462,2.0724858915972834e-05,high,mid,high
58,0.49785376868516906,0.4526374543610356,1.099895211694231,1.0,29,0.8307775213684476,medium,0.3588533640732526,0.36082976692103286,0.11167282984591485,0.2752655758026984,0.4392932733364309,0.17456910074094062,0.5425354797072052,0.16402769753373253,0.36796637896626455,0.37127604558862554,0.38500739548826274,0.07800743342304613,0.3255005338974124,0.42977923278914076,0.22199346073351384,0.4736288062775366,0.10427869889172836,0.2516353455440228,0.9685027504557322,0.990731332447584,0.2156604577890231,0.8472513480278657,1.117734376793659,0.5817380449322556,1.276275668998847,0.2704830287657932,0.6945376240665915,0.0,1.0,-0.13900040461191648,-0.1370240017641362,0.1370240017641362,0.018775577059458003,0.0,1.0,-0.08136140877241005,-0.06763005887277285,0.06763005887277285,0.0045738248631347215,1.0,1.0,-0.1313924612384989,-0.10916387924664706,0.10916387924664706,0.01191675253217654,high,low,mid
59,0.8841563192358652,0.2061563436317927,4.288766009621417,1.0,23,0.7046092471810608,medium,0.9017078797880062,0.9063689442380469,0.03599748591461373,0.8824990168887559,0.9271327031115502,0.836806301618396,0.9513586391837776,0.04463368622279429,0.11455233756538163,0.22095709004900813,0.22027026006356099,0.010300446552925972,0.21417265583155548,0.2274626462503109,0.2046620515281119,0.23909046321520455,0.01328999041875542,0.03442841168709265,4.08845222947634,4.079469609489021,0.23031044513601998,3.932019463731658,4.237803562667574,3.7292603232006725,4.482343998373321,0.3057840989359164,0.7530836751726486,1.0,1.0,0.01755156055214091,0.022212625002181685,0.022212625002181685,0.0004934007094875469,0.0,1.0,0.014800746417215432,0.014113916431768292,0.014113916431768292,0.00019920263704293898,0.0,1.0,-0.20031378014507695,-0.2092964001323967,0.2092964001323967,0.0438049831083803,mid,high,high
60,0.695312474942793,0.1102009368716553,6.309496948765359,1.0,18,0.6939634876207804,medium,0.7075803479337345,0.7077015107154963,0.025879620956072963,0.6906139953107944,0.725625846128433,0.6651732406671403,0.7492742205588323,0.03501185081763858,0.08410097989169196,0.12454283310663483,0.1242590101381858,0.005522490194855441,0.12088794638267246,0.12821776575392366,0.11567632123806548,0.13401780407196714,0.007329819371251198,0.018341482833901662,5.691532992496444,5.683778559161638,0.3089714510537431,5.48124984250694,5.893215180031837,5.1987414239536625,6.202450756181591,0.4119653375248973,1.0037093322279285,1.0,1.0,0.012267872990941453,0.012389035772703227,0.012389035772703227,0.00015348820737732025,0.0,0.0,0.014341896234979529,0.014058073266530496,0.014058073266530496,0.00019762942396713942,0.0,0.0,-0.6179639562689152,-0.6257183896037208,0.6257183896037208,0.39152350308827377,low,high,mid
61,0.7760809675766361,0.06439216932993784,12.05241220559117,1.0,18,0.7389911263116888,medium,0.7701553780886466,0.7726437175499401,0.04742907965443358,0.7404480268030111,0.8020356238022157,0.6911074607995984,0.8427909021593314,0.061587596999204575,0.151683441359733,0.07094194489840566,0.07049566660259243,0.004521017756251161,0.067691254543187,0.07382564420220517,0.06444204724970554,0.07884179426206223,0.0061343896590181635,0.01439974701235669,10.904872343532128,10.855140348097917,1.0221789943422541,10.209481577242435,11.60774407914377,9.274880026667846,12.627581396430633,1.3982625019013337,3.352701369762787,1.0,1.0,-0.005925589487989491,-0.003437250026696037,0.003437250026696037,1.1814687746021907e-05,0.0,0.0,0.006549775568467822,0.006103497272654593,0.006103497272654593,3.725267895730205e-05,0.0,1.0,-1.1475398620590411,-1.1972718574932522,1.1972718574932522,1.4334599007453424,low,high,high
62,0.6926493289471474,0.07033325201539932,9.84810611054204,1.0,21,0.6275572810500434,medium,0.7137525768582219,0.7146313243258428,0.033022024271624,0.6922076836737847,0.7363339567513278,0.6579401652338396,0.7661028611755423,0.04412627307754313,0.10816269594170269,0.08567392971453075,0.08539443978951942,0.004449562757299112,0.08252980806233012,0.08859589052005556,0.07883083942986123,0.09348962499598278,0.006066082457725441,0.014658785566121546,8.353364663504442,8.328106394387737,0.5811948254551126,7.948281165571997,8.750509860645066,7.426780849348862,9.349244929025591,0.8022286950730688,1.922464079676729,1.0,1.0,0.02110324791107454,0.021981995378695385,0.021981995378695385,0.00048320812082898527,0.0,0.0,0.01534067769913143,0.015061187774120105,0.015061187774120105,0.00022683937716730493,0.0,0.0,-1.4947414470375993,-1.5199997161543042,1.5199997161543042,2.3103991371091652,low,high,mid
63,0.17081752345314216,0.3570562764978222,0.4784050433970849,1.0,19,0.6159841849922116,medium,0.2718122378326717,0.24657769176107475,0.12431085967143882,0.16867770891980866,0.3600147250772284,0.11183138573302095,0.508462758005023,0.19133701615741977,0.39663137227200207,0.35698249613133626,0.3833049370827345,0.10742377242713276,0.2866143457314896,0.44557722587723003,0.1466899203900355,0.4904629316019693,0.15896288014574045,0.3437730112119338,0.7745538721902689,0.767903281533266,0.25806696008501834,0.5824965700666211,0.9556731004249033,0.3669456330576384,1.1965841089021572,0.37317653035828213,0.8296384758445188,1.0,1.0,0.10099471437952956,0.07576016830793258,0.07576016830793258,0.005739603102046273,1.0,1.0,-7.378036648592046e-05,0.02624866058491232,0.02624866058491232,0.0006889921825019296,0.0,1.0,0.29614882879318405,0.28949823813618114,0.28949823813618114,0.08380922988395305,mid,low,low
64,0.4878692141639617,0.36443261789488635,1.3387089689778489,1.0,27,0.6996652832803549,medium,0.49282588895769586,0.5015099483715528,0.12087974636248683,0.40993227462049686,0.5856484487997013,0.27919275216978734,0.6686628325719686,0.1757161741792045,0.38947008040218123,0.40587344901666006,0.4202856312358072,0.06664342403447374,0.3662683250319656,0.45723727100051687,0.2784546229240441,0.4891273028255689,0.09096894596855126,0.21067267990152477,1.2124567129686317,1.2415577223542331,0.2119512887007698,1.094702128995078,1.351890080283738,0.833121678661435,1.5062441987465294,0.2571879512886599,0.6731225200850943,1.0,1.0,0.004956674793734184,0.013640734207591154,0.013640734207591154,0.00018606962972214747,0.0,1.0,0.041440831121773714,0.055853013340920854,0.055853013340920854,0.003119559099261083,1.0,1.0,-0.1262522560092172,-0.09715124662361574,0.09715124662361574,0.009438364720522608,high,low,mid
65,0.5531034153183075,0.3074284440404491,1.7991289551774017,1.0,10,0.617376330547039,medium,0.6443838939065163,0.6472735171920115,0.04792974115041145,0.6129839126363726,0.6786927006465244,0.5629146317780468,0.7175536439078091,0.06570878801015179,0.15463901212976228,0.4029906496253628,0.4033735430787764,0.029274168641755846,0.38275737862693726,0.4229595895460224,0.3538103090496221,0.4511910911986268,0.04020221091908516,0.09738078214900475,1.6003094434248273,1.599729390712866,0.07135372651656698,1.5537904557193036,1.6441365627474216,1.4869918220125384,1.7197023065550008,0.09034610702811796,0.23271048454246235,0.0,0.0,0.09128047858820876,0.094170101873704,0.094170101873704,0.00886800808690379,0.0,0.0,0.09556220558491368,0.09594509903832726,0.09594509903832726,0.009205462029474427,0.0,0.0,-0.1988195117525744,-0.19939956446453566,0.19939956446453566,0.039760186308646514,mid,mid,mid
66,0.8231370173509157,0.35996250375417993,2.2867298920474224,1.0,13,0.6590341637901835,medium,0.8882987899958473,0.8953973836873875,0.043167064665136694,0.8647067753928794,0.9193721573522683,0.8098176706060601,0.9434635678755791,0.05466538195938886,0.13364589726951892,0.42841226746422856,0.4286644365941246,0.023018396907979185,0.41258128112687503,0.4448644913565136,0.3904601641105617,0.4653658973923284,0.03228321022963859,0.0749057332817667,2.0753101184094267,2.0695727251538893,0.07581557429606665,2.0237506490442865,2.121786390057692,1.9626925437148635,2.2091779243297793,0.09803574101340562,0.24648538061491587,0.0,1.0,0.06516177264493161,0.07226036633647182,0.07226036633647182,0.005221560543081109,0.0,0.0,0.06844976371004863,0.06870193283994469,0.06870193283994469,0.004719955575944271,0.0,0.0,-0.2114197736379957,-0.21715716689353304,0.21715716689353304,0.04715723513322576,high,mid,high
67,0.9729409378178898,0.30622373780610534,3.1772224608986264,1.0,25,0.7543593829119556,medium,0.9607449355024918,0.9685735514052415,0.030376322051676268,0.9482720416154463,0.9819910147762825,0.9051737325801636,0.9924171978708167,0.03371897316083616,0.08724346529065308,0.3078856798088006,0.30663869983377345,0.019469137447540783,0.29471631944814014,0.31888532117476803,0.2791929073996282,0.34321237654249087,0.024169001726627892,0.06401946914286266,3.1310807763742696,3.122246902969305,0.1968448452207399,3.006605897712199,3.245047693548794,2.8340116485606557,3.4576195389746545,0.23844179583659475,0.6236078904139988,1.0,1.0,-0.012196002315397969,-0.004367386412648333,0.004367386412648333,1.9074064077385275e-05,1.0,1.0,0.0016619420026952603,0.00041496202766810875,0.00041496202766810875,1.7219348440642824e-07,1.0,1.0,-0.04614168452435674,-0.054975557929321184,0.054975557929321184,0.003022311969640149,mid,high,high
68,0.8846866367444676,0.26690167527330877,3.3146537422012945,1.0,24,0.6272604240367221,medium,0.8931808008601491,0.897421389788431,0.03743491603505647,0.8716658619148793,0.9203605360029684,0.8235309434397031,0.9463029645496581,0.04869467408808914,0.122772021109955,0.27049582241594317,0.2694691572237961,0.013963904745804227,0.2610899615385957,0.27889068488860025,0.24931133952049986,0.29452798071341396,0.017800723350004544,0.0452166411929141,3.3082749083312466,3.2981370993591366,0.18056087705432972,3.1837829678843614,3.4272920691518793,3.0275934489472744,3.6029094025055293,0.2435091012675179,0.5753159535582548,1.0,1.0,0.00849416411568149,0.012734753043963432,0.012734753043963432,0.00016217393509073588,1.0,1.0,0.0035941471426343963,0.002567481950487338,0.002567481950487338,6.591963566078266e-06,1.0,1.0,-0.006378833870047895,-0.016516642842157925,0.016516642842157925,0.0002727994907754066,mid,high,high
69,0.7063770301831419,0.39352479088154085,1.7950000776336759,1.0,18,0.7697492826698588,medium,0.7418558379619092,0.7437885217971811,0.04040013092867272,0.717147112454831,0.7712566159999531,0.6727019089606145,0.8035687583897172,0.05410950354512212,0.13086684942910265,0.4002743393019196,0.40016946075563375,0.022160606440750602,0.38502795834390685,0.41487395426751167,0.3637465045670378,0.4372760735103982,0.029845995923604818,0.07352956894336043,1.8544082093816106,1.8518374705333795,0.060960988523598644,1.8141612077606897,1.8938912518287878,1.7548872139221046,1.9570670973193405,0.07973004406809814,0.20217988339723592,0.0,1.0,0.03547880777876733,0.03741149161403923,0.03741149161403923,0.0013996197047873274,1.0,1.0,0.006749548420378726,0.006644669874092901,0.006644669874092901,4.415163773567777e-05,0.0,1.0,0.05940813174793469,0.05683739289970369,0.05683739289970369,0.003230489231635287,high,mid,mid
70,0.4668466330722183,0.28840455068938126,1.6187214520585826,1.0,28,0.626323145183852,medium,0.4995928270397417,0.49999632517251674,0.02851969009086139,0.48079135407256923,0.5180494136100302,0.45133523850582274,0.5468233773616553,0.037258059537460975,0.09548813885583257,0.32188014976997376,0.3205048420342693,0.022491789265816884,0.30640495224364195,0.33576052711725035,0.2870576502408126,0.3605095709305443,0.029355574873608403,0.07345192068973172,1.5549602414379424,1.5543177685812064,0.07124197377555537,1.5052099518106006,1.6004455763213137,1.4440785749799363,1.6756571182950326,0.0952356245107131,0.2315785433150963,0.0,1.0,0.03274619396752343,0.033149692100298445,0.033149692100298445,0.0010989020863445892,0.0,1.0,0.0334755990805925,0.032100291344888066,0.032100291344888066,0.0010304287044266957,0.0,1.0,-0.06376121062064022,-0.06440368347737624,0.06440368347737624,0.0041478344454540655,mid,low,low
71,0.20051808236377655,0.09506682307147996,2.109233020367249,1.0,26,0.6959300658412788,medium,0.20106558525197485,0.200944614624225,0.017678288512569834,0.1886347430609522,0.21237291332042765,0.17375870740382965,0.23110057935713624,0.023738170259475444,0.05734187195330659,0.10500571849678765,0.10236293722306378,0.023343380612911857,0.08777106645800169,0.11857501458222278,0.07278465687746945,0.14602666370941214,0.03080394812422109,0.0732420068319427,1.9855966321666496,1.9924493072272869,0.3494022951101561,1.734000248619169,2.242899148643027,1.4087428176937442,2.5563006893937508,0.5088989000238582,1.1475578717000066,1.0,1.0,0.000547502888198298,0.00042653226044844783,0.00042653226044844783,1.8192976920326252e-07,1.0,1.0,0.009938895425307695,0.007296114151583821,0.007296114151583821,5.32332817129417e-05,1.0,1.0,-0.1236363882005993,-0.11678371313996205,0.11678371313996205,0.013638435654756946,low,mid,low
72,0.35667434644350093,0.24678525147785718,1.4452822618352603,1.0,27,0.7669821067012212,medium,0.4058158229241927,0.40621543556987566,0.04818175507124984,0.3732035635405435,0.43866785399555097,0.3276501777071824,0.4858151935989641,0.06546429045500746,0.15816501589178167,0.30285029819304227,0.3029240927197404,0.04128619228086071,0.2744564565089097,0.33084951857622363,0.23703153095946988,0.36991851635261974,0.056393062067313926,0.13288698539314986,1.3498296542652453,1.3457853316837283,0.1340995342260062,1.2636889518468197,1.4316115018778333,1.1440633228247095,1.5711485544116046,0.16792255003101353,0.42708523158689515,0.0,1.0,0.04914147648069178,0.04954108912637473,0.04954108912637473,0.002454319511827404,0.0,1.0,0.056065046715185085,0.05613884124188323,0.05613884124188323,0.0031515694959813696,0.0,1.0,-0.09545260757001506,-0.09949693015153205,0.09949693015153205,0.009899639109578848,mid,low,low
73,0.42188585895507347,0.3349740742104266,1.259458242998382,1.0,10,0.6269855055204295,medium,0.3689975517576904,0.3673254267672454,0.10009221462245262,0.2974979314735656,0.4403211013277847,0.20427882102381453,0.5399427475211189,0.14282316985421906,0.33566392649730437,0.35848729868221446,0.3675328995326729,0.07458586280000642,0.31235319718523846,0.4142263055571038,0.21882281237339493,0.4638202423813973,0.10187310837186536,0.24499743000800236,1.0374352606890496,1.0525998255110318,0.2055375897373989,0.9204558745521971,1.1710254490044505,0.6572516128720473,1.337138297208577,0.25056957445225336,0.6798866843365298,1.0,1.0,-0.05288830719738308,-0.05456043218782808,0.05456043218782808,0.0029768407605225864,1.0,1.0,0.023513224471787886,0.0325588253222463,0.0325588253222463,0.0010600771063645467,0.0,1.0,-0.22202298230933248,-0.20685841748735023,0.20685841748735023,0.042790404885370885,mid,low,low
74,0.9358930038548361,0.1758631374955666,5.321712197238773,1.0,22,0.8028856968259034,medium,0.9424743661259016,0.9507131246741424,0.03652797912964945,0.9260754044056793,0.9682421287637676,0.8689854313314013,0.9842727972122508,0.042166724358088326,0.11528736588084953,0.18694255922723407,0.18696749616713249,0.009712528863495835,0.18048030742978466,0.19300479208497184,0.17108362501526425,0.20312939264681434,0.012524484655187185,0.03204576763155009,5.055474635374756,5.031870117961576,0.33569686428255785,4.837030976056561,5.261285279490767,4.5238372351699905,5.631532647576508,0.4242543034342061,1.1076954124065175,1.0,1.0,0.006581362271065538,0.014820120819306282,0.014820120819306282,0.00021963598109883548,0.0,1.0,0.011079421731667483,0.011104358671565895,0.011104358671565895,0.00012330678150678068,0.0,1.0,-0.2662375618640169,-0.2898420792771965,0.2898420792771965,0.08400843091972868,low,high,high
75,0.5015255283104705,0.25790966082535405,1.944578294219398,1.0,15,0.7220489385577671,medium,0.5670312414390187,0.5663392433608481,0.0237562886153041,0.5508376632574861,0.5824242785336864,0.5278837332495887,0.6061595862859613,0.031586615276200325,0.07827585303637263,0.32565001444393615,0.32462455457701,0.017070999219648348,0.3139897366498712,0.33644367069587805,0.29897425474255157,0.3551235172205512,0.022453934046006874,0.05614926247799962,1.7430521366034768,1.7402126680807348,0.058704342733002006,1.703484667876285,1.7793117932777522,1.6521360380397485,1.8431841249960672,0.0758271254014673,0.1910480869563187,0.0,0.0,0.06550571312854825,0.06481371505037758,0.06481371505037758,0.004200817658631542,0.0,0.0,0.0677403536185821,0.06671489375165596,0.06671489375165596,0.004450877048294743,0.0,0.0,-0.2015261576159213,-0.20436562613866327,0.20436562613866327,0.04176530914704789,mid,mid,mid
76,0.8934899838548619,0.41864328706619125,2.134251310026603,1.0,30,0.7929214767875752,medium,0.8966778207599966,0.9048379216988667,0.042621090897558,0.8746305687158115,0.9267563803770593,0.8160065200389455,0.9513188595002342,0.052125811661247856,0.13531233946128873,0.4437310961640075,0.4444774039651627,0.0228077392581239,0.42861640464677375,0.4602216115877801,0.4045239801115074,0.4800163985133875,0.031605206941006325,0.07549241840188009,2.0221797545402653,2.0179989910001344,0.06671481242916211,1.977478911913717,2.06333411047707,1.9247898566194175,2.1392771324625786,0.08585519856335289,0.21448727584316107,1.0,1.0,0.003187836905134689,0.011347937844004785,0.011347937844004785,0.00012877569331139598,0.0,1.0,0.02508780909781627,0.02583411689897147,0.02583411689897147,0.0006674015959497234,0.0,1.0,-0.11207155548633763,-0.1162523190264686,0.1162523190264686,0.013514601679031834,high,mid,high
77,0.8070502527410852,0.3452047412043269,2.337888668404446,1.0,10,0.678194234606406,medium,0.883058509672542,0.8893275733398545,0.042276794393890024,0.8596300480564998,0.9132230272981683,0.805588219661142,0.9402739761557334,0.053592979241668504,0.13468575649459136,0.4196773427530757,0.4194190759456341,0.022913619803579963,0.40411310806772305,0.43470793520781964,0.3831491733417881,0.45853685055595816,0.030594827140096592,0.07538767721417006,2.106226017915836,2.1019860435094264,0.07840606102984896,2.053958561098029,2.1548879600755013,1.9864485826766989,2.2413534279314087,0.10092939897747222,0.2549048452547098,0.0,1.0,0.07600825693145674,0.08227732059876924,0.08227732059876924,0.006769557484912658,0.0,0.0,0.0744726015487488,0.07421433474130718,0.07421433474130718,0.0055077674810947936,0.0,0.0,-0.23166265048861012,-0.23590262489501956,0.23590262489501956,0.0556500484323603,mid,mid,high
78,0.963023973467558,0.36919312854119546,2.608455843348941,1.0,27,0.7306743510325306,medium,0.9410249217120665,0.9492418330564736,0.03418332053644256,0.9231241272779349,0.9653405122579871,0.8769753505412382,0.9818369980754933,0.0422163849800522,0.10486164753425509,0.3732554149011525,0.3720864303577892,0.02250570208728984,0.3579020489479039,0.38669841264683125,0.3391410427610097,0.4127104837877253,0.028796363698927352,0.07356944102671559,2.527214297339886,2.519896348168551,0.12974051354822227,2.4409869190673312,2.603503947567342,2.3313010990869434,2.7435671719294508,0.1625170285000106,0.4122660728425074,1.0,1.0,-0.02199905175549144,-0.013782140411084387,0.013782140411084387,0.0001899473943108453,1.0,1.0,0.004062286359957035,0.002893301816593752,0.002893301816593752,8.371195401904704e-06,0.0,1.0,-0.0812415460090552,-0.08855949518039008,0.08855949518039008,0.007842784186605533,high,mid,high
79,0.7244515557601744,0.4365147889197625,1.6596266017766896,1.0,24,0.6260991688539984,medium,0.669555218104259,0.6723157035178625,0.04387789200594303,0.6395639038113963,0.70078823769072,0.5917460140041833,0.7362663914792272,0.06122433387932369,0.14452037747504398,0.4029150361486365,0.40276510785116215,0.026094967379005272,0.3844696696463815,0.42004880299945324,0.3605303258282851,0.44599632188894267,0.035579133353071724,0.08546599606065758,1.6628857702198243,1.6593813576020295,0.06459994454869032,1.6176062482013682,1.7059724476041256,1.564520358340133,1.7743236687016941,0.08836619940275736,0.20980331036156108,0.0,1.0,-0.054896337655915395,-0.052135852242311875,0.052135852242311875,0.0027181470890321763,0.0,1.0,-0.03359975277112598,-0.03374968106860032,0.03374968106860032,0.0011390409722322392,1.0,1.0,0.0032591684431346746,-0.0002452441746600975,0.0002452441746600975,6.014470520471242e-08,high,mid,high
80,0.1163444865615625,0.4899526564808805,0.23746067099057078,1.0,21,0.6577371755109015,medium,0.2246556667861118,0.20048014831309713,0.10151331745859454,0.14218583213755648,0.28885931760289785,0.1043831546677118,0.42442505710900325,0.14667348546534137,0.32004190244129144,0.3251395173324976,0.34131781330056604,0.11680711675752031,0.24139424012842498,0.42394932930358453,0.10702489305199327,0.47958940311029324,0.18255508917515956,0.3725645100583,0.7404196906123232,0.7131612542027659,0.28503523016227744,0.5380449032105672,0.8926867092641814,0.3393971368836524,1.2429605496289498,0.3546418060536142,0.9035634127452974,0.0,1.0,0.10831118022454929,0.08413566175153463,0.08413566175153463,0.0070788095783686465,0.0,0.0,-0.16481313914838291,-0.14863484318031445,0.14863484318031445,0.022092316607236668,0.0,0.0,0.5029590196217524,0.4757005832121951,0.4757005832121951,0.22629104486842255,high,low,low
81,0.6430970106654496,0.16018927046131448,4.014607275590014,1.0,15,0.7383100266062617,medium,0.6572561977534184,0.6570368025541349,0.019671130180286,0.6439891847734134,0.6701792246740231,0.6250139915896495,0.6903535280627876,0.02619003990060975,0.06533953647313806,0.18714401779066744,0.1869560447573939,0.0066509289602978425,0.1824609760459624,0.19158872786946396,0.1765840242808939,0.19828825032637235,0.009127751823501562,0.021704226045478447,3.5155117823202295,3.516498004156552,0.14137553780398168,3.4172511235870315,3.6122727262332472,3.2847333328070127,3.7539817751955513,0.1950216026462157,0.4692484423885386,0.0,1.0,0.014159187087968816,0.013939791888685327,0.013939791888685327,0.00019431779789985722,0.0,0.0,0.026954747329352963,0.026766774296079432,0.026766774296079432,0.0007164602062172586,0.0,0.0,-0.4990954932697842,-0.49810927143346184,0.49810927143346184,0.24811284628797417,low,high,mid
82,0.9110327551101042,0.07584698319650557,12.011456708169737,1.0,29,0.7832710976919448,medium,0.9152640311454223,0.9260977885379604,0.05056256695833286,0.8898485110639882,0.9506284974693994,0.8194719705341657,0.9758273992969151,0.06077998640541116,0.15635542876274944,0.07764127624358451,0.07730626417542305,0.0049879762601779,0.07417046070325584,0.08054605860550172,0.07034034514205909,0.08630661825608503,0.006375597902245886,0.015966273114025945,11.84336456904849,11.877388285404646,1.0770554148765175,11.174116799455913,12.532902765749247,10.029294880265926,13.591238701971845,1.3587859662933344,3.5619438217059187,1.0,1.0,0.004231276035318143,0.015065033427856256,0.015065033427856256,0.0002269552321824264,1.0,1.0,0.0017942930470789403,0.001459280978917482,0.001459280978917482,2.1295009754303647e-06,1.0,1.0,-0.16809213912124754,-0.13406842276509146,0.13406842276509146,0.017974341982719293,low,high,high
83,0.4509485126057784,0.19875692108533954,2.2688443257387565,1.0,26,0.6993066383188885,medium,0.4828789027565339,0.48254974410867824,0.011918657410070707,0.47504286504207294,0.4904963211564667,0.4632219418242795,0.5027642138051341,0.015453456114393749,0.03954227198085464,0.22176117114117758,0.22160005248113165,0.007877430141706693,0.21667822751622343,0.22673137311383967,0.2088827045526493,0.23483925382280652,0.010053145597616248,0.025956549270157225,2.1790840586496296,2.178319837602971,0.06281158756517602,2.1368764569214114,2.2192794116542154,2.0791327925431733,2.284797867061714,0.08240295473280401,0.20566507451854088,0.0,0.0,0.031930390150755494,0.03160123150289984,0.03160123150289984,0.0009986378324998693,0.0,0.0,0.023004250055838033,0.02284313139579211,0.02284313139579211,0.0005218086519654232,0.0,1.0,-0.08976026708912688,-0.0905244881357854,0.0905244881357854,0.00819468295224595,low,mid,low
84,0.870572643637367,0.39551691261017763,2.2011009286356495,1.0,11,0.6689047621813013,medium,0.9449154248229299,0.9542360733363617,0.03642343819834291,0.9310442520090115,0.969295434065347,0.8676233630018423,0.9857147680310094,0.038251182056335487,0.11809140502916715,0.4631567306275545,0.4670269185249284,0.023068236265982384,0.4489301798667036,0.4806412624801635,0.42122640011711404,0.49403124987249625,0.031711082613459896,0.0728048497553822,2.042478561334023,2.0321881959524974,0.07372338241637211,1.9912582569443322,2.0811397035265795,1.943490747428762,2.173901214192789,0.08988144658224728,0.2304104667640272,0.0,1.0,0.07434278118556292,0.08366342969899476,0.08366342969899476,0.006999569468998639,0.0,0.0,0.0676398180173769,0.07151000591475076,0.07151000591475076,0.005113680945927689,0.0,0.0,-0.1586223673016267,-0.1689127326831521,0.1689127326831521,0.02853151126249,high,mid,high
85,0.5762864969087896,0.18638054356945627,3.091988497683674,1.0,27,0.6035530050888828,medium,0.5710259768325663,0.5709857005884217,0.013146704799614314,0.5618863028020494,0.5797922206636817,0.5492831093263869,0.5935378358371634,0.017905917861632314,0.04425472651077644,0.19928391707631027,0.19924787249433012,0.0065670708554900975,0.19481581153667005,0.20356377745334198,0.1886586014422403,0.20998960531016397,0.00874796591667193,0.021331003867923665,2.867662474562545,2.86458966853725,0.09227069762531363,2.80340710963395,2.928428828533046,2.721597840917744,3.0254526683408094,0.12502171889909608,0.30385482742306547,1.0,1.0,-0.005260520076223352,-0.005300796320367951,0.005300796320367951,2.8098441630026407e-05,0.0,0.0,0.012903373506853999,0.012867328924873855,0.012867328924873855,0.00016556815366089537,0.0,0.0,-0.22432602312112904,-0.22739882914642395,0.22739882914642395,0.051710227497164515,low,high,mid
86,0.5294780196865052,0.2998598707442139,1.765751510438554,1.0,16,0.8041104828616794,medium,0.5941279999309972,0.5943402601143768,0.02697678288029931,0.5772775876262611,0.6114762586117168,0.5486398580628021,0.6385548739470651,0.034198670985455704,0.08991501588426298,0.34879983429654265,0.34791926487916025,0.01866901646463546,0.3364021942445177,0.3603687159881051,0.31955917780039605,0.38116502977767835,0.023966521743587377,0.0616058519772823,1.7049362817252223,1.7017498267155493,0.05624083068465718,1.666275523136734,1.7406607839749353,1.6170512219730588,1.802213013724232,0.07438526083820118,0.1851617917511732,0.0,0.0,0.06464998024449198,0.06486224042787159,0.06486224042787159,0.004207110233323019,0.0,0.0,0.04893996355232877,0.048059394134946365,0.048059394134946365,0.002309705364618117,0.0,1.0,-0.06081522871333167,-0.06400168372300463,0.06400168372300463,0.004096215519379516,mid,mid,mid
87,0.5202888303604661,0.1777022631303949,2.9278683410952797,1.0,28,0.8012133585286744,medium,0.5253331999696299,0.5250853001980826,0.011395843205687182,0.5176047475243389,0.5329050640654043,0.5068620413899235,0.5440698344331812,0.01530031654106534,0.03720779304325772,0.18484517095211414,0.1846848826238687,0.006092416424863526,0.1808184628968142,0.18882116968370294,0.1749862946026773,0.19547090219187335,0.008002706786888747,0.02048460758919604,2.8443239257471182,2.8391634256833407,0.09045028420281526,2.784308605250063,2.902619781581922,2.6998287618169425,3.0008307305643047,0.11831117633185873,0.3010019687473622,1.0,1.0,0.005044369609163768,0.004796469837616502,0.004796469837616502,2.300612290316487e-05,0.0,1.0,0.007142907821719252,0.006982619493473813,0.006982619493473813,4.875697499064049e-05,0.0,1.0,-0.08354441534816148,-0.08870491541193903,0.08870491541193903,0.00786856201823926,low,mid,mid
88,0.6998620344194997,0.3987768232085656,1.755021841009708,1.0,22,0.7988299875374955,medium,0.7125548018097666,0.7166799901403007,0.042472928194931515,0.6841394666667839,0.7435400840769872,0.6348932147072025,0.7750885991591974,0.059400617410203305,0.14019538445199486,0.40481524042568096,0.4041435523408534,0.024068324100232373,0.3879895750531254,0.42061252404038085,0.36600635642110524,0.4444605705636706,0.03262294898725543,0.07845421414256537,1.761197743133458,1.7569007098699099,0.06188350433133835,1.7196674823682052,1.8015043806633118,1.6640116363936874,1.868832044718872,0.08183689829510654,0.20482040832518456,1.0,1.0,0.012692767390266924,0.016817955720801026,0.016817955720801026,0.0002828436346268239,1.0,1.0,0.006038417217115344,0.005366729132287806,0.005366729132287806,2.880178157934663e-05,1.0,1.0,0.006175902123749966,0.0018788688602018322,0.0018788688602018322,3.530148193836132e-06,high,mid,mid
89,0.39757296361371486,0.48933179807635274,0.8124813575913978,1.0,26,0.6531612458156991,medium,0.2692421335352442,0.2460224121622605,0.12322672923802126,0.16516294845749865,0.3575749067720895,0.11177387668787649,0.4980527499865248,0.19241195831459082,0.38627887329864835,0.35363876590847965,0.3796941122678429,0.1114430002839679,0.27546024811553027,0.4475283934412252,0.13720655688061317,0.49101488046614494,0.17206814532569492,0.35380832358553177,0.784102519021094,0.7720184303164138,0.27398715992997735,0.5844913595760851,0.9638206261281445,0.37156233987963744,1.2266229748642783,0.37932926655205934,0.8550606349846408,0.0,1.0,-0.12833083007847068,-0.15155055145145435,0.15155055145145435,0.022967569645239914,0.0,1.0,-0.1356930321678731,-0.10963768580850985,0.10963768580850985,0.012020422149445523,1.0,1.0,-0.028378838570303877,-0.04046292727498402,0.04046292727498402,0.0016372484836606456,high,low,low
90,0.826788013881755,0.4816598032027603,1.7165393673794054,1.0,11,0.6968520172113857,medium,0.8238163955459666,0.8427654526515285,0.07352166397799377,0.8006739222062718,0.8693084192405651,0.6858191093125597,0.9007894950769495,0.06863449703429336,0.21497038576438976,0.48108370436997944,0.4894250040681571,0.02276157952207991,0.47421362576712245,0.49699298680405357,0.43390458524802095,0.49969562337728934,0.022779361036931123,0.0657910381292684,1.710481367419359,1.725747032360816,0.11183742936490161,1.6694526892305155,1.7755693263785381,1.524360460969875,1.8430440605432912,0.10611663714802266,0.3186835995734161,1.0,1.0,-0.0029716183357884063,0.015977438769773422,0.015977438769773422,0.00025527854964185883,1.0,1.0,-0.0005760988327808692,0.007765200865396782,0.007765200865396782,6.029834447995893e-05,1.0,1.0,-0.006057999960046301,0.009207664981410568,0.009207664981410568,8.478109440989448e-05,high,mid,high
91,0.10645437907187422,0.33505321283106376,0.31772379728096883,1.0,18,0.8079476256898205,medium,0.24146854020481867,0.2182391682996175,0.10607201181804499,0.15720785036895812,0.30609241814176086,0.108945793340967,0.4497378940750935,0.14888456777280273,0.3407921007341265,0.34313091449804367,0.36252953320665593,0.104697385515841,0.2765516597380004,0.42749870777125476,0.14131660990920555,0.4801635817717345,0.15094704803325437,0.338846971862529,0.7281598893559591,0.7167899755941013,0.25162564616856775,0.5496883226841832,0.8886033140855935,0.339042973009322,1.1275093163774612,0.33891499140141024,0.7884663433681391,0.0,0.0,0.13501416113294445,0.11178478922774329,0.11178478922774329,0.012495839102690993,1.0,1.0,0.008077701666979908,0.027476320375592167,0.027476320375592167,0.0007549481813821813,0.0,0.0,0.41043609207499027,0.39906617831313246,0.39906617831313246,0.15925381467344882,mid,low,low
92,0.3023309557531372,0.09611281839428881,3.145584125031778,1.0,16,0.8334007118601676,medium,0.31377907727294063,0.3133633951154652,0.010729778702447703,0.30649147596307125,0.3208198583292145,0.29677950348624416,0.3320951787226797,0.014328382366143255,0.03531567523643553,0.10977937720437844,0.10953997708766489,0.006675709385878933,0.10518863839894016,0.11398234475175661,0.09929665055346587,0.12131955040681687,0.008793706352816455,0.022022899853351,2.8674822220401968,2.8583420535932493,0.18031936211858954,2.740323967200175,2.98297886905664,2.586989052162837,3.175686995928853,0.242654901856465,0.5886979437660158,0.0,1.0,0.011448121519803456,0.011032439362328006,0.011032439362328006,0.00012171471828344438,0.0,0.0,0.01366655881008963,0.013427158693376073,0.013427158693376073,0.00018028859057710465,0.0,1.0,-0.27810190299158144,-0.28724207143852887,0.28724207143852887,0.08250800760429693,low,high,low
93,0.5837482670716848,0.05212069668666211,11.199932160942666,1.0,19,0.7267681143094458,medium,0.580755108723058,0.580856661455894,0.02899910667532065,0.560820476568957,0.600123936385675,0.5321673975860721,0.62735285222309,0.03930345981671801,0.09518545463701789,0.06471462479407084,0.06419160841702859,0.004048086914745372,0.06191894296012916,0.06702035187959708,0.05905250601267037,0.07190950871695623,0.00510140891946792,0.012857002704285858,9.008674208208715,8.993603896990795,0.720412748110976,8.50470511489719,9.479223733604885,7.859026807752287,10.256635764457934,0.9745186187076946,2.397608956705647,1.0,1.0,-0.00299315834862679,-0.0028916056157908265,0.0028916056157908265,8.361383037273046e-06,0.0,0.0,0.012593928107408725,0.01207091173036648,0.01207091173036648,0.00014570691000229908,0.0,0.0,-2.1912579527339506,-2.206328263951871,2.206328263951871,4.867884408312877,low,high,mid
94,0.6329554610636837,0.13358610507573315,4.738183366487451,1.0,10,0.6447474720039371,medium,0.6639135709521354,0.6639931081042962,0.02045870854724775,0.6505472692852784,0.6775975642468756,0.6308953237635163,0.6973206562237719,0.027050294961597166,0.06642533246025561,0.18165671548660703,0.1815150948455194,0.0069207028763040015,0.1769627227261945,0.18629368360540813,0.1706999985056122,0.19332626482547147,0.009330960879213618,0.022626266319859256,3.659085000924026,3.654965494021028,0.158325634590849,3.548300539595506,3.7607496261185918,3.4158245625014088,3.9219458126390956,0.21244908652308592,0.5061212501376868,0.0,1.0,0.030958109888451713,0.031037647040612515,0.031037647040612515,0.0009633355338176428,0.0,0.0,0.048070610410873876,0.04792898976978624,0.04792898976978624,0.002297188060352274,0.0,0.0,-1.0790983655634254,-1.0832178724664234,1.0832178724664234,1.1733609592306848,low,high,mid
95,0.7439202550998762,0.46813178063454686,1.589125724580163,1.0,19,0.7628987555099834,medium,0.7623953035961188,0.7716903134450046,0.05858663771927756,0.7286627634197744,0.8061504216078434,0.6528220729660859,0.8391059780538725,0.07748765818806902,0.1862839050877867,0.45439782162971515,0.4583952894743364,0.027108096446326016,0.4376356505130133,0.47538058112683307,0.40425027277949005,0.491592815172654,0.03774493061381978,0.08734254239316397,1.677214239828743,1.6824149746641055,0.07205307844615393,1.6387761987607963,1.7233374616879291,1.5566938339727185,1.7819072539011371,0.08456126292713284,0.2252134199284186,1.0,1.0,0.018475048496242596,0.027770058345128357,0.027770058345128357,0.0007711761404918331,1.0,1.0,-0.013733959004831708,-0.00973649116021047,0.00973649116021047,9.479926011285663e-05,0.0,1.0,0.08808851524857997,0.0932892500839424,0.0932892500839424,0.008702884181224347,high,low,high
96,0.49366895263188737,0.10825757104750955,4.560133280796014,1.0,17,0.6687435542334101,medium,0.5258955820618821,0.5260928859734156,0.013476719661912093,0.5169557138290621,0.5345663951532588,0.5036960593247098,0.5481397946142643,0.01761068132419663,0.044443735289554476,0.13421951733622933,0.1340757157105033,0.005153960949203852,0.13074869801353084,0.13774866344091236,0.12587719515595674,0.142811355131797,0.006999965427381516,0.016934159975840246,3.923600033385376,3.916925337158557,0.17383316522513684,3.8010321305923362,4.036884684163798,3.653661530092149,4.21704552520953,0.23585255357146195,0.5633839951173809,0.0,0.0,0.03222662942999477,0.032423933341528266,0.032423933341528266,0.0010513114533358683,0.0,0.0,0.025961946288719784,0.02581814466299376,0.02581814466299376,0.0006665765938392731,0.0,0.0,-0.6365332474106382,-0.6432079436374574,0.6432079436374574,0.4137164587583265,low,high,mid
97,0.8038909102494669,0.2568870271459724,3.1293558074175047,1.0,17,0.6420507998140155,medium,0.8503070762651728,0.8527139835517634,0.03704443191201874,0.8248252261601988,0.8767629677072951,0.7866460957822146,0.9069628612873631,0.051937741547096294,0.12031676550514858,0.28635216935219276,0.28532070635776435,0.01347509878410679,0.27715432629897907,0.2944384126897446,0.2660138720042875,0.3102216294836125,0.017284086390765507,0.04420775747932498,2.9735290519388804,2.9664442922729126,0.14870744419649148,2.8676781589388227,3.065626546627996,2.741580866730368,3.2295057841960486,0.19794838768917344,0.4879249174656808,0.0,1.0,0.04641616601570586,0.048823073302296516,0.048823073302296516,0.002383692486681419,0.0,0.0,0.029465142206220374,0.028433679211791962,0.028433679211791962,0.0008084741135190904,0.0,1.0,-0.15582675547862435,-0.16291151514459212,0.16291151514459212,0.02654016176670667,mid,high,high
98,0.7966156676705138,0.2867688381971291,2.777901785559101,1.0,17,0.6755872729035227,medium,0.8088318722264743,0.8101348109478014,0.035275068049156706,0.7865579468778617,0.8339762895509436,0.7482454460591516,0.8623462846978844,0.04741834267308187,0.11410083863873288,0.31155331905807804,0.31055874641114317,0.0142655980496944,0.30198010140720044,0.3201678702870625,0.2895884047127469,0.3361508032572263,0.018187768879862065,0.04656239854447941,2.598702305260191,2.592434923503116,0.11158697500050575,2.522642483649454,2.671820649084134,2.424949125519893,2.7920280150865913,0.14917816543467977,0.3670788895666983,1.0,1.0,0.012216204555960508,0.013519143277287538,0.013519143277287538,0.00018276723495182882,0.0,0.0,0.02478448086094892,0.023789908214014055,0.023789908214014055,0.0005659597328312133,0.0,1.0,-0.17919948029890964,-0.18546686205598473,0.18546686205598473,0.03439795692089367,mid,mid,high
99,0.5333193990589671,0.44901721715923226,1.187748216946076,1.0,13,0.652036444918384,medium,0.41388059710490316,0.42182596187918486,0.13004614763519182,0.31407623794926354,0.5169398351916507,0.19383583158845094,0.6159773729701785,0.20286359724238712,0.42214154138172755,0.3989338514429187,0.41795102476053353,0.07937885841031149,0.361788809052801,0.458443009522442,0.23302818878193984,0.4906916644783004,0.09665420046964102,0.2576634756963606,1.0338813800886137,1.059046117890135,0.23115312894019055,0.8861416141436966,1.1949384076324667,0.6173402193297957,1.3699836422303755,0.3087967934887701,0.7526434229005798,0.0,1.0,-0.11943880195406392,-0.11149343717978222,0.11149343717978222,0.012430786534162044,1.0,1.0,-0.050083365716313555,-0.031066192398698733,0.031066192398698733,0.0009651083101529669,1.0,1.0,-0.15386683685746227,-0.1287020990559411,0.1287020990559411,0.016564230301405275,high,low,mid
0,0.4480770837070597,0.31665052577402086,1.4150523913130402,1.0,14,0.5954778684770071,strong,0.4515788955979136,0.452940530378462,0.08976057319577453,0.39051838792383686,0.5165998326230965,0.29940748172166426,0.595738196721861,0.12608144469925964,0.29633071500019675,0.370986823641853,0.37557155931992703,0.061535471606688374,0.3339907511243014,0.4168038697640256,0.2602123385328404,0.4624116420924639,0.08281311863972424,0.20219930355962346,1.2229542478166602,1.2346030951124458,0.17125311645255145,1.1293119705657186,1.3304398632458594,0.9282271759606177,1.4860786830930146,0.20112789268014075,0.557851507132397,1.0,1.0,0.003501811890853912,0.004863446671402316,0.004863446671402316,2.365311352557427e-05,0.0,1.0,0.05433629786783212,0.058921033545906165,0.058921033545906165,0.0034716881941177996,0.0,1.0,-0.19209814349638,-0.18044929620059436,0.18044929620059436,0.03256194849928984,mid,low,low
1,0.8656992231773614,0.3773758848611094,2.2939971998899082,1.0,25,0.4672481667567431,strong,0.865695489437631,0.870484659366751,0.039464078370742416,0.8424076394074229,0.8946372013641322,0.7960002658143055,0.9214860540783184,0.05222956195670925,0.1254857882640129,0.39217475051395617,0.39128747166818845,0.020272934191750223,0.3785546348003894,0.40461660761346063,0.36036887678368923,0.4257904293494413,0.02606197281307121,0.06542155256575205,2.209530323097428,2.207451994490901,0.08238436611630227,2.153236467517973,2.2602508277817823,2.079986633603714,2.3490029997575066,0.1070143602638094,0.26901636615379276,1.0,1.0,-3.7337397303938147e-06,0.004785436189389647,0.004785436189389647,2.2900399522720104e-05,0.0,1.0,0.014798865652846771,0.013911586807079046,0.013911586807079046,0.00019353224749089575,0.0,1.0,-0.08446687679248033,-0.08654520539900723,0.08654520539900723,0.00749007257755635,high,mid,high
2,0.13040313045335356,0.31647758845704255,0.41204538712874444,1.0,13,0.325329188392009,strong,0.20561145632218128,0.18605895943182515,0.08624407107991992,0.13755497487241464,0.2505598731108393,0.10495224419678348,0.38088569173882025,0.11300489823842469,0.27593344754203675,0.3181126314983219,0.33004327993731014,0.1055709767438867,0.24501994916734077,0.4053574135383648,0.12190790298075889,0.46841659179950773,0.16033746437102403,0.34650868881874886,0.6851175588152683,0.664872510489654,0.245903342718204,0.51504429837459,0.8195187764688625,0.33136343368192256,1.1157999190781773,0.3044744780942725,0.7844364853962548,0.0,1.0,0.07520832586882772,0.0556558289784716,0.0556558289784716,0.003097571299280879,1.0,1.0,0.0016350430412793715,0.013565691480267594,0.013565691480267594,0.0001840279853378048,0.0,1.0,0.2730721716865238,0.25282712336090957,0.25282712336090957,0.06392155430695258,mid,low,low
3,0.5228990509942999,0.18446438505338342,2.8346883917075623,1.0,24,0.34050228896349005,strong,0.5683721227052317,0.5687021500660778,0.013661199738070565,0.5594651419858352,0.5775848186381185,0.5450956994632545,0.5903341028052412,0.018119676652283312,0.0452384033419867,0.22459400219557332,0.22404524465460657,0.00751932452288796,0.2194519486991662,0.22966792292590665,0.21306393948745955,0.23739493441599602,0.010215974226740449,0.024330994928536465,2.5324322408075908,2.531708150082113,0.07434711351495482,2.478265896518976,2.581805724208981,2.418182716107742,2.657573308918258,0.10353982769000503,0.239390592810516,0.0,0.0,0.045473071710931845,0.04580309907177793,0.04580309907177793,0.002097923884579104,0.0,0.0,0.040129617142189905,0.03958085960122315,0.03958085960122315,0.0015666444467717388,0.0,0.0,-0.3022561508999715,-0.30298024162544923,0.30298024162544923,0.0917970268154156,low,mid,mid
4,0.2585507973881067,0.20910862294995536,1.2364425423526606,1.0,21,0.4224136635349441,strong,0.310343505251872,0.30628595555346505,0.0975740952251832,0.23916348943959342,0.37641292875486254,0.15405116907955999,0.4782910830868127,0.13724943931526912,0.3242399140072527,0.3408965565036674,0.35152641293584863,0.08398534892383674,0.2880288057444878,0.4070616605690825,0.18627367514803822,0.45656461391057157,0.11903285482459469,0.27029093876253335,0.9276433221179043,0.9445272697611887,0.227513261059415,0.7866813663136568,1.0728830497396353,0.5329798337620164,1.2582072214988342,0.2862016834259785,0.7252273877368178,1.0,1.0,0.051792707863765275,0.04773515816535834,0.04773515816535834,0.002278645325071777,0.0,1.0,0.13178793355371204,0.14241778998589327,0.14241778998589327,0.020282826904466002,0.0,1.0,-0.30879922023475626,-0.2919152725914719,0.2919152725914719,0.08521452637215333,mid,low,low
5,0.25998328631298845,0.3833953303326222,0.6781075974176181,1.0,17,0.5964514329406326,strong,0.2658580280253931,0.2517099348154237,0.11183778903575341,0.17335325558340287,0.3398900875577945,0.11539784023254927,0.4681154696483483,0.16653683197439162,0.35271762941579904,0.35388961641358474,0.3752242766039947,0.10215890704519251,0.28738578718541835,0.4364270029273882,0.15374764983422004,0.4826909964230633,0.14904121574196982,0.3289433465888433,0.7704156895825987,0.7687812424255975,0.25121101553807906,0.5933735828549906,0.9292656298321449,0.3748851750151204,1.1604858953569113,0.33589204697715425,0.7856007203417908,1.0,1.0,0.005874741712404652,-0.008273351497564752,0.008273351497564752,6.844834500225691e-05,1.0,1.0,-0.029505713919037446,-0.008171053728627475,0.008171053728627475,6.676611903611697e-05,1.0,1.0,0.09230809216498059,0.09067364500797948,0.09067364500797948,0.008221709899033081,high,low,low
6,0.5043321096504052,0.40230191813470506,1.2536159707832584,1.0,17,0.5904682044185241,strong,0.3919731960484578,0.3919868407878459,0.10873277380445152,0.31644944674218933,0.47018453088813306,0.2101026846092792,0.5679993873819154,0.15373508414594372,0.3578967027726362,0.37930312002320365,0.39225647227690286,0.07497196270883225,0.3398373847719444,0.43475833867204916,0.23437111993562562,0.4761653143160697,0.09492095390010474,0.24179419438044406,1.039559325125914,1.0603267812862258,0.21516534540803267,0.9121238349339839,1.1822155111518557,0.6510112651919178,1.3502277258439432,0.2700916762178719,0.6992164606520255,0.0,1.0,-0.11235891360194739,-0.1123452688625593,0.1123452688625593,0.012621459435800736,1.0,1.0,-0.022998798111501406,-0.010045445857802204,0.010045445857802204,0.00010091098248203546,0.0,1.0,-0.21405664565734428,-0.19328918949703255,0.19328918949703255,0.03736071077641976,high,low,mid
7,0.1782680912766364,0.4099814796292761,0.4348198641505331,1.0,11,0.30865309372820726,strong,0.25686393926894874,0.24006194598083191,0.11181341481083146,0.16512213240601425,0.32686512527334416,0.1126782448109112,0.47442471685742543,0.1617429928673299,0.3617464720465142,0.34217179021099775,0.3612526243069274,0.10876920846175182,0.26539638892212836,0.4323862470206896,0.13681596580095326,0.4828025038044977,0.16698985809856126,0.3459865380035444,0.7756722888539663,0.7719379175056692,0.253514110932862,0.5982635302536145,0.9381937268391922,0.37316253332122007,1.1956209461321394,0.33993019658557777,0.8224584128109194,1.0,1.0,0.07859584799231234,0.06179385470419552,0.06179385470419552,0.0038184804792032265,1.0,1.0,-0.06780968941827836,-0.04872885532234872,0.04872885532234872,0.002374501341026393,0.0,1.0,0.34085242470343324,0.3371180533551361,0.3371180533551361,0.1136485818979564,high,low,low
8,0.8610039871024447,0.1770050362455169,4.864290900221501,1.0,22,0.4912491639009246,strong,0.8811675431318262,0.8849506770613751,0.036626792515901126,0.8591485755110425,0.9076100313147455,0.813271415052158,0.9354956766042274,0.04846145580370298,0.12222426155206934,0.19138783002629847,0.19112682042757845,0.008843975287010461,0.18540134022870913,0.1970500971673796,0.17742499641719464,0.20647612780650046,0.011648756938670457,0.029051131389305818,4.613225607023088,4.603957829485887,0.2770066769538985,4.4238454406534995,4.793183988135623,4.177315891710393,5.078607178468953,0.3693385474821236,0.9012912867585605,1.0,1.0,0.02016355602938147,0.023946689958930345,0.023946689958930345,0.0005734439599891354,0.0,0.0,0.014382793780781583,0.014121784182061559,0.014121784182061559,0.00019942478848472404,0.0,1.0,-0.25106529319841364,-0.26033307073561396,0.26033307073561396,0.06777330771863418,low,high,high
9,0.5472010893876081,0.102793267143065,5.323316444704767,1.0,11,0.5317215337092212,strong,0.5756404141701407,0.5751155104004124,0.015446127862259382,0.5655240042636795,0.5863284726393053,0.5504132425863983,0.6012260235175811,0.020804468375625773,0.0508127809311828,0.17020513991935132,0.1700190411545967,0.006275279111921883,0.16600463275312644,0.17416004970726695,0.16030099341362297,0.18080106706957938,0.008155416954140515,0.020500073655956408,3.3856035385597196,3.381141337583842,0.1304588338903798,3.2993633551288486,3.470597182243634,3.1757917991769085,3.6015038143698717,0.17123382711478552,0.4257120151929632,0.0,0.0,0.028439324782532527,0.02791442101280428,0.02791442101280428,0.0007792149004800891,0.0,0.0,0.06741187277628632,0.06722577401153171,0.06722577401153171,0.004519304691449532,0.0,0.0,-1.9377129061450478,-1.9421751071209252,1.9421751071209252,3.7720441467201775,low,high,mid
10,0.2517689382898641,0.4954444867079704,0.5081678069782702,1.0,16,0.5457405240079221,strong,0.24389096966720308,0.2268708114320711,0.10079251955594128,0.16133133630563945,0.31051296018645075,0.10959515128895683,0.4301789400951072,0.1491816238808113,0.32058378880615035,0.33340486233706734,0.3524934801725279,0.1022763497006468,0.26189799296178906,0.4154657535089444,0.1391801094689247,0.4701325603477679,0.15356776054715532,0.3309524508788432,0.7581226504943748,0.7528636352362009,0.2465635283522452,0.5879117236032568,0.9153142440732339,0.3636189707669301,1.1592767878855816,0.3274025204699771,0.7956578171186515,1.0,1.0,-0.007877968622660991,-0.024898126857792968,0.024898126857792968,0.0006199167210267515,0.0,0.0,-0.16203962437090308,-0.14295100653544252,0.14295100653544252,0.02043499026949613,0.0,1.0,0.24995484351610453,0.24469582825793068,0.24469582825793068,0.05987604836683471,high,low,low
11,0.17114771024641995,0.23212940214148786,0.7372944084959204,1.0,29,0.5367427368542159,strong,0.26313034817282394,0.2463143328345952,0.11517239547455532,0.16900330602248065,0.33735530073505954,0.11055281903351026,0.48397521899496326,0.1683519947125789,0.373422399961453,0.3471343292511061,0.37193702003836093,0.10879100842337819,0.27298876074212824,0.43643600650256903,0.13669508089044433,0.4859604097278341,0.16344724576044078,0.3492653288373898,0.7826171676040335,0.7721741467515267,0.26164103576286124,0.5982252525864578,0.9560455108862437,0.3701057077774407,1.2123741928950236,0.3578202582997859,0.8422684851175829,1.0,1.0,0.09198263792640399,0.07516662258817525,0.07516662258817525,0.005650021151313177,0.0,1.0,0.11500492710961824,0.13980761789687307,0.13980761789687307,0.019546170021998065,1.0,1.0,0.04532275910811312,0.03487973825560631,0.03487973825560631,0.0012165961407796062,mid,low,low
12,0.7301643093696458,0.2958090606622248,2.468363571200403,1.0,15,0.4141751272850625,strong,0.8446252344503317,0.847596384126932,0.041023118353203186,0.8196256066007045,0.8745571128580919,0.7708225822102152,0.9044927798529421,0.05493150625738741,0.13367019764272692,0.382804323180776,0.38187343219434833,0.01973383410174844,0.36898196728772187,0.3957942494044293,0.3516944673181771,0.4165416021669292,0.026812282116707442,0.0648471348487521,2.2081193662143273,2.204197245561369,0.08016968868404394,2.1525674110320674,2.2572658746326875,2.0810277812319358,2.34618080210543,0.10469846360062007,0.26515302087349424,0.0,0.0,0.11446092508068584,0.11743207475728612,0.11743207475728612,0.013790292181800836,0.0,0.0,0.08699526251855122,0.08606437153212354,0.08606437153212354,0.007407076047219397,0.0,0.0,-0.2602442049860758,-0.26416632563903386,0.26416632563903386,0.06978384760162808,mid,mid,high
13,0.9071248050539563,0.25506527841057447,3.556441749761691,1.0,23,0.5995019443824467,strong,0.9023519932219953,0.9069342280109696,0.037129912173713725,0.8809786688366433,0.9285903392489331,0.8320509514782404,0.9550200403087952,0.04761167041228975,0.1229690888305548,0.2544295393411937,0.2535583899286238,0.01317721611538414,0.24573230452147019,0.26221448303018885,0.23520426080281917,0.2763440664428887,0.016482178508718665,0.041139805640069554,3.554128037721517,3.5458448819929576,0.20641387146947482,3.411020221633251,3.686821849481803,3.228934319404397,3.885022600084336,0.2758016278485518,0.6560882806799393,1.0,1.0,-0.004772811831960988,-0.00019057704298675038,0.00019057704298675038,3.63196093135737e-08,1.0,1.0,-0.0006357390693807474,-0.0015068884819506856,0.0015068884819506856,2.2707128970356417e-06,1.0,1.0,-0.002313712040173943,-0.010596867768733365,0.010596867768733365,0.00011229360650802004,mid,high,high
14,0.9132984579736263,0.293768519384819,3.1089051334913815,1.0,14,0.3478961530625059,strong,0.9923911118423498,0.997431357128892,0.016921564798776014,0.9924184633506803,0.9993099108330014,0.9693832998231177,0.9999609034509588,0.006891447482321067,0.03057760362784112,0.35462890787246454,0.3580821580856232,0.04297631405955349,0.3401191531078943,0.3778714561809865,0.2912331830174702,0.4070216553195082,0.037752303073092186,0.11578847230203798,2.8947423758019517,2.757595086935665,1.0219638748946103,2.630004611348861,2.9071266894959216,2.446602076788198,3.432951480896577,0.2771220781470607,0.9863494041083789,0.0,0.0,0.07909265386872355,0.08413289915526567,0.08413289915526567,0.007078344720270103,0.0,1.0,0.06086038848764552,0.0643136387008042,0.0643136387008042,0.004136244122937579,0.0,1.0,-0.21416275768942983,-0.3513100465557164,0.3513100465557164,0.12341874881097963,mid,high,high
15,0.8114977892239558,0.21885782867888204,3.70787645167869,1.0,12,0.5267754486853311,strong,0.9452590173035771,0.952861505660332,0.03292661020500989,0.9298062828178345,0.9687259690041977,0.8823930515705032,0.9844064683502747,0.03891968618636321,0.10201341677977149,0.3039351360784086,0.30294267796168306,0.01635331738144671,0.2932986699052683,0.31359570243346613,0.27904414160562513,0.3315706051855557,0.02029703252819781,0.05252646357993057,3.117280677707878,3.104562461149305,0.1726090914400749,3.003032341587823,3.224241415128679,2.8476149739013015,3.4225280191701293,0.22120907354085606,0.5749130452688278,0.0,0.0,0.13376122807962132,0.14136371643637624,0.14136371643637624,0.01998370032470419,0.0,0.0,0.08507730739952657,0.08408484928280102,0.08408484928280102,0.007070261878911363,0.0,0.0,-0.5905957739708123,-0.6033139905293852,0.6033139905293852,0.36398777116849107,mid,high,high
16,0.414987696622405,0.05626286701329477,7.3758718432237815,1.0,26,0.5287507691217577,strong,0.4335339855169789,0.43332571248121216,0.01442159622981913,0.42370850374760993,0.4435001510510038,0.410068463641397,0.4571464293091885,0.01979164730339389,0.04707796566779149,0.07960153945264703,0.07927863431057836,0.004271537709145792,0.07664722436431627,0.08208573256124035,0.0733169575661635,0.0872452077809732,0.005438508196924083,0.013928250214809701,5.4618482104035335,5.446427308078535,0.34464550776050473,5.230233329330728,5.682400898706824,4.89843865948531,6.037727477273055,0.4521675693760958,1.1392888177877447,0.0,1.0,0.018546288894573937,0.018338015858807177,0.018338015858807177,0.00033628282563786356,0.0,0.0,0.02333867243935226,0.023015767297283586,0.023015767297283586,0.0005297255442827086,0.0,0.0,-1.914023632820248,-1.9294445351452465,1.9294445351452465,3.722756214201856,low,high,low
17,0.8659768380352417,0.4189683110996103,2.066926817836002,1.0,18,0.4263990270282747,strong,0.8743329267903391,0.8822712685897617,0.046237142839009523,0.8492480795552063,0.9075606514559795,0.7918558323689213,0.9327914770047757,0.058312571900773214,0.1409356446358544,0.44641540973981075,0.4484107476848376,0.02395343060020878,0.43055446614767307,0.4635652343185896,0.4041279710447486,0.4834003199892481,0.03301076817091653,0.07927234894449947,1.9597539879389536,1.9553060096268295,0.06853105711573922,1.9137865152828197,2.003590212156658,1.8570392468107386,2.07768962159165,0.08980369687383827,0.22065037478091143,1.0,1.0,0.008356088755097413,0.016294430554519956,0.016294430554519956,0.00026550846709607354,0.0,1.0,0.02744709864020045,0.029442436585227272,0.029442436585227272,0.0008668570720751294,0.0,1.0,-0.10717282989704846,-0.11162080820917253,0.11162080820917253,0.012459204825268877,high,mid,high
18,0.3719741214156488,0.19954984105573564,1.8640662375258612,1.0,28,0.3965484129343471,strong,0.444608244478864,0.4439446733320303,0.014549733813597249,0.434818050082851,0.45425077396482727,0.4217328899217476,0.4685408282712185,0.019432723881976255,0.04680793834947089,0.24993570637302093,0.24942079700054431,0.01187773136909864,0.24178476222364118,0.2575682711100207,0.23161622944789595,0.27082406335075265,0.0157835088863795,0.039207833902856704,1.7810282438916174,1.780157159840257,0.06234715981300857,1.7374274250914854,1.8218997706807651,1.6819917210760325,1.887128522258849,0.08447234558927974,0.20513680118281652,0.0,0.0,0.0726341230632152,0.07197055191638152,0.07197055191638152,0.005179760343148568,0.0,0.0,0.05038586531728528,0.04987095594480867,0.04987095594480867,0.0024871122468490474,0.0,1.0,-0.0830379936342438,-0.08390907768560418,0.08390907768560418,0.007040733318048758,low,mid,low
19,0.5965005318337268,0.19855388725543704,3.0042248987366156,1.0,14,0.5982114440420128,strong,0.6722320021385901,0.6721336515657765,0.020978801944043564,0.6582183443102918,0.6863178119068041,0.6377089139286207,0.7069724221805374,0.028099467596512273,0.06926350825191663,0.26534400516090095,0.26496904631010865,0.009601913761570867,0.2585928152450322,0.27176673297151627,0.2503595867957766,0.2814986718351021,0.013173917726484075,0.031139085039325498,2.5351920237614642,2.532737798994045,0.08264367218368654,2.4808695956366966,2.588139804611945,2.4035638239561896,2.679955239219043,0.10727020897524842,0.27639141526285327,0.0,0.0,0.07573147030486338,0.07563311973204978,0.07563311973204978,0.0057203688004025775,0.0,0.0,0.06679011790546391,0.0664151590546716,0.0664151590546716,0.004410973352257327,0.0,0.0,-0.46903287497515134,-0.4714870997425704,0.4714870997425704,0.22230008522366054,low,high,mid
20,0.8261474130228024,0.4036134749498376,2.0468776795063115,1.0,22,0.3425298160411486,strong,0.8634086583500206,0.8684259956555315,0.0426825433093059,0.8389832078157242,0.8953328098849757,0.7846410192307929,0.9220863386207298,0.05634960206925144,0.13744531938993687,0.4352417240790832,0.4351509261686165,0.0228870932391613,0.4195370379599588,0.45173547749935694,0.39761913355564676,0.47262825252792867,0.03219843953939816,0.07500911897228191,1.985049628533314,1.9838229512461645,0.0644537877092364,1.9409588877147772,2.0271341515416106,1.8829479937837585,2.0937814197707696,0.08617526382683338,0.21083342598701105,0.0,1.0,0.037261245327218195,0.0422785826327291,0.0422785826327291,0.0017874785494325026,0.0,1.0,0.031628249129245556,0.03153745121877888,0.03153745121877888,0.0009946108293768573,0.0,1.0,-0.061828050972997595,-0.06305472826014702,0.06305472826014702,0.003975898755960983,high,mid,high
21,0.9477736778764508,0.1074628085345575,8.819550603608775,1.0,30,0.3082827672358233,strong,0.931029195217477,0.9392989309278414,0.04043914465601509,0.9108777465767436,0.9609810523279267,0.851418532267334,0.9780881459532815,0.05010330575118316,0.12666961368594754,0.11590346477973021,0.11573405172584611,0.006149272716306875,0.1116685877423236,0.11985212373049318,0.10624262781159781,0.1261171375400863,0.00818353598816958,0.01987450972848849,8.057179776150742,8.037539400606153,0.579573249815453,7.670669141492617,8.443932699343247,7.122867774904489,9.002488599822344,0.7732635578506297,1.879620824917855,1.0,1.0,-0.01674448265897388,-0.00847474694860939,0.00847474694860939,7.182133584296417e-05,0.0,1.0,0.008440656245172706,0.008271243191288608,0.008271243191288608,6.841346392943814e-05,0.0,1.0,-0.7623708274580334,-0.7820112030026216,0.7820112030026216,0.6115415216216075,low,high,high
22,0.8016883048501701,0.4848073381357573,1.6536224635809424,1.0,30,0.5970436805355017,strong,0.7992793109988514,0.8113834556540283,0.060129290229129655,0.7663688024231222,0.8430022636575702,0.6865041943835902,0.8711376101821655,0.07663346123444803,0.18463341579857528,0.4617968749598906,0.46691502495912707,0.026468234682467957,0.4461881587305733,0.4828327432817834,0.41056607507592574,0.4943852381614851,0.03664458455121006,0.08381916308555937,1.7302849336001938,1.734005845749736,0.07770123598160741,1.6894692002059493,1.7783081753860759,1.6076302013245425,1.8414693165567486,0.08883897518012662,0.23383911523220613,1.0,1.0,-0.0024089938513186526,0.009695150803858188,0.009695150803858188,9.399594910955207e-05,0.0,1.0,-0.023010463175866747,-0.01789231317663026,0.01789231317663026,0.0003201348708106168,0.0,1.0,0.0766624700192513,0.0803833821687936,0.0803833821687936,0.006461488128894324,high,mid,high
23,0.554491909448532,0.06803157775035758,8.150507863910558,1.0,21,0.42633706541564,strong,0.5970780787691021,0.5972202271590695,0.019221094826158344,0.5841022827958713,0.6100461368078531,0.5651731350375762,0.6287750540728632,0.02594385401198185,0.063601919035287,0.09920613412297133,0.09897709093214803,0.004418416917658565,0.0961577803005515,0.10185458485379446,0.09246012893241494,0.1069252873730574,0.005696804553242965,0.014465158440642459,6.029821191599163,6.01960866875382,0.32003626464109625,5.81092013208146,6.237259290173721,5.513637428612712,6.557105942390588,0.4263391580922615,1.043468513777876,0.0,0.0,0.04258616932057013,0.04272831771053753,0.04272831771053753,0.0018257091343726354,0.0,0.0,0.03117455637261375,0.03094551318179045,0.03094551318179045,0.0009576247860843666,0.0,0.0,-2.120686672311395,-2.130899195156738,2.130899195156738,4.5407313799196345,low,high,mid
24,0.9698012809137599,0.49891715262890207,1.943812265831447,1.0,22,0.5984431811721711,strong,0.9299406080709207,0.9385151221968713,0.0396239824230212,0.9172622789814424,0.9544798595077769,0.8508072737499955,0.9738589115803415,0.037217580526334504,0.123051637830346,0.48017104385870385,0.48540423655397236,0.017818679486786927,0.47197448108098494,0.49380022510233995,0.44379072100076494,0.4986471114044106,0.02182574402135501,0.05485639040364565,1.936981801117289,1.9352861735088651,0.0551497027105033,1.9062628189737285,1.967932951832935,1.8536734644036745,2.024794081376514,0.06167013285920642,0.17112061697283942,0.0,1.0,-0.03986067284283923,-0.03128615871688867,0.03128615871688867,0.0009788237272583488,0.0,0.0,-0.018746108770198222,-0.013512916074929715,0.013512916074929715,0.0001825989008480939,1.0,1.0,-0.0068304647141579355,-0.008526092322581835,0.008526092322581835,7.269425029318892e-05,high,mid,high
25,0.5297603414384228,0.47162999636431946,1.1232541304035282,1.0,24,0.4392162604368836,strong,0.33574865887526345,0.3317726228910613,0.11484386075136911,0.2503403062768298,0.41660912603330696,0.15681886243347334,0.5354201895052151,0.16626881975647717,0.37860132707174177,0.3624198016775055,0.3783544298316323,0.08726277153891486,0.31319068304806885,0.4319609421523738,0.19755173683082966,0.475560488996305,0.11877025910430494,0.2780087521654753,0.9343261088159992,0.9465493903702611,0.23344812436918494,0.7865796971601873,1.094005298639569,0.5239452748922109,1.2786409187261967,0.3074256014793817,0.7546956438339858,0.0,1.0,-0.19401168256315932,-0.19798771854736147,0.19798771854736147,0.03919913669558922,0.0,1.0,-0.10921019468681398,-0.09327556653268715,0.09327556653268715,0.008700331311993747,0.0,1.0,-0.18892802158752897,-0.17670474003326708,0.17670474003326708,0.031224565150224502,high,low,mid
26,0.36904588156670104,0.3930157913074754,0.9390103139086808,1.0,27,0.3187725760088833,strong,0.24587345067697625,0.22945779645431102,0.09775134667065316,0.16988649914882695,0.30817238671917163,0.11259954228799608,0.43593520884952563,0.13828588757034468,0.32333566656152957,0.33531343901044847,0.35214180245930893,0.09842596959916866,0.27044489326421584,0.41228449670425665,0.15054038754051147,0.4723023215683733,0.14183960344004082,0.32176193402786185,0.7568876515621589,0.7520695202643343,0.23769825228819677,0.5915806718550984,0.9126374443731755,0.38558744480747636,1.1319383875033582,0.32105677251807707,0.7463509426958819,0.0,1.0,-0.1231724308897248,-0.13958808511239001,0.13958808511239001,0.01948483350534384,1.0,1.0,-0.057702352297026915,-0.040873988848166454,0.040873988848166454,0.0016706829643600356,0.0,1.0,-0.18212266234652197,-0.18694079364434657,0.18694079364434657,0.03494686032837817,high,low,low
27,0.3180263022640479,0.05556132064187366,5.7238794648874505,1.0,18,0.5473067127525686,strong,0.3466243822633631,0.3463411162815423,0.01192269581081305,0.33872633111835215,0.3545520673307564,0.32651222414721554,0.36658496546333474,0.01582573621240424,0.04007274131611921,0.08902247775624003,0.08876099422339581,0.005946817503871841,0.08501589190558212,0.09256516579876696,0.07997277900857735,0.09903632417642438,0.007549273893184841,0.01906354516784703,3.911019036129124,3.9071801909371793,0.29528514227917585,3.6950605667223195,4.098271426487878,3.4647132239402447,4.4046420635822745,0.4032108597655588,0.9399288396420298,0.0,0.0,0.02859807999931524,0.028314814017494416,0.028314814017494416,0.0008017286928452983,0.0,0.0,0.03346115711436637,0.03319967358152215,0.03319967358152215,0.0011022183259196197,0.0,0.0,-1.8128604287583263,-1.8166992739502712,1.8166992739502712,3.3003962519714425,low,high,low
28,0.6324651337119632,0.17782424566556188,3.5566867237072657,1.0,12,0.3973429668813398,strong,0.7440943837538243,0.7445630016109361,0.02974292707745178,0.7239112809969287,0.7641795695566016,0.6953885201827438,0.793625800606843,0.040268288559672905,0.09823728042409918,0.29170931009815987,0.2911373588148353,0.012527683794253917,0.28292992693036817,0.29956982904986956,0.27233162371765185,0.3125669571709128,0.016639902119501393,0.04023533345326097,2.553032798547498,2.5476358627591864,0.09962415519406514,2.483585886312517,2.617137943326915,2.3960257970671353,2.726812652615957,0.13355205701439798,0.3307868555488218,0.0,0.0,0.11162925004186108,0.11209786789897291,0.11209786789897291,0.012565931987495583,0.0,0.0,0.113885064432598,0.11331311314927345,0.11331311314927345,0.012839861611580046,0.0,0.0,-1.0036539251597678,-1.0090508609480793,1.0090508609480793,1.0181836399800601,low,high,mid
29,0.9382964795291376,0.1863803149001111,5.03431105389005,1.0,13,0.49508135550144017,strong,0.9857900311561113,0.99370892028557,0.023821911994065425,0.9845469566993967,0.9975549836448927,0.9471781693515665,0.9995871723870157,0.013008026945495965,0.05240900303544915,0.23363861843957523,0.2341617311655161,0.018181882363038998,0.2239237129423671,0.24395463409359477,0.20450678714280068,0.26139909792579685,0.020030921151227676,0.05689231078299617,4.24962722942961,4.20126979217037,0.4292511821467918,4.01620441044903,4.410087082293094,3.763754297765709,4.880385066889797,0.39388267184406356,1.1166307691240882,0.0,0.0,0.04749355162697366,0.05541244075643237,0.05541244075643237,0.003070538590585127,0.0,0.0,0.04725830353946414,0.047781416265405025,0.047781416265405025,0.002283063740327912,0.0,0.0,-0.7846838244604406,-0.8330412617196803,0.8330412617196803,0.6939577437275168,low,high,high
30,0.578598570959476,0.30448575023853897,1.9002484369340524,1.0,25,0.550016725152142,strong,0.5991479348292706,0.5995008260502201,0.022739233453884886,0.583445541157771,0.6143654277731101,0.5622896189634411,0.6357355573278327,0.030919886615339065,0.07344593836439162,0.33244652089832466,0.3315017408596028,0.015158972201769604,0.3217191592507148,0.34243099992866066,0.3083490553421665,0.35779959874700507,0.020711840677945847,0.049450543404838565,1.8035730082797767,1.802414820076748,0.05284635909101864,1.7664391882115522,1.839258078718026,1.7183578799393706,1.8912431729600796,0.07281889050647372,0.17288529302070899,0.0,1.0,0.020549363869794668,0.02090225509074417,0.02090225509074417,0.0004369042678785406,0.0,0.0,0.027960770659785694,0.027015990621063857,0.027015990621063857,0.0007298637492374103,0.0,0.0,-0.0966754286542757,-0.0978336168573044,0.0978336168573044,0.009571416587381837,mid,mid,mid
31,0.6804511002252784,0.0697084452236049,9.761386845490305,1.0,18,0.4179912435116703,strong,0.7082725863683904,0.709076211547452,0.027068109438674572,0.6903276240254872,0.7269566239042613,0.6617827592090091,0.7516227424315586,0.036628999878774104,0.08983998322254949,0.10448008236462678,0.10427421961863015,0.00464052682144118,0.10117500275737386,0.10765223889475807,0.09735769685064936,0.11239720074512201,0.0064772361373842124,0.015039503894472644,6.791898273583791,6.782535615121069,0.3907568535548924,6.524469769384561,7.0485800669368786,6.1689850175119005,7.4560523814761845,0.5241102975523173,1.287067363964284,0.0,1.0,0.027821486143111973,0.028625111322173602,0.028625111322173602,0.0008193969982068313,0.0,0.0,0.03477163714102187,0.03456577439502524,0.03456577439502524,0.0011947927595277825,0.0,0.0,-2.9694885719065143,-2.9788512303692363,2.9788512303692363,8.873554652672313,low,high,mid
32,0.5305852080188661,0.40486246179554475,1.3105319907055528,1.0,13,0.5875676806069178,strong,0.4210334470167363,0.42815765972363345,0.11882456270511572,0.33536071233900117,0.5102945909277545,0.21634088781830754,0.6067719891265076,0.17493387858875337,0.39043110130820013,0.39637457067435855,0.4094912148678822,0.07177967267923095,0.3566647318486895,0.45086247262339113,0.2608681825037274,0.4873891499067229,0.09419774077470161,0.2265209674029955,1.06083867165437,1.0860391816540735,0.21798616493731807,0.932945031442655,1.2126514452743886,0.6694744672161675,1.3622553958624273,0.27970641383173367,0.6927809286462597,0.0,1.0,-0.10955176100212982,-0.10242754829523265,0.10242754829523265,0.010491402649772217,1.0,1.0,-0.008487891121186197,0.004628753072337455,0.004628753072337455,2.1425355004673426e-05,0.0,1.0,-0.24969331905118275,-0.22449280905147928,0.22449280905147928,0.05039702131582394,high,low,mid
33,0.9390419293437126,0.3022214396104524,3.107132076910521,1.0,25,0.44279388143317944,strong,0.9558703253381056,0.9634514255548945,0.030434090980514784,0.9416341606148257,0.9773477054852426,0.8986307760302756,0.9897670309890076,0.03571354487041689,0.09113625495873201,0.30918369933460643,0.3080079379822911,0.017776267483861165,0.2969744565435606,0.3198541795928766,0.2827470137673422,0.33955315969276423,0.022879723049316014,0.05680614592542205,3.1001682603244594,3.09134497770855,0.18022888450624308,2.9803935096123833,3.209757611384787,2.838747475067774,3.4072476915664143,0.22936410177240374,0.5685002164986401,0.0,1.0,0.01682839599439301,0.024409496211181936,0.024409496211181936,0.0005958235052837053,1.0,1.0,0.006962259724154041,0.0057864983718387,0.0057864983718387,3.348356340729192e-05,1.0,1.0,-0.006963816586061711,-0.015787099201971078,0.015787099201971078,0.00024923250121287584,mid,high,high
34,0.6270636539631633,0.4343076723695009,1.4438235699176625,1.0,24,0.37508013476133506,strong,0.572736079438294,0.5800617412747147,0.08584178165804897,0.517350813342782,0.6380617295267919,0.4190630878884212,0.6963965555675167,0.12071091618400986,0.27733346767909545,0.43134734888656023,0.4375375558685667,0.04204106844931399,0.4053037739175312,0.4636577044220561,0.35452966667772434,0.4880227913677285,0.05835393050452492,0.13349312469000418,1.3247453144019063,1.3424485644616542,0.12626706800257756,1.2568043210752515,1.4107849674772066,1.1011550835131618,1.4958665716710429,0.15398064640195508,0.39471148815788104,1.0,1.0,-0.05432757452486936,-0.047001912688448666,0.047001912688448666,0.0022091797963725516,1.0,1.0,-0.0029603234829406744,0.0032298834990657777,0.0032298834990657777,1.0432147417537392e-05,0.0,1.0,-0.11907825551575613,-0.1013750054560083,0.1013750054560083,0.010276891731205714,high,low,mid
35,0.6830652503663882,0.08764931003394032,7.793161749954288,1.0,19,0.36820746869288506,strong,0.7332315253357483,0.7337360221778657,0.02559033053338675,0.715926938036314,0.7508080000738506,0.6906761282801712,0.7737483235879251,0.0348810620375366,0.0830721953077539,0.12618595290351772,0.12587132963580766,0.005246399416457186,0.12253233681856657,0.12961852684269487,0.11816130504805801,0.13566419172649938,0.007086190024128303,0.017502886678441368,5.819820010794405,5.81875098072349,0.29864132115340625,5.619094387019286,6.022073348911179,5.337760775632974,6.323668958642566,0.4029789618918924,0.9859081830095917,0.0,0.0,0.0501662749693601,0.0506707718114775,0.0506707718114775,0.002567527115970823,0.0,0.0,0.038536642869577406,0.038222019601867344,0.038222019601867344,0.0014609227824455315,0.0,0.0,-1.9733417391598822,-1.974410769230798,1.974410769230798,3.8982978856545514,low,high,mid
36,0.21339016411921197,0.224053806259968,0.9524058871448803,1.0,16,0.43030149820254704,strong,0.3157353359946411,0.30268793898190105,0.13457890840775696,0.20817750827710005,0.4172324499138675,0.11746227695986713,0.5531160132601118,0.20905494163676744,0.43565373630024473,0.3821042013795776,0.4095252261089969,0.10025839783341967,0.32576830014841507,0.4630288774490832,0.17159872423548062,0.4939057680570455,0.13726057730066815,0.3223070438215649,0.8304003995599962,0.8389960028834453,0.26092527309348423,0.6487012276477092,1.0178171581945568,0.3926255668326662,1.2269739567947475,0.36911593054684755,0.8343483899620814,1.0,1.0,0.10234517187542913,0.08929777486268908,0.08929777486268908,0.007974092595427506,0.0,1.0,0.1580503951196096,0.18547141984902887,0.18547141984902887,0.03439964758081474,1.0,1.0,-0.12200548758488405,-0.11340988426143495,0.11340988426143495,0.01286180184819207,mid,low,low
37,0.6524115054225231,0.07414747152347503,8.79883685873186,1.0,25,0.3960641164613583,strong,0.6714007632499193,0.6720503808485546,0.02605272996195246,0.6541160552194563,0.6885920037866965,0.6283569918511983,0.7131786758260428,0.03447594856724023,0.08482168397484446,0.09688813226871318,0.09679078645321346,0.004448185542302065,0.09379815243023429,0.09969753047171942,0.08981026608470961,0.10446345678746316,0.0058993780414851316,0.014653190702753546,6.9434160597401755,6.934769593320267,0.4037643698843391,6.656316503773759,7.205768287059113,6.283227384333818,7.631033989373505,0.5494517832853543,1.347806605039687,0.0,1.0,0.018989257827396133,0.019638875426031488,0.019638875426031488,0.00038568542799918344,0.0,0.0,0.022740660745238145,0.022643314929738423,0.022643314929738423,0.000512719711007315,0.0,0.0,-1.8554207989916849,-1.8640672654115935,1.8640672654115935,3.474746769979056,low,high,mid
38,0.8021185332490429,0.32716583600565746,2.451718501668898,1.0,28,0.44212802405840534,strong,0.8329749365170545,0.8352759368287166,0.03750485370439127,0.8094442353560525,0.8587444691465853,0.7687937668594493,0.888256234488898,0.04930023379053283,0.11946246762944868,0.3486679870479743,0.34782229047701585,0.016453541504960496,0.33746412367237166,0.35901526888852875,0.32347490055863526,0.3772874779703849,0.021551145216157086,0.05381257741174966,2.390972654790474,2.387557685656917,0.09275219150619181,2.3289355531513145,2.4497160902185295,2.2496624281962676,2.5468330567249278,0.12078053706721503,0.29717062852866016,0.0,1.0,0.030856403268011534,0.03315740357967367,0.03315740357967367,0.0010994134121453565,0.0,1.0,0.02150215104231684,0.020656454471358388,0.020656454471358388,0.00042668911132730193,0.0,1.0,-0.0607458468784241,-0.06416081601198087,0.06416081601198087,0.004116610311323261,mid,mid,high
39,0.1289024642823298,0.120195308954259,1.072441723423535,1.0,18,0.5348860371395823,strong,0.3400984862736987,0.3372019296845424,0.12123907929114393,0.24607067130659077,0.42720472233643386,0.15086006486058712,0.5480230445211742,0.1811340510298431,0.3971629796605871,0.377683284931931,0.39473386810084,0.08441373087024565,0.32814741517507573,0.44407617630055174,0.21775290796550043,0.4828434457666768,0.11592876112547601,0.2650905378011764,0.900616807210625,0.9235907929788416,0.23331537564403967,0.7485448721354047,1.0720637813794307,0.48362429640852733,1.2426421128375833,0.32351890924402604,0.759017816429056,0.0,0.0,0.21119602199136892,0.20829946540221259,0.20829946540221259,0.04338866728684756,0.0,0.0,0.257487975977672,0.274538559146581,0.274538559146581,0.07537142045828074,0.0,1.0,-0.17182491621291007,-0.14885093044469344,0.14885093044469344,0.022156599494250966,low,low,low
40,0.6100214388353437,0.4010674703646353,1.5209945555562892,1.0,20,0.364548327399578,strong,0.6961957528933536,0.7146307944896659,0.0852510644439367,0.649314693161539,0.7586510588472783,0.5346670095290929,0.8001236902567295,0.10933636568573935,0.2654566807276366,0.46097518088624534,0.469144732470802,0.03314410795880343,0.44341883004159893,0.48674421430817616,0.3965408615347249,0.4973670528126173,0.04332538426657723,0.10082619127789239,1.5069831465394459,1.528394314863579,0.12163744447605596,1.454354978625178,1.5854402528253964,1.280500264483216,1.6546189081886,0.13108527420021843,0.37411864370538406,0.0,1.0,0.0861743140580099,0.10460935565432228,0.10460935565432228,0.010943117290412488,0.0,1.0,0.059907710521610036,0.06807726210616671,0.06807726210616671,0.004634513615871722,1.0,1.0,-0.01401140901684328,0.007399759307289866,0.007399759307289866,5.4756437805822996e-05,high,low,mid
41,0.7095257625358456,0.23870144668975574,2.9724401438506076,1.0,25,0.3620696379472838,strong,0.7154161978307554,0.7156788951903368,0.023348011044649408,0.699770108822114,0.7319729922876742,0.6766821636505911,0.7527711020113014,0.03220288346556022,0.07608893836071029,0.2563354724134043,0.25590913976022944,0.009156109143375009,0.25010968892696106,0.26232760294129054,0.24190476161970167,0.27230789929543703,0.012217914014329478,0.030403137675735353,2.792919421820011,2.7885831978368474,0.0975945115668607,2.7227662819468845,2.860586697237956,2.64148136823381,2.9639952074458065,0.13782041529107136,0.3225138392119966,1.0,1.0,0.005890435294909735,0.0061531326544911336,0.0061531326544911336,3.78610414637651e-05,0.0,0.0,0.017634025723648583,0.017207693070473706,0.017207693070473706,0.00029610470080762883,0.0,0.0,-0.17952072203059677,-0.18385694601376024,0.18385694601376024,0.03380337659750675,mid,high,mid
42,0.42013207618160076,0.31493863804506667,1.3340124882405864,1.0,28,0.5623563335882766,strong,0.4339097075552915,0.43332894613392053,0.07074217072367128,0.38402673030760753,0.483269206788798,0.32144487614719275,0.5526933391575204,0.09924247648119044,0.23124846301032764,0.35635904944415514,0.3576396792731271,0.05165489524467641,0.3223962081870908,0.3928314453930639,0.26941753353177644,0.44034865383440874,0.07043523720597311,0.1709311203026323,1.2225510145580083,1.2282144900418626,0.139813106373962,1.1453382068281757,1.3067136830286823,0.9952726979035539,1.4391753716046136,0.16137547620050663,0.44390267370105974,1.0,1.0,0.013777631373690757,0.013196869952319779,0.013196869952319779,0.00017415737653844062,0.0,1.0,0.041420411399088475,0.042701041228060455,0.042701041228060455,0.0018233789219605186,0.0,1.0,-0.11146147368257808,-0.10579799819872382,0.10579799819872382,0.011193216422857168,mid,low,low
43,0.646856221655137,0.34792665329482797,1.859174097556132,1.0,12,0.47401933936469187,strong,0.7548473037168602,0.7702024767546218,0.0751520519745161,0.7195987271988536,0.807683427489585,0.6117560395248219,0.8432357260409307,0.08808470029073134,0.23147968651610873,0.46220465729601334,0.46840822558720685,0.030057445297094025,0.44725714055302784,0.48576989566605056,0.40353667592710357,0.49705589877305395,0.03851275511302271,0.09351922284595038,1.6311993494620756,1.6426889957141038,0.10533137574270962,1.5894573150127849,1.6924227080140346,1.4550606914676536,1.7666603762209268,0.10296539300124974,0.31159968475327315,0.0,1.0,0.10799108206172314,0.12334625509948483,0.12334625509948483,0.015214298647067186,0.0,0.0,0.11427800400118537,0.12048157229237888,0.12048157229237888,0.014515809262043718,0.0,0.0,-0.22797474809405638,-0.21648510184202818,0.21648510184202818,0.046865799319553314,mid,mid,mid
44,0.8946029656533341,0.4340135723523933,2.0612326955687217,1.0,27,0.38962578874021353,strong,0.8539773732101631,0.8599800433085865,0.04589719613801451,0.8285400809689641,0.8866840819872186,0.7700230163782211,0.9154615590203656,0.058144001018254454,0.1454385426421445,0.425920461632555,0.4263980529718412,0.0245967552406596,0.40987094636500737,0.4427931155394087,0.3839512240542333,0.46547694476904816,0.03292216917440133,0.08152572071481484,2.006700420978319,2.0010751515969503,0.07312110709360266,1.9581556003545342,2.0507269220449755,1.8950076104412328,2.1390276416548564,0.09257132169044135,0.2440200312136236,0.0,1.0,-0.04062559244317099,-0.03462292234474762,0.03462292234474762,0.001198746751690424,1.0,1.0,-0.008093110719838315,-0.007615519380552105,0.007615519380552105,5.799613543556471e-05,0.0,1.0,-0.054532274590402885,-0.06015754397177142,0.06015754397177142,0.003618930096715612,high,mid,high
45,0.3889708334867428,0.13795508935958536,2.8195468198558085,1.0,10,0.43065117665941743,strong,0.4545520823648874,0.45444069434807477,0.015215619771322563,0.44403548762149014,0.46485777535305356,0.4296801689973628,0.48034247692652166,0.020822287731563416,0.05066230792915888,0.25534589269669955,0.2547484941135719,0.012789851330512986,0.24638569670672164,0.26354336113887067,0.23541343558203717,0.2772928431035578,0.017157664432149028,0.04187940752152061,1.7825230393876772,1.7815354713136466,0.06426224550851455,1.7386217451689419,1.8249736540662715,1.6799096016594448,1.8919818376877657,0.08635190889732969,0.21207223602832093,0.0,0.0,0.06558124887814465,0.065469860861332,0.065469860861332,0.004286302681202172,0.0,0.0,0.11739080333711419,0.11679340475398656,0.11679340475398656,0.01364069939402853,0.0,0.0,-1.0370237804681313,-1.0380113485421618,1.0380113485421618,1.0774675597023173,low,mid,low
46,0.5732129632816306,0.297086885295682,1.9294455314347798,1.0,19,0.44673206985370845,strong,0.6816700905872706,0.6815818629404979,0.03586787283534102,0.6580081177942368,0.7059942766631532,0.6231476358886235,0.7392507764445194,0.04798615886891633,0.11610314055589588,0.385710426142311,0.3845777412343707,0.0215001513428062,0.3711211914962303,0.3996652724984257,0.3522149834528914,0.4236363483952118,0.02854408100219541,0.07142136494232043,1.768468970553153,1.7667102035840097,0.056573352101510835,1.729934453962765,1.8027763567118067,1.6821911381450618,1.8642709243091464,0.07284190274904168,0.1820797861640846,0.0,0.0,0.10845712730563994,0.10836889965886731,0.10836889965886731,0.011743818413273653,0.0,0.0,0.08862354084662899,0.08749085593868872,0.08749085593868872,0.007654649872884382,0.0,0.0,-0.1609765608816267,-0.16273532785077016,0.16273532785077016,0.026482786930697652,mid,mid,mid
47,0.3640248690354113,0.172749938025899,2.1072358878695288,1.0,15,0.45511202204518697,strong,0.44916844337658174,0.44865898300454954,0.021787251676700457,0.43349877783986057,0.4642599786312391,0.41429486010378774,0.48441468977033575,0.030761200791378507,0.070119829666548,0.27591179015763906,0.2753480536026534,0.018697719723092747,0.2632025042788129,0.2878246961548254,0.24722502738135277,0.3073888446826097,0.0246221918760125,0.06016381730125692,1.6314433980887362,1.6294984917212223,0.07451877441082501,1.578958638552314,1.6812550158453012,1.5134939513091934,1.7577694619035844,0.10229637729298724,0.244275510594391,0.0,0.0,0.08514357434117042,0.08463411396913822,0.08463411396913822,0.007162933247341078,0.0,0.0,0.10316185213174006,0.10259811557675441,0.10259811557675441,0.010526373319901056,0.0,0.0,-0.4757924897807926,-0.47773739614830646,0.47773739614830646,0.2282330196785639,low,mid,low
48,0.21796739364066992,0.42382327010684423,0.5142884051310377,1.0,21,0.5277930658092016,strong,0.26266099837908186,0.24055621605256558,0.11606072564588756,0.167722663918097,0.340773537608125,0.11088552194472427,0.4853316879676858,0.173050873690028,0.3744461660229615,0.35509947264221825,0.37559616276364505,0.10435569745292927,0.284929500722626,0.44221295430918706,0.15407410038842556,0.4867592532512398,0.15728345358656104,0.33268515286281425,0.7536017928286375,0.7535901518334759,0.24630818528836146,0.5710078518160251,0.9317784299234305,0.3607963225583039,1.1500146279050218,0.3607705781074054,0.7892183053467179,1.0,1.0,0.04469360473841194,0.022588822411895665,0.022588822411895665,0.0005102548979561599,1.0,1.0,-0.06872379746462598,-0.04822710734319918,0.04822710734319918,0.0023258538826924566,0.0,1.0,0.2393133876975998,0.2393017467024382,0.2393017467024382,0.05726532597483789,high,low,low
49,0.3079954720057795,0.1512845985782021,2.0358679925145875,1.0,28,0.531469785385843,strong,0.372852708392746,0.37279113475119807,0.013254511516044468,0.36384214378384855,0.3814865580564356,0.3509408168282241,0.39446333055718497,0.01764441427258706,0.04352251372896088,0.20144343739053475,0.20103290228964632,0.011021620959177372,0.194107712335225,0.208274184928887,0.18340984048848774,0.22000583127388448,0.014166472593661994,0.03659599078539674,1.8541746834549344,1.8515292212837489,0.07912953149653822,1.8011680238019547,1.9053859129113846,1.7280210409387247,1.9896562601091532,0.10421788910942986,0.26163521917042853,0.0,0.0,0.0648572363869665,0.06479566274541859,0.06479566274541859,0.004198477910618027,0.0,0.0,0.05015883881233266,0.04974830371144423,0.04974830371144423,0.0024748937221660957,0.0,0.0,-0.18169330905965309,-0.18433877123083864,0.18433877123083864,0.03398078257889546,low,mid,low
50,0.3895086084998789,0.35641730310792774,1.0928442730007715,1.0,11,0.562383653289404,strong,0.36327341960696957,0.3602739723673128,0.12353590447320612,0.26793080511916256,0.4533526438872665,0.16755426938308643,0.5742599919894101,0.18542183876810392,0.4067057226063237,0.3770737055532552,0.3915540502485989,0.08381084170344982,0.3291350268947968,0.4438631622849853,0.21009748872945821,0.48200720018828114,0.1147281353901885,0.2719097114588229,0.9671352169306292,0.9826197998096365,0.24716959905361924,0.8102342188451015,1.1343482760806158,0.5372151200011045,1.3362555806414396,0.32411405723551434,0.7990404606403351,1.0,1.0,-0.026235188892909322,-0.029234636132566105,0.029234636132566105,0.0008546639498035397,1.0,1.0,0.02065640244532746,0.035136747140671165,0.035136747140671165,0.0012345909996274633,1.0,1.0,-0.12570905607014227,-0.11022447319113493,0.11022447319113493,0.012149434490263223,mid,low,low
51,0.13137981120683875,0.31115114976071623,0.4222379101214102,1.0,28,0.5858072688038268,strong,0.240771950454283,0.2215982536264153,0.10568344871075638,0.1557396092216046,0.3065294463261853,0.10693229538283071,0.4476456698642683,0.1507898371045807,0.34071337448143757,0.3443260051506105,0.3624391799745392,0.10593979479875282,0.2754133386848868,0.4317809774061986,0.14254833152285853,0.4835413961510388,0.15636763872131176,0.34099306462818024,0.7227161097780633,0.7172551196818177,0.24615124773048772,0.5490480163365838,0.8740370554250371,0.34638316975985817,1.1143711056516445,0.3249890390884532,0.7679879358917864,0.0,1.0,0.10939213924744426,0.09021844241957655,0.09021844241957655,0.00813936735261445,1.0,1.0,0.03317485538989429,0.051288030213823,0.051288030213823,0.002630462043214021,0.0,1.0,0.3004781996566531,0.29501720956040745,0.29501720956040745,0.08703515393680936,mid,low,low
52,0.10205383514896565,0.07391975475424808,1.3806029996751408,1.0,14,0.42524329660655735,strong,0.2304839585603687,0.21357335934113889,0.09408697064915864,0.15442318391339738,0.28761602924439444,0.10841890724907718,0.4102204563881086,0.13319284533099707,0.30180154913903146,0.3002542070774991,0.30991797967749424,0.11012250003348598,0.21699720531248973,0.3891728159776043,0.11151048943419833,0.46540240872898486,0.17217561066511455,0.35389191929478653,0.827131191578039,0.8082372636151989,0.295435772779393,0.6101476530025544,0.9991111017180996,0.3923031115937233,1.3593164644424045,0.3889634487155452,0.9670133528486813,0.0,0.0,0.12843012341140306,0.11151952419217323,0.11151952419217323,0.01243660427604871,0.0,0.0,0.22633445232325103,0.23599822492324615,0.23599822492324615,0.05569516216692308,0.0,0.0,-0.5534718080971017,-0.5723657360599419,0.5723657360599419,0.3276025358154391,low,low,low
53,0.20745551514891025,0.3840615066346258,0.5401622176790334,1.0,21,0.4688403322354891,strong,0.2826662322369378,0.2684891881301503,0.11800275901930288,0.18922342916572524,0.3615918279184822,0.11603648121347929,0.5033164634427292,0.17236839875275697,0.38727998222924986,0.3500046853822995,0.37149828675871743,0.10420860021405177,0.2841395903090266,0.43329940123285776,0.1480703073968581,0.4855251070897715,0.14915981092383118,0.33745479969291337,0.8284284749385681,0.8312558034993358,0.26157830141077293,0.6473585044509338,0.9902942738442786,0.4055132512051601,1.2497643910013916,0.3429357693933448,0.8442511397962316,1.0,1.0,0.07521071708802757,0.06103367298124007,0.06103367298124007,0.0037251092375809544,1.0,1.0,-0.034056821252326286,-0.01256321987590836,0.01256321987590836,0.00015783449365041886,0.0,1.0,0.2882662572595347,0.2910935858203024,0.2910935858203024,0.08473547570572178,high,low,low
54,0.13129217289116146,0.40524895094095176,0.32397905679043165,1.0,16,0.3138451893738203,strong,0.20141948967275747,0.18337715559031853,0.08295312199220607,0.13691863756965975,0.24370972173184005,0.10448080605074411,0.36936961648504396,0.1067910841621803,0.26488881043429985,0.31119973505931475,0.3209019322783622,0.10698991703737601,0.23412443084375556,0.39633936823852534,0.1172775731207465,0.4685586789399697,0.16221493739476978,0.3512811058192232,0.6927600285380948,0.6761661178145978,0.25148650838941966,0.5211583786567627,0.8279869756611704,0.3281893413339175,1.122529035638028,0.3068285970044077,0.7943396943041106,0.0,1.0,0.070127316781596,0.05208498269915707,0.05208498269915707,0.002712845422771491,0.0,1.0,-0.094049215881637,-0.08434701866258953,0.08434701866258953,0.0071144195572672275,0.0,0.0,0.36878097174766317,0.35218706102416614,0.35218706102416614,0.12403572595283972,high,low,low
55,0.3566914394774898,0.3428672264856582,1.0403194354080672,1.0,13,0.39317469099350605,strong,0.29467403910758194,0.278868249718436,0.13265888040814575,0.18271116889032346,0.3898544643771615,0.11117607897357903,0.5414593563707372,0.20714329548683802,0.4302832773971581,0.3682839003332726,0.3959055607814085,0.10646690369082012,0.3032945713344082,0.45637141425164335,0.15938305493075958,0.4926819076654625,0.15307684291723517,0.33329885273470294,0.8122542540628978,0.8049988398525247,0.2757963523148622,0.608369289265453,1.001442610808005,0.36742734481046957,1.2659380323114644,0.39307332154255203,0.8985106875009948,1.0,1.0,-0.06201740036990788,-0.07782318975905383,0.07782318975905383,0.006056448864273702,1.0,1.0,0.02541667384761437,0.05303833429575028,0.05303833429575028,0.0028130649048677603,0.0,1.0,-0.2280651813451694,-0.2353205955555424,0.2353205955555424,0.055375782692615165,mid,low,low
56,0.8137141094890772,0.06399496879157417,12.715282542589724,1.0,14,0.3916688661591761,strong,0.8780912150230499,0.8832836997582816,0.045357666522124605,0.8521202201650008,0.9119181632562258,0.7951436116897143,0.9401579375250878,0.05979794309122499,0.14501432583537355,0.10215162598355615,0.10190120651830235,0.005672310515541982,0.09822411735044581,0.10585536122301896,0.09316749184562113,0.11191203460219822,0.0076312438725731485,0.01874454275657708,8.624377224636158,8.60425515053937,0.6826537344829136,8.162174399142978,9.050282532851075,7.550180681953942,9.749256981398698,0.888108133708096,2.199076299444756,0.0,1.0,0.06437710553397269,0.0695695902692044,0.0695695902692044,0.004839927890224979,0.0,0.0,0.03815665719198198,0.03790623772672819,0.03790623772672819,0.0014368828585952314,0.0,0.0,-4.090905317953567,-4.111027392050355,4.111027392050355,16.900546218188342,low,high,high
57,0.8081422476297532,0.46835793355720395,1.725480000929778,1.0,24,0.5891399634299761,strong,0.7594923562895811,0.7661245998235615,0.053411774280028745,0.7281474796403207,0.7982909795167615,0.662887856451316,0.832858923326412,0.07014349987644086,0.169971066875096,0.44126801198278837,0.4435666681464973,0.02667650462064821,0.42380254104803194,0.46139028652642905,0.3949331686046604,0.4810599579768284,0.037587745478397105,0.086126789372168,1.7212629413341207,1.722078539448788,0.06800160068370065,1.6814249184210834,1.763415351045559,1.6087504752650077,1.828744345721819,0.08199043262447558,0.2199938704568114,0.0,1.0,-0.04864989134017206,-0.04201764780619166,0.04201764780619166,0.0017654827271651628,0.0,1.0,-0.027089921574415587,-0.024791265410706642,0.024791265410706642,0.0006146068406640996,1.0,1.0,-0.004217059595657213,-0.0034014614809898536,0.0034014614809898536,1.1569940206657688e-05,high,mid,high
58,0.49785376868516906,0.4526374543610356,1.099895211694231,1.0,29,0.5769330256421372,strong,0.35869982015083385,0.3572275067692302,0.11327025958804171,0.274797523956201,0.44404315566937047,0.1701055665129771,0.5427434825162702,0.16924563171316948,0.37263791600329316,0.3757158859299359,0.38960089148983235,0.07768327425709022,0.3297838769995627,0.4353893673415104,0.2317634782945641,0.4770828932739753,0.10560549034194772,0.2453194149794112,0.9577874300408905,0.9784957749922703,0.22486820430741997,0.8181739624559239,1.1141915000156615,0.5446106788042967,1.294372266269271,0.2960175375597376,0.7497615874649742,0.0,1.0,-0.13915394853433521,-0.14062626191593885,0.14062626191593885,0.019775745540450234,0.0,1.0,-0.07692156843109971,-0.06303656287120324,0.06303656287120324,0.003973608258615159,1.0,1.0,-0.1421077816533406,-0.12139943670196085,0.12139943670196085,0.014737823231553399,high,low,mid
59,0.8841563192358652,0.2061563436317927,4.288766009621417,1.0,23,0.42553109661727295,strong,0.9078557683557726,0.9135341442522993,0.0374277636678502,0.8865779944567431,0.9349016675115609,0.8399056993768943,0.9588889287882489,0.04832367305481777,0.11898322941135464,0.22499081107459562,0.22465940098952594,0.010504940767049102,0.2178369629025241,0.23155072088638912,0.2090226323058971,0.24261644540988367,0.01371375798386501,0.03359381310398657,4.042730957523287,4.029140704566494,0.2351301027969143,3.8794658756466904,4.193605958784455,3.6811323295815432,4.433708074265975,0.31414008313776476,0.7525757446844317,0.0,1.0,0.0236994491199074,0.029377825016434045,0.029377825016434045,0.000863056602696218,0.0,0.0,0.018834467442802927,0.01850305735773325,0.01850305735773325,0.0003423631315835665,0.0,1.0,-0.24603505209813026,-0.2596253050549233,0.2596253050549233,0.06740529902486199,mid,high,high
60,0.695312474942793,0.1102009368716553,6.309496948765359,1.0,18,0.4127561851449365,strong,0.744830155609754,0.7453377897534239,0.02673051508221701,0.7268523016592695,0.763076814525421,0.6999009215059128,0.7877124253199874,0.03622451286615147,0.08781150381407465,0.14414142927532358,0.1440020298429309,0.006074846152795099,0.13998037614437586,0.14782927588397238,0.13455430517227124,0.15465614279686782,0.007848899739596515,0.02010183762459658,5.175321422042677,5.169474051900194,0.2643766471842226,4.988523518967652,5.349495856823156,4.760801427877106,5.628577232842803,0.36097233785550387,0.8677758049656967,0.0,0.0,0.04951768066696094,0.05002531481063088,0.05002531481063088,0.0025025321219027258,0.0,0.0,0.03394049240366828,0.03380109297127559,0.03380109297127559,0.0011425138860528164,0.0,0.0,-1.1341755267226823,-1.1400228968651653,1.1400228968651653,1.2996522053768433,low,high,mid
61,0.7760809675766361,0.06439216932993784,12.05241220559117,1.0,18,0.46678935157402657,strong,0.8045472930558342,0.8067847667568723,0.044006937541702554,0.7782359907259776,0.8361018702697509,0.7264032159502976,0.8695552315367603,0.05786587954377331,0.14315201558646273,0.08624315231136104,0.08604797709450408,0.004836502157930318,0.08292231320933192,0.0893159785859209,0.07878860263147423,0.09456499461979712,0.006393665376588975,0.015776391988322883,9.359604401802386,9.341706459368636,0.7546385011518784,8.836562685377206,9.848133638926424,8.141340158612477,10.636821847306267,1.0115709535492172,2.49548168869379,0.0,1.0,0.02846632547919803,0.030703799180236135,0.030703799180236135,0.0009427232841002692,0.0,0.0,0.021850982981423198,0.021655807764566243,0.021655807764566243,0.0004689740099358476,0.0,0.0,-2.6928078037887833,-2.7107057462225335,2.7107057462225335,7.347925642603862,low,high,high
62,0.6926493289471474,0.07033325201539932,9.84810611054204,1.0,21,0.33306873726005215,strong,0.754259612255606,0.7562424996522316,0.03144891652689726,0.7340882913225433,0.7763169307292188,0.6989283644684825,0.8043054610723647,0.04222863940667554,0.10537709660388217,0.10545157117925565,0.10518084504748625,0.004700377389338301,0.10228766371589407,0.10849088546125912,0.09795467216896604,0.11332235378594814,0.006203221745365056,0.015367681616982098,7.166909412324745,7.1575982590236125,0.43945095665038403,6.864565468308728,7.450972167370681,6.462230509909161,7.924872053903122,0.5864066990619534,1.4626415439939606,0.0,0.0,0.061610283308458635,0.06359317070508419,0.06359317070508419,0.004044091360325978,0.0,0.0,0.035118319163856326,0.034847593032086926,0.034847593032086926,0.0012143547401299534,0.0,0.0,-2.6811966982172954,-2.6905078515184284,2.6905078515184284,7.23883249908231,low,high,mid
63,0.17081752345314216,0.3570562764978222,0.4784050433970849,1.0,19,0.3191810219906539,strong,0.2721915588105586,0.25062843743216123,0.12295177419067335,0.16959393245400642,0.3542951734823756,0.11036460031776846,0.5046730105886323,0.18470124102836918,0.3943084102708639,0.3602776851217804,0.3836241858233558,0.1054058454496511,0.29373305890913237,0.44771759944580386,0.14583561566611042,0.48965945569834207,0.1539845405366715,0.34382384003223165,0.7724933900649805,0.757169953841203,0.2707020836250619,0.5768829435474154,0.9525839170493795,0.35850087809002873,1.2361490121811116,0.3757009735019641,0.8776481340910829,1.0,1.0,0.10137403535741646,0.07981091397901907,0.07981091397901907,0.006369781990166382,1.0,1.0,0.0032214086239581996,0.0265679093255336,0.0265679093255336,0.0007058538059297753,0.0,1.0,0.29408834666789563,0.2787649104441181,0.2787649104441181,0.07770987529491719,mid,low,low
64,0.4878692141639617,0.36443261789488635,1.3387089689778489,1.0,27,0.419598339936426,strong,0.4978035584333284,0.5133193602787864,0.12826867753245103,0.4136447495869766,0.5976909937656225,0.2671720953036363,0.6771775093225663,0.1840462441786459,0.41000541401893,0.4135239503421135,0.4278692965118399,0.06617806570658802,0.3794210009260004,0.4647016522068944,0.2793567275493669,0.4919769266304993,0.08528065128089402,0.2126201990811324,1.1992690057522386,1.2422069150725576,0.2247794842279429,1.0875799592973499,1.3504145396527718,0.76379305956933,1.494311986798235,0.26283458035542195,0.7305189272289051,1.0,1.0,0.009934344269366735,0.025450146114824768,0.025450146114824768,0.0006477099372659302,0.0,1.0,0.04909133244722713,0.06343667861695357,0.06343667861695357,0.004024212193950654,1.0,1.0,-0.13943996322561025,-0.09650205390529121,0.09650205390529121,0.00931264640793973,high,low,mid
65,0.5531034153183075,0.3074284440404491,1.7991289551774017,1.0,10,0.3208515966564468,strong,0.6340553348137141,0.6524030978356086,0.10581787881037082,0.5713583412050649,0.7137705434805408,0.43427896931734233,0.7679405002195202,0.1424122022754759,0.33366153090217787,0.44592971706097323,0.4564894881654799,0.046084365569757285,0.4230438780515624,0.4815305136719688,0.3579311686711064,0.4962074051207434,0.0584866356204064,0.138276236449637,1.4185674055172088,1.4455031879398659,0.16798024178683052,1.3433708295332984,1.52544572441033,1.1102022291403948,1.6359233710124474,0.18207489487703166,0.5257211418720527,0.0,1.0,0.08095191949540659,0.09929968251730104,0.09929968251730104,0.009860426948036781,0.0,0.0,0.13850127302052412,0.1490610441250308,0.1490610441250308,0.022219194875644378,0.0,0.0,-0.38056154966019284,-0.3536257672375358,0.3536257672375358,0.12505118325433584,mid,mid,mid
66,0.8231370173509157,0.35996250375417993,2.2867298920474224,1.0,13,0.3708409965482202,strong,0.9362859912624132,0.9461748125554497,0.039594560013432645,0.9225015734170183,0.9621053293944646,0.857498203140199,0.9784814892200706,0.03960375597744625,0.12098328607987163,0.46755033989483447,0.4707835363470908,0.020981322513780543,0.4557430737854949,0.48399820315640985,0.427736894661047,0.494474129896076,0.028255129370914955,0.066737235235029,2.0036140505748907,1.997481613884507,0.060392574072666835,1.9631238101075308,2.038360326386288,1.9179568528021644,2.109463172998842,0.07523651627875738,0.19150632019667735,0.0,0.0,0.11314897391149747,0.12303779520453395,0.12303779520453395,0.015138299048792837,0.0,0.0,0.10758783614065454,0.11082103259291087,0.11082103259291087,0.012281301264959014,0.0,0.0,-0.28311584147253166,-0.2892482781629153,0.2892482781629153,0.08366456642021124,high,mid,high
67,0.9729409378178898,0.30622373780610534,3.1772224608986264,1.0,25,0.48523125949434676,strong,0.9620027678850694,0.9696066515692437,0.030297012156074044,0.9503909369700154,0.9830142809572646,0.905824453934913,0.9928473030258524,0.0326233439872492,0.08702284909093949,0.30888737456414744,0.30715635340643477,0.01981496992061342,0.29565230889405086,0.3204707119066917,0.2797207452901545,0.34478346009686284,0.02481840301264082,0.06506271480670833,3.125460832952212,3.1173134347207503,0.20108160688746582,2.992668389531863,3.242948448975923,2.822158466130875,3.4532206648288635,0.25028005944405995,0.6310621986979883,1.0,1.0,-0.010938169932820374,-0.003334286248646068,0.003334286248646068,1.1117464787910267e-05,1.0,1.0,0.0026636367580420983,0.0009326156003294228,0.0009326156003294228,8.697718579778098e-07,1.0,1.0,-0.05176162794641437,-0.05990902617787608,0.05990902617787608,0.003589091417581441,mid,high,high
68,0.8846866367444676,0.26690167527330877,3.3146537422012945,1.0,24,0.3327125088440665,strong,0.8960964247868712,0.9003831469104648,0.037731327786762824,0.8748227865663036,0.9239958772152759,0.8265573206084139,0.9485835001710075,0.04917309064897224,0.12202617956259354,0.27251929561357446,0.27166353361939244,0.013935406502718727,0.2633856881171387,0.2806674760627689,0.25081033052815266,0.29533984564442206,0.017281787945630178,0.0445295151162694,3.294359604567432,3.282974672831817,0.18081403976413665,3.173188802850171,3.404641913802115,3.0206762638297104,3.611151385681088,0.2314531109519442,0.5904751218513775,1.0,1.0,0.011409788042403668,0.01569651016599727,0.01569651016599727,0.0002463804313912556,1.0,1.0,0.005617620340265694,0.004761858346083669,0.004761858346083669,2.26752949081667e-05,1.0,1.0,-0.02029413763386234,-0.031679069369477286,0.031679069369477286,0.0010035634361161541,mid,high,high
69,0.7063770301831419,0.39352479088154085,1.7950000776336759,1.0,18,0.5036991392038306,strong,0.7759003109456862,0.7806178116282756,0.047211163283931504,0.7467738491965139,0.8099007251524615,0.6891177908553126,0.8434658753039601,0.06312687595594757,0.15434808444864756,0.420977690972933,0.4210902054526977,0.02487836230679739,0.40296617738326235,0.4385881692807306,0.3802052788262089,0.46127802720325545,0.03562199189746823,0.08107274837704653,1.8439457796800214,1.8414134564840574,0.0645242098565088,1.799927904287357,1.8847624880950824,1.7457470666416006,1.9527043113527796,0.08483458380772535,0.20695724471117893,0.0,1.0,0.06952328076254433,0.07424078144513369,0.07424078144513369,0.005511693629584106,0.0,1.0,0.027452900091392174,0.027565414571156854,0.027565414571156854,0.0007598520804797467,0.0,1.0,0.04894570204634552,0.04641337885038155,0.04641337885038155,0.002154201736309045,high,mid,mid
70,0.4668466330722183,0.28840455068938126,1.6187214520585826,1.0,28,0.3315877742206224,strong,0.5282301776234781,0.5293499553004593,0.03382738865675049,0.5060672651809421,0.5504506017861098,0.47033221862933183,0.584223866928705,0.04438333660516769,0.11389164829937315,0.3454772568650321,0.34459974894879863,0.025549638045928438,0.3280629435132185,0.36231169772219285,0.30529605079338834,0.3889763125866023,0.03424875420897433,0.08368026179321397,1.5315601096045934,1.5279010574457932,0.06918886371177572,1.4834018199107684,1.5742842153034513,1.4277580421146943,1.65249643177442,0.09088239539268295,0.2247383896597257,0.0,0.0,0.06138354455125983,0.06250332222824095,0.06250332222824095,0.00390666528956732,0.0,0.0,0.057072706175650856,0.05619519825941738,0.05619519825941738,0.003157900307415226,0.0,1.0,-0.08716134245398921,-0.09082039461278946,0.09082039461278946,0.008248344077622797,mid,low,low
71,0.20051808236377655,0.09506682307147996,2.109233020367249,1.0,26,0.4151160790095346,strong,0.26449802101498143,0.2623994002067354,0.026718551356720445,0.24646653524354928,0.28259884085059084,0.223145084680933,0.309687650105303,0.03613230560704156,0.08654256542437003,0.1686825814184976,0.16642227619673527,0.031701868494565966,0.14681252390640143,0.18965447263031174,0.11992975475963114,0.2235300762512938,0.04284194872391031,0.10360032149166268,1.6081251139639967,1.5946635645110248,0.2532303443563691,1.4312791095790296,1.7594193387252608,1.2328700859620465,2.0560097529754087,0.3281402291462312,0.8231396670133622,0.0,0.0,0.06397993865120488,0.06188131784295886,0.06188131784295886,0.0038292974979812987,0.0,0.0,0.07361575834701764,0.07135545312525532,0.07135545312525532,0.005091600690710509,0.0,0.0,-0.5011079064032522,-0.5145694558562242,0.5145694558562242,0.2647817249001706,low,mid,low
72,0.35667434644350093,0.24678525147785718,1.4452822618352603,1.0,27,0.5003785280414655,strong,0.44380874541494586,0.4429497798130863,0.0645375333334902,0.40043815319107273,0.4891262460709628,0.3377149267371004,0.5473626462951144,0.08868809287989005,0.20964771955801403,0.3442569159664208,0.34490603406636955,0.049561424086309196,0.31260055077454885,0.3771653889253456,0.26177287219151946,0.42612571560771706,0.06456483815079678,0.1643528434161976,1.296611873379512,1.2934066714005514,0.1377491833235647,1.2165271834309175,1.3742226279012546,1.0787824097829135,1.511585177274843,0.15769544447033712,0.4328027674919295,0.0,1.0,0.08713439897144493,0.08627543336958537,0.08627543336958537,0.007443450403109766,0.0,0.0,0.09747166448856359,0.09812078258851237,0.09812078258851237,0.009627687975782112,0.0,1.0,-0.14867038845574831,-0.15187559043470888,0.15187559043470888,0.023066194969891436,mid,low,low
73,0.42188585895507347,0.3349740742104266,1.259458242998382,1.0,10,0.33238260662451546,strong,0.3192880399808819,0.31523776269549647,0.11040948321504983,0.23748261119348146,0.4006954143203877,0.1470333844278539,0.5061972175084095,0.16321280312690623,0.3591638330805556,0.3599988548386799,0.37689204478330907,0.08760836280980948,0.3060138693890086,0.4274828730039967,0.19390275460953055,0.47568668753661875,0.12146900361498808,0.2817839329270882,0.8970904295455522,0.9112691123265171,0.2318352811556394,0.754651178838271,1.0476419769294563,0.4926428041032776,1.2670203942080567,0.2929907980911852,0.7743775901047791,0.0,1.0,-0.10259781897419157,-0.106648096259577,0.106648096259577,0.011373816435792002,1.0,1.0,0.025024780628253307,0.04191797057288249,0.04191797057288249,0.0017571162569490423,0.0,1.0,-0.36236781345282987,-0.34818913067186497,0.34818913067186497,0.12123567071802906,mid,low,low
74,0.9358930038548361,0.1758631374955666,5.321712197238773,1.0,22,0.543462836191084,strong,0.9497831134110328,0.9574678964390756,0.034855208104589114,0.934425545953717,0.9746542981577659,0.882411430901189,0.9880031594710258,0.04022875220404898,0.10559172856983678,0.1920868030869186,0.19167207656082852,0.010375872196597937,0.18517094380617682,0.19829927828313731,0.17565277538293417,0.20902004897077647,0.01312833447696049,0.033367273587842305,4.958629101720513,4.951294208235945,0.3216917863116595,4.749353227739698,5.159113966460214,4.453658504890294,5.51339272506051,0.4097607387205153,1.059734220170216,1.0,1.0,0.01389010955619674,0.021574892584239502,0.021574892584239502,0.00046547599002147265,0.0,1.0,0.01622366559135202,0.01580893906526193,0.01580893906526193,0.0002499225543691647,0.0,1.0,-0.36308309551825957,-0.37041798900282785,0.37041798900282785,0.1372094865768991,low,high,high
75,0.5015255283104705,0.25790966082535405,1.944578294219398,1.0,15,0.4464587262693206,strong,0.65716917920778,0.6586145467618113,0.04738810051830345,0.6266778289382277,0.6908068836789925,0.5719569695669482,0.7308561046635423,0.0641290547407648,0.15889913509659415,0.4071891806692711,0.4066532755763128,0.027859515912068148,0.38842260055999445,0.4263119046108136,0.3620445951752554,0.453379194111713,0.03788930405081914,0.09133459893645762,1.6148044213890589,1.613093044582462,0.06669729728915545,1.5712191580087986,1.6573975792286237,1.5067855925220162,1.7268445389601472,0.08617842121982511,0.22005894643813106,0.0,0.0,0.15564365089730947,0.15708901845134082,0.15708901845134082,0.0246769597180057,0.0,0.0,0.14927951984391707,0.14874361475095876,0.14874361475095876,0.022124662929181638,0.0,0.0,-0.3297738728303392,-0.33148524963693604,0.33148524963693604,0.1098824707268618,mid,mid,mid
76,0.8934899838548619,0.41864328706619125,2.134251310026603,1.0,30,0.5315057721450902,strong,0.8961432954377452,0.9041904337798083,0.04457101145150096,0.8733579664554441,0.9283476603543105,0.8143643374690219,0.9530945116443122,0.05498969389886643,0.13873017417529032,0.44362683919040763,0.4446405704297005,0.023370848764929855,0.42828819807903207,0.46030496812552485,0.40323424775471883,0.4809682062043274,0.03201677004649278,0.07773395844960856,2.021373575386829,2.018197562882959,0.06678117801672147,1.9746277253058546,2.0617725468810795,1.9215267082061067,2.1365443135581965,0.08714482157522485,0.2150176053520898,1.0,1.0,0.0026533115828832887,0.010700449924946454,0.010700449924946454,0.00011449962859628656,0.0,1.0,0.02498355212421638,0.02599728336350926,0.02599728336350926,0.0006758587422825954,0.0,1.0,-0.11287773463977402,-0.1160537471436438,0.1160537471436438,0.013468472226080812,high,mid,high
77,0.8070502527410852,0.3452047412043269,2.337888668404446,1.0,10,0.39383308152768726,strong,0.943464047832196,0.9510840654401496,0.03793890087530497,0.9323154277005627,0.9662903982912312,0.8798187175401014,0.9834259413983347,0.03397497059066845,0.10360722385823329,0.4806620627965276,0.4853279158849259,0.01733076028309321,0.47221125214391246,0.49366963507594974,0.44685482622969874,0.49897232648725826,0.02145838293203728,0.05211750025755951,1.9632572425294907,1.961148056881246,0.05661365228500555,1.9324385452369015,1.9935312093943223,1.8857162995298204,2.0517366428314836,0.06109266415742076,0.16602034330166315,0.0,0.0,0.13641379509111073,0.14403381269906435,0.14403381269906435,0.020745739200629148,0.0,0.0,0.1354573215922007,0.14012317468059898,0.14012317468059898,0.019634504082569657,0.0,0.0,-0.37463142587495524,-0.37674061152319993,0.37674061152319993,0.14193348837087463,mid,mid,high
78,0.963023973467558,0.36919312854119546,2.608455843348941,1.0,27,0.4568092212390368,strong,0.9412749531082579,0.9502719851069549,0.036947120682511235,0.9244104455368236,0.9671659756759303,0.8691657423023145,0.9827571650174705,0.04275553013910671,0.11359142271515599,0.3736971584418555,0.3714819925338206,0.02331869177730768,0.3572995587418932,0.3872815627675479,0.3399300039935738,0.41598441098488004,0.029982004025654707,0.07605440699130622,2.5252575125191243,2.5232068247655626,0.13762265769763213,2.4393933809585624,2.5993804619549477,2.31806275835793,2.742990735597549,0.15998708099638526,0.42492797723961884,1.0,1.0,-0.021749020359300042,-0.012751988360603095,0.012751988360603095,0.0001626132071489568,1.0,1.0,0.004504029900660067,0.002288863992625123,0.002288863992625123,5.238898376735819e-06,0.0,1.0,-0.08319833082981676,-0.08524901858337852,0.08524901858337852,0.007267395169429217,high,mid,high
79,0.7244515557601744,0.4365147889197625,1.6596266017766896,1.0,24,0.3313190026247981,strong,0.6761757591869175,0.6792591817095599,0.044725107846278984,0.6482538538907346,0.7078507251545166,0.5986677352095481,0.7438598857879115,0.05959687126378199,0.14519215057836343,0.4073294643162998,0.40739875752515464,0.026716729749398788,0.38963814156347065,0.426072248875598,0.36254577915816094,0.45134505949541226,0.03643410731212737,0.08879928033725132,1.6611233713517108,1.6576809164134314,0.06378312238791477,1.617077709145494,1.7004873320899385,1.5629621299834213,1.7751697559829764,0.08340962294444454,0.21220762599955512,0.0,1.0,-0.04827579657325687,-0.04519237405061449,0.04519237405061449,0.0020423506723306543,0.0,1.0,-0.02918532460346268,-0.029116031394607833,0.029116031394607833,0.0008477432841717889,1.0,1.0,0.0014967695750212062,-0.0019456853632582316,0.0019456853632582316,3.7856915327973166e-06,high,mid,high
80,0.1163444865615625,0.4899526564808805,0.23746067099057078,1.0,21,0.3692846106130818,strong,0.22658136153577493,0.20373563541496473,0.10371304808946653,0.1438018307151247,0.283001926863828,0.10479756162893406,0.4375506056581109,0.13920009614870332,0.3327530440291768,0.3251099923837112,0.34142511002472553,0.11570085300182796,0.24007863499190307,0.4222204248072406,0.10821612587256381,0.48145982944721416,0.18214178981533752,0.37324370357465037,0.7392458277269068,0.7176117869867088,0.27263042825622674,0.539649944393815,0.8966470475846688,0.3475103421272472,1.2170784000333144,0.35699710319085387,0.8695680579060672,0.0,1.0,0.11023687497421243,0.08739114885340223,0.08739114885340223,0.007637212897917505,0.0,0.0,-0.1648426640971693,-0.14852754645615496,0.14852754645615496,0.02206043205628527,0.0,0.0,0.5017851567363361,0.480151115996138,0.480151115996138,0.2305450941923368,high,low,low
81,0.6430970106654496,0.16018927046131448,4.014607275590014,1.0,15,0.465972031927514,strong,0.7094450935216221,0.7101273658611622,0.023744803039443936,0.6929286895010023,0.7258447097108247,0.6696642290714432,0.7472956740095216,0.03291602020982243,0.07763144493807839,0.21895696270400916,0.21875075330945007,0.008126710428803098,0.21337856414807777,0.22449481528936654,0.20596805426800116,0.2327117010492636,0.01111625114128878,0.026743646781262426,3.243315026760689,3.237713485994335,0.13501018371597945,3.1488725686535237,3.3309315958855934,3.027351790076901,3.470597993701398,0.18205902723206968,0.44324620362449707,0.0,0.0,0.06634808285617255,0.06703035519571265,0.06703035519571265,0.004493068517663403,0.0,0.0,0.05876769224269468,0.05856148284813559,0.05856148284813559,0.0034294472733724787,0.0,0.0,-0.7712922488293246,-0.7768937895956789,0.7768937895956789,0.603563960312335,low,high,mid
82,0.9110327551101042,0.07584698319650557,12.011456708169737,1.0,29,0.5199253172303338,strong,0.9249488827438704,0.9347977804757407,0.0459864052284882,0.9005407340419417,0.9589995434051144,0.837899918491269,0.979066348316656,0.058458809363172715,0.14116642982538696,0.08470538839200928,0.0844762384861629,0.005073350438045584,0.08121849612766693,0.08781727460351595,0.07681122317457723,0.0933092062976833,0.0065987784758490126,0.016497983123106075,10.964463756435105,10.947335389391924,0.9289593592735447,10.353987318505379,11.562017829881723,9.462234558046843,12.510203528633383,1.2080305113763448,3.04796897058654,1.0,1.0,0.013916127633766262,0.023765025365636516,0.023765025365636516,0.0005647764306293471,0.0,0.0,0.00885840519550371,0.008629255289657328,0.008629255289657328,7.446404685407898e-05,0.0,1.0,-1.046992951734632,-1.0641213187778131,1.0641213187778131,1.1323541810774322,low,high,high
83,0.4509485126057784,0.19875692108533954,2.2688443257387565,1.0,26,0.41916796598266626,strong,0.5090043815658323,0.5088973024536888,0.01242045454656335,0.5005467823934624,0.5169332865012832,0.4887518520729101,0.529806238398037,0.016386504107820832,0.04105438632512687,0.24024460485472476,0.24001583259073095,0.008371056101964414,0.2344066373299665,0.24548185962050456,0.22712869999709318,0.25459665578420787,0.011075222290538062,0.027467955787114695,2.1201605524262237,2.1189921698322793,0.05895121091609126,2.0805180393241516,2.1600467963645857,2.0243438708019075,2.219360412554677,0.07952875704043416,0.1950165417527696,0.0,0.0,0.05805586896005388,0.05794878984791041,0.05794878984791041,0.0033580622448372843,0.0,0.0,0.04148768376938522,0.041258911505391405,0.041258911505391405,0.0017022977786097192,0.0,0.0,-0.1486837733125328,-0.14985215590647716,0.14985215590647716,0.022455668629819136,low,mid,low
84,0.870572643637367,0.39551691261017763,2.2011009286356495,1.0,11,0.3826857146175616,strong,0.964559985543639,0.9721493386496152,0.042698893352120154,0.9569050582445856,0.9844595629312138,0.9173673196131641,0.9967931370825447,0.027554504686628234,0.0794258174693806,0.4871881364782475,0.4940932660409781,0.026138755683742854,0.48471039633460045,0.4982490333106764,0.45790605536534673,0.49985340237358783,0.013538636976075935,0.0419473470082411,1.996519936131645,1.975582215131348,0.46743433843077703,1.949234103853957,2.0003366394564015,1.905422094065295,2.057057910105405,0.0511025356024446,0.15163581604011012,0.0,0.0,0.093987341906272,0.1015766950122482,0.1015766950122482,0.010317824969611289,0.0,0.0,0.09167122386806986,0.09857635343080046,0.09857635343080046,0.009717297455714084,0.0,0.0,-0.20458099250400452,-0.22551871350430153,0.22551871350430153,0.05085869014063523,high,mid,high
85,0.5762864969087896,0.18638054356945627,3.091988497683674,1.0,27,0.3042636061066593,strong,0.5807865803043506,0.5808418718509603,0.013683251427596632,0.5716052856649217,0.589623799585119,0.5583829924206021,0.603119026446531,0.018018513920197265,0.04473603402592896,0.20622266641206558,0.2059801107937262,0.006576165421351099,0.2016274562367206,0.21057573180038358,0.1959533806099507,0.2174037166580566,0.008948275563662983,0.021450336048105895,2.818382854198785,2.8151536262809067,0.08983372372220308,2.7568454704932086,2.8777392764791605,2.675274117674311,2.968972480093011,0.1208938059859519,0.29369836241869995,1.0,1.0,0.004500083395560961,0.00455537494217062,0.00455537494217062,2.0751440863755982e-05,0.0,0.0,0.019842122842609305,0.01959956722426992,0.01959956722426992,0.0003841430353786757,0.0,0.0,-0.2736056434848888,-0.2768348714027673,0.2768348714027673,0.07663754602458671,low,high,mid
86,0.5294780196865052,0.2998598707442139,1.765751510438554,1.0,16,0.5449325794340152,strong,0.6636952456188048,0.6654402912724418,0.043730031945659234,0.635888458860334,0.6942326933058844,0.587783862973934,0.7309176504753102,0.05834423444555048,0.14313378750137618,0.4065537237667483,0.4059212565522881,0.026055037104535782,0.38905423455342564,0.42466499261434315,0.36438325125596643,0.4499951544988867,0.03561075806091751,0.08561190324292028,1.6333876602368436,1.6321333088633594,0.06125810343949373,1.5937242987892857,1.6706878884000078,1.5372442713319447,1.7351086742928703,0.07696358961072214,0.19786440296092556,0.0,0.0,0.13421722593229957,0.13596227158593654,0.13596227158593654,0.018485739294807967,0.0,0.0,0.10669385302253442,0.10606138580807423,0.10606138580807423,0.01124901755952917,0.0,0.0,-0.13236385020171038,-0.13361820157519455,0.13361820157519455,0.017853823792189322,mid,mid,mid
87,0.5202888303604661,0.1777022631303949,2.9278683410952797,1.0,28,0.5414560302344092,strong,0.5355791882624276,0.5356212622797081,0.011566370968287191,0.5280376303340147,0.5430035907778736,0.5164232461587097,0.5551138795810383,0.014965960443858894,0.03869063342232859,0.1920141896543384,0.19170595468200488,0.005974628203056279,0.18779653819969483,0.1960703678770449,0.1827686651373273,0.2023571987882885,0.008273829677350075,0.019588533650961193,2.791229540987608,2.790623950677403,0.08407643922516785,2.73496193279106,2.844937945450218,2.6549880071469985,2.9316438593910865,0.1099760126591578,0.27665585224408806,0.0,1.0,0.015290357901961427,0.01533243191924194,0.01533243191924194,0.00023508346855818907,0.0,0.0,0.014311926523943502,0.014003691551609992,0.014003691551609992,0.0001961033770726331,0.0,1.0,-0.1366388001076717,-0.13724439041787662,0.13724439041787662,0.018836022701174543,low,mid,mid
88,0.6998620344194997,0.3987768232085656,1.755021841009708,1.0,22,0.5385959850449946,strong,0.7254213172777966,0.7292043959892117,0.04553071803002252,0.6954959825978148,0.7579108672018021,0.6461653705047575,0.7942490514950374,0.062414884603987364,0.1480836809902799,0.4135884506687588,0.4135645346736597,0.025188888752766078,0.3959702083996253,0.4310340920299781,0.37166400205466593,0.45470411658093757,0.03506388363035279,0.08304011452627164,1.754713644435517,1.751677278329535,0.05941143691680799,1.7161885547660194,1.79268024121357,1.6601969644641534,1.8549192336127156,0.07649168644755067,0.19472226914856217,1.0,1.0,0.025559282858296895,0.02934236156971204,0.02934236156971204,0.000860974182487714,1.0,1.0,0.01481162746019321,0.014787711465094111,0.014787711465094111,0.00021867641037487582,1.0,1.0,-0.0003081965741911219,-0.0033445626801731354,0.0033445626801731354,1.1186099521606907e-05,high,mid,mid
89,0.39757296361371486,0.48933179807635274,0.8124813575913978,1.0,26,0.36379349497883895,strong,0.26544444178435994,0.24613652096333646,0.12076092456306561,0.1652612281705396,0.34673178042740155,0.10794103107925096,0.4916312533829402,0.18147055225686196,0.38369022230368927,0.35582082913390567,0.38084651672685854,0.10911641332293374,0.2841390466666127,0.44588680111295603,0.14417608895413522,0.4901746478213858,0.16174775444634332,0.3459985588672506,0.7656984426974525,0.7538218639334529,0.26535477212377423,0.5606602152627658,0.9498261920066617,0.347348147964684,1.1920236781942841,0.38916597674389597,0.8446755302296001,0.0,1.0,-0.13212852182935492,-0.1514364426503784,0.1514364426503784,0.022932996162601343,0.0,1.0,-0.13351096894244707,-0.1084852813494942,0.1084852813494942,0.011769056269478915,1.0,1.0,-0.04678291489394537,-0.05865949365794498,0.05865949365794498,0.0034409361962064876,high,low,low
90,0.826788013881755,0.4816598032027603,1.7165393673794054,1.0,11,0.4162224206536628,strong,0.7786346341425409,0.8100270213256423,0.10747839095443881,0.7505494083322031,0.8444638230509536,0.5500807169897527,0.8893680912882801,0.0939144147187505,0.3392873742985274,0.48149519759011256,0.4940813419258684,0.030543789709435304,0.4775176514185655,0.49896226002069644,0.4203527442373497,0.49997252372243295,0.021444608602130932,0.07961977948508325,1.6128315016479078,1.648835745202088,0.17796403378438785,1.5545762901199445,1.721247173584859,1.2829375279789126,1.8134372398918492,0.16667088346491443,0.5304997119129367,1.0,1.0,-0.048153379739214186,-0.01676099255611274,0.01676099255611274,0.0002809308714660667,1.0,1.0,-0.0001646056126477502,0.012421538723108083,0.012421538723108083,0.0001542946242496736,1.0,1.0,-0.1037078657314976,-0.06770362217731729,0.06770362217731729,0.00458378045592893,high,mid,high
91,0.10645437907187422,0.33505321283106376,0.31772379728096883,1.0,18,0.5495371508277846,strong,0.24180359190802142,0.2232627097051642,0.10118982334514073,0.16056316537853027,0.30761395401208486,0.1089600473538991,0.4343729806601373,0.14705078863355459,0.3254129333062382,0.34148310585944963,0.3574278090176257,0.10238335703065124,0.274737627587329,0.4241496142194039,0.14800984504380488,0.47955309409141733,0.1494119866320749,0.33154324904761245,0.7299684436350197,0.7264397838452072,0.2352638844831105,0.5670483037181087,0.8780189196590671,0.3503136196436036,1.1053123852359132,0.31097061594095843,0.7549987655923096,0.0,0.0,0.1353492128361472,0.11680833063328999,0.11680833063328999,0.013644186105335993,1.0,1.0,0.006429893028385869,0.022374596186561957,0.022374596186561957,0.0005006225545117129,0.0,0.0,0.41224464635405084,0.4087159865642384,0.4087159865642384,0.1670487576731787,mid,low,low
92,0.3023309557531372,0.09611281839428881,3.145584125031778,1.0,16,0.5800808542322011,strong,0.3442056164338712,0.34398424637714786,0.011182576302586757,0.3360127069358435,0.3517025058033065,0.3263228807193411,0.3629020034181554,0.015689798867462967,0.036579122698814304,0.14370320256197153,0.14346369460172675,0.007826718439966967,0.13853533805443674,0.1485689326717648,0.13129112017452194,0.1570603564436981,0.010033594617328057,0.025769236269176155,2.4005691279846855,2.4030733084230738,0.121158226933753,2.3165539700751228,2.4788381355607907,2.2066797263457287,2.60416002893103,0.16228416548566793,0.3974803025853011,0.0,0.0,0.04187466068073403,0.041653290624010686,0.041653290624010686,0.0017349966198082964,0.0,0.0,0.047590384167682714,0.04735087620743794,0.04735087620743794,0.0022421054776121125,0.0,0.0,-0.7450149970470927,-0.7425108166087044,0.7425108166087044,0.5513223127809251,low,high,low
93,0.5837482670716848,0.05212069668666211,11.199932160942666,1.0,19,0.45212173717133497,strong,0.6219433466971375,0.6219196219648553,0.02512581549117485,0.6044643593364056,0.6391321477992932,0.5799041401782722,0.6624091814167238,0.03466778846288754,0.08250504123845159,0.08251692603824361,0.08216373050590416,0.00443849433152963,0.07943398049323916,0.08523955868883859,0.0758289956376139,0.09029597716626017,0.005805578195599431,0.01446698152864627,7.558745847683393,7.543256711258623,0.5083133415308799,7.200628991517103,7.897675478273838,6.764774866427062,8.423741333197233,0.6970464867567348,1.6589664667701713,0.0,1.0,0.038195079625452655,0.03817135489317047,0.03817135489317047,0.0014570523343803694,0.0,0.0,0.030396229351581497,0.030043033819242046,0.030043033819242046,0.0009025838810641213,0.0,0.0,-3.641186313259273,-3.656675449684043,3.656675449684043,13.371275344321997,low,high,mid
94,0.6329554610636837,0.13358610507573315,4.738183366487451,1.0,10,0.3536969664047246,strong,0.7722937516320094,0.773461863749504,0.03248363979766926,0.7511888165416878,0.7951423427026786,0.7181513065684203,0.8235992004493695,0.0439535261609908,0.10544789388094922,0.2693803018086549,0.26861929605495505,0.011974042973199176,0.26128680816778305,0.27675040100667425,0.25057824557493585,0.2897992521738777,0.015463592838891205,0.03922100659894184,2.869955587475165,2.864261184495011,0.12662205252251835,2.7879441233060858,2.9517672423305443,2.665161224538436,3.090191008072966,0.16382311902445856,0.42502978353453,0.0,0.0,0.1393382905683257,0.14050640268582026,0.14050640268582026,0.01974204919570988,0.0,0.0,0.13579419673292176,0.1350331909792219,0.1350331909792219,0.018233962666031014,0.0,0.0,-1.8682277790122863,-1.87392218199244,1.87392218199244,3.5115843441633077,low,high,mid
95,0.7439202550998762,0.46813178063454686,1.589125724580163,1.0,19,0.4954785066119801,strong,0.7762925378380655,0.7899354399347961,0.06274596052543441,0.7451674889921667,0.8205738416584565,0.6576134936346788,0.8533719427097958,0.07540635266628981,0.19575844907511697,0.46166070081630767,0.46622247706135733,0.026437074986220648,0.44717036813463934,0.48214683545687287,0.4116394373139725,0.49535850056620573,0.03497646732223353,0.08371906325223322,1.680367280040114,1.6899700261097623,0.07926490525499515,1.6414383559348968,1.729411920186065,1.5349676795234641,1.793115983911556,0.08797356425116809,0.2581483043880919,0.0,1.0,0.03237228273818926,0.04601518483491984,0.04601518483491984,0.002117397235391837,1.0,1.0,-0.006471079818239189,-0.0019093035731895247,0.0019093035731895247,3.6454401345942868e-06,0.0,1.0,0.09124155545995083,0.10084430152959922,0.10084430152959922,0.010169573150992728,high,low,high
96,0.49366895263188737,0.10825757104750955,4.560133280796014,1.0,17,0.38249226508009215,strong,0.5842646500599978,0.5845671301349615,0.015012109488591687,0.5739778294931728,0.5944250185295381,0.5598308856141039,0.6095702404486351,0.020447189036365332,0.04973935483453118,0.1734443517184331,0.17328243791779951,0.0060278411892934584,0.1693592686083012,0.17738738008186294,0.1637188137925347,0.18363748186327983,0.00802811147356175,0.019918668070745132,3.371772404775062,3.3710870524083383,0.12338090023594077,3.289860176960231,3.452135996162867,3.171337994143242,3.57712547015653,0.16227581920263612,0.405787476013288,0.0,0.0,0.09059569742811047,0.09089817750307416,0.09089817750307416,0.008262478673380378,0.0,0.0,0.06518678067092354,0.06502486687028997,0.06502486687028997,0.004228233311498934,0.0,0.0,-1.1883608760209525,-1.1890462283876762,1.1890462283876762,1.4138309332429577,low,high,mid
97,0.8038909102494669,0.2568870271459724,3.1293558074175047,1.0,17,0.35046095977681857,strong,0.8795061663915177,0.8836645999800762,0.03832903196638569,0.8565278373354436,0.9071098725543129,0.8097667027465717,0.9347006212036026,0.05058203521886928,0.12493391845703095,0.30003062012971804,0.29854531419799346,0.015490754782112816,0.2895585092051236,0.30964204265393724,0.27737556136150526,0.3273191745039467,0.02008353344881364,0.049943613142441445,2.9362727635920063,2.9238787675027123,0.15189831089480701,2.831074860725714,3.035443506234386,2.704778295220805,3.193359944990173,0.20436864550867195,0.488581649769368,0.0,0.0,0.07561525614205078,0.07977368973060928,0.07977368973060928,0.006363841573235516,0.0,0.0,0.04314359298374565,0.04165828705202107,0.04165828705202107,0.0017354128801085862,0.0,1.0,-0.19308304382549846,-0.2054770399147925,0.2054770399147925,0.042220813932145225,mid,high,high
98,0.7966156676705138,0.2867688381971291,2.777901785559101,1.0,17,0.39070472748422724,strong,0.8402768941319844,0.8431984880881,0.038680320625898344,0.8172759159671709,0.8664572079000553,0.7711277763920752,0.8986134805496658,0.04918129193288445,0.12748570415759064,0.3278341880570607,0.3263616447684762,0.016320580367946053,0.31689178894331615,0.3375725620505222,0.3033770102835945,0.35600843037922675,0.020680773107206063,0.052631420095632264,2.5659095675849324,2.5613128538158207,0.11217137761199546,2.4866664242371304,2.6371664834125053,2.393009854002508,2.7614975867575495,0.1505000591753749,0.36848773275504154,0.0,1.0,0.043661226461470526,0.04658282041758621,0.04658282041758621,0.002169959158057087,0.0,0.0,0.0410653498599316,0.03959280657134706,0.03959280657134706,0.001567590332196103,0.0,0.0,-0.21199221797416845,-0.2165889317432801,0.2165889317432801,0.04691076535369524,mid,mid,high
99,0.5333193990589671,0.44901721715923226,1.187748216946076,1.0,13,0.3624437339020607,strong,0.37950034151910794,0.382934791257048,0.1350557174988125,0.27308374366326965,0.4793172803023428,0.1623189889127227,0.5969658240047993,0.20623353663907312,0.4346468350920766,0.3929912963837565,0.41597205336704046,0.08684033376423875,0.3507899954558874,0.46028553661426175,0.21812656668672903,0.4921108278761073,0.10949554115837434,0.2739842611893783,0.9662910400822795,0.990033661445711,0.25482786835912263,0.7966435962808629,1.1495990721357485,0.5056529752689856,1.3438024184220545,0.3529554758548856,0.8381494431530689,0.0,1.0,-0.15381905753985914,-0.1503846078019191,0.1503846078019191,0.022615530263737024,1.0,1.0,-0.056025920775475746,-0.0330451637921918,0.0330451637921918,0.001091982850052784,0.0,1.0,-0.2214571768637965,-0.19771455550036499,0.19771455550036499,0.039091045456706906,high,low,mid
